0.9329729589271079,0.42857142857142855,0.28074354535592866,0.482446564291287,0.5,0.3224848826614192,0.46175935973712334,0.25709671216598506,0.7413389729132462,0.7167726504675554,0.9004928367120781,0.3,0.7128629339797423,0.0114065923670047,0.166666667,0.8249999890274999,0.9179903369998941,0.39285714285714285,0.21844357204341966,0.7843623117598875,0.4594594594594595,0.22660238230931942,0.8711684320495465,0.729812530714246,0.5378274502155908
0.8132751675616439,0.2857142857142857,0.10201124190348594,0.16333999085070813,0.1875,0.12246863280533511,0.15841026393408456,0.06202137570052569,0.5349038294594461,0.32520937963257524,0.6373212254291674,0.0,0.08105038661092975,0.18903760287537394,0.166666667,0.6769230744353847,0.8007594897065062,0.21703296703296707,0.046057036431270584,0.5793755794322777,0.37162162162162166,0.09723010022680745,0.6683688049583758,0.5117654459602425,0.33297734104189813
0.7929041997303312,0.42857142857142855,0.1362829606963616,0.23901824819161374,0.25,0.15764892632561314,0.2111590314791387,0.07956283614290156,0.5807425226646452,0.3563905943427308,0.5753924113536157,0.0,0.44153813304175205,0.04749561174044419,0.3,0.6769230744353847,0.7880106004116323,0.3901098901098901,0.06909277875363833,0.6448310629716063,0.45270270270270274,0.19719228588193966,0.6756021119007576,0.5448646720170023,0.41064248445916396
0.9507956280566454,0.5714285714285714,0.20825427309086625,0.323712024476226,0.375,0.26024726391274183,0.36319622862799356,0.21997838090808502,0.7609893594811801,0.5674535101751635,0.7444468882710369,0.23333333333333334,0.7068695842680007,0.01857325642571501,0.142857143,0.8249999890274999,0.9179649088423405,0.3543956043956044,0.2004034532286949,0.78662696173958,0.4662162162162163,0.2217810550261424,0.9508847215129981,0.7438209474196456,0.5354125776585622
0.8226886776316149,0.2857142857142857,0.0976646147592306,0.23129597702122004,0.1875,0.10931113309968896,0.15210959535288696,0.019067591633114226,0.49973514922442713,0.30541907511717725,0.5957766473835321,0.0,0.004553291074066728,0.3059455783126503,0.666666667,0.6769230744353847,0.5188245911806397,0.14010989010989014,0.013414006349874162,0.5309824515353745,0.4391891891891892,0.16713934583287407,0.6514005162632288,0.4787633854790387,0.30307969859807193
0.809494494839702,0.2857142857142857,0.08562445629388135,0.13099949142546416,0.125,0.10049675075403684,0.10816364099105846,0.007125839649021828,0.4978280504082127,0.204924984197942,0.367426726133819,0.0,0.0,0.152374093089146,1.0,0.6769230744353847,0.47192257302805407,0.14285714285714288,0.007026384278840102,0.5264749416564045,0.4391891891891892,0.19285309132708037,0.6510116791672329,0.46762171791092205,0.30028243147175526
0.8797189862532664,0.2857142857142857,0.1845255615732616,0.4431467170527783,0.4375,0.22304545365039002,0.366984687794898,0.13754979863191702,0.6092641931072924,0.7359620796000065,0.9427159908572991,0.26666666666666666,0.11545258341815233,0.36071942928796097,0.214285714,0.6769230744353847,0.8555484175925808,0.19780219780219782,0.08907368369714168,0.644381888029065,0.445945945945946,0.17184587957946243,0.7817405847547751,0.6210185168850775,0.39395209674931
0.6495475501851607,0.0,0.03710509170584295,0.007164034700762642,0.0,0.04228852237247356,0.020482767017990525,0.012098916724047734,0.47708073302662296,0.027523572585254535,0.042731566310283076,0.0,0.0,0.08204946984066772,0.0,0.6769230744353847,0.007779734608947653,0.1263736263736264,0.0,0.5078085368094156,0.20945945945945948,0.03374929098223906,0.6479009823992656,0.43261097579470426,0.2593057806431476
0.8875846253837159,0.2857142857142857,0.16416564700106345,0.1689409634107133,0.1875,0.1795546109796245,0.17818502388975235,0.08084864521896475,0.6663331188617834,0.23566911266006793,0.5067525507168252,0.0,0.10247670038317398,0.01530015781298905,0.333333333,0.8249999890274999,0.7662753321241921,0.4752747252747253,0.03909193996496227,0.6853273425168782,0.4662162162162163,0.17035356398951657,0.78643942339675,0.6072236922253063,0.46743471635499523
0.9357194367284732,0.5714285714285714,0.3299691194458394,0.2941264037536602,0.3125,0.3440783075263559,0.2962410798554943,0.1709379062497649,0.7621014499007253,0.32045098373721403,0.4831253483819815,0.0,0.20391697056357183,0.056008661613867604,0.4,0.8249999890274999,0.8454623228789294,0.7087912087912089,0.10061547430404506,0.7676879965218562,0.918918918918919,0.4020986954169626,0.7968864923614594,0.6847679722542961,0.6304738618993496
0.5811545586285058,0.0,0.024986702456592232,0.05014824281937003,0.0625,0.03247447334088078,0.05224953107001027,0.013242312611522878,0.34947196818374643,0.20213621884649327,0.64097349614985,0.06666666666666667,0.02484645534278389,0.10764472931364545,0.0,0.5499999849849999,0.5679206623022083,0.049450549450549455,0.00614808624398509,0.3866089845088066,0.033783783783783786,0.014463981849531028,0.4964700150381576,0.3296345630440492,0.1669325412891901
0.7810435227553943,0.2857142857142857,0.0589903548292598,0.13611665905658488,0.125,0.0690334813716928,0.09985878372846271,0.019053314121446306,0.4331886254847452,0.20009074598953033,0.486665062126972,0.0,0.019369989366165487,0.12197805743106607,0.333333333,0.6769230744353847,0.6396671084259169,0.11813186813186814,0.02000846570747963,0.46722069905147007,0.3648648648648649,0.0803554547356879,0.5601783965857292,0.4111426259489806,0.24829949622882777
0.6901052743927012,0.2857142857142857,0.059804285075149295,0.14737442785364718,0.1875,0.08832299972092865,0.14045897238257646,0.0489193745488184,0.4144938396764381,0.4503930750105063,0.705718294065547,0.0,0.24474261910528672,0.04077879329728242,0.166666667,0.34374999350312496,0.772099016524052,0.09340659340659341,0.04170939778075207,0.445346619634484,0.20945945945945948,0.07473057288924363,0.5921473645745983,0.42465351714736715,0.22809670067836071
0.8200628638891714,0.2857142857142857,0.13477880328309763,0.3596345412733434,0.375,0.17203072099365468,0.3128670455784657,0.12584834611638174,0.5865078961997707,0.6966006756585514,0.9323956408063834,0.23333333333333334,0.6688528971630682,0.2844455861365194,0.095238095,0.4400000018479999,0.8910178238568425,0.2472527472527473,0.1539062051447704,0.6389341600379179,0.2364864864864865,0.1118088755647138,0.7696538412888778,0.5872484388784522,0.3686022545216907
0.7312973471103903,0.2857142857142857,0.05730553985778739,0.09722618503427716,0.125,0.08315698138407429,0.10085150504002549,0.026144357278037253,0.42225868680640527,0.2881975743320865,0.5056568691267193,0.0,0.15559705209312116,0.04077879329728242,0.333333333,0.34374999350312496,0.6465118636403321,0.10164835164835165,0.018854131149392005,0.4560785915453674,0.20945945945945948,0.0803554547356879,0.6014794548785003,0.4256643115839874,0.23267970916907757
0.4961340766514061,0.0,0.017584678922308212,0.05014824281937003,0.0625,0.025425089170459145,0.046446799410851065,0.01302632892574564,0.27385507929325276,0.24306194141947304,0.64097349614985,0.06666666666666667,0.02484645534278389,0.10764472931364545,0.0,0.2588235128341174,0.5679206623022083,0.038461538461538464,0.00614808624398509,0.3001097510816851,0.033783783783783786,0.014463981849531028,0.43778372224850903,0.27765833661532485,0.12019002205423981
0.5002484281851234,0.14285714285714285,0.028456557166306504,0.09313245093797745,0.125,0.047193610095764685,0.08225266475567475,0.028630161017442222,0.2816416210195937,0.38761644442914567,0.7798510872191216,0.1,0.17211451698038063,0.10764472931364545,0.0,0.2588235128341174,0.7546343052400557,0.05219780219780221,0.020142301598170567,0.3063948709447328,0.05405405405405406,0.024106636415885042,0.4411099190937755,0.2942861525017037,0.13113360337243
0.5847009491784018,0.0,0.025503577929453635,0.004093734096299706,0.0,0.03145947927976906,0.01690658441870127,0.008738480786949419,0.3866510951773397,0.047374021378832176,0.08012168692525601,0.0,0.0,0.08000183619224432,0.0,0.34374999350312496,0.007779734608947653,0.06868131868131869,0.0,0.4193877220559565,0.10810810810810811,0.024106636415885042,0.572499379266082,0.366340252004174,0.19073892313913424
0.6532032704306036,0.14285714285714285,0.041988699004296,0.13304635845212193,0.125,0.0524688130230429,0.09580236608308015,0.015564526265717978,0.3917427880228645,0.31418236123410004,0.7157537373797959,0.1,0.02484645534278389,0.21994553799376446,0.333333333,0.34374999350312496,0.560934777340497,0.06593406593406594,0.009954044393852415,0.4264639183891788,0.20945945945945948,0.05464170919326834,0.5735347165939744,0.38744426586704445,0.1994932083761611
0.6529129638344171,0.14285714285714285,0.03750800076192201,0.06140601161643237,0.0625,0.048156730258472794,0.05635364122506067,0.002337116459251494,0.3913427279833555,0.16685119738179474,0.35847036244832065,0.0,0.0,0.21994553799376446,1.0,0.34374999350312496,0.2643522226827799,0.06868131868131869,0.0035131921394200515,0.4242147026950877,0.20945945945945948,0.08678389109718616,0.5731880425565805,0.3786368661761546,0.1999476277400943
0.8382974239971399,0.5714285714285714,0.1688057455087931,0.3919068119080248,0.3125,0.15724843812450406,0.2478340319277244,0.04860852940524222,0.5514364563457437,0.3016161788864835,0.5324124370468055,0.0,0.29097028165425376,0.046340221429459184,0.533333333,0.34374999350312496,0.7895495271152493,0.34615384615384615,0.08242218712763433,0.6276423517447454,0.9459459459459459,0.3821705426625687,0.6517893533592247,0.5287570564577813,0.4274676187851941
0.871063688028898,0.2857142857142857,0.11390419729254483,0.15271489006402347,0.1875,0.13963764928863936,0.18813820573597653,0.1175476436666447,0.7013424607656653,0.3200791483570209,0.6149137150018685,0.13333333333333333,0.7358336203201447,0.1297342151114253,0.0,0.5499999849849999,0.8479911261488386,0.32142857142857145,0.07175019329811506,0.7314088320869365,0.43243243243243246,0.1012478729467172,0.9178241987847671,0.6608122138396917,0.4516251105875644
0.49370653631243855,0.0,0.008925660849942865,0.0,0.0,0.014330446708982038,0.009343690252972693,0.004016209294423948,0.20651305448319585,0.07231763138971489,0.26707229000012067,0.0,0.0,0.07181137321291284,0.0,0.34374999350312496,0.007779734608947653,0.019230769230769232,0.0,0.23209483744795573,0.013513513513513514,0.004821327283177008,0.3586202373311722,0.2160514287722461,0.0830008109010448
0.6877307025501319,0.14285714285714285,0.04165674915813452,0.10459490640761662,0.125,0.05869484958557389,0.08860749412674057,0.035257460777317735,0.32239373254788,0.3255753518913106,0.7032903635922041,0.1,0.14449319916588707,0.22947812573326393,0.0,0.4400000018479999,0.7546343052400557,0.08516483516483517,0.023421280930638076,0.3546109891048061,0.14864864864864868,0.03374929098223906,0.4915978393774858,0.3455624461961337,0.1646343654738883
0.7370920942491421,0.2857142857142857,0.07400299221682678,0.2048913920463567,0.25,0.1087020410756332,0.16471298016866975,0.0766896083887495,0.32314683516715664,0.5433059607518866,0.782872511076986,0.0,0.31445293213157227,0.02746926410048297,0.1,0.5499999849849999,0.8439456640177518,0.1318681318681319,0.0879747923629844,0.3586593028892115,0.1891891891891892,0.08581962564055076,0.48737216394871097,0.36868580150697644,0.1913773953206703
0.6250343404459275,0.14285714285714285,0.06032449255740647,0.18913051572187262,0.1875,0.08021213846926877,0.11878982598170906,0.029965751231691668,0.2853068256981017,0.4050437218641094,0.6908269905524147,0.0,0.22271903536321572,0.23530270083898733,0.333333333,0.4400000018479999,0.6729470862446947,0.09615384615384616,0.027446813589219153,0.3165071183627262,0.19594594594594594,0.09321232745868441,0.4399996252172571,0.31356956416613696,0.16101977412688231
0.5840186968756151,0.14285714285714285,0.0822221871444331,0.28369577358280884,0.3125,0.1146676813121886,0.1779687942580632,0.061013580438659065,0.23803424548677082,0.7007803247261448,0.9685821719431554,0.4,0.15355975423310825,0.23530270083898733,0.133333333,0.34374999350312496,0.851016578372287,0.09065934065934067,0.054234903652297044,0.27204621713198057,0.19594594594594594,0.07778408015251798,0.37538239551759855,0.2871387526731613,0.13839443663575993
0.6489076095234234,0.42857142857142855,0.09336345706173402,0.33814243721403964,0.3125,0.11713231656109634,0.19488995824522745,0.06928384355855575,0.30041692404468917,0.6112954737080611,0.7716500794980894,0.0,0.3005637072409586,0.005969271924352031,0.266666667,0.4400000018479999,0.7731932955172931,0.12087912087912088,0.09290441433793828,0.33435693977813136,0.27702702702702703,0.14913972394353775,0.44809961725312353,0.3543710206240202,0.19541963096760515
0.5335191047720153,0.14285714285714285,0.03298123771719128,0.06304350525495228,0.0625,0.04131149821012093,0.03911466435807889,0.001930554497933896,0.18791095220940496,0.17313646358453091,0.32938915744247477,0.0,0.0,0.14930266052010144,1.0,0.34374999350312496,0.30924446975046627,0.049450549450549455,0.0035131921394200515,0.20793701647305846,0.14189189189189189,0.08678389109718616,0.31924462538122444,0.20406391633648308,0.09620078395598322
0.6308950624454631,0.14285714285714285,0.02414079260971142,0.057312277477148475,0.0625,0.033364757165613115,0.04992824874118703,0.017172126742546163,0.31069271713666086,0.17424667400250335,0.44155951928739356,0.0,0.22308513956279014,0.14347808541437806,0.0,0.5499999849849999,0.5679206623022083,0.06043956043956045,0.008490214338102854,0.3387600853198563,0.10810810810810811,0.024106636415885042,0.4728118543781652,0.3158196274046298,0.14992202540883232
0.41440668275000747,0.0,0.014624119407856111,0.005731227734819579,0.0,0.017773295744949305,0.006561445098619313,0.006562209909570182,0.14462576447383274,0.06419531684119223,0.10682891614960888,0.0,0.0,0.08614470133033346,0.0,0.2588235128341174,0.007779734608947653,0.046703296703296704,0.0,0.16336854254142325,0.08108108108108109,0.019285309132708033,0.2658849323282909,0.15757486566627316,0.06862929626527434
0.41625371469781824,0.14285714285714285,0.021243457666148883,0.06304350525495228,0.0625,0.026981051501138893,0.03611019650335836,0.016815438556062184,0.15226770133015116,0.1963222719557822,0.37924265184503947,0.0,0.07423758557533465,0.22947812573326393,0.0,0.2588235128341174,0.5679206623022083,0.06318681318681318,0.008782980348550129,0.17292700470956474,0.0945945945945946,0.03374929098223906,0.2670795523220134,0.17405863624775236,0.08175607047518649
0.41440668275000747,0.0,0.014624119407856111,0.005731227734819579,0.0,0.017773295744949305,0.006561445098619313,0.006562209909570182,0.14462576447383274,0.06419531684119223,0.10682891614960888,0.0,0.0,0.08614470133033346,0.0,0.2588235128341174,0.007779734608947653,0.046703296703296704,0.0,0.16336854254142325,0.08108108108108109,0.019285309132708033,0.2658849323282909,0.15757486566627316,0.06862929626527434
0.7883461817992276,0.2857142857142857,0.05128612702314347,0.15904157003884742,0.1875,0.07661710721443625,0.1331886434489735,0.04008890851075853,0.3778067408782097,0.3525661369557085,0.709225303419838,0.0,0.1034184221709663,0.041802628025084644,0.166666667,0.4400000018479999,0.7541480715469261,0.08791208791208792,0.04400691393121429,0.4100540187316725,0.24324324324324326,0.06910569104279936,0.5179263270822696,0.37949184718586343,0.20355470003131879
0.802643965450737,0.2857142857142857,0.05257902379168912,0.15044472841512593,0.1875,0.083362473399235,0.14293228847251754,0.04057129344956505,0.43076200275949733,0.362339582159921,0.7567048220409096,0.0,0.1297919699932059,0.0704692842599259,0.166666667,0.5499999849849999,0.7541480715469261,0.08241758241758242,0.03858656031958626,0.46643433364730896,0.2364864864864865,0.057855927398124105,0.6061923478733424,0.43263356300698147,0.2251151124849952
0.7565625974695945,0.2857142857142857,0.04004314801019549,0.11462455499728114,0.125,0.056316146981722284,0.08968949068332754,0.01629933436385408,0.34478541572212756,0.24237898233611724,0.569754218966045,0.0,0.009739303972539885,0.07181137321291284,0.333333333,0.4400000018479999,0.6145990733167406,0.06318681318681318,0.01780017350756599,0.37197827235924247,0.24324324324324326,0.06107014560297987,0.4900893388363934,0.3403406854784888,0.17409339834317075
0.7663710826724509,0.2857142857142857,0.06865593400914145,0.22924910995157807,0.25,0.09442443666130741,0.16608405312512534,0.050033129448203206,0.3557914976611231,0.47077820265444303,0.7656072317823606,0.0,0.1626910450632367,0.11346930441936884,0.2,0.34374999350312496,0.7838861091173392,0.10164835164835165,0.06357204825385422,0.3798488171469567,0.25000000000000006,0.09449801475026938,0.4534683800484407,0.3552409048123691,0.2076953088883183
0.7165890555467446,0.14285714285714285,0.03077479162467961,0.06447631217791111,0.0625,0.03880829825010067,0.05068996420483888,0.017237702483782234,0.3277606599480291,0.1407417718655658,0.44155951928739356,0.0,0.040872206389247,0.25097811790939484,0.0,0.4400000018479999,0.5679206623022083,0.07692307692307693,0.008490214338102854,0.36414396626515083,0.14864864864864868,0.024106636415885042,0.4531872929910943,0.3172564922749885,0.16607021395623878
0.7794367244496732,0.14285714285714285,0.05403679338273775,0.09886367867279702,0.125,0.07531567030745047,0.11510900592565684,0.04923183357467163,0.5393721390284745,0.26565273752923524,0.6469084359774839,0.1,0.1549073613214769,0.12197805743106607,0.0,0.6769230744353847,0.7546343052400557,0.12912087912087913,0.025495737239860775,0.5698619671502247,0.2364864864864865,0.04339194554859308,0.7350004919023505,0.5160806722356066,0.2958895236593644
0.736673416660599,0.14285714285714285,0.026483767114216565,0.054446663631230775,0.0625,0.03910061617237813,0.05560273275241711,0.022485182040688296,0.3801771831320198,0.15119515002593012,0.3560963866668275,0.0,0.03085830274378414,0.12197805743106607,0.0,0.4400000018479999,0.5679206623022083,0.07142857142857144,0.00895863995552113,0.41661534236905223,0.20945945945945948,0.03374929098223906,0.5431257817733783,0.37039612957538376,0.1914344797471191
0.49613361580139526,0.14285714285714285,0.023115454900641694,0.11462455499728114,0.125,0.03134408985732132,0.07625243348532695,0.007519351453297976,0.2424356891133042,0.3568231413999545,0.7656072317823606,0.1,0.02484645534278389,0.1421359964613911,0.333333333,0.18333333602833335,0.5610053416540042,0.027472527472527472,0.009368512372957867,0.2615527945178217,0.08108108108108109,0.03535640007502429,0.3702244480152912,0.25053799729314025,0.11169441108571249
0.34324013251683216,0.0,0.003309669129146383,0.014328069358541064,0.0,0.001956216780969253,0.006414257335375824,0.0017887561401449766,0.15038070658080777,0.08125397415611715,0.26707229000012067,0.0,0.0,0.21514476180866224,0.0,0.11578946687578928,0.007779734608947653,0.013736263736263738,0.0,0.1646182187743635,0.013513513513513514,0.004821327283177008,0.26172484387956363,0.14829517688265587,0.05660032094739875
0.49613361580139526,0.14285714285714285,0.023115454900641694,0.11462455499728114,0.125,0.03134408985732132,0.07625243348532695,0.007519351453297976,0.2424356891133042,0.3568231413999545,0.7656072317823606,0.1,0.02484645534278389,0.1421359964613911,0.333333333,0.18333333602833335,0.5610053416540042,0.027472527472527472,0.009368512372957867,0.2615527945178217,0.08108108108108109,0.03535640007502429,0.3702244480152912,0.25053799729314025,0.11169441108571249
0.6179845447092884,0.2857142857142857,0.04235363559146169,0.1318182382447241,0.125,0.04918477888544708,0.09286934847669642,0.01688272735918951,0.36792170918750405,0.2985155333000711,0.5578843393107771,0.0,0.09878226661459928,0.09913597630194822,0.333333333,0.2588235128341174,0.5610053416540042,0.11263736263736264,0.019406204199370416,0.3892124799836763,0.10135135135135136,0.06749858196447812,0.5050853333458261,0.36378944743006764,0.20190353195206265
0.12880774858505184,0.0,0.001762041455518908,0.0,0.0,0.002593824317955547,0.003357024470424814,0.0018680465397143296,0.08652769035484514,0.09737226244239483,0.39170602563263124,0.0,0.0,0.07181137321291284,0.0,0.2588235128341174,0.007779734608947653,0.002747252747252748,0.0,0.10163484147576268,0.0,0.0,0.15990105735581406,0.08271176216384218,0.029011958643315655
0.24761484766585784,0.0,0.01958037642594576,0.057312277477148475,0.0625,0.022443073614154263,0.03561136195955541,0.009300826344679656,0.16011429016885453,0.23956922322719068,0.6908269905524147,0.06666666666666667,0.02484645534278389,0.21514476180866224,0.0,0.34374999350312496,0.5679206623022083,0.03571428571428571,0.0058553202335378165,0.18357057345550293,0.013513513513513514,0.009642654566354018,0.24561387070932328,0.15850216937735534,0.0699728637096855
0.38240139686852914,0.14285714285714285,0.04489844561118034,0.10254803938095886,0.125,0.05979366209906087,0.07833173877311875,0.02062704004628625,0.26413229240030617,0.3019010131095613,0.5152067269445415,0.0,0.04959231720122878,0.010064503414017776,0.333333333,0.4400000018479999,0.6668010956347582,0.1043956043956044,0.017175606015332832,0.2928781200362532,0.29054054054054057,0.08678389109718616,0.34984563635767385,0.2604313829320318,0.15367613374872777
0.34324013251683216,0.0,0.003309669129146383,0.014328069358541064,0.0,0.001956216780969253,0.006414257335375824,0.0017887561401449766,0.15038070658080777,0.08125397415611715,0.26707229000012067,0.0,0.0,0.21514476180866224,0.0,0.11578946687578928,0.007779734608947653,0.013736263736263738,0.0,0.1646182187743635,0.013513513513513514,0.004821327283177008,0.26172484387956363,0.14829517688265587,0.05660032094739875
0.6973102129279125,0.2857142857142857,0.09584895759899348,0.22065226832785664,0.25,0.114684265098015,0.17364222034259508,0.04485473923651493,0.3929113861642652,0.4738512348301188,0.8587857858797298,0.16666666666666666,0.09762009148165052,0.0704692842599259,0.2,0.5499999849849999,0.7930475254281182,0.1043956043956044,0.04252635435663133,0.44108997458077687,0.20945945945945948,0.07714123653083214,0.5116252922134201,0.3894788226301122,0.2253443171688029
0.657631689009613,1.0,0.2593609568964954,0.7866110085705156,0.625,0.2338430864767105,0.4426013146638683,0.08326830992533636,0.5023711664944324,0.5879854049884949,0.8193208396124776,0.0,0.2686837392385173,0.005178148066202751,0.527272727,0.5499999849849999,0.8406329536020727,0.271978021978022,0.14857265769783423,0.6185687530283581,0.9864864864864865,0.5647089154726237,0.5091283021873259,0.5890041973489806,0.4530251039215717
0.6962543945393489,0.2857142857142857,0.09188505154896932,0.1874371984492849,0.1875,0.10159469505019386,0.13844095507054938,0.027338731020084005,0.43075838836340014,0.2890197352668268,0.5388925315632275,0.0,0.02895572193117401,0.15755517734419497,0.5,0.5499999849849999,0.6451110654489205,0.29120879120879123,0.02609027744725959,0.49793086822052796,0.3783783783783784,0.1639251276280183,0.5110022159029688,0.39513178905730967,0.2895555745187821
0.5007205599006588,0.0,0.010579745714807288,0.008596841623721478,0.0,0.012851849638407834,0.01084198258943439,0.004952672909901102,0.25428218403165154,0.04855458925429795,0.1424385543676101,0.0,0.0,0.10047806525493513,0.0,0.4400000018479999,0.007779734608947653,0.04120879120879121,0.0,0.28523874589132375,0.060810810810810814,0.014463981849531028,0.3743939060325967,0.23745923441463163,0.11631212662360066
0.614435117849612,0.14285714285714285,0.0447697473760476,0.11605736192024002,0.125,0.05201758837171486,0.07992704211226642,0.012772636029544036,0.2815375415158607,0.2731654765790993,0.6676807253742028,0.1,0.02484645534278389,0.028811353053469897,0.333333333,0.4400000018479999,0.6298473540016924,0.06868131868131869,0.011242214846144166,0.3233083058253787,0.14864864864864868,0.05464170919326834,0.3781042551895699,0.2697183918396832,0.1510426335347156
0.5958460019769471,0.14285714285714285,0.019373459625748168,0.05158104974232889,0.0625,0.029549100617111558,0.045829003089132604,0.01580660841617876,0.2729807540261076,0.1762944164548693,0.4807301222993381,0.0,0.029266222372013057,0.10047806525493513,0.0,0.4400000018479999,0.5679206623022083,0.054945054945054944,0.008080341920666118,0.30659692527301213,0.0945945945945946,0.024106636415885042,0.3931939453847848,0.2682911875819293,0.13286788454925472
0.3325937941160043,0.0,0.016986169594474607,0.0042984208118607425,0.0,0.020370868424262036,0.01022967636718912,0.006086089082791822,0.23960664007629612,0.06053786384924137,0.1424385543676101,0.0,0.0,0.08614470133033346,0.0,0.4400000018479999,0.007779734608947653,0.04120879120879121,0.0,0.2647464658193212,0.060810810810810814,0.014463981849531028,0.3467958417854651,0.22478644307774548,0.10980729334428904
0.4832938251190778,0.14285714285714285,0.07807312798568318,0.198546104164854,0.25,0.11021503499672398,0.16968846713791155,0.05718532055273371,0.3728783143963084,0.5442013161383741,0.9073609853431049,0.3333333333333333,0.33995383547434455,0.010064503414017776,0.1,0.5499999849849999,0.8572490110504669,0.1263736263736264,0.04530953257237858,0.41166915227034667,0.2972972972972973,0.06990924560606662,0.476639323142366,0.3742044586552445,0.21519924693496437
0.3325937941160043,0.0,0.016986169594474607,0.0042984208118607425,0.0,0.020370868424262036,0.01022967636718912,0.006086089082791822,0.23960664007629612,0.06053786384924137,0.1424385543676101,0.0,0.0,0.08614470133033346,0.0,0.4400000018479999,0.007779734608947653,0.04120879120879121,0.0,0.2647464658193212,0.060810810810810814,0.014463981849531028,0.3467958417854651,0.22478644307774548,0.10980729334428904
0.6611457577631132,0.14285714285714285,0.07030485750464999,0.059005594792720405,0.0625,0.07823014022513397,0.06632764898185667,0.043564660914399776,0.5168342339972503,0.12643726857219376,0.22187544123380282,0.0,0.3621345757811403,0.09917500612929422,0.0,0.6769230744353847,0.5679206623022083,0.26373626373626374,0.009517556886473122,0.5477112995466729,0.3040540540540541,0.06749858196447812,0.6325676834210168,0.4710674192008905,0.31985703262429666
0.38358554546473944,0.42857142857142855,0.13065021346579836,0.5430338290884595,0.4375,0.13230844660360633,0.25444315066078754,0.05818563684147707,0.2848259646021561,0.773818930922216,0.9226631696394776,0.0,0.1965585983858085,0.5547314015621743,0.285714286,0.4400000018479999,0.796479554823651,0.09340659340659341,0.06950442548417271,0.33065403203475513,0.5405405405405406,0.17632282634930016,0.35125575642869533,0.33043858964933953,0.19760400807953823
0.47557032879004857,0.0,0.015701505550918666,0.0,0.0,0.022816820304088735,0.013401698105137194,0.003045647154292211,0.326122388359579,0.05869438498314636,0.39170602563263124,0.0,0.0,0.07181137321291284,0.0,0.5499999849849999,0.007779734608947653,0.027472527472527472,0.0,0.33617959051031593,0.0,0.0,0.4399996252172571,0.28504919977714865,0.15424396439393226
0.6633112093623871,0.0,0.07175299199462676,0.05796355335122067,0.0625,0.0677028631793528,0.06405075340778055,0.048479624221064936,0.5149526614842237,0.14903525173406543,0.49853494178224,0.06666666666666667,0.02484645534278389,0.08679621298956339,0.0,0.6769230744353847,0.5679206623022083,0.3653846153846154,0.006733618268392829,0.5197718586152253,0.31081081081081086,0.053034600114947095,0.5957218549871872,0.4370773538812838,0.3329105599649851
0.9591722243974805,1.0,0.7029708438109721,0.6240391051137313,0.6875,0.7216364569298828,0.6502090546594004,0.5723878898280295,0.868425281179884,0.7127456316908145,0.7418701279181908,0.4,0.11864341021726509,0.01764481202823368,0.348484848,0.8249999890274999,0.9642328866746422,0.8653846153846155,0.34398037594529957,0.8389167003747586,0.9797297297297297,0.8095446810496184,0.7997582651306823,0.8308682881612703,0.8591695856656028
0.5512436679171935,0.2857142857142857,0.04579658446144414,0.15331034230402782,0.125,0.05253989831693253,0.07120660534136894,0.003584096523134484,0.19637706975649788,0.27157203147323594,0.495567471868423,0.0,0.0,0.18513601662083407,1.0,0.34374999350312496,0.3228417182468144,0.07417582417582418,0.007026384278840102,0.22261560452296264,0.27702702702702703,0.12535450936260223,0.32504438833113936,0.22365585723737008,0.1134959653251576
0.5516135697463305,0.2857142857142857,0.06182538902294959,0.26936770422426776,0.25,0.07586248234750856,0.1343190170813596,0.025606381836359157,0.19638242469327832,0.5550823238992556,0.9015713061340602,0.3333333333333333,0.04964261394339828,0.005969271924352031,0.3,0.34374999350312496,0.7123125460098356,0.06868131868131869,0.018737024742402544,0.2271231144019325,0.27702702702702703,0.07810550198746755,0.3254894428386046,0.24300332822373955,0.11223075662311977
0.5512436679171935,0.2857142857142857,0.04579658446144414,0.15331034230402782,0.125,0.05253989831693253,0.07120660534136894,0.003584096523134484,0.19637706975649788,0.27157203147323594,0.495567471868423,0.0,0.0,0.18513601662083407,1.0,0.34374999350312496,0.3228417182468144,0.07417582417582418,0.007026384278840102,0.22261560452296264,0.27702702702702703,0.12535450936260223,0.32504438833113936,0.22365585723737008,0.1134959653251576
0.7772249557034301,0.14285714285714285,0.055135998808168135,0.06447631217791111,0.0625,0.06087679661114741,0.0668964478127328,0.028071495648712374,0.52686986406975,0.11303587511626947,0.29377951922447343,0.0,0.0946040826048259,0.12914472148977638,0.0,0.5499999849849999,0.5679206623022083,0.17582417582417584,0.009251405965968405,0.5647259831437308,0.22297297297297297,0.04339194554859308,0.6655766735220678,0.4748631649456046,0.30326559659412666
0.8091696823140586,0.14285714285714285,0.07913959337515529,0.21921946140489776,0.25,0.11295578005304287,0.19086632081896354,0.05800338701744537,0.46966265831732074,0.49043138578090917,0.8973628947593504,0.0,0.1362737866109273,0.18513601662083407,0.1,0.4400000018479999,0.8282741654940358,0.09615384615384616,0.05831898951437286,0.5209708363405134,0.21621621621621623,0.059302325583077214,0.612413741409277,0.4630456624761104,0.2640611033444108
0.9330660699030965,0.5714285714285714,0.21490209413077732,0.3309318828110564,0.3125,0.22283411786473925,0.29376117939655666,0.10677044875737127,0.7378091903141935,0.3281172987426819,0.5823572381239119,0.0,0.27107716066324206,0.05826916895364148,0.4,0.6769230744353847,0.8339263739517009,0.4972527472527473,0.11068356877879292,0.767613609618363,0.7837837837837838,0.314350538863141,0.8192094894990563,0.6782424109293865,0.5570465221806251
0.5785181050673641,0.0,0.015034621004628212,0.04728262893046815,0.0625,0.022984043970783193,0.049142544101478856,0.014591326874671502,0.3121974461521761,0.2173534777577759,0.6053638571840463,0.06666666666666667,0.02484645534278389,0.08614470133033346,0.0,0.34374999350312496,0.5679206623022083,0.03571428571428571,0.0063237458509560925,0.34718056809885284,0.060810810810810814,0.019285309132708033,0.4534683800484407,0.29943553093606806,0.14470179389034835
0.7220725404924552,0.14285714285714285,0.04475429524284733,0.05158104974232889,0.0625,0.05878008097817121,0.054305772684560154,0.002549038761060294,0.37270153238493803,0.1435430199917311,0.3204867477010238,0.0,0.0,0.18513601662083407,1.0,0.34374999350312496,0.32145865411717367,0.07417582417582418,0.0035131921394200515,0.4152096386763668,0.20945945945945948,0.08678389109718616,0.5001475707051068,0.35374192275492305,0.1996131179770567
0.8362172900525539,0.2857142857142857,0.08670425982312428,0.2598156579422562,0.25,0.1021278222320008,0.1918911639374188,0.08070356304559503,0.4815784314298684,0.4348068177132842,0.7715421716099945,0.16666666666666666,0.15184834285732698,0.10749709630617059,0.1,0.34374999350312496,0.8282741654940358,0.3434065934065934,0.08759816442905731,0.549289208271297,0.29054054054054057,0.10703346568652959,0.5635748651953323,0.46434593983510947,0.32397261417522893
0.22057892999535755,0.14285714285714285,0.022994503542615865,0.12895262435582222,0.1875,0.04772072236808865,0.08756434339802688,0.0290622189373728,0.11684616980122203,0.6484744725365716,0.9899479554721982,0.26666666666666666,0.09903374417594904,0.07181137321291284,0.0,0.11578946687578928,0.8479911261488386,0.016483516483516487,0.026348941045650387,0.1313159516395485,0.04054054054054054,0.019285309132708033,0.22308005827871658,0.14471380063653788,0.04909516506360337
0.10507660303518929,0.0,0.006734791832565315,0.042984208118607405,0.0625,0.013963038422968374,0.026989532073029794,0.012075772489047839,0.05910276603743142,0.3129860953237634,0.64097349614985,0.06666666666666667,0.02484645534278389,0.07181137321291284,0.0,0.054999991568499995,0.5679206623022083,0.013736263736263738,0.00614808624398509,0.06583616052290192,0.033783783783783786,0.014463981849531028,0.14152733337393486,0.07399069569404743,0.025408766142258038
0.10463134947587216,0.0,0.00404087509953919,0.0,0.0,0.007489497309575028,0.0023048782787389727,0.0049096153936607455,0.05765416586279365,0.11207262100064194,0.1922920487701748,0.0,0.0,0.07181137321291284,0.0,0.054999991568499995,0.007779734608947653,0.013736263736263738,0.0,0.06284324649441703,0.033783783783783786,0.009642654566354018,0.14122282239514283,0.06574668647411169,0.02261728706172035
0.10463134947587216,0.0,0.00404087509953919,0.0,0.0,0.007489497309575028,0.0023048782787389727,0.0049096153936607455,0.05765416586279365,0.11207262100064194,0.1922920487701748,0.0,0.0,0.07181137321291284,0.0,0.054999991568499995,0.007779734608947653,0.013736263736263738,0.0,0.06284324649441703,0.033783783783783786,0.009642654566354018,0.14122282239514283,0.06574668647411169,0.02261728706172035
0.34948225918242726,0.14285714285714285,0.013813195494147407,0.042984208118607405,0.0625,0.026523805679145217,0.03908330742954543,0.01837462564337213,0.18975705529803505,0.2533269431613875,0.44155951928739356,0.0,0.12322634802002715,0.07181137321291284,0.0,0.18333333602833335,0.5679206623022083,0.03296703296703297,0.008490214338102854,0.20370045180619495,0.0472972972972973,0.024106636415885042,0.3207999737652081,0.20190581557918735,0.08512357982819466
0.0,0.0,0.002693916733026126,0.0,0.0,0.0050832559372890815,0.0,0.0025208963618650474,0.008659744735185437,0.12656966163736935,0.39170602563263124,0.0,0.0,0.07181137321291284,0.0,0.0,0.007779734608947653,0.005494505494505494,0.0,0.012437176641014236,0.0,0.0,0.07296083051855873,0.016457766769341298,0.0
0.4366324699994607,0.0,0.010423721350447859,0.042984208118607405,0.0625,0.01857793285196735,0.04314217749700853,0.009671934332985186,0.25204519701550016,0.2495667909774504,0.6908269905524147,0.06666666666666667,0.02484645534278389,0.07181137321291284,0.0,0.5499999849849999,0.5679206623022083,0.016483516483516487,0.0058553202335378165,0.25984160765232106,0.013513513513513514,0.009642654566354018,0.3605363141054172,0.23499744563805441,0.11317668294552025
0.293438680855715,0.0,0.0016355923021944335,0.0,0.0,0.002593824317955547,0.00628530488904909,0.0022554831361099696,0.15610000253788608,0.1012602685007015,0.39170602563263124,0.0,0.0,0.07181137321291284,0.0,0.4400000018479999,0.007779734608947653,0.002747252747252748,0.0,0.16206292805598738,0.0,0.0,0.253891884548176,0.14301437723384675,0.05697343675745353
0.6115397713835607,0.14285714285714285,0.04522470111387832,0.10746052029651851,0.125,0.05492710151978626,0.09336932157894706,0.033935477630311434,0.39086777203643125,0.3228815312808878,0.7050708459891757,0.0,0.12352812847304417,0.17931140570792964,0.0,0.6769230744353847,0.7546343052400557,0.12362637362637365,0.024826557786406096,0.3988912690054613,0.033783783783783786,0.028927963699062052,0.4934202204659486,0.3564991726478803,0.2185299486866167
0.9537387972621773,0.5714285714285714,0.2480826004838653,0.30651834122878296,0.375,0.3151976215520176,0.3797956665189615,0.21732265033208875,0.82389603505549,0.5692167966703522,0.7221535119347176,0.0,0.666638819690982,0.03924309491635066,0.238095238,0.8249999890274999,0.8828687054334092,0.39560439560439564,0.16715642630847158,0.8405897587438365,0.47972972972972977,0.23509710179906687,1.0,0.7891054680002898,0.5865670851634882
0.9488091368380605,0.5714285714285714,0.26826178151016083,0.26139279526196213,0.3125,0.3080486532712629,0.3126396756168447,0.21328599395840636,0.8013343018784651,0.42015260759489836,0.6431648585822596,0.2,0.2642113817044546,0.03467857451182548,0.2,0.6769230744353847,0.8873650093132502,0.5054945054945056,0.12182614763387128,0.8094788711832246,0.5743243243243243,0.23913783324557966,0.9239893749092325,0.7371171709403366,0.5896379989291803
0.9535260198178244,0.42857142857142855,0.2508333884930423,0.3606579747651801,0.4375,0.3218676072716165,0.4241200866405993,0.2438013177628801,0.7842340409049648,0.6817819198734474,0.8618611636816416,0.26666666666666666,0.3238179038765364,0.09248121170354849,0.178571429,0.8249999890274999,0.9127271553787667,0.34890109890109894,0.18677570721311346,0.8030522172769292,0.472972972972973,0.20628393163659345,0.9497228950092993,0.7655378263444115,0.5485901745045606
0.9507289139084656,0.42857142857142855,0.22932277279540778,0.2585875377348584,0.3125,0.28245718986789126,0.31014566981402664,0.2016924788441988,0.7736472928734874,0.44017176298009975,0.694647348560322,0.0,0.5222327650578356,0.1818709388166636,0.133333333,0.8249999890274999,0.9003570344994807,0.37637362637362637,0.15016488362785366,0.7995270258182767,0.4864864864864865,0.17613915672932895,0.9450896433473723,0.7383290434035534,0.533833991616068
0.8039151131674517,0.14285714285714285,0.09287665601346583,0.23283112732345154,0.1875,0.1082686962749438,0.16335070158619838,0.03728669415661347,0.5595181871961363,0.3413399615606192,0.6523038356168415,0.0,0.04959231720122878,0.4201003754060669,0.333333333,0.6769230744353847,0.6329146924434319,0.14010989010989014,0.026778331195243237,0.5832564471902788,0.3445945945945946,0.11249763659139245,0.7518938240488717,0.531510093043434,0.32639957567381694
0.66159537322132,0.0,0.04849839544806473,0.09620275149945617,0.125,0.06266491733397048,0.1142560034635291,0.040884747658233044,0.537928180210036,0.34889317506183704,0.7905339786097417,0.2,0.04964261394339828,0.0922875664684226,0.0,0.6769230744353847,0.7546343052400557,0.11813186813186814,0.017565960697100258,0.5622947966444343,0.10810810810810811,0.03374929098223906,0.7433956253484308,0.5036827835828155,0.28817230345248046
0.9627376111572916,0.5714285714285714,0.2568724109056116,0.3266799817014162,0.375,0.30204442119180336,0.37602586273523386,0.26324359297713296,0.8299834946679561,0.5218117574876788,0.7485355518020578,0.23333333333333334,0.8004887510127762,0.019767712371227084,0.142857143,0.6769230744353847,0.9180427314619886,0.5714285714285715,0.19584694950872084,0.8460209355033457,0.5,0.2217810550261424,0.9450896433473723,0.7695244121897347,0.617107653851564
1.0,1.0,0.6841347767395889,0.7954776646476499,0.8125,0.7114002246992365,0.8582288200695817,0.8885391757813235,1.0,0.8073977840427016,0.8715422122156655,0.0,0.5562661334379765,0.3784583067808166,0.197802198,0.6769230744353847,0.9638391669774122,1.0000000000000002,1.0,1.0000000000000002,0.7567567567567568,0.6256069514074194,0.9920171275713612,0.9804232165438103,0.924902262869422
0.9521001643394409,0.5714285714285714,0.3587891097821097,0.3690921167337992,0.375,0.3693542240197521,0.3559330077583281,0.1993335727245646,0.7724564170443093,0.37966794306190355,0.6343902542554899,0.0,0.04647628674335673,0.0816688395060915,0.333333333,0.6769230744353847,0.857702441770589,0.565934065934066,0.13711238895793001,0.7788943725562878,0.722972972972973,0.35034978259360045,0.847814782368346,0.7153813306351304,0.6062549168810352
0.6574407697604372,0.0,0.03953375029215936,0.008596841623721478,0.0,0.04413443798544319,0.021848330506278976,0.010920797450622265,0.5121835768479339,0.02442614225899639,0.10682891614960888,0.0,0.0,0.09331136538904378,0.0,0.5499999849849999,0.007779734608947653,0.12087912087912088,0.0,0.5316126685109055,0.08108108108108109,0.019285309132708033,0.6865926158430036,0.45661278706586256,0.27246895122200165
0.6207174458486822,0.0,0.0246259724973742,0.009210901727420388,0.0,0.02813954560781636,0.017408179679910422,0.009375588120468034,0.4015874363955388,0.03929899006787227,0.059349397528537184,0.0,0.0,0.08716853605813568,0.0,0.5499999849849999,0.007779734608947653,0.09340659340659341,0.0,0.42780594047664294,0.14864864864864868,0.028927963699062052,0.5815456977283482,0.37282476278548776,0.2019018112329595
0.6215424308684367,0.0,0.027443589499545062,0.052195109846027786,0.0625,0.03461308672120971,0.05719613462863774,0.021007717946909026,0.40373014986140826,0.19850940539248305,0.541266508092523,0.06666666666666667,0.02484645534278389,0.08716853605813568,0.0,0.5499999849849999,0.5679206623022083,0.09340659340659341,0.006587235261412597,0.4307988545051277,0.14864864864864868,0.03374929098223906,0.5822484153717142,0.38168850545994387,0.20505511567507798
0.7348318230182568,0.14285714285714285,0.044478489488499216,0.08085124860609413,0.0625,0.04900047679949547,0.05731759373439548,0.0023330106206910475,0.4071689008470096,0.12706405516932504,0.29199903682750183,0.0,0.0,0.065350253849639,1.0,0.5499999849849999,0.3359873094292175,0.09065934065934067,0.0035131921394200515,0.4341493879516773,0.27702702702702703,0.10606920022989419,0.5818970565500312,0.38342624965632993,0.21360923755014552
0.8263006300325759,0.14285714285714285,0.08084361649247528,0.10131991913057686,0.125,0.10341462884215256,0.11212072203344112,0.031103465439476133,0.5177079607608839,0.2296206409110458,0.47781660632956857,0.0,0.010813941004891643,0.003216093580492162,0.333333333,0.6769230744353847,0.6834656052733978,0.16208791208791212,0.017761138039740568,0.5457608680373767,0.31081081081081086,0.09964076386839595,0.7133567884866743,0.49460228717074356,0.2978868014438889
0.845276416789386,0.2857142857142857,0.08269041873602662,0.1189229758091419,0.125,0.10060877792139192,0.11748323325785986,0.028129561512109175,0.5682339012568856,0.17197764599834395,0.45995783290261927,0.0,0.003966155476546536,0.021644688994759582,0.333333333,0.6769230744353847,0.6298473540016924,0.16208791208791212,0.021279906672556713,0.5967080657629853,0.38513513513513514,0.08678389109718616,0.740734667872218,0.5291445108625206,0.33107859220305025
0.9311766722787983,0.5714285714285714,0.18907562351488352,0.2508094429303968,0.25,0.21316822928567802,0.24280484136848512,0.1291024358405369,0.7290379138075205,0.2909988224582517,0.5180828901838167,0.0,0.040850455615674006,0.14398998487468864,0.2,0.6769230744353847,0.8527922710446307,0.4368131868131868,0.10132843217172788,0.7594107126763883,0.5675675675675675,0.19863868406689278,0.8633073640124242,0.6712876555598268,0.516473931089627
0.9624689312987527,0.5714285714285714,0.35643471045370884,0.46152987349206803,0.5625,0.4287869331121299,0.5720840150102497,0.5732411142556907,0.880721124828403,0.8443711953542894,0.9422422453164663,1.0,0.9077755270479325,0.2567630186585133,0.044444444,0.6769230744353847,0.9999999999999999,0.7225274725274726,0.5449627109470133,0.8984763378900258,0.6283783783783784,0.252208987207947,0.9774802419222608,0.8548830733125377,0.6882623565792921
0.5582334994611523,0.0,0.011823912083100713,0.0,0.0,0.018649172588362795,0.01572390124881072,0.004501328973607978,0.360500326526177,0.05540744344073689,0.26707229000012067,0.0,0.0,0.07181137321291284,0.0,0.5499999849849999,0.007779734608947653,0.024725274725274728,0.0,0.38715903047601957,0.013513513513513514,0.004821327283177008,0.5464332394814884,0.3396265397315627,0.1562870511690379
0.199512366721865,0.0,0.012499223862865897,0.02579052487116445,0.0,0.008079803698566175,0.004058663056836245,0.0028208882968210895,0.10402999696104837,0.04478989787955484,0.1424385543676101,0.0,0.0,0.1578114135317987,0.0,0.2588235128341174,0.007779734608947653,0.06043956043956045,0.0,0.12879553669869287,0.060810810810810814,0.014463981849531028,0.1614798296612433,0.09466511544703654,0.05412390348452942
0.32761666889416297,0.42857142857142855,0.07597394965509004,0.29597697591469213,0.25,0.0785740482055341,0.12895271896885876,0.015164576806321883,0.19255635845366698,0.45201980751561377,0.7394021900157899,0.16666666666666666,0.02484645534278389,0.08787404494639109,0.6,0.34374999350312496,0.6130960281206698,0.08516483516483517,0.016799446049138283,0.2279081702059073,0.5405405405405406,0.1600680658014767,0.2475252626992791,0.21147739291806594,0.13493345197584067
0.32750555602915643,0.42857142857142855,0.0674578741161724,0.23579908454864182,0.1875,0.0672795884474543,0.09836322126753791,0.005149101816575129,0.19256268949059446,0.3256188524698682,0.5371120499140583,0.0,0.0,0.19537411324858892,1.0,0.34374999350312496,0.42722901578939354,0.08791208791208792,0.010539576418260154,0.22564986706037032,0.5405405405405406,0.2024957458934344,0.2473378713277148,0.2005647446168825,0.1355219938835214
0.32761666889416297,0.42857142857142855,0.07597394965509004,0.29597697591469213,0.25,0.0785740482055341,0.12895271896885876,0.015164576806321883,0.19255635845366698,0.45201980751561377,0.7394021900157899,0.16666666666666666,0.02484645534278389,0.08787404494639109,0.6,0.34374999350312496,0.6130960281206698,0.08516483516483517,0.016799446049138283,0.2279081702059073,0.5405405405405406,0.1600680658014767,0.2475252626992791,0.21147739291806594,0.13493345197584067
0.32750555602915643,0.42857142857142855,0.0674578741161724,0.23579908454864182,0.1875,0.0672795884474543,0.09836322126753791,0.005149101816575129,0.19256268949059446,0.3256188524698682,0.5371120499140583,0.0,0.0,0.19537411324858892,1.0,0.34374999350312496,0.42722901578939354,0.08791208791208792,0.010539576418260154,0.22564986706037032,0.5405405405405406,0.2024957458934344,0.2473378713277148,0.2005647446168825,0.1355219938835214
0.8693290313791333,0.42857142857142855,0.17311924174901447,0.3113284788080542,0.3125,0.20133440412079318,0.25583284618467095,0.08160364484058073,0.554955604076826,0.49717946031290905,0.6912918245319001,0.0,0.16879394192805425,0.06003754239704513,0.4,0.34374999350312496,0.7816012304172126,0.260989010989011,0.07134443502892554,0.5755673740991119,0.5472972972972973,0.21985252411287162,0.6772183624804997,0.5536959333525657,0.3820258825599606
0.7462308477109159,0.14285714285714285,0.04310366732546407,0.0974308717498382,0.125,0.0631955692615627,0.09346682975256643,0.036849605328988705,0.3642878262783728,0.29049799840598756,0.6676807253742028,0.1,0.04358145371986994,0.12197805743106607,0.0,0.4400000018479999,0.7546343052400557,0.09065934065934067,0.024826557786406096,0.3914664067437809,0.16891891891891891,0.03857061826541607,0.5434584014579049,0.37476957379243375,0.18835089768240612
0.5355783299275145,0.0,0.010948847293513326,0.0,0.0,0.016510500770328958,0.010566200885753094,0.004368113758920801,0.23712090626735333,0.062448863178575925,0.26707229000012067,0.0,0.0,0.07181137321291284,0.0,0.34374999350312496,0.007779734608947653,0.021978021978021976,0.0,0.26024714105352315,0.013513513513513514,0.004821327283177008,0.3993497519406719,0.23859336361350342,0.09619334250569059
0.8531668905383839,0.2857142857142857,0.09434672833738894,0.16620560473961002,0.1875,0.12013555126546276,0.15163855636528384,0.06364401496846897,0.47753863804518887,0.3256905338580133,0.6261361465807651,0.0,0.06700319342188717,0.06464470915420252,0.166666667,0.34374999350312496,0.7777984661472768,0.2142857142857143,0.051961784688987434,0.5085071128537137,0.2837837837837838,0.0859803365339189,0.6382784354694389,0.4791481212586857,0.28805539088436016
0.8047549525979945,0.2857142857142857,0.07447217855175274,0.23641314465234073,0.25,0.09953822629940698,0.189004356950566,0.07155941403389963,0.446605349077765,0.5057452916297699,0.8451893785193401,0.16666666666666666,0.0981548272087677,0.16363598863752205,0.1,0.5499999849849999,0.8227847844026419,0.15384615384615388,0.07204832134265748,0.47595359159201883,0.1756756756756757,0.07521270561756134,0.6467391558955669,0.46272661184498937,0.2527019090388142
0.8287000346007325,0.2857142857142857,0.08910779332563845,0.14901192149216708,0.1875,0.12004500412878037,0.1457150697819271,0.056030504602995655,0.44978803303320897,0.3600904131155379,0.6617457855465688,0.0,0.12860925553774263,0.007311360877338955,0.166666667,0.2588235128341174,0.7777984661472768,0.15934065934065936,0.04721897530077036,0.48999762794802,0.27702702702702703,0.0803554547356879,0.5642588437015417,0.4460012665804209,0.2725169005178887
0.8992140891929901,0.42857142857142855,0.18176257702925616,0.252825296850897,0.25,0.19381237788019748,0.21308975532129631,0.05620123058819318,0.5691456735786986,0.329693154484172,0.542943842363754,0.0,0.04741611448583932,0.027725500288086676,0.5,0.34374999350312496,0.757002945173946,0.2664835164835165,0.05064350118078844,0.589763540924636,0.6013513513513513,0.25794100964997,0.729744163929972,0.5628891870803019,0.39079410825296435
0.8810382557973329,0.42857142857142855,0.12958988984087458,0.21082730649673734,0.25,0.1664534326991371,0.2065567760343808,0.10138643598709708,0.5339296971816592,0.4191290200681408,0.643940966063667,0.0,0.1944651064152754,0.02286213315050664,0.2,0.2588235128341174,0.8293635118862677,0.2692307692307692,0.07929776542760517,0.5633414835044188,0.3783783783783784,0.14656834940858107,0.6651784668574938,0.5294898216042536,0.35271749007805464
0.3967588674799454,0.0,0.0182993915221989,0.09313245093797745,0.125,0.031797871158238754,0.06826033375006543,0.01972516156301012,0.1856862275797852,0.4264339020056792,0.8546313284490674,0.2,0.04964261394339828,0.10764472931364545,0.0,0.34374999350312496,0.7546343052400557,0.03296703296703297,0.015458045413448229,0.20485073597108844,0.033783783783783786,0.019285309132708033,0.3022435431960535,0.19204287126741842,0.07914057013395917
0.5603507645282184,0.2857142857142857,0.03990845217354418,0.16620560473961002,0.1875,0.06150893813566462,0.11645099191516062,0.03465991882586442,0.2859791673324215,0.4691285850623551,0.7359325326441908,0.0,0.10091858368752493,0.10047806525493513,0.166666667,0.4400000018479999,0.7627252295022291,0.054945054945054944,0.039924919226495624,0.3083301620780143,0.14864864864864868,0.06348080924456838,0.41957396571674854,0.2943539513638564,0.14529406457429087
0.2594514391186231,0.0,0.004637385233280688,0.0,0.0,0.007489497309575028,0.0044217321853805835,0.0035470171340482234,0.10939419898683939,0.1013436761317621,0.26707229000012067,0.0,0.0,0.07181137321291284,0.0,0.2588235128341174,0.007779734608947653,0.01098901098901099,0.0,0.12021394487072373,0.013513513513513514,0.004821327283177008,0.20647249797383083,0.10660980721101049,0.03802993841280826
0.2594514391186231,0.0,0.004637385233280688,0.0,0.0,0.007489497309575028,0.0044217321853805835,0.0035470171340482234,0.10939419898683939,0.1013436761317621,0.26707229000012067,0.0,0.0,0.07181137321291284,0.0,0.2588235128341174,0.007779734608947653,0.01098901098901099,0.0,0.12021394487072373,0.013513513513513514,0.004821327283177008,0.20647249797383083,0.10660980721101049,0.03802993841280826
0.5539709170185895,0.14285714285714285,0.020319829071968495,0.05014824281937003,0.0625,0.03241667218955155,0.04212989553172076,0.015238698099653707,0.23038976614643786,0.1925950289051888,0.5163397605173394,0.0,0.022946537262703334,0.10764472931364545,0.0,0.34374999350312496,0.5679206623022083,0.049450549450549455,0.007904682313695115,0.25703281498699354,0.08108108108108109,0.019285309132708033,0.3467958417854651,0.2311088548083407,0.10550467041783701
0.5287709967087458,0.2857142857142857,0.03409728893515925,0.10889332721947736,0.125,0.052139216019160724,0.0794922085184207,0.009061113193047997,0.2716227397981436,0.3216298494161276,0.5074373507758885,0.0,0.0023403697075592813,0.18513601662083407,0.666666667,0.4400000018479999,0.4895009324251518,0.05219780219780221,0.010773789228725888,0.2882822827098995,0.15540540540540543,0.09481943658521894,0.4060958413169866,0.27114455999267045,0.13746403843316282
0.5869827507780001,0.2857142857142857,0.05295470606634214,0.21492104059303704,0.25,0.08317140923600204,0.17066199654113887,0.0430063185641822,0.37580377104676216,0.5881119349322128,0.8754036170979839,0.16666666666666666,0.22335618482600852,0.18513601662083407,0.2,0.5499999849849999,0.7782846998404066,0.057692307692307696,0.04135529032186862,0.398399166686034,0.15540540540540543,0.07135564379101973,0.5378741385852888,0.3813680375923934,0.19471192254268296
0.44375662985679065,0.0,0.010115932221700766,0.0,0.0,0.014330446708982038,0.011459381051038671,0.0028424477919161166,0.2659632733858422,0.07974336928246364,0.39170602563263124,0.0,0.0,0.07181137321291284,0.0,0.4400000018479999,0.007779734608947653,0.016483516483516487,0.0,0.28753439705996003,0.0,0.0,0.42955724103683646,0.2522654468698026,0.10479573225060732
0.6422262409991388,0.2857142857142857,0.088979606569082,0.21737728105081686,0.25,0.11682945063308435,0.18396101392107,0.08708499826174607,0.4488853970087722,0.5485110886757403,0.8172412078340945,0.16666666666666666,0.24509469015097546,0.13119235513819977,0.1,0.6769230744353847,0.8494350451091459,0.19505494505494508,0.07424546053469977,0.4603824355216926,0.13513513513513514,0.08581962564055076,0.5333111586876982,0.43100150770101925,0.2851357453098322
0.45963008826207163,0.0,0.018218865078668857,0.0042984208118607425,0.0,0.024115208015115255,0.012079117079602138,0.006581580611861497,0.28598134454948637,0.06113817183333756,0.1424385543676101,0.0,0.0,0.08614470133033346,0.0,0.5499999849849999,0.007779734608947653,0.049450549450549455,0.0,0.29639632038943015,0.060810810810810814,0.014463981849531028,0.3914090425706349,0.2628796553871133,0.13993056525202385
0.460281608855879,0.0,0.020970508598831258,0.04728262893046815,0.0625,0.03058874912850859,0.04653800942802117,0.015419702923326038,0.28789074619144234,0.23267494892464677,0.6053638571840463,0.06666666666666667,0.02484645534278389,0.08614470133033346,0.0,0.5499999849849999,0.5679206623022083,0.049450549450549455,0.0063237458509560925,0.29938923441791504,0.060810810810810814,0.019285309132708033,0.3919196840581476,0.27152151097358707,0.14295880160837607
0.9030056650273256,0.5714285714285714,0.3119751903723078,0.3268244664544547,0.375,0.3401766431986062,0.3300861948245017,0.28988357835420764,0.6893434448051028,0.48540971681879885,0.696815884324096,0.23333333333333334,0.3089982046295313,0.07851129066661834,0.19047619,0.8249999890274999,0.9241339951830075,0.6565934065934067,0.19331073594748735,0.6854370339653832,0.9054054054054054,0.31177916432818437,0.7091076891364538,0.6461837922986244,0.5694175639295485
0.5249296941601274,0.14285714285714285,0.05558184083446369,0.2478756001649641,0.25,0.07910229792604272,0.15344305751328416,0.03705585216071466,0.30091250858387925,0.6030184484062333,0.9062653045008013,0.16666666666666666,0.11123063958232711,0.34996939739271443,0.2,0.5499999849849999,0.7496054843425116,0.057692307692307696,0.03583455982208453,0.3139455614561177,0.1283783783783784,0.06557005105120732,0.3942152283598104,0.30784524728165324,0.1667260365942689
0.5242181947462122,0.14285714285714285,0.038764103515429166,0.14184788679140442,0.125,0.05215677237536153,0.08227527332629303,0.008076906773677223,0.29811759762204065,0.3077909914462731,0.5661932549199041,0.0,0.012297488890717068,0.34996939739271443,0.666666667,0.5499999849849999,0.409836445055475,0.057692307692307696,0.009368512372957867,0.3083225222208898,0.1283783783783784,0.08678389109718616,0.3931939453847848,0.2881140661374109,0.16340166992032576
0.4382507339712298,0.0,0.006269478941965489,0.014328069358541064,0.0,0.005691978551567431,0.007139969234463077,0.002251269282859864,0.17365368514785579,0.0575202476279891,0.26707229000012067,0.0,0.0,0.21514476180866224,0.0,0.34374999350312496,0.007779734608947653,0.021978021978021976,0.0,0.20388498401552774,0.013513513513513514,0.004821327283177008,0.26808209615988243,0.15973655856007224,0.0722620556101129
0.4719630291156538,0.0,0.027724601498129164,0.06564860875124107,0.0625,0.02539991921613416,0.0466631404433722,0.01741379554906568,0.30456998999840773,0.142238570033851,0.5067525507168252,0.06666666666666667,0.02484645534278389,0.09700330059852777,0.0,0.4400000018479999,0.5679206623022083,0.2307692307692308,0.00670700317493708,0.3714756452988049,0.27702702702702703,0.048213272831770085,0.372918198981528,0.26221239910373867,0.1877924881740556
0.6120500977216015,1.0,0.17382935044520842,0.6029512103627863,0.4375,0.13965501780936013,0.2713094277171124,0.016482743364224478,0.38246034918926003,0.32634474473293107,0.6097185962913876,0.0,0.0,0.15806707680450557,1.0,0.4400000018479999,0.6699268803011751,0.2197802197802198,0.024592344975940362,0.49446260023873273,0.9864864864864865,0.6653431650784272,0.3743939060325967,0.40156765094381003,0.3644176523519833
0.6135752266251483,1.0,0.19048965097934037,0.6960836609998743,0.5,0.15143018195382937,0.3097016029047126,0.02569320650736653,0.38544247692990957,0.3817001766123489,0.6986471462438749,0.0,0.008248622669314214,0.13503135044026182,0.833333333,0.4400000018479999,0.7037716045263536,0.21703296703296707,0.029146482933406888,0.501292367720501,0.9864864864864865,0.6267725468130111,0.3746421995999196,0.4218003407044079,0.3704471210180813
0.6120500977216015,1.0,0.17382935044520842,0.6029512103627863,0.4375,0.13965501780936013,0.2713094277171124,0.016482743364224478,0.38246034918926003,0.32634474473293107,0.6097185962913876,0.0,0.0,0.15806707680450557,1.0,0.4400000018479999,0.6699268803011751,0.2197802197802198,0.024592344975940362,0.49446260023873273,0.9864864864864865,0.6653431650784272,0.3743939060325967,0.40156765094381003,0.3644176523519833
0.6120500977216015,1.0,0.17382935044520842,0.6029512103627863,0.4375,0.13965501780936013,0.2713094277171124,0.016482743364224478,0.38246034918926003,0.32634474473293107,0.6097185962913876,0.0,0.0,0.15806707680450557,1.0,0.4400000018479999,0.6699268803011751,0.2197802197802198,0.024592344975940362,0.49446260023873273,0.9864864864864865,0.6653431650784272,0.3743939060325967,0.40156765094381003,0.3644176523519833
0.6120500977216015,1.0,0.17382935044520842,0.6029512103627863,0.4375,0.13965501780936013,0.2713094277171124,0.016482743364224478,0.38246034918926003,0.32634474473293107,0.6097185962913876,0.0,0.0,0.15806707680450557,1.0,0.4400000018479999,0.6699268803011751,0.2197802197802198,0.024592344975940362,0.49446260023873273,0.9864864864864865,0.6653431650784272,0.3743939060325967,0.40156765094381003,0.3644176523519833
0.6120500977216015,1.0,0.17382935044520842,0.6029512103627863,0.4375,0.13965501780936013,0.2713094277171124,0.016482743364224478,0.38246034918926003,0.32634474473293107,0.6097185962913876,0.0,0.0,0.15806707680450557,1.0,0.4400000018479999,0.6699268803011751,0.2197802197802198,0.024592344975940362,0.49446260023873273,0.9864864864864865,0.6653431650784272,0.3743939060325967,0.40156765094381003,0.3644176523519833
0.6135752266251483,1.0,0.19048965097934037,0.6960836609998743,0.5,0.15143018195382937,0.3097016029047126,0.02569320650736653,0.38544247692990957,0.3817001766123489,0.6986471462438749,0.0,0.008248622669314214,0.13503135044026182,0.833333333,0.4400000018479999,0.7037716045263536,0.21703296703296707,0.029146482933406888,0.501292367720501,0.9864864864864865,0.6267725468130111,0.3746421995999196,0.4218003407044079,0.3704471210180813
0.6135752266251483,1.0,0.19048965097934037,0.6960836609998743,0.5,0.15143018195382937,0.3097016029047126,0.02569320650736653,0.38544247692990957,0.3817001766123489,0.6986471462438749,0.0,0.008248622669314214,0.13503135044026182,0.833333333,0.4400000018479999,0.7037716045263536,0.21703296703296707,0.029146482933406888,0.501292367720501,0.9864864864864865,0.6267725468130111,0.3746421995999196,0.4218003407044079,0.3704471210180813
0.3231512950659787,0.0,0.01721832623932727,0.0,0.0,0.020750231395049626,0.00721727573694559,0.0024762692671849306,0.1821750289000585,0.055811242289522445,0.39170602563263124,0.0,0.0,0.07181137321291284,0.0,0.34374999350312496,0.007779734608947653,0.024725274725274728,0.0,0.22216491926149312,0.0,0.0,0.26389858378970943,0.1579785171504639,0.07971487900126661
0.652620400656381,0.14285714285714285,0.02162830291372404,0.057312277477148475,0.0625,0.03278638250372611,0.047165584719559873,0.01790791476754481,0.27246651955239726,0.18777592133279722,0.44155951928739356,0.0,0.04527177846783615,0.21514476180866224,0.0,0.34374999350312496,0.5679206623022083,0.05219780219780221,0.008490214338102854,0.3044492602695123,0.08108108108108109,0.024106636415885042,0.4347526668134567,0.29052736165952525,0.128915210721413
0.7000440875656303,0.14285714285714285,0.048259594045925176,0.0974308717498382,0.125,0.0713165506714748,0.0826592186993399,0.02063582565933643,0.27264898888833516,0.2963745483032315,0.5929004841442569,0.0,0.04711240309052603,0.05613595614250527,0.333333333,0.4400000018479999,0.6298473540016924,0.07692307692307693,0.015926471030866505,0.3028313677441988,0.14864864864864868,0.06107014560297987,0.43064879577619863,0.30473280257546315,0.14413620056739995
0.6847486144063009,0.14285714285714285,0.04413075431012212,0.13611665905658488,0.1875,0.07112783027762053,0.12948852452498302,0.04395495172109741,0.34878437781018196,0.47370881771857987,0.8777775936272794,0.13333333333333333,0.12625258966112246,0.10764472931364545,0.0,0.2588235128341174,0.8479911261488386,0.07142857142857144,0.042158305673040616,0.39041005178170335,0.0945945945945946,0.03374929098223906,0.5157151088978109,0.3677544038663432,0.17395361641006576
0.706663281606891,0.2857142857142857,0.052776277820441544,0.16047437696180625,0.1875,0.07506315472339291,0.12534288875371824,0.038322007748372654,0.3150532269760536,0.4129301876236693,0.7383065084256839,0.13333333333333333,0.18345095621184937,0.013135935983062345,0.166666667,0.4400000018479999,0.7627252295022291,0.09340659340659341,0.03744059052442853,0.3490927335656239,0.18243243243243246,0.06910569104279936,0.4846737281981852,0.35091924197949714,0.1736026857210726
0.3432405136903849,0.0,0.003037528562042901,0.0,0.0,0.0050832559372890815,0.007594200513596352,0.0022199510052728355,0.17459990507133244,0.0991438707873945,0.39170602563263124,0.0,0.0,0.07181137321291284,0.0,0.18333333602833335,0.007779734608947653,0.005494505494505494,0.0,0.19364212290835386,0.0,0.0,0.31593248288882547,0.17642197132430532,0.06120598329955862
0.5299115356087792,0.0,0.02266738508217698,0.04728262893046815,0.0625,0.03242243456466691,0.04127996504314433,0.015951266862641804,0.20535773515682204,0.23140775815796608,0.6053638571840463,0.06666666666666667,0.02484645534278389,0.08614470133033346,0.0,0.4400000018479999,0.5679206623022083,0.049450549450549455,0.0063237458509560925,0.23066775900135933,0.060810810810810814,0.019285309132708033,0.3557578341305274,0.22875964813169286,0.09544878507367596
0.5075116558144317,0.0,0.014431696784068533,0.007164034700762642,0.0,0.01712559518150235,0.009225632265195627,0.0046023901021655135,0.19954475285076084,0.06025643401926811,0.1922920487701748,0.0,0.0,0.10764472931364545,0.0,0.34374999350312496,0.007779734608947653,0.03571428571428571,0.0,0.22372427046312332,0.033783783783783786,0.009642654566354018,0.3531484092814947,0.2144071989678517,0.0852064737901394
0.6809531690150776,0.2857142857142857,0.06773051447987469,0.3080534915310144,0.25,0.08070403785026843,0.17316026407345897,0.027113216557700482,0.3687448629181765,0.45404163875379533,0.8338590390523486,0.0,0.23905902574515528,0.04314468117089052,0.3,0.34374999350312496,0.665011756809134,0.08791208791208792,0.049385443798456705,0.40670259952406645,0.3175675675675676,0.08437322745559765,0.5427978468731409,0.4064030950892989,0.2044184197431456
0.4167496325034793,0.0,0.010005976436954181,0.008596841623721478,0.0,0.012851849638407834,0.010647090966715164,0.005156301810671841,0.2489503633576336,0.06801428937265735,0.1424385543676101,0.0,0.0,0.10047806525493513,0.0,0.4400000018479999,0.007779734608947653,0.038461538461538464,0.0,0.26426979733746253,0.060810810810810814,0.014463981849531028,0.3949788481989347,0.23536078316933934,0.10576429310370239
0.4917900087680811,0.14285714285714285,0.03440516513321938,0.16620560473961002,0.1875,0.05171759423948655,0.11088442940293824,0.022488598089384755,0.2566259887693169,0.5102502493717949,0.8712491596673215,0.26666666666666666,0.04964261394339828,0.10047806525493513,0.166666667,0.4400000018479999,0.7627252295022291,0.03571428571428571,0.019372745224941087,0.2740318944939781,0.14864864864864868,0.046606163753448844,0.39626247909415024,0.2653275705646891,0.12021320745072919
0.6731007494652808,0.14285714285714285,0.04604245562471975,0.05158104974232889,0.0625,0.06408908594361255,0.06574010631332253,0.02631731186377574,0.507563204746891,0.16072196586301554,0.3560963866668275,0.0,0.24143762073078343,0.10047806525493513,0.0,0.6769230744353847,0.5679206623022083,0.1043956043956044,0.00895863995552113,0.5222461781385119,0.14864864864864868,0.03374929098223906,0.6977564568039467,0.47060194255583715,0.27366838557958917
0.9775087569491229,1.0,1.0000000000000002,0.97289757732432,1.0,0.9999999999999999,0.9999999999999999,1.0,0.9640811230985893,0.9828494240712531,0.8762869579497101,0.0,0.43293677518099116,0.22077980950508067,0.308823529,1.0,0.9690003682209618,0.8736263736263737,0.5950633670285488,0.9392208733649448,0.9797297297297297,0.9999999999999999,0.877516314761287,1.0,1.0000000000000002
0.9482150340599316,0.7142857142857142,0.5320082062499457,0.4591050388871554,0.5,0.5461092431742229,0.45842276578450575,0.34179758189390924,0.7839487751232503,0.4988780633391119,0.6504534090168402,0.0,0.0803878212738997,0.025377659233728474,0.361111111,0.8249999890274999,0.918267298681592,0.7445054945054946,0.24546337349956768,0.7759828777557991,0.9391891891891893,0.5744075755409644,0.7527979874166695,0.7396587660984006,0.7131211239451521
0.9668381619712649,1.0,0.7902654067720202,0.7302235540835169,0.75,0.7828379668224312,0.7260323598032351,0.5927989767174293,0.9014081641728853,0.7278208517564587,0.7713643471875593,0.0,0.09588718146170438,0.15449584760234578,0.371794872,1.0,0.9416944860845118,0.8543956043956045,0.42218169413138695,0.8803110574011055,0.9797297297297297,0.856774582951128,0.851918653405604,0.8814874742859065,0.8888975619289184
0.9769193857135816,1.0,0.9841915651393158,0.9636444502319912,1.0,0.992350001446855,0.982185281797359,0.9741067864770092,0.9406638748748584,0.959632976162061,0.8878664240513472,0.0,0.2758100047728712,0.36754739322110624,0.308823529,0.8249999890274999,0.9651136914792121,0.8461538461538463,0.45175262725168197,0.9283859157140704,0.9797297297297297,0.9684486672708011,0.8386653986517192,0.9727333124305741,0.9730476290442661
0.9446294662685751,0.7142857142857142,0.3752678725207406,0.4479165375080763,0.4375,0.38907412563027544,0.4081065433520367,0.26445199348966497,0.7811868198710612,0.42233160831473837,0.6236831609875981,0.0,0.13368778136488915,0.01564143605558979,0.357142857,0.8249999890274999,0.87925509739391,0.7802197802197803,0.22078337181511853,0.785614567766304,0.8783783783783784,0.45492666723354874,0.7988025691357041,0.7377422963970222,0.6703002037748179
0.9626660546422497,0.8571428571428572,0.6567486110770013,0.6078178028851899,0.625,0.6580891845154982,0.5828978716653803,0.4614416549290336,0.8355602201532129,0.6226515834399727,0.7181815257706804,0.0,0.07006824454333849,0.2647869424387748,0.363636364,0.8249999890274999,0.9307975268828043,0.7390109890109892,0.25564475542200094,0.8111595913630392,0.9662162162162162,0.7398545869466776,0.7878542282520602,0.7981617039860889,0.7988537554436567
0.9412922570529956,0.8571428571428572,0.5440675535611534,0.4191682293009569,0.4375,0.5358277885082273,0.39187070655017503,0.1840621645405394,0.7593187373651717,0.41153684517917133,0.504232483508263,0.0,0.009478251643179624,0.1055934433327548,0.607142857,0.8249999890274999,0.8665701997188975,0.7197802197802199,0.09670791605332214,0.7320025572302529,0.9797297297297297,0.7652135158753606,0.7116562117897283,0.6850655052593018,0.7188562309158905
0.976640550634414,1.0,0.8645432786900759,0.9755253025496575,0.9375,0.852044751469189,0.9160926875840171,0.9366678176758017,0.9205507061269134,1.0,0.9235876381282755,0.0,0.8199846820930425,1.0,0.233333333,0.8249999890274999,0.9754896154319523,0.7719780219780221,0.5561851767348651,0.8910611168484639,0.972972972972973,0.7871620345940772,0.8828475992822911,0.9578752299136641,0.8982586084048866
0.9632165041860938,0.8571428571428572,0.6704834069960458,0.7150873189843547,0.6875,0.6524298601186049,0.6349047206492264,0.5608410927498193,0.8182966614781368,0.6690754008767447,0.8074063520477112,0.0,0.07682623510540909,0.3610392232219309,0.257575758,0.8249999890274999,0.9504502998684208,0.7747252747252749,0.4296719627595506,0.8207760979863705,0.9594594594594594,0.6088021452526604,0.7906932075312594,0.809317220229357,0.762511000070063
0.9633734169033972,1.0,0.6983175323343883,0.7186713989964391,0.6875,0.6716399553656984,0.6457927846924431,0.5027951230297779,0.8506087085997291,0.6642458909920893,0.7641206895751963,0.0,0.16329781600710086,0.23487269240174125,0.348484848,0.8249999890274999,0.9348316259950318,0.8186813186813188,0.343912774153591,0.8389534350408085,0.9797297297297297,0.7380283265098704,0.7954529483689925,0.8256071875532847,0.8199210483347418
0.6624251307404594,0.0,0.0688579061636601,0.014979345232613267,0.0,0.06122932206595945,0.020835489069481815,0.023111541264977557,0.5125859350895523,0.007754829226185242,0.008217608934585341,0.0,0.0,0.08679621298956339,0.0,0.6769230744353847,0.007779734608947653,0.3653846153846154,0.0,0.5167789445867403,0.31081081081081086,0.048213272831770085,0.5950050829909537,0.4281020525892863,0.32949974222925227
0.641075565291827,0.14285714285714285,0.020465520495368632,0.10029648559575588,0.0625,0.020803987822375386,0.05456905282156547,0.0007183283032410347,0.37474915571569184,0.15789650871921815,0.5163397605173394,0.0,0.0,0.3571360972586058,1.0,0.5499999849849999,0.06029294658019091,0.046703296703296704,0.0035131921394200515,0.39729399540254534,0.10810810810810811,0.048213272831770085,0.5594991028638088,0.35606568817105083,0.17318183345514557
0.641075565291827,0.14285714285714285,0.020465520495368632,0.10029648559575588,0.0625,0.020803987822375386,0.05456905282156547,0.0007183283032410347,0.37474915571569184,0.15789650871921815,0.5163397605173394,0.0,0.0,0.3571360972586058,1.0,0.5499999849849999,0.06029294658019091,0.046703296703296704,0.0035131921394200515,0.39729399540254534,0.10810810810810811,0.048213272831770085,0.5594991028638088,0.35606568817105083,0.17318183345514557
0.5931385036886397,0.0,0.025459803879948558,0.02674572948647034,0.0,0.01885221856816123,0.012168189508493708,0.007557815387462833,0.29802248334128995,0.004998594742179632,0.02913515894989338,0.0,0.0,0.1052558174226213,0.0,0.34374999350312496,0.007779734608947653,0.2472527472527473,0.0,0.35814438314991376,0.2364864864864865,0.03857061826541607,0.37341010133188424,0.26053439352479396,0.18629338851437707
0.8335218950140473,1.0,0.2808962554137737,0.6588523900912863,0.5625,0.2612129699438918,0.4019313258014262,0.07558919872115236,0.5074532144430306,0.5436804439933833,0.7455874589443483,0.3333333333333333,0.07433817905967366,0.047774836138282886,0.622222222,0.4400000018479999,0.8505320923188517,0.3159340659340659,0.07373872458636643,0.6031875234835609,0.9932432432432432,0.6551648075341795,0.5103744548082283,0.5833325680926957,0.4828852758686909
0.8430620961593447,1.0,0.3017731937781917,0.7152094629101446,0.5625,0.26145159613773106,0.42700309526619457,0.05281896299703153,0.5701968458449345,0.4540391800254422,0.661554106588841,0.0,0.051807845954785964,0.1695771877319298,0.844444444,0.4400000018479999,0.767308723798593,0.3324175824175824,0.045074812797747554,0.6741709499295796,1.0,0.844053696535566,0.5875328520498273,0.6381444386939619,0.5425638972279901
0.8457198811561852,1.0,0.3241681467171876,0.8062144127454546,0.625,0.277898654431147,0.47405632786716834,0.07256671681621761,0.5735631406597514,0.514201236702535,0.7338149999961452,0.0,0.05564178108001981,0.1699029614651353,0.727272727,0.4400000018479999,0.7904374457096008,0.32967032967032966,0.04450043377769796,0.6810007174113477,1.0,0.8064765638629178,0.5878842108715105,0.6624150227727281,0.5489736497393616
0.8554097036763806,1.0,0.3521245300786251,0.8544088278566396,0.6875,0.31554593949207677,0.529603517867237,0.10894737504192357,0.5895705018563344,0.6028735725663412,0.7945922574331461,0.0,0.17645072463406278,0.14384235186721378,0.606060606,0.4400000018479999,0.834517170272085,0.3434065934065934,0.11659346358193866,0.6997446350874195,1.0,0.764691727248006,0.5978721709758874,0.7058920283155465,0.5664110106597899
0.8578826799028307,1.0,0.3054768103222863,0.7012907671116781,0.5625,0.274764548486656,0.43628214910333474,0.06826011419244787,0.5927509076454089,0.47053327548386825,0.6560555595715454,0.0,0.28739394284063974,0.11754903139963933,0.777777778,0.5499999849849999,0.795606668171235,0.3901098901098901,0.1500270694967534,0.6965536197249909,1.0,0.8217684500516668,0.5878842108715105,0.658812976632301,0.5690145654459904
0.8430620961593447,1.0,0.3017731937781917,0.7152094629101446,0.5625,0.26145159613773106,0.42700309526619457,0.05281896299703153,0.5701968458449345,0.4540391800254422,0.661554106588841,0.0,0.051807845954785964,0.1695771877319298,0.844444444,0.4400000018479999,0.767308723798593,0.3324175824175824,0.045074812797747554,0.6741709499295796,1.0,0.844053696535566,0.5875328520498273,0.6381444386939619,0.5425638972279901
0.8371767749568002,1.0,0.28932345001913523,0.695150165644847,0.5625,0.2568263123196251,0.4030830317678783,0.054825761484714526,0.5148793758851826,0.4848686074481311,0.7040428801509107,0.3333333333333333,0.024871606788617523,0.1298347616758176,0.777777778,0.4400000018479999,0.795606668171235,0.3131868131868132,0.03619964417954376,0.6183647847035014,1.0,0.7703409593525338,0.5100605742608584,0.5820736420750008,0.5008436182154111
0.8370485154770677,1.0,0.27137683343549535,0.6438079172497736,0.5,0.2331805051691228,0.35955174584553196,0.033286273228028525,0.5142496348574388,0.39625547019775353,0.599443616908431,0.0,2.515144583363102e-05,0.17590621440430512,0.972222222,0.4400000018479999,0.7358227373359849,0.3159340659340659,0.02884032240013395,0.616088195542912,1.0,0.8556516668989125,0.5097513784977772,0.5592840155104846,0.5007054856915294
0.854993118498324,1.0,0.29761686510437996,0.6994485864567078,0.5625,0.26858071229530667,0.42199141746055774,0.06463588564912086,0.555763689133044,0.4856310023705923,0.6677857931087356,0.0,0.09769196066195801,0.11550143355839698,0.777777778,0.4400000018479999,0.795606668171235,0.34615384615384615,0.12375920210504907,0.657957207591235,1.0,0.8046259533126667,0.5470984788505413,0.6277981292589099,0.5376416215923053
0.5939275193478349,0.0,0.02851290949788332,0.06972993760507773,0.0625,0.025325761768615472,0.046716154285804314,0.01737217248089863,0.2999561860238807,0.14470372890742053,0.5163397605173394,0.06666666666666667,0.02484645534278389,0.1052558174226213,0.0,0.34374999350312496,0.5679206623022083,0.2472527472527473,0.0066750650648980964,0.36113729717839854,0.2364864864864865,0.04339194554859308,0.37390200368224047,0.26917151593310157,0.1894151925939532
0.6312362654338728,0.0,0.028995840311434755,0.014328069358541064,0.0,0.028342581152310357,0.016204413008155533,0.008135251266816766,0.366686192959311,0.028837857456547655,0.10682891614960888,0.0,0.0,0.10764472931364545,0.0,0.34374999350312496,0.007779734608947653,0.11263736263736264,0.0,0.3884605199224838,0.08108108108108109,0.019285309132708033,0.5484289575886478,0.35174242486331625,0.1829033040757523
0.8984401129385196,0.5714285714285714,0.19016644774202768,0.29294389108060254,0.3125,0.21009977392852092,0.2605296424451176,0.09629985439720246,0.5700760516536569,0.4513504660046761,0.6744567125925306,0.2,0.08479777370470576,0.0420588284055073,0.333333333,0.4400000018479999,0.8484666969992687,0.25824175824175827,0.08394577438241715,0.5898250195520554,0.6081081081081081,0.2474948005203487,0.7376427102414072,0.5734210141438512,0.39570677138142174
0.9085116884296371,0.42857142857142855,0.2261586413632274,0.35312178244665293,0.3125,0.22820322600967075,0.266931026384241,0.052077231393187554,0.5992272548037272,0.3853994279863052,0.6043165150374762,0.0,0.005863822840447357,0.09865508586042812,0.666666667,0.34374999350312496,0.6914772393466925,0.2967032967032967,0.030875553992897056,0.6190723671052891,0.6148648648648649,0.3519568916719217,0.7518938240488717,0.6045329219419633,0.4310875790760539
0.9591031707213327,0.5714285714285714,0.3700509049567783,0.6722097482384584,0.625,0.384811898576229,0.570306660012049,0.2710227811576334,0.7285738953196124,0.7732509646726127,0.8911524585406061,0.0,0.4221153625363225,0.07284265583437376,0.290909091,0.4400000018479999,0.8829141810347649,0.4065934065934066,0.2818858400285623,0.7581644809204342,0.6148648648648649,0.38868663952889076,0.8785797607949144,0.7802118424854949,0.5652424499691459
0.9586169118362884,0.5714285714285714,0.40054666447697673,0.7538797436638125,0.6875,0.4096188754454688,0.6264007829445886,0.30287117080993337,0.7287226432210225,0.8708564280426668,0.9505799475794547,0.0,0.5028638887507644,0.3636357093415099,0.257575758,0.4400000018479999,0.8997518044676719,0.39560439560439564,0.22496885648267995,0.7571790392627245,0.6148648648648649,0.37840114129263763,0.8722225085145956,0.7979986260591865,0.5679526685158005
0.41004801703818183,0.0,0.004733596545174477,0.0,0.0,0.007489497309575028,0.00854657190100306,0.002545753309472392,0.20141001293225064,0.08776790209570659,0.39170602563263124,0.0,0.0,0.07181137321291284,0.0,0.2588235128341174,0.007779734608947653,0.008241758241758242,0.0,0.2265520359779492,0.0,0.0,0.3284174330192966,0.19183693405280472,0.0746103795434869
0.574899177620607,0.0,0.01676875700605121,0.0042984208118607425,0.0,0.022256463238859082,0.013157722757709031,0.006128369990378745,0.29477459563915404,0.05392936943452653,0.1424385543676101,0.0,0.0,0.08614470133033346,0.0,0.4400000018479999,0.007779734608947653,0.04395604395604396,0.0,0.3162281385765045,0.060810810810810814,0.014463981849531028,0.47930496540286804,0.2917398110082478,0.13164060612516934
0.761420709294689,0.14285714285714285,0.0533496722436297,0.17623525328629036,0.1875,0.07863686456418031,0.14544971904518342,0.03595273256038338,0.4452281732333088,0.41489679204037755,0.8213956652647568,0.13333333333333333,0.09472064018534684,0.19946934473825467,0.166666667,0.6769230744353847,0.7296613551736373,0.07417582417582418,0.029209683215317236,0.47282412609424157,0.16216216216216217,0.05223104555167984,0.6560946701209145,0.44742185746039226,0.22892919537982973
0.691303877296535,0.14285714285714285,0.0298218831381619,0.054446663631230775,0.0625,0.0429233708149642,0.053846191821510285,0.00213190547801641,0.3565433146537588,0.1649685679949978,0.3560963866668275,0.0,0.0,0.19946934473825467,1.0,0.5499999849849999,0.2871500222959614,0.05219780219780221,0.0035131921394200515,0.3788987987629792,0.14864864864864868,0.07714123653083214,0.5578078957354409,0.35458874061544127,0.1721717699695081
0.2957519909667383,0.0,0.0017510458764669811,0.0,0.0,0.002593824317955547,0.00286487496347982,0.0018680465397143296,0.07582516528684596,0.10182464122425003,0.39170602563263124,0.0,0.0,0.07181137321291284,0.0,0.11578946687578928,0.007779734608947653,0.002747252747252748,0.0,0.08523874033571571,0.0,0.0,0.14654005256327984,0.07197380288062144,0.02369804482959373
0.439366506743493,0.0,0.011660811001527376,0.057312277477148475,0.0625,0.015721723239008722,0.03423836175637004,0.008030201256690846,0.1446848925108462,0.2499635919070767,0.6908269905524147,0.06666666666666667,0.02484645534278389,0.21514476180866224,0.0,0.18333333602833335,0.5679206623022083,0.024725274725274728,0.0058553202335378165,0.16006448086008412,0.013513513513513514,0.009642654566354018,0.22948415840192649,0.14375085261094417,0.05968613690406807
0.6150554109506905,0.14285714285714285,0.03257715020723737,0.10172929256169894,0.125,0.0488012793599769,0.07502887755991172,0.016640959203191325,0.23759691871425254,0.32516417685746524,0.5929004841442569,0.0,0.04959231720122878,0.041802628025084644,0.333333333,0.2588235128341174,0.6298473540016924,0.057692307692307696,0.015926471030866505,0.2534655294926615,0.14864864864864868,0.06107014560297987,0.330000890109015,0.23763912823846173,0.1236551549959107
0.3466396129285447,0.0,0.005731445295069029,0.0,0.0,0.009826556787502381,0.007911853139060891,0.003812430359803301,0.1799805163680694,0.09091696571738317,0.26707229000012067,0.0,0.0,0.07181137321291284,0.0,0.18333333602833335,0.007779734608947653,0.013736263736263738,0.0,0.1967419268355785,0.013513513513513514,0.004821327283177008,0.31857938601217106,0.18386818212023687,0.06810798335095039
0.29245572615795234,0.14285714285714285,0.01148763064011855,0.09313245093797745,0.0625,0.011905254823821225,0.030781748643189284,0.0005246798198689436,0.10329747001913475,0.22090785329184007,0.5163397605173394,0.0,0.0,0.39296941755215736,1.0,0.054999991568499995,0.06029294658019091,0.016483516483516487,0.0035131921394200515,0.1240025837107897,0.08108108108108109,0.048213272831770085,0.19265706910525304,0.11178144767094039,0.04572737039036304
0.3848964250605491,0.14285714285714285,0.032596392469616126,0.21492104059303704,0.1875,0.043397832802233735,0.09768359328958245,0.015966022670175592,0.1757484988108245,0.5117739044190157,0.9044848221038297,0.13333333333333333,0.07433817905967366,0.39296941755215736,0.166666667,0.11578946687578928,0.6729470862446947,0.030219780219780223,0.02318706812017234,0.20750116871735874,0.08783783783783784,0.03535640007502429,0.28517687403083525,0.19804181036245833,0.08279940427736096
0.29245572615795234,0.14285714285714285,0.01148763064011855,0.09313245093797745,0.0625,0.011905254823821225,0.030781748643189284,0.0005246798198689436,0.10329747001913475,0.22090785329184007,0.5163397605173394,0.0,0.0,0.39296941755215736,1.0,0.054999991568499995,0.06029294658019091,0.016483516483516487,0.0035131921394200515,0.1240025837107897,0.08108108108108109,0.048213272831770085,0.19265706910525304,0.11178144767094039,0.04572737039036304
0.24925432450511886,0.0,0.005426317990809768,0.007164034700762642,0.0,0.005431713710427879,0.0042074353519577085,0.0033186866107981165,0.10090190114946013,0.0812999334630281,0.1922920487701748,0.0,0.0,0.10764472931364545,0.0,0.054999991568499995,0.007779734608947653,0.019230769230769232,0.0,0.12052848816497758,0.033783783783783786,0.009642654566354018,0.19248841687084517,0.10290586103322968,0.040423761762293633
0.5448989862921341,0.14285714285714285,0.029171269766197196,0.1103261341854204,0.125,0.038805015303321796,0.0803325976429381,0.02891187690024385,0.27063216511337934,0.32438173384227753,0.6469084359774839,0.1,0.12342753498870515,0.15064474947308837,0.0,0.18333333602833335,0.7546343052400557,0.09340659340659341,0.025495737239860775,0.30550875818243,0.10135135135135136,0.04339194554859308,0.3978037731252666,0.28005387362692463,0.1425203060594197
0.943509352075821,0.7142857142857142,0.45249443430597325,0.39861677746733215,0.4375,0.47808132234842227,0.4033319326852037,0.2872800241964444,0.7703629599036765,0.4394250660925094,0.6370587722077323,0.0,0.19997244902014086,0.11546401505419829,0.357142857,0.8249999890274999,0.8868939845665893,0.7500000000000001,0.20309488186709093,0.764248163844548,0.9256756756756757,0.4810995868258962,0.7710405374384537,0.7246644795551185,0.6713883594483545
0.8883733410946029,0.42857142857142855,0.2520666451008498,0.2271566353475961,0.25,0.26255387943347697,0.21797683209826452,0.14217791500236804,0.6456203130421034,0.27762712287551683,0.5202727876713006,0.16666666666666666,0.025145118000437183,0.035601182338795445,0.3,0.6769230744353847,0.8458331989088462,0.6181318681318683,0.07852516732910819,0.6474208307182159,0.8986486486486487,0.2849404424357613,0.6639885316480603,0.5690866377941786,0.5166936361432497
0.9391263637054104,0.7142857142857142,0.36577024182733836,0.3391574789419096,0.375,0.3951613204671456,0.3415385438059689,0.2764618931190487,0.7398795878594573,0.384508044391773,0.5576415465625637,0.0,0.14266465215679552,0.038408895019396566,0.285714286,0.8249999890274999,0.9068802307318169,0.7912087912087913,0.22615609922395963,0.7416951452175304,0.9121621621621622,0.4056802528135474,0.7425102011177895,0.6855857804649788,0.6380883462005001
0.9651533968954958,0.8571428571428572,0.6563566052063271,0.60278655978343,0.625,0.6591380891419394,0.5983660299132091,0.5186196893217977,0.862809566401727,0.5781949378187599,0.7067390854874684,0.0,0.11824535937683352,0.0675158721596267,0.309090909,0.8249999890274999,0.950911926570597,0.8324175824175826,0.3666915701399384,0.8628814765150967,0.9527027027027027,0.6783169185388065,0.8266348725972914,0.8284036092877918,0.8145772179077266
0.827359238301788,0.14285714285714285,0.1343988961003477,0.11459445401601986,0.125,0.14068783328340562,0.11675433304969024,0.05731312946350681,0.5905712397985772,0.15275757732795234,0.4030363650996227,0.0,0.01930820536218248,0.022563107381546533,0.333333333,0.6769230744353847,0.7064955116030693,0.4862637362637363,0.018737024742402544,0.5992983684608852,0.6216216216216216,0.1639251276280183,0.6580575947380505,0.509505394462139,0.42191967421902477
0.9251979122738011,0.42857142857142855,0.21347086215952762,0.28430983368650775,0.3125,0.2511364792666519,0.28414319944617267,0.24662690929990505,0.6832059644268638,0.4057285722769677,0.6831655222718566,0.0,0.4918978460683057,0.18750190449444215,0.066666667,0.6769230744353847,0.9059069320964208,0.5576923076923078,0.21743452859570855,0.7065677936357817,0.4662162162162163,0.16521081491960327,0.7614039361557599,0.6289318296178052,0.5031289674939791
0.6256296671095224,0.0,0.038230138739199775,0.01289526243558222,0.0,0.03793542051318511,0.01629739199158213,0.00878441797086674,0.3967257273861628,0.015130446887117524,0.1424385543676101,0.0,0.0,0.11481139337235576,0.0,0.5499999849849999,0.007779734608947653,0.12912087912087913,0.0,0.4139274477993243,0.060810810810810814,0.014463981849531028,0.4925113723138619,0.3401377346331583,0.21779428553776006
0.9798091966447933,0.8571428571428572,0.5247952822969477,0.7392339089474443,0.6875,0.5159670624641984,0.6908330091944366,0.3958701820684619,0.9176397021803477,0.6317812200815314,0.8337950114620051,0.0,0.35333518564405164,0.05416709829239492,0.333333333,0.6769230744353847,0.9060342151599843,0.7280219780219781,0.5268772397728502,0.9442632055009923,0.8108108108108109,0.5560597464990374,0.9608305185587731,0.909961402547292,0.7892746625649206
0.9591661312995208,0.8571428571428572,0.34472537085130744,0.4756236744889893,0.4375,0.338592897913368,0.42743488908540056,0.2054765928349306,0.8397748251113082,0.383720873052829,0.5925862815002859,0.0,0.19295490660616316,0.05754009894025425,0.392857143,0.6769230744353847,0.8763635468592266,0.6950549450549451,0.24812827128382905,0.8573324433553913,0.8175675675675675,0.5007292766165834,0.902331617140689,0.78268566937463,0.7052556603451298
0.9341859409363789,0.7142857142857142,0.2741406290216178,0.4148999515948814,0.375,0.27282035526347,0.34165917980391824,0.06379478610446826,0.7266367827082185,0.3428216290928843,0.5959460448205831,0.0,0.013896475148471322,0.11663379985196595,0.714285714,0.6769230744353847,0.7538593704316655,0.4120879120879121,0.05117243843065957,0.7541083032624512,0.8108108108108109,0.46146989708342234,0.8241519369240646,0.6856085766952937,0.55918536052889
0.9401803529771832,0.7142857142857142,0.2872212472859527,0.49851447092552587,0.4375,0.284786700446582,0.39068636914578186,0.07750230809187109,0.7170289398273788,0.4078171674465878,0.6775217146359718,0.0,0.012025478156350562,0.14101909887003636,0.642857143,0.6769230744353847,0.7653346908251624,0.3543956043956044,0.06467536564799643,0.7504377663446145,0.8040540540540541,0.46560246333992067,0.8040916905981066,0.6912531719179862,0.5525908431907424
0.9376116230288083,0.7142857142857142,0.31816255542642996,0.5523470743241051,0.5,0.3133817596158539,0.4494077845970449,0.10077612173546174,0.7401751825788068,0.48718529695575374,0.764245686244017,0.3,0.06416505261823907,0.16745203153653015,0.583333333,0.6769230744353847,0.7959155119542554,0.38461538461538464,0.04915753315230261,0.7751151966192433,0.8108108108108109,0.47128474193055264,0.8197013918494123,0.719778716082023,0.5805110256203081
0.9268897095283772,0.7142857142857142,0.2630598348410566,0.4374154894469114,0.375,0.2516922239273162,0.33008882896687625,0.04051606821899127,0.6930308241671357,0.33194099959790335,0.5863588350200689,0.0,0.002447918273863529,0.16712625780332466,0.857142857,0.6769230744353847,0.6989829530138127,0.3543956043956044,0.027028064599995273,0.7220115950082904,0.8108108108108109,0.5096831698669791,0.7812721063258643,0.6468560473649696,0.5338013843966647
0.9270981489939868,0.7142857142857142,0.2766173831616933,0.4896105991210023,0.4375,0.27029169524766117,0.38126270197791384,0.07110872557060205,0.6940266484726119,0.4254084231494192,0.7152998893655496,0.26666666666666666,0.027294373616647417,0.11798337250579262,0.642857143,0.6769230744353847,0.775965937095282,0.3516483516483517,0.03752756240639358,0.7242744559925869,0.8108108108108109,0.4497609594370324,0.7817405847547751,0.6638503594794798,0.5340104522923249
0.916208871737413,0.7142857142857142,0.2171715788946817,0.36362593203335464,0.3125,0.210527147648006,0.2739333959757935,0.02921676604363574,0.665615542691701,0.2846002656183153,0.5293053217627133,0.0,0.0028372060799887557,0.12635999701941023,0.866666667,0.5499999849849999,0.6889976903888373,0.3021978021978022,0.02290494814640473,0.6949076108946197,0.7972972972972973,0.4403478918474291,0.7550513686597302,0.6173512130454994,0.4928336465766162
0.9267421475231883,0.5714285714285714,0.3059387142883192,0.2397346516316011,0.25,0.3006287698776505,0.23877429437655462,0.1229806167263136,0.7478645563610613,0.2171766384492914,0.38961134059168856,0.0,0.029713924257349447,0.01951949699217889,0.4,0.6769230744353847,0.828801631160853,0.7500000000000001,0.06894295839379738,0.7577766286898608,0.777027027027027,0.3615995462382757,0.7766013763896245,0.6449086635321049,0.6070029672057533
0.9109637142218538,0.42857142857142855,0.16372133434978176,0.26261304295462723,0.25,0.1809788568105195,0.24936732633157027,0.11500762083573868,0.7719962192178718,0.30873665619752744,0.6351782016924913,0.0,0.30075514725568886,0.1871836144620764,0.2,0.8249999890274999,0.7721480445391711,0.45054945054945056,0.10054421313627213,0.7966810504539925,0.49324324324324326,0.1639251276280183,0.9117011857189039,0.6934613865148385,0.5354237071654399
0.9285601648499244,0.5714285714285714,0.2890601681489831,0.24483631270964293,0.25,0.28411839224391405,0.2381173365295886,0.14004503234398513,0.7401499467938468,0.21987575478232121,0.4180990514652106,0.0,0.009795159860683375,0.06573056191958573,0.3,0.5499999849849999,0.8397508302257591,0.7280219780219781,0.08692898497560263,0.7534057500300408,0.7635135135135135,0.2974758933720215,0.7742777233822271,0.6433857681638071,0.5871547334578874
0.978101980704901,0.5714285714285714,0.34682356561365907,0.44065636204927255,0.4375,0.35742379089336235,0.4396948696718823,0.2799059591541166,0.8516749564758677,0.446643325138833,0.7694275897902678,0.0,0.5802439045778497,0.06686296402033576,0.178571429,0.5499999849849999,0.906641397843067,0.6703296703296704,0.2604907597000529,0.8768770419830576,0.6891891891891891,0.26310671744648634,0.9762809371442494,0.8090250859655836,0.6497878405748756
0.9451254449931697,0.7142857142857142,0.4067163791810867,0.5808047289038736,0.5,0.3684738641695484,0.4248325002658424,0.15222186033058352,0.6886158841579899,0.4374473028317363,0.7091549434386671,0.0,0.010035076366246523,0.01598271429819053,0.472222222,0.6769230744353847,0.838372602352888,0.5082417582417583,0.12386612695097843,0.7082716529230939,0.8243243243243243,0.5227122331118182,0.7154930501225072,0.6517894399944169,0.5865930513224383
0.981381435329794,1.0,0.7466248279487505,1.0,0.9375,0.7066790550426933,0.8762909834533162,0.6361447159023285,0.8499792609157661,0.8446632166294767,0.9303467347335168,0.0,0.34540368642466274,0.2614253642816709,0.283333333,0.8249999890274999,0.9465943210900724,0.7335164835164836,0.49270754692503455,0.8701969174921145,0.8310810810810811,0.7266543771902058,0.8172418800976311,0.8871357321378797,0.8149765556560288
0.8330456051510834,1.0,0.2445861063050573,0.5728839738540714,0.4375,0.2076377892469426,0.31312450375748396,0.02477299441442385,0.5003487355378686,0.34085805080338005,0.5500899072744976,0.0,0.0,0.12899708848230151,1.0,0.4400000018479999,0.7294305569463543,0.31043956043956045,0.024592344975940362,0.5959783245496999,0.9932432432432432,0.7810550198746754,0.5085005410925854,0.5308127608401103,0.4709737909832078
0.5953996907685758,0.0,0.024023048282587205,0.03343216187958003,0.0,0.015562069342159765,0.012198117841640453,0.006701013005852404,0.30038186304114384,0.0,0.02913515894989338,0.0,0.0,0.1136169374268437,0.0,0.34374999350312496,0.007779734608947653,0.26373626373626374,0.0,0.363007868614214,0.2364864864864865,0.03857061826541607,0.3731664925488507,0.25987820107747345,0.1894666415220739
0.7704197713398093,0.2857142857142857,0.0898160085447298,0.16620560473961002,0.125,0.07908430119999427,0.09771011260922999,0.0054653979405428574,0.4313230522806027,0.10593563503090245,0.2658853017354729,0.0,0.0,0.08436827127119324,1.0,0.34374999350312496,0.5650773802315462,0.3076923076923077,0.007026384278840102,0.4993377829461599,0.6824324324324325,0.26999432785791255,0.5303972228598735,0.39179936088903317,0.30282302984427345
0.9455515688027627,0.8571428571428572,0.4479413467302572,0.5308239571586439,0.5,0.42004776635386737,0.4372526502050976,0.1343225904900928,0.7235923530638668,0.4380256713936034,0.6446212015368056,0.0,0.012590450963947918,0.13073445290691466,0.638888889,0.6769230744353847,0.8240255436093203,0.5137362637362638,0.06992771788453857,0.728374381375708,0.8310810810810811,0.669896640631591,0.7514440847571173,0.6820028636468134,0.6346318057966724
0.8672438146616116,0.2857142857142857,0.1713286957411816,0.23098584565875482,0.1875,0.15559436723553996,0.15846036914150524,0.02709033370164531,0.5613316232952659,0.18457011782604535,0.4660069060734304,0.0,0.0016431642496537186,0.24938784938454078,0.666666667,0.6769230744353847,0.6384245119569956,0.3434065934065934,0.01628843628148817,0.5789508832156249,0.6824324324324325,0.2474948005203487,0.6576640728577652,0.49442800634767975,0.39311690147368317
0.947386964373842,0.8571428571428572,0.49141134443692014,0.708600563540334,0.625,0.4524707602508526,0.5433890374844739,0.2412566719644079,0.7309488651368943,0.5931059904835865,0.7920928878997514,0.0,0.05731218145524741,0.49573824721485477,0.436363636,0.6769230744353847,0.8831729919098419,0.5082417582417583,0.1296973613118587,0.7396886862971901,0.8310810810810811,0.6136234725358374,0.7523435633406261,0.7173868169897923,0.6478258281289073
0.9660614385138169,0.8571428571428572,0.5906962600380358,0.7555809335371012,0.6875,0.5563124351439306,0.6347387986709883,0.4291833830670925,0.8152181941941834,0.6331511100401982,0.8129496782212577,0.0,0.1610010154911629,0.28999537693485444,0.318181818,0.6769230744353847,0.9182557833044005,0.6813186813186815,0.3478930787038,0.8204749481878282,0.8310810810810811,0.6322513276413004,0.7959307963664815,0.8023305591227783,0.7486096265080083
0.9208043322691595,0.7142857142857142,0.32863612903758704,0.3242268425542522,0.3125,0.308028571571386,0.2644857013879512,0.041734182420308255,0.6453226086620942,0.26284430235096035,0.41472216646088134,0.0,0.00040033230410009275,0.1377925495926772,0.933333333,0.6769230744353847,0.7513162858086639,0.46153846153846156,0.021929300291623544,0.6493021320941128,0.8310810810810811,0.633522405009459,0.6715731974121253,0.5754261762745254,0.544573699400369
0.9621148816430487,0.8571428571428572,0.5850145639363459,0.7132897494897803,0.6875,0.5583983231050131,0.6184297097154169,0.34540109471201896,0.7823355903360534,0.6417038911834918,0.8201040437387778,0.4,0.04757544182327295,0.09818973573548434,0.393939394,0.6769230744353847,0.907884562294889,0.6373626373626374,0.19490220099035324,0.7890765265487076,0.8310810810810811,0.6489798724517578,0.7775336484631568,0.771712668452148,0.7134524364266179
0.9489029160293562,0.7142857142857142,0.3667278564901773,0.3944033695327621,0.375,0.3559856431498837,0.3574805330941462,0.16603199162312277,0.787039086611883,0.3389198163292093,0.5507221076596821,0.0,0.1852363152981806,0.0036814795126170006,0.428571429,0.6769230744353847,0.8527376517027713,0.631868131868132,0.10342603750119989,0.7901676031649856,0.7905405405405406,0.46560246333992067,0.8638273750685153,0.7156013387001587,0.6486036502275534
0.9376119338186214,0.5714285714285714,0.3911797739883486,0.5188497848356258,0.5,0.37895911615726263,0.42384231995420885,0.1805463917081039,0.6786880625486535,0.506486503661803,0.7671777080800837,0.3,0.06504187875618242,0.09970992960702084,0.416666667,0.8249999890274999,0.8703837332583091,0.46703296703296704,0.08767463608235607,0.6882813390629914,0.8243243243243243,0.4753025145058226,0.7219346285200299,0.6571964200031446,0.5681502440999314
0.7779307681456089,0.14285714285714285,0.0856930030051532,0.08531714036314261,0.0625,0.07847496498981446,0.06309564955411992,0.004655120019509418,0.4995585547270322,0.06417526874846566,0.24926747051721881,0.0,0.0,0.06069657356429586,1.0,0.5499999849849999,0.3617576817217094,0.29395604395604397,0.0035131921394200515,0.5165250340337781,0.4662162162162163,0.14463981849531027,0.5925034081805702,0.42571528941468567,0.3172690042629279
0.8967876720683694,0.42857142857142855,0.291875915919302,0.26463692378913567,0.25,0.29179742181402935,0.225858622063526,0.08257496181486487,0.6813995762845328,0.25813262229431133,0.4554034806539557,0.0,0.00898167969915378,0.27320829012152564,0.6,0.8249999890274999,0.75424369768582,0.6236263736263737,0.02997923958854671,0.6738007425789692,0.9121621621621622,0.4146341463532228,0.7074164820080862,0.6045703141350511,0.5581829760720751
0.9112040242707413,0.5714285714285714,0.36015020851755436,0.24273258355044922,0.25,0.3517986003773135,0.22772581708306194,0.07641772392142324,0.7063767447947782,0.2197664359370762,0.29367637184653533,0.0,0.00011069095965901183,0.05446318787250881,0.7,0.8249999890274999,0.8057481585820716,0.6758241758241759,0.04193413056895645,0.6895361981405961,0.9459459459459459,0.5640952921317101,0.7044603831216592,0.6136312278889122,0.6125214479178495
0.9642773631861844,1.0,0.7469056564531206,0.6950086560437736,0.75,0.7650381487077007,0.7254141110929776,0.658670247936475,0.8924427074403258,0.7791541823158422,0.7983413461321491,0.43333333333333335,0.1907443466467951,0.14339225560139787,0.307692308,1.0,0.9623277712003913,0.8434065934065935,0.36849902528697404,0.8692230382196269,0.972972972972973,0.7721541081897946,0.8544905999803241,0.8842311847519964,0.8665861844449443
0.8571017279142146,0.2857142857142857,0.22409092461268004,0.18155062432486155,0.1875,0.2188812746298621,0.16615240610957793,0.06776523565857945,0.6169574032199934,0.23946746969995572,0.3906586827382587,0.0,0.14756984209061377,0.0008164037279715562,0.5,0.8249999890274999,0.768452683931275,0.5576923076923078,0.033218156209859996,0.6072604248658509,0.7972972972972973,0.28686897334903205,0.6612151393489087,0.5363036536752859,0.47775948054463246
0.9437332129801447,0.7142857142857142,0.41689823701581985,0.38168483967775413,0.4375,0.4387004619010113,0.42170325755767774,0.34844307128208457,0.8301597077156881,0.5137238651361019,0.6853668454323979,0.5333333333333333,0.42172847303432326,0.045293362684240925,0.25,0.8249999890274999,0.9444471295111002,0.8131868131868133,0.18861615295580228,0.8122177156070651,0.9324324324324325,0.43633011912751934,0.8462828579058077,0.7757894016163946,0.7127077720096053
0.8883994200770158,0.5714285714285714,0.3142859322785559,0.45490971913720374,0.4375,0.32286136340111865,0.38752814667700314,0.2674267075537457,0.7162403644444157,0.5352672429673749,0.7185651558862142,0.0,0.16619854639893836,0.34021079472641863,0.285714286,0.8249999890274999,0.8588532972380909,0.6428571428571429,0.15791647220006383,0.7106763947281074,0.8243243243243243,0.3994814034770131,0.7478555399916613,0.6528941399028374,0.6002503885124585
0.8607608458529417,0.2857142857142857,0.23477183783426597,0.16823811594342455,0.1875,0.23337126670852684,0.17503398609611445,0.07473353916961087,0.6732357926576995,0.2265536609897781,0.4262683217040624,0.13333333333333333,0.02484645534278389,0.018276235858893784,0.5,0.8249999890274999,0.7887862073891356,0.6016483516483517,0.021741728546223714,0.6620113856783556,0.8378378378378378,0.33026091889762516,0.7319272734086959,0.581755717937716,0.5277054970547406
0.802974320222628,0.14285714285714285,0.13411542674940427,0.06408554665346777,0.0625,0.1356650582836276,0.07106234743234299,0.009802813581111666,0.6022997090539062,0.06348795960725409,0.08308915683907303,0.0,0.0,0.12985026618521286,1.0,0.6769230744353847,0.4831944849653502,0.49175824175824173,0.0035131921394200515,0.6026817162855518,0.6418918918918919,0.2603516732915585,0.6841331040912222,0.5078055942065578,0.4289812793411958
0.9359608505458334,0.8571428571428572,0.3723255397197857,0.37337049826485086,0.375,0.37595161132631666,0.3436903477189192,0.209142895840006,0.7583799370871551,0.33923150743122277,0.5011266544443199,0.0,0.022394625988345743,0.016121109052954132,0.380952381,0.8249999890274999,0.8770993412601534,0.7582417582417583,0.1909105019635508,0.7607213003270881,0.8918918918918919,0.476393052934668,0.7609495120797165,0.6852372124006922,0.6572915282096347
0.9291564655281054,0.7142857142857142,0.3297617546280468,0.3535001427286332,0.375,0.3446356905298183,0.32644769820213926,0.1597501366146618,0.6866075218869669,0.3753905122590304,0.6042549611775125,0.0,0.05823023997566373,0.030276976781084097,0.428571429,0.8249999890274999,0.8618501464252075,0.6153846153846154,0.10235535035459324,0.7035497731873064,0.8851351351351351,0.4036139696852982,0.7057252748797183,0.6390227583753727,0.5691744250853731
0.802974320222628,0.14285714285714285,0.13411542674940427,0.06408554665346777,0.0625,0.1356650582836276,0.07106234743234299,0.009802813581111666,0.6022997090539062,0.06348795960725409,0.08308915683907303,0.0,0.0,0.12985026618521286,1.0,0.6769230744353847,0.4831944849653502,0.49175824175824173,0.0035131921394200515,0.6026817162855518,0.6418918918918919,0.2603516732915585,0.6841331040912222,0.5078055942065578,0.4289812793411958
0.8010039112583069,0.14285714285714285,0.15137598600241176,0.11517563455327626,0.125,0.1465641848809949,0.11476408982792194,0.05661611727037113,0.5821796187284447,0.1801160368476379,0.45402289307498533,0.1,0.02484645534278389,0.020191311323064957,0.333333333,0.8249999890274999,0.7148609844598242,0.5082417582417583,0.014387358284407547,0.579520162787488,0.6486486486486487,0.1639251276280183,0.6432630459530491,0.4943667524029491,0.4199545058972213
0.6648265242945853,0.0,0.07189690849250283,0.01322591020356665,0.0,0.06547330820783341,0.021854606456582326,0.02392105692241159,0.5317078589829216,0.00763454066982569,0.0,0.0,0.0,0.08383936339988325,0.0,0.8249999890274999,0.007779734608947653,0.3626373626373626,0.0,0.5369689556740003,0.3445945945945946,0.053034600114947095,0.6356081084246477,0.4511388102508917,0.34007464267113496
0.339645056037144,0.0,0.005984343599793752,0.007164034700762642,0.0,0.007489497309575028,0.00680149008158934,0.003743626590723202,0.16310701989831194,0.08088686709968024,0.1922920487701748,0.0,0.0,0.10764472931364545,0.0,0.34374999350312496,0.007779734608947653,0.024725274725274728,0.0,0.1753718279864412,0.033783783783783786,0.009642654566354018,0.2826986231418974,0.15553646442609265,0.0630156946709084
0.339645056037144,0.0,0.005984343599793752,0.007164034700762642,0.0,0.007489497309575028,0.00680149008158934,0.003743626590723202,0.16310701989831194,0.08088686709968024,0.1922920487701748,0.0,0.0,0.10764472931364545,0.0,0.34374999350312496,0.007779734608947653,0.024725274725274728,0.0,0.1753718279864412,0.033783783783783786,0.009642654566354018,0.2826986231418974,0.15553646442609265,0.0630156946709084
0.7544197213257091,0.42857142857142855,0.10134149897107321,0.3324112094362358,0.3125,0.125766635641463,0.21754139486735252,0.04753930613140022,0.4009318402729785,0.5304986338927002,0.7852464868584791,0.0,0.20219448394232692,0.16363598863752205,0.4,0.2588235128341174,0.7143352765152381,0.11813186813186814,0.05874280316705642,0.4496329621013763,0.3986486486486487,0.15910380034484128,0.5382020734855264,0.42406755112379096,0.24730126546153128
0.7208343876058897,0.2857142857142857,0.06340675312766893,0.22065226832785664,0.1875,0.07279818232858204,0.1216956833744009,0.008676702874348614,0.31555368764921526,0.3161232435695742,0.5721281947475381,0.0,0.001614077125254434,0.17080265269623238,0.833333333,0.18333333602833335,0.4744082465668127,0.08241758241758242,0.012045230193802972,0.35643195792145915,0.39189189189189194,0.16713934583287407,0.43502906908651395,0.3242310449901707,0.18797757670006557
0.7458601508380707,0.2857142857142857,0.08551611260086192,0.3281127886243751,0.3125,0.10756581799570547,0.2005516701449039,0.04290014650053464,0.33518404258718354,0.5585521570045577,0.8434088968701708,0.0,0.0825186037988424,0.0704692842599259,0.333333333,0.18333333602833335,0.7520151277125907,0.08791208791208792,0.05550843580283682,0.3795794525949449,0.39189189189189194,0.1317829457241005,0.4526157493078231,0.36609110432159436,0.2042978213784025
0.7794085334388121,0.42857142857142855,0.10215579651326699,0.24644279319902104,0.25,0.12802975890032595,0.18432880605011387,0.04027102173191121,0.4374810109830585,0.40778444744619446,0.6844064644805516,0.0,0.15332093233814617,0.041802628025084644,0.4,0.2588235128341174,0.7281832060012386,0.14285714285714288,0.048760876299197155,0.49204128076813963,0.40540540540540543,0.14560408395194568,0.5704287046102963,0.443292519355226,0.27272973165423486
0.8110216461141706,0.42857142857142855,0.0763994035807667,0.17766806020924922,0.1875,0.09570733003229173,0.15318554900033513,0.05631783288201951,0.492070544497141,0.32730308139185205,0.5454209655231853,0.0,0.377247981190605,0.11481139337235576,0.166666667,0.34374999350312496,0.7918992365263471,0.18131868131868134,0.0591596461898204,0.536673139259179,0.4121621621621622,0.1084798638714827,0.6608169326843347,0.4897544727729796,0.2957377031899291
0.6904070292741099,0.2857142857142857,0.0452193165900814,0.15331034230402782,0.125,0.05089944550027116,0.08136265143353053,0.0034567280263283736,0.28159358250772476,0.2244593918316505,0.43918554350590044,0.0,0.0,0.11346930441936884,1.0,0.18333333602833335,0.4071394695545626,0.07692307692307693,0.007026384278840102,0.3144170269318311,0.38513513513513514,0.14463981849531027,0.4071405482134576,0.287734578700142,0.15794950816322226
0.3831180645828093,0.0,0.013835186650327031,0.0,0.0,0.018649172588362795,0.00725826766545333,0.003997151006855709,0.1672736408006516,0.07203922768694565,0.26707229000012067,0.0,0.0,0.07181137321291284,0.0,0.11578946687578928,0.007779734608947653,0.024725274725274728,0.0,0.19338369931992277,0.013513513513513514,0.004821327283177008,0.28393540619422186,0.16719545677229214,0.06689118699491889
0.9575881758716662,0.8571428571428572,0.44112864990453476,0.600352309487729,0.5625,0.4496410291793966,0.5248972668467003,0.26004389778262105,0.7947599270373256,0.5568435299319915,0.7628400427974201,0.0,0.35745578575681125,0.06930587314038539,0.4,0.6769230744353847,0.8650870440068872,0.5961538461538463,0.21950204234541684,0.8182667561788028,0.8581081081081081,0.4898468519707841,0.8391713553549427,0.7879675477019923,0.6656481897586453
0.9375754831296526,0.8571428571428572,0.38761594459110804,0.5522168192782434,0.5,0.38276369249950287,0.426882859102239,0.13401830643577298,0.6801992071108194,0.4745451636245892,0.7249222226975671,0.0,0.009261155923799507,0.14455591737120577,0.555555556,0.6769230744353847,0.797199155550358,0.45054945054945056,0.0732738382043809,0.7115508169677767,0.8648648648648649,0.4928467888398426,0.7137831038569831,0.668342083302983,0.5623000057745223
0.9469046803631634,0.8571428571428572,0.455264949482541,0.6587159319943507,0.625,0.4609971156714157,0.5449380695072917,0.28567144583112725,0.7196191184070044,0.6293168177397628,0.8467753418050219,0.36666666666666664,0.07240760573326532,0.08517493544591882,0.363636364,0.6769230744353847,0.8834725855255824,0.5686813186813188,0.23981252578081394,0.7521871318862232,0.8716216216216216,0.47029856137181797,0.7358765465644135,0.7322144496220349,0.6140904743200897
0.6518935663637052,0.0,0.02714389911383896,0.025074121388192906,0.0,0.0220592777260378,0.0194607316199503,0.00786511541932244,0.46777212957170816,0.005819999145119062,0.042731566310283076,0.0,0.0,0.10764472931364545,0.0,0.5499999849849999,0.007779734608947653,0.1840659340659341,0.0,0.49707624141877366,0.20945945945945948,0.03374929098223906,0.6098464796188461,0.4011555060961591,0.2601369198111968
0.6284925124641254,0.42857142857142855,0.046373852332806886,0.2750989319590874,0.1875,0.042581057349083504,0.11441255161074246,0.002981599677273181,0.2817025062937402,0.27456524954390593,0.6035833755348771,0.0,0.0,0.16363598863752205,1.0,0.34374999350312496,0.33015250847250666,0.06318681318681318,0.010539576418260154,0.3200582737763527,0.5405405405405406,0.1639251276280183,0.3781042551895699,0.28486200519073007,0.16238245891469058
0.6284925124641254,0.42857142857142855,0.046373852332806886,0.2750989319590874,0.1875,0.042581057349083504,0.11441255161074246,0.002981599677273181,0.2817025062937402,0.27456524954390593,0.6035833755348771,0.0,0.0,0.16363598863752205,1.0,0.34374999350312496,0.33015250847250666,0.06318681318681318,0.010539576418260154,0.3200582737763527,0.5405405405405406,0.1639251276280183,0.3781042551895699,0.28486200519073007,0.16238245891469058
0.6284925124641254,0.42857142857142855,0.046373852332806886,0.2750989319590874,0.1875,0.042581057349083504,0.11441255161074246,0.002981599677273181,0.2817025062937402,0.27456524954390593,0.6035833755348771,0.0,0.0,0.16363598863752205,1.0,0.34374999350312496,0.33015250847250666,0.06318681318681318,0.010539576418260154,0.3200582737763527,0.5405405405405406,0.1639251276280183,0.3781042551895699,0.28486200519073007,0.16238245891469058
0.7170626341729939,0.42857142857142855,0.08867659171694699,0.3911562938793273,0.3125,0.10364606511122819,0.21857370652951386,0.04371371332989784,0.41335331982637286,0.4663458719653144,0.776937571249352,0.0,0.1421358568445134,0.00014322872420553627,0.4,0.4400000018479999,0.6846166892783982,0.12362637362637365,0.08953760521603804,0.4565342562445616,0.5405405405405406,0.15910380034484128,0.5153965435661516,0.43065674966972706,0.2585027525399918
0.6284925124641254,0.42857142857142855,0.046373852332806886,0.2750989319590874,0.1875,0.042581057349083504,0.11441255161074246,0.002981599677273181,0.2817025062937402,0.27456524954390593,0.6035833755348771,0.0,0.0,0.16363598863752205,1.0,0.34374999350312496,0.33015250847250666,0.06318681318681318,0.010539576418260154,0.3200582737763527,0.5405405405405406,0.1639251276280183,0.3781042551895699,0.28486200519073007,0.16238245891469058
0.29450978886405776,0.0,0.005676467401733622,0.042984208118607405,0.0625,0.01155679705068243,0.03507594032302041,0.007298334425456443,0.15873592348221893,0.289786669380094,0.7656072317823606,0.06666666666666667,0.02484645534278389,0.07181137321291284,0.0,0.4400000018479999,0.5679206623022083,0.005494505494505494,0.005269788209130077,0.16565442480056264,0.006756756756756757,0.004821327283177008,0.25466955874016783,0.15285466512419293,0.060882132043055065
0.170413822072484,0.0,0.0,0.0,0.0,0.0,0.003271352295941582,0.0019900699103548923,0.08791101177720079,0.11892358385757834,0.39170602563263124,0.0,0.0,0.07181137321291284,0.0,0.34374999350312496,0.007779734608947653,0.0,0.0,0.09159437744204163,0.0,0.0,0.16738265786551865,0.08069923220082037,0.027291564288721135
0.4372650052248578,0.14285714285714285,0.01177067971696092,0.042984208118607405,0.0625,0.021312145407702703,0.043412681663379964,0.012326066588412657,0.2544093382859925,0.24109495873686423,0.5661932549199041,0.0,0.04959231720122878,0.07181137321291284,0.0,0.5499999849849999,0.5679206623022083,0.021978021978021976,0.007611916303247842,0.2609639502449905,0.013513513513513514,0.014463981849531028,0.36101416210290616,0.2377023817605622,0.11753815956635577
0.8511079871862903,0.42857142857142855,0.17769390861760198,0.2776188686516362,0.25,0.17913485711944627,0.20968990950604344,0.0304005564333055,0.5801754393034202,0.2901908464947801,0.478561586535564,0.0,0.00574003345056203,0.10294482195756498,0.8,0.6769230744353847,0.672224817006608,0.2774725274725275,0.018907361332790314,0.6085937040391745,0.6554054054054054,0.37220646626126513,0.6760050033496208,0.543573241768982,0.4206549016896982
0.7974493771892865,0.2857142857142857,0.09293159226846967,0.14983854086914394,0.125,0.09111026536447006,0.09739780302920573,0.0067766447467422445,0.4246875697172306,0.15275871212565387,0.2982307240951989,0.0,0.0,0.08488854961186985,1.0,0.5499999849849999,0.535436207831759,0.2005494505494506,0.007026384278840102,0.4512012520075273,0.581081081081081,0.2507090187252045,0.5339623437038843,0.38649308382407593,0.27613605254939766
0.8872629028591164,0.5714285714285714,0.2786519206716436,0.484352441095058,0.4375,0.2780929117975406,0.3702879013456201,0.10932817783539386,0.6451323726514073,0.5079772495756801,0.7172725958682077,0.0,0.2082605699135601,0.31541643447201717,0.5,0.6769230744353847,0.7920725654147307,0.3351648351648352,0.08301256438152073,0.6874045830199116,0.6621621621621622,0.4098128190700458,0.7120778423757479,0.628885745098335,0.5043543093322115
0.900901279152069,0.5714285714285714,0.39779339671744696,0.8792875665470873,0.75,0.37636498921547806,0.6154520253101127,0.2374978841283388,0.6360396201299856,0.9151252646442807,0.9904894160170694,0.0,0.2633205162631278,0.6994072013755399,0.269230769,0.6769230744353847,0.8940292983235812,0.2664835164835165,0.1336437397033476,0.6808856464317323,0.6621621621621622,0.394236223235798,0.7172029963880313,0.6833135522220872,0.5002668673781959
0.9300339743704614,0.7142857142857142,0.4004701728279913,0.6417689226518802,0.625,0.4210089288534613,0.5819561239449106,0.3337988963387176,0.7829408582212947,0.7452388616768603,0.8513364399792469,0.0,0.8327995651271969,0.05878139067858152,0.272727273,0.8249999890274999,0.9160887224064411,0.47802197802197804,0.34472095635644245,0.8144772405383385,0.6689189189189189,0.43830248029320207,0.8351377560820212,0.7864510052411997,0.6421659682150402
0.8761296741846369,0.5714285714285714,0.2814245782817046,0.5391061346062015,0.5,0.2829791742316102,0.4028420115650005,0.12536515964024997,0.5980847062065668,0.6191391954208643,0.8361028904838799,0.3,0.05280335739947481,0.17226917160337285,0.416666667,0.6769230744353847,0.8237315704476484,0.2692307692307692,0.06605315975021964,0.6341878096408344,0.6621621621621622,0.3660190962639257,0.6780288301625153,0.6019235360514141,0.4550562001845445
0.8527341487643141,0.5714285714285714,0.16924903200870667,0.2773583583020073,0.25,0.1654917338248946,0.1873007739766241,0.029047872418266184,0.47600074551344057,0.28578007696198005,0.48366023948266074,0.0,0.0011950687964607624,0.015129858859908665,0.7,0.5499999849849999,0.7175468064345842,0.22802197802197804,0.030227647114585324,0.5055664000352498,0.6486486486486487,0.32640385707108355,0.5635748651953323,0.44861440698689053,0.3433937769675137
0.877400736201835,0.5714285714285714,0.22461152305922424,0.3138484154576188,0.3125,0.23532473900442666,0.2698167729042592,0.059119483816968944,0.6368369981381958,0.35914002004052736,0.5174103862398189,0.0,0.19142584013792685,0.10396862087818615,0.666666667,0.6769230744353847,0.7576118351665764,0.34065934065934067,0.05153449346793274,0.6738547623545583,0.6554054054054054,0.41624125543154405,0.7112298964194192,0.5999990528509143,0.4887360178428267
0.8651317249504931,0.42857142857142855,0.18742913495449864,0.3987979309737113,0.375,0.18876227907925675,0.2992118771480128,0.14052200220537797,0.5658299810798475,0.5169701430942074,0.7834230372305016,0.23333333333333334,0.48616918918859753,0.1514979271759997,0.142857143,0.5499999849849999,0.9027271195969643,0.5000000000000001,0.1908389445985486,0.6376340572532999,0.6216216216216216,0.19974070173850655,0.6220409731233927,0.5439838026150443,0.4297047057631056
0.7565968803738035,0.14285714285714285,0.06875283415554388,0.07604898358453982,0.0625,0.06794452187266421,0.05954219247781737,0.004185933008150273,0.44571806453995705,0.08191934387509964,0.1424385543676101,0.0,0.0,0.10927384862994027,1.0,0.5499999849849999,0.44878196044543317,0.2197802197802198,0.0035131921394200515,0.4779578255809445,0.5608108108108107,0.19285309132708037,0.5615322992452811,0.398079153050148,0.27953978413318636
0.8443585663623379,0.42857142857142855,0.1447082560134573,0.1952324697433106,0.1875,0.15221170068737663,0.15695148237619858,0.019470833490493167,0.5379913123125999,0.2297254205654848,0.4132114545319492,0.0,0.0011721496183135882,0.13942968971752753,0.833333333,0.6769230744353847,0.6109703504344485,0.260989010989011,0.015558422333223023,0.5625245017715812,0.6283783783783784,0.2908867460689418,0.6455773293918683,0.4953940345546443,0.3688117041895428
0.8602238089717935,0.42857142857142855,0.17107101088712987,0.2783352720916235,0.25,0.17359235595583156,0.20288476256569304,0.03975020056277234,0.543871531479212,0.2991222718044758,0.5350348208248259,0.0,0.005525219194850441,0.042353879577370704,0.6,0.6769230744353847,0.7008013149814645,0.25824175824175827,0.0340779637523745,0.5715395215295209,0.6351351351351351,0.28349404425080815,0.6459661664878642,0.5069190674115684,0.38092358275135085
0.7803035680043984,0.14285714285714285,0.06325194358506026,0.1548533651639762,0.125,0.061994359279663874,0.10541331655460964,0.024246928361448192,0.47717917760695444,0.2073606383312724,0.5350348208248259,0.0,0.20432887622245405,0.06320239590145277,0.333333333,0.6769230744353847,0.5791529420283065,0.2197802197802198,0.017733255562220523,0.5094479936065597,0.4391891891891892,0.10606920022989419,0.6378942831577321,0.4424997829330563,0.28238438471568095
0.7361586638909003,0.14285714285714285,0.0572468775503388,0.06888494892676139,0.0625,0.059860239341429616,0.059185745345350114,0.003616357302195921,0.43682001779729046,0.1057461238147511,0.29199903682750183,0.0,0.0,0.20653578449720217,1.0,0.6769230744353847,0.30534309379049196,0.20879120879120883,0.0035131921394200515,0.4658540293297117,0.4391891891891892,0.14463981849531027,0.5815456977283482,0.39714219567946646,0.25588416791530433
0.7525710972254336,0.14285714285714285,0.06682367400917154,0.115451174374258,0.125,0.07340676302271992,0.09713208478074725,0.02749699976121501,0.41994974502670296,0.2103058166325786,0.48518132717006357,0.1,0.02484645534278389,0.025328245323877566,0.333333333,0.5499999849849999,0.7055496262646745,0.20329670329670332,0.013985850612334738,0.4455641387146026,0.5608108108108107,0.138211382133812,0.5342855938198328,0.38296060464157783,0.26451956957429024
0.6465367196624947,0.0,0.024258184495557906,0.027632705225245364,0.0,0.01855699337006498,0.01822661371133661,0.006678986975882368,0.4394136127274308,0.006276187821124116,0.059349397528537184,0.0,0.0,0.11788282594140033,0.0,0.5499999849849999,0.007779734608947653,0.1675824175824176,0.0,0.46668391172206386,0.14864864864864868,0.028927963699062052,0.5815456977283482,0.3759411682444342,0.23899360816685025
0.9158021506081333,0.42857142857142855,0.16085494265744332,0.3704829366392836,0.3125,0.1674248384935757,0.2823378417577777,0.06996811802954447,0.6569380891880319,0.389643382256984,0.7202277689191567,0.0,0.3500680497272495,0.03904944968122478,0.4,0.6769230744353847,0.7195240602183492,0.28296703296703296,0.0820809436082205,0.68950967280039,0.527027027027027,0.19960294952352817,0.8633073640124242,0.64446965933175,0.4307868503406619
0.9170121401899065,0.42857142857142855,0.17930369079221123,0.43270769520392854,0.375,0.18557662481786089,0.3313263933927022,0.07322007085873644,0.6556007705950018,0.4567611814454523,0.7720070055894799,0.0,0.0974488402680625,0.15544552565819056,0.428571429,0.5499999849849999,0.7357665843282655,0.24450549450549455,0.0542309114012775,0.6883307983116238,0.527027027027027,0.2383113200039226,0.8447556182275588,0.6433779422888606,0.4376414445363712
0.8377332040209313,0.2857142857142857,0.08420014178126099,0.13795883941066578,0.125,0.08723426353741523,0.11615045072889496,0.006185385136959078,0.5500437332808927,0.15588791678755412,0.35847036244832065,0.0,0.0,0.12985026618521286,1.0,0.5499999849849999,0.4953803654109812,0.19230769230769235,0.007026384278840102,0.5762370587414238,0.5202702702702703,0.18321043676072635,0.7604950880036729,0.5237190843166566,0.32838247461004755
0.9283157570562799,0.42857142857142855,0.21426925556777784,0.43888551196830666,0.375,0.21407304948950437,0.33596362549114395,0.10279243151842025,0.6681684781702157,0.44664540560128574,0.7119367654212115,0.0,0.25668351706946224,0.005698068335068848,0.380952381,0.5499999849849999,0.7846642680969091,0.3186813186813187,0.08008449860875165,0.6961540599465332,0.5878378378378378,0.29662642140376144,0.8555212525239277,0.6605248589648276,0.47551345945172874
0.8771060553164675,0.42857142857142855,0.11286465698506692,0.19117738279151453,0.1875,0.1240819413080702,0.17020531407359984,0.02034243972686282,0.6005650295951419,0.23578297069611895,0.4642201989691789,0.0,0.05649467337268577,0.06637405277026016,0.666666667,0.5499999849849999,0.6482186421743417,0.1785714285714286,0.021884259369641803,0.6297390225388748,0.5067567567567568,0.19928152768857862,0.7983200363539262,0.5694501597405592,0.372916079717733
0.8377332040209313,0.2857142857142857,0.08420014178126099,0.13795883941066578,0.125,0.08723426353741523,0.11615045072889496,0.006185385136959078,0.5500437332808927,0.15588791678755412,0.35847036244832065,0.0,0.0,0.12985026618521286,1.0,0.5499999849849999,0.4953803654109812,0.19230769230769235,0.007026384278840102,0.5762370587414238,0.5202702702702703,0.18321043676072635,0.7604950880036729,0.5237190843166566,0.32838247461004755
0.9056322085923592,0.42857142857142855,0.13634958831907962,0.3101003585576722,0.3125,0.15884465151149488,0.2684132256800286,0.06946879329331819,0.6033488900758419,0.42878142018419274,0.7381238950766004,0.0,0.35607248698345034,0.05920738871154984,0.333333333,0.4400000018479999,0.7823088161210208,0.21703296703296707,0.08284422644262789,0.6431460004568601,0.5,0.1767820003992281,0.78880055467846,0.5957471958384473,0.384756854016967
0.9386091616159935,0.42857142857142855,0.18861796785553864,0.3628071851711105,0.375,0.21846032905791604,0.3521346519290301,0.12061557043094943,0.7309951749240291,0.478853233965403,0.7722062201521165,0.0,0.35845716382236203,0.1354812318629914,0.285714286,0.5499999849849999,0.8267864065438817,0.2967032967032967,0.11353452282978735,0.761760118833166,0.5135135135135135,0.21351592256135896,0.9105955766266742,0.703145799791826,0.4989948359308837
0.8521671981055168,0.2857142857142857,0.1719209862199638,0.2119251715293207,0.1875,0.16926277735982642,0.16468158721683296,0.07452314958777634,0.5997793676142493,0.2474483128016907,0.5305836159541004,0.0,0.06191892396383392,0.05480188799807386,0.333333333,0.6769230744353847,0.7227433178419338,0.44230769230769235,0.03672186603290423,0.602859252013014,0.6216216216216216,0.1960673095319361,0.6776212539293629,0.525512826948451,0.42978675813125655
0.8028726960838166,0.14285714285714285,0.13226733656350512,0.06864447781495742,0.0625,0.13013427596690635,0.06971379015079532,0.008647309968000387,0.5849492759245312,0.06490494367053343,0.09130676577365826,0.0,0.0,0.1244209665511157,1.0,0.6769230744353847,0.4785812942375638,0.4230769230769231,0.0035131921394200515,0.5856902390009275,0.6216216216216216,0.2507090187252045,0.6723789803098517,0.49559855731403085,0.40703515856789163
0.5621201707831739,0.2857142857142857,0.06002536283349929,0.19342893653373333,0.125,0.04473188420973664,0.07128187936466354,0.002530337166572759,0.24372516569883734,0.08824811065639349,0.26707229000012067,0.0,0.0,0.03463592815919329,1.0,0.34374999350312496,0.5702257688115158,0.20329670329670332,0.007026384278840102,0.32193926645757703,0.6824324324324325,0.2507090187252045,0.2656881713881485,0.19636305385893554,0.19262532031581295
0.8346162652785227,0.2857142857142857,0.09142877988934602,0.20345858508041365,0.1875,0.09896512564038724,0.13986920700220443,0.03270959810685018,0.43116508434269835,0.27241953622331005,0.609518315362511,0.0,0.12739436076050742,0.028811353053469897,0.333333333,0.4400000018479999,0.6980561808041528,0.1785714285714286,0.03108338569201672,0.45124421343491433,0.27702702702702703,0.10606920022989419,0.5300739727439252,0.40242003334799575,0.26490699437559206
0.9205901643587544,0.42857142857142855,0.24289010888522608,0.30945218399421576,0.3125,0.25558355312954206,0.2620534808551987,0.08120750598256599,0.609051621870293,0.33138230086286236,0.5857785560519753,0.0,0.09484380232646078,0.13240979929394683,0.533333333,0.5499999849849999,0.7660400202813138,0.40384615384615385,0.054959579948020504,0.6158930825884557,0.7094594594594594,0.32302892797285965,0.6727771869744257,0.5672800775644418,0.4622088753277488
0.8789379036503269,0.42857142857142855,0.16102177620875593,0.18960811802952554,0.1875,0.16729195323969293,0.16218785047848283,0.03126325216377746,0.5731233448675979,0.20864352713282389,0.4515576106189505,0.0,0.05215812749662691,0.07354071682897048,0.666666667,0.5499999849849999,0.6566247700596284,0.3351648351648352,0.02117230566010224,0.5833975152793032,0.5878378378378378,0.22338816410446366,0.6683688049583758,0.5175956458844533,0.396470356525117
0.7589213935455286,0.2857142857142857,0.045122647119920374,0.12322139662100265,0.125,0.05853088382092762,0.08685658047994166,0.016113223711642196,0.3292528465903915,0.22791163557257918,0.5430469897416922,0.0,0.00670832721817027,0.13631138554848668,0.333333333,0.34374999350312496,0.6298473540016924,0.09065934065934067,0.01826859912498427,0.3483133852528471,0.25000000000000006,0.06749858196447812,0.4375073199754518,0.316080651141258,0.17851719168730665
0.9670694300328027,0.7142857142857142,0.4962362824622256,0.5763156967703212,0.5625,0.49317659547795895,0.5236962574380623,0.3968275948825545,0.8010552831376918,0.5499265596754176,0.7554201475993408,0.0,0.1433103063749888,0.23723338823409687,0.266666667,0.6769230744353847,0.9160628304521995,0.7225274725274726,0.28557431958737817,0.8047930070206717,0.7702702702702703,0.497239553644278,0.8060265065095078,0.7517762530956178,0.703464900573161
0.969099776172085,0.7142857142857142,0.49187982579307926,0.5725165873974396,0.5625,0.4965630980440368,0.520568498840649,0.29548038473438304,0.7769917181645094,0.5415201674356181,0.7816183537040606,0.0,0.06743212089056584,0.05512526265014891,0.333333333,0.5499999849849999,0.8938678623473745,0.5164835164835165,0.19795109014847442,0.7907604425472456,0.7432432432432432,0.4660616373898486,0.8256416983280006,0.7526441539659325,0.6468024344981659
0.936312365870652,0.5714285714285714,0.3456718234625858,0.4416876683997157,0.4375,0.3550387937138686,0.39090735496382195,0.20988321433075338,0.7158697536032119,0.4814481380428446,0.7738399769855733,0.26666666666666666,0.04554205504383467,0.16345222618436636,0.321428571,0.5499999849849999,0.8736213836693953,0.5054945054945056,0.09731054282450491,0.7229632733541871,0.722972972972973,0.3407645247714341,0.7719634399434079,0.6774180305241073,0.5638085446911092
0.9529545169314921,0.7142857142857142,0.3765427655358833,0.47422498168191424,0.5,0.4003734127601922,0.4467612775937376,0.2538641183651491,0.7201690606790419,0.5298308054453645,0.7901317910295443,0.3,0.10198125994673576,0.017231167472728088,0.277777778,0.5499999849849999,0.9051733939431508,0.49175824175824173,0.20809812924759988,0.7330769208750136,0.7297297297297297,0.35999243715995444,0.7964086443639704,0.6992972417996635,0.5713880080524765
0.6337401351314419,0.0,0.04793860980706775,0.008187468192599412,0.0,0.051860747832944684,0.017690625571346014,0.012876189929734392,0.42319949040153965,0.021671988237443568,0.08012168692525601,0.0,0.0,0.08819233497875685,0.0,0.6769230744353847,0.007779734608947653,0.15934065934065936,0.0,0.436178313930155,0.10810810810810811,0.024106636415885042,0.5268555259373082,0.37295624272608535,0.24146002864641683
0.8191524768919115,0.14285714285714285,0.11984971714573758,0.15266216774057137,0.1875,0.141376909828983,0.15040355835308736,0.10608928354923965,0.5040290815846051,0.2911987359866668,0.6925701194710896,0.13333333333333333,0.030447577788471618,0.11037488364008927,0.0,0.6769230744353847,0.8479911261488386,0.3131868131868132,0.06251885104246678,0.5216213088837547,0.38513513513513514,0.08196256381400915,0.571117367900795,0.4579447946252377,0.3350876869162861
0.7851839649734664,0.14285714285714285,0.10412998438102292,0.08375407822238512,0.0625,0.09723580994518115,0.06470967871927397,0.005571132276205272,0.5207772819864596,0.06646982970090895,0.21365783229921753,0.0,0.0,0.08089354242196693,1.0,0.6769230744353847,0.39606631354292166,0.3516483516483517,0.0035131921394200515,0.5307862821193241,0.5337837837837838,0.1542824730616643,0.5975161273699154,0.44621521996838914,0.3443456896070227
0.5841240410273785,0.0,0.019972912959731814,0.0,0.0,0.028834513926284236,0.01334292534549894,0.006542840727565822,0.3188873506655106,0.034378507234146205,0.1922920487701748,0.0,0.0,0.07181137321291284,0.0,0.5499999849849999,0.007779734608947653,0.049450549450549455,0.0,0.33469392235248246,0.033783783783783786,0.009642654566354018,0.42090912923914425,0.2858027520562975,0.15783597573183253
0.7354299216654122,0.14285714285714285,0.050641649950924565,0.057312277477148475,0.0625,0.06489910558066411,0.054606532971465414,0.02343410827750392,0.38862527519181816,0.10811766187794647,0.44155951928739356,0.0,0.00010085176324487744,0.21514476180866224,0.0,0.5499999849849999,0.5679206623022083,0.12362637362637365,0.008490214338102854,0.40341125525678306,0.10810810810810811,0.024106636415885042,0.4934202204659486,0.3506519729464929,0.2133330446597477
0.5780564605290185,0.2857142857142857,0.026626043247709362,0.18483209491001185,0.125,0.025371885814269052,0.07788869852795047,0.0013931067317214897,0.24748558740547993,0.2447701902261387,0.5786566287074959,0.0,0.0,0.17080265269623238,1.0,0.2588235128341174,0.19698289253203582,0.03571428571428571,0.007026384278840102,0.2776255516532294,0.31081081081081086,0.09642654566354018,0.3993497519406719,0.2683097557431749,0.12326295840541923
0.5780564605290185,0.2857142857142857,0.026626043247709362,0.18483209491001185,0.125,0.025371885814269052,0.07788869852795047,0.0013931067317214897,0.24748558740547993,0.2447701902261387,0.5786566287074959,0.0,0.0,0.17080265269623238,1.0,0.2588235128341174,0.19698289253203582,0.03571428571428571,0.007026384278840102,0.2776255516532294,0.31081081081081086,0.09642654566354018,0.3993497519406719,0.2683097557431749,0.12326295840541923
0.5780564605290185,0.2857142857142857,0.026626043247709362,0.18483209491001185,0.125,0.025371885814269052,0.07788869852795047,0.0013931067317214897,0.24748558740547993,0.2447701902261387,0.5786566287074959,0.0,0.0,0.17080265269623238,1.0,0.2588235128341174,0.19698289253203582,0.03571428571428571,0.007026384278840102,0.2776255516532294,0.31081081081081086,0.09642654566354018,0.3993497519406719,0.2683097557431749,0.12326295840541923
0.7443544168709049,0.14285714285714285,0.059022932595219436,0.06695116054236969,0.0625,0.06243194498808033,0.06610954120369364,0.03628068661207025,0.4939410875922426,0.114432621953872,0.21365783229921753,0.0,0.2403286080059598,0.1258871631936267,0.0,0.34374999350312496,0.5679206623022083,0.24175824175824182,0.009544171979928871,0.5215090726083398,0.3378378378378379,0.07231990924765513,0.674791644218742,0.47989233394013825,0.29914567688425864
0.7416219018955978,0.14285714285714285,0.05111981890104739,0.1461463076032652,0.1875,0.0775159730335454,0.12928428682892126,0.05840469514837716,0.35801583185068403,0.37598665931822106,0.77807060482215,0.13333333333333333,0.06879643001484748,0.11481139337235576,0.0,0.4400000018479999,0.8479911261488386,0.1153846153846154,0.05401532914358329,0.3978933617281894,0.1891891891891892,0.053034600114947095,0.46900780953541,0.35768227796069424,0.19937702210340405
0.8316517787484575,0.42857142857142855,0.1048902631200408,0.20632419896931553,0.25,0.1458806661785657,0.21008079269590918,0.10977064663157081,0.5633152275566642,0.4166897724087556,0.6844064644805516,0.0,0.4108792892577757,0.028811353053469897,0.1,0.5499999849849999,0.8535925354257712,0.22252747252747257,0.11130684936063986,0.5953219451406171,0.27702702702702703,0.11233692569802431,0.6739858613210157,0.5343017680146722,0.36293883920295034
0.3399772800221861,0.0,0.0027901280449199152,0.0,0.0,0.0050832559372890815,0.006183507351612744,0.0025208963618650474,0.1426839244553056,0.10226683406193648,0.39170602563263124,0.0,0.0,0.07181137321291284,0.0,0.11578946687578928,0.007779734608947653,0.005494505494505494,0.0,0.16367048132591383,0.0,0.0,0.26808209615988243,0.14601694787523817,0.04749039211227654
0.4921910658132461,0.0,0.01171853778866365,0.042984208118607405,0.0625,0.020803987822375386,0.0426898396619163,0.013066361128270575,0.23051790395011124,0.2518008293858135,0.64097349614985,0.06666666666666667,0.02484645534278389,0.07181137321291284,0.0,0.18333333602833335,0.5679206623022083,0.021978021978021976,0.00614808624398509,0.2605370161039689,0.033783783783783786,0.014463981849531028,0.3781042551895699,0.2376726049268128,0.09693996848921016
0.38853528039831164,0.0,0.00837038413475975,0.01289526243558222,0.0,0.007853261587275966,0.005078706193486143,0.003664328849824025,0.11325817978171565,0.06231760491110183,0.1424385543676101,0.0,0.0,0.11481139337235576,0.0,0.2588235128341174,0.007779734608947653,0.038461538461538464,0.0,0.1340073753644822,0.060810810810810814,0.014463981849531028,0.22544587434471575,0.12550046595971848,0.05205605837921887
0.38853528039831164,0.0,0.00837038413475975,0.01289526243558222,0.0,0.007853261587275966,0.005078706193486143,0.003664328849824025,0.11325817978171565,0.06231760491110183,0.1424385543676101,0.0,0.0,0.11481139337235576,0.0,0.2588235128341174,0.007779734608947653,0.038461538461538464,0.0,0.1340073753644822,0.060810810810810814,0.014463981849531028,0.22544587434471575,0.12550046595971848,0.05205605837921887
0.8840420679081824,0.42857142857142855,0.16274797310864356,0.1903958516996437,0.1875,0.16864313524297525,0.1677878494014354,0.020379471146224307,0.5820394867089116,0.22862958425173138,0.3884957622227985,0.0,0.005106217015554528,0.103293261636376,0.833333333,0.4400000018479999,0.6486232868602254,0.271978021978022,0.014387358284407547,0.6023387260379554,0.5945945945945946,0.29972584612024183,0.7623174690921357,0.5615593353804633,0.39334467822456665
0.9179711632116176,0.42857142857142855,0.2823163574680409,0.26163159643728073,0.25,0.2821352127233159,0.23790092850852734,0.04629175642491228,0.7203688506552206,0.2361896065391583,0.4579586953236985,0.0,0.004670728032767181,0.11823395115879021,0.8,0.5499999849849999,0.6845620721771025,0.4697802197802198,0.019953659607970152,0.725613765688834,0.7364864864864865,0.3982416335904209,0.8133207156476481,0.6544199512546105,0.5444440062211761
0.9032818509933238,0.42857142857142855,0.18446743167997076,0.1800901862502557,0.1875,0.1950031942988676,0.18046378070895797,0.07614908753868764,0.6826790290921609,0.18187572981677178,0.4058585743948505,0.0,0.04717222540472397,0.04553359306191466,0.333333333,0.5499999849849999,0.7674573616748839,0.4560439560439561,0.043305035933768846,0.7001126596217087,0.6824324324324325,0.1960673095319361,0.8133207156476481,0.6178276115783283,0.4798786043544798
0.8575572714385811,0.2857142857142857,0.14258864680669597,0.14805671683387697,0.125,0.13567052429609672,0.11351546834521123,0.00913005274647274,0.5562538005759621,0.11829622986159627,0.31021473709364406,0.0,0.0,0.08838598021388275,1.0,0.5499999849849999,0.5280884180572288,0.2857142857142857,0.007026384278840102,0.5715522425278399,0.6486486486486487,0.23142370959249642,0.6643867383126345,0.4902882662255997,0.36873210145902857
0.9739007262475264,0.5714285714285714,0.4855739031953402,0.5814514723081207,0.5625,0.48622170925048314,0.5414248974638523,0.3459493765420647,0.8348221926301023,0.5402885336635846,0.7891255593205904,0.0,0.06537063705586743,0.0,0.311111111,0.6769230744353847,0.8980480372512896,0.7032967032967034,0.24918929701152462,0.8446680302485459,0.75,0.4581332324973947,0.8812454030554164,0.7934620457239274,0.7020344780583543
0.9842634932081524,0.8571428571428572,0.49121488497890814,0.5773608393075157,0.5625,0.4944864265438414,0.5672166476681842,0.4272010329169859,0.8893606581257014,0.5606095452373864,0.7726071813363576,0.0,0.5028826201209378,0.11735778524564389,0.244444444,0.5499999849849999,0.9267356190140805,0.7445054945054946,0.3616362682833466,0.8897993930106634,0.7432432432432432,0.44634776582661234,0.9567219627372259,0.8538872221680496,0.7485694415545182
0.9119067086805646,0.42857142857142855,0.21978198113022204,0.26773021058574786,0.25,0.21873747822165007,0.22890334768689707,0.08565071792960047,0.6802642074176912,0.23371574754987715,0.547757588574184,0.0,0.054134102564988726,0.050311381036781885,0.4,0.6769230744353847,0.766498400406673,0.4972527472527473,0.05372006171574041,0.7021565006156489,0.6959459459459459,0.24685195689866288,0.7925952299526369,0.6155462395985529,0.49523300045725527
0.8808680121588404,0.2857142857142857,0.1304930298705842,0.17814566251690217,0.1875,0.14445456703760104,0.17800216676444017,0.05793340206183859,0.6664886776304038,0.22806426586343162,0.5460144596555092,0.0,0.03947496670446681,0.08958040035221376,0.333333333,0.6769230744353847,0.6917740457011767,0.3324175824175824,0.04459244593102967,0.6868651693216064,0.4256756756756757,0.138211382133812,0.8021662442552835,0.5984707574577524,0.43847889372076265
0.8945984577828539,0.2857142857142857,0.22504361537299894,0.1938120680628148,0.1875,0.22327987024241555,0.1731525702607394,0.03736818404301623,0.6449109846613954,0.18504276106872222,0.43271106423779243,0.0,9.347236593427666e-05,0.0037411342762486057,0.666666667,0.5499999849849999,0.6744125347816987,0.37637362637362637,0.018766301345906507,0.6569322561516513,0.6756756756756757,0.26356589149641424,0.7402942981490419,0.5704500351775752,0.45723766666690135
0.8641772109623835,0.42857142857142855,0.18726083404598384,0.24718090589928712,0.25,0.20146089462011113,0.2261551940245782,0.072901278638039,0.6477903688711713,0.3523270729065914,0.6513596408482094,0.16666666666666666,0.04018699245197116,0.031091661764365185,0.4,0.6769230744353847,0.7670141904959933,0.32142857142857145,0.03967976790610462,0.672790908665722,0.6216216216216216,0.19960294952352817,0.7728910272326512,0.6074910449083133,0.4408254137199955
0.7971361934685297,0.14285714285714285,0.10280124851395157,0.06826301622236136,0.0625,0.10352172011050445,0.06398573208541888,0.005463982412185938,0.5071197128744702,0.06810809931598177,0.1673653019427936,0.0,0.0,0.12097724672067989,1.0,0.5499999849849999,0.4347121479351548,0.2774725274725275,0.0035131921394200515,0.5204861525499549,0.5337837837837838,0.1639251276280183,0.6014794548785003,0.435583279255015,0.32541337638046874
0.8644551176301215,0.2857142857142857,0.17831884001544893,0.12261520907502066,0.125,0.18061318913328753,0.12384265448979695,0.026294261330261064,0.6380444222041566,0.12692523158384092,0.2666723959299218,0.0,2.515144583363102e-05,0.04176324012592812,0.666666667,0.5499999849849999,0.6421853788058217,0.3708791208791209,0.013076881851505037,0.6491353375075548,0.6486486486486487,0.22338816410446366,0.7442857343633613,0.561406783982755,0.4410928366655148
0.6512392703445895,0.0,0.03862174202326046,0.013816352591130579,0.0,0.03730895162016502,0.018824126692648255,0.011423343666417465,0.4489115493003966,0.012233119222224781,0.059349397528537184,0.0,0.0,0.09484709957715658,0.0,0.4400000018479999,0.007779734608947653,0.15934065934065936,0.0,0.4658679864508201,0.14864864864864868,0.028927963699062052,0.5742280646687623,0.39097989743519973,0.2504413947273847
0.9382945812340386,0.7142857142857142,0.3170102975827249,0.5283336021551381,0.5,0.3389754603484989,0.4482031611381604,0.2064526881921494,0.696417345061342,0.6619418733921334,0.7720443583199742,0.0,0.3256353079956889,0.06643610661502221,0.333333333,0.34374999350312496,0.8657051292729865,0.3653846153846154,0.14780918887503497,0.7135282702377397,0.6148648648648649,0.382491964449305,0.8172418800976311,0.7208528709030873,0.5404282543048997
0.8795427692896327,0.5714285714285714,0.1873795907662586,0.312556599015452,0.375,0.23573510526472483,0.3096169925541062,0.14270153877592295,0.5771982234014581,0.6327249935032832,0.8316905032885744,0.4666666666666667,0.14970113502387045,0.03924309491635066,0.238095238,0.34374999350312496,0.885232932577071,0.271978021978022,0.09092323760124352,0.5985556746162684,0.5405405405405406,0.19331226537700832,0.7006844469846387,0.587143124487594,0.3968273906053338
0.7190775120657937,0.14285714285714285,0.04684991090704558,0.09456525786093631,0.125,0.0670928424132013,0.09396964166383634,0.03770507494020931,0.36809242550706583,0.3000768258043919,0.6783636167648229,0.0,0.09220627043870136,0.10047806525493513,0.0,0.18333333602833335,0.7546343052400557,0.09890109890109891,0.02576340902124265,0.39585465160709604,0.14864864864864868,0.03374929098223906,0.5091283021873259,0.37754936169178427,0.19587897708956695
0.8981334950397628,0.42857142857142855,0.2140388706542337,0.35315279559579466,0.375,0.24605739745114139,0.3403454742048,0.17140726246736376,0.692027807287918,0.5815172472228662,0.7991879803546653,0.23333333333333334,0.3954320153159883,0.001511063040368407,0.238095238,0.4400000018479999,0.8655055208128393,0.42032967032967034,0.1427177274180843,0.7040388499405148,0.5540540540540541,0.21718931476792938,0.8123462805155137,0.6707299935095279,0.49955430249621324
0.8803010293197024,0.42857142857142855,0.17367024774219814,0.19551301933076437,0.1875,0.17818680971048073,0.16740412325239565,0.01575130355102073,0.5829754293253133,0.22952739836657218,0.35096038098923643,0.0,0.0,0.13861471827679803,1.0,0.34374999350312496,0.6256083094065588,0.2857142857142857,0.010539576418260154,0.5994251272749369,0.6148648648648649,0.3567782189550987,0.7465156916849764,0.5667014527378542,0.40378999767823864
0.8256676465195468,0.2857142857142857,0.11278508642016281,0.1277245041054402,0.125,0.12338270703714459,0.11303281430962372,0.008448616703253971,0.5296169679582019,0.19158165455774476,0.3335436156209395,0.0,0.0,0.1452074290304357,1.0,0.34374999350312496,0.5156402146529043,0.2307692307692308,0.007026384278840102,0.5467944355977885,0.5405405405405406,0.2024957458934344,0.6711703059632621,0.5016865921126767,0.3363891584073553
0.810939985144278,0.2857142857142857,0.09148079743950772,0.213692920342655,0.25,0.1201169910329742,0.17915756968408345,0.07261891110206896,0.40742390444174365,0.4889985145498087,0.8036448004737048,0.16666666666666666,0.10597262221459575,0.22128762694675136,0.1,0.2588235128341174,0.8741056333433592,0.14560439560439561,0.0705761265380308,0.4333259729143329,0.3310810810810811,0.09112308565204547,0.5333111586876982,0.4259901841830516,0.24492757764914277
0.6206165544579465,0.0,0.028900545296833183,0.010234335262241365,0.0,0.03227114560786228,0.016291691057090302,0.009289480998363098,0.3717969945064255,0.0395554543484124,0.08012168692525601,0.0,0.0,0.0922875664684226,0.0,0.2588235128341174,0.007779734608947653,0.09890109890109891,0.0,0.3921261490878611,0.10810810810810811,0.024106636415885042,0.5204654801669659,0.3517873157122218,0.19109418887961518
0.6206165544579465,0.0,0.028900545296833183,0.010234335262241365,0.0,0.03227114560786228,0.016291691057090302,0.009289480998363098,0.3717969945064255,0.0395554543484124,0.08012168692525601,0.0,0.0,0.0922875664684226,0.0,0.2588235128341174,0.007779734608947653,0.09890109890109891,0.0,0.3921261490878611,0.10810810810810811,0.024106636415885042,0.5204654801669659,0.3517873157122218,0.19109418887961518
0.48606382898653355,0.0,0.012012669513870984,0.008187468192599412,0.0,0.013000673776302199,0.006777593061038527,0.006027570426555192,0.1629753419335262,0.051645778193197794,0.08012168692525601,0.0,0.0,0.08819233497875685,0.0,0.2588235128341174,0.007779734608947653,0.057692307692307696,0.0,0.1890488823807271,0.10810810810810811,0.024106636415885042,0.24049340148132892,0.15371728684496738,0.08370615165231768
0.6773808123720919,0.2857142857142857,0.10389905387237129,0.42984208118607403,0.375,0.11478483012696604,0.2141154247551143,0.04519631043053098,0.2658483196127342,0.732191146837905,1.0,0.4666666666666667,0.09903374417594904,0.4052551478283356,0.19047619,0.34374999350312496,0.8248106909071042,0.07142857142857144,0.03726112876526464,0.31040592765671887,0.3445945945945946,0.09941117684343197,0.3439943407805788,0.2986044744689887,0.16379950834511084
0.5440961826476614,0.14285714285714285,0.02328313747829723,0.09415588442981424,0.0625,0.023520145214357385,0.035922063937983445,0.0012578949364886942,0.16549618529415328,0.16933110862548387,0.4332506036782665,0.0,0.0,0.35508846361018237,1.0,0.2588235128341174,0.13209672648869442,0.054945054945054944,0.0035131921394200515,0.1926612632831805,0.14864864864864868,0.07714123653083214,0.24068079285289312,0.16290113197980033,0.0890971111703544
0.5440961826476614,0.14285714285714285,0.02328313747829723,0.09415588442981424,0.0625,0.023520145214357385,0.035922063937983445,0.0012578949364886942,0.16549618529415328,0.16933110862548387,0.4332506036782665,0.0,0.0,0.35508846361018237,1.0,0.2588235128341174,0.13209672648869442,0.054945054945054944,0.0035131921394200515,0.1926612632831805,0.14864864864864868,0.07714123653083214,0.24068079285289312,0.16290113197980033,0.0890971111703544
0.7561616249193344,0.2857142857142857,0.12197526590011186,0.3152175261887929,0.3125,0.14051859560295296,0.21193162585703806,0.05521974355239068,0.3922707194934543,0.5323216864001682,0.8188390761341802,0.2,0.10163677738128139,0.17080265269623238,0.333333333,0.4400000018479999,0.7583257101327205,0.14835164835164838,0.04342062146582839,0.44271390927786963,0.35135135135135137,0.15106825485680853,0.47017432082339794,0.39949198255766855,0.2610583919297388
0.7289836850806694,0.2857142857142857,0.09516438032545642,0.200592971234496,0.1875,0.10646030184264206,0.13143031862434543,0.01803940558613434,0.3830017395396668,0.31434161117821124,0.5283175480607022,0.0,0.07058880567812154,0.11346930441936884,0.666666667,0.4400000018479999,0.571612067194873,0.14835164835164838,0.020688798154752882,0.42928260272501956,0.35135135135135137,0.1751748912726936,0.46436050352061553,0.3696992212914481,0.2511927637259319
0.48606382898653355,0.0,0.012012669513870984,0.008187468192599412,0.0,0.013000673776302199,0.006777593061038527,0.006027570426555192,0.1629753419335262,0.051645778193197794,0.08012168692525601,0.0,0.0,0.08819233497875685,0.0,0.2588235128341174,0.007779734608947653,0.057692307692307696,0.0,0.1890488823807271,0.10810810810810811,0.024106636415885042,0.24049340148132892,0.15371728684496738,0.08370615165231768
0.6764720672605505,0.2857142857142857,0.05812995834893584,0.13714009254842163,0.125,0.06359468417660663,0.0777105914206154,0.004294093902277253,0.2627058065451054,0.23196210683515137,0.42256771228764634,0.0,0.0,0.1615883907962797,1.0,0.34374999350312496,0.42329873879811397,0.08241758241758242,0.007026384278840102,0.29688339757177623,0.3445945945945946,0.1542824730616643,0.34306675349133564,0.25861892858617347,0.1598286041283363
0.7466093475419551,0.14285714285714285,0.052701183005766726,0.1292131347054511,0.125,0.0550634471206235,0.09764953115900757,0.04470987096497213,0.4193887694837139,0.21351729412783796,0.5537298811323124,0.1,0.12328107240058302,0.15520536689487893,0.0,0.34374999350312496,0.7546343052400557,0.3598901098901099,0.028285700813826947,0.4904736911374216,0.41891891891891897,0.07714123653083214,0.5091283021873259,0.39242395278278513,0.28134156909056174
0.6830233511463216,0.14285714285714285,0.025344808444700984,0.057312277477148475,0.0625,0.03620371095913899,0.04794641424666903,0.019389360240191403,0.288072661718981,0.15947860584806647,0.37924265184503947,0.0,0.03266046225799252,0.10764472931364545,0.0,0.11578946687578928,0.5679206623022083,0.08791208791208792,0.008782980348550129,0.31701243227650516,0.14864864864864868,0.03374929098223906,0.4006380676201764,0.29389248285896513,0.15211452373541312
0.5360435444186145,0.0,0.015278356328733884,0.057312277477148475,0.0625,0.0191390516944216,0.04094322006689848,0.012301977662810068,0.21390895245402536,0.20586157056758422,0.5786566287074959,0.06666666666666667,0.02484645534278389,0.10764472931364545,0.0,0.11578946687578928,0.5679206623022083,0.06318681318681318,0.0064408522544323644,0.2447146426064824,0.08108108108108109,0.024106636415885042,0.3281925633734195,0.2173950036722319,0.10381861401015313
0.8558113021084518,0.2857142857142857,0.09851242824312856,0.198546104164854,0.1875,0.10936464951501244,0.1629082269809134,0.03427213125869722,0.5557933145431126,0.2675546584769577,0.5793040767838672,0.0,0.04677181315715301,0.09638279795808834,0.333333333,0.4400000018479999,0.7074299678259754,0.16483516483516486,0.032867864253299565,0.5887166793318177,0.38513513513513514,0.11892607300110397,0.7425102011177895,0.5339683133237261,0.332602186100204
0.7823032559160138,0.14285714285714285,0.06520057347583719,0.1125776879276392,0.125,0.07475440328367308,0.1099711502082569,0.019589029962318674,0.5059592222722644,0.22570256271364933,0.5828110861381582,0.1,0.02484645534278389,0.024716121563804153,0.333333333,0.4400000018479999,0.6715798987495083,0.11263736263736264,0.012630762214697519,0.5345587053043992,0.3783783783783784,0.0803554547356879,0.7074164820080862,0.47627237963912755,0.2783574589004114
0.9212196278243701,0.42857142857142855,0.15890038774696152,0.14890957811289446,0.1875,0.19654090110794858,0.20027949595299274,0.09391051016862871,0.7857659982340821,0.2632849821250449,0.5276700999843309,0.0,1.0,0.04877564684866908,0.166666667,0.6769230744353847,0.8079587323475759,0.3241758241758242,0.05839706044299732,0.8082005235324552,0.4662162162162163,0.11972962751615795,0.9920171275713612,0.7128716294474604,0.5180990045552939
0.7821829363760322,0.14285714285714285,0.08287573844426008,0.06265273973050894,0.0625,0.0892841810040706,0.07007450123337924,0.00479668538695224,0.5464845564533849,0.10583615109907049,0.21365783229921753,0.0,0.0,0.1421359964613911,1.0,0.4400000018479999,0.39606631354292166,0.2307692307692308,0.0035131921394200515,0.5681197799918463,0.38513513513513514,0.1542824730616643,0.7332436977939354,0.5162271491669317,0.3306390392339068
0.8569292550557664,0.14285714285714285,0.15705730628347503,0.31387155604904365,0.25,0.16428590935136952,0.23853203815492213,0.10901597247026876,0.6904326952518123,0.403512123232978,0.721828322577705,0.0,0.3292103738632669,0.605580642265529,0.2,0.5499999849849999,0.7281832060012386,0.3516483516483517,0.0717051523831597,0.7134011503091651,0.4662162162162163,0.15235394214839348,0.8581072534515148,0.6564467458964423,0.4676406029502451
0.8460856475534282,0.2857142857142857,0.12890308267776177,0.1382007418536159,0.125,0.12923205832800896,0.11317263641763722,0.008535745808539552,0.5296976744870452,0.1568447403828732,0.2658853017354729,0.0,0.0,0.10586829925450524,1.0,0.34374999350312496,0.5650773802315462,0.21153846153846156,0.007026384278840102,0.549931105016672,0.6081081081081081,0.26999432785791255,0.7053036442936986,0.5043698887710213,0.3414236908064612
0.6781144666598322,0.14285714285714285,0.0423405382878468,0.09456525786093631,0.0625,0.04436267479017551,0.06160509889695894,0.0015685776832669112,0.4502596376173387,0.14301949998543675,0.4807301222993381,0.0,0.0,0.3643027613173161,1.0,0.4400000018479999,0.09460157840140315,0.07417582417582418,0.0035131921394200515,0.47439304727875803,0.14864864864864868,0.057855927398124105,0.6386579029968567,0.42997444547823177,0.2312519965507728
0.6781144666598322,0.14285714285714285,0.0423405382878468,0.09456525786093631,0.0625,0.04436267479017551,0.06160509889695894,0.0015685776832669112,0.4502596376173387,0.14301949998543675,0.4807301222993381,0.0,0.0,0.3643027613173161,1.0,0.4400000018479999,0.09460157840140315,0.07417582417582418,0.0035131921394200515,0.47439304727875803,0.14864864864864868,0.057855927398124105,0.6386579029968567,0.42997444547823177,0.2312519965507728
0.8376907089347321,0.2857142857142857,0.08956960762272864,0.1987693987441096,0.1875,0.09954834019647654,0.15930304216812918,0.0432240813254282,0.5274972390821111,0.2792194331836787,0.6071443395810179,0.0,0.04613290493800119,0.19990368584440799,0.333333333,0.34374999350312496,0.6335621772662623,0.260989010989011,0.04235648575505526,0.5618997472132481,0.38513513513513514,0.12535450936260223,0.699428924795158,0.5209209175917446,0.3291251147466012
0.7640533595525855,0.14285714285714285,0.07392092265930754,0.10643708676169755,0.125,0.08899517524742447,0.09378928828147523,0.0234993503518491,0.38429550839716237,0.22168840497752532,0.5080308449082124,0.0,0.048062383653808466,0.012430391287625873,0.333333333,0.4400000018479999,0.6715798987495083,0.15109890109890112,0.01731501840293305,0.4315618908358388,0.31081081081081086,0.08678389109718616,0.47369259382451734,0.3658588345781438,0.23564822905010654
0.5424440413816445,0.0,0.019787459806408766,0.014328069358541064,0.0,0.019177829285744838,0.01043868628737387,0.00606826903497727,0.24569301159396678,0.040319740600376075,0.10682891614960888,0.0,0.0,0.10764472931364545,0.0,0.34374999350312496,0.007779734608947653,0.07142857142857144,0.0,0.2802632441357657,0.08108108108108109,0.019285309132708033,0.3416753725574706,0.22879242224559543,0.12416299760711563
0.6122506060239166,0.0,0.0396962682658347,0.006140601165941666,0.0,0.041575281835919846,0.014941288074715293,0.008187958701537143,0.3526861681011228,0.025497769555117705,0.08012168692525601,0.0,0.0,0.08409710348909111,0.0,0.4400000018479999,0.007779734608947653,0.1098901098901099,0.0,0.39791331442565475,0.10810810810810811,0.024106636415885042,0.4603222194634049,0.31856080130739833,0.1929887412107316
0.7340242045409031,0.14285714285714285,0.04514567953071988,0.07737157461349331,0.0625,0.05209351982098945,0.05484219470796827,0.0019209465221751158,0.3810237666055117,0.1179845387595829,0.37924265184503947,0.0,0.0,0.07763594831863621,1.0,0.4400000018479999,0.24895152317027536,0.07142857142857144,0.0035131921394200515,0.40377915882218735,0.19594594594594594,0.07714123653083214,0.507568269019053,0.35578915891158064,0.20064983997721755
0.8012466730361358,0.14285714285714285,0.08506581818444359,0.1375494659795437,0.125,0.1049207312881869,0.10560803052816159,0.013100723732714866,0.4761473421415002,0.1995437734974049,0.5246486761264665,0.0,0.005185994449979881,0.32846940521658347,0.666666667,0.5499999849849999,0.44344490071707054,0.13736263736263737,0.009703102099685208,0.4994344025865804,0.2364864864864865,0.10285498202503843,0.6018401832687614,0.4444573566626871,0.28044216388898524
0.8879284277520414,0.2857142857142857,0.1531740258131167,0.3206417239147472,0.3125,0.18201844688421165,0.26172805570856417,0.1366944890117889,0.5856838233937491,0.4664599191343157,0.7935014485235588,0.0,0.5561899350112468,0.15698122403912235,0.133333333,0.5499999849849999,0.8376181462968142,0.32142857142857145,0.14556744334990496,0.6177687383016957,0.31081081081081086,0.1324257893939996,0.6833179516249175,0.558131494328826,0.3958119544630473
0.7713894469146851,0.14285714285714285,0.07194602767689373,0.13468385209064182,0.1875,0.10776729867983693,0.14012113745466898,0.07582683715352309,0.4188747456421404,0.36554897919272755,0.7282171111673876,0.0,0.42034565392178747,0.08614470133033346,0.0,0.4400000018479999,0.8479911261488386,0.1318681318681319,0.061920011457278414,0.4535939309745621,0.18243243243243246,0.057855927398124105,0.5249300795944851,0.41467606956680564,0.2445819155374663
0.7448911061355399,0.14285714285714285,0.04598969591974036,0.14901192149216708,0.125,0.054927604501460586,0.102006849606852,0.01614799429868059,0.44376515631636754,0.23990796034108994,0.6077378337133418,0.0,0.20142720495745944,0.2711360569397199,0.333333333,0.4400000018479999,0.5022251217456782,0.09065934065934067,0.01823514015055494,0.4742567807583942,0.13513513513513514,0.06107014560297987,0.6011187264882389,0.4233232191715542,0.23968577184510406
0.9361382211832809,0.7142857142857142,0.30755807574219707,0.44380419533316096,0.4375,0.32746724798825855,0.39189897583748756,0.1960745469514021,0.7218807378241037,0.47809310863834487,0.6752797843088377,0.0,0.31797801488136646,0.013523727753848833,0.392857143,0.6769230744353847,0.8644270433951684,0.6153846153846154,0.21322813200325647,0.7366259620213538,0.8513513513513513,0.4134288145324285,0.7514440847571173,0.6998638946207285,0.5977320177563632
0.9147971518608202,0.5714285714285714,0.275192007380576,0.3894598752531397,0.375,0.2822468913515025,0.32550453718385014,0.11178269545998652,0.6792695898802388,0.39458807410834207,0.6477196669903946,0.23333333333333334,0.026640823443331817,0.05242851642362602,0.523809524,0.6769230744353847,0.8124446769811001,0.5549450549450551,0.07730650235141004,0.6929037644541585,0.8513513513513513,0.40177727358201304,0.7125041577460565,0.6397303464755284,0.5489215660847045
0.6584074752791748,0.0,0.043497134107182554,0.006140601165941666,0.0,0.04937007858650379,0.02152976212403071,0.011779380231582629,0.49373071874541735,0.03164156431106621,0.08012168692525601,0.0,0.0,0.08409710348909111,0.0,0.6769230744353847,0.007779734608947653,0.12087912087912088,0.0,0.5214275418201499,0.10810810810810811,0.024106636415885042,0.7061469054657381,0.45691351781151396,0.25658221229778877
0.8793112635754194,0.42857142857142855,0.17858063632521864,0.20100854724386535,0.1875,0.1816283459851486,0.1638538468363919,0.015604793964089862,0.5936428319982052,0.1743037921534791,0.3393872487740317,0.0,0.0,0.12954003276858364,1.0,0.6769230744353847,0.6398253325540443,0.3324175824175824,0.010539576418260154,0.6104035679122028,0.7972972972972973,0.3567782189550987,0.6792421892933942,0.5323454780237677,0.42949943420043524
0.8175334228669684,0.14285714285714285,0.057630681560612115,0.10080820236316637,0.125,0.0792286068510633,0.11639691698905652,0.0568587890840873,0.5514927621689898,0.2529218203819502,0.5419139561688943,0.0,0.10899399345346607,0.12044235905013431,0.0,0.6769230744353847,0.7546343052400557,0.15384615384615388,0.03107223269819815,0.5754620370824266,0.16891891891891891,0.057855927398124105,0.7536974660001783,0.523876862983788,0.3117869111220637
0.5460493016484667,0.0,0.009012251030647275,0.007164034700762642,0.0,0.011459153906976419,0.013122544028097427,0.004333356912855932,0.2986180138569587,0.060701842117108856,0.1922920487701748,0.0,0.0,0.10764472931364545,0.0,0.5499999849849999,0.007779734608947653,0.027472527472527472,0.0,0.32011041763816167,0.033783783783783786,0.009642654566354018,0.4864726853652024,0.2885440322865633,0.12495019975973068
0.8956513453512026,0.5714285714285714,0.21402926857288407,0.2680434432588289,0.25,0.21541385462604506,0.20964545934041307,0.02013834388885062,0.5890665965771276,0.24119519920049717,0.43286255031146403,0.0,0.0,0.1679328861708692,1.0,0.5499999849849999,0.653064654358442,0.3076923076923077,0.014052768557680206,0.6105820902081256,0.8445945945945946,0.4242768009195768,0.6643867383126345,0.5492106867349096,0.4390738840674726
0.6400918947105522,0.0,0.03709438710058582,0.022515537594124675,0.0,0.030907520547557958,0.017415041625730772,0.008066242201668199,0.42048525745614523,0.010624354347391077,0.08012168692525601,0.0,0.0,0.11685902702077916,0.0,0.5499999849849999,0.007779734608947653,0.15934065934065936,0.0,0.44127728056183485,0.10810810810810811,0.024106636415885042,0.5294274725120283,0.36318214284700606,0.23553574221445875
0.6565090246539342,0.0,0.03873685541357641,0.015630621149669677,0.0,0.03749687475675958,0.018446319591800098,0.012645112714018384,0.4435746788493284,0.00659014851854052,0.017804819482901912,0.0,0.0,0.08918512488058754,0.0,0.5499999849849999,0.007779734608947653,0.21703296703296707,0.0,0.46618826949464104,0.27702702702702703,0.04339194554859308,0.5470984788505413,0.38399487638212965,0.26475826129706503
0.7287707780545173,0.14285714285714285,0.0628693975569322,0.11001910413357097,0.125,0.0691864545866351,0.10270708488820957,0.04658248505078617,0.4608942584805286,0.2590623998777445,0.6166941973988401,0.1,0.06337193959328673,0.1357994860881761,0.0,0.5499999849849999,0.7546343052400557,0.20604395604395606,0.02638797651347581,0.48329160491490725,0.14864864864864868,0.053034600114947095,0.5632328759422274,0.42362829768493654,0.27859417287373534
0.8654095842942007,0.2857142857142857,0.12055993211694666,0.14409944053362322,0.1875,0.15289925576556568,0.16346541458819697,0.11478683525141496,0.5676810460965147,0.2888640788487704,0.6416209442262213,0.0,0.30237112457575077,0.10354949782397971,0.0,0.6769230744353847,0.8479911261488386,0.29120879120879123,0.07193260905462555,0.5961237260129977,0.31081081081081086,0.07714123653083214,0.6792421892933942,0.5279767265504836,0.3662530831024785
0.6549466890815463,0.0,0.0569529433334852,0.01074605202965185,0.0,0.05636608200055973,0.021070724941453157,0.01486585032446839,0.5087927500677369,0.015659830014869633,0.059349397528537184,0.0,0.0,0.08972803335968861,0.0,0.6769230744353847,0.007779734608947653,0.21153846153846156,0.0,0.518497154368053,0.14864864864864868,0.028927963699062052,0.6295413127702536,0.4369543830286354,0.29767874189495
0.6549466890815463,0.0,0.0569529433334852,0.01074605202965185,0.0,0.05636608200055973,0.021070724941453157,0.01486585032446839,0.5087927500677369,0.015659830014869633,0.059349397528537184,0.0,0.0,0.08972803335968861,0.0,0.6769230744353847,0.007779734608947653,0.21153846153846156,0.0,0.518497154368053,0.14864864864864868,0.028927963699062052,0.6295413127702536,0.4369543830286354,0.29767874189495
0.7786993809526224,0.14285714285714285,0.103613816946448,0.067341926066813,0.0625,0.10528631965710508,0.0680765262017084,0.007713768462959953,0.5600521060136543,0.08392150528645509,0.22552771120668302,0.0,0.0,0.13701693024392317,1.0,0.6769230744353847,0.374278192598108,0.40384615384615385,0.0035131921394200515,0.5595939817017439,0.5405405405405406,0.18321043676072635,0.6592381603789055,0.4822350863023723,0.3740466205794212
0.7039059333897346,0.14285714285714285,0.04775226806531032,0.15044472841512593,0.125,0.052901277084036996,0.09619884411140728,0.015843990234080892,0.4111348707500933,0.24953709710426106,0.6196077126208073,0.0,0.040324212344961786,0.17796935256212373,0.333333333,0.5499999849849999,0.5290219870169056,0.10714285714285715,0.017331747886634524,0.42646616527420583,0.12162162162162164,0.05464170919326834,0.5320134734396156,0.3800429491290978,0.22709449435499765
0.8517912573859456,0.14285714285714285,0.12005627680954543,0.1461463076032652,0.1875,0.14499739070429968,0.19200913803531133,0.1538643671055407,0.748426753570445,0.32864876233288687,0.7032903635922041,0.13333333333333333,0.9494470082588862,0.11481139337235576,0.0,0.8249999890274999,0.8479911261488386,0.4752747252747253,0.06060256440499589,0.7568424204910937,0.472972972972973,0.1012478729467172,0.9206210150053644,0.671512798151884,0.5039206956245343
0.3105431253964209,0.0,0.01091311166255668,0.08596841623721482,0.125,0.023498765362607366,0.06998819285281577,0.013668251843578304,0.19703988234156639,0.4704508135175588,0.9400944610696335,0.2,0.04964261394339828,0.07181137321291284,0.0,0.18333333602833335,0.7546343052400557,0.005494505494505494,0.01171064046356244,0.20987199174314058,0.02027027027027027,0.009642654566354018,0.32706353035974467,0.20421077183220732,0.07632894046336186
0.18453584393148703,0.0,0.0013469583665130626,0.0,0.0,0.002593824317955547,0.004966202949740341,0.00331713603913028,0.1199524597923935,0.11476568507926371,0.26707229000012067,0.0,0.0,0.07181137321291284,0.0,0.11578946687578928,0.007779734608947653,0.005494505494505494,0.0,0.12613593899128378,0.013513513513513514,0.004821327283177008,0.22672950523993118,0.11791383601163202,0.04079456203925638
0.18453584393148703,0.0,0.0013469583665130626,0.0,0.0,0.002593824317955547,0.004966202949740341,0.00331713603913028,0.1199524597923935,0.11476568507926371,0.26707229000012067,0.0,0.0,0.07181137321291284,0.0,0.11578946687578928,0.007779734608947653,0.005494505494505494,0.0,0.12613593899128378,0.013513513513513514,0.004821327283177008,0.22672950523993118,0.11791383601163202,0.04079456203925638
0.45561616434359375,0.14285714285714285,0.01488618069512411,0.042984208118607405,0.0625,0.026132024696066278,0.0483906649735242,0.013322161543499552,0.30054796728751093,0.2370166849306052,0.5661932549199041,0.0,0.07423758557533465,0.07181137321291284,0.0,0.2588235128341174,0.5679206623022083,0.027472527472527472,0.007611916303247842,0.3131671858227811,0.02702702702702703,0.014463981849531028,0.45063877033781985,0.29243591156690024,0.1355122425903988
0.4679600613124837,0.0,0.007963547731004963,0.014328069358541064,0.0,0.007489497309575028,0.011226571940712582,0.0025786593197638214,0.25823745510651813,0.06914000869255041,0.26707229000012067,0.0,0.0,0.21514476180866224,0.0,0.2588235128341174,0.007779734608947653,0.021978021978021976,0.0,0.2857544528244385,0.013513513513513514,0.004821327283177008,0.4227924125233653,0.24979577049698537,0.10454860751910938
0.5323667040607789,0.0,0.016144258135777998,0.0,0.0,0.022816820304088735,0.00988050150077159,0.005890575717978385,0.22955794952696024,0.05241233404056447,0.1922920487701748,0.0,0.0,0.07181137321291284,0.0,0.34374999350312496,0.007779734608947653,0.03296703296703297,0.0,0.255525022964229,0.033783783783783786,0.009642654566354018,0.3407524700525164,0.21759365916479495,0.10044219289963616
0.6848020762772256,0.14285714285714285,0.029798101048820122,0.042984208118607405,0.0625,0.046355020682199474,0.05139313501531793,0.0177378772642549,0.34181602429031793,0.1477447976145039,0.5163397605173394,0.0,0.01459481211396451,0.07181137321291284,0.0,0.5499999849849999,0.5679206623022083,0.054945054945054944,0.007904682313695115,0.37240447262236304,0.08108108108108109,0.019285309132708033,0.4580313599460313,0.3210623998905087,0.17151032587720086
0.2912744108084109,0.14285714285714285,0.03168375946218457,0.09824961856909814,0.0625,0.03021504000567013,0.03678077843767599,0.0014108212533607885,0.17623343435427868,0.15482158521403985,0.4166327724600124,0.0,0.0,0.34689796482366986,1.0,0.34374999350312496,0.14343886553465923,0.08791208791208792,0.0035131921394200515,0.20329127768959349,0.27702702702702703,0.08678389109718616,0.24656956670430108,0.1697177948867345,0.099096272108122
0.2912744108084109,0.14285714285714285,0.03168375946218457,0.09824961856909814,0.0625,0.03021504000567013,0.03678077843767599,0.0014108212533607885,0.17623343435427868,0.15482158521403985,0.4166327724600124,0.0,0.0,0.34689796482366986,1.0,0.34374999350312496,0.14343886553465923,0.08791208791208792,0.0035131921394200515,0.20329127768959349,0.27702702702702703,0.08678389109718616,0.24656956670430108,0.1697177948867345,0.099096272108122
0.8718133405922592,0.2857142857142857,0.16884996170700312,0.1225732220575462,0.125,0.1722010982093529,0.12996546331545134,0.012962080632833392,0.6815315167688845,0.11952786363362977,0.2937421664939791,0.0,0.0,0.1404296410555685,1.0,0.5499999849849999,0.5489031787511444,0.42582417582417587,0.007026384278840102,0.6958912841664469,0.5878378378378378,0.23142370959249642,0.8281293187855168,0.6045583763597089,0.46249067566872926
0.9105890620926045,0.42857142857142855,0.2515326496139696,0.36215280798642246,0.3125,0.23447302197786773,0.2572631725404562,0.05974685455229462,0.6026978140675681,0.2824570110260728,0.6005397352151457,0.0,0.0017435670995622013,0.09825175377306533,0.6,0.6769230744353847,0.7134921803979206,0.3873626373626374,0.03927568648352324,0.6221128797017448,0.7162162162162162,0.3606352807816403,0.674791644218742,0.54487172995925,0.45963158695262407
0.8794853683385178,0.42857142857142855,0.18188088523163712,0.20441378973870375,0.1875,0.17276709451310543,0.16143876833797266,0.02231729711297496,0.5837993811462905,0.1649286609424949,0.3987366463025688,0.0,3.074748879416996e-05,0.10442566373712603,0.833333333,0.6769230744353847,0.6314731294358665,0.3818681318681319,0.014919660125416978,0.6010353812872247,0.7094594594594594,0.3085649461233286,0.6731800784232893,0.5133179454068493,0.42062780716388937
0.6594520536082493,0.0,0.04223520564328666,0.011940057820276323,0.0,0.041476392716862924,0.019128565304255614,0.012808853108046263,0.4525226436103839,0.009847585320710853,0.042731566310283076,0.0,0.0,0.08887485565677729,0.0,0.4400000018479999,0.007779734608947653,0.17582417582417584,0.0,0.46910799286749355,0.20945945945945948,0.03374929098223906,0.5925034081805702,0.398303325323566,0.2543158518272657
0.8847289407571948,0.2857142857142857,0.13291924336186242,0.26077086260054627,0.25,0.15382062427518328,0.21965134858425583,0.055193066412559284,0.6192520271517492,0.32424158632614153,0.7590787978224027,0.0,0.012509148454078375,0.3643027613173161,0.3,0.6769230744353847,0.7061136534501242,0.20604395604395606,0.05236329234700748,0.6504038217138839,0.39189189189189194,0.1094441293281181,0.7766013763896245,0.5775954940479315,0.3787717007889082
0.8582570912818317,0.2857142857142857,0.1253439337299378,0.12322139662100265,0.125,0.12734516953566055,0.11978405385690416,0.047627862942201525,0.6070220610158923,0.14884574051791413,0.310178694512976,0.0,0.3159080631882541,0.06054947766453677,0.333333333,0.8249999890274999,0.7093905831836242,0.41483516483516486,0.0225946474848287,0.6265867046746603,0.6216216216216216,0.1767820003992281,0.7150667347521986,0.5270256591786189,0.42238355608519207
0.6518937226190487,0.0,0.040277867724396996,0.01791008673041449,0.0,0.03472977220846971,0.017312409507310736,0.011713982550771454,0.4194208333460709,0.007640971190134224,0.042731566310283076,0.0,0.0,0.09740663268589056,0.0,0.6769230744353847,0.007779734608947653,0.20604395604395606,0.0,0.43867133748319603,0.20945945945945948,0.03374929098223906,0.5365670837686278,0.3574740246465132,0.24065660416202764
0.8530222003274375,0.2857142857142857,0.16333230544952018,0.13448846934991224,0.125,0.15385740872335726,0.11488877178565571,0.011941119091392446,0.5758079881076397,0.11315257014657426,0.21721879559755597,0.0,0.0,0.11691302424980464,1.0,0.6769230744353847,0.6034577235079986,0.3901098901098901,0.007026384278840102,0.5886885356967528,0.7027027027027027,0.3085649461233286,0.6651784668574938,0.4966146156035795,0.4107982059462685
0.2352230845914668,0.0,0.0092170436794251,0.042984208118607405,0.0625,0.016300097900895726,0.031148238258408227,0.007484973127897497,0.11143972344540859,0.28846860184979595,0.7656072317823606,0.06666666666666667,0.02484645534278389,0.07181137321291284,0.0,0.34374999350312496,0.5679206623022083,0.01098901098901099,0.005269788209130077,0.11871332585479494,0.006756756756756757,0.004821327283177008,0.19011791602055683,0.11374064423202018,0.042695225106473736
0.36806172078083466,0.14285714285714285,0.013367874563710878,0.05158104974232889,0.0625,0.02018011940722337,0.0384680248435437,0.014497146191180093,0.1934475535569063,0.2394213212600945,0.4807301222993381,0.0,0.04959231720122878,0.10047806525493513,0.0,0.4400000018479999,0.5679206623022083,0.04120879120879121,0.008080341920666118,0.201526837184774,0.060810810810810814,0.024106636415885042,0.2818741011070146,0.18906610622402759,0.093557068188035
0.11774302531631897,0.0,0.00011545357427254852,0.0,0.0,0.0,0.001683233878669716,0.0019900699103548923,0.0504308981384195,0.11846191032601605,0.39170602563263124,0.0,0.0,0.07181137321291284,0.0,0.2588235128341174,0.007779734608947653,0.0,0.0,0.053845797691010666,0.0,0.0,0.11376061689239525,0.04875769062749319,0.014525430413049281
0.6310672308813312,0.0,0.036324499102854436,0.010234335262241365,0.0,0.03836336400029298,0.01916432262733559,0.009314383803005937,0.4427908940631397,0.03322876802957131,0.08012168692525601,0.0,0.0,0.0922875664684226,0.0,0.34374999350312496,0.007779734608947653,0.1098901098901099,0.0,0.4590103584907839,0.10810810810810811,0.024106636415885042,0.6043746515691686,0.40644421526991764,0.23527099102857876
0.634431751741246,0.14285714285714285,0.0431967356639477,0.05321854338084877,0.0625,0.05265437360671076,0.06122173964279654,0.024601094464062695,0.4493581857565016,0.17872080307363739,0.4332506036782665,0.0,0.09878226661459928,0.0922875664684226,0.0,0.34374999350312496,0.5679206623022083,0.12087912087912088,0.008281095756702522,0.4643227809921519,0.10810810810810811,0.03374929098223906,0.6072885873969935,0.42096143440125594,0.24494887638073068
0.47428262162075774,0.0,0.008872057404470005,0.0,0.0,0.014330446708982038,0.01561925096183013,0.0039403305674177895,0.3611713565901415,0.07915195054702923,0.26707229000012067,0.0,0.0,0.07181137321291284,0.0,0.5499999849849999,0.007779734608947653,0.019230769230769232,0.0,0.38086862875303523,0.013513513513513514,0.004821327283177008,0.5527670678403613,0.3366035513225331,0.15511611485452012
0.47428262162075774,0.0,0.008872057404470005,0.0,0.0,0.014330446708982038,0.01561925096183013,0.0039403305674177895,0.3611713565901415,0.07915195054702923,0.26707229000012067,0.0,0.0,0.07181137321291284,0.0,0.5499999849849999,0.007779734608947653,0.019230769230769232,0.0,0.38086862875303523,0.013513513513513514,0.004821327283177008,0.5527670678403613,0.3366035513225331,0.15511611485452012
0.5632833496713641,0.14285714285714285,0.03055258931003168,0.06447631217791111,0.0625,0.041548847122695944,0.047826789491930706,0.019443135114884772,0.2928295452786169,0.14951319069934935,0.39170602563263124,0.0,0.3386964230696047,0.17931140570792964,0.0,0.34374999350312496,0.5679206623022083,0.07967032967032968,0.008782980348550129,0.3209196596025368,0.14864864864864868,0.028927963699062052,0.3919196840581476,0.2875571888139929,0.15208396827922385
0.6478291230964597,0.14285714285714285,0.024972333220191847,0.042984208118607405,0.0625,0.041548847122695944,0.0478313126371171,0.02194679294718959,0.292859368220531,0.18090282992068143,0.44155951928739356,0.0,0.013820455057176615,0.07181137321291284,0.0,0.34374999350312496,0.5679206623022083,0.05219780219780221,0.008490214338102854,0.3191560013631724,0.06756756756756757,0.024106636415885042,0.4079275919740275,0.28888812764296073,0.1432620914863273
0.199512366721865,0.0,0.012499223862865897,0.02579052487116445,0.0,0.008079803698566175,0.004058663056836245,0.0028208882968210895,0.10402999696104837,0.04478989787955484,0.1424385543676101,0.0,0.0,0.1578114135317987,0.0,0.2588235128341174,0.007779734608947653,0.06043956043956045,0.0,0.12879553669869287,0.060810810810810814,0.014463981849531028,0.1614798296612433,0.09466511544703654,0.05412390348452942
0.6639799873951947,0.0,0.06725425086008809,0.0019104092306117954,0.0,0.07559994678412145,0.023900026152659168,0.017778106318461113,0.5570720070200998,0.03057334140804943,0.02913515894989338,0.0,0.0,0.07420024929675592,0.0,0.5499999849849999,0.007779734608947653,0.15659340659340662,0.0,0.5791095195709854,0.2364864864864865,0.03857061826541607,0.7253966841096802,0.4999536730880662,0.31866405679485554
0.6639799873951947,0.0,0.06725425086008809,0.0019104092306117954,0.0,0.07559994678412145,0.023900026152659168,0.017778106318461113,0.5570720070200998,0.03057334140804943,0.02913515894989338,0.0,0.0,0.07420024929675592,0.0,0.5499999849849999,0.007779734608947653,0.15659340659340662,0.0,0.5791095195709854,0.2364864864864865,0.03857061826541607,0.7253966841096802,0.4999536730880662,0.31866405679485554
0.6639799873951947,0.0,0.06725425086008809,0.0019104092306117954,0.0,0.07559994678412145,0.023900026152659168,0.017778106318461113,0.5570720070200998,0.03057334140804943,0.02913515894989338,0.0,0.0,0.07420024929675592,0.0,0.5499999849849999,0.007779734608947653,0.15659340659340662,0.0,0.5791095195709854,0.2364864864864865,0.03857061826541607,0.7253966841096802,0.4999536730880662,0.31866405679485554
0.6675425885765419,0.14285714285714285,0.08058272460752192,0.14519110298795926,0.125,0.09323746043467364,0.11771752068066602,0.03129950455285524,0.5687960848522406,0.28299793126379014,0.5566060443715876,0.0,0.09878226661459928,0.2830805089732975,0.333333333,0.5499999849849999,0.5022251217456782,0.17032967032967036,0.01969516805411161,0.5927308906434996,0.2364864864864865,0.08678389109718616,0.728872794052198,0.5284680615294086,0.3380923022684281
0.3743781742241584,0.2857142857142857,0.019530896314439414,0.19342893653373333,0.125,0.015540908631803131,0.06039018930455518,0.0006435019694012769,0.1325011832472212,0.25383873692476633,0.6053638571840463,0.0,0.0,0.17796935256212373,1.0,0.2588235128341174,0.15818794638428713,0.024725274725274728,0.007026384278840102,0.1565279004049444,0.27702702702702703,0.08678389109718616,0.21158828241753613,0.1350188693879008,0.06792481990919988
0.3743781742241584,0.2857142857142857,0.019530896314439414,0.19342893653373333,0.125,0.015540908631803131,0.06039018930455518,0.0006435019694012769,0.1325011832472212,0.25383873692476633,0.6053638571840463,0.0,0.0,0.17796935256212373,1.0,0.2588235128341174,0.15818794638428713,0.024725274725274728,0.007026384278840102,0.1565279004049444,0.27702702702702703,0.08678389109718616,0.21158828241753613,0.1350188693879008,0.06792481990919988
0.44980535456853965,0.2857142857142857,0.030845346593149144,0.2579052487116444,0.1875,0.03375107213622297,0.10226394286487256,0.007826013277823195,0.210145919422621,0.3600363210917661,0.7478024122994588,0.0,0.07423758557533465,0.03463592815919329,0.5,0.34374999350312496,0.47456384139342545,0.038461538461538464,0.02318706812017234,0.24058088849874365,0.27702702702702703,0.07714123653083214,0.30806204528312486,0.2179815156671822,0.10790564412640788
0.3743781742241584,0.2857142857142857,0.019530896314439414,0.19342893653373333,0.125,0.015540908631803131,0.06039018930455518,0.0006435019694012769,0.1325011832472212,0.25383873692476633,0.6053638571840463,0.0,0.0,0.17796935256212373,1.0,0.2588235128341174,0.15818794638428713,0.024725274725274728,0.007026384278840102,0.1565279004049444,0.27702702702702703,0.08678389109718616,0.21158828241753613,0.1350188693879008,0.06792481990919988
0.6268855109232051,0.14285714285714285,0.029055816191924648,0.11462455499728114,0.125,0.04188119069870844,0.08388196447053195,0.02682879471274658,0.3056301256895467,0.25656036007887595,0.6196077126208073,0.0,0.0988325633567688,0.21514476180866224,0.0,0.4400000018479999,0.7546343052400557,0.06868131868131869,0.028573962732778686,0.3349940412273062,0.18243243243243246,0.03857061826541607,0.4263013159559068,0.2970416653199855,0.15472077045948715
0.8092599344023583,0.14285714285714285,0.09070471472252196,0.09978476882834542,0.125,0.11268339564931913,0.12281538892755811,0.032372118533738906,0.6130288349058601,0.24303186928038314,0.5525968475595144,0.1,0.02484645534278389,0.0006552714132403284,0.333333333,0.6769230744353847,0.6834656052733978,0.17582417582417584,0.013076881851505037,0.6327740453881252,0.3445945945945946,0.09321232745868441,0.7902200443180594,0.5614778266893274,0.36661907874008626
0.6597275209373372,0.0,0.03589792064012209,0.007675751468173127,0.0,0.04186445038331534,0.02200534942378559,0.012042346219997897,0.5097545367336114,0.03353989173273397,0.059349397528537184,0.0,0.0,0.0846090029494017,0.0,0.6769230744353847,0.007779734608947653,0.11263736263736264,0.0,0.5306609256482704,0.14864864864864868,0.028927963699062052,0.7053036442936986,0.4640856933375103,0.2695555364440684
0.5778058837468785,0.0,0.014673599511665556,0.014328069358541064,0.0,0.015969532500760913,0.01736200878470715,0.003852932825728241,0.4049815487802045,0.04898751457742215,0.26707229000012067,0.0,0.0,0.21514476180866224,0.0,0.5499999849849999,0.007779734608947653,0.038461538461538464,0.0,0.42617075119293485,0.013513513513513514,0.004821327283177008,0.5878842108715105,0.3695990459203296,0.18587705024051912
0.6157215481305232,0.0,0.03214744799411498,0.0,0.0,0.04202948263607603,0.0201134758507304,0.007510605963295957,0.460077465069788,0.040509251816527425,0.1922920487701748,0.0,0.0,0.07181137321291284,0.0,0.4400000018479999,0.007779734608947653,0.06043956043956045,0.0,0.48876422740648,0.033783783783783786,0.009642654566354018,0.6820905381411715,0.43051802191635097,0.22300276844078334
0.6638137234495148,0.0,0.05513959992060327,0.016933172897814083,0.0,0.047088601714180334,0.019474412086239012,0.016373556365580286,0.4750793637425483,0.0027212448882091983,0.008217608934585341,0.0,0.0,0.08875078377443424,0.0,0.5499999849849999,0.007779734608947653,0.2884615384615385,0.0,0.4893096147275295,0.31081081081081086,0.048213272831770085,0.578397522686068,0.3979863562083085,0.29220567379220164
0.2771770781541181,0.14285714285714285,0.020050437398665882,0.17193683247442962,0.125,0.024397330644948464,0.05566798526543116,0.0053702531827900515,0.08337084813705758,0.3587097425787067,0.7905339786097417,0.0,0.04959231720122878,0.42880277365288993,0.333333333,0.18333333602833335,0.44344490071707054,0.021978021978021976,0.01171064046356244,0.10589944448995786,0.08783783783783784,0.028927963699062052,0.1782700965534042,0.11079365955236603,0.040654242840486465
0.1943392023070376,0.14285714285714285,0.007389028753443089,0.10029648559575588,0.0625,0.005033441967983214,0.02447855917096129,0.0,0.030085371319152177,0.2217447665967001,0.5661932549199041,0.0,0.0,0.42880277365288993,1.0,0.11578946687578928,0.0,0.008241758241758242,0.0035131921394200515,0.04519059271237841,0.08108108108108109,0.03857061826541607,0.10398815686531715,0.04785251063065471,0.01657957473944932
0.1943392023070376,0.14285714285714285,0.007389028753443089,0.10029648559575588,0.0625,0.005033441967983214,0.02447855917096129,0.0,0.030085371319152177,0.2217447665967001,0.5661932549199041,0.0,0.0,0.42880277365288993,1.0,0.11578946687578928,0.0,0.008241758241758242,0.0035131921394200515,0.04519059271237841,0.08108108108108109,0.03857061826541607,0.10398815686531715,0.04785251063065471,0.01657957473944932
0.7448510674246416,0.14285714285714285,0.03781654335801284,0.057312277477148475,0.0625,0.05164410673851332,0.05830583989072053,0.019027669173649876,0.41354114615403875,0.14733097471935505,0.49141301368995827,0.0,0.0017655269560589975,0.21514476180866224,0.0,0.6769230744353847,0.5679206623022083,0.07967032967032968,0.00819744832414239,0.4392323557762932,0.10810810810810811,0.019285309132708033,0.6007579980979778,0.3963266617433499,0.20173604518227597
0.7345151987544576,0.14285714285714285,0.06192049821502337,0.10472516158243106,0.0625,0.05235988931523021,0.05908381728512282,0.0033573846043935445,0.4502697643994961,0.08604962924267762,0.38211881508431467,0.0,0.0,0.341065368909391,1.0,0.5499999849849999,0.16459604821964657,0.260989010989011,0.0035131921394200515,0.46679086524147645,0.3783783783783784,0.11571185479624821,0.5598364073326245,0.3871771738682535,0.2736925258908357
0.7345151987544576,0.14285714285714285,0.06192049821502337,0.10472516158243106,0.0625,0.05235988931523021,0.05908381728512282,0.0033573846043935445,0.4502697643994961,0.08604962924267762,0.38211881508431467,0.0,0.0,0.341065368909391,1.0,0.5499999849849999,0.16459604821964657,0.260989010989011,0.0035131921394200515,0.46679086524147645,0.3783783783783784,0.11571185479624821,0.5598364073326245,0.3871771738682535,0.2736925258908357
0.8652748949415006,0.2857142857142857,0.17985064072815035,0.13363417669676442,0.125,0.1783611836477819,0.12953324375508132,0.028004445186661783,0.6789894090665538,0.12416597097263132,0.30985219500613714,0.0,0.001975353969088172,0.008886447157427238,0.666666667,0.5499999849849999,0.6154183264753299,0.41483516483516486,0.01230681852464984,0.6881482262462577,0.6486486486486487,0.21535261866464414,0.8031266250345503,0.602139685733319,0.46971420829572796
0.8477051811859069,0.2857142857142857,0.1432226803141892,0.14423589837265338,0.125,0.13249617355647728,0.1088754619589408,0.010172984274288626,0.5322062022893694,0.10692839388676911,0.2626991766397068,0.0,0.0,0.10237803008870262,1.0,0.6769230744353847,0.5653154109984876,0.3516483516483517,0.007026384278840102,0.5469825233962684,0.7094594594594594,0.2892796369906206,0.608750240095195,0.45268111926588556,0.37740833740708246
0.5909207979276931,0.0,0.01957854381211907,0.05014824281937003,0.0625,0.027223772508442975,0.04775309531254995,0.013018456673920983,0.2911521885853308,0.21370623794513857,0.64097349614985,0.06666666666666667,0.02484645534278389,0.10764472931364545,0.0,0.18333333602833335,0.5679206623022083,0.04120879120879121,0.00614808624398509,0.3232259833630427,0.033783783783783786,0.014463981849531028,0.4161072253428091,0.28803879782206304,0.13761929840369377
0.6116885801618376,0.0,0.02803647929783131,0.017193683247442956,0.0,0.02685683798525118,0.01792609460784938,0.0064418157175017005,0.4183044473152731,0.02783639848496941,0.1424385543676101,0.0,0.0,0.12914472148977638,0.0,0.5499999849849999,0.007779734608947653,0.08516483516483517,0.0,0.4457469930406999,0.060810810810810814,0.014463981849531028,0.5749214127435502,0.3791975494677327,0.2096077066076583
0.7695768746048253,0.14285714285714285,0.05430589349728081,0.06447631217791111,0.0625,0.0620995888897025,0.06628295578229607,0.002407042430484631,0.5225276324762163,0.09382091303553469,0.3204867477010238,0.0,0.0,0.1421359964613911,1.0,0.6769230744353847,0.32145865411717367,0.10164835164835165,0.0035131921394200515,0.5479861162111257,0.27702702702702703,0.08678389109718616,0.696510304183044,0.46616090271832916,0.28416762523008576
0.7748033067760095,0.14285714285714285,0.05485325504445448,0.057312277477148475,0.0625,0.06980766826033594,0.06516698875716984,0.02634384189036436,0.4974540376011279,0.10680318787370305,0.39170602563263124,0.0,0.06669111870962187,0.14347808541437806,0.0,0.6769230744353847,0.5679206623022083,0.1263736263736264,0.008782980348550129,0.5267886000856676,0.14864864864864868,0.028927963699062052,0.6631921183189122,0.4643165579320641,0.27627405306727104
0.604308869680745,0.0,0.03199560408822638,0.0,0.0,0.04202948263607603,0.020671174199369827,0.007537087054055664,0.4858746627627613,0.04237032004699576,0.1922920487701748,0.0,0.0,0.07181137321291284,0.0,0.6769230744353847,0.007779734608947653,0.06043956043956045,0.0,0.5026972116380386,0.033783783783783786,0.009642654566354018,0.6841331040912222,0.4362725490742407,0.2435813767837374
0.43873228402922093,0.0,0.007523724590094393,0.007164034700762642,0.0,0.009496517326711676,0.005971056342384682,0.003942543172034462,0.14413636686836434,0.07466231257397463,0.1922920487701748,0.0,0.0,0.10764472931364545,0.0,0.18333333602833335,0.007779734608947653,0.024725274725274728,0.0,0.15744568102915585,0.033783783783783786,0.009642654566354018,0.22911874522737607,0.13627965688558213,0.05966189021317056
0.6150554109506905,0.14285714285714285,0.039619818237862814,0.15187753533808476,0.1875,0.060354522145964845,0.10737225182473295,0.026742291818117582,0.23595776478264313,0.48010397016541184,0.8712491596673215,0.26666666666666666,0.04964261394339828,0.041802628025084644,0.166666667,0.2588235128341174,0.7627252295022291,0.05219780219780221,0.019372745224941087,0.2549650064727112,0.14864864864864868,0.046606163753448844,0.330000890109015,0.24407194246226244,0.119428428582977
0.43873228402922093,0.0,0.007523724590094393,0.007164034700762642,0.0,0.009496517326711676,0.005971056342384682,0.003942543172034462,0.14413636686836434,0.07466231257397463,0.1922920487701748,0.0,0.0,0.10764472931364545,0.0,0.18333333602833335,0.007779734608947653,0.024725274725274728,0.0,0.15744568102915585,0.033783783783783786,0.009642654566354018,0.22911874522737607,0.13627965688558213,0.05966189021317056
0.6186556442008889,0.0,0.02826453181826799,0.01791008673041449,0.0,0.02508899932015035,0.01600181523596903,0.009507005290072373,0.37912594716240594,0.01828821062450567,0.042731566310283076,0.0,0.0,0.09740663268589056,0.0,0.5499999849849999,0.007779734608947653,0.16208791208791212,0.0,0.40892978947243314,0.20945945945945948,0.03374929098223906,0.5032254739830504,0.3374477014753519,0.20688141153715003
0.3133716296812795,0.0,0.004708856493269757,0.0,0.0,0.007489497309575028,0.007430168525109731,0.002545753309472392,0.17945959612208867,0.09436750726175963,0.39170602563263124,0.0,0.0,0.07181137321291284,0.0,0.4400000018479999,0.007779734608947653,0.008241758241758242,0.0,0.18858248370915492,0.0,0.0,0.2792037740622234,0.1682443114253604,0.0700589126192667
0.5948073439701002,0.0,0.02843044266461501,0.0042984208118607425,0.0,0.033061826538713555,0.01308786061890703,0.006161247238369725,0.3043907849468565,0.04187819611044305,0.1424385543676101,0.0,0.0,0.08614470133033346,0.0,0.2588235128341174,0.007779734608947653,0.06043956043956045,0.0,0.34601172685899834,0.060810810810810814,0.014463981849531028,0.4150437793091817,0.28500917817137555,0.15270383758162298
0.7924917511887801,0.2857142857142857,0.08820382349260601,0.15474314922698665,0.1875,0.11455604859934161,0.1564230986075065,0.052537646072774336,0.5259050437873658,0.31896004869038674,0.709225303419838,0.0,0.3200159153921597,0.12197805743106607,0.166666667,0.6769230744353847,0.7777984661472768,0.14835164835164838,0.04179862172427426,0.5544422690520285,0.20270270270270274,0.06910569104279936,0.6683688049583758,0.4894467852780507,0.3074453070755764
0.4222231052331763,0.0,0.014787678638075556,0.0,0.0,0.018649172588362795,0.007211660049380553,0.00222390140298514,0.1769678176845509,0.05684863652164837,0.39170602563263124,0.0,0.0,0.07181137321291284,0.0,0.2588235128341174,0.007779734608947653,0.021978021978021976,0.0,0.2136432128559272,0.0,0.0,0.2646903123345685,0.1629856376301812,0.07995469453061912
0.19348835857671998,0.14285714285714285,0.029921717998968755,0.07880438153645217,0.0625,0.029431981021186583,0.024865124005652904,0.001171882571151966,0.043574491746342314,0.13058419763939383,0.32938915744247477,0.0,0.0,0.0919693122432379,1.0,0.054999991568499995,0.30924446975046627,0.06318681318681318,0.0035131921394200515,0.04503834082593766,0.2567567567567568,0.08678389109718616,0.05502747625985571,0.0419237833045632,0.049387547475966465
0.25722582611452827,0.2857142857142857,0.08245309429297822,0.3653657690081629,0.3125,0.08619272832297427,0.13869766872684236,0.03348871781358148,0.11070097900242665,0.5197621237058104,0.822636607473452,0.0,0.1353142681766209,0.40013608161086767,0.333333333,0.11578946687578928,0.7101774411518014,0.09890109890109891,0.04885010020758742,0.1233873117689262,0.2702702702702703,0.138211382133812,0.1201694017998941,0.1287016740158589,0.11054946813040456
0.2297071441374644,0.2857142857142857,0.05614892162121597,0.23211472384048001,0.1875,0.056252781726062184,0.0739247340738064,0.011414626912174573,0.05289404293501182,0.3256604617189234,0.6718351828048651,0.0,0.00015927199195380035,0.18513601662083407,0.5,0.054999991568499995,0.5526723816172564,0.07142857142857144,0.019372745224941087,0.057034157562401655,0.26351351351351354,0.10606920022989419,0.05551469382592278,0.06068457103811192,0.06900010332212378
0.2105896482394387,0.2857142857142857,0.060112827671240134,0.3080534915310144,0.25,0.0603015066252548,0.09880635268127189,0.017342939655883384,0.055200547289899704,0.42992397233665813,0.782872511076986,0.0,0.03721100450656104,0.48613612192975353,0.4,0.054999991568499995,0.6236235654183088,0.06868131868131869,0.02676717820493786,0.061532588950583944,0.2567567567567568,0.1118547929697066,0.055636498217439545,0.06830592622037185,0.0743921111801423
0.1942436447647291,0.2857142857142857,0.038388313445622296,0.1461463076032652,0.125,0.039555532834419344,0.04943153981901733,0.005799451913266512,0.05059479177482196,0.22878334934028535,0.495567471868423,0.0,0.01233101595249823,0.00014322872420553627,0.666666667,0.054999991568499995,0.4895009324251518,0.07417582417582418,0.010874166144987494,0.05253572617421948,0.2364864864864865,0.10285498202503843,0.0553928894344059,0.05311557669279926,0.06362919798254349
0.25672854864645644,0.2857142857142857,0.049298676214378105,0.13325104516768294,0.125,0.05400826670208826,0.05623197547877851,0.007719799198200353,0.10001503248168847,0.22621076295097334,0.43918554350590044,0.0,0.012272337444883437,0.03463592815919329,0.666666667,0.11578946687578928,0.53939496686893,0.09340659340659341,0.011576804572871505,0.10689306319624708,0.2702702702702703,0.11892607300110397,0.11945262980366067,0.10153546068981217,0.0883233575687219
0.33672635301107445,0.2857142857142857,0.08085598651554128,0.34387366494885924,0.3125,0.09132530985732111,0.15298245233007057,0.03732230689981718,0.16149998993627906,0.5674423513310987,0.8629402440581945,0.2,0.22039912503470008,0.028811353053469897,0.266666667,0.18333333602833335,0.7732192278016816,0.09340659340659341,0.04958201526005455,0.181823722722599,0.27702702702702703,0.11860465116615443,0.1955569505802106,0.19031331065136198,0.12373712431044961
0.5804293834302866,0.14285714285714285,0.022615156078793986,0.04728262893046815,0.0625,0.03332296168424395,0.04572763042928795,0.017893023291386548,0.2664127210103709,0.21222513781172417,0.4807301222993381,0.0,0.04959231720122878,0.08614470133033346,0.0,0.18333333602833335,0.5679206623022083,0.057692307692307696,0.008080341920666118,0.2876958174918027,0.060810810810810814,0.024106636415885042,0.39243032554566026,0.2667917215953109,0.12914057811041516
0.5788852037651241,0.0,0.018516554192118524,0.0042984208118607425,0.0,0.024115208015115255,0.011538675373682326,0.006491174668178018,0.26218719862899936,0.05117483714707319,0.1424385543676101,0.0,0.0,0.08614470133033346,0.0,0.18333333602833335,0.007779734608947653,0.05219780219780221,0.0,0.28358056087064837,0.060810810810810814,0.014463981849531028,0.3914090425706349,0.2554599043065319,0.12178748083957555
0.7848874002475204,0.2857142857142857,0.05641906299230313,0.13325104516768294,0.125,0.06793320791558331,0.09628185623634575,0.018139982972546615,0.38940286739317903,0.22188529237873647,0.5430469897416922,0.0,0.021712898816299165,0.08614470133033346,0.333333333,0.2588235128341174,0.5878022080455133,0.10714285714285715,0.019439663170286555,0.41953427541185745,0.31081081081081086,0.06749858196447812,0.5477637182195947,0.39439293232936395,0.2126084214667652
0.6999188783347562,0.14285714285714285,0.03554034591163535,0.08596841623721482,0.125,0.059028416179267504,0.09628382370087316,0.03218698344499613,0.3950563932086118,0.3004881899711874,0.7798510872191216,0.1,0.25589567416408926,0.07181137321291284,0.0,0.5499999849849999,0.7546343052400557,0.06043956043956045,0.020142301598170567,0.42473101850492273,0.10810810810810811,0.024106636415885042,0.5461006197969616,0.38951432435452954,0.20266827770743492
0.731991014829709,0.14285714285714285,0.05061847826462997,0.06140601161643237,0.0625,0.0537592427708985,0.058916933904134196,0.027173272723027633,0.4407068696460859,0.11679129897645033,0.4332506036782665,0.0,0.029479419309814073,0.10866852823426662,0.0,0.6769230744353847,0.5679206623022083,0.1840659340659341,0.008281095756702522,0.4705587570217336,0.10810810810810811,0.03374929098223906,0.5411534875876642,0.3919679183189994,0.25723272697058897
0.4121771418514024,0.0,0.008700251488999503,0.042984208118607405,0.0625,0.016300097900895726,0.03669122746634011,0.00787887477324294,0.16676131203404415,0.2704727907663781,0.7656072317823606,0.06666666666666667,0.02484645534278389,0.07181137321291284,0.0,0.11578946687578928,0.5679206623022083,0.01098901098901099,0.005269788209130077,0.18307551859922072,0.006756756756756757,0.004821327283177008,0.28002361131281717,0.17362594997593722,0.06440007598401443
0.6517079952462094,0.14285714285714285,0.02020173232280881,0.07164034687867374,0.0625,0.022305974584335996,0.05168909630735765,0.0006619399809526615,0.34185810679321066,0.14830557681199766,0.49141301368995827,0.0,0.0,0.2854693850571406,1.0,0.4400000018479999,0.1322554961940854,0.030219780219780223,0.0035131921394200515,0.3703409065316739,0.10810810810810811,0.048213272831770085,0.5106883353555987,0.32604289934515157,0.15673023210398493
0.7234471848307923,0.14285714285714285,0.04374813895212272,0.15760876311588856,0.125,0.04567970621612616,0.0981245647855245,0.009906900559519339,0.41410572479091284,0.24607142492386455,0.6908269905524147,0.0,0.19905154943175998,0.1421359964613911,0.333333333,0.5499999849849999,0.5022251217456782,0.06868131868131869,0.015223832602982492,0.4477847555721957,0.1283783783783784,0.041784836470271834,0.5957218549871872,0.3970412990142697,0.20675705796265828
0.5358413749567941,0.0,0.026910303936693126,0.0,0.0,0.03271387174724908,0.011063528989291187,0.0040649191558236215,0.2589816813792996,0.040613842338016126,0.26707229000012067,0.0,0.0,0.07181137321291284,0.0,0.2588235128341174,0.007779734608947653,0.04395604395604396,0.0,0.3053010192126309,0.013513513513513514,0.004821327283177008,0.37242629663117155,0.24376458496766445,0.12441509397303513
0.4615863148168339,0.14285714285714285,0.020847616831824886,0.08023718850239522,0.0625,0.024772690632950366,0.03825667624609247,0.0010358927106779519,0.19323263145976338,0.1883281895475297,0.4059498810693922,0.0,0.0,0.07763594831863621,1.0,0.4400000018479999,0.2268570757157704,0.03296703296703297,0.0035131921394200515,0.20104083841763437,0.10810810810810811,0.06749858196447812,0.28125570958085233,0.18724329639290654,0.09471074908554197
0.3668989569674115,0.0,0.009211545889899139,0.008596841623721478,0.0,0.010972365738094665,0.007908872704177682,0.004793236118074791,0.18936899024499104,0.07062205449071604,0.1424385543676101,0.0,0.0,0.10047806525493513,0.0,0.4400000018479999,0.007779734608947653,0.03571428571428571,0.0,0.19741158011558685,0.060810810810810814,0.014463981849531028,0.2810495790721317,0.177890835957709,0.08627563956600628
0.8136309663135055,0.2857142857142857,0.12911658054335778,0.33036434240957807,0.3125,0.14352964426328896,0.2363105369221194,0.06323253830479898,0.49957340095340047,0.4490415309480137,0.8256040773872689,0.0,0.024864996078526776,0.3817075220037813,0.333333333,0.6769230744353847,0.7461911307540933,0.20329670329670332,0.049435632242534736,0.523732473094382,0.3783783783783784,0.14463981849531027,0.5847079271234958,0.47828876167408346,0.3256899091126877
0.6910297630905373,0.14285714285714285,0.02996277727312839,0.07164034687867374,0.0625,0.034510566116205406,0.04943771004339267,0.01425891122665969,0.3266578234716148,0.11434505339790585,0.37924265184503947,0.0,0.000286566595561664,0.25097811790939484,0.0,0.5499999849849999,0.5679206623022083,0.07417582417582418,0.008782980348550129,0.34652293778189486,0.2364864864864865,0.03374929098223906,0.4320120680043289,0.29802766897647853,0.17058617158705067
0.7303595541649094,0.14285714285714285,0.07022993400383713,0.06959347980903177,0.0625,0.0730779966690717,0.060664920657535044,0.004005521194063287,0.4638206886624448,0.0968067549211448,0.22968216938514768,0.0,0.0,0.11756453590903458,1.0,0.6769230744353847,0.3923903887049346,0.2005494505494506,0.0035131921394200515,0.4759532049396204,0.35810810810810817,0.12535450936260223,0.5690513780292987,0.409480820551597,0.28099029565408185
0.788547512679232,0.2857142857142857,0.11194148691475675,0.24153031228346142,0.25,0.12704347236174657,0.1877783548948116,0.043943218439378526,0.4762664520462872,0.3815498159168995,0.7465780713043166,0.16666666666666666,0.025427902654877165,0.10220740887099279,0.4,0.6769230744353847,0.72981695000025,0.19505494505494508,0.027472858358089377,0.489915416149812,0.3783783783783784,0.13885422575549786,0.5704287046102963,0.4476611656776756,0.30513518598774303
0.7955061754122594,0.2857142857142857,0.10262694453911568,0.18708364865223062,0.1875,0.11424817789931707,0.14903920522311834,0.021568032402326198,0.4957636951797277,0.2671247592810375,0.5472014479201569,0.0,0.008658775721335166,0.18513601662083407,0.666666667,0.6769230744353847,0.5926115970954792,0.20879120879120883,0.017490678009904052,0.5147174528884093,0.3783783783783784,0.16713934583287407,0.5840052094801296,0.4559810489801795,0.3199977394873028
0.750821018448605,0.14285714285714285,0.08011221019088885,0.11544330181654111,0.125,0.08956416857061404,0.10067753024970882,0.026598513895955776,0.45226403229813256,0.19540819240721988,0.5152067269445415,0.0,0.010863180033446626,0.03188278562251446,0.333333333,0.6769230744353847,0.6668010956347582,0.19230769230769235,0.017175606015332832,0.46330404421701626,0.3445945945945946,0.08678389109718616,0.5574705912666251,0.406684982334693,0.2753726881152285
0.730242059955577,0.2857142857142857,0.0639502845602429,0.1404150798684456,0.1875,0.09460810428074867,0.14255993507773676,0.044824650538778855,0.43997550118092593,0.3669370259146185,0.7590787978224027,0.13333333333333333,0.11560559522138764,0.020302600041772655,0.166666667,0.5499999849849999,0.7777984661472768,0.09065934065934067,0.033893939410579145,0.46834240946970823,0.19594594594594594,0.06348080924456838,0.5745747387061564,0.4224389344533677,0.2433150093212947
0.6420630887375132,0.14285714285714285,0.0261887190974897,0.05014824281937003,0.0625,0.03880829825010067,0.052745099706587605,0.017084676949076432,0.3572203867776335,0.14346320588672526,0.44155951928739356,0.0,0.031964240719728365,0.10764472931364545,0.0,0.5499999849849999,0.5679206623022083,0.05219780219780221,0.008490214338102854,0.38293095916896785,0.14864864864864868,0.024106636415885042,0.4989154724370719,0.3327228014504389,0.17473309724027927
0.5233296427123327,0.0,0.01648158082568313,0.0,0.0,0.022816820304088735,0.012474130365871708,0.004249393993071129,0.29554937050724844,0.053533135903751,0.26707229000012067,0.0,0.0,0.07181137321291284,0.0,0.4400000018479999,0.007779734608947653,0.030219780219780223,0.0,0.3142001848294344,0.013513513513513514,0.004821327283177008,0.41477674660470254,0.26900986722319137,0.13548751412398055
0.6789992730397395,0.14285714285714285,0.04251461252931217,0.18626490183297068,0.1875,0.05917709422289963,0.12869980688137764,0.022114342519983923,0.362088684976739,0.41124595870168545,0.8688751838858284,0.13333333333333333,0.038903881296097176,0.24963602895640796,0.166666667,0.6769230744353847,0.7060109605732865,0.049450549450549455,0.025997621831708385,0.38650237866292964,0.11486486486486487,0.04098128190700458,0.4989154724370719,0.35420204034435926,0.1861401979428369
0.20747618996434536,0.0,0.015336083115870161,0.011462455512623378,0.0,0.015368534098833877,0.0031354923811953844,0.004989198162884714,0.08043959216738811,0.04528920886821708,0.10682891614960888,0.0,0.0,0.10047806525493513,0.0,0.11578946687578928,0.007779734608947653,0.06043956043956045,0.0,0.09148177153947873,0.08108108108108109,0.019285309132708033,0.11830954243711855,0.07587313075513763,0.050502374134175104
0.33546435277127507,0.2857142857142857,0.04142859090146607,0.1404150798684456,0.125,0.047167317302681255,0.0626609954599536,0.002969899405528004,0.14555453840525995,0.24877205432049634,0.486665062126972,0.0,0.0,0.228136036780277,1.0,0.18333333602833335,0.34835924964623677,0.06318681318681318,0.007026384278840102,0.16304243148555225,0.27702702702702703,0.12535450936260223,0.1940203413333833,0.15290218142791906,0.09536949078765031
0.40577795843136455,0.2857142857142857,0.05195410842264672,0.2048913920463567,0.1875,0.06358378971876448,0.10431119900921593,0.01474779683605586,0.21707663349334055,0.35968377727249856,0.6926074722015839,0.0,0.3151576707242324,0.08480261237734653,0.5,0.2588235128341174,0.5844525989063633,0.07142857142857144,0.021298727345234063,0.24253167440206896,0.27702702702702703,0.09883720930512868,0.284553797720384,0.23161501691072411,0.12996493432466794
0.3356044866245894,0.2857142857142857,0.0478362642735925,0.2048913920463567,0.1875,0.0556689389646452,0.09126211315851529,0.012013874897376929,0.14545595023545949,0.38273019465941505,0.7424609666041486,0.13333333333333333,0.02484645534278389,0.08480261237734653,0.5,0.18333333602833335,0.5844525989063633,0.06043956043956045,0.013394045031538947,0.1652961866490536,0.27702702702702703,0.09160521838036317,0.19419367835208035,0.16210122583245062,0.09470196727586169
0.7831718783380139,0.2857142857142857,0.055337622850918096,0.12895262435582222,0.125,0.06429738714273027,0.10101374536263982,0.007703111426563235,0.430023703983293,0.20483665911017487,0.569754218966045,0.0,0.009856925416173104,0.2138026728556753,0.666666667,0.34374999350312496,0.4270210152978676,0.09890109890109891,0.010071150800841878,0.46222946596449316,0.32432432432432434,0.07874834560915338,0.6076540005715438,0.42351525893300973,0.2300159988695333
0.41985615841044754,0.0,0.0030595197182225285,0.0,0.0,0.0050832559372890815,0.00794968254228898,0.0022199510052728355,0.1840714371078464,0.08624935363814251,0.39170602563263124,0.0,0.0,0.07181137321291284,0.0,0.11578946687578928,0.007779734608947653,0.005494505494505494,0.0,0.20716152527557502,0.0,0.0,0.29861283537199534,0.18177999832446262,0.06964800515572869
0.2427970834485137,0.0,0.0023090714854509644,0.0,0.0,0.002593824317955547,0.006770806862849216,0.0018680465397143296,0.16273725826423596,0.10472612981404827,0.39170602563263124,0.0,0.0,0.07181137321291284,0.0,0.2588235128341174,0.007779734608947653,0.002747252747252748,0.0,0.17738392943320785,0.0,0.0,0.28558913504827677,0.15366993013945623,0.054204045014254354
0.3774070019894833,0.0,0.006375602934187089,0.057312277477148475,0.0625,0.0084297578943626,0.04403305377465621,0.005690953366803644,0.25511723154261595,0.2571326763863351,0.6908269905524147,0.06666666666666667,0.02484645534278389,0.21514476180866224,0.0,0.34374999350312496,0.5679206623022083,0.013736263736263738,0.0058553202335378165,0.27654463194294526,0.013513513513513514,0.009642654566354018,0.39986507821247375,0.2456909324293533,0.10342319430994995
0.5371201017460181,0.14285714285714285,0.02722361705523063,0.14328069371436328,0.125,0.03424465160123851,0.09389203044368499,0.009716739694050862,0.38157144920570857,0.3407893955424389,0.740680484207177,0.0,0.04959231720122878,0.2854693850571406,0.333333333,0.4400000018479999,0.5022251217456782,0.038461538461538464,0.01288170451237792,0.4063262850369052,0.08108108108108109,0.03535640007502429,0.5434584014579049,0.3689553105843662,0.18352687007102084
0.56014775596832,0.0,0.009559281060579333,0.014328069358541064,0.0,0.009248182125615375,0.014568143647670319,0.002837941748430736,0.33689074958441784,0.04406343821764136,0.26707229000012067,0.0,0.0,0.21514476180866224,0.0,0.34374999350312496,0.007779734608947653,0.03296703296703297,0.0,0.361708696841976,0.013513513513513514,0.004821327283177008,0.5255718950420929,0.31389498952650313,0.14409496150295317
0.16949983259795443,0.14285714285714285,0.0314610989892694,0.1748024463633315,0.125,0.028471348635058527,0.04283425054661406,0.0030686531344811564,0.002194534879545129,0.24148268128487846,0.6285101223622582,0.0,2.515144583363102e-05,0.228136036780277,0.666666667,0.0,0.3511945306638876,0.04395604395604396,0.00819744832414239,0.004498431388182178,0.22972972972972977,0.0707128001693339,0.00010306525436032388,0.007332514717575622,0.03233464475284187
0.14539115486440557,0.14285714285714285,0.018087726636032562,0.08883403012611671,0.0625,0.01601733245630861,0.02088086720527619,0.0005925950321819423,0.0,0.1399156391388701,0.4059498810693922,0.0,0.0,0.04896929208379496,1.0,0.0,0.2268570757157704,0.046703296703296704,0.0035131921394200515,0.0,0.20945945945945948,0.06749858196447812,0.0,0.0,0.027047809120559027
0.5171391266015991,0.0,0.011605833108191972,0.042984208118607405,0.0625,0.020803987822375386,0.043539363284552705,0.010669931842266693,0.23924710232065532,0.23891387755457147,0.6908269905524147,0.06666666666666667,0.02484645534278389,0.07181137321291284,0.0,0.11578946687578928,0.5679206623022083,0.019230769230769232,0.0058553202335378165,0.26341872343665823,0.013513513513513514,0.009642654566354018,0.372918198981528,0.24703082234347212,0.10277970747399692
0.3605289414983063,0.0,0.0014624119407856103,0.0,0.0,0.002593824317955547,0.006464462100350652,0.0022554831361099696,0.148116262638125,0.09699437480779363,0.39170602563263124,0.0,0.0,0.07181137321291284,0.0,0.054999991568499995,0.007779734608947653,0.002747252747252748,0.0,0.16472726639958185,0.0,0.0,0.26389858378970943,0.15239086821826325,0.05161100926263293
0.4915112587000806,0.0,0.009024621055637522,0.0,0.0,0.014330446708982038,0.01015503213486596,0.005404909714333766,0.22872405689659087,0.07329204434940725,0.1922920487701748,0.0,0.0,0.07181137321291284,0.0,0.18333333602833335,0.007779734608947653,0.021978021978021976,0.0,0.2575441020754841,0.033783783783783786,0.009642654566354018,0.3776076680549245,0.22909892441356589,0.09400441855152317
0.4812052313587577,0.0,0.008601291283304845,0.0,0.0,0.014330446708982038,0.010557127454535319,0.004403645889757934,0.24619125754726828,0.07120344917978713,0.26707229000012067,0.0,0.0,0.07181137321291284,0.0,0.34374999350312496,0.007779734608947653,0.019230769230769232,0.0,0.2671874588628787,0.013513513513513514,0.004821327283177008,0.3712035679317147,0.23162686194367182,0.10219580292810931
0.670846789367069,0.14285714285714285,0.04032078635912802,0.09026683704907557,0.125,0.06069547902226749,0.09364963691405032,0.038394582627469406,0.3780628369345031,0.32147192340266817,0.7032903635922041,0.1,0.06688081226698861,0.08614470133033346,0.0,0.4400000018479999,0.7546343052400557,0.07692307692307693,0.023421280930638076,0.4044958672062509,0.07432432432432433,0.03374929098223906,0.507568269019053,0.3672561546049578,0.19647495746116164
0.6195388164390101,0.14285714285714285,0.022147843997950507,0.08596841623721482,0.125,0.04257251083474182,0.08046433301281694,0.02568641784219387,0.27512173876724283,0.35345979014564377,0.8154607254371229,0.1,0.03141073057595348,0.07181137321291284,0.0,0.34374999350312496,0.7546343052400557,0.03296703296703297,0.018737024742402544,0.30181495760394755,0.060810810810810814,0.019285309132708033,0.40012274134837456,0.2790268285192274,0.12580273794519198
0.37594534304277727,0.0,0.007100394817761718,0.0,0.0,0.009826556787502381,0.005353569426299207,0.0022768496216455745,0.12552599420077476,0.0828882719792347,0.39170602563263124,0.0,0.0,0.07181137321291284,0.0,0.054999991568499995,0.007779734608947653,0.01098901098901099,0.0,0.14662793501042365,0.0,0.0,0.2276477229605962,0.1279539441833915,0.045500874634502114
0.44220707590266617,0.0,0.004098601886675463,0.0,0.0,0.007489497309575028,0.0074541174833684665,0.0038479624906404353,0.1752327662802569,0.08034708165966434,0.26707229000012067,0.0,0.0,0.07181137321291284,0.0,0.2588235128341174,0.007779734608947653,0.01098901098901099,0.0,0.1943973522656663,0.013513513513513514,0.004821327283177008,0.2857952655569974,0.16855530512781874,0.06662405659343965
0.5399703602852748,0.0,0.02100790814862455,0.014328069358541064,0.0,0.019177829285744838,0.011189846429671052,0.004023076966743998,0.26613261468853905,0.03971356949482213,0.26707229000012067,0.0,0.0,0.21514476180866224,0.0,0.4400000018479999,0.007779734608947653,0.057692307692307696,0.0,0.2908968531101888,0.013513513513513514,0.004821327283177008,0.39217266240975945,0.24164267192899086,0.11922863581446771
0.6641060450168654,0.0,0.04634707087505908,0.006140601165941666,0.0,0.0524034379277464,0.022495747359288394,0.011339024421945516,0.5295430265739829,0.026093349215457612,0.08012168692525601,0.0,0.0,0.08409710348909111,0.0,0.5499999849849999,0.007779734608947653,0.12087912087912088,0.0,0.5493739890901919,0.10810810810810811,0.024106636415885042,0.7019399691741193,0.4698627383915625,0.2878514626270997
0.6142889628308641,0.14285714285714285,0.019140178424597566,0.06447631217791111,0.0625,0.024186746201217864,0.04767480014310465,0.0010370388764603172,0.30200562002040726,0.16110174482711923,0.44155951928739356,0.0,0.0,0.24963602895640796,1.0,0.5499999849849999,0.19254844389455816,0.030219780219780223,0.0035131921394200515,0.31801509676717993,0.10810810810810811,0.057855927398124105,0.43283190525492254,0.28311608864579246,0.14394780458665912
0.4872633011037375,0.0,0.006576730391871834,0.007164034700762642,0.0,0.007489497309575028,0.009987413607080331,0.0036556501430978702,0.23633202880708165,0.05992223609617486,0.1922920487701748,0.0,0.0,0.10764472931364545,0.0,0.5499999849849999,0.007779734608947653,0.021978021978021976,0.0,0.2531398543728088,0.033783783783783786,0.009642654566354018,0.3643872067910634,0.21948099010437655,0.10024110561668739
0.2726476312028163,0.0,5.772678713627383e-05,0.0,0.0,0.0,0.0038909497828280813,0.0019900699103548923,0.09427244420641684,0.11071294422128858,0.39170602563263124,0.0,0.0,0.07181137321291284,0.0,0.054999991568499995,0.007779734608947653,0.0,0.0,0.10472421206068988,0.0,0.0,0.18825805665778128,0.09662907642132196,0.02925978614235572
0.5026204111451071,0.0,0.005783674292679339,0.0,0.0,0.009826556787502381,0.011255610054143397,0.004113375716395513,0.258938210502382,0.06530552725916472,0.26707229000012067,0.0,0.0,0.07181137321291284,0.0,0.4400000018479999,0.007779734608947653,0.013736263736263738,0.0,0.2824485609286758,0.013513513513513514,0.004821327283177008,0.40141574181216844,0.2492553656989997,0.10799618442843575
0.5724651101793006,0.0,0.02679061375502812,0.014328069358541064,0.0,0.02685683798525118,0.014946668130398758,0.004476166369759936,0.3636586295548952,0.03115038603926476,0.26707229000012067,0.0,0.0,0.21514476180866224,0.0,0.6769230744353847,0.007779734608947653,0.06868131868131869,0.0,0.373018595359821,0.013513513513513514,0.004821327283177008,0.476639323142366,0.3151950081267337,0.1846218622917439
0.5243702924585474,0.0,0.010333094897393067,0.007164034700762642,0.0,0.013382361732920468,0.012369914455778563,0.005022224910714192,0.2890880645384594,0.05049906511582691,0.1922920487701748,0.0,0.0,0.10764472931364545,0.0,0.4400000018479999,0.007779734608947653,0.03296703296703297,0.0,0.3105187038117864,0.033783783783783786,0.009642654566354018,0.4235981954210919,0.26669685083242917,0.1274160384200912
0.5366373052591139,0.14285714285714285,0.022605474084328704,0.07164034687867374,0.0625,0.027133502950858868,0.05488989869081149,0.0010221183970063937,0.3794724997036694,0.18738630745528048,0.49141301368995827,0.0,0.0,0.2854693850571406,1.0,0.4400000018479999,0.1322554961940854,0.038461538461538464,0.0035131921394200515,0.4033273310768057,0.08108108108108109,0.048213272831770085,0.5427978468731409,0.3584105248303506,0.18041171165253536
0.4121388665199145,0.0,0.0032519423420101093,0.0,0.0,0.0050832559372890815,0.009664844417544408,0.0022199510052728355,0.2277294606792209,0.08130957924349091,0.39170602563263124,0.0,0.0,0.07181137321291284,0.0,0.4400000018479999,0.007779734608947653,0.005494505494505494,0.0,0.25344794106484464,0.0,0.0,0.36245707566395113,0.21388853300852123,0.08752417580022057
0.5642938416200207,0.0,0.01297057222183243,0.017193683247442956,0.0,0.011782308153893318,0.012714539159532183,0.004426421826749243,0.30540003191369697,0.032810216810666176,0.1424385543676101,0.0,0.0,0.12914472148977638,0.0,0.5499999849849999,0.007779734608947653,0.06043956043956045,0.0,0.32145251992351603,0.060810810810810814,0.014463981849531028,0.42037506383018597,0.2717653602521502,0.14805187768347458
0.3709600713763259,0.0,0.004541173921386897,0.0,0.0,0.007489497309575028,0.0055089658147448595,0.002545753309472392,0.12036240541457605,0.09373864020217557,0.39170602563263124,0.0,0.0,0.07181137321291284,0.0,0.34374999350312496,0.007779734608947653,0.008241758241758242,0.0,0.1385088350070806,0.0,0.0,0.25002693750966243,0.13665386142938502,0.04199613666179325
0.20649647309068841,0.0,0.008331899610002233,0.021492104059303706,0.0,0.0058937806430758456,0.0026919437386533143,0.0023307203519179077,0.07035860657408138,0.053850690127222184,0.1922920487701748,0.0,0.0,0.17931140570792964,0.0,0.11578946687578928,0.007779734608947653,0.03571428571428571,0.0,0.0845980694083735,0.033783783783783786,0.009642654566354018,0.11716645507057633,0.06746161112087229,0.03617499639942716
0.6096690875737829,0.0,0.04063404708098508,0.021492104059303706,0.0,0.03398605014762773,0.017293606823366052,0.007634440590228081,0.4171812046946793,0.020646131115282962,0.1922920487701748,0.0,0.0,0.17931140570792964,0.0,0.6769230744353847,0.007779734608947653,0.1263736263736264,0.0,0.4277779724704774,0.033783783783783786,0.009642654566354018,0.5441189560426691,0.36337520512812543,0.22246835089330133
