2.788189053084183695e-03,2.666666670000000239e-01,2.144318985762101379e-03,0.000000000000000000e+00,6.367236595603403826e-02,2.247512023236988843e-03,8.991969082474710051e-03,8.083948134500356097e-01,5.858814419996750261e-02,4.674046740467405203e-02,1.732973695081367095e-03,1.367370533851152217e-02,4.965243297521075745e-03,3.743834778455047696e-02,1.292567157557555392e-02,3.001262013513625662e-02,4.767441860465115866e-02,5.630165864525167076e-03,2.762789193367735582e-02,3.816793691136879940e-02,3.089298295663666163e-02,8.118680086305968269e-02,1.758091965234412357e-02,4.000000000000000222e-01,2.794441698561866971e-02
2.798405624714495749e-03,3.611111109999999846e-01,8.155389501095859335e-04,7.575757575757575100e-03,2.738978870734425780e-02,2.990333793628874824e-03,1.807895923072351096e-03,8.059948847634368363e-01,5.572710972164779397e-02,4.797047970479705048e-02,2.460879337927533305e-04,3.431851720399430733e-03,5.366925900806919329e-03,6.502473979536646520e-02,1.180860244552270170e-02,2.028980269945207526e-02,4.418604651162790636e-02,1.793231732092338956e-03,1.676338716803287606e-03,6.106870189330457221e-02,6.740274855314760082e-03,1.729520838791797147e-02,4.097184936170819580e-02,4.000000000000000222e-01,1.527927844205947440e-02
1.963618576379032310e-02,3.428571429999999753e-01,9.419147348543614739e-02,0.000000000000000000e+00,3.783822239085584127e-01,3.341745631160420588e-02,9.857828911674719474e-02,9.226760219110908823e-01,3.742654120752820779e-01,1.697416974169741744e-01,3.127453432671035982e-02,1.675211758923545249e-02,3.626301283627269417e-02,1.001154797029947668e-01,5.980982826692161913e-02,1.483040211491593596e-01,2.790697674418604612e-01,3.364702951876000214e-02,2.433635646915368045e-01,1.068702271319852959e-01,2.117026368484415111e-01,9.835301522087830373e-02,8.775370878043634026e-02,1.000000000000000000e+00,1.686020001778608945e-01
1.904962540641480973e-04,0.000000000000000000e+00,4.580700456040357220e-04,0.000000000000000000e+00,1.724015271882188213e-02,3.237941050426169356e-04,3.209707589050722273e-03,5.095736199908886821e-01,1.971524906126872340e-02,1.845018450184501835e-02,5.613185218299697465e-04,3.170945270129776894e-02,8.368387579209101822e-04,8.978603626462189347e-03,3.738392144843552187e-03,1.521680441439060040e-02,1.976744186046511254e-02,2.386506894394987803e-03,2.037880072306694212e-02,7.633588327311926873e-03,1.986871559262687673e-02,7.577084635807893737e-04,7.796981995515504804e-03,1.000000000000000056e-01,1.601678476881514268e-02
7.104385686508150888e-02,2.507122509999999971e-01,1.884406003184034006e-01,0.000000000000000000e+00,4.678555336858830072e-01,7.764392171801343112e-02,1.711083320512262751e-01,9.537783155958179382e-01,4.501231524682531848e-01,3.136531365313653397e-01,5.262113864449097927e-02,1.018353230030986933e-03,7.104203162641238578e-02,1.944807507289023629e-01,1.189318001603205804e-01,2.619180638526126814e-01,3.651162790697674576e-01,7.546201153482282042e-02,3.766692527405056112e-01,1.984732823345375929e-01,3.627855415507245662e-01,4.798310706345027682e-02,1.813174276178926569e-01,1.000000000000000000e+00,2.797375067217847122e-01
2.902663487469504203e-03,4.166666669999999906e-01,7.544308091902928413e-04,0.000000000000000000e+00,2.786407076288268531e-02,3.161754202180848579e-03,1.849978704752863008e-03,7.915001854404648540e-01,6.143590235787754067e-02,4.920049200492005587e-02,2.576329341225057899e-04,2.015012211626752286e-02,5.366925900806919329e-03,6.554559439871748827e-02,1.195510598916241750e-02,2.058939533912309064e-02,4.651162790697674354e-02,1.660676267531206642e-03,1.666880625995204816e-03,6.106870189330457221e-02,6.788443905614442719e-03,3.337718528293118214e-02,4.097184936170819580e-02,4.000000000000000222e-01,1.533081167975024542e-02
1.950684533720834987e-02,1.838235290000000133e-01,1.783686721414207924e-03,0.000000000000000000e+00,4.422680167895847586e-02,8.651968953859338202e-03,5.237000566276783613e-03,8.904151636822470461e-01,7.448129405250301927e-02,8.487084870848708718e-02,1.181105287071121650e-03,5.484834207567840236e-02,1.644667105920896710e-02,1.260773087643694834e-01,2.798326146257845010e-02,4.035681434088168179e-02,7.034883720930233675e-02,8.304205306752710306e-03,7.687896759487692841e-03,1.221374037866091444e-01,1.494970574476984192e-02,1.592095355807380264e-01,1.033476727714673638e-01,4.000000000000000222e-01,3.096846910982063369e-02
2.471793280211697936e-03,4.000000000000000222e-01,7.963476755492532397e-04,0.000000000000000000e+00,2.549266048519054084e-02,3.799819056235417217e-03,1.606120541907909115e-03,7.835718212102782410e-01,6.571749687089573078e-02,5.043050430504305431e-02,2.277299925399958042e-04,8.221654173892352369e-02,6.081028307427694887e-03,8.078430037388548146e-02,1.065681487535429482e-02,2.160473521648862555e-02,5.058139534883720340e-02,1.681182013886613679e-03,5.457340760157719951e-04,6.870229022061651036e-02,5.127290107603553297e-03,1.595034216826789891e-02,4.876883135722370755e-02,4.000000000000000222e-01,1.404980204658184788e-02
6.573582292010912969e-04,6.999999999999999556e-01,4.010048510640739760e-04,0.000000000000000000e+00,1.897128222153714877e-02,1.347554878339126631e-03,8.915887095031229358e-04,6.986559809268795274e-01,5.669627684589096522e-02,2.952029520295202866e-02,1.020485270493703565e-04,1.750925326856070732e-02,2.064202268958461629e-03,3.271444709298294146e-02,4.918809624174691648e-03,1.298168803162727883e-02,3.430232558139535010e-02,3.972282481299474282e-04,4.506960854795329530e-04,3.053434858405687166e-02,3.538389885042186964e-03,3.610581083982309682e-04,9.783953934011066153e-03,4.000000000000000222e-01,8.719587043518248898e-03
0.000000000000000000e+00,0.000000000000000000e+00,6.527554395981154510e-06,0.000000000000000000e+00,1.280561549953757603e-03,3.333174610732821954e-05,5.602929075255914276e-05,0.000000000000000000e+00,4.182022528147910471e-03,4.920049200492005066e-03,4.659754555188548951e-06,2.826873528606759292e-02,7.810495076359842150e-05,2.062402945574096091e-03,5.990211728991961908e-04,2.721002711363327761e-03,4.069767441860465060e-03,9.648849617496095576e-05,7.095965283949486188e-05,0.000000000000000000e+00,6.601195203041027807e-04,0.000000000000000000e+00,1.559394771384856743e-02,0.000000000000000000e+00,1.729587259283036976e-03
1.596017128946476899e-03,2.999999999999999889e-01,2.901928593481472099e-04,0.000000000000000000e+00,1.448931679669899705e-02,1.133279367649159437e-03,7.413311199496864894e-04,7.681320646133765750e-01,3.608488010001911078e-02,2.583025830258302638e-02,8.112213507862740152e-05,1.652804516355851211e-02,2.064202268958461629e-03,3.089722491193040710e-02,4.827423306994104574e-03,1.161416969572125722e-02,2.906976744186046124e-02,8.559364884552814971e-04,4.319652939501763492e-04,3.053434858405687166e-02,3.002763614456278266e-03,3.569290190972837940e-03,9.783953934011066153e-03,3.000000000000000444e-01,7.916012347417929543e-03
2.756517758893505324e-03,3.181818180000000051e-01,9.137748134854640049e-04,1.010101010101010013e-02,2.727121819345965092e-02,4.561687538688633664e-03,1.834322666453200995e-03,8.104928900879492248e-01,6.180703427432900771e-02,5.781057810578106582e-02,2.668938176775649605e-04,1.102432061706517669e-01,7.977862824970297431e-03,9.886133433708671481e-02,1.273486814162673800e-02,2.427772937657151492e-02,5.174418604651162545e-02,2.210473291682353309e-03,5.307110862226019831e-04,8.396946687524035891e-02,5.589305928083608370e-03,1.620287736136652793e-02,6.436277907107226803e-02,4.000000000000000222e-01,1.567855950991292255e-02
4.755287189486158287e-04,8.000000000000000444e-01,4.062241468965884319e-04,0.000000000000000000e+00,1.920842324930636252e-02,1.371363268415789604e-03,9.072134240977172605e-04,6.819754788098707499e-01,6.117701526890657882e-02,2.952029520295202866e-02,1.055585693252679679e-04,2.804217939768204396e-02,2.119991520505818891e-03,3.264645578652004831e-02,4.952857974051613418e-03,1.320311950002196408e-02,3.488372093023255766e-02,3.334214679803598996e-04,5.130287075979601602e-04,3.053434858405687166e-02,3.716479683685379974e-03,5.915846382171003497e-05,9.783953934011066153e-03,4.000000000000000222e-01,9.349496911943618385e-03
4.083349171491133800e-02,1.648351650000000057e-01,5.369674781122751872e-02,0.000000000000000000e+00,2.660248049515046564e-01,2.138945764487405407e-02,6.671281485839691827e-02,9.324799727452307563e-01,2.221921042983323047e-01,1.512915129151291560e-01,1.667141072259908582e-02,2.990834139980268550e-02,2.587505439958272951e-02,9.073498045883077179e-02,4.801600751761156416e-02,1.354733984201704489e-01,1.930232558139534649e-01,3.545414252041836911e-02,1.840477475100457672e-01,9.923663880467337162e-02,1.744245409777842315e-01,8.705199388229464472e-03,7.995674306210329152e-02,8.000000000000000444e-01,1.403890935106634208e-01
4.913654286328423410e-02,2.987012989999999757e-01,1.581517965534102177e-01,0.000000000000000000e+00,4.381180488036235388e-01,6.190181419932383466e-02,1.445912600188370978e-01,9.384665272029574234e-01,4.573534321590940199e-01,2.337023370233702324e-01,4.988677369658543748e-02,5.717091378623156799e-03,6.376711335256339541e-02,1.586431428857166814e-01,9.710279734105627114e-02,2.139225436281876613e-01,3.546511627906976938e-01,6.009664149024093044e-02,3.241507822701635289e-01,1.603053406979779438e-01,2.837367378223043524e-01,2.612634271350888215e-01,1.423325501946800242e-01,1.000000000000000000e+00,2.353562744898422543e-01
2.014719387327854605e-01,1.849390919999999994e-01,4.176329577579023788e-01,0.000000000000000000e+00,5.995873746116815450e-01,1.883624589305271102e-01,3.201120603554241106e-01,9.738172278808001625e-01,6.500917964997415810e-01,4.920049200492005448e-01,1.264967779280803117e-01,1.194396021001388995e-02,1.472389899276167202e-01,3.178048444443660747e-01,2.315557752827177018e-01,4.168649082220240443e-01,5.581395348837209225e-01,1.709538532735524197e-01,5.786270442956338300e-01,3.206106861211467374e-01,5.665792952460879661e-01,3.390810248781459674e-02,3.060690581602285021e-01,1.000000000000000000e+00,4.433028315206689052e-01
1.133786461972479953e-01,2.501960779999999884e-01,6.529100018596167843e-01,0.000000000000000000e+00,6.950603523915671600e-01,2.923765534974525071e-01,4.492590748806075118e-01,9.667330712094106548e-01,8.980810204743869818e-01,5.879458794587946180e-01,2.156083730698704348e-01,1.960120742752424761e-01,2.150452451204030446e-01,3.778830280827305543e-01,3.222576196289433370e-01,4.910484234687770844e-01,7.279069767441860295e-01,2.253108247790661378e-01,7.123128938958900314e-01,3.816793880144513373e-01,6.700830509055273332e-01,7.280383219726314914e-02,3.684448815699876700e-01,1.000000000000000000e+00,5.233422268463999716e-01
9.999999999999998890e-01,5.331945400000000224e-02,1.000000000000000000e+00,1.000000000000000000e+00,1.000000000000000000e+00,1.000000000000000000e+00,1.000000000000000000e+00,1.000000000000000000e+00,9.999999999999998890e-01,1.000000000000000000e+00,9.999999999999998890e-01,1.000000000000000000e+00,1.000000000000000000e+00,1.000000000000000000e+00,1.000000000000000000e+00,1.000000000000000000e+00,1.000000000000000000e+00,1.000000000000000000e+00,1.000000000000000222e+00,9.999999999999997780e-01,1.000000000000000000e+00,1.000000000000000000e+00,1.000000000000000000e+00,1.000000000000000000e+00,1.000000000000000000e+00
2.403372163540643328e-02,4.112554110000000152e-01,2.111501518694090251e-01,3.703703703703703498e-02,4.595081695084066720e-01,7.112042283700775736e-02,1.698196982164494051e-01,9.381142090212429840e-01,5.712896229107385926e-01,2.558425584255842877e-01,5.971555909763922448e-02,7.963512912477285766e-02,6.352164065024366868e-02,1.536763334241145473e-01,1.035938882535320515e-01,2.217555043149442295e-01,4.058139534883721256e-01,5.180504836772888144e-02,3.760481128437933029e-01,1.603053406979779438e-01,3.270095059246235780e-01,2.655686314686229316e-02,1.423325501946800242e-01,1.000000000000000000e+00,2.547420552586250331e-01
7.727500701074190015e-02,2.337662339999999894e-01,1.537916032006517719e-01,0.000000000000000000e+00,4.284664089734164794e-01,5.771153754583114442e-02,1.382974391710734552e-01,9.524461902767322741e-01,4.049423706213260976e-01,2.509225092250922939e-01,4.115322961719150574e-02,2.519000258854255103e-02,5.566651417601243407e-02,1.531077990852742765e-01,9.506109742252993877e-02,2.178887470810337290e-01,3.313953488372093359e-01,6.331599243014114642e-02,3.220345512328542381e-01,1.603053406979779438e-01,3.039548486389360149e-01,1.531080059274837479e-01,1.423325501946800242e-01,1.000000000000000000e+00,2.398522416976299199e-01
1.769620232644199221e-04,0.000000000000000000e+00,1.451461593169434496e-04,0.000000000000000000e+00,4.339680808176623120e-03,1.618970525213084949e-04,1.082507808531045198e-03,5.095736199908886821e-01,9.558908635766652506e-03,1.353013530135301415e-02,1.831286471466865660e-04,2.498152524051968845e-02,4.797875544702515788e-04,7.669419308475432066e-03,3.021942506557094132e-03,1.004901267242569278e-02,9.883720930232558002e-03,1.444931487744259904e-03,1.033986998748711097e-02,7.633588327311926873e-03,1.311962105204598182e-02,3.675636246277610986e-02,7.796981995515504804e-03,0.000000000000000000e+00,9.384624763299952155e-03
3.937354949631976381e-02,3.152173910000000134e-01,1.987946874718442836e-01,2.020202020202020027e-02,4.610733002916834744e-01,7.781534212656539273e-02,1.675162016544293475e-01,9.446886493920279015e-01,5.339027114986036882e-01,2.632226322263223062e-01,6.142435007684946685e-02,4.490027141443495018e-02,7.037256061626030734e-02,1.685878307636083651e-01,1.123064192262807071e-01,2.276588479510314456e-01,4.081395348837209558e-01,6.875999975851410095e-02,3.624250515418327434e-01,1.755725173526017924e-01,3.198672569523713372e-01,2.925414614951591524e-02,1.579264979085285847e-01,1.000000000000000000e+00,2.557999271707975808e-01
2.738297255526405127e-01,1.535615170000000085e-01,4.910548826143523726e-01,0.000000000000000000e+00,6.423676160212478115e-01,2.329650969001476057e-01,3.597860871397895455e-01,9.729713672651796319e-01,7.162356051625660136e-01,4.883148831488315356e-01,1.734085847921550960e-01,7.932587125780055093e-02,1.971257378510629932e-01,3.453321201933989282e-01,2.785734507734460852e-01,4.386493356177776914e-01,6.308139534883721034e-01,2.374461504803760670e-01,5.934549206115793396e-01,3.511450394303944345e-01,5.623750191234522244e-01,9.841380554377450462e-02,3.372569698651080583e-01,1.000000000000000000e+00,4.721017808313486830e-01
5.523186224832887098e-02,2.727272729999999923e-01,1.881790191556733105e-01,1.936026936026935888e-02,4.762028978633593423e-01,6.953478405790200489e-02,1.628240086301783740e-01,9.469211576657786678e-01,4.816386464993775429e-01,2.669126691266913154e-01,5.704107005786755724e-02,2.236545096404884882e-03,6.974772100397963470e-02,1.613953889606055958e-01,1.051772895649171757e-01,2.296742097026026330e-01,3.808139534883721034e-01,7.007378195656845110e-02,3.498957949484279850e-01,1.679389290252898681e-01,3.227051602960835930e-01,1.580817323390679846e-02,1.501295321901955360e-01,1.000000000000000000e+00,2.546838308648273763e-01
5.213109780784884071e-04,3.333333330000000094e-01,4.623647651315524777e-03,0.000000000000000000e+00,6.896061087528752853e-02,2.233226989190990885e-03,1.536235359425043231e-02,6.621074978999783589e-01,1.238675243852284807e-01,3.444034440344403980e-02,6.204605031507669927e-03,5.117041391592573596e-03,4.931769746312121387e-03,1.457363051507137852e-02,8.590188401764212514e-03,3.617300132301078108e-02,9.127906976744186440e-02,4.640820556361727883e-03,5.750399346926463040e-02,1.526717665462385201e-02,4.589119697037026546e-02,2.300606926399835115e-04,0.000000000000000000e+00,2.000000000000000389e-01,3.980010255805353087e-02
7.142157583781931496e-02,3.402298850000000097e-01,3.115074268201367680e-01,0.000000000000000000e+00,5.351561573667860117e-01,1.185562592257511511e-01,2.339797193842337586e-01,9.481299478241762557e-01,6.633827659368990437e-01,3.530135301353014010e-01,9.071182885452057365e-02,4.257964908858854342e-02,1.006995971952008712e-01,2.155941540980853277e-01,1.558571850711421847e-01,3.052511207353803546e-01,4.982558139534883912e-01,9.132495499232812231e-02,4.631795294229333337e-01,2.213740473164733658e-01,4.227424404272662750e-01,2.094551423746171884e-02,2.047083573272567292e-01,1.000000000000000000e+00,3.341666090010194656e-01
6.566444828957358759e-02,3.054187190000000052e-01,2.865592573682964050e-01,0.000000000000000000e+00,5.291564893642248801e-01,1.096328746250178482e-01,2.263641818057525179e-01,9.529124552347600918e-01,6.180446579557857811e-01,3.407134071340713888e-01,8.550986803423324401e-02,1.038995344802560485e-02,9.539961839639105046e-02,2.093566054049207370e-01,1.481068528603668444e-01,2.936577225436968197e-01,4.767441860465116421e-01,9.147422760673667996e-02,4.528884681692928460e-01,2.137404589891614415e-01,4.129780311816580451e-01,2.422240729072795001e-02,1.969113916089236804e-01,1.000000000000000000e+00,3.246582084023745263e-01
1.257637176752481600e-01,2.506938020000000211e-01,5.822208371385768633e-01,0.000000000000000000e+00,6.679314188147690290e-01,2.533307937717251268e-01,4.042414818017617817e-01,9.658279696030245276e-01,8.446403322648921019e-01,5.325953259532595352e-01,1.878812668613814574e-01,6.809198110319872321e-02,1.950280619547289096e-01,3.496079515764607404e-01,2.885886019310642259e-01,4.541905677724087931e-01,6.837209302325581994e-01,2.014600644541494623e-01,6.627093533134016390e-01,3.511450394303944345e-01,6.192799676792457575e-01,6.066153177678593883e-02,3.372569698651080583e-01,1.000000000000000000e+00,4.923653467416500562e-01
1.912860215531399788e-01,1.818181819999999949e-01,5.563171639699536764e-01,0.000000000000000000e+00,7.099290948326969497e-01,3.141088519594305017e-01,4.417640511662321301e-01,9.719787321214987674e-01,8.305388115853740150e-01,5.682656826568266428e-01,2.325470567220714602e-01,1.508425874920240606e-01,2.630016847843303918e-01,4.288901075481943992e-01,3.527731493126016193e-01,4.982658839056052780e-01,7.156976744186046568e-01,2.845521463321295519e-01,6.674603706391107893e-01,4.198473296510109032e-01,6.227474608634947506e-01,1.239337922936504105e-01,4.074297589932003305e-01,1.000000000000000000e+00,5.256769472800344456e-01
4.712080107174135453e-03,6.444444440000000052e-01,8.411001084761189628e-02,0.000000000000000000e+00,3.114847399748630341e-01,2.256083043664587270e-02,8.798951416497574618e-02,8.868316748463238586e-01,4.644833021462089762e-01,1.303813038130381130e-01,2.992037226289618115e-02,1.528424425699582284e-02,2.426832397802315341e-02,6.379585189145456359e-02,4.074235099808230787e-02,1.253735975526890645e-01,2.796511627906976827e-01,1.303280992937167100e-02,2.363029416824529161e-01,6.870229022061651036e-02,1.933685464921228170e-01,3.108077089114132086e-04,4.876883135722370755e-02,8.000000000000000444e-01,1.533591563416601411e-01
1.149230316169246556e-02,2.000000000000000111e-01,2.095613675455748962e-02,0.000000000000000000e+00,1.391780691977518858e-01,9.466215894481213103e-03,3.626469248170039600e-02,8.940362437641171667e-01,1.414718478093464626e-01,9.717097170971709941e-02,8.160674368981149160e-03,2.573707203778943450e-02,1.344520937701948818e-02,6.462553460832598518e-02,2.984098376156105875e-02,8.763213093658900332e-02,1.197674418604651181e-01,1.857068396716693784e-02,1.201497266587895074e-01,6.870229022061651036e-02,1.086938012198981618e-01,4.262311017787189654e-02,4.876883135722370755e-02,5.000000000000001110e-01,8.944824520431443604e-02
1.082192038600949258e-01,2.021505379999999907e-01,2.288981104611838291e-01,0.000000000000000000e+00,4.926367710877658790e-01,1.075996381124708356e-01,1.992987910114955852e-01,9.589330726506887226e-01,5.223750849302311039e-01,3.075030750307503058e-01,7.874215965843370246e-02,8.014883205085404638e-02,1.012909632520644920e-01,2.287307011563664561e-01,1.481169802412151126e-01,2.830096756482812226e-01,4.401162790697674687e-01,1.134403241165015674e-01,4.000790567251307772e-01,2.290076309185944681e-01,3.550978289666280041e-01,2.538858351277162306e-02,2.125053393227722409e-01,1.000000000000000000e+00,3.034275120604065235e-01
7.914110462435108850e-02,2.473118280000000113e-01,2.382798726086224894e-01,0.000000000000000000e+00,4.965495980459579406e-01,1.073044140755202019e-01,2.059202711947056563e-01,9.541467791081081895e-01,5.405537137387333990e-01,3.234932349323493272e-01,7.951979735985609254e-02,1.139090775195126248e-01,9.886970978428427648e-02,2.316166860348101431e-01,1.520755435773012698e-01,2.841466381529045848e-01,4.389534883720930258e-01,1.024583805587467866e-01,4.170535936236688945e-01,2.290076309185944681e-01,3.714647902899335663e-01,1.635554420805401810e-01,2.125053393227722409e-01,1.000000000000000000e+00,3.066995715463590733e-01
1.904312495832076110e-02,3.333333330000000094e-01,8.441903269220164818e-02,0.000000000000000000e+00,3.397045222793995678e-01,2.790819484786438709e-02,9.052375756084717062e-02,9.161691194087523415e-01,3.580607859615114741e-01,1.512915129151291560e-01,2.877439671136169247e-02,1.372663246849503867e-02,3.113040180052114789e-02,8.725590963537248335e-02,5.195441124365517832e-02,1.375823903725451325e-01,2.680232558139534760e-01,2.954748504674554327e-02,2.335242735084041843e-01,9.160305520255229705e-02,1.958305955560319667e-01,1.294969913577143431e-02,7.215976106658776590e-02,9.000000000000000222e-01,1.577465077440761698e-01
3.824335251977595967e-02,3.523809520000000250e-01,1.725975030774768715e-01,0.000000000000000000e+00,4.417700206312694111e-01,6.268749107185371539e-02,1.491780141211600241e-01,9.372907176683928920e-01,5.053931551311440229e-01,2.435424354243542477e-01,5.154787474072970027e-02,4.675292124310874257e-03,5.899155351381010076e-02,1.466921871097873198e-01,9.350071136810464423e-02,2.157589081376744544e-01,3.750000000000000000e-01,5.252077749432945003e-02,3.392346822959927954e-01,1.526717570958568693e-01,2.961487487410747188e-01,6.296120988672480358e-03,1.345355681991645125e-01,1.000000000000000000e+00,2.369706939256767952e-01
6.570828163980532407e-04,0.000000000000000000e+00,4.266486469005500992e-03,2.525252525252525033e-03,4.379994782897388833e-02,2.276082091328984324e-03,1.362386739177705655e-02,6.794314936609007205e-01,9.439422277819568829e-02,2.706027060270602830e-02,6.173039404036836930e-03,2.290401522111623275e-02,4.864822645296913543e-03,1.315894645813904876e-02,8.459897927916518873e-03,3.050672441354912792e-02,9.302325581395348708e-02,8.725896588586481983e-03,5.848999384234086080e-02,1.526717665462385201e-02,4.203529841574707437e-02,9.288544709963571580e-03,0.000000000000000000e+00,1.000000000000000056e-01,3.737733932282791965e-02
6.498272134297056191e-02,3.387096769999999868e-01,3.890924196627264520e-01,0.000000000000000000e+00,5.675021935545068175e-01,1.442883672206085321e-01,2.743916086743365401e-01,9.554998305774724532e-01,7.562041061449866763e-01,3.813038130381304347e-01,1.113825645494478378e-01,6.139106463736430409e-03,1.142005958227858275e-01,2.278600084960962224e-01,1.787431818794529281e-01,3.281225533443412057e-01,5.674418604651162434e-01,1.072493307329947521e-01,5.202531557886513891e-01,2.366412192459063923e-01,4.695098392069610438e-01,2.318025807414005046e-02,2.203023213182877527e-01,1.000000000000000000e+00,3.683941215465347807e-01
5.844329849994035764e-03,3.333333330000000094e-01,3.105787260502406236e-02,0.000000000000000000e+00,1.912779529986482763e-01,9.923336983953144272e-03,4.433448748995547778e-02,8.537061517161346202e-01,2.361847008554866512e-01,9.225092250922509174e-02,1.439316497157333043e-02,5.523875309503208791e-03,1.330015732552122104e-02,4.293455221377914105e-02,2.325692737499193002e-02,8.327868671769118880e-02,1.755813953488372103e-01,1.289700242192678113e-02,1.405321073294375223e-01,4.580152523868072367e-02,1.213195198970403593e-01,2.400633314504175360e-04,2.537790164785963531e-02,6.000000000000000888e-01,9.387812221411602487e-02
2.140864208510660227e-01,1.993265989999999932e-01,6.132767105955364562e-01,0.000000000000000000e+00,7.127985012687044764e-01,3.176658254368839307e-01,4.631709191807296677e-01,9.720245213878438983e-01,8.679388463634318818e-01,5.928659286592866673e-01,2.349479373638964919e-01,9.410822906450616587e-02,2.472579583365589195e-01,4.100839658134750043e-01,3.504096278857221636e-01,5.068537630862373078e-01,7.354651162790697416e-01,2.725695061538009889e-01,7.084242409336400925e-01,4.122137413236989789e-01,6.597253482164392446e-01,1.260656204085565668e-01,3.996327769976847910e-01,1.000000000000000000e+00,5.358961606713241732e-01
4.728432572198730532e-03,4.642857140000000160e-01,2.306170255309341818e-02,0.000000000000000000e+00,1.708601105077189319e-01,8.447216799200036458e-03,3.976024894052582193e-02,8.600015719938518544e-01,1.930131418008755873e-01,9.471094710947110251e-02,8.828661763014602690e-03,3.170647521643744655e-03,1.101279805416062636e-02,5.060710732914944221e-02,2.400246410066497055e-02,8.284733496308877010e-02,1.319767441860464907e-01,9.387028854202100064e-03,1.316085376945763663e-01,5.343511356599265488e-02,1.149167676124874665e-01,2.290358508464344130e-03,3.317488364337514012e-02,6.000000000000000888e-01,8.849410730308329698e-02
1.895178532938966709e-02,3.916666670000000239e-01,1.211376117979231781e-01,1.346801346801346742e-02,4.227275961014014816e-01,4.021713251749916423e-02,1.186388237610728341e-01,9.235517272344869744e-01,4.377980155181126487e-01,1.955719557195571834e-01,3.830341922575385138e-02,3.088773363959858298e-03,4.261182955519553228e-02,1.087179257085611056e-01,6.761769466197581346e-02,1.685532477181307942e-01,3.145348837209302473e-01,3.554911172136866054e-02,2.790313580196142063e-01,1.145038154592972340e-01,2.480495774861929403e-01,1.085703849655011641e-02,9.555069077595185201e-02,1.000000000000000000e+00,1.914511325166603772e-01
3.373132901172697269e-03,2.000000000000000111e-01,5.858453799470975977e-03,0.000000000000000000e+00,7.861225070549454630e-02,3.333174610732822334e-03,1.820849291646148976e-02,8.343613989609544035e-01,8.268455969938154348e-02,5.412054120541205660e-02,3.813165383971543233e-03,1.434002105362187050e-02,6.571973712067148352e-03,3.432968670305210079e-02,1.542501984863510998e-02,4.785992405626085522e-02,6.976744186046511531e-02,9.627472453001915259e-03,6.523932132462542666e-02,3.816793691136879940e-02,5.870687809939853508e-02,3.450941826464585475e-03,1.758091965234412357e-02,3.000000000000000444e-01,4.929832036359824143e-02
3.705513314656321000e-02,3.157894740000000144e-01,1.611876748618152333e-01,1.683501683501683471e-02,4.514216604614764150e-01,5.808294843102708438e-02,1.441333102423514867e-01,9.419920928054963394e-01,4.783227571009187606e-01,2.386223862238622262e-01,4.946303469669786901e-02,4.561026135814673886e-03,5.729556029650771654e-02,1.333230144968079456e-01,8.942799794746142394e-02,2.027199814651758358e-01,3.645348837209302362e-01,5.563461335211382364e-02,3.222919397973424971e-01,1.450381687685449450e-01,2.924448201479604159e-01,1.287660556713838937e-02,1.267386024808314637e-01,1.000000000000000000e+00,2.267220998485502126e-01
1.783850460186099662e-02,3.333333330000000094e-01,6.430561323806259499e-02,0.000000000000000000e+00,3.463444710569375529e-01,2.419408599590495632e-02,8.005213811764108622e-02,9.095733666308848386e-01,3.102662427826782254e-01,1.586715867158671467e-01,2.407113613157169096e-02,1.570990442447173490e-03,3.084029768630301011e-02,8.625701501906814228e-02,4.909660056682538243e-02,1.335688430358582535e-01,2.331395348837209114e-01,2.856278068394609709e-02,1.969407937922441620e-01,9.160305520255229705e-02,1.828497149375956365e-01,3.284912311695394396e-03,7.215976106658776590e-02,9.000000000000000222e-01,1.416639931830837307e-01
3.461992101747941170e-02,2.426470589999999983e-01,8.612114633676400122e-02,0.000000000000000000e+00,3.686357276672437289e-01,3.496023998857196446e-02,9.874094886237592961e-02,9.302855286017461811e-01,3.195205783620537199e-01,1.869618696186961804e-01,3.045210572393247314e-02,1.971471502525781391e-02,4.433013847143361941e-02,1.198579755376643907e-01,6.650022196036954603e-02,1.651940546699633694e-01,2.593023255813953765e-01,4.504762278105874096e-02,2.329389970043471147e-01,1.221374037866091444e-01,2.134272245366357901e-01,5.863612602302917427e-03,1.033476727714673638e-01,9.000000000000000222e-01,1.738700946487452825e-01
2.591642177839467362e-02,3.047619049999999996e-01,9.540543468903664448e-02,0.000000000000000000e+00,3.593872275842443509e-01,3.456025903528402859e-02,1.015950827565165054e-01,9.289433290121933418e-01,3.760861565488837210e-01,1.709717097170971589e-01,3.330291991515618027e-02,2.121616851186387820e-02,3.760195485657683717e-02,1.008794333016401895e-01,6.122312338475852794e-02,1.476303757853147658e-01,2.883720930232558377e-01,3.785530931165915353e-02,2.495915880352367611e-01,1.068702271319852959e-01,2.137939199125087064e-01,2.493626704366060098e-02,8.775370878043634026e-02,9.000000000000000222e-01,1.708990117411446630e-01
5.340107040284970685e-02,3.517786560000000229e-01,2.015377795663000626e-01,0.000000000000000000e+00,4.548127771585762091e-01,7.249178610542354739e-02,1.678574299106468659e-01,9.429773768401352729e-01,5.334333851555027595e-01,2.693726937269372845e-01,5.811971546190949217e-02,8.695096964998944716e-03,6.435847940942701628e-02,1.618819321403348888e-01,1.059240812068774767e-01,2.300871012630308077e-01,3.965116279069767491e-01,5.852661090367941576e-02,3.750946995730450317e-01,1.679389290252898681e-01,3.289413562165721117e-01,3.214284536423960004e-02,1.501295321901955360e-01,1.000000000000000000e+00,2.561888083202343847e-01
6.715481910764680177e-04,0.000000000000000000e+00,3.964928980247671360e-05,0.000000000000000000e+00,4.007683369299722478e-03,2.333222227512975232e-04,2.026906994865246368e-04,6.794314936609007205e-01,8.961476846031235857e-03,1.230012300123001223e-02,1.339365950744521571e-05,4.234084946201054078e-02,6.806288563937132850e-04,1.551561601261214687e-02,2.274042974074313387e-03,5.372545602579491784e-03,9.883720930232558002e-03,4.509091344001245360e-04,8.917902343972227124e-05,1.526717665462385201e-02,1.104495970251879967e-03,1.708945124969054111e-02,0.000000000000000000e+00,1.000000000000000056e-01,3.466365857905696901e-03
2.290202423870476341e-03,4.285714290000000037e-01,5.714194669466379165e-04,0.000000000000000000e+00,2.134269249922928977e-02,2.314175515451645255e-03,1.110484247458211815e-03,7.602638789894163862e-01,5.086704952433702964e-02,4.305043050430504975e-02,1.254241644422855371e-04,5.168887013622339849e-03,3.782511185196547020e-03,6.094617041327757972e-02,7.164576501928774342e-03,1.828424509808652607e-02,3.837209302325580995e-02,9.014902413600997836e-04,1.972166947182637685e-04,5.343511356599265488e-02,4.126255829896766439e-03,1.063460553047728720e-03,3.317488364337514012e-02,4.000000000000000222e-01,1.108942048919845172e-02
7.875193069566042113e-04,5.999999999999999778e-01,3.057609349961774598e-04,0.000000000000000000e+00,1.477388603002205425e-02,1.157087757725822411e-03,7.456105791678673770e-04,6.892878398737951606e-01,4.564378873578577023e-02,2.829028290282903021e-02,8.372348124709674984e-05,9.078097652076941304e-03,1.952623768669150585e-03,3.502203080878987101e-02,4.809708118642379120e-03,1.246043732778901944e-02,2.965116279069767574e-02,4.367568353861545701e-04,4.314570694018542716e-04,3.053434858405687166e-02,3.234789180688552729e-03,2.540464489280437870e-03,9.783953934011066153e-03,3.000000000000000444e-01,8.047868657012449342e-03
2.139862439428800826e-03,4.363636359999999992e-01,1.017453587866254351e-03,0.000000000000000000e+00,2.821978230453650593e-02,4.390267130136659909e-03,1.801591955230883932e-03,7.709551575020771041e-01,7.088799747830731857e-02,6.027060270602706271e-02,2.611954137006600282e-04,9.132673747891176252e-02,6.940182765546737582e-03,8.746187075678468759e-02,1.184893337145589282e-02,2.453831696627666384e-02,5.348837209302325507e-02,1.736780500927093043e-03,5.342590689184356645e-04,7.633587854792842076e-02,5.893585069765406789e-03,1.012459098281087710e-02,5.656581335273921235e-02,4.000000000000000222e-01,1.546227056706305468e-02
1.149607345330405130e-02,7.142857099999999626e-02,9.437966055529697917e-03,0.000000000000000000e+00,9.758353292703170201e-02,5.780677110613779979e-03,2.118005956379852631e-02,8.882605488320481912e-01,9.610117077447252742e-02,6.519065190651907038e-02,5.033352746100318298e-03,3.643739156464118056e-02,1.020943284618623832e-02,4.662647416016583307e-02,2.155446671803558020e-02,5.627912376359785196e-02,9.127906976744186440e-02,1.697142556424649507e-02,7.256449598758622777e-02,5.343511356599265488e-02,6.578705005612373036e-02,8.275638922412176246e-02,3.317488364337514012e-02,4.000000000000000222e-01,5.967992691300329916e-02
1.774958453383661001e-04,0.000000000000000000e+00,2.548540915128924886e-05,0.000000000000000000e+00,4.434537219284308274e-03,1.809437645826389061e-04,2.164353371944134066e-04,5.095736199908886821e-01,1.075377221523748407e-02,7.380073800738007166e-03,1.986592081454711313e-05,2.314081205518729242e-02,4.797875544702515788e-04,6.761135448002101277e-03,1.653021232007662392e-03,3.815032483474494265e-03,1.104651162790697659e-02,4.390056146159099400e-04,3.278272072562449799e-04,7.633588327311926873e-03,1.098390034298399060e-03,3.068009375936335895e-03,7.796981995515504804e-03,1.000000000000000056e-01,2.890064406063538611e-03
2.807570561406662487e-04,8.333333330000000094e-01,1.890807392138920014e-04,0.000000000000000000e+00,9.983637269083923613e-03,8.094852626065423933e-04,5.360562051688706406e-04,5.956741863280543559e-01,4.590267584267967299e-02,2.091020910209102218e-02,6.587590802313490160e-05,4.013187614245125601e-02,1.506309764706502711e-03,2.514103975091512566e-02,3.746618331768639207e-03,1.004750201894953794e-02,2.558139534883720895e-02,2.126289148011771904e-04,3.872287481746004389e-04,2.290076498193577975e-02,2.588238406947740780e-03,2.366338552868401670e-05,1.986971938495559181e-03,2.000000000000000389e-01,6.688932742994467030e-03
1.774958453383661001e-04,0.000000000000000000e+00,2.548540915128924886e-05,0.000000000000000000e+00,4.434537219284308274e-03,1.809437645826389061e-04,2.164353371944134066e-04,5.095736199908886821e-01,1.075377221523748407e-02,7.380073800738007166e-03,1.986592081454711313e-05,2.314081205518729242e-02,4.797875544702515788e-04,6.761135448002101277e-03,1.653021232007662392e-03,3.815032483474494265e-03,1.104651162790697659e-02,4.390056146159099400e-04,3.278272072562449799e-04,7.633588327311926873e-03,1.098390034298399060e-03,3.068009375936335895e-03,7.796981995515504804e-03,1.000000000000000056e-01,2.890064406063538611e-03
1.149607345330405130e-02,7.142857099999999626e-02,9.437966055529697917e-03,0.000000000000000000e+00,9.758353292703170201e-02,5.780677110613779979e-03,2.118005956379852631e-02,8.882605488320481912e-01,9.610117077447252742e-02,6.519065190651907038e-02,5.033352746100318298e-03,3.643739156464118056e-02,1.020943284618623832e-02,4.662647416016583307e-02,2.155446671803558020e-02,5.627912376359785196e-02,9.127906976744186440e-02,1.697142556424649507e-02,7.256449598758622777e-02,5.343511356599265488e-02,6.578705005612373036e-02,8.275638922412176246e-02,3.317488364337514012e-02,4.000000000000000222e-01,5.967992691300329916e-02
3.620608197088780178e-04,5.000000000000000000e-01,1.185765908728286360e-04,3.367003367003366856e-03,8.916502644122459992e-03,6.380648540545687470e-04,4.789441769551585617e-04,6.500045231283231306e-01,2.927415769703537590e-02,1.599015990159901451e-02,4.902366644946006609e-05,2.103172467392435026e-03,1.461678364029697554e-03,2.476028843586514788e-02,3.629869011663664369e-03,8.011867322016062026e-03,2.034883720930232703e-02,3.779774274345853828e-04,3.656531777269627216e-04,2.290076498193577975e-02,1.993588088811516865e-03,9.233916012574585469e-03,1.986971938495559181e-03,2.000000000000000389e-01,5.623149150097423235e-03
1.774958453383661001e-04,0.000000000000000000e+00,2.548540915128924886e-05,0.000000000000000000e+00,4.434537219284308274e-03,1.809437645826389061e-04,2.164353371944134066e-04,5.095736199908886821e-01,1.075377221523748407e-02,7.380073800738007166e-03,1.986592081454711313e-05,2.314081205518729242e-02,4.797875544702515788e-04,6.761135448002101277e-03,1.653021232007662392e-03,3.815032483474494265e-03,1.104651162790697659e-02,4.390056146159099400e-04,3.278272072562449799e-04,7.633588327311926873e-03,1.098390034298399060e-03,3.068009375936335895e-03,7.796981995515504804e-03,1.000000000000000056e-01,2.890064406063538611e-03
6.806231664016150539e-05,1.000000000000000000e+00,4.905387543548834182e-03,0.000000000000000000e+00,4.204510422348170517e-02,1.695157373458406648e-03,1.371233599858410861e-02,4.947412588426604030e-01,2.126857171458080287e-01,2.583025830258302638e-02,6.874554753156627077e-03,4.316199438985773851e-02,3.023777377898965221e-03,6.892822717791491881e-03,5.612883503385928362e-03,3.292029419504950011e-02,1.034883720930232648e-01,7.911370672624288333e-04,6.757878759749964825e-02,7.633588327311926873e-03,4.809306531892829778e-02,0.000000000000000000e+00,7.796981995515504804e-03,1.000000000000000056e-01,4.184426644149040475e-02
1.361246332803230379e-04,1.000000000000000000e+00,5.549841044568109422e-03,0.000000000000000000e+00,7.102373781687969234e-02,2.476072567972953560e-03,1.702074920288620605e-02,6.172150678771068932e-01,2.067113992484538587e-01,3.198031980319803597e-02,7.100755595795413266e-03,4.294247497914658457e-02,5.166084599163997537e-03,1.402385135767700644e-02,8.780237511963337807e-03,3.809051808596261579e-02,1.011627906976744207e-01,1.278447834383363447e-03,6.429763877143902795e-02,1.526717665462385201e-02,4.840311117789949935e-02,0.000000000000000000e+00,0.000000000000000000e+00,2.000000000000000389e-01,4.387564218364109481e-02
9.895234289588757635e-04,1.666666669999999906e-01,4.441460248378589770e-03,0.000000000000000000e+00,4.327823756788162085e-02,2.904623589352887947e-03,1.390053047433921496e-02,7.556775390778786017e-01,1.054467108883008764e-01,2.952029520295202866e-02,6.025165234580600465e-03,1.433525440745534243e-02,6.549658011728745448e-03,2.016798183472189379e-02,1.115987760157790241e-02,3.042765685168634729e-02,8.953488372093024172e-02,8.232117739938751497e-03,5.439823645084887471e-02,2.290076498193577975e-02,4.061397221324235252e-02,1.821805184456861890e-02,1.986971938495559181e-03,1.000000000000000056e-01,3.784752840300967258e-02
3.876801219439312673e-03,2.380952379999999868e-01,5.449973602577345977e-03,0.000000000000000000e+00,7.137944935853350603e-02,5.756868720537117005e-03,1.980644205286211101e-02,7.584993926835352784e-01,1.267693359609761705e-01,4.428044280442804820e-02,7.677008652145101732e-03,2.483438675100950802e-02,1.290963257170322891e-02,5.055627788553487129e-02,2.055196313413096970e-02,3.520634978424336259e-02,1.029069767441860433e-01,1.329757536355813917e-02,5.739409550435636831e-02,4.580152523868072367e-02,4.373546236012742366e-02,5.002991560636456392e-02,2.537790164785963531e-02,2.000000000000000389e-01,4.401693330823430034e-02
5.300380642385361940e-02,3.439153440000000117e-01,3.079561872543280510e-01,0.000000000000000000e+00,5.291564893642248801e-01,1.099852387981524598e-01,2.315081596893297511e-01,9.449601553124953313e-01,6.611957796455312231e-01,3.333333333333333703e-01,8.792672576837005927e-02,2.810158222343801804e-02,9.242047242716429356e-02,2.124555310903609162e-01,1.449208539792656292e-01,2.926918565639272662e-01,4.941860465116278966e-01,8.403852388899263337e-02,4.661645719237897389e-01,2.061068706618494895e-01,4.138857803267422253e-01,1.408881679088448344e-02,1.891144096134081687e-01,1.000000000000000000e+00,3.273087562162278474e-01
4.481850131364796541e-03,5.777777779999999641e-01,6.886104575539804540e-02,0.000000000000000000e+00,2.341056226137683827e-01,2.051330889005285527e-02,7.505465657245528888e-02,8.744878684478302189e-01,4.050720296893297045e-01,1.156211562115621178e-01,2.657115258743937211e-02,1.469247247899394329e-02,2.382200997125510228e-02,6.612864507174713580e-02,3.939017749349792846e-02,1.180654980572158202e-01,2.546511627906977160e-01,1.427177027316088760e-02,2.115826886909310811e-01,6.870229022061651036e-02,1.710028423131863540e-01,1.105074388395937534e-03,4.876883135722370755e-02,6.000000000000000888e-01,1.430397300228239410e-01
0.000000000000000000e+00,0.000000000000000000e+00,1.116562060597283681e-03,0.000000000000000000e+00,2.020441556593706098e-02,6.190181419932383900e-04,7.548461743443850118e-03,0.000000000000000000e+00,7.766613266560404294e-02,1.230012300123001223e-02,4.743958765989253305e-03,2.159656556868284893e-02,1.450520513159145666e-03,3.045217819010901869e-04,2.599896204570460376e-03,1.996112999160936513e-02,7.558139534883721866e-02,2.736135251259776656e-03,4.241022941226477855e-02,0.000000000000000000e+00,2.728674933877801856e-02,0.000000000000000000e+00,1.559394771384856743e-02,0.000000000000000000e+00,2.567684713164955848e-02
1.841051290243349552e-03,2.999999999999999889e-01,5.340398754958390615e-03,0.000000000000000000e+00,8.999502003841683417e-02,3.942669396695395491e-03,1.767301782666677937e-02,7.785339491332137207e-01,1.277309166454319023e-01,3.444034440344403980e-02,6.661343379391121942e-03,8.993192601732546282e-03,8.758912332606281700e-03,2.773116856839182715e-02,1.421535265214356018e-02,3.913575377778029385e-02,9.767441860465116144e-02,8.087025566979193919e-03,5.391817841019853202e-02,3.053434858405687166e-02,4.040196054819093080e-02,6.882661439032318300e-03,9.783953934011066153e-03,3.000000000000000444e-01,4.430276089800794931e-02
6.426222022703135910e-03,2.857142859999999840e-01,2.063340724764949410e-02,0.000000000000000000e+00,1.226019113566838015e-01,9.856673491738486559e-03,3.347818817064088237e-02,8.483551293240827462e-01,1.977499224024226454e-01,7.011070110701107805e-02,1.228735521779932872e-02,4.385554808306253369e-03,1.458331009287531545e-02,4.901580852780552944e-02,2.522191691191812135e-02,7.512587546832849572e-02,1.534883720930232398e-01,1.533225868506014195e-02,1.090310584865856747e-01,5.343511356599265488e-02,8.745565988037115601e-02,8.631677135075971601e-04,3.317488364337514012e-02,4.000000000000000222e-01,8.363505723754105503e-02
3.134548203849722714e-03,3.333333330000000094e-01,1.330356086838639131e-02,0.000000000000000000e+00,1.184519433707225539e-01,6.161611351840388419e-03,2.770132183405792092e-02,8.184482566242591295e-01,1.708654918643289222e-01,6.273062730627307348e-02,9.401055303639192090e-03,1.058306270154518204e-02,1.025406424686304413e-02,3.729653944808275501e-02,1.793458581431652335e-02,6.191349569143309028e-02,1.273255813953488302e-01,9.575600930583438516e-03,9.457041436156293779e-02,3.816793691136879940e-02,7.727095870996499027e-02,1.017994272809101628e-03,1.758091965234412357e-02,4.000000000000000222e-01,6.660991910836328023e-02
2.737162617912492629e-02,1.538461540000000127e-01,2.897288314266984952e-02,0.000000000000000000e+00,1.508216936612203074e-01,1.856102090376648625e-02,4.419044239994431716e-02,9.065475918539802613e-01,2.056084482795930146e-01,9.963099630996311018e-02,1.777223743119309834e-02,2.841505930662495058e-02,3.098534973639857290e-02,9.040473068626823927e-02,4.702266583094493607e-02,9.580618190396168743e-02,1.802325581395348708e-01,3.813507178803319381e-02,1.108719372992710561e-01,9.160305520255229705e-02,1.009351919350084253e-01,1.355204975703504788e-01,7.215976106658776590e-02,4.000000000000000222e-01,1.032009872967156600e-01
1.436714610168613078e-02,3.181818180000000051e-01,5.200357184340733546e-02,0.000000000000000000e+00,2.365956034053451340e-01,2.141802771296604999e-02,6.814919556358790820e-02,9.046632813496527925e-01,2.941265324720597762e-01,1.193111931119311270e-01,2.324387092048007045e-02,2.232140288084611193e-02,2.980261763669835376e-02,8.137330607360299117e-02,4.530490082208579045e-02,1.180869795283575191e-01,2.232558139534883690e-01,2.728947055216499745e-02,1.781328927722981015e-01,8.396946687524035891e-02,1.494549943333522146e-01,6.953625874547144509e-03,6.436277907107226803e-02,6.000000000000000888e-01,1.322303362898257784e-01
0.000000000000000000e+00,0.000000000000000000e+00,1.116562060597283681e-03,0.000000000000000000e+00,2.020441556593706098e-02,6.190181419932383900e-04,7.548461743443850118e-03,0.000000000000000000e+00,7.766613266560404294e-02,1.230012300123001223e-02,4.743958765989253305e-03,2.159656556868284893e-02,1.450520513159145666e-03,3.045217819010901869e-04,2.599896204570460376e-03,1.996112999160936513e-02,7.558139534883721866e-02,2.736135251259776656e-03,4.241022941226477855e-02,0.000000000000000000e+00,2.728674933877801856e-02,0.000000000000000000e+00,1.559394771384856743e-02,0.000000000000000000e+00,2.567684713164955848e-02
3.015174364176522077e-03,2.000000000000000111e-01,1.150097356937639786e-02,0.000000000000000000e+00,1.210604946761839190e-01,4.966430169991905078e-03,2.606255210534632119e-02,7.956436141529789063e-01,1.486410292861714555e-01,5.658056580565806043e-02,8.968627019360917232e-03,1.882203034906256359e-02,8.535755330624958739e-03,2.920860302512830881e-02,1.505881943255947888e-02,5.578423394867571689e-02,1.226744186046511698e-01,1.075373754699271087e-02,8.794690601698658405e-02,3.053434858405687166e-02,7.034614890138947418e-02,3.368488645801775766e-04,9.783953934011066153e-03,4.000000000000000222e-01,6.031480486937663976e-02
6.806231664016150539e-05,1.000000000000000000e+00,3.580324013740661566e-03,0.000000000000000000e+00,4.436908629562000272e-02,1.457073472691776481e-03,1.257350266214630856e-02,4.820097352022187920e-01,1.828141276590372344e-01,2.583025830258302638e-02,5.925488111243840984e-03,4.196361681735254201e-02,3.157671579929380041e-03,7.672306932145604892e-03,5.579415210218137064e-03,3.018132982569869324e-02,8.895348837209303416e-02,7.895562072526102161e-04,5.677970956028943750e-02,7.633588327311926873e-03,4.251461438809532589e-02,0.000000000000000000e+00,7.796981995515504804e-03,1.000000000000000056e-01,3.624877092164511400e-02
1.390071425622823112e-03,6.666666669999999906e-01,2.420662948037046250e-02,0.000000000000000000e+00,1.663544309801038568e-01,7.761535164992142306e-03,3.922791361417133499e-02,8.081798345312338760e-01,2.696408810806699141e-01,7.626076260762608416e-02,1.304879174700959710e-02,1.435820640958492510e-02,1.186079466140911587e-02,3.752661932425018637e-02,1.980310430289543636e-02,7.324586823673684410e-02,1.598837209302325368e-01,5.724079606977103100e-03,1.256450660047533363e-01,3.816793691136879940e-02,1.053701367492200641e-01,1.411801020672693772e-04,1.758091965234412357e-02,5.000000000000001110e-01,8.430576999232540503e-02
8.660442568366883906e-03,2.909090910000000085e-01,1.640913437397100577e-02,0.000000000000000000e+00,1.274633024259526903e-01,1.292795581162801619e-02,3.247664131021716499e-02,8.616667383246077172e-01,1.892989782038667357e-01,7.257072570725707494e-02,1.261005339879393318e-02,3.462260786629869219e-02,2.265043571400923023e-02,7.140310058538042182e-02,3.536628791876374883e-02,7.026275218480285134e-02,1.482558139534883579e-01,2.071537908257859925e-02,8.472433406559611024e-02,7.633587854792842076e-02,7.130342397142964972e-02,2.671996331740842875e-02,5.656581335273921235e-02,4.000000000000000222e-01,7.911102958410470842e-02
1.783338688737312050e-01,1.803885289999999919e-01,4.158988901900547153e-01,3.956228956228956262e-02,6.397590647157863630e-01,2.275939240988524292e-01,3.450419399407241294e-01,9.711576174200123868e-01,7.159951956232175618e-01,4.760147601476015233e-01,1.673106652434249164e-01,8.404975112832989426e-02,2.002722515552940175e-01,3.544154938298774704e-01,2.753952984943198179e-01,4.151968304288219946e-01,6.168604651162791219e-01,2.204157882453479378e-01,5.665925011488798235e-01,3.511450394303944345e-01,5.247658458366506462e-01,1.121414727735630806e-01,3.372569698651080583e-01,1.000000000000000000e+00,4.435028829515985649e-01
7.348683209352026334e-04,0.000000000000000000e+00,2.366837791394063670e-03,0.000000000000000000e+00,4.176053499015864451e-02,2.004666444455026168e-03,1.088152299754118965e-02,6.794314936609007205e-01,8.304301877322278758e-02,1.722017220172201643e-02,5.255965704753645662e-03,6.505458604301701808e-02,4.965243297521075745e-03,1.363081774011496924e-02,8.192603549011190367e-03,2.085960578292566855e-02,8.197674418604651569e-02,8.441421939418080819e-03,4.259775468145322874e-02,1.526717665462385201e-02,2.754387708615238170e-02,7.618522138923357334e-02,0.000000000000000000e+00,1.000000000000000056e-01,2.832395929258277323e-02
3.709849910606034459e-03,6.363636360000000103e-01,5.108751861820563095e-02,0.000000000000000000e+00,2.950508667504564975e-01,1.926574925003571304e-02,7.039024539318622375e-02,8.532889862146872950e-01,3.585676978138818694e-01,1.316113161131611253e-01,2.180461744579470507e-02,3.185340007474688623e-02,2.485969003488676735e-02,7.669921500419907279e-02,4.061475098427530517e-02,1.176241759536889170e-01,2.186046511627906808e-01,1.274278014144269999e-02,1.836684521779571311e-01,7.633587854792842076e-02,1.640848168778924754e-01,4.003656210264339111e-04,5.656581335273921235e-02,8.000000000000000444e-01,1.306564583245335975e-01
2.280021309984640952e-03,6.190476190000000489e-01,3.014956049425914289e-02,0.000000000000000000e+00,2.012378761649552816e-01,9.623351268987188900e-03,4.662773062120761924e-02,8.314710015885254935e-01,2.783463157481697037e-01,8.733087330873309795e-02,1.447837917041315189e-02,9.944345467180525436e-03,1.392499693219109019e-02,4.621350841696629519e-02,2.359978550712201611e-02,8.306326766092615721e-02,1.703488372093023007e-01,7.412137097931801623e-03,1.415510911560617924e-01,4.580152523868072367e-02,1.196393698538408684e-01,5.087056309306466789e-05,2.537790164785963531e-02,6.000000000000000888e-01,9.574321161278905035e-02
4.884045514466310751e-03,2.000000000000000111e-01,1.075539303197578338e-02,0.000000000000000000e+00,1.044131945267850747e-01,6.218751488024379381e-03,2.493048377471265148e-02,7.985334336689227097e-01,1.550932926153139602e-01,5.781057810578106582e-02,9.626498248126728191e-03,1.141191170456908955e-03,1.199468886343953156e-02,3.699664812377882750e-02,1.883622738712919034e-02,5.319591186270827138e-02,1.284883720930232454e-01,1.347303573486786400e-02,7.872358937918197408e-02,3.816793691136879940e-02,6.515779943425112353e-02,1.496112120047121338e-02,1.758091965234412357e-02,3.000000000000000444e-01,5.835960694419074779e-02
0.000000000000000000e+00,0.000000000000000000e+00,1.116562060597283681e-03,0.000000000000000000e+00,2.020441556593706098e-02,6.190181419932383900e-04,7.548461743443850118e-03,0.000000000000000000e+00,7.766613266560404294e-02,1.230012300123001223e-02,4.743958765989253305e-03,2.159656556868284893e-02,1.450520513159145666e-03,3.045217819010901869e-04,2.599896204570460376e-03,1.996112999160936513e-02,7.558139534883721866e-02,2.736135251259776656e-03,4.241022941226477855e-02,0.000000000000000000e+00,2.728674933877801856e-02,0.000000000000000000e+00,1.559394771384856743e-02,0.000000000000000000e+00,2.567684713164955848e-02
7.047575990165936589e-03,5.151515150000000043e-01,7.779808857027935287e-02,0.000000000000000000e+00,2.855889397424648535e-01,2.604637874386933963e-02,8.504385647651684088e-02,8.951026610913837001e-01,4.115761911413852170e-01,1.340713407134071222e-01,2.962088133367171694e-02,1.235281027238151544e-02,3.154324225187214031e-02,8.156870831382442844e-02,4.869750415872589611e-02,1.300091108549223662e-01,2.703488372093023617e-01,2.006853866015760601e-02,2.206226129799307711e-01,8.396946687524035891e-02,1.827197941892521327e-01,7.077690032661359057e-03,6.436277907107226803e-02,7.000000000000000666e-01,1.523500470720111633e-01
7.923251013760470706e-04,5.000000000000000000e-01,8.835719204584127975e-03,0.000000000000000000e+00,9.530697906044723056e-02,3.799819056235417217e-03,2.115733815289411526e-02,7.262875116136032760e-01,1.780346733411539151e-01,4.428044280442804820e-02,8.241950884688780191e-03,6.714749086082384168e-03,7.040603416368198045e-03,2.127331279822326435e-02,1.190468792980625690e-02,4.554935056909496099e-02,1.168604651162790803e-01,4.682709761534277655e-03,7.570795431762121497e-02,2.290076498193577975e-02,6.069402103359248374e-02,8.414848504633791731e-04,1.986971938495559181e-03,3.000000000000000444e-01,5.150092957636408925e-02
2.016088318576829820e-04,0.000000000000000000e+00,3.268470231937413602e-03,0.000000000000000000e+00,4.588678887334297213e-02,1.561830389029093607e-03,1.179568057131252443e-02,5.095736199908886821e-01,9.738138172687277327e-02,2.214022140221402063e-02,6.360021704353090166e-03,2.209837190727278675e-02,3.514722782538418251e-03,6.697249796275154925e-03,5.772023754906228064e-03,2.861322702737500653e-02,9.534883720930233120e-02,6.143724279669633519e-03,5.086994026440578437e-02,7.633588327311926873e-03,3.581063592983736721e-02,1.671898208712009051e-03,7.796981995515504804e-03,1.000000000000000056e-01,3.405509220397644199e-02
3.972518417154116688e-02,2.900432900000000092e-01,1.738255970053269039e-01,1.851851851851851749e-02,4.498565296781996126e-01,6.462549402409409338e-02,1.527720405936137393e-01,9.413037047065144769e-01,4.743349782277425097e-01,2.509225092250922939e-01,5.327644142253880333e-02,6.696380808403695761e-02,6.180333173400559543e-02,1.570189937691663928e-01,9.830991595066090882e-02,2.183344047739801952e-01,3.697674418604651181e-01,6.321004352475155519e-02,3.388184975330099102e-01,1.603053406979779438e-01,3.071441825186375096e-01,2.452062596422223059e-02,1.423325501946800242e-01,1.000000000000000000e+00,2.429755605862210510e-01
6.806231664016150539e-05,1.000000000000000000e+00,2.535881647680671494e-03,0.000000000000000000e+00,4.147596575683559078e-02,1.333269844293128673e-03,1.067832276321857565e-02,4.459337838697240430e-01,1.672809011259164258e-01,2.091020910209102218e-02,5.184204116674117832e-03,3.862902070109033165e-02,3.023777377898965221e-03,8.236840806415221539e-03,5.389504414783100918e-03,2.738326872714308066e-02,8.139534883720930813e-02,7.422921497484302094e-04,4.832952392295347677e-02,7.633588327311926873e-03,3.417288821964815232e-02,0.000000000000000000e+00,7.796981995515504804e-03,1.000000000000000056e-01,3.238691560892641153e-02
1.451643172733574697e-03,2.999999999999999889e-01,5.619813147840412200e-03,0.000000000000000000e+00,6.995660319191822352e-02,3.918861006618732518e-03,1.707617673965868346e-02,7.653009602082225804e-01,1.269542553187758549e-01,3.321033210332103441e-02,6.807745070316288845e-03,1.877382980939543838e-02,8.982069334587606396e-03,2.636715836866497520e-02,1.477929372395434156e-02,4.076858804232508932e-02,9.709302325581395388e-02,8.456049768963238775e-03,5.533155087908239039e-02,3.053434858405687166e-02,4.246576690046748037e-02,5.068697180244116120e-03,9.783953934011066153e-03,2.000000000000000389e-01,4.656092521220778907e-02
4.286163007733286012e-02,2.166666670000000072e-01,8.000857134528113757e-02,0.000000000000000000e+00,3.413645094737840502e-01,3.214132660349506426e-02,9.005884183130995202e-02,9.334279987950704349e-01,3.055465316437683820e-01,1.820418204182041866e-01,2.808340464942147424e-02,2.324440983559650231e-02,3.725606150203294997e-02,1.109746256437335599e-01,6.013717480230080376e-02,1.551571876523855087e-01,2.529069767441860517e-01,4.296372173205935396e-02,2.236697643562491067e-01,1.145038154592972340e-01,2.068233155842821025e-01,2.792691029524343397e-03,9.555069077595185201e-02,9.000000000000000222e-01,1.644508137042035023e-01
5.825682250825656855e-02,3.200000000000000067e-01,2.811552609942438719e-01,0.000000000000000000e+00,5.103749199649030288e-01,9.630969953811722994e-02,2.112260812581695790e-01,9.510653802939926793e-01,6.123436872072117731e-01,3.099630996309963304e-01,7.794399063614390610e-02,1.116608895226673878e-02,8.436450464848471720e-02,1.853611302337271061e-01,1.314358565637410436e-01,2.718307250076474335e-01,4.656976744186046568e-01,7.996085800920629816e-02,4.361483378572402758e-01,1.908396940072256687e-01,3.904498412626261628e-01,2.801804576639370034e-02,1.735204618995596082e-01,1.000000000000000000e+00,3.055335066121092069e-01
3.859126490093147538e-02,1.318681319999999990e-01,5.321768965347936642e-02,0.000000000000000000e+00,2.518200573881287374e-01,2.438931479453359391e-02,6.749237365326453408e-02,9.321405274123045759e-01,2.462994618207185182e-01,1.439114391143911376e-01,2.236421107350820836e-02,3.350685216067997990e-02,3.149861085400073452e-02,9.155930743254366011e-02,4.995674385026354497e-02,1.264599683607013914e-01,2.191860465116279022e-01,4.314230770689166106e-02,1.763241311939620359e-01,9.923663880467337162e-02,1.589439580237256289e-01,7.892550716508165212e-03,7.995674306210329152e-02,7.000000000000000666e-01,1.327454755893117122e-01
1.951635367006791127e-04,0.000000000000000000e+00,2.212207746334683613e-03,0.000000000000000000e+00,4.142853755128174387e-02,1.323746488262463441e-03,1.018160788983279823e-02,5.095736199908886821e-01,8.244558698348737613e-02,1.845018450184501835e-02,5.127010979091101150e-03,2.470070702714599262e-02,3.046093078237367691e-03,6.831687150937868457e-03,5.392334757160434540e-03,2.461747516494922072e-02,8.081395348837210058e-02,5.570670282073969873e-03,4.469773531873947464e-02,7.633588327311926873e-03,3.032954075559600449e-02,2.881474451605756017e-04,7.796981995515504804e-03,1.000000000000000056e-01,2.973247987654684815e-02
1.333457680690216564e-02,2.307692309999999913e-01,1.899235968559009197e-02,0.000000000000000000e+00,1.429960397448362397e-01,1.558973382219894059e-02,3.923535824041230607e-02,8.837064924476314420e-01,1.841009038491180361e-01,9.717097170971709941e-02,1.435312860275411370e-02,2.940541349740885893e-02,2.880956897093809102e-02,8.893172740950662514e-02,4.200226494176372005e-02,8.488235030723938201e-02,1.523255813953488247e-01,2.864793096622167412e-02,9.420129310958313962e-02,9.160305520255229705e-02,8.581960826350235050e-02,2.119413696983706713e-02,7.215976106658776590e-02,4.000000000000000222e-01,8.798620445678731472e-02
2.130085160366909300e-03,2.999999999999999889e-01,6.313987847544899785e-03,0.000000000000000000e+00,9.815267139367780946e-02,4.656921098995285557e-03,1.898077631395570300e-02,7.860294132477150253e-01,1.510307564451131290e-01,3.690036900369004363e-02,8.149457997458706485e-03,4.351907894189587303e-03,9.874697343915604317e-03,2.667571052505614271e-02,1.535915842112335443e-02,3.816221366156038325e-02,1.151162790697674437e-01,8.907229618050883924e-03,5.546311710948167301e-02,3.053434858405687166e-02,4.155632166206290473e-02,1.629591790652565875e-01,9.783953934011066153e-03,3.000000000000000444e-01,4.441159899977139419e-02
3.107431443869132330e-03,5.000000000000000000e-01,2.149977634269853097e-02,0.000000000000000000e+00,1.854679978183025324e-01,9.590019522879860911e-03,3.926824428024709712e-02,8.310039651360370261e-01,2.246343529405163408e-01,8.733087330873309795e-02,1.211651188146704861e-02,1.441626068838621974e-02,1.502962408561635266e-02,5.393263784586469628e-02,2.528973130753114570e-02,7.778740383584339946e-02,1.494186046511627730e-01,9.929138391914381703e-03,1.156624171424241732e-01,5.343511356599265488e-02,1.026489246259520705e-01,2.139618741591103011e-03,3.317488364337514012e-02,6.000000000000000888e-01,8.477203701530719449e-02
4.129454114472571463e-03,3.333333330000000094e-01,1.107264953508558213e-02,0.000000000000000000e+00,1.218904882733761602e-01,6.523498881005665960e-03,2.503430904451893479e-02,8.323304545708856139e-01,1.549339774514701118e-01,5.658056580565806043e-02,8.717657530995355508e-03,7.922419615819801392e-03,1.290963257170322891e-02,4.190119067311302153e-02,2.090704156808796677e-02,6.133819382990598340e-02,1.162790697674418589e-01,1.145964878261733141e-02,7.074147855085069492e-02,4.580152523868072367e-02,6.070216228153046262e-02,3.692859932940137303e-04,2.537790164785963531e-02,4.000000000000000222e-01,6.354834854584429094e-02
0.000000000000000000e+00,0.000000000000000000e+00,1.116562060597283681e-03,0.000000000000000000e+00,2.020441556593706098e-02,6.190181419932383900e-04,7.548461743443850118e-03,0.000000000000000000e+00,7.766613266560404294e-02,1.230012300123001223e-02,4.743958765989253305e-03,2.159656556868284893e-02,1.450520513159145666e-03,3.045217819010901869e-04,2.599896204570460376e-03,1.996112999160936513e-02,7.558139534883721866e-02,2.736135251259776656e-03,4.241022941226477855e-02,0.000000000000000000e+00,2.728674933877801856e-02,0.000000000000000000e+00,1.559394771384856743e-02,0.000000000000000000e+00,2.567684713164955848e-02
1.656034754050907457e-03,4.000000000000000222e-01,1.244749575210367561e-02,0.000000000000000000e+00,9.938580473807771820e-02,5.275939240988523730e-03,2.566028511436200393e-02,7.914145577085087702e-01,1.844869366702964197e-01,4.920049200492005587e-02,9.864505951909021200e-03,2.898160925098938311e-03,9.093647836279618313e-03,2.626902894330585686e-02,1.553180367855522617e-02,5.146606348319881369e-02,1.302325581395348819e-01,7.683659627046811845e-03,8.884778037640926607e-02,3.053434858405687166e-02,6.982612668935135602e-02,9.942968783084621398e-03,9.783953934011066153e-03,3.000000000000000444e-01,6.178238401820903419e-02
8.640704741565577093e-03,2.142857139999999883e-01,1.599732650882953675e-02,0.000000000000000000e+00,1.352889563423367858e-01,9.742393219370504634e-03,2.974211715714904572e-02,8.628385313998995221e-01,1.845210756553140596e-01,6.150061500615006116e-02,1.240129919572024141e-02,1.232489134483471215e-02,1.735045691519941299e-02,4.876211614382885279e-02,2.741697427155152453e-02,6.330742023091201487e-02,1.517441860465116032e-01,1.941509283826186802e-02,8.148599117130361780e-02,5.343511356599265488e-02,6.694446413797244810e-02,1.193907880829338519e-01,3.317488364337514012e-02,4.000000000000000222e-01,7.062407750635184278e-02
1.629705192615229494e-03,4.000000000000000222e-01,1.033204609156890622e-02,0.000000000000000000e+00,1.141834048708766924e-01,4.942621779915242104e-03,2.339196040441838056e-02,7.758104911361356493e-01,1.727772735914822333e-01,4.428044280442804820e-02,8.652882806319608933e-03,2.848745357977597401e-03,8.535755330624958739e-03,2.860819980708895899e-02,1.478972103237780229e-02,5.094928430525421520e-02,1.220930232558139622e-01,6.963739046809623925e-03,7.868518166740437469e-02,3.053434858405687166e-02,6.072387227603172344e-02,4.336829819555881979e-04,9.783953934011066153e-03,4.000000000000000222e-01,5.862960174248488254e-02
6.110962559055060223e-03,1.904761899999999897e-01,1.478236933942595616e-02,0.000000000000000000e+00,1.399132063838364470e-01,7.690109994762153386e-03,3.257247761055132723e-02,8.520493841777834199e-01,1.630988785977685041e-01,5.781057810578106582e-02,1.138511573819675667e-02,2.295152145938095592e-02,1.478415138329662766e-02,4.115864319885615547e-02,2.307047192878627570e-02,6.519078113690877918e-02,1.366279069767441789e-01,1.768336612675111552e-02,9.195446754163986991e-02,4.580152523868072367e-02,7.141163472527189970e-02,1.466847542574274341e-02,2.537790164785963531e-02,4.000000000000000222e-01,7.153274002487362837e-02
2.020884817045065854e-04,0.000000000000000000e+00,4.529212956488887568e-03,0.000000000000000000e+00,4.256681448457397265e-02,1.657063949335745717e-03,1.384535161159040559e-02,5.095736199908886821e-01,1.033556996242269294e-01,2.583025830258302638e-02,6.779178139999969370e-03,2.218463885652190506e-02,3.046093078237367691e-03,7.072028511060400764e-03,5.636179375427150147e-03,3.222891378398242551e-02,1.011627906976744207e-01,5.945280339153846336e-03,6.694983894247574785e-02,7.633588327311926873e-03,4.580944527232643643e-02,2.100554150191153406e-05,7.796981995515504804e-03,1.000000000000000056e-01,4.003312537621163403e-02
4.654009146000394337e-02,7.619047599999999310e-02,3.679586799788883700e-02,1.262626262626262603e-02,2.263036828001612488e-01,2.241798009618589660e-02,6.062818898025228859e-02,9.425564832980841690e-01,2.006915627243238687e-01,1.168511685116851301e-01,2.034260618192997028e-02,3.925521380631156326e-02,3.760195485657683717e-02,9.475915679346481879e-02,5.334508429091751325e-02,1.111995513964960380e-01,1.895348837209302195e-01,5.199612461399527596e-02,1.423318135609471791e-01,1.068702271319852959e-01,1.230553018011493471e-01,6.850284897730705980e-02,8.775370878043634026e-02,6.000000000000000888e-01,1.185271326209590553e-01
7.051504029808799978e-02,2.731182799999999911e-01,3.229489828202620205e-01,2.609427609427609346e-02,5.226351111005714811e-01,1.230989000523784460e-01,2.368378445960855339e-01,9.578371418384994396e-01,6.331466474693033808e-01,3.271832718327183365e-01,9.487845129417687984e-02,1.085544381768462213e-01,1.054416834925641366e-01,2.196420035313888519e-01,1.611335874094043941e-01,2.978987741949428170e-01,5.011627906976744429e-01,1.086957643439393217e-01,4.639653500552059495e-01,2.290076309185944681e-01,4.078144446769976783e-01,3.238394897012630835e-02,2.125053393227722409e-01,1.000000000000000000e+00,3.351782619130819763e-01
0.000000000000000000e+00,0.000000000000000000e+00,1.116562060597283681e-03,0.000000000000000000e+00,2.020441556593706098e-02,6.190181419932383900e-04,7.548461743443850118e-03,0.000000000000000000e+00,7.766613266560404294e-02,1.230012300123001223e-02,4.743958765989253305e-03,2.159656556868284893e-02,1.450520513159145666e-03,3.045217819010901869e-04,2.599896204570460376e-03,1.996112999160936513e-02,7.558139534883721866e-02,2.736135251259776656e-03,4.241022941226477855e-02,0.000000000000000000e+00,2.728674933877801856e-02,0.000000000000000000e+00,1.559394771384856743e-02,0.000000000000000000e+00,2.567684713164955848e-02
9.612347897065774346e-03,2.777777779999999752e-01,4.057612949662559726e-02,0.000000000000000000e+00,2.571320164101591477e-01,1.447550116661111205e-02,5.744768556727317815e-02,8.875371499679312048e-01,2.568292882828963064e-01,1.020910209102091071e-01,1.872501441936245264e-02,1.787677904553504685e-02,2.133380940666779191e-02,5.791435071896201131e-02,3.283030896694119627e-02,9.459832448762407753e-02,1.999999999999999833e-01,2.140084019564865436e-02,1.530259256488344377e-01,6.106870189330457221e-02,1.302986379352981117e-01,1.035030767231032850e-02,4.097184936170819580e-02,7.000000000000000666e-01,1.083094033402794143e-01
1.106254515734775941e-03,3.333333330000000094e-01,7.677644835114055995e-03,0.000000000000000000e+00,7.266001090848726862e-02,3.437931527070139243e-03,1.919637508489661221e-02,7.503152775300642174e-01,1.429853416567617996e-01,4.182041820418204436e-02,7.536558757874825022e-03,3.069266164942220220e-03,7.040603416368198045e-03,2.080081000402311808e-02,1.196634057393636263e-02,4.129085088594138669e-02,1.058139534883720950e-01,6.496024372704483144e-03,7.065513151972885320e-02,2.290076498193577975e-02,5.750672246587545250e-02,1.397097427411035930e-01,1.986971938495559181e-03,2.000000000000000389e-01,4.811727456057102170e-02
2.291818332167220446e-02,2.476190480000000083e-01,7.952401101476964940e-02,0.000000000000000000e+00,3.134055822997937057e-01,3.270320460930431494e-02,9.341516635597926776e-02,9.218729400008687236e-01,3.401833508962248120e-01,1.500615006150061437e-01,3.167657796275993171e-02,2.962171508815884813e-02,3.760195485657683717e-02,1.067017770283838207e-01,6.017063953707890017e-02,1.442145635540058868e-01,2.732558139534884134e-01,4.165618379222540274e-02,2.315549129727983435e-01,1.068702271319852959e-01,1.892022628598643563e-01,8.063155724058929802e-03,8.775370878043634026e-02,8.000000000000000444e-01,1.625046095719080985e-01
6.806231664016150539e-05,1.000000000000000000e+00,3.896699264999260379e-03,0.000000000000000000e+00,4.612392990111219282e-02,1.542783676967763359e-03,1.349733052017989925e-02,4.889956053137843872e-01,1.935678998742747237e-01,2.583025830258302638e-02,6.481322538071346458e-03,4.278496202445043056e-02,3.269250080218691519e-03,7.170327721045081058e-03,5.730381777912713949e-03,3.108528928268670249e-02,9.418604651162791608e-02,8.354634909070957289e-04,5.937780139702428933e-02,7.633588327311926873e-03,4.372358970688454416e-02,0.000000000000000000e+00,7.796981995515504804e-03,1.000000000000000056e-01,3.760653905242358763e-02
1.339979986997252501e-02,4.779411760000000231e-01,1.152793422598537565e-01,0.000000000000000000e+00,3.819156252223196990e-01,4.273129850959477699e-02,1.174735127200696033e-01,9.014852510708311062e-01,4.650127907069408484e-01,1.943419434194341988e-01,3.981506907300382675e-02,4.020258806989644024e-02,4.527855572529546069e-02,1.226644617122056580e-01,7.183927746945653614e-02,1.767553364266146176e-01,3.151162790697674687e-01,3.165895375959991431e-02,2.776153197691372809e-01,1.221374037866091444e-01,2.465787253587322092e-01,3.197200600915100100e-03,1.033476727714673638e-01,9.000000000000000222e-01,1.995097914833366126e-01
3.960471374857591279e-03,2.666666670000000239e-01,1.579169133177518725e-02,0.000000000000000000e+00,1.562522231971353315e-01,6.361601828484357221e-03,3.216321036830976227e-02,8.293115702484704643e-01,1.675597026477073648e-01,7.011070110701107805e-02,1.012041985447059179e-02,1.221714110796110440e-02,1.092353525280701648e-02,3.613985847586773104e-02,1.884963779787513991e-02,6.556921474267000949e-02,1.313953488372092970e-01,1.176330241744358643e-02,9.883026622331726740e-02,3.816793691136879940e-02,8.524768559585964300e-02,1.419460184104683097e-03,1.758091965234412357e-02,5.000000000000001110e-01,6.982007426216572943e-02
1.727270346886014638e-03,2.999999999999999889e-01,5.165721399783742424e-03,0.000000000000000000e+00,9.084872773838600923e-02,3.942669396695395491e-03,1.756549566657501088e-02,7.694827088569600182e-01,1.277309166454319023e-01,3.444034440344403980e-02,6.692469640894599912e-03,4.005211159287468473e-03,8.926280084442950874e-03,2.720147033805564440e-02,1.428784199586363192e-02,4.018949444971822021e-02,9.767441860465116144e-02,8.248680773706502933e-03,5.241546070499581572e-02,3.053434858405687166e-02,3.936293378010692623e-02,4.304615606792678954e-03,9.783953934011066153e-03,3.000000000000000444e-01,4.369697858391011214e-02
1.591266553484524306e-03,1.666666669999999906e-01,4.138758871332327664e-03,0.000000000000000000e+00,9.103844056060138301e-02,3.076043997904861702e-03,1.608408055101799572e-02,7.360854494790272096e-01,1.117197446805227451e-01,2.952029520295202866e-02,6.360029521093798870e-03,2.006836812613405421e-02,7.085234817045003852e-03,2.159939879816940786e-02,1.145850017265747332e-02,3.277741666243767088e-02,9.476744186046512364e-02,8.566465061127463004e-03,4.895526980440868814e-02,2.290076498193577975e-02,3.468375152775605985e-02,8.967645767440831153e-03,1.986971938495559181e-03,3.000000000000000444e-01,3.719708257701043880e-02
5.143140044945807964e-04,3.333333330000000094e-01,3.139141232112269749e-03,0.000000000000000000e+00,6.526121084208777456e-02,2.147516784915004008e-03,1.331800775710591939e-02,6.001330309198704693e-01,1.190880700673451476e-01,2.337023370233702255e-02,5.746517318759315415e-03,1.443506023405140455e-03,4.931769746312121387e-03,1.493625081620683290e-02,8.381793225802108144e-03,2.947905760771618588e-02,8.779069767441860517e-02,4.454205498295253293e-03,4.828552574114432921e-02,1.526717665462385201e-02,3.333264358871636246e-02,1.420314695248774779e-03,0.000000000000000000e+00,2.000000000000000389e-01,3.447448423044725818e-02
3.925739685143491559e-03,4.285714290000000037e-01,2.985242498853328541e-02,0.000000000000000000e+00,1.713343925632573594e-01,9.823341745631158570e-03,4.378255256324498079e-02,8.486833997075224900e-01,2.505799620776706371e-01,7.626076260762608416e-02,1.497155069534647498e-02,1.850473460816238949e-03,1.423741673833142651e-02,4.198686794279928025e-02,2.383623811945372734e-02,7.945203734031924814e-02,1.738372093023255738e-01,1.119641127562955030e-02,1.353404305529057883e-01,4.580152523868072367e-02,1.071401797384013560e-01,3.146487222146199226e-04,2.537790164785963531e-02,5.000000000000001110e-01,9.332816718914556386e-02
6.806231664016150539e-05,1.000000000000000000e+00,3.037841423709291503e-03,0.000000000000000000e+00,4.384737603452773524e-02,1.390409980477120069e-03,1.175826390504609159e-02,4.705946308027475489e-01,1.744500826027414186e-01,2.337023370233702255e-02,5.588401916184092787e-03,4.177694320375528042e-02,3.179987280267782511e-03,7.430010644384609821e-03,5.515127939062695536e-03,2.888206277666420518e-02,8.488372093023256737e-02,7.772835461324674065e-04,5.223062998482771307e-02,7.633588327311926873e-03,3.820416282360188792e-02,0.000000000000000000e+00,7.796981995515504804e-03,1.000000000000000056e-01,3.442799315037452929e-02
6.408695359523706656e-03,4.166666669999999906e-01,4.491287662748257026e-02,0.000000000000000000e+00,2.042258531148473943e-01,1.507547259654301933e-02,5.726897000661721610e-02,8.820194236235410212e-01,2.967244555885042434e-01,1.008610086100861086e-01,1.917531502987693606e-02,2.411896256362888562e-03,1.862245182466944551e-02,5.508588021108804661e-02,3.173848214025329351e-02,9.373815882408549627e-02,2.081395348837209169e-01,1.538648535313615236e-02,1.729519718171821097e-01,6.106870189330457221e-02,1.402099288624539530e-01,7.425730421122010705e-03,4.097184936170819580e-02,6.000000000000000888e-01,1.137283757743874496e-01
1.724218394492972812e-03,5.000000000000000000e-01,1.700416394585531690e-02,0.000000000000000000e+00,1.260404562593374078e-01,5.704490262368458117e-03,3.047031346976568356e-02,7.912758487117055317e-01,2.138805807252788516e-01,6.396063960639607193e-02,1.077541517405052919e-02,5.298187297870670179e-03,8.703123082461626178e-03,2.905015178604456599e-02,1.566484562236732103e-02,6.186456565217682974e-02,1.406976744186046457e-01,6.220956545279644929e-03,1.061375954922322701e-01,3.053434858405687166e-02,8.869346878560736835e-02,1.180311379631219604e-04,9.783953934011066153e-03,4.000000000000000222e-01,7.124109778824354311e-02
2.095949571992538132e-03,5.238095240000000263e-01,3.552722955472991523e-02,5.892255892255892323e-03,1.795869003296260147e-01,1.075663063663634920e-02,4.996315534222660337e-02,8.508052459165142967e-01,2.928553735074216902e-01,8.118081180811809183e-02,1.720704799422449749e-02,9.015423598559628784e-03,1.494036128987354627e-02,4.217925061188673025e-02,2.499367094162503050e-02,8.118730893597314591e-02,1.901162790697674410e-01,9.812742264441514858e-03,1.539323840855270631e-01,4.580152523868072367e-02,1.237727492756833525e-01,1.014269290116096012e-02,2.537790164785963531e-02,5.000000000000001110e-01,1.002499738354881847e-01
1.968650946166831473e-04,0.000000000000000000e+00,2.127020771845294575e-03,0.000000000000000000e+00,4.199767601792785826e-02,1.342793200323793906e-03,1.004496348238909445e-02,5.095736199908886821e-01,8.364045056295819902e-02,1.845018450184501835e-02,5.206037901962170915e-03,2.485591009448413422e-02,3.135355879590977571e-03,7.158045418533018171e-03,5.426298826499121285e-03,2.300760282274731325e-02,8.197674418604651569e-02,5.616220853065278899e-03,4.331012567916051048e-02,7.633588327311926873e-03,2.840447483692910835e-02,1.265265219996637670e-03,7.796981995515504804e-03,1.000000000000000056e-01,2.822525526568606460e-02
2.014025824153813245e-04,0.000000000000000000e+00,3.410320193251436659e-03,0.000000000000000000e+00,4.451137091228152959e-02,1.533260320937098126e-03,1.209512805873298909e-02,5.095736199908886821e-01,9.558908635766652506e-02,2.583025830258302638e-02,6.165946688935952831e-03,2.212105687040144195e-02,3.246934381282989921e-03,6.659129903836159305e-03,5.618814155485431575e-03,2.933827988658462005e-02,9.360465116279069464e-02,6.011711534925365599e-03,5.424172246825049309e-02,7.633588327311926873e-03,4.078697373192431003e-02,9.516796353927268028e-05,7.796981995515504804e-03,1.000000000000000056e-01,3.485315637230430169e-02
8.570150833669010898e-03,2.000000000000000111e-01,2.212640817151585379e-02,9.259259259259258745e-03,1.378975076477981232e-01,1.355649730965191938e-02,4.130640468676716193e-02,8.741911783799156677e-01,1.844869366702964197e-01,8.118081180811809183e-02,1.415191820585972281e-02,1.037323947695765192e-01,2.314138111864868369e-02,8.551387288741041370e-02,3.570874162893231812e-02,8.076441681684930207e-02,1.552325581395348764e-01,2.571104153217338220e-02,1.160049924518013614e-01,7.633587854792842076e-02,9.460808541254588089e-02,2.888185650668196811e-02,5.656581335273921235e-02,4.000000000000000222e-01,8.979317345773460413e-02
6.806231664016150539e-05,1.000000000000000000e+00,2.407069485276068857e-03,0.000000000000000000e+00,4.142853755128174387e-02,1.323746488262463441e-03,1.054332702806842423e-02,4.380208444330145889e-01,1.660860375464456029e-01,1.845018450184501835e-02,5.150391501946959515e-03,3.733563065205569576e-02,3.046093078237367691e-03,8.463478494624882692e-03,5.392334757160434540e-03,2.691422617505714182e-02,8.081395348837210058e-02,7.435215423115034555e-04,4.723397399047695594e-02,7.633588327311926873e-03,3.222407699449549717e-02,0.000000000000000000e+00,7.796981995515504804e-03,1.000000000000000056e-01,3.218580456240272003e-02
2.265687764526702966e-02,1.868131869999999917e-01,3.812220963615772784e-02,0.000000000000000000e+00,2.175057506699233922e-01,2.025617827722489203e-02,5.728993752106702197e-02,9.243645786901516503e-01,2.143532740147172655e-01,1.242312423124231208e-01,1.863515675084392170e-02,1.603352898969385293e-02,3.227966035883132051e-02,8.991006328250739088e-02,4.822046604470590914e-02,1.117104692416517747e-01,1.831395348837209225e-01,3.616279383813417181e-02,1.429803304592718871e-01,9.923663880467337162e-02,1.341728542977817518e-01,1.501115439980100358e-02,7.995674306210329152e-02,6.000000000000000888e-01,1.195685009023496337e-01
0.000000000000000000e+00,0.000000000000000000e+00,1.116562060597283681e-03,0.000000000000000000e+00,2.020441556593706098e-02,6.190181419932383900e-04,7.548461743443850118e-03,0.000000000000000000e+00,7.766613266560404294e-02,1.230012300123001223e-02,4.743958765989253305e-03,2.159656556868284893e-02,1.450520513159145666e-03,3.045217819010901869e-04,2.599896204570460376e-03,1.996112999160936513e-02,7.558139534883721866e-02,2.736135251259776656e-03,4.241022941226477855e-02,0.000000000000000000e+00,2.728674933877801856e-02,0.000000000000000000e+00,1.559394771384856743e-02,0.000000000000000000e+00,2.567684713164955848e-02
3.265875552542052591e-03,7.454545449999999684e-01,1.007008555194030819e-01,0.000000000000000000e+00,3.506130095567834282e-01,2.670349030998523873e-02,1.016797910459044801e-01,8.840733304200738552e-01,5.306280532576815867e-01,1.451414514145141499e-01,3.350320826234443050e-02,2.512270876030921890e-02,2.657799895112485447e-02,7.251735788076343892e-02,4.572517356778482700e-02,1.385274849232391303e-01,3.011627906976744318e-01,1.183793233710471807e-02,2.671072306514591932e-01,7.633587854792842076e-02,2.122721849854356524e-01,3.125395943740198073e-04,5.656581335273921235e-02,9.000000000000000222e-01,1.679423351862683045e-01
8.626214315190275372e-02,2.605042020000000180e-01,3.574962645540846196e-01,2.946127946127945901e-02,5.646327871184992908e-01,1.521498976239226697e-01,2.727884841668460347e-01,9.583462731485882236e-01,6.863537380567164004e-01,3.763837638376383854e-01,1.154063500576398282e-01,5.884932066680118035e-02,1.280363299624603379e-01,2.616889256064133251e-01,1.933549002827450736e-01,3.335327142199762673e-01,5.494186046511627675e-01,1.315674868789856733e-01,5.055602882052342428e-01,2.595419842278421374e-01,4.532097039604796596e-01,5.691368876725324405e-02,2.436932510276518249e-01,1.000000000000000000e+00,3.732984658156260904e-01
3.046688483420629569e-03,2.000000000000000111e-01,8.919364420386592662e-03,0.000000000000000000e+00,1.226019113566838015e-01,4.775963049378600424e-03,2.270923357822736063e-02,8.010852244666037958e-01,1.429056841047114668e-01,4.797047970479705048e-02,8.431778478623131595e-03,1.208565110390518241e-02,9.205226336568931092e-03,2.617120831487672328e-02,1.541138029405250166e-02,4.909574368928162902e-02,1.180232558139534954e-01,1.109007807414170987e-02,6.852804557319876200e-02,3.053434858405687166e-02,5.696295494735156839e-02,4.024310230459483655e-03,9.783953934011066153e-03,4.000000000000000222e-01,5.335298919370667914e-02
1.466390981523612268e-02,1.333333329999999983e-01,1.570479997945441533e-02,0.000000000000000000e+00,1.575327847470890941e-01,1.079948573877434308e-02,3.339074672915320202e-02,8.924820717401203973e-01,1.525044215463748631e-01,7.749077490774908261e-02,1.122933135284048117e-02,9.683635290576551868e-03,2.025149794516472798e-02,6.328114838268010522e-02,3.094952531652787192e-02,7.624674958314561768e-02,1.360465116279069575e-01,2.564379746224627887e-02,8.542457479814059840e-02,6.870229022061651036e-02,7.667664761049285127e-02,4.211599639546050565e-03,4.876883135722370755e-02,5.000000000000001110e-01,7.782533736260983936e-02
5.751636748807942810e-03,2.380952379999999868e-01,1.015319071058587951e-02,0.000000000000000000e+00,1.231947639261068428e-01,6.556830627112993949e-03,2.432918513387437309e-02,8.475213985989125121e-01,1.445215948474366241e-01,5.412054120541205660e-02,8.734591196951416864e-03,1.552727645173850035e-02,1.330015732552122104e-02,4.082239528523080863e-02,2.103582200713456987e-02,5.701458502091037717e-02,1.168604651162790803e-01,1.405830368810947334e-02,6.572208350343854144e-02,4.580152523868072367e-02,5.493374889881141171e-02,2.449380460272625269e-03,2.537790164785963531e-02,4.000000000000000222e-01,5.938668820260394748e-02
7.750052577969447631e-02,2.134387349999999905e-01,1.622040433029165729e-01,0.000000000000000000e+00,4.636818515971448118e-01,6.515404028379601087e-02,1.514093694180593530e-01,9.527286999299496850e-01,4.301485272006072003e-01,2.755227552275523184e-01,5.160948466251086275e-02,2.059651786216533387e-02,6.461510995420108316e-02,1.618697425774201504e-01,1.017348613266176593e-01,2.258508384227343180e-01,3.575581395348837455e-01,7.562145575040900292e-02,3.305130951607103684e-01,1.679389290252898681e-01,3.119441266154016623e-01,2.528734823431962389e-02,1.501295321901955360e-01,1.000000000000000000e+00,2.408226600714053478e-01
5.844347477453422889e-03,3.888888890000000154e-01,3.294853671945064538e-02,0.000000000000000000e+00,1.984158979345016227e-01,1.280415218322936838e-02,4.811027596034660181e-02,8.566028392653286527e-01,2.469052824489295084e-01,9.225092250922509174e-02,1.559738729219890992e-02,6.468087831317123615e-02,1.832118986799696064e-02,6.192575916751181381e-02,3.044384636266175490e-02,9.274349978396301264e-02,1.773255813953488191e-01,1.527355045188914622e-02,1.395715213801582144e-01,6.106870189330457221e-02,1.184144512578397812e-01,5.542433585893484808e-04,4.097184936170819580e-02,6.000000000000000888e-01,1.028453093231740945e-01
6.504273729170013084e-03,5.333333329999999650e-01,6.583733497352671493e-02,0.000000000000000000e+00,2.660485190542816181e-01,1.956097328698633286e-02,7.439182277291955803e-02,8.827925589112635141e-01,3.753066503117882258e-01,1.242312423124231208e-01,2.458388500930838716e-02,8.981856796143241478e-04,2.326411746980854706e-02,6.637367047831038702e-02,3.878061497758161780e-02,1.181346255099101905e-01,2.430232558139534815e-01,1.501660023207886628e-02,2.056077643686763656e-01,6.870229022061651036e-02,1.717894903951931451e-01,1.396917094122767863e-03,4.876883135722370755e-02,7.000000000000000666e-01,1.380477228586023397e-01
1.749722892955744933e-03,4.000000000000000222e-01,1.374451742752351435e-02,0.000000000000000000e+00,1.396760653560672472e-01,5.656873482215132171e-03,3.019537965017280931e-02,7.893073831431838272e-01,1.978694087603697083e-01,5.166051660516605276e-02,1.121373923500861187e-02,2.024622945270075983e-03,1.043258984816756302e-02,2.676683751113254073e-02,1.639278301505698796e-02,5.675204869106955513e-02,1.395348837209302306e-01,8.339077402882741352e-03,9.172029429095321373e-02,3.053434858405687166e-02,7.251138163422662930e-02,8.575262252185124074e-04,9.783953934011066153e-03,4.000000000000000222e-01,6.505850971705844088e-02
5.510234572411504619e-03,3.333333330000000094e-01,3.355522718958588169e-02,0.000000000000000000e+00,1.787331926296568396e-01,1.348983381743726340e-02,5.032481858102912098e-02,8.784955284033284517e-01,2.497264881094038158e-01,8.487084870848708718e-02,1.729345326892986132e-02,2.779504815427515443e-02,1.962665833288405187e-02,5.778938408298594370e-02,3.181717055543981099e-02,8.435931699451830468e-02,1.866279069767441678e-01,1.833610080481177726e-02,1.462107591146861174e-01,6.106870189330457221e-02,1.177577239241764939e-01,6.036618814747544970e-02,4.097184936170819580e-02,5.000000000000001110e-01,1.017885672430962340e-01
0.000000000000000000e+00,0.000000000000000000e+00,1.116562060597283681e-03,0.000000000000000000e+00,2.020441556593706098e-02,6.190181419932383900e-04,7.548461743443850118e-03,0.000000000000000000e+00,7.766613266560404294e-02,1.230012300123001223e-02,4.743958765989253305e-03,2.159656556868284893e-02,1.450520513159145666e-03,3.045217819010901869e-04,2.599896204570460376e-03,1.996112999160936513e-02,7.558139534883721866e-02,2.736135251259776656e-03,4.241022941226477855e-02,0.000000000000000000e+00,2.728674933877801856e-02,0.000000000000000000e+00,1.559394771384856743e-02,0.000000000000000000e+00,2.567684713164955848e-02
3.423925767572997322e-03,3.333333330000000094e-01,8.091777276355689719e-03,0.000000000000000000e+00,1.190447959401455952e-01,6.323508404361696290e-03,2.375905105750989246e-02,8.130941910585486321e-01,1.501545231335867647e-01,5.166051660516605276e-02,8.362592506607239087e-03,1.755955006438510158e-02,1.275342267073711379e-02,4.172862905688998897e-02,2.070391900078179248e-02,5.166693496842763439e-02,1.127906976744186135e-01,1.135087230634944724e-02,6.471319704378376836e-02,4.580152523868072367e-02,5.227020394843740619e-02,5.958163260132746768e-03,2.537790164785963531e-02,4.000000000000000222e-01,5.499560290070604207e-02
2.366926639510487634e-03,4.000000000000000222e-01,1.577570957788219236e-02,0.000000000000000000e+00,1.322061229813369931e-01,6.504452168944335928e-03,3.179031606029847357e-02,8.191800491850446120e-01,1.895053637040738925e-01,6.396063960639607193e-02,1.047297277381333512e-02,4.147090315674412803e-02,1.145911205812327228e-02,3.678125341835554452e-02,1.902543639208966950e-02,6.330151358346639001e-02,1.343023255813953487e-01,9.109298359653607291e-03,1.026629537540164477e-01,3.816793691136879940e-02,8.269133374333563491e-02,3.074736865010554293e-03,1.758091965234412357e-02,4.000000000000000222e-01,6.995895524666939647e-02
6.806231664016150539e-05,1.000000000000000000e+00,4.324392759166153372e-03,0.000000000000000000e+00,4.379994782897388833e-02,1.542783676967763359e-03,1.325102255288695616e-02,4.889956053137843872e-01,1.935678998742747237e-01,2.583025830258302638e-02,6.270736286393967414e-03,4.246591717809419103e-02,3.179987280267782511e-03,7.575643635407911143e-03,5.601997585936772245e-03,3.172431047065686627e-02,9.418604651162791608e-02,7.917283592854758344e-04,6.208712089308312393e-02,7.633588327311926873e-03,4.537287085165255668e-02,0.000000000000000000e+00,7.796981995515504804e-03,1.000000000000000056e-01,3.895567564090148677e-02
1.408286017097100211e-02,1.515151519999999863e-01,1.197714467470425113e-02,1.010101010101010013e-02,1.286490075647987730e-01,1.198990524260749348e-02,3.018575962438140720e-02,9.032965101201438918e-01,1.432750055638673248e-01,7.011070110701107805e-02,1.120195321850699782e-02,2.541778685633236043e-02,2.525021478730206034e-02,7.678846484441903542e-02,3.745166465278031154e-02,6.893470720278961628e-02,1.273255813953488302e-01,2.891405252799341893e-02,6.640589483863475195e-02,8.396946687524035891e-02,5.939888417412636512e-02,4.424476084499388839e-02,6.436277907107226803e-02,4.000000000000000222e-01,7.351621950706188624e-02
1.455616793709892456e-02,2.000000000000000111e-01,2.192690234325247317e-02,0.000000000000000000e+00,1.569636462804429589e-01,1.270415694490738441e-02,3.699512925745768177e-02,8.789063099664644607e-01,1.902222818517563807e-01,8.487084870848708718e-02,1.328118475108007804e-02,1.392607054633655979e-02,1.991676243307518440e-02,6.424471399844076946e-02,3.185122788358851764e-02,8.173637077765376346e-02,1.593023255813953432e-01,2.330052959929779927e-02,1.038649207927023338e-01,6.870229022061651036e-02,9.147370495642567767e-02,6.821333831537147036e-03,4.876883135722370755e-02,5.000000000000001110e-01,8.726507262756962036e-02
9.023723338944963880e-04,0.000000000000000000e+00,6.202064950166008561e-03,0.000000000000000000e+00,6.839147240864140720e-02,2.704633112708918711e-03,1.709418211359570519e-02,6.794314936609007205e-01,1.123171764702581565e-01,3.198031980319803597e-02,7.619392433471206851e-03,2.390386264838305699e-02,5.132611047955043179e-03,1.376237301103911889e-02,8.828489354567238545e-03,3.597898819796704895e-02,1.104651162790697694e-01,9.413000620442596098e-03,6.860922086017479105e-02,1.526717665462385201e-02,4.827556496020456167e-02,4.331379810352597309e-03,0.000000000000000000e+00,2.000000000000000389e-01,4.388348431100742159e-02
4.825331446075099145e-03,5.555555559999999504e-01,5.940146738716182290e-02,0.000000000000000000e+00,2.961180013754179940e-01,1.894195514499309382e-02,7.386113489632925577e-02,8.729383600416036337e-01,3.686817955700840144e-01,1.242312423124231208e-01,2.357480534060179059e-02,2.614516103900441785e-02,2.270622496836199183e-02,6.354188109450267796e-02,3.790952561717870345e-02,1.149447011080343140e-01,2.354651162790697694e-01,1.432887060835787325e-02,1.985117893878664275e-01,6.870229022061651036e-02,1.660366810710218743e-01,1.538025748769962639e-03,4.876883135722370755e-02,8.000000000000000444e-01,1.327283581327275142e-01
8.772340896475357488e-03,5.494505490000000103e-01,1.031444387180149302e-01,0.000000000000000000e+00,3.665014584173207912e-01,3.412218465787342919e-02,1.055207342763947176e-01,8.961678534036678911e-01,4.727589360201280844e-01,1.685116851168511620e-01,3.552305243307795485e-02,3.337365310701813359e-02,3.571627819130749476e-02,9.609495966610817619e-02,5.854594664035486090e-02,1.507356281205713966e-01,3.040697674418604834e-01,2.261205906009880126e-02,2.595903370676910793e-01,9.923663880467337162e-02,2.233473351490577741e-01,8.747018992147487931e-03,7.995674306210329152e-02,9.000000000000000222e-01,1.770907992512280871e-01
1.988097322641430259e-04,0.000000000000000000e+00,2.823111049711135492e-03,0.000000000000000000e+00,4.299366833455856018e-02,1.380886624446454837e-03,1.123690024064648296e-02,5.095736199908886821e-01,8.603017772189987256e-02,2.337023370233702255e-02,5.447924663321334314e-03,2.338740922059233049e-02,3.090724478914172631e-03,6.957209561990715906e-03,5.475631020510926192e-03,2.806908993311805003e-02,8.430232558139534593e-02,5.715785109467182851e-03,5.021570184443645973e-02,7.633588327311926873e-03,3.599381400844179485e-02,1.037416539482161569e-04,7.796981995515504804e-03,1.000000000000000056e-01,3.259661564410935158e-02
5.331018846577308817e-02,1.637426899999999963e-01,6.411575374236570812e-02,1.599326599326599332e-02,2.689653536958429014e-01,4.015999238131517241e-02,8.121786698452583553e-02,9.420907554306517939e-01,3.074991903111504166e-01,1.586715867158671467e-01,3.285598148023918114e-02,1.592467054096640550e-02,5.951597245983959727e-02,1.284832763311780091e-01,7.758713540398935737e-02,1.336087997685787010e-01,2.674418604651163101e-01,6.527404762191922616e-02,1.710024224498183920e-01,1.374045804412330207e-01,1.597231432951226049e-01,1.054381500747114120e-01,1.189416204853159242e-01,6.000000000000000888e-01,1.481846074626783638e-01
9.916797241441930449e-03,2.000000000000000111e-01,1.664371118287567494e-02,0.000000000000000000e+00,1.476202897863359287e-01,1.203752202276081942e-02,3.890014292266462392e-02,8.274048150644768285e-01,1.801854277842014351e-01,6.888068880688807960e-02,1.381924162965247199e-02,2.591154330423938723e-01,2.326411746980854706e-02,8.165426501860738318e-02,3.367872622377261760e-02,6.978420762520043397e-02,1.511627906976744096e-01,2.520235735950092024e-02,9.922063701490238530e-02,6.870229022061651036e-02,7.853861885764044926e-02,2.579430483240684538e-02,4.876883135722370755e-02,4.000000000000000222e-01,7.898023905828742419e-02
1.319359832992934300e-01,2.102102100000000084e-01,2.954013984213789135e-01,3.114478114478114179e-02,5.638502217268609451e-01,1.458692443216989543e-01,2.583431799384972027e-01,9.613476699235123935e-01,5.974640833133780804e-01,4.034440344403444345e-01,1.070984955806379008e-01,8.378362006000712736e-02,1.295761132731858001e-01,2.803561795423823999e-01,1.921552969294672841e-01,3.397641263010164336e-01,5.011627906976744429e-01,1.433552186092809377e-01,4.784792522772359780e-01,2.748091608824660415e-01,4.479867541896049299e-01,6.231962348604274532e-02,2.592871987415003576e-01,1.000000000000000000e+00,3.595355478488319600e-01
1.575919398824124395e-03,1.666666669999999906e-01,8.194295216518397706e-03,0.000000000000000000e+00,8.895159951623229921e-02,3.704585495928765324e-03,1.986077445360793711e-02,7.606523391897023201e-01,1.347208685853362731e-01,3.813038130381304208e-02,7.865105815104984216e-03,1.421046708232266177e-02,6.594289412405551255e-03,1.913125778402154434e-02,1.176990335085893041e-02,4.318847235565564935e-02,1.139534883720930286e-01,8.864559114372297377e-03,7.373371290852299975e-02,2.290076498193577975e-02,5.480959486775729972e-02,9.967400942853307105e-03,1.986971938495559181e-03,3.000000000000000444e-01,5.111078321320580709e-02
6.806231664016150539e-05,1.000000000000000000e+00,2.447460218107792504e-03,0.000000000000000000e+00,4.275652730678934643e-02,1.342793200323793906e-03,1.071212601773988658e-02,4.521933607390111742e-01,1.684757647053872487e-01,1.845018450184501835e-02,5.294728596232345895e-03,4.209530710065916004e-02,3.179987280267782511e-03,7.158045418533018171e-03,5.477419111331221016e-03,2.664523936191957182e-02,8.197674418604651569e-02,7.654591016026744254e-04,4.661826474475590232e-02,7.633588327311926873e-03,3.231057775383647940e-02,0.000000000000000000e+00,7.796981995515504804e-03,1.000000000000000056e-01,3.213417266729655386e-02
4.932476632091661178e-02,1.238095240000000041e-01,4.616727126774137352e-02,0.000000000000000000e+00,2.181697455476771796e-01,2.534641207561544665e-02,6.298300896134099991e-02,9.225317453129157075e-01,2.371519714205646556e-01,1.340713407134071222e-01,2.217526514278633440e-02,2.064588002148648807e-02,3.475670308096429073e-02,1.064764333996621321e-01,5.323127734799202454e-02,1.247048618388787444e-01,2.133720930232557988e-01,4.596688617933442078e-02,1.637182477634697153e-01,1.068702271319852959e-01,1.441777695762243017e-01,2.824003861635886875e-02,8.775370878043634026e-02,6.000000000000000888e-01,1.327012727101037626e-01
4.880016928404944544e-04,3.333333330000000094e-01,2.981247863926433234e-03,0.000000000000000000e+00,6.433636083378783954e-02,2.076091614685015088e-03,1.276684701877283008e-02,6.278842818520220526e-01,1.151051915089378319e-01,2.214022140221402063e-02,5.524792537269055358e-03,7.206367886786998848e-03,4.898296196505867901e-03,1.502690589149069736e-02,8.507172040249604342e-03,2.889247117476711688e-02,8.488372093023256737e-02,4.411257798169736927e-03,4.553912503134282391e-02,1.526717665462385201e-02,3.143844656848095165e-02,1.684755886428621497e-03,0.000000000000000000e+00,2.000000000000000389e-01,3.403223493748815803e-02
8.764225350026135300e-03,1.388888889999999876e-01,1.839922474906949962e-02,7.575757575757575100e-03,1.293604306481064281e-01,1.027570115708775593e-02,3.398481955725385362e-02,8.884566215504010600e-01,1.621031589282951046e-01,6.519065190651907038e-02,1.187092649896238222e-02,2.270380273017202910e-02,1.822076921577280018e-02,5.286459591642057171e-02,2.835452501258994146e-02,6.706119575415907252e-02,1.430232558139534760e-01,2.342525719376762142e-02,1.002416665252431616e-01,6.106870189330457221e-02,8.236873679379339008e-02,2.351634673817063273e-02,4.097184936170819580e-02,4.000000000000000222e-01,7.867835903800063369e-02
6.806231664016150539e-05,1.000000000000000000e+00,2.625478216382216498e-03,0.000000000000000000e+00,4.256681448457397265e-02,1.371363268415789604e-03,1.075372614097783695e-02,4.649930062192676461e-01,1.720603554437997451e-01,1.845018450184501835e-02,5.417434814790585314e-03,4.270818831168423507e-02,3.135355879590977571e-03,6.894448356464292181e-03,5.630345497419119924e-03,2.703199665918904621e-02,8.372093023255813837e-02,7.761943426705594784e-04,4.711266174970670656e-02,7.633588327311926873e-03,3.252937379216954555e-02,0.000000000000000000e+00,7.796981995515504804e-03,1.000000000000000056e-01,3.279427766713140929e-02
4.990517888147927468e-03,2.857142859999999840e-01,2.164764491171663335e-02,6.734006734006733712e-03,1.290047191064525867e-01,1.038998142945573785e-02,3.668424774170194608e-02,8.624028999696110587e-01,2.085036946176601069e-01,6.888068880688807960e-02,1.342843651255735439e-02,2.053503213220214414e-03,1.529741250089879101e-02,4.581890118468712886e-02,2.594696222730444313e-02,6.862482701909286553e-02,1.616279069767441734e-01,1.625730218535789001e-02,1.164255115071586438e-01,5.343511356599265488e-02,9.080476575085542901e-02,1.905627583477979489e-02,3.317488364337514012e-02,4.000000000000000222e-01,8.123148272596929231e-02
2.875164763129174801e-03,4.285714290000000037e-01,2.190432593354377580e-02,0.000000000000000000e+00,1.439446038559130947e-01,9.856673491738486559e-03,3.861001457441930879e-02,8.207470665408540533e-01,2.198548986226330215e-01,7.257072570725707494e-02,1.331878229679806826e-02,6.447341571335189758e-02,1.726119411945660487e-02,5.572253474832575965e-02,2.729267953933460500e-02,7.725597130718611649e-02,1.534883720930232398e-01,1.259390459821868938e-02,1.137383940721856390e-01,5.343511356599265488e-02,9.656571632296466479e-02,2.705556613898250397e-03,3.317488364337514012e-02,4.000000000000000222e-01,8.807889514543738863e-02
1.553822002603246107e-02,1.636363640000000064e-01,1.840782955339005308e-02,9.259259259259258745e-03,1.445374564253361360e-01,1.381838960049521295e-02,3.496293580497624592e-02,9.047149653636339384e-01,1.823361822272488997e-01,7.872078720787208106e-02,1.428720318870648799e-02,2.476646538112399834e-02,2.547337179068608418e-02,6.857519475074140558e-02,3.842879284249139937e-02,6.652417383312714261e-02,1.581395348837209280e-01,3.015046267680328296e-02,8.425449485438593622e-02,7.633587854792842076e-02,7.253750147136096837e-02,1.538778232998187501e-01,5.656581335273921235e-02,4.000000000000000222e-01,7.598919298667120015e-02
5.668350658152494781e-02,2.766666669999999773e-01,2.062961907181082022e-01,2.104377104377104166e-02,4.858545376935663462e-01,8.534355506880623998e-02,1.742973126945774887e-01,9.539594629028412820e-01,5.456762737906366567e-01,2.558425584255842877e-01,6.830668281270914355e-02,1.457763235664575295e-02,8.279124778234220328e-02,1.703338894448039043e-01,1.237951450933921921e-01,2.290760365930235298e-01,4.296511627906977049e-01,8.408804837666851439e-02,3.567116487044498241e-01,1.832061056799137444e-01,3.122935218394063961e-01,7.107966877181821908e-02,1.657234799040440965e-01,1.000000000000000000e+00,2.619759685168845387e-01
6.002436021777983813e-04,6.666666669999999906e-01,7.715003334863615794e-03,0.000000000000000000e+00,9.549669188266260433e-02,3.552211799438122035e-03,2.024571572959692894e-02,7.035581545680876792e-01,1.850047109079814844e-01,4.305043050430504975e-02,7.697470273741184761e-03,1.657158587265948613e-02,6.995972015691393105e-03,2.208862359607088877e-02,1.184122301113031510e-02,4.594636520061898266e-02,1.093023255813953543e-01,3.350137730192305485e-03,7.015847786992826518e-02,2.290076498193577975e-02,5.651349021744255657e-02,1.234611418887861776e-04,1.986971938495559181e-03,3.000000000000000444e-01,5.065827010166175370e-02
2.586072816792072803e-03,3.809523810000000066e-01,7.602435912991464817e-03,0.000000000000000000e+00,1.274633024259526903e-01,6.490167134898337971e-03,2.509818760910503821e-02,7.834308925107862365e-01,1.596849826649580084e-01,5.043050430504305431e-02,8.894669904234731375e-03,1.777286081832472539e-02,1.361257712885615735e-02,4.550277997394659019e-02,2.133447832413224235e-02,4.422246879070815262e-02,1.156976744186046513e-01,1.070263816628420211e-02,6.457931343729936269e-02,4.580152523868072367e-02,5.074507683472350567e-02,2.662230326785695184e-02,2.537790164785963531e-02,4.000000000000000222e-01,5.132038805032702877e-02
0.000000000000000000e+00,0.000000000000000000e+00,1.116562060597283681e-03,0.000000000000000000e+00,2.020441556593706098e-02,6.190181419932383900e-04,7.548461743443850118e-03,0.000000000000000000e+00,7.766613266560404294e-02,1.230012300123001223e-02,4.743958765989253305e-03,2.159656556868284893e-02,1.450520513159145666e-03,3.045217819010901869e-04,2.599896204570460376e-03,1.996112999160936513e-02,7.558139534883721866e-02,2.736135251259776656e-03,4.241022941226477855e-02,0.000000000000000000e+00,2.728674933877801856e-02,0.000000000000000000e+00,1.559394771384856743e-02,0.000000000000000000e+00,2.567684713164955848e-02
0.000000000000000000e+00,0.000000000000000000e+00,1.116562060597283681e-03,0.000000000000000000e+00,2.020441556593706098e-02,6.190181419932383900e-04,7.548461743443850118e-03,0.000000000000000000e+00,7.766613266560404294e-02,1.230012300123001223e-02,4.743958765989253305e-03,2.159656556868284893e-02,1.450520513159145666e-03,3.045217819010901869e-04,2.599896204570460376e-03,1.996112999160936513e-02,7.558139534883721866e-02,2.736135251259776656e-03,4.241022941226477855e-02,0.000000000000000000e+00,2.728674933877801856e-02,0.000000000000000000e+00,1.559394771384856743e-02,0.000000000000000000e+00,2.567684713164955848e-02
1.535617670842579462e-02,5.083333330000000538e-01,1.433213749510591772e-01,0.000000000000000000e+00,4.269012781901396769e-01,4.440740917099185447e-02,1.293587704820388096e-01,9.130225573392595217e-01,5.241617593027004807e-01,1.980319803198031803e-01,4.393406150593958531e-02,1.372603163074295578e-02,4.279035516070815032e-02,1.117928846218439604e-01,7.166331505999141982e-02,1.789250264809384428e-01,3.465116279069767602e-01,2.980709505375129728e-02,3.045474618863812655e-01,1.145038154592972340e-01,2.645512086191391665e-01,3.361581109228970257e-03,9.555069077595185201e-02,1.000000000000000000e+00,2.092072014714186634e-01
1.361246332803230379e-04,1.000000000000000000e+00,8.531372625775647187e-03,0.000000000000000000e+00,6.910289549194904846e-02,2.861768487214894508e-03,1.948125026297876233e-02,6.448568878743654587e-01,2.389727158941663265e-01,3.936039360393604053e-02,8.300981933431013718e-03,4.190632359970388604e-02,4.864822645296913543e-03,1.431005609247573349e-02,8.937617430454300807e-03,4.313149053532049082e-02,1.168604651162790803e-01,1.291110020849336191e-03,8.132619450561640040e-02,1.526717665462385201e-02,6.287689313696191717e-02,0.000000000000000000e+00,0.000000000000000000e+00,2.000000000000000389e-01,5.213360305062578887e-02
1.655767843592463942e-03,2.999999999999999889e-01,6.585593985437466699e-03,4.208754208754208678e-03,6.703976855035688465e-02,2.823675063092233577e-03,1.569555185406558417e-02,7.976513596944240225e-01,9.122783429259798127e-02,4.920049200492005587e-02,3.399490437746892357e-03,5.374613859935667252e-03,4.853664795829062961e-03,2.787623932489232542e-02,1.230119328939734483e-02,4.603164154512035672e-02,7.034883720930233675e-02,6.018032534575322792e-03,6.772232747040217438e-02,3.053434858405687166e-02,6.132327165546510445e-02,9.314765913130922462e-03,9.783953934011066153e-03,3.000000000000000444e-01,4.867136504536238861e-02
2.780870969657845554e-02,1.428571429999999920e-01,3.985742324716345930e-02,1.178451178451178465e-02,2.028978633593397918e-01,2.012285129279558007e-02,5.785464841867730273e-02,9.362208362596575739e-01,2.050044512521770335e-01,1.193111931119311270e-01,1.593646512765182002e-02,1.778818885697787400e-02,2.821820291407447709e-02,8.494347182006960206e-02,4.744881571965442468e-02,1.056897327585649277e-01,1.819767441860465074e-01,3.814920482014582531e-02,1.577370297674059174e-01,9.923663880467337162e-02,1.409982730377811466e-01,5.463260699181138325e-02,7.995674306210329152e-02,6.000000000000000888e-01,1.193066162894369092e-01
4.001781189465225888e-03,3.809523810000000066e-01,2.369326010552523509e-02,0.000000000000000000e+00,1.479997154307666762e-01,7.756773486976810232e-03,3.792764070304390639e-02,8.375279781013875713e-01,1.910359270738696547e-01,8.118081180811809183e-02,9.344200240091842663e-03,2.221058169546185831e-02,1.033216919734610169e-02,4.565394405553067914e-02,2.182653305035637745e-02,7.923140646084586569e-02,1.377906976744185941e-01,1.012316320873158162e-02,1.311145626118921104e-01,4.580152523868072367e-02,1.112817004081818328e-01,9.608506262334933021e-04,2.537790164785963531e-02,5.000000000000001110e-01,8.859718213358203087e-02
6.797864943796713688e-02,2.861538459999999895e-01,2.419196157771046074e-01,0.000000000000000000e+00,4.660295477720600710e-01,8.392933669825246301e-02,1.870892037182655676e-01,9.536880181312084037e-01,5.197730100810502574e-01,3.099630996309963304e-01,5.863353034766038280e-02,2.445075852227933735e-03,6.898898719808475855e-02,1.869910707490884116e-01,1.201807611218801419e-01,2.680546371171153019e-01,4.075581395348837344e-01,7.233545829998618004e-02,4.158022552870371813e-01,1.908396940072256687e-01,3.827594149292169456e-01,2.221915595298789431e-02,1.735204618995596082e-01,1.000000000000000000e+00,2.944116578300787768e-01
1.429955483753320156e-01,1.126436779999999971e-01,1.227718755155862429e-01,2.525252525252525207e-02,4.438568616756384810e-01,6.927289176705871132e-02,1.382610001913789632e-01,9.680405025908715988e-01,3.211985578467371760e-01,2.632226322263223062e-01,4.571011977301916995e-02,7.416607692215975052e-03,8.463229304974015377e-02,2.118775571649650913e-01,1.211714841002207027e-01,2.326530959143086885e-01,2.976744186046511587e-01,1.035419619549878267e-01,2.789783812041180533e-01,2.213740473164733658e-01,2.708535521791237133e-01,6.050526769539252975e-02,2.047083573272567292e-01,1.000000000000000000e+00,2.389490499374803678e-01
3.889761395985230326e-04,3.333333330000000094e-01,1.426428809507125379e-03,0.000000000000000000e+00,1.961156299651402660e-02,8.047235845912098853e-04,4.871848623350271378e-03,6.623748008572279966e-01,4.420995244042077305e-02,2.829028290282903021e-02,1.003469203062667915e-03,2.183377631320534713e-03,1.684835366011021383e-03,1.437736716958388714e-02,5.780694974503034975e-03,2.429954320766979786e-02,3.313953488372092804e-02,2.131055715542487863e-03,3.251283441882145409e-02,1.526717665462385201e-02,3.248357927251843691e-02,1.387000192216423112e-03,0.000000000000000000e+00,1.000000000000000056e-01,2.462415644550708729e-02
2.966790492688891473e-02,2.967032969999999770e-01,7.359891745490679260e-02,0.000000000000000000e+00,3.292703170575541627e-01,2.518927670110946912e-02,8.186894054253719688e-02,9.261391097112300352e-01,2.916386260014928733e-01,1.648216482164821528e-01,2.087777672899554515e-02,3.838301102148732741e-02,2.931167223205890029e-02,9.480552664924901674e-02,5.179049821574382290e-02,1.448988438817410962e-01,2.261627906976743929e-01,3.022518064653317155e-02,2.130670048318275833e-01,9.923663880467337162e-02,1.976979943018048747e-01,9.033060167364267284e-03,7.995674306210329152e-02,9.000000000000000222e-01,1.546021459302275580e-01
3.345783397335993711e-03,2.857142859999999840e-01,3.642776352032621283e-03,0.000000000000000000e+00,5.385472740638858058e-02,3.056997285843531236e-03,1.065952622026010259e-02,8.097809464388096012e-01,6.947278241491022799e-02,5.166051660516605276e-02,2.221565587051769607e-03,7.031070134629180575e-03,6.583131561534998066e-03,4.368051911087275641e-02,1.505937690838600462e-02,4.949890667640564901e-02,5.581395348837209225e-02,6.848141344838122764e-03,4.219137961116718044e-02,4.580152523868072367e-02,4.442475468554259871e-02,7.894911339267428720e-04,2.537790164785963531e-02,3.000000000000000444e-01,4.403725130138900351e-02
6.806231664016150539e-05,1.000000000000000000e+00,4.104284060251481899e-05,0.000000000000000000e+00,4.197396191515094521e-03,1.142802723679824670e-04,6.235878442952976202e-04,1.426595569963235999e-01,1.433836295364997876e-02,7.380073800738007166e-03,8.792367658809845912e-05,1.073281550287442793e-01,3.235776530833248555e-04,1.256479333382519784e-02,2.643679879130169611e-03,8.324134340004228291e-03,6.976744186046511531e-03,1.102582511589762803e-04,5.137728260193054862e-03,7.633588327311926873e-03,4.883052669464316153e-03,0.000000000000000000e+00,7.796981995515504804e-03,1.000000000000000056e-01,7.707989361413878152e-03
0.000000000000000000e+00,0.000000000000000000e+00,2.865755588038523726e-05,0.000000000000000000e+00,1.920842324930636296e-03,4.285510213799342512e-05,3.399937999746852589e-04,0.000000000000000000e+00,5.376886107618742035e-03,4.920049200492005066e-03,6.576321667791261893e-05,2.444029059344304117e-02,1.004206509617308260e-04,1.142253939438654664e-03,1.247558325503995893e-03,7.490994277798731886e-03,5.232558139534883648e-03,4.239790219778085713e-04,4.919834176956756205e-03,0.000000000000000000e+00,4.674772409717801135e-03,0.000000000000000000e+00,1.559394771384856743e-02,0.000000000000000000e+00,6.179169693295753253e-03
6.806231664016150539e-05,1.000000000000000000e+00,4.104284060251481899e-05,0.000000000000000000e+00,4.197396191515094521e-03,1.142802723679824670e-04,6.235878442952976202e-04,1.426595569963235999e-01,1.433836295364997876e-02,7.380073800738007166e-03,8.792367658809845912e-05,1.073281550287442793e-01,3.235776530833248555e-04,1.256479333382519784e-02,2.643679879130169611e-03,8.324134340004228291e-03,6.976744186046511531e-03,1.102582511589762803e-04,5.137728260193054862e-03,7.633588327311926873e-03,4.883052669464316153e-03,0.000000000000000000e+00,7.796981995515504804e-03,1.000000000000000056e-01,7.707989361413878152e-03
4.928484688739703627e-03,4.285714290000000037e-01,2.186560116639199927e-02,0.000000000000000000e+00,1.306409921980601629e-01,7.647254892624160381e-03,3.199667917060459998e-02,8.585513315862411954e-01,1.703534074475229199e-01,8.979089790897909484e-02,7.128032112499679135e-03,1.590217250513839596e-03,1.038795844749075721e-02,5.239476408316336153e-02,2.263113083867645398e-02,8.446746460206412677e-02,1.197674418604651181e-01,8.682129127142525910e-03,1.198701232476921674e-01,5.343511356599265488e-02,1.097630184490854949e-01,1.558682626861910290e-03,3.317488364337514012e-02,5.000000000000001110e-01,8.783010647249801794e-02
7.367461970049556802e-03,2.222222219999999970e-01,1.588377701637731180e-03,0.000000000000000000e+00,4.232967345680475890e-02,3.942669396695395491e-03,4.957682891159194763e-03,8.564673762524848133e-01,5.941127239713604735e-02,5.535055350553506198e-02,1.259903244578921720e-03,1.645609150475902532e-02,7.866284324680988121e-03,6.677507484686046046e-02,1.917119344200458875e-02,2.878406673918890157e-02,5.232558139534883301e-02,7.251704712029178115e-03,8.809196735745865314e-03,6.870229022061651036e-02,1.576654428787995291e-02,1.925937798687725813e-02,4.876883135722370755e-02,4.000000000000000222e-01,2.675615163115721215e-02
3.952250218153506578e-03,2.857142859999999840e-01,8.036120614793859163e-04,0.000000000000000000e+00,2.857549384619033003e-02,1.990381410409028211e-03,2.440407365350040492e-03,8.048215578715489649e-01,4.489273162698287356e-02,4.182041820418204436e-02,5.615035180267508160e-04,1.475629480021523922e-02,3.771353335728696004e-03,4.610346230173604370e-02,1.216082629067392375e-02,2.219911661747663023e-02,3.720930232558139483e-02,3.064795218659642842e-03,4.377769545030305715e-03,4.580152523868072367e-02,9.773228930874360357e-03,1.507316218673528455e-02,2.537790164785963531e-02,4.000000000000000222e-01,1.856167448878498147e-02
4.537913429117808317e-03,3.333333330000000094e-01,8.874029455357135537e-04,0.000000000000000000e+00,3.355545542934382924e-02,3.704585495928765324e-03,2.461613927608059457e-03,8.148564321830600310e-01,6.093804255301241146e-02,5.412054120541205660e-02,3.708564691080664397e-04,8.827457516197884102e-02,7.196813317334314897e-03,6.599435850031569462e-02,1.485429028240275659e-02,2.404729442185469732e-02,4.941860465116278828e-02,3.137285548528277127e-03,2.506595435055650710e-03,6.870229022061651036e-02,9.274577494673419409e-03,1.075407704842911219e-02,4.876883135722370755e-02,4.000000000000000222e-01,2.186315109750387731e-02
4.556079690221661281e-03,1.428571429999999920e-01,7.176475600941998288e-04,0.000000000000000000e+00,2.653608100737508621e-02,1.757059187657730335e-03,3.177479010104815402e-03,8.247048341432189345e-01,3.499243339793516733e-02,3.567035670356703825e-02,6.810608928693570509e-04,2.356270697275015050e-02,4.161878089546688572e-03,4.497541388347855995e-02,1.230738459354179665e-02,2.096775340546392155e-02,3.313953488372092804e-02,5.065193550158501173e-03,7.924668667770473629e-03,4.580152523868072367e-02,1.236282421247843037e-02,1.592452964434337356e-02,2.537790164785963531e-02,3.000000000000000444e-01,1.893822034907574614e-02
3.952250218153506578e-03,2.857142859999999840e-01,8.036120614793859163e-04,0.000000000000000000e+00,2.857549384619033003e-02,1.990381410409028211e-03,2.440407365350040492e-03,8.048215578715489649e-01,4.489273162698287356e-02,4.182041820418204436e-02,5.615035180267508160e-04,1.475629480021523922e-02,3.771353335728696004e-03,4.610346230173604370e-02,1.216082629067392375e-02,2.219911661747663023e-02,3.720930232558139483e-02,3.064795218659642842e-03,4.377769545030305715e-03,4.580152523868072367e-02,9.773228930874360357e-03,1.507316218673528455e-02,2.537790164785963531e-02,4.000000000000000222e-01,1.856167448878498147e-02
2.681242776465511050e-04,6.666666669999999906e-01,9.677021062608398073e-05,0.000000000000000000e+00,7.920510327491759803e-03,3.761725632112756070e-04,3.899438757640554757e-04,5.602767730364672794e-01,2.568956695862287948e-02,1.599015990159901451e-02,3.341754362382125368e-05,2.320584940386279799e-02,7.810495073554441382e-04,1.477677715133316264e-02,3.139895995923107624e-03,8.276050264295824882e-03,1.569767441860465268e-02,2.035532062977206944e-04,8.613287350005883504e-04,1.526717665462385201e-02,3.321629158693614661e-03,8.402216600764613963e-06,0.000000000000000000e+00,2.000000000000000389e-01,7.425059035411572458e-03
9.441439431530572815e-03,1.272727270000000022e-01,9.198280595520178611e-04,1.851851851851851749e-02,3.521544262372833245e-02,3.395076424932145804e-03,3.904022357135813158e-03,8.882847331960529447e-01,4.258059301224027815e-02,5.289052890528905815e-02,6.969249681383948890e-04,4.677132023027253532e-02,7.799337223665779410e-03,7.309065387648835954e-02,1.807876397380601963e-02,2.687218471325336644e-02,4.244186046511627675e-02,6.098649408305488635e-03,6.696168472005208962e-03,7.633587854792842076e-02,1.176783467567812415e-02,2.755692697512949346e-02,5.656581335273921235e-02,4.000000000000000222e-01,2.263717304502139288e-02
1.778725149943682568e-03,4.642857140000000160e-01,5.251223302737285503e-04,0.000000000000000000e+00,2.501837842965211334e-02,2.352268939574305752e-03,1.509294214193572818e-03,7.522728015338174812e-01,5.304340819121198397e-02,4.551045510455104665e-02,1.772442698804119221e-04,8.256554836118364105e-02,4.139562389208286536e-03,5.196513701850303396e-02,1.051637030530315833e-02,1.942492382435412335e-02,3.895348837209302445e-02,1.399456564869125310e-03,1.587671113215514355e-03,5.343511356599265488e-02,7.111040855156684076e-03,2.827548796830304037e-03,3.317488364337514012e-02,4.000000000000000222e-01,1.706442368536376444e-02
6.945742145718749108e-03,2.222222219999999970e-01,1.044380156919113038e-03,0.000000000000000000e+00,3.758685290142047691e-02,2.990333793628874824e-03,4.058218416477618606e-03,8.323420249495010470e-01,4.991874510054777198e-02,5.166051660516605276e-02,9.385225100913225987e-04,1.285149225466061980e-02,5.969449805735682103e-03,6.300980955746636469e-02,1.558790757436764526e-02,2.633541960526141965e-02,4.418604651162790636e-02,5.308348109228407628e-03,7.809429550533630512e-03,6.106870189330457221e-02,1.248663902486846049e-02,1.367727679335839497e-02,4.097184936170819580e-02,4.000000000000000222e-01,2.167896496879628127e-02
1.746932793991019610e-04,0.000000000000000000e+00,2.291300051132503078e-05,0.000000000000000000e+00,3.770542341530507859e-03,1.142802723679824670e-04,1.987439415266552831e-04,5.095736199908886821e-01,6.571749687089573598e-03,7.380073800738007166e-03,1.302887827435573654e-05,6.862261430193861145e-02,3.682090534795896646e-04,8.884197309283432126e-03,1.938199113448512345e-03,4.322324758788223011e-03,6.976744186046511531e-03,3.678245111645730655e-04,5.652160170347869965e-04,7.633588327311926873e-03,1.659796923354560404e-03,3.541877244838642874e-04,7.796981995515504804e-03,1.000000000000000056e-01,4.410722209168451390e-03
1.484406715327361544e-03,4.000000000000000222e-01,2.499326907858576792e-04,0.000000000000000000e+00,1.754843605492186279e-02,9.904290271891813806e-04,8.329252145194514494e-04,7.225405831539513102e-01,3.393412565697161848e-02,2.952029520295202866e-02,6.999598177186875465e-05,1.554287152939257295e-03,1.729466766687826323e-03,3.075638231690085850e-02,5.759434897177779893e-03,1.328824478067496678e-02,2.558139534883720895e-02,6.795056692573043676e-04,1.053917071387413477e-03,3.053434858405687166e-02,4.715478649407673847e-03,5.890582574432651078e-04,9.783953934011066153e-03,4.000000000000000222e-01,1.113976924299137604e-02
7.862067782688057088e-03,2.222222219999999970e-01,1.011129559747103853e-03,0.000000000000000000e+00,3.521544262372833245e-02,3.704585495928765324e-03,2.874711623874451078e-03,8.565126671558296323e-01,5.576030037331403816e-02,5.412054120541205660e-02,4.736495407099747647e-04,6.367081664411899933e-02,7.308391819026327681e-03,6.920808087800751907e-02,1.586360594877690711e-02,2.559198209879417346e-02,4.941860465116278828e-02,4.227259871475342115e-03,3.574771562300528213e-03,6.870229022061651036e-02,1.005308432874223515e-02,8.405300271415032040e-03,4.876883135722370755e-02,4.000000000000000222e-01,2.365766277431971890e-02
3.167096206699173289e-03,2.666666670000000239e-01,3.928824108327245534e-04,0.000000000000000000e+00,2.146126301311389664e-02,1.447550116661111249e-03,1.163119700440015669e-03,7.911596455434029007e-01,3.739923003743702429e-02,3.444034440344403980e-02,1.191202887579579723e-04,1.448821434718571000e-02,2.622094774613122070e-03,3.653564332055703190e-02,7.647985379717848684e-03,1.583147388061890981e-02,3.139534883720929842e-02,1.416262383776182437e-03,1.428983591668340613e-03,3.816793691136879940e-02,5.923436312204647357e-03,8.315450853826106443e-04,1.758091965234412357e-02,4.000000000000000222e-01,1.391827366097325887e-02
1.876575301552935626e-04,0.000000000000000000e+00,3.325513320150986634e-05,0.000000000000000000e+00,4.244824397068937098e-03,1.523736964906432893e-04,2.084900996190729237e-04,5.095736199908886821e-01,8.961476846031235857e-03,9.840098400984010132e-03,1.665845154359605108e-05,3.070031231679872311e-02,3.905247536777220691e-04,8.430921932864113288e-03,1.953672815308660476e-03,5.507039016644498311e-03,9.302325581395348708e-03,4.066496356063349009e-04,4.424110664276401116e-04,7.633588327311926873e-03,1.801929543605032807e-03,5.087056309306467297e-06,7.796981995515504804e-03,1.000000000000000056e-01,4.434947302905728993e-03
2.677117787619478443e-04,6.666666669999999906e-01,1.007793528003272064e-04,0.000000000000000000e+00,8.631933410799402795e-03,4.190276653492690457e-04,4.239296048253972577e-04,5.814968148046064655e-01,2.867672590729995752e-02,1.722017220172201643e-02,3.828737308556579943e-05,1.784414687962190132e-02,8.479966079498412433e-04,1.532235587547095546e-02,3.232305114220511942e-03,8.453974932067356840e-03,1.744186046511627536e-02,2.118036284160236906e-04,7.215190384998958727e-04,1.526717665462385201e-02,3.021081422316721204e-03,3.629528939786074809e-05,0.000000000000000000e+00,2.000000000000000389e-01,6.788821819973893043e-03
9.490831907598522299e-03,2.564102560000000031e-01,3.114906677814690411e-03,0.000000000000000000e+00,5.869240437288054946e-02,7.232988905290223952e-03,8.853204125656195453e-03,8.482742029183447663e-01,8.662760951163528400e-02,7.134071340713407650e-02,2.618723760158176306e-03,1.601565206377687234e-01,1.488457203552078813e-02,1.041347630215411352e-01,2.796499657356005253e-02,4.754215826021918057e-02,7.383720930232558211e-02,1.071211224458818584e-02,2.086242272831715511e-02,9.160305520255229705e-02,2.718396608356108898e-02,2.912029369485149080e-02,7.215976106658776590e-02,4.000000000000000222e-01,4.376833397805114656e-02
4.643362490633102125e-04,3.333333330000000094e-01,7.409065885080963379e-05,0.000000000000000000e+00,8.276221869145580431e-03,3.333174610732821683e-04,4.055958132959366414e-04,6.227903587150530607e-01,1.792295369206247518e-02,1.599015990159901451e-02,3.137346592840199977e-05,1.233413089426674790e-02,7.810495073554441382e-04,1.615926703798954700e-02,3.161856126460638183e-03,7.993633746103024837e-03,1.395348837209302480e-02,3.759812962483189032e-04,7.346433780936737672e-04,1.526717665462385201e-02,2.743261336433339831e-03,2.126275221417984080e-05,0.000000000000000000e+00,2.000000000000000389e-01,6.547394877905102564e-03
0.000000000000000000e+00,0.000000000000000000e+00,8.060202939458325567e-05,0.000000000000000000e+00,3.604543622092057972e-03,8.094852626065424746e-05,6.081513895962184849e-04,0.000000000000000000e+00,1.015634042550206916e-02,7.380073800738007166e-03,1.521616517351556935e-04,2.279884191060156315e-02,1.896834517542603628e-04,9.351786635339127615e-04,1.487017090136884268e-03,9.172365817093262874e-03,9.883720930232558002e-03,7.319813929393355128e-04,7.252361107098852927e-03,0.000000000000000000e+00,8.923486177348267587e-03,0.000000000000000000e+00,1.559394771384856743e-02,0.000000000000000000e+00,8.800433721519547101e-03
3.947479368969297048e-02,1.764705880000000116e-01,2.216844610321737352e-02,1.430976430976430881e-02,1.892859683653868863e-01,1.933717442026569935e-02,4.358025057033824284e-02,9.125623685370765070e-01,1.667888984825746934e-01,1.242312423124231208e-01,1.269556039971281476e-02,4.374664957848493907e-02,3.351818171288429432e-02,1.218108759609467517e-01,5.327549108451369586e-02,1.016285696500966035e-01,1.470930232558139428e-01,3.703831467689770729e-02,9.616101016429409731e-02,1.221374037866091444e-01,1.016509433162220283e-01,3.840074198317221243e-02,1.033476727714673638e-01,6.000000000000000888e-01,9.982866239440728318e-02
4.062862273974072146e-03,3.214285709999999963e-01,8.733260687171742753e-03,6.734006734006733712e-03,1.011406483435699083e-01,5.856863958859101840e-03,2.181012523501249870e-02,8.314503067846704676e-01,1.203825056316862735e-01,5.535055350553506198e-02,5.460051033741322724e-03,6.645736861878095980e-02,1.074500965150249586e-02,5.281328724016572107e-02,2.206497192994928691e-02,5.104061836854580786e-02,9.244186046511627952e-02,1.097189219344418994e-02,6.560747726960149129e-02,5.343511356599265488e-02,5.915532517331529433e-02,1.518131357545050159e-02,3.317488364337514012e-02,4.000000000000000222e-01,5.668800430819642688e-02
1.892328406414080580e-02,2.285714289999999926e-01,3.075375114657583064e-02,0.000000000000000000e+00,1.535488154805662864e-01,1.984667396790628854e-02,4.409097888387208258e-02,9.035084784779987555e-01,2.028536968091295412e-01,1.143911439114391193e-01,1.369383114450642772e-02,4.080938079170040589e-02,2.739252201137249570e-02,1.057573065859541556e-01,4.901943727824469715e-02,1.058441064134554577e-01,1.686046511627906919e-01,3.059831093200726659e-02,1.231058898590541573e-01,1.068702271319852959e-01,1.171254203343271433e-01,3.772186574500485667e-02,8.775370878043634026e-02,5.000000000000001110e-01,1.133800151239094806e-01
1.541556402679264588e-02,1.714285710000000018e-01,5.652702976558146748e-03,1.262626262626262603e-02,7.007517370580283733e-02,8.918622922717963850e-03,1.572314835589523965e-02,8.973364157822089071e-01,8.628621990043128243e-02,7.872078720787208106e-02,4.508836742318722557e-03,3.961231171029974685e-02,1.818729567438275366e-02,1.117290647239650297e-01,3.484908727137300127e-02,6.326519749548868699e-02,7.965116279069768546e-02,1.950873448165279037e-02,3.912657142727064136e-02,1.068702271319852959e-01,4.765581246092624734e-02,3.949767708147326056e-02,8.775370878043634026e-02,4.000000000000000222e-01,6.032308749575857054e-02
1.920961940565982587e-02,2.666666670000000239e-01,1.677143895365843657e-02,0.000000000000000000e+00,1.202305010789916639e-01,1.548973858387695662e-02,3.349721096816724031e-02,8.836277551701647859e-01,1.630192210457181989e-01,1.008610086100861086e-01,1.034617318870378368e-02,7.862664298582608402e-02,2.638831550315788935e-02,1.109791828942757463e-01,4.491685364506282224e-02,8.490558409503426440e-02,1.331395348837209058e-01,2.543714011676863340e-02,8.165796285148492484e-02,1.068702271319852959e-01,8.018518625309579984e-02,2.091084509134475550e-02,8.775370878043634026e-02,4.000000000000000222e-01,8.613427036969409367e-02
1.195163007039730949e-03,5.333333329999999650e-01,1.253354660574841932e-03,0.000000000000000000e+00,3.450401954042068425e-02,1.961811342317032730e-03,4.953068815065827038e-03,6.549262378987107391e-01,6.201341977453616455e-02,3.567035670356703825e-02,1.129947976105617627e-03,4.834260441562072443e-03,4.362719391189610364e-03,4.806829718264955809e-02,1.191469426270205280e-02,2.896342652851240443e-02,4.186046511627906919e-02,2.598328308418956182e-03,1.769201571169786227e-02,3.816793691136879940e-02,2.084295159587116683e-02,1.598910382260673247e-03,1.758091965234412357e-02,3.000000000000000444e-01,2.623607491227027827e-02
4.050851744387932323e-04,6.666666669999999906e-01,5.010191098907991599e-04,0.000000000000000000e+00,1.581730655220659615e-02,8.475786867292033240e-04,2.053850839287528224e-03,5.935299270329610355e-01,4.361252065068535466e-02,2.214022140221402063e-02,4.537510501424732489e-04,6.618063610212142345e-02,1.818729566638735331e-03,2.407941919617473739e-02,6.757508901187914835e-03,1.771747842645084170e-02,2.674418604651162407e-02,9.244201496699768405e-04,9.744365064847467298e-03,2.290076498193577975e-02,1.271120178049092546e-02,1.150137705185344441e-03,1.986971938495559181e-03,2.000000000000000389e-01,1.655461374167202168e-02
8.169568408362812284e-02,1.193181819999999949e-01,7.520881319982970770e-02,5.555555555555555247e-02,2.668073703431430577e-01,6.787295843055092537e-02,9.512683668493852884e-02,9.575682571647333718e-01,2.876905627208892202e-01,2.214022140221402202e-01,3.951707830660043663e-02,9.089979552423139986e-02,8.868259263801563097e-02,2.495303214857778062e-01,1.248418842187526828e-01,1.898387366798803266e-01,2.686046511627906974e-01,9.615966252495054822e-02,1.994725127815204502e-01,2.442748075732183444e-01,1.958845313236210472e-01,2.066226408426273253e-01,2.280992870366208292e-01,7.000000000000000666e-01,2.011482158412061516e-01
4.396107219087398189e-03,2.142857139999999883e-01,1.516243655258488763e-03,0.000000000000000000e+00,2.814863999620574250e-02,2.428455787819627613e-03,4.515886404758423164e-03,8.342155589909130420e-01,4.523412122026391341e-02,3.936039360393604053e-02,1.028880775712763800e-03,4.480970513727092902e-02,5.299978799791710618e-03,5.458485176647655257e-02,1.461218014005613922e-02,3.340193558603218871e-02,4.011627906976743957e-02,5.518515584373317844e-03,1.684515699153364340e-02,5.343511356599265488e-02,2.175816355156513782e-02,7.368295269072499057e-03,3.317488364337514012e-02,3.000000000000000444e-01,3.147493944852981090e-02
0.000000000000000000e+00,0.000000000000000000e+00,6.124225830710872879e-06,0.000000000000000000e+00,1.375417961061443190e-03,4.285510213799342512e-05,6.546935444616330336e-05,0.000000000000000000e+00,5.376886107618742035e-03,4.920049200492005066e-03,5.926066550056311489e-06,2.338676832699010735e-02,1.004206509617308260e-04,7.268888689942526113e-04,7.558900462788251205e-04,2.898851847210674043e-03,5.232558139534883648e-03,1.321467177540636812e-04,2.838386145895204589e-04,0.000000000000000000e+00,9.891616244639073532e-04,0.000000000000000000e+00,1.559394771384856743e-02,0.000000000000000000e+00,2.199368772538632180e-03
0.000000000000000000e+00,0.000000000000000000e+00,6.124225830710872879e-06,0.000000000000000000e+00,1.375417961061443190e-03,4.285510213799342512e-05,6.546935444616330336e-05,0.000000000000000000e+00,5.376886107618742035e-03,4.920049200492005066e-03,5.926066550056311489e-06,2.338676832699010735e-02,1.004206509617308260e-04,7.268888689942526113e-04,7.558900462788251205e-04,2.898851847210674043e-03,5.232558139534883648e-03,1.321467177540636812e-04,2.838386145895204589e-04,0.000000000000000000e+00,9.891616244639073532e-04,0.000000000000000000e+00,1.559394771384856743e-02,0.000000000000000000e+00,2.199368772538632180e-03
1.904369869642511480e-04,0.000000000000000000e+00,1.007327366971256497e-04,0.000000000000000000e+00,6.236809030330337476e-03,1.809437645826389061e-04,6.838791226849996133e-04,5.095736199908886821e-01,1.075377221523748407e-02,1.107011070110701031e-02,1.305011375328201642e-04,2.597354842505937914e-02,5.244189548665162794e-04,7.231390469210066500e-03,2.764587091765800461e-03,9.856072114198588530e-03,1.104651162790697659e-02,1.134512864472345768e-03,4.535347922437430596e-03,7.633588327311926873e-03,5.432926123941680951e-03,1.023004165904727557e-03,7.796981995515504804e-03,1.000000000000000056e-01,8.167809441900621831e-03
1.296909601041970443e-02,2.222222219999999970e-01,2.853410965697268306e-02,0.000000000000000000e+00,1.884559747681946174e-01,1.083281748488167107e-02,4.378292686900645686e-02,8.939839339937305507e-01,1.835443220554375809e-01,9.471094710947110251e-02,1.087627392802447378e-02,2.422345492469119357e-02,1.550941164780146077e-02,5.646890026348787978e-02,2.926252471845586234e-02,8.814122082822026250e-02,1.505813953488371881e-01,1.911959640434209365e-02,1.331028073653060251e-01,6.106870189330457221e-02,1.173832265190296736e-01,3.002562681779026924e-02,4.097184936170819580e-02,6.000000000000000888e-01,9.647816654051812046e-02
3.609365276351576401e-04,3.333333330000000094e-01,1.409264115595622400e-04,0.000000000000000000e+00,5.288244919253479864e-03,3.190324270272844277e-04,7.127748363087980411e-04,6.341267013775240269e-01,1.712637797440669241e-02,1.353013530135301415e-02,1.540308298572097383e-04,4.028189865317144056e-03,7.810495073554441382e-04,1.422625360989153778e-02,4.214438983982091158e-03,1.124031337254149075e-02,1.337209302325581377e-02,7.896870886440921378e-04,4.517265996211906713e-03,1.526717665462385201e-02,5.612033578577120888e-03,3.804983798211496963e-03,0.000000000000000000e+00,1.000000000000000056e-01,9.568681279960241509e-03
0.000000000000000000e+00,0.000000000000000000e+00,6.198523198149354468e-06,0.000000000000000000e+00,1.209419241622993304e-03,1.428503404599780837e-05,1.665217351353753849e-04,0.000000000000000000e+00,1.792295369206247345e-03,3.690036900369004016e-03,1.087992597442325241e-05,3.458049581585267984e-02,3.347355022706354014e-05,1.713380909157981996e-03,1.015065708681844652e-03,5.007692773218076591e-03,1.744186046511627883e-03,1.623612339505984224e-04,2.872098383961862317e-03,0.000000000000000000e+00,2.399632829717997500e-03,0.000000000000000000e+00,1.559394771384856743e-02,0.000000000000000000e+00,3.974911078649289581e-03
2.632006154935188566e-02,7.575757599999999314e-02,1.302775760204270827e-02,0.000000000000000000e+00,1.221039151983684540e-01,8.390076663016044628e-03,2.763966855207070430e-02,9.252396786400871598e-01,9.328082714832762468e-02,9.717097170971709941e-02,5.962335249853762710e-03,3.911246810836661175e-02,1.560983230002562124e-02,7.498463255812219674e-02,3.129710806138236850e-02,8.407422663421537656e-02,9.069767441860465684e-02,2.486059329437197499e-02,8.299972040838665688e-02,8.396946687524035891e-02,9.095062977641081570e-02,4.685350334679435659e-03,6.436277907107226803e-02,5.000000000000001110e-01,8.217008274262982415e-02
0.000000000000000000e+00,0.000000000000000000e+00,4.610682323636112871e-05,0.000000000000000000e+00,2.798264127676728958e-03,6.190181419932383629e-05,4.504536307395638956e-04,0.000000000000000000e+00,7.766613266560406029e-03,7.380073800738007166e-03,9.870035644565620806e-05,2.230718305404680649e-02,1.450520513579956080e-04,4.351443567935315074e-04,1.348602700148727801e-03,8.181543830203544254e-03,7.558139534883720825e-03,5.573072348283461628e-04,6.036390724097254364e-03,0.000000000000000000e+00,7.432280930042596198e-03,0.000000000000000000e+00,1.559394771384856743e-02,0.000000000000000000e+00,7.074029849079100339e-03
6.828919100627460059e-04,0.000000000000000000e+00,3.288862541382904037e-04,0.000000000000000000e+00,1.022077829685313910e-02,3.618875291652777580e-04,1.818951650766737014e-03,6.794314936609007205e-01,1.433836295364997876e-02,1.722017220172201643e-02,2.989444087698892917e-04,2.851547932292313944e-02,1.082311460240636481e-03,1.376144032071868056e-02,4.910073989102808380e-03,1.698364867669165459e-02,1.511627906976743992e-02,2.541231028649477888e-03,1.225940853545335121e-02,1.526717665462385201e-02,1.382044681203995623e-02,9.260372706438503576e-02,0.000000000000000000e+00,1.000000000000000056e-01,1.512219959334527852e-02
1.966902309546407360e-04,0.000000000000000000e+00,5.964201321398939284e-04,0.000000000000000000e+00,1.605444757997580990e-02,3.523641731346126337e-04,3.038927774521675822e-03,5.095736199908886821e-01,2.150754443047497161e-02,2.091020910209102218e-02,5.431807521071840275e-04,2.449113481921933247e-02,8.368387579209101822e-04,8.155516832118979431e-03,3.587178684080206004e-03,1.943913906591861890e-02,2.151162790697674215e-02,2.310290977811243866e-03,2.194435927493641400e-02,7.633588327311926873e-03,2.289522451356891530e-02,7.544847559870265959e-05,7.796981995515504804e-03,1.000000000000000056e-01,1.812207710763057145e-02
8.175453777301383909e-03,2.857142859999999840e-01,2.649379736371340957e-02,0.000000000000000000e+00,1.789940477602029734e-01,9.209085281653253338e-03,4.164225986868189122e-02,8.766616065768401134e-01,1.846917704011729056e-01,8.856088560885609640e-02,1.003603813851628584e-02,1.824091342719762893e-02,1.253026566875578909e-02,5.003074170872290338e-02,2.536476669475166285e-02,8.578019160340613625e-02,1.436046511627906974e-01,1.439068635755304769e-02,1.328188121269797961e-01,5.343511356599265488e-02,1.163893158332686140e-01,2.459926099475625953e-03,3.317488364337514012e-02,6.000000000000000888e-01,9.418886432048166613e-02
2.742050802446852130e-04,6.666666669999999906e-01,3.193166059150653012e-03,0.000000000000000000e+00,4.939647608432734538e-02,1.218989571925146315e-03,1.179648300300605024e-02,6.264096879019647179e-01,8.443702626269103395e-02,3.321033210332103441e-02,2.370285592992232328e-03,1.417519123030034842e-02,2.421253472970200712e-03,1.699139174529047322e-02,7.121558168802436493e-03,3.552917625668659124e-02,4.999999999999999584e-02,1.636034520583914270e-03,5.554033208063775817e-02,1.526717665462385201e-02,4.558691782868846964e-02,4.972740437187221269e-06,0.000000000000000000e+00,2.000000000000000389e-01,3.685637153907084934e-02
4.844020468650010042e-02,2.714285710000000074e-01,1.251585315982107205e-01,0.000000000000000000e+00,3.877730086082193384e-01,4.988810056663967735e-02,1.210455745754249884e-01,9.436353433940036783e-01,3.778414680226327982e-01,2.287822878228782109e-01,3.502855662198950393e-02,1.940464268933268788e-02,4.610423664202446120e-02,1.503268055057025987e-01,8.313178122755292276e-02,2.034617723517079257e-01,3.005813953488372103e-01,5.040792215495236428e-02,2.967141425846184788e-01,1.526717570958568693e-01,2.762189737889130248e-01,7.821803481150368248e-03,1.345355681991645125e-01,1.000000000000000000e+00,2.223235404993058328e-01
1.458417899712464647e-02,3.111111109999999957e-01,4.520604852958792774e-02,0.000000000000000000e+00,2.245014109891152188e-01,1.437074425027379428e-02,5.768992212674241282e-02,8.953080814282217137e-01,2.353615726583181134e-01,1.205412054120541254e-01,1.398401331263898935e-02,1.266879752217715295e-02,1.634625040698480317e-02,6.614713462203943017e-02,3.363334981868942863e-02,1.110770223636593224e-01,1.796511627906976771e-01,1.822140276773834972e-02,1.766380829132120356e-01,6.870229022061651036e-02,1.532182861926809359e-01,1.650564009077754588e-03,4.876883135722370755e-02,7.000000000000000666e-01,1.207515967614612856e-01
1.652624210578284430e-02,1.777777779999999974e-01,3.158629662518193382e-02,0.000000000000000000e+00,2.002181697455476528e-01,1.170420456168753780e-02,4.687467300422966388e-02,8.939895545907590169e-01,1.719010402799559245e-01,1.107011070110701101e-01,1.057235351239820854e-02,3.545881379379810933e-02,1.411468038717156315e-02,7.014629782279495351e-02,3.038913578803609933e-02,9.944365229688864605e-02,1.470930232558139428e-01,2.106648028119727928e-02,1.462795420332731744e-01,6.870229022061651036e-02,1.337579898716091120e-01,1.345580693850817163e-03,4.876883135722370755e-02,7.000000000000000666e-01,1.056435906913947703e-01
7.036591977800608737e-03,4.166666669999999906e-01,4.214454913700616673e-02,0.000000000000000000e+00,2.327302046527069401e-01,1.220418075329746110e-02,5.397530216212854948e-02,8.758803660111179612e-01,2.400182215262033070e-01,1.193111931119311270e-01,1.234471380972735309e-02,7.593748013480182239e-03,1.299889537305684052e-02,6.186734789914882099e-02,2.880279809582839134e-02,1.048840865866270122e-01,1.691860465116278855e-01,1.234107348995676194e-02,1.720330442989611575e-01,6.106870189330457221e-02,1.564625734959637915e-01,2.908910260914374861e-04,4.097184936170819580e-02,8.000000000000000444e-01,1.162262139870179345e-01
8.325864772519256558e-04,0.000000000000000000e+00,2.342112796002546356e-03,0.000000000000000000e+00,4.704877990941212784e-02,1.033284129327174819e-03,9.747907522308299141e-03,6.794314936609007205e-01,4.241765707121452483e-02,3.075030750307503405e-02,1.886938408340079311e-03,3.509098092197270730e-02,2.320832822148739816e-03,1.599267500648084844e-02,6.820340837986450452e-03,3.210514600809889763e-02,4.244186046511627675e-02,5.883648921963361561e-03,4.370626913448317358e-02,1.526717665462385201e-02,3.759458688424604372e-02,3.629528939786074809e-05,0.000000000000000000e+00,2.000000000000000389e-01,3.153928889734892299e-02
3.683218443110566290e-04,8.333333330000000094e-01,7.719008303019537706e-03,0.000000000000000000e+00,6.893689677251060854e-02,2.447502499880958079e-03,1.682596303170989099e-02,7.209248903068130598e-01,1.400977546929550177e-01,5.289052890528905815e-02,3.664825141350529399e-03,2.858465577611300421e-02,3.648616984568833072e-03,2.378460523632176457e-02,1.006725469884539939e-02,4.903013604224526478e-02,7.558139534883721866e-02,1.654059765747554816e-03,7.917550328682618210e-02,2.290076498193577975e-02,7.011581942847762428e-02,1.497537924762128470e-05,1.986971938495559181e-03,3.000000000000000444e-01,5.233249637612720495e-02
1.644839319030777535e-04,0.000000000000000000e+00,2.014809870951399286e-05,0.000000000000000000e+00,1.968270530484479090e-03,5.714013618399123350e-05,3.133066193348915435e-04,5.095736199908886821e-01,2.987158948677078908e-03,3.690036900369004016e-03,3.935631237752978853e-05,3.240759946531848734e-02,2.119991519523927673e-04,6.663147981962574094e-03,2.407845120033168338e-03,6.426890537407118145e-03,3.488372093023255766e-03,6.060236177405385399e-04,2.525594722572800134e-03,7.633588327311926873e-03,1.725266125522439053e-03,1.120295546768615139e-05,7.796981995515504804e-03,1.000000000000000056e-01,6.275073707351885334e-03
1.644839319030777535e-04,0.000000000000000000e+00,2.014809870951399286e-05,0.000000000000000000e+00,1.968270530484479090e-03,5.714013618399123350e-05,3.133066193348915435e-04,5.095736199908886821e-01,2.987158948677078908e-03,3.690036900369004016e-03,3.935631237752978853e-05,3.240759946531848734e-02,2.119991519523927673e-04,6.663147981962574094e-03,2.407845120033168338e-03,6.426890537407118145e-03,3.488372093023255766e-03,6.060236177405385399e-04,2.525594722572800134e-03,7.633588327311926873e-03,1.725266125522439053e-03,1.120295546768615139e-05,7.796981995515504804e-03,1.000000000000000056e-01,6.275073707351885334e-03
5.293735738830478285e-04,0.000000000000000000e+00,7.014207248682983228e-05,0.000000000000000000e+00,4.292252602622779675e-03,1.618970525213084949e-04,7.651608355434839828e-04,6.794314936609007205e-01,5.974317897354157816e-03,9.840098400984010132e-03,1.028927350459488751e-04,2.775137392567372102e-02,6.136817557993160714e-04,1.305433073807355654e-02,4.007231847743254055e-03,8.515186585134247588e-03,6.976744186046511531e-03,1.487301864644672384e-03,5.151945762022845654e-03,1.526717665462385201e-02,4.896282197363524893e-03,2.123417324615002849e-04,0.000000000000000000e+00,1.000000000000000056e-01,8.821945147405356458e-03
0.000000000000000000e+00,0.000000000000000000e+00,2.335060107995702070e-07,0.000000000000000000e+00,9.485641110768572326e-05,0.000000000000000000e+00,5.264634985769085294e-06,0.000000000000000000e+00,0.000000000000000000e+00,0.000000000000000000e+00,2.432960545695006376e-07,2.154309100874743366e-02,0.000000000000000000e+00,0.000000000000000000e+00,2.382989750359264974e-04,6.985711162163052868e-04,0.000000000000000000e+00,2.041474566860784824e-05,9.013686157868787411e-08,0.000000000000000000e+00,5.461420491724590766e-05,0.000000000000000000e+00,1.559394771384856743e-02,0.000000000000000000e+00,5.041566452087764506e-04
1.308890704566134980e-04,0.000000000000000000e+00,2.419045514291914934e-05,1.683501683501683428e-03,2.063126941592164677e-03,1.238036283986476726e-04,1.316923549259610025e-04,5.095736199908886821e-01,7.169181476824989380e-03,6.150061500615006983e-03,1.681283217259999199e-05,2.610162032990344730e-02,3.905247536777220691e-04,7.907911890618096740e-03,1.057854780795473414e-03,4.118673674761460027e-03,7.558139534883720825e-03,3.031379169092584614e-04,1.105946682061542669e-06,7.633588327311926873e-03,1.074305509148557741e-03,9.233916012574585469e-03,7.796981995515504804e-03,0.000000000000000000e+00,2.182402776992328070e-03
3.707300094079613202e-03,3.846153849999999763e-01,2.540436671832495101e-03,0.000000000000000000e+00,4.647964144276601345e-02,7.480596162087519568e-03,3.135598552220588992e-03,8.215481203480687888e-01,9.889793932399222609e-02,8.364083640836408873e-02,8.017536492999542902e-04,1.186548412361678601e-01,1.024290639739519268e-02,1.089606004707423942e-01,1.469183459142223667e-02,4.605520772285671971e-02,7.616279069767442622e-02,2.932365894636496974e-03,1.390425543351953657e-05,9.160305520255229705e-02,1.484522639623250297e-02,3.621553978757355990e-02,7.215976106658776590e-02,4.000000000000000222e-01,2.263814207103523324e-02
1.474349502082737597e-03,5.000000000000000000e-01,4.971523668536036470e-04,0.000000000000000000e+00,2.976119898503639880e-02,2.014189800485691184e-03,1.643710518557267054e-03,6.362640212990603450e-01,7.497768961179467062e-02,2.337023370233702255e-02,6.202932248995930405e-04,9.125844225442495544e-03,4.630507793847740000e-03,3.690496557394262744e-02,6.884459152253348709e-03,1.442399878200757192e-02,5.058139534883720340e-02,1.530098557874573278e-03,1.304123358507632674e-04,3.053434858405687166e-02,4.036702102579046471e-03,3.041190872337161399e-02,9.783953934011066153e-03,3.000000000000000444e-01,1.023023112015731227e-02
1.027245982414340397e-03,5.238095240000000263e-01,2.823343302768432255e-04,0.000000000000000000e+00,1.211790651900685259e-02,1.390409980477120069e-03,7.179781619283791012e-04,6.743845705371979138e-01,3.704077096359578020e-02,3.198031980319803597e-02,1.046847228535009359e-04,6.960825525435618104e-03,2.599779074274719600e-03,5.605203257511996023e-02,6.230350272676719696e-03,1.498520624855115106e-02,2.674418604651162407e-02,6.018065204107440978e-04,1.470335063528389779e-05,4.580152523868072367e-02,3.752776080742183541e-03,1.086529496041392781e-03,2.537790164785963531e-02,3.000000000000000444e-01,9.814394528822607822e-03
6.384647977931087477e-04,4.666666669999999795e-01,1.303659601520819355e-04,5.050505050505050067e-03,9.651639830207024706e-03,9.047188229131945033e-04,5.438755703510139011e-04,6.718925252081662247e-01,2.684460175011991329e-02,2.337023370233702255e-02,6.824079778515518204e-05,1.327258605522070069e-02,1.952623768669150585e-03,4.582614019047197979e-02,4.929517406598015253e-03,1.041962109288058734e-02,2.034883720930232703e-02,5.085258785861932872e-04,8.310589021169016512e-06,3.816793691136879940e-02,2.270729737366733621e-03,9.251346325175968319e-03,1.758091965234412357e-02,3.000000000000000444e-01,6.725268255918315577e-03
1.361246332803230379e-04,1.000000000000000000e+00,5.251468979911852664e-05,0.000000000000000000e+00,5.572814152576537061e-03,2.904623589352887296e-04,2.752122289960615815e-04,4.345845143436611879e-01,2.389727158941663127e-02,1.353013530135301415e-02,3.207599549962878972e-05,3.851962817436102582e-02,6.471553060263795371e-04,1.922794131578776933e-02,2.307199797630179582e-03,7.225527285311590144e-03,1.220930232558139518e-02,7.506244106189672964e-05,7.191855738698911314e-06,1.526717665462385201e-02,1.685916760488895575e-03,0.000000000000000000e+00,0.000000000000000000e+00,2.000000000000000389e-01,4.270607494652817887e-03
1.126122815955212485e-03,4.000000000000000222e-01,4.177462978148717573e-04,0.000000000000000000e+00,1.581730655220659615e-02,2.514165992095614491e-03,1.127559276550838419e-03,7.209265586508449841e-01,4.313457521889701995e-02,4.428044280442804820e-02,1.912531720211660630e-04,1.632544934953104598e-01,5.076821797810386790e-03,8.443160367113632103e-02,9.824261742745967960e-03,1.897335952893936667e-02,3.488372093023255766e-02,1.407417533809659452e-03,1.927417518937603915e-05,6.870229022061651036e-02,4.725994427994224117e-03,5.847434048501240662e-03,4.876883135722370755e-02,3.000000000000000444e-01,1.298885150115330726e-02
8.081615070259050293e-02,7.130333099999999757e-02,3.139202491237415987e-02,1.986531986531986371e-01,1.178590908012995264e-01,1.016903956954430671e-01,2.863027294685099866e-02,9.615128584039048798e-01,2.304962377596330159e-01,2.693726937269372845e-01,2.889758463656613013e-02,9.606762105782505889e-01,1.763721365784297057e-01,5.201726993377805419e-01,1.564035582123667334e-01,2.366717945791993183e-01,2.430232558139534815e-01,8.159689587765335539e-02,2.928073404655052309e-03,4.427480899077558818e-01,6.619309479703021359e-02,4.131458011554396959e-01,4.308206887025643472e-01,4.000000000000000222e-01,1.525543323209250790e-01
7.482189662273224743e-04,5.999999999999999778e-01,1.905127231693299152e-04,0.000000000000000000e+00,1.097962958571462380e-02,1.076139231465168258e-03,6.169491729427053952e-04,6.429017792495710371e-01,3.512898923644244831e-02,2.706027060270602830e-02,8.325252261937587126e-05,8.047220292902528514e-04,2.019570869684357995e-03,4.704998369538159614e-02,5.255814166071911576e-03,1.170012583503652302e-02,2.383720930232557933e-02,4.305514812562030117e-04,9.077720414862801385e-06,3.816793691136879940e-02,2.783628357459130235e-03,7.205586630388373165e-04,1.758091965234412357e-02,3.000000000000000444e-01,7.745184398041932324e-03
4.715548474349106831e-03,3.809523810000000066e-01,1.025537542086077392e-03,0.000000000000000000e+00,3.820341957362043128e-02,3.490309985238798131e-03,2.451751792871925077e-03,7.498140945493000364e-01,8.543274593216444723e-02,3.567035670356703825e-02,9.433008185472652315e-04,7.315092816013986886e-03,7.832810773472032029e-03,5.137804822650161168e-02,1.098881840621587433e-02,1.976699601998466171e-02,6.337209302325581828e-02,3.256972438621996702e-03,1.361658213034666642e-04,4.580152523868072367e-02,6.058784559173474235e-03,1.212498470953762980e-01,2.537790164785963531e-02,3.000000000000000444e-01,1.438994786922203131e-02
2.533430674788095444e-04,6.666666669999999906e-01,6.079728674877881589e-05,0.000000000000000000e+00,5.786241077568829959e-03,3.476024951192800173e-04,2.595966881847891158e-04,5.630831835039964428e-01,2.369812766149626687e-02,1.353013530135301415e-02,2.102116995184031127e-05,8.875054547722921114e-03,6.806288563937132850e-04,1.771853432030721584e-02,2.210047829861191623e-03,5.772128342014488413e-03,1.453488372093023236e-02,1.227681363032014604e-04,5.817411991664210593e-06,1.526717665462385201e-02,1.460675567538266420e-03,2.697854582014216625e-04,0.000000000000000000e+00,2.000000000000000389e-01,4.041509997936028505e-03
4.528687799896648040e-04,8.000000000000000444e-01,1.938596577061714823e-04,0.000000000000000000e+00,1.088477317460693865e-02,8.951954668825292706e-04,6.005421261924418289e-04,5.994807787245766129e-01,3.966947083843161415e-02,2.337023370233702255e-02,8.503669368621887621e-05,4.043384384469828063e-02,1.617888264995813973e-03,3.474355732268864794e-02,4.644079872439718301e-03,1.075874751348299303e-02,2.325581395348837177e-02,2.993154422321564153e-04,1.243392026227311444e-05,3.053434858405687166e-02,2.996657678502797576e-03,6.009413923500607707e-04,9.783953934011066153e-03,3.000000000000000444e-01,7.632080288349872045e-03
0.000000000000000000e+00,0.000000000000000000e+00,1.719453352933327385e-06,0.000000000000000000e+00,7.114230833076429922e-04,1.904671206133041117e-05,2.740309190887217048e-05,0.000000000000000000e+00,2.389727158941663127e-03,3.690036900369004016e-03,1.282922568874515514e-06,3.675339216638687234e-02,4.463140039626478872e-05,2.665259193927282770e-03,3.792528042629884086e-04,1.540488068971374849e-03,2.325581395348837177e-03,3.309345942024178872e-05,4.059392853159630832e-07,0.000000000000000000e+00,2.842652405009445343e-04,0.000000000000000000e+00,1.559394771384856743e-02,0.000000000000000000e+00,8.679826669373502885e-04
5.345909576703566229e-03,1.785714290000000037e-01,5.135512911889362478e-04,6.734006734006733712e-03,2.245725532974459857e-02,2.123708394838341035e-03,1.547408973604290621e-03,8.170235927357830663e-01,3.823563454306661002e-02,3.198031980319803597e-02,3.218748176399175657e-04,6.804411436228274823e-02,5.567767202449839387e-03,5.761212403363381168e-02,1.017312609181040758e-02,1.698731956119045594e-02,3.546511627906976521e-02,3.312866641241301192e-03,9.301468040819120238e-05,5.343511356599265488e-02,4.760933950394698015e-03,6.221934560301974060e-02,3.317488364337514012e-02,3.000000000000000444e-01,1.280411224692907385e-02
2.484814734622532847e-04,6.666666669999999906e-01,5.621001205039541615e-05,0.000000000000000000e+00,5.786241077568829959e-03,3.333174610732821683e-04,2.566924878627930662e-04,5.561823061956563397e-01,2.270240800994580144e-02,1.353013530135301415e-02,2.002942097437828924e-05,5.150074116007109445e-03,6.806288563937132850e-04,1.815367868281201474e-02,2.201230234258448777e-03,5.693967178234381546e-03,1.395348837209302480e-02,1.197287890406861175e-04,5.529737719029041266e-06,1.526717665462385201e-02,1.445749946318646353e-03,3.312416710527284897e-04,0.000000000000000000e+00,2.000000000000000389e-01,3.998924710115920114e-03
7.284265309875057048e-02,1.266666670000000106e-01,1.909676508572420717e-02,0.000000000000000000e+00,9.236643031610898558e-02,3.332222275129755051e-02,1.710978656500678277e-02,9.442649766354533902e-01,1.872749517089760674e-01,1.414514145141451407e-01,1.137411400134628360e-02,9.237415790419352402e-02,4.959664371482638140e-02,1.922736950917696142e-01,7.083073232769439287e-02,1.187586156800505138e-01,1.755813953488372103e-01,4.239047026530652629e-02,1.698029038291361259e-02,1.832061056799137444e-01,5.092384507069486893e-02,4.628665980699033788e-01,1.657234799040440965e-01,4.000000000000000222e-01,9.284713255636636853e-02
2.253112982681282697e-02,2.000000000000000111e-01,1.826241300086367883e-02,0.000000000000000000e+00,7.398800066399487119e-02,3.366506356840150149e-02,1.010603951874075764e-02,8.943602510546521112e-01,1.938068725901688771e-01,1.389913899138991438e-01,7.182359437520236325e-03,1.681634580973815629e-01,4.549055488622514437e-02,2.250443888019425243e-01,5.702499577347425186e-02,1.178198507885609703e-01,1.715116279069767435e-01,2.606721485903450500e-02,1.546613601748861528e-03,1.908396940072256687e-01,3.806983223262530580e-02,3.622170427097758799e-02,1.735204618995596082e-01,4.000000000000000222e-01,7.952813131494640420e-02
0.000000000000000000e+00,0.000000000000000000e+00,1.088987123446445205e-04,0.000000000000000000e+00,5.549100049799616206e-03,2.714156468739583727e-04,2.952681504691580814e-04,0.000000000000000000e+00,3.405361201491870216e-02,4.920049200492005066e-03,3.474629183510263429e-04,2.170618507856294024e-02,6.359974559974484760e-04,4.072325536492414633e-04,1.160694009944167326e-03,8.747207725251407440e-03,3.313953488372092804e-02,7.316498894108548756e-04,1.281748692858230621e-04,0.000000000000000000e+00,2.798893197342832394e-03,0.000000000000000000e+00,1.559394771384856743e-02,0.000000000000000000e+00,6.016120788954225536e-03
4.323318352983058837e-04,9.000000000000000222e-01,3.294674637713539134e-03,0.000000000000000000e+00,4.149967985961251077e-02,3.823627446312080191e-03,2.494482505488021789e-03,7.618448627390026484e-01,1.815595209005928523e-01,2.952029520295202866e-02,1.552728773861264530e-03,3.659383636333363166e-02,4.965243297521075745e-03,2.697912156780397919e-02,9.227816137047841621e-03,3.083520072789424846e-02,9.476744186046512364e-02,1.069841134852089759e-03,1.040885426837040179e-03,3.053434858405687166e-02,1.228683923172400189e-02,2.163427879856739001e-04,9.783953934011066153e-03,4.000000000000000222e-01,2.461627688769451802e-02
4.307778740551764830e-03,3.777777780000000085e-01,4.451341603173601495e-03,0.000000000000000000e+00,3.744456828475894311e-02,7.561544688348173504e-03,3.377865540156860507e-03,7.932321150877646998e-01,1.296825271784819988e-01,4.797047970479705048e-02,1.876204394858891700e-03,7.631475283530994580e-02,1.143679635778487025e-02,8.013284890777819247e-02,1.850260808869791385e-02,4.763219316092157790e-02,9.651162790697674632e-02,5.709542671854690547e-03,1.087268108728250754e-03,6.870229022061651036e-02,1.522141989469974303e-02,1.824706521291248260e-02,4.876883135722370755e-02,3.000000000000000444e-01,3.381650995307908247e-02
4.103438299217285548e-03,3.214285709999999963e-01,2.767574246912951532e-03,0.000000000000000000e+00,4.102539780407408326e-02,4.866434931669920243e-03,2.634825795843811786e-03,8.138497796882404600e-01,9.985645625874382814e-02,4.551045510455104665e-02,1.203289197203434536e-03,6.341668897888784982e-03,7.620811622361261389e-03,5.553458337343858409e-02,1.207973259216423359e-02,3.792124945466347069e-02,7.732558139534884134e-02,4.204406457156782857e-03,3.992663182939787479e-04,5.343511356599265488e-02,1.255142978970817495e-02,1.769643995167570743e-03,3.317488364337514012e-02,4.000000000000000222e-01,2.566364894323623982e-02
9.614772487777676702e-04,5.000000000000000000e-01,1.072737085755576724e-03,0.000000000000000000e+00,3.604543622092058058e-02,2.085614970715680104e-03,1.802173908085789086e-03,7.212373231421436159e-01,7.766613266560404294e-02,2.952029520295202866e-02,6.617147853119624730e-04,2.621975838391308114e-03,4.184193789885091476e-03,3.140220254533322708e-02,6.822273858727003794e-03,2.431832061943394949e-02,5.232558139534883301e-02,1.559691266588381997e-03,2.071254752201418632e-04,3.053434858405687166e-02,7.805760679197178663e-03,1.949085619633152220e-04,9.783953934011066153e-03,4.000000000000000222e-01,1.534172458799879131e-02
0.000000000000000000e+00,0.000000000000000000e+00,1.088987123446445205e-04,0.000000000000000000e+00,5.549100049799616206e-03,2.714156468739583727e-04,2.952681504691580814e-04,0.000000000000000000e+00,3.405361201491870216e-02,4.920049200492005066e-03,3.474629183510263429e-04,2.170618507856294024e-02,6.359974559974484760e-04,4.072325536492414633e-04,1.160694009944167326e-03,8.747207725251407440e-03,3.313953488372092804e-02,7.316498894108548756e-04,1.281748692858230621e-04,0.000000000000000000e+00,2.798893197342832394e-03,0.000000000000000000e+00,1.559394771384856743e-02,0.000000000000000000e+00,6.016120788954225536e-03
4.165051064083160996e-03,2.500000000000000000e-01,2.962393399742281608e-03,7.575757575757575100e-03,3.526287082928217242e-02,5.733060330460454032e-03,2.940148846013449033e-03,8.196957387076226897e-01,9.887496120121130883e-02,3.936039360393604053e-02,1.455250760243987718e-03,3.740578179759893040e-02,9.885855193383454032e-03,6.597705900729018691e-02,1.595689014564036917e-02,3.902015863705284721e-02,8.139534883720930813e-02,6.253346120394553606e-03,1.001291857780019830e-03,6.106870189330457221e-02,1.240251279617605659e-02,1.617084891189551898e-02,4.097184936170819580e-02,3.000000000000000444e-01,2.789765519017265924e-02
1.087368685526315633e-03,3.333333330000000094e-01,1.249873538469539226e-03,0.000000000000000000e+00,2.729493229623657091e-02,1.895147850102375884e-03,1.465332433762485745e-03,7.395258225254816020e-01,7.846270836533686399e-02,2.214022140221402063e-02,7.447357369878323651e-04,1.178716826062023784e-02,3.246934381282989921e-03,2.163411826345466166e-02,5.577243553989122762e-03,2.202016469754524211e-02,5.872093023255813699e-02,1.888260697678997803e-03,2.768065768139940761e-04,2.290076498193577975e-02,7.275901125900668780e-03,1.937654032421227295e-04,1.986971938495559181e-03,3.000000000000000444e-01,1.555195671726439070e-02
1.574562415234212302e-03,5.999999999999999778e-01,2.559160418949152273e-03,0.000000000000000000e+00,3.865398752638193880e-02,3.733155564020760805e-03,2.253001430659566304e-03,7.648790444614897988e-01,1.240268395490723013e-01,3.567035670356703825e-02,1.134449767358977190e-03,1.512822672070485673e-02,5.567767202449839387e-03,3.794236938567360773e-02,9.068023234533548541e-03,3.248480323702891692e-02,7.790697674418604890e-02,1.881921546497090144e-03,3.235728244020515056e-04,3.816793691136879940e-02,1.117759420017496938e-02,9.030953897420470927e-05,1.758091965234412357e-02,4.000000000000000222e-01,2.213207465725442954e-02
3.334243249823268815e-04,8.333333330000000094e-01,1.677589819339664204e-03,0.000000000000000000e+00,2.786407076288268531e-02,2.295128803390314789e-03,1.561111958677936307e-03,6.926992783109593432e-01,1.313354217569211724e-01,2.337023370233702255e-02,9.639311514636526119e-04,2.684191920022032871e-02,3.380828581910703869e-03,2.254707738643592710e-02,5.830667784470570415e-03,2.425691258786190699e-02,7.093023255813954431e-02,7.622926718767198675e-04,2.768065768139940761e-04,2.290076498193577975e-02,8.529992527012831074e-03,3.000791643130219030e-06,1.986971938495559181e-03,3.000000000000000444e-01,1.732574735629633170e-02
3.120923615900604228e-03,4.285714290000000037e-01,3.767914224538939337e-03,0.000000000000000000e+00,4.576821835945836525e-02,5.390219513356506523e-03,3.046220970767434845e-03,8.352764759805254569e-01,1.370679220279416299e-01,3.936039360393604053e-02,1.659844828772812694e-03,2.653032474198992294e-04,7.754705822988975338e-03,4.135248363526620313e-02,1.321077357474811399e-02,3.557742650862517897e-02,9.651162790697674632e-02,3.932491223786474359e-03,1.046453522202934246e-03,4.580152523868072367e-02,1.345951815345641789e-02,4.301109253205100819e-02,2.537790164785963531e-02,4.000000000000000222e-01,2.717043279173960921e-02
3.685084405552414843e-02,1.731601730000000006e-01,1.344244595298087208e-02,0.000000000000000000e+00,6.817804548364911343e-02,2.555116423027474840e-02,8.209332305217625220e-03,9.199123779191931138e-01,1.698206328327179770e-01,1.205412054120541254e-01,5.282651731836848254e-03,6.005940789949698599e-02,3.553775258579486979e-02,1.756156983895104107e-01,4.590542908819699591e-02,9.794207861858469921e-02,1.529069767441860461e-01,2.250244114360212128e-02,1.317685611966600522e-03,1.603053406979779438e-01,3.265454547921590317e-02,9.913104618862508821e-02,1.423325501946800242e-01,4.000000000000000222e-01,6.915977883029719719e-02
2.722492665606460215e-04,1.000000000000000000e+00,2.508123827172209323e-03,0.000000000000000000e+00,3.687542981811282872e-02,3.180800914242179044e-03,2.059420028477639258e-03,7.061403404130540684e-01,1.589168560696206101e-01,2.952029520295202866e-02,1.145980436997429781e-03,4.350294978623994724e-02,4.463140042011070827e-03,3.066276690206104494e-02,7.582545021788109074e-03,2.957448553728050586e-02,7.906976744186046402e-02,7.111739206274075896e-04,3.311770143420411628e-04,3.053434858405687166e-02,1.068063885729443954e-02,0.000000000000000000e+00,9.783953934011066153e-03,4.000000000000000222e-01,2.151453146233292188e-02
8.104222383911213051e-03,4.090909090000000026e-01,8.066451211304569852e-03,0.000000000000000000e+00,5.501671844245772935e-02,1.233274605971144099e-02,4.862536828977510536e-03,8.608838579509764388e-01,1.806416484453605420e-01,7.011070110701107805e-02,2.929308924331503958e-03,1.988691512500489339e-02,1.547593809238440379e-02,8.492584524262854206e-02,2.470177845329482938e-02,5.829427400928964553e-02,1.308139534883720756e-01,7.930237478399777828e-03,1.172899150549319572e-03,8.396946687524035891e-02,2.136195615191704283e-02,1.079197847583024811e-01,6.436277907107226803e-02,4.000000000000000222e-01,4.194259617589474881e-02
1.361246332803230379e-04,1.000000000000000000e+00,8.113578660318690114e-04,0.000000000000000000e+00,1.944556427707557628e-02,1.333269844293128673e-03,1.053552152463652514e-03,5.719436852785513281e-01,1.111223128907873337e-01,1.599015990159901451e-02,6.678124944600885918e-04,4.094013643850377693e-02,2.421253472970200712e-03,1.536719548220884940e-02,4.088372980998356172e-03,1.844419300298498487e-02,5.465116279069767019e-02,3.572276185102963653e-04,2.068058371394361234e-04,1.526717665462385201e-02,6.058784559173474235e-03,0.000000000000000000e+00,0.000000000000000000e+00,2.000000000000000389e-01,1.287729100774267013e-02
1.724245354657216907e-04,6.666666669999999906e-01,3.626128334261228235e-04,0.000000000000000000e+00,1.211790651900685259e-02,9.190038569591923523e-04,7.664352117017743729e-04,4.381346648350702422e-01,6.352691362195148073e-02,1.107011070110701031e-02,4.297621243014263935e-04,8.696353383498299505e-02,2.253885721133532406e-03,1.944479821476766124e-02,3.831134325280995210e-03,1.583793947629746554e-02,3.779069767441860239e-02,6.046045190196768599e-04,1.454353256439332523e-04,1.526717665462385201e-02,3.982766334989965018e-03,8.402216600764613963e-06,0.000000000000000000e+00,1.000000000000000056e-01,1.009698583217900208e-02
6.806231664016150539e-05,1.000000000000000000e+00,3.634406405780109131e-04,0.000000000000000000e+00,1.173848087457611024e-02,6.475882100852339797e-04,6.231027889250914317e-04,4.473583550158013455e-01,8.125072340401653936e-02,9.840098400984010132e-03,4.317351999354050230e-04,3.912027899914369278e-02,1.394731263014490144e-03,8.276093026606923253e-03,2.516978424166582944e-03,1.340858337271784960e-02,3.953488372093023201e-02,2.006399313498040697e-04,1.754813052302731948e-04,7.633588327311926873e-03,4.134057859170658239e-03,0.000000000000000000e+00,7.796981995515504804e-03,1.000000000000000056e-01,9.221214570763087981e-03
0.000000000000000000e+00,0.000000000000000000e+00,1.088987123446445205e-04,0.000000000000000000e+00,5.549100049799616206e-03,2.714156468739583727e-04,2.952681504691580814e-04,0.000000000000000000e+00,3.405361201491870216e-02,4.920049200492005066e-03,3.474629183510263429e-04,2.170618507856294024e-02,6.359974559974484760e-04,4.072325536492414633e-04,1.160694009944167326e-03,8.747207725251407440e-03,3.313953488372092804e-02,7.316498894108548756e-04,1.281748692858230621e-04,0.000000000000000000e+00,2.798893197342832394e-03,0.000000000000000000e+00,1.559394771384856743e-02,0.000000000000000000e+00,6.016120788954225536e-03
1.361246332803230379e-04,1.000000000000000000e+00,8.140540896581994123e-04,0.000000000000000000e+00,2.022812966871398443e-02,1.276129708109137494e-03,1.082406656259118178e-03,5.957633892285283395e-01,1.063428585729040005e-01,1.599015990159901451e-02,6.382534894687771172e-04,4.299756512503760675e-02,2.421253472970200712e-03,1.424655382686101923e-02,4.216108393884504535e-03,1.834862911445788239e-02,5.232558139534883301e-02,3.643676075188065724e-04,2.295001408695439434e-04,1.526717665462385201e-02,6.141214694545466153e-03,0.000000000000000000e+00,0.000000000000000000e+00,2.000000000000000389e-01,1.311904665903476826e-02
4.537654779382734906e-03,3.055555560000000059e-01,2.830594118633064388e-03,0.000000000000000000e+00,4.315966705399701397e-02,4.704537879148611504e-03,2.741788518798609752e-03,8.174376009190809089e-01,8.460297955089379762e-02,5.289052890528905815e-02,1.102319054674385070e-03,3.920189946977670203e-02,8.881648683766145067e-03,6.861363822087637732e-02,1.306986183280621668e-02,4.213458061986935510e-02,6.744186046511628507e-02,4.322337783982965233e-03,2.710530913612907065e-04,6.106870189330457221e-02,1.399853661068315054e-02,8.130716404481403304e-04,4.097184936170819580e-02,4.000000000000000222e-01,2.686411612043000663e-02
6.806231664016150539e-05,1.000000000000000000e+00,3.023425253003522478e-04,0.000000000000000000e+00,1.173848087457611024e-02,6.285414980239035143e-04,6.193798597268174947e-04,4.331858387098047602e-01,7.886099624507487971e-02,9.840098400984010132e-03,4.152047475209198562e-04,3.803381747192655787e-02,1.394731263014490144e-03,8.362215346984336328e-03,2.505221630029592049e-03,1.268780566089674350e-02,3.837209302325580995e-02,1.989530411278121248e-04,1.821937049250938378e-04,7.633588327311926873e-03,3.888463546375092294e-03,0.000000000000000000e+00,7.796981995515504804e-03,1.000000000000000056e-01,8.722665758170784073e-03
1.104497505407535558e-03,6.666666669999999906e-01,3.167420275484101461e-03,0.000000000000000000e+00,3.960255163745879381e-02,4.304556925860673032e-03,2.399289525132245176e-03,7.726447619645004927e-01,1.491588035238565479e-01,3.567035670356703825e-02,1.383102894894420488e-03,2.239813653776217411e-02,5.701661404480255074e-03,3.675808445917350814e-02,9.638891487828473922e-03,3.306397236905619930e-02,8.953488372093024172e-02,1.824004996332970717e-03,3.424890060182174661e-04,3.816793691136879940e-02,1.187129636822321747e-02,5.188140119227911337e-04,1.758091965234412357e-02,4.000000000000000222e-01,2.371348860309708748e-02
5.178992377980895382e-04,6.666666669999999906e-01,1.626549275759403730e-03,0.000000000000000000e+00,2.786407076288268531e-02,2.276082091328984324e-03,1.557999755092541027e-03,7.121070836675826854e-01,1.182914943676123126e-01,2.337023370233702255e-02,9.522962586157459426e-04,1.655880805646518100e-02,3.380828581910703869e-03,2.145921648874082530e-02,5.818910990333579086e-03,2.413074287280135913e-02,7.034883720930233675e-02,1.070038513887974210e-03,2.991812424633961834e-04,2.290076498193577975e-02,8.338333981806346148e-03,1.597564312866469054e-04,1.986971938495559181e-03,3.000000000000000444e-01,1.720638877345084805e-02
3.681982268090820687e-04,8.333333330000000094e-01,2.061056034585186190e-03,0.000000000000000000e+00,3.184804002940548606e-02,2.561782772248940437e-03,1.872618793389173308e-03,7.210102632519590493e-01,1.466695043800445852e-01,2.337023370233702255e-02,1.192429790173372538e-03,3.170683571908869403e-02,3.827142585873351960e-03,2.012559793117205467e-02,7.052742012031377496e-03,2.536077671245368786e-02,7.906976744186046402e-02,8.993572462315761870e-04,9.727769446002601647e-04,2.290076498193577975e-02,1.004969214210141293e-02,2.163427879856739001e-04,1.986971938495559181e-03,3.000000000000000444e-01,2.009108078667910802e-02
6.806231664016150539e-05,1.000000000000000000e+00,2.116039303332490100e-04,0.000000000000000000e+00,1.145391164125305304e-02,5.809247178705774593e-04,6.033815805893351283e-04,3.026960666824533019e-01,7.288667834772072363e-02,7.380073800738007166e-03,3.808241163022364349e-04,2.173706813902001947e-02,1.394731263014490144e-03,9.926015384208453085e-03,2.475829644687115028e-03,1.200168231972881076e-02,3.546511627906976521e-02,1.943703964828077371e-04,1.345676308999379383e-04,7.633588327311926873e-03,3.224951839430167076e-03,0.000000000000000000e+00,7.796981995515504804e-03,1.000000000000000056e-01,7.858835512947727475e-03
7.174272338677303851e-04,5.000000000000000000e-01,1.404750754876657242e-03,0.000000000000000000e+00,2.321610661860608327e-02,2.066568258654349639e-03,1.500510850917826690e-03,6.933057534696749347e-01,9.648523404226964917e-02,2.091020910209102218e-02,9.043877805074451194e-04,1.202355118423985986e-02,3.648616984568833072e-03,2.306094672429221185e-02,6.738356628942716517e-03,2.313677873237835955e-02,6.395348837209302584e-02,1.565386777143337087e-03,9.177320707219240731e-04,2.290076498193577975e-02,8.591051886547639710e-03,1.803501498592488799e-03,1.986971938495559181e-03,2.000000000000000389e-01,1.770602241182674813e-02
2.374691268906330751e-03,4.000000000000000222e-01,2.543128575797640005e-03,0.000000000000000000e+00,3.841684649861272505e-02,3.647445359744773928e-03,2.228922992911025035e-03,7.974466772201878051e-01,1.058649131411156658e-01,3.567035670356703825e-02,1.101576464307024196e-03,8.863718742133614575e-03,5.567767202449839387e-03,3.812161919569807128e-02,8.940829617829477646e-03,3.236290867685310407e-02,7.616279069767442622e-02,2.769879766572606004e-03,3.214248564997088890e-04,3.816793691136879940e-02,1.100289658817259902e-02,2.111985737403077924e-04,1.758091965234412357e-02,4.000000000000000222e-01,2.176521930847382519e-02
1.231142596868863319e-03,5.333333329999999650e-01,1.819022939408080622e-03,0.000000000000000000e+00,3.746828238753586310e-02,3.104614065996857183e-03,2.103608005719322018e-03,7.331513357857393220e-01,9.865590285839392903e-02,3.321033210332103441e-02,9.114375035344288558e-04,1.167183411612033282e-02,5.299978799791710618e-03,4.041784971263601145e-02,8.701796130535227949e-03,2.981007182769731742e-02,6.511627906976744096e-02,1.927749745568811636e-03,2.518748065189460508e-04,3.816793691136879940e-02,9.771532837553949247e-03,7.475943667950389745e-04,1.758091965234412357e-02,4.000000000000000222e-01,1.992708815030389685e-02
1.633206806870632919e-03,5.238095240000000263e-01,2.761241647849715063e-03,0.000000000000000000e+00,4.007683369299722131e-02,4.056949669063377416e-03,2.409272257095511176e-03,7.618628190942238199e-01,1.098705510427825105e-01,4.059040590405904592e-02,1.121232310215015352e-03,1.491872127252842802e-02,6.739341463903816658e-03,5.216161783200678331e-02,1.041046045194559885e-02,3.688506257132091737e-02,7.325581395348837455e-02,2.399831199511858696e-03,3.556644877049081987e-04,4.580152523868072367e-02,1.233941812465675324e-02,3.926150048967489889e-04,2.537790164785963531e-02,4.000000000000000222e-01,2.486715196985721590e-02
6.806231664016150539e-05,1.000000000000000000e+00,3.326136312645924060e-04,0.000000000000000000e+00,1.202305010789916744e-02,6.380648540545687470e-04,6.367178866516973439e-04,4.410987781465142143e-01,8.005585982454570260e-02,9.840098400984010132e-03,4.298546223998169283e-04,4.113797228233974368e-02,1.439362663691295084e-03,7.546319675140833981e-03,2.528517500111347825e-03,1.300480101781853123e-02,3.895348837209302445e-02,2.079841343815796008e-04,1.716456482618042637e-04,7.633588327311926873e-03,4.029578510633318421e-03,0.000000000000000000e+00,7.796981995515504804e-03,1.000000000000000056e-01,8.946589981779926037e-03
1.584835462933003279e-03,4.666666669999999795e-01,2.236496094147388813e-03,0.000000000000000000e+00,2.957148616282102849e-02,3.704585495928765324e-03,1.989674247071161143e-03,7.716451099920723644e-01,1.127154643499961723e-01,2.829028290282903021e-02,1.139723787454886058e-03,3.777549729438086507e-02,5.701661404480255074e-03,4.075061635608505373e-02,9.008019696322380754e-03,2.858839189682062937e-02,7.732558139534884134e-02,2.474796662031974407e-03,3.180398892250350723e-04,3.816793691136879940e-02,9.340385915505381234e-03,5.498321091370429736e-02,1.758091965234412357e-02,3.000000000000000444e-01,2.095143456818468475e-02
3.408604728423492180e-04,8.333333330000000094e-01,1.789610148274983293e-03,0.000000000000000000e+00,2.795892717399037219e-02,2.314175515451645255e-03,1.571630851589221525e-03,6.976797897239157553e-01,1.324307134112649165e-01,2.337023370233702255e-02,9.779104151292181309e-04,2.874924526433369348e-02,3.425459982587508809e-03,2.200314694044401206e-02,5.851594878034413298e-03,2.461313959052211994e-02,7.151162790697675187e-02,7.709808184923797698e-04,3.065329183196282789e-04,2.290076498193577975e-02,8.836985418007287096e-03,6.230215030498932149e-05,1.986971938495559181e-03,3.000000000000000444e-01,1.805340242531139339e-02
9.036667253361567150e-04,3.333333330000000094e-01,6.905969438861694464e-04,0.000000000000000000e+00,2.122412198534468289e-02,1.457073472691776481e-03,1.244553719279317119e-03,7.174303597760260942e-01,6.014146685327957653e-02,2.091020910209102218e-02,5.526855831118717473e-04,1.464297680017232275e-02,3.380828581910703869e-03,2.242281741157075431e-02,5.728627162604257340e-03,1.803012310405993635e-02,4.534883720930232148e-02,1.764317701418818482e-03,4.197039771743040957e-04,2.290076498193577975e-02,5.804370561111769564e-03,4.368284117559173563e-02,1.986971938495559181e-03,2.000000000000000389e-01,1.255860690761703181e-02
3.261238223246264428e-03,3.333333330000000094e-01,2.363756120522458176e-03,0.000000000000000000e+00,3.889112855415115255e-02,3.561735155468787051e-03,2.228805399063112785e-03,7.945997831668447642e-01,9.837710139634618656e-02,3.567035670356703825e-02,1.072548997683928952e-03,1.828890033566401424e-02,5.567767202449839387e-03,3.930466791787221720e-02,8.893763251967725172e-03,3.138612065790832156e-02,7.441860465116278966e-02,3.128540067546693032e-03,3.431570496068924543e-04,3.816793691136879940e-02,1.083667944277228595e-02,1.368932568627976253e-04,1.758091965234412357e-02,4.000000000000000222e-01,2.151510767813762798e-02
6.806231664016150539e-05,1.000000000000000000e+00,5.465862119941307471e-04,0.000000000000000000e+00,1.211790651900685259e-02,7.999619065758772690e-04,6.714328111594358630e-04,4.808876968951829589e-01,1.003685406755498444e-01,1.107011070110701031e-02,5.701879169545167594e-04,4.259691315999840355e-02,1.417046963352892614e-03,7.260756190281168580e-03,2.627361658138961664e-03,1.435177447544428060e-02,4.883720930232558072e-02,2.266580935257482869e-04,1.962577804761465763e-04,7.633588327311926873e-03,5.036040286965421352e-03,0.000000000000000000e+00,7.796981995515504804e-03,1.000000000000000056e-01,1.054131688877262343e-02
1.599851158875727685e-03,3.928571430000000198e-01,2.126550614289985687e-03,0.000000000000000000e+00,3.127890156275937167e-02,4.218846721584686155e-03,2.486025981105379878e-03,7.248612456256660064e-01,9.117235850915535178e-02,3.444034440344403980e-02,1.117479297582077901e-03,1.525339858199887266e-01,7.710074422312170397e-03,6.519841436671537649e-02,1.381190470574907535e-02,3.665761870628900243e-02,6.744186046511628507e-02,3.528466924999630779e-03,1.257600045555534816e-03,5.343511356599265488e-02,1.100459268149301013e-02,7.069002026380296830e-03,3.317488364337514012e-02,3.000000000000000444e-01,2.554058679309655078e-02
6.806231664016150539e-05,1.000000000000000000e+00,5.100366709362922626e-04,0.000000000000000000e+00,1.230761934122222463e-02,8.285319746678728586e-04,6.773882137395333559e-04,4.829891244892215996e-01,1.039531314139623408e-01,1.107011070110701031e-02,5.939840298580734623e-04,4.290115069375330381e-02,1.506309764706502711e-03,6.990666591088293309e-03,2.639553889052297705e-03,1.423010651104101784e-02,5.058139534883720340e-02,2.311800299488094566e-04,1.924221235076776181e-04,7.633588327311926873e-03,4.919009847857037411e-03,0.000000000000000000e+00,7.796981995515504804e-03,1.000000000000000056e-01,1.031862428724402911e-02
2.359493643752473687e-04,6.666666669999999906e-01,5.481566705192073789e-04,0.000000000000000000e+00,1.866299888543716812e-02,1.018999095281176862e-03,9.783073954825406877e-04,5.751393692258639501e-01,7.049695118877906397e-02,1.353013530135301415e-02,4.811291844759568162e-04,8.583888573063344629e-03,2.287359270939785891e-03,1.611322422093074136e-02,3.894490383881090128e-03,1.697997779219285325e-02,4.186046511627906919e-02,6.277629986833403687e-04,2.112807702693165069e-04,1.526717665462385201e-02,4.880338920151658551e-03,7.459110655780831057e-06,0.000000000000000000e+00,2.000000000000000389e-01,1.159645105168286353e-02
6.806231664016150539e-05,1.000000000000000000e+00,3.023425253003522478e-04,0.000000000000000000e+00,1.173848087457611024e-02,6.285414980239035143e-04,6.193798597268174947e-04,4.331858387098047602e-01,7.886099624507487971e-02,9.840098400984010132e-03,4.152047475209198562e-04,3.803381747192655787e-02,1.394731263014490144e-03,8.362215346984336328e-03,2.505221630029592049e-03,1.268780566089674350e-02,3.837209302325580995e-02,1.989530411278121248e-04,1.821937049250938378e-04,7.633588327311926873e-03,3.888463546375092294e-03,0.000000000000000000e+00,7.796981995515504804e-03,1.000000000000000056e-01,8.722665758170784073e-03
1.361246332803230379e-04,1.000000000000000000e+00,9.565339967532387284e-04,0.000000000000000000e+00,1.901871042709099222e-02,1.347554878339126631e-03,1.051691241371903798e-03,6.049701258949222726e-01,1.123171764702581565e-01,1.599015990159901451e-02,6.751159358625871904e-04,4.031858981189866131e-02,2.253885721133532406e-03,1.512961666323884777e-02,4.095662193363290571e-03,1.898712157895874816e-02,5.523255813953487775e-02,3.548370125809071187e-04,2.435642164205966819e-04,1.526717665462385201e-02,6.371204948793247197e-03,0.000000000000000000e+00,0.000000000000000000e+00,2.000000000000000389e-01,1.374641067177849278e-02
3.259903016194561944e-03,4.285714290000000037e-01,4.122375581100678164e-03,0.000000000000000000e+00,4.493822476226611712e-02,6.085424503595066557e-03,3.201448180681807591e-03,8.303026022735429112e-01,1.353609740914079596e-01,4.182041820418204436e-02,1.700005288350787134e-03,3.592555791156648321e-03,8.691965231591075591e-03,5.131813346067957277e-02,1.481624843955841979e-02,3.907096188452060387e-02,9.593023255813953876e-02,4.323455691783099041e-03,1.058113919387079771e-03,5.343511356599265488e-02,1.431740215492048607e-02,3.947157019417802531e-02,3.317488364337514012e-02,4.000000000000000222e-01,2.927660860639321946e-02
1.026087990577719640e-03,6.666666669999999906e-01,3.162248788191315916e-03,0.000000000000000000e+00,4.244824397068936578e-02,4.304556925860673032e-03,2.663064943816767938e-03,7.690497883583298222e-01,1.491588035238565479e-01,3.444034440344403980e-02,1.458169661503762619e-03,3.334624155357308189e-02,5.902502706123176866e-03,3.570732962358837831e-02,1.090583912954890683e-02,3.381077862482927826e-02,8.953488372093024172e-02,1.950435746176106292e-03,1.038357089618657933e-03,3.816793691136879940e-02,1.269424084728681089e-02,1.849293579066655854e-03,1.758091965234412357e-02,4.000000000000000222e-01,2.550475514281708850e-02
9.909684014698706429e-04,7.333333330000000316e-01,3.988724851430056582e-03,0.000000000000000000e+00,4.327823756788162085e-02,4.790248083424598381e-03,2.777704997144774500e-03,7.894154392484501459e-01,1.727772735914822333e-01,3.567035670356703825e-02,1.694321540762711671e-03,2.097459167967625007e-02,6.170291108781304767e-03,3.568200872651968586e-02,1.121870048333251969e-02,3.507524023936222507e-02,9.941860465116279799e-02,1.815251891407563146e-03,1.056905687442012080e-03,3.816793691136879940e-02,1.366067482125720572e-02,1.192497451599131182e-03,1.758091965234412357e-02,4.000000000000000222e-01,2.709820385692841838e-02
1.638227502609881795e-03,1.666666669999999906e-01,2.567379736209224068e-03,0.000000000000000000e+00,5.707984538404989316e-02,2.047521546593019173e-03,6.921099055770369227e-03,7.452634849208488177e-01,7.408154192719154651e-02,3.075030750307503405e-02,2.359060101938962543e-03,2.060567729989709260e-02,4.719770595201349880e-03,2.233947322982341235e-02,9.767467589874043871e-03,3.072095007190898952e-02,6.337209302325581828e-02,5.555556668014531400e-03,2.296533444680347660e-02,2.290076498193577975e-02,2.502483928667742497e-02,1.478179817872295465e-01,1.986971938495559181e-03,3.000000000000000444e-01,2.620288626805453852e-02
1.466431497659461845e-03,5.999999999999999778e-01,2.576628964042444909e-03,0.000000000000000000e+00,4.280395551234318641e-02,3.618875291652778447e-03,2.540609000370394784e-03,7.464016695776076737e-01,1.202032760947656376e-01,3.567035670356703825e-02,1.180081294038234658e-03,2.502140751530797583e-02,5.902502706123176866e-03,3.767907749387861688e-02,1.048259454061723460e-02,3.213405990004040980e-02,7.558139534883721866e-02,2.016434125028126415e-03,9.858277674354759459e-04,3.816793691136879940e-02,1.224613299203412831e-02,2.027120491838552835e-03,1.758091965234412357e-02,4.000000000000000222e-01,2.373727759682387264e-02
2.369175798920628278e-03,5.357142860000000395e-01,4.183860285858359736e-03,0.000000000000000000e+00,4.256681448457397265e-02,5.704490262368458117e-03,2.822104404582556018e-03,7.934707973330739073e-01,1.364278165816130983e-01,4.797047970479705048e-02,1.506163798062333482e-03,6.228617936846798583e-03,8.067125626323909046e-03,5.708418836966142745e-02,1.260061531464036662e-02,4.239429202875923813e-02,9.011627906976744928e-02,3.021182225875093663e-03,4.256140852865533133e-04,5.343511356599265488e-02,1.490221513179832390e-02,5.089285468812792656e-04,3.317488364337514012e-02,4.000000000000000222e-01,2.949119084298916157e-02
1.637364645993791756e-03,5.714285709999999963e-01,2.885175488949060299e-03,0.000000000000000000e+00,4.458251322061229649e-02,4.390267130136659909e-03,2.805928512143843461e-03,7.557777915727283968e-01,1.227295590742916442e-01,4.182041820418204436e-02,1.287647462935612858e-03,4.388245226240581470e-02,7.129866217721808792e-03,4.507653158221372469e-02,1.234883509938599667e-02,3.556645916978556227e-02,7.906976744186046402e-02,2.531652702953531009e-03,1.021508966384658025e-03,4.580152523868072367e-02,1.323156321119313070e-02,2.196159371941282506e-03,2.537790164785963531e-02,4.000000000000000222e-01,2.576140412567726190e-02
1.361246332803230379e-04,1.000000000000000000e+00,6.003981944499997558e-04,0.000000000000000000e+00,1.844957196044487782e-02,1.090424265511165999e-03,9.737974269092434035e-04,5.602763908562522488e-01,9.080963203978319187e-02,1.476014760147601607e-02,5.093235168184780982e-04,3.864234594723653382e-02,2.220412171327279353e-03,1.623107581994201465e-02,3.912452151395182272e-03,1.734918130086696153e-02,4.476744186046511392e-02,3.132794340235297561e-04,2.295001408695439434e-04,1.526717665462385201e-02,5.223628208202918573e-03,0.000000000000000000e+00,0.000000000000000000e+00,2.000000000000000389e-01,1.192775954117665516e-02
2.255095559012723280e-02,1.527093599999999884e-01,1.545971376840883128e-02,9.764309764309764272e-02,7.446228271953329869e-02,3.451264225513070438e-02,1.070626385468261693e-02,9.139308264552674643e-01,1.709714403581774067e-01,1.402214022140221283e-01,7.698355193928956702e-03,1.786407199467598961e-01,5.333452350397503705e-02,2.383597436636636646e-01,6.169620192808111803e-02,1.203743191752549707e-01,1.604651162790697583e-01,3.010101329809699092e-02,1.461708138370994715e-03,2.137404589891614415e-01,3.746873675987151542e-02,7.095810813130341843e-02,1.969113916089236804e-01,4.000000000000000222e-01,8.098259509636246412e-02
1.093944165518226852e-03,3.333333330000000094e-01,1.172339609780946113e-03,0.000000000000000000e+00,2.029927197704474787e-02,2.009428122470358676e-03,1.275606918066599614e-03,7.045306258836255831e-01,8.324216268322019718e-02,1.968019680196802026e-02,8.053832225691946387e-04,2.400696640664055220e-02,3.380828581910703869e-03,2.325418696908104418e-02,5.654315872415706552e-03,2.236723715003495483e-02,6.220930232558139622e-02,1.974106018959339518e-03,2.502766161154173249e-04,2.290076498193577975e-02,6.924131371247351473e-03,1.163163998813332623e-04,1.986971938495559181e-03,2.000000000000000389e-01,1.525513874887184096e-02
5.413287119056634259e-04,5.999999999999999778e-01,1.429214539156034537e-03,4.208754208754208678e-03,2.682065024069814341e-02,2.466549211942288544e-03,1.620455256996541048e-03,7.392031462412420595e-01,9.821778623250235207e-02,2.214022140221402063e-02,8.127638542861952619e-04,1.708729159124761782e-02,4.184193789885091476e-03,2.879586915376721595e-02,7.043802341716178840e-03,2.314472476426566658e-02,6.162790697674418866e-02,1.377143757260645843e-03,2.982223282212789371e-04,3.053434858405687166e-02,7.502499193507626736e-03,9.233916012574585469e-03,9.783953934011066153e-03,3.000000000000000444e-01,1.707852217955047741e-02
0.000000000000000000e+00,0.000000000000000000e+00,1.088987123446445205e-04,0.000000000000000000e+00,5.549100049799616206e-03,2.714156468739583727e-04,2.952681504691580814e-04,0.000000000000000000e+00,3.405361201491870216e-02,4.920049200492005066e-03,3.474629183510263429e-04,2.170618507856294024e-02,6.359974559974484760e-04,4.072325536492414633e-04,1.160694009944167326e-03,8.747207725251407440e-03,3.313953488372092804e-02,7.316498894108548756e-04,1.281748692858230621e-04,0.000000000000000000e+00,2.798893197342832394e-03,0.000000000000000000e+00,1.559394771384856743e-02,0.000000000000000000e+00,6.016120788954225536e-03
7.176373095692865738e-04,5.000000000000000000e-01,9.998033250249855047e-04,0.000000000000000000e+00,2.701036306291351372e-02,1.685634017427741415e-03,1.406969998666948501e-03,6.877819621800596028e-01,7.856228035020716705e-02,2.337023370233702255e-02,6.387889362073478081e-04,2.186608803231738108e-03,3.157671579929380041e-03,2.412713281662711221e-02,5.432678529350686361e-03,2.219260569964507171e-02,5.232558139534883301e-02,1.256631905692692525e-03,2.368518167257760659e-04,2.290076498193577975e-02,7.308805336316648825e-03,6.258793998528743106e-05,1.986971938495559181e-03,3.000000000000000444e-01,1.456461291095933336e-02
6.806231664016150539e-05,1.000000000000000000e+00,5.465862119941307471e-04,0.000000000000000000e+00,1.211790651900685259e-02,7.999619065758772690e-04,6.714328111594358630e-04,4.808876968951829589e-01,1.003685406755498444e-01,1.107011070110701031e-02,5.701879169545167594e-04,4.259691315999840355e-02,1.417046963352892614e-03,7.260756190281168580e-03,2.627361658138961664e-03,1.435177447544428060e-02,4.883720930232558072e-02,2.266580935257482869e-04,1.962577804761465763e-04,7.633588327311926873e-03,5.036040286965421352e-03,0.000000000000000000e+00,7.796981995515504804e-03,1.000000000000000056e-01,1.054131688877262343e-02
5.422297892559741362e-04,3.333333330000000094e-01,9.618221639457607023e-04,0.000000000000000000e+00,1.987241812706016381e-02,1.461835150707108989e-03,1.100409893176312100e-03,6.676161619871107122e-01,8.085243552427853753e-02,1.722017220172201643e-02,7.494674706970502103e-04,2.317391153935205970e-03,2.421253472970200712e-03,1.373540413852183603e-02,4.182531840237367279e-03,1.913879110700574676e-02,5.988372093023255210e-02,1.473095448515315820e-03,2.438838545013024216e-04,1.526717665462385201e-02,6.498072729160016790e-03,6.087320190349873302e-05,0.000000000000000000e+00,2.000000000000000389e-01,1.341242401889329409e-02
1.362947890719234034e-03,1.666666669999999906e-01,7.088280944060352867e-04,0.000000000000000000e+00,1.859185657710640469e-02,6.571115661158991039e-04,3.150950883422868297e-03,7.380164817694244705e-01,2.320026783273387155e-02,2.583025830258302638e-02,4.907682028628167561e-04,2.978101720416120521e-02,1.729466766687826323e-03,2.448733033433304895e-02,6.776180320552910308e-03,2.351654171049997327e-02,2.093023255813953459e-02,2.643534363159914802e-03,1.845944756518751173e-02,2.290076498193577975e-02,2.176935776747985357e-02,6.157993120390795050e-03,1.986971938495559181e-03,2.000000000000000389e-01,2.189550229084652119e-02
3.210272601754492064e-04,6.666666669999999906e-01,6.523105199267005636e-05,0.000000000000000000e+00,5.288244919253479864e-03,3.333174610732821683e-04,6.237387929797367624e-04,4.629295072089121277e-01,1.672809011259164536e-02,1.353013530135301415e-02,1.128147845859826977e-04,6.780205685989346143e-02,8.368387579209101822e-04,2.801241803997444463e-02,5.222278486879057373e-03,8.748763700880563335e-03,1.104651162790697659e-02,3.410076987374460462e-04,2.679526029479072612e-03,2.290076498193577975e-02,2.959682844117829826e-03,3.068009375936335895e-03,1.986971938495559181e-03,2.000000000000000389e-01,8.721238978268210443e-03
2.926679615526944908e-04,6.666666669999999906e-01,6.690338051738692045e-05,0.000000000000000000e+00,5.288244919253479864e-03,3.333174610732821683e-04,6.256054990531850594e-04,4.747101471106530690e-01,1.672809011259164536e-02,1.353013530135301415e-02,1.128968603634278246e-04,5.041884599976977771e-02,8.368387579209101822e-04,2.801241803997444463e-02,5.222278486879057373e-03,8.787844282770617202e-03,1.104651162790697659e-02,3.410076987374460462e-04,2.770242513164170028e-03,2.290076498193577975e-02,3.129631394823048293e-03,9.974059842404253833e-06,1.986971938495559181e-03,2.000000000000000389e-01,9.468975648077658513e-03
3.652677659915541599e-04,3.333333330000000094e-01,5.223259979563405549e-05,0.000000000000000000e+00,4.647964144276601171e-03,1.904671206133041117e-04,5.229268270213367764e-04,5.810699184853119759e-01,9.957196497581703026e-03,9.840098400984010132e-03,8.007827449643831685e-05,6.686360169893951211e-02,5.132611048375852183e-04,1.849363520941523301e-02,3.849686205482136681e-03,7.850438980908853656e-03,8.139534883720930120e-03,4.904006974641056697e-04,2.565885102645759468e-03,1.526717665462385201e-02,2.722568997924321166e-03,3.068009375936335895e-03,0.000000000000000000e+00,2.000000000000000389e-01,7.256310738147639557e-03
3.210272601754492064e-04,6.666666669999999906e-01,6.523105199267005636e-05,0.000000000000000000e+00,5.288244919253479864e-03,3.333174610732821683e-04,6.237387929797367624e-04,4.629295072089121277e-01,1.672809011259164536e-02,1.353013530135301415e-02,1.128147845859826977e-04,6.780205685989346143e-02,8.368387579209101822e-04,2.801241803997444463e-02,5.222278486879057373e-03,8.748763700880563335e-03,1.104651162790697659e-02,3.410076987374460462e-04,2.679526029479072612e-03,2.290076498193577975e-02,2.959682844117829826e-03,3.068009375936335895e-03,1.986971938495559181e-03,2.000000000000000389e-01,8.721238978268210443e-03
1.464555206080440019e-03,0.000000000000000000e+00,3.412760663678511731e-05,2.020202020202020027e-02,3.153975669330550454e-03,3.047473929812865787e-04,6.440701204767987353e-04,8.492893663117654368e-01,5.376886107618742035e-03,9.840098400984010132e-03,1.288833979035742313e-04,3.240759946531848734e-02,1.885676667653942958e-03,2.950822677073566824e-02,7.621717993634227924e-03,8.297199397969584264e-03,8.139534883720930120e-03,2.027653301463984339e-03,2.608272308528148363e-03,3.816793691136879940e-02,2.237825526950753142e-03,3.692072010791555559e-02,1.758091965234412357e-02,1.000000000000000056e-01,9.242975358593001275e-03
3.448490709995057448e-04,3.333333330000000094e-01,9.970474135583235086e-06,0.000000000000000000e+00,2.869406436007493257e-03,1.476120184753107001e-04,1.144240121747087789e-04,5.520380886631784945e-01,7.567469338640038165e-03,9.840098400984010132e-03,2.920855444952184895e-06,8.673011504427365070e-02,4.128404538758544194e-04,2.094132222494575826e-02,2.234816317571019541e-03,3.154635558561792123e-03,6.395348837209302237e-03,5.357570647083348143e-05,3.360994407849096253e-04,1.526717665462385201e-02,6.953982613686592040e-04,9.974059842404253833e-06,0.000000000000000000e+00,2.000000000000000389e-01,4.261895416443907056e-03
1.780327718706987972e-02,1.555555560000000115e-01,2.163030238088043192e-02,0.000000000000000000e+00,1.675401361189499394e-01,9.656683015094518624e-03,3.654604521577340531e-02,9.015286738772849695e-01,1.389493580437398679e-01,1.070110701107011147e-01,8.145498166894507910e-03,6.986996682721362262e-02,1.422625888185007070e-02,6.492449998731898708e-02,2.939166406107601714e-02,9.345862766137845445e-02,1.220930232558139622e-01,2.065124233894666608e-02,1.125337964120955575e-01,6.870229022061651036e-02,1.160521324811708277e-01,4.882142250635914706e-03,4.876883135722370755e-02,6.000000000000000888e-01,9.236256323020905490e-02
3.878731394593171785e-03,0.000000000000000000e+00,4.989826178577683397e-04,5.050505050505050067e-03,1.377789371339135406e-02,1.047569163373172560e-03,3.382838029130000486e-03,8.492893663117654368e-01,2.091011264073955322e-02,2.460024600246002446e-02,6.405639877433635812e-04,2.349023258789885438e-02,3.559354183215223191e-03,3.026231216345733055e-02,1.108251688115327420e-02,1.396486611432643313e-02,2.325581395348837177e-02,6.171204305325906497e-03,1.387621146442156832e-02,3.816793691136879940e-02,1.528383612889088090e-02,2.665634824931214508e-01,1.758091965234412357e-02,1.000000000000000056e-01,1.551034129096984585e-02
2.213775464953406363e-03,1.000000000000000056e-01,3.812868017274543848e-04,0.000000000000000000e+00,1.410989115226825297e-02,8.713870768058662973e-04,2.994079631424573836e-03,7.414296170867429314e-01,2.312061026276059084e-02,2.337023370233702255e-02,4.662422017955515814e-04,5.944909026288079656e-02,2.733673276305134420e-03,3.084332877349558327e-02,8.902119491373875620e-03,1.325698937659503494e-02,2.267441860465116421e-02,3.705971491149017034e-03,1.376151253554111845e-02,3.053434858405687166e-02,1.455756896909073464e-02,1.510514290932968573e-01,9.783953934011066153e-03,1.000000000000000056e-01,1.372259310546610454e-02
1.735589074324118530e-04,0.000000000000000000e+00,6.551081615857596041e-06,0.000000000000000000e+00,1.778557708269107697e-03,7.618684824532164467e-05,1.134623051203827008e-04,5.095736199908886821e-01,4.182022528147910471e-03,3.690036900369004016e-03,4.675388036606669946e-06,4.761790062295792603e-02,2.789462525467899809e-04,8.186153230739935671e-03,1.819746711198929516e-03,2.308594529762808458e-03,4.651162790697674354e-03,1.897096868903297266e-04,5.847011544346091688e-04,7.633588327311926873e-03,5.101848707797382526e-04,3.675636246277610986e-02,7.796981995515504804e-03,1.000000000000000056e-01,2.716352309731993962e-03
6.806231664016150539e-05,1.000000000000000000e+00,4.839521764950026820e-06,0.000000000000000000e+00,1.493988474946050500e-03,7.618684824532164467e-05,1.025505856090980238e-04,2.541498429704557305e-01,9.558908635766652506e-03,3.690036900369004016e-03,4.507328111361873689e-06,6.097293496971450261e-02,2.343148521505251177e-04,7.234274951681901426e-03,1.807282332447338003e-03,2.178451802506716547e-03,4.651162790697674354e-03,2.084901237857714326e-05,6.095849790175514185e-04,7.633588327311926873e-03,5.278242413120164643e-04,0.000000000000000000e+00,7.796981995515504804e-03,1.000000000000000056e-01,3.098833253858676324e-03
4.515448549475679398e-03,0.000000000000000000e+00,6.646507723194542945e-05,1.178451178451178465e-02,7.991652635822523235e-03,7.571068044378838303e-04,5.931536496661790527e-04,8.735547769816452979e-01,1.254606758444373228e-02,1.722017220172201643e-02,4.456910133788435235e-05,2.588889706176586425e-02,3.302723631427645877e-03,3.483874515287895685e-02,8.532371235369389309e-03,7.351168269406617613e-03,1.569767441860465268e-02,1.952467118497227270e-03,6.452469996818912309e-04,4.580152523868072367e-02,1.635373179540636776e-03,1.147837069679976535e-01,2.537790164785963531e-02,2.000000000000000389e-01,8.582346879543466950e-03
3.208652069984578559e-04,1.666666669999999906e-01,7.012383519516087874e-06,6.734006734006733712e-03,1.778557708269107697e-03,1.618970525213084949e-04,1.536348509811904758e-04,6.567130027632577249e-01,5.078170212751033710e-03,6.150061500615006983e-03,7.166648440090084157e-06,6.097293496971450261e-02,7.922073573843751992e-04,2.341620575849241367e-02,3.745492701419474157e-03,2.534301145546001988e-03,5.813953488372092943e-03,2.659593686753813132e-04,6.116945903502092304e-04,2.290076498193577975e-02,5.454636118442945675e-04,1.845288808276638465e-02,1.986971938495559181e-03,1.000000000000000056e-01,3.949423021565907563e-03
3.573271623608479134e-04,3.333333330000000094e-01,4.652027289522754734e-06,0.000000000000000000e+00,1.493988474946050500e-03,1.618970525213084949e-04,7.612162819869522324e-05,4.741865632735541292e-01,5.974317897354157816e-03,8.610086100861008215e-03,1.430137852228483918e-06,1.739637855325933125e-01,7.029445565918455811e-04,3.236386161933230143e-02,2.387690490560477261e-03,2.616435329017874865e-03,5.813953488372092943e-03,6.341126735955521015e-05,2.493176921786771191e-05,2.290076498193577975e-02,1.146559084598081861e-04,2.761956635725723239e-02,1.986971938495559181e-03,1.000000000000000056e-01,1.698633186373922545e-03
8.115284776840384073e-03,4.090909090000000026e-01,4.134953701902691764e-02,0.000000000000000000e+00,2.199483032559463036e-01,1.798961954192657489e-02,5.400334822747204777e-02,8.845302671234140934e-01,2.639833831134509867e-01,1.230012300123001362e-01,1.470450966238555542e-02,1.118687927368382518e-01,2.150117715569906107e-02,8.485286441104263055e-02,4.025338726236152992e-02,1.080416830101100789e-01,1.883720930232558044e-01,1.805792223359807547e-02,1.582548370653875935e-01,8.396946687524035891e-02,1.431502762427190878e-01,1.447034601408246982e-02,6.436277907107226803e-02,7.000000000000000666e-01,1.168134560686214241e-01
0.000000000000000000e+00,0.000000000000000000e+00,1.347966517472017194e-06,0.000000000000000000e+00,4.979961583153500945e-04,2.380839007666301396e-05,2.271359441747094107e-05,0.000000000000000000e+00,2.987158948677078908e-03,2.460024600246002967e-03,1.024970125475526920e-06,2.154309100874743366e-02,5.578925042519593112e-05,0.000000000000000000e+00,6.043199192598516963e-04,1.327833491126260588e-03,2.906976744186046471e-03,8.972482998235375648e-05,2.739298243930193979e-05,0.000000000000000000e+00,1.845349532607563881e-04,0.000000000000000000e+00,1.559394771384856743e-02,0.000000000000000000e+00,1.228428711469779083e-03
0.000000000000000000e+00,0.000000000000000000e+00,1.347966517472017194e-06,0.000000000000000000e+00,4.979961583153500945e-04,2.380839007666301396e-05,2.271359441747094107e-05,0.000000000000000000e+00,2.987158948677078908e-03,2.460024600246002967e-03,1.024970125475526920e-06,2.154309100874743366e-02,5.578925042519593112e-05,0.000000000000000000e+00,6.043199192598516963e-04,1.327833491126260588e-03,2.906976744186046471e-03,8.972482998235375648e-05,2.739298243930193979e-05,0.000000000000000000e+00,1.845349532607563881e-04,0.000000000000000000e+00,1.559394771384856743e-02,0.000000000000000000e+00,1.228428711469779083e-03
1.831200423565953312e-04,0.000000000000000000e+00,1.199338832694425838e-05,0.000000000000000000e+00,2.205411558253693276e-03,1.142802723679824670e-04,1.395235411006743437e-04,5.095736199908886821e-01,6.571749687089573598e-03,4.920049200492005066e-03,7.880251727321376665e-06,2.154309100874743366e-02,3.458933532814572600e-04,5.711269697193272453e-03,2.026842917382365439e-03,2.794737663906556729e-03,6.976744186046511531e-03,3.571323840365765419e-04,6.158786528266474913e-04,7.633588327311926873e-03,7.042179466347982556e-04,7.291006307932676803e-03,7.796981995515504804e-03,1.000000000000000056e-01,3.649396914403798837e-03
2.877042249201853825e-03,0.000000000000000000e+00,1.249423010392249718e-04,4.208754208754208678e-03,1.048163342739927457e-02,6.809199561925621856e-04,6.815156750157914684e-04,8.153177919854218691e-01,1.613065832285622697e-02,1.722017220172201643e-02,6.732395923948831574e-05,3.908150493620925203e-02,2.343148522487142286e-03,2.685656583581645662e-02,6.632454472366384156e-03,8.219642489582961939e-03,1.802325581395348986e-02,1.899147037265796686e-03,6.229586363142796497e-04,3.053434858405687166e-02,2.322290974307239346e-03,2.260929887715006359e-01,9.783953934011066153e-03,2.000000000000000389e-01,7.751373731206412897e-03
1.524109733140581284e-03,0.000000000000000000e+00,9.727482633679105739e-05,0.000000000000000000e+00,8.133937252484051833e-03,3.904575972572734560e-04,5.087881883151638453e-04,7.643604299863330231e-01,1.135120400497289898e-02,1.599015990159901451e-02,6.354814777948267028e-05,5.879281521420526291e-02,1.417046963352892614e-03,2.300825792542629880e-02,4.282862307071718007e-03,8.506107559391710635e-03,1.279069767441860447e-02,1.670902868775573985e-03,7.319711940443506719e-05,2.290076498193577975e-02,2.259874740116101042e-03,6.166490790744778849e-02,1.986971938495559181e-03,2.000000000000000389e-01,6.049512761769930067e-03
3.212541345415623369e-03,0.000000000000000000e+00,2.462633018795978000e-04,0.000000000000000000e+00,1.169105266902226679e-02,8.237702966525402423e-04,8.145989218118247169e-04,8.153177919854218691e-01,1.971524906126872340e-02,1.968019680196802026e-02,1.397102351806817891e-04,5.688329943028429952e-02,2.510516274323810592e-03,3.057548424015305716e-02,5.778402278159448791e-03,1.105009198607373629e-02,2.151162790697674215e-02,2.649732506955272161e-03,7.927024293784420365e-05,3.053434858405687166e-02,2.948149409539032196e-03,1.480776445749548142e-01,9.783953934011066153e-03,2.000000000000000389e-01,7.934878374420636232e-03
0.000000000000000000e+00,0.000000000000000000e+00,2.335060107995702070e-07,0.000000000000000000e+00,1.897128222153714736e-04,9.523356030665205583e-06,8.686542800770608559e-06,0.000000000000000000e+00,1.194863579470831563e-03,1.230012300123001267e-03,2.058408386719202324e-07,3.240759946531848734e-02,2.231570019813239775e-05,9.518782847693025087e-04,4.760381599204021414e-04,5.901062535994944496e-04,1.162790697674418589e-03,2.595843645774451310e-05,2.595461107612609400e-05,0.000000000000000000e+00,4.070623968987272629e-05,0.000000000000000000e+00,1.559394771384856743e-02,0.000000000000000000e+00,7.762520929342201685e-04
0.000000000000000000e+00,0.000000000000000000e+00,2.335060107995702070e-07,0.000000000000000000e+00,1.897128222153714736e-04,9.523356030665205583e-06,8.686542800770608559e-06,0.000000000000000000e+00,1.194863579470831563e-03,1.230012300123001267e-03,2.058408386719202324e-07,3.240759946531848734e-02,2.231570019813239775e-05,9.518782847693025087e-04,4.760381599204021414e-04,5.901062535994944496e-04,1.162790697674418589e-03,2.595843645774451310e-05,2.595461107612609400e-05,0.000000000000000000e+00,4.070623968987272629e-05,0.000000000000000000e+00,1.559394771384856743e-02,0.000000000000000000e+00,7.762520929342201685e-04
4.502124645187144739e-04,9.000000000000000222e-01,1.928091819416512254e-02,0.000000000000000000e+00,1.039863406768004872e-01,5.299747631065186704e-03,2.885399776457200569e-02,7.792845898030554830e-01,2.519369857314248118e-01,6.642066420664206883e-02,7.826606412927684941e-03,3.462935060107207724e-02,5.969449805735682103e-03,2.921690745114136067e-02,1.461011964431569062e-02,6.676309865558238688e-02,1.308139534883720756e-01,2.329891600607016111e-03,1.224445299026467177e-01,3.053434858405687166e-02,1.020193347854153748e-01,2.657844026772480100e-06,9.783953934011066153e-03,4.000000000000000222e-01,7.854697321606801674e-02
3.048890578419436934e-02,2.747252749999999910e-01,8.209406037304700643e-02,0.000000000000000000e+00,3.074533425027864419e-01,2.618922908432931573e-02,8.254778923605826657e-02,9.246526702128025077e-01,2.980987675441602591e-01,1.771217712177121650e-01,2.119202924735153967e-02,2.050477661339723465e-02,2.509400488072513827e-02,9.720392352828503835e-02,5.018984259409393217e-02,1.512122239175494598e-01,2.348837209302325479e-01,2.953795021563330320e-02,2.313629543234304864e-01,9.923663880467337162e-02,2.189300297053784206e-01,1.158428463810792916e-03,7.995674306210329152e-02,9.000000000000000222e-01,1.648415691290713303e-01
4.502124645187144739e-04,9.000000000000000222e-01,1.928091819416512254e-02,0.000000000000000000e+00,1.039863406768004872e-01,5.299747631065186704e-03,2.885399776457200569e-02,7.792845898030554830e-01,2.519369857314248118e-01,6.642066420664206883e-02,7.826606412927684941e-03,3.462935060107207724e-02,5.969449805735682103e-03,2.921690745114136067e-02,1.461011964431569062e-02,6.676309865558238688e-02,1.308139534883720756e-01,2.329891600607016111e-03,1.224445299026467177e-01,3.053434858405687166e-02,1.020193347854153748e-01,2.657844026772480100e-06,9.783953934011066153e-03,4.000000000000000222e-01,7.854697321606801674e-02
1.817804642748553287e-03,3.809523810000000066e-01,6.105022215178387140e-03,0.000000000000000000e+00,7.111859422798737229e-02,4.156944907385362251e-03,1.809799743019459284e-02,7.267749646427503762e-01,1.019332429706200777e-01,5.289052890528905815e-02,4.062750006441483153e-03,2.022592514226536076e-01,7.676600872505916912e-03,5.706675797433447689e-02,1.772388145506652302e-02,4.820581819274234042e-02,7.499999999999999722e-02,7.356791534674296702e-03,6.806591922887600399e-02,4.580152523868072367e-02,6.089178551475245282e-02,5.531570720145354350e-03,2.537790164785963531e-02,3.000000000000000444e-01,5.295405475548622259e-02
3.037023068179252197e-04,6.666666669999999906e-01,5.124203122861259278e-03,0.000000000000000000e+00,5.060589532595034107e-02,1.561830389029093607e-03,1.354521914193109432e-02,6.523758902135213811e-01,1.083342978521076583e-01,3.936039360393604053e-02,3.082665560302557447e-03,1.905349975506515081e-02,2.588621224806869018e-03,1.620124617243341031e-02,7.503808137258295707e-03,3.958840574489728287e-02,6.395348837209302584e-02,1.718313784039206347e-03,6.785735538121549781e-02,1.526717665462385201e-02,5.778725630107148931e-02,8.287900728645366664e-07,0.000000000000000000e+00,2.000000000000000389e-01,4.374921484845372549e-02
6.806231664016150539e-05,1.000000000000000000e+00,6.765811098645194924e-04,0.000000000000000000e+00,2.179326045199079728e-02,4.380743774105994026e-04,4.351079791681837158e-03,4.421100178230609190e-01,5.496372465565825538e-02,2.214022140221402063e-02,8.633775760748899639e-04,4.182372843671749996e-02,1.059995760042504185e-03,7.927173735932657728e-03,3.897373866967922349e-03,2.069864573824916482e-02,2.674418604651162407e-02,3.850530687445269992e-04,2.649632518226691796e-02,7.633588327311926873e-03,2.469681483850986667e-02,0.000000000000000000e+00,7.796981995515504804e-03,1.000000000000000056e-01,1.908131875255137874e-02
0.000000000000000000e+00,0.000000000000000000e+00,2.516664101726260065e-04,0.000000000000000000e+00,8.703075719130166227e-03,1.666587305366411113e-04,2.216850034151609302e-03,0.000000000000000000e+00,2.091011264073955322e-02,1.230012300123001223e-02,5.656874284912752782e-04,2.232611611921245590e-02,3.905247536777220691e-04,1.200567202413634939e-03,1.763688976479225188e-03,1.266547821121475487e-02,2.034883720930232703e-02,1.220534432139640593e-03,2.029261031460464007e-02,0.000000000000000000e+00,1.793957904999099115e-02,0.000000000000000000e+00,1.559394771384856743e-02,0.000000000000000000e+00,1.325957217718671567e-02
6.402899419024216674e-04,0.000000000000000000e+00,1.400661051309812178e-03,2.525252525252525033e-03,1.667101425217576774e-02,7.475834484072185976e-04,4.846048142294033696e-03,6.794314936609007205e-01,3.046902127650620573e-02,2.706027060270602830e-02,9.305888439691560512e-04,2.483586881746464858e-02,1.216205661429430908e-03,1.488444748688350430e-02,5.697680286372124037e-03,2.422618590725127488e-02,3.081395348837209086e-02,3.746643557090022572e-03,3.619642676677543858e-02,1.526717665462385201e-02,3.305482350283298759e-02,9.234513313006408736e-03,0.000000000000000000e+00,1.000000000000000056e-01,2.458886536412829837e-02
7.924508362966922606e-04,6.999999999999999556e-01,1.165961948820706112e-02,0.000000000000000000e+00,9.402641751049348184e-02,3.704585495928765324e-03,2.267915153943797502e-02,7.703015284388620154e-01,1.572440470583614247e-01,6.519065190651907038e-02,4.971519395813885772e-03,1.908135192286172094e-02,5.021032547665731267e-03,3.073696587322686385e-02,1.342413719542609983e-02,6.072242158708984761e-02,9.186046511627907196e-02,3.011659795134357526e-03,9.578380526525323568e-02,3.053434858405687166e-02,8.679859332804379379e-02,3.829581715994756247e-05,9.783953934011066153e-03,4.000000000000000222e-01,6.473370803124249562e-02
9.535329757033842888e-04,3.333333330000000094e-01,1.344780550682078343e-03,0.000000000000000000e+00,2.798264127676729218e-02,1.190419503833150617e-03,4.795943950795341325e-03,7.080437405643336124e-01,4.898940675830409236e-02,2.952029520295202866e-02,1.058687636524058284e-03,4.760637789006797252e-03,2.666726175289927010e-03,2.050772312070403905e-02,7.991600194794315840e-03,2.735926445525097353e-02,3.720930232558139483e-02,2.790738132978459480e-03,2.457977205397446699e-02,2.290076498193577975e-02,2.526297078886317882e-02,5.357584820676664084e-03,1.986971938495559181e-03,2.000000000000000389e-01,2.457846154346490786e-02
0.000000000000000000e+00,0.000000000000000000e+00,1.188121038958778360e-04,0.000000000000000000e+00,5.525385947022694484e-03,8.571020427598685025e-05,1.239188528846979021e-03,0.000000000000000000e+00,1.075377221523748407e-02,1.230012300123001223e-02,2.276547564106710909e-04,2.383036016337819474e-02,2.008413019234616521e-04,1.803558853548803062e-03,1.543559078193548978e-03,1.078825055593239657e-02,1.046511627906976730e-02,9.064295545562879803e-04,1.366857137081430723e-02,0.000000000000000000e+00,1.531640112064277907e-02,0.000000000000000000e+00,1.559394771384856743e-02,0.000000000000000000e+00,1.042261847270456801e-02
2.855376236027579607e-04,6.666666669999999906e-01,4.216976963147029897e-03,0.000000000000000000e+00,4.825819915103511659e-02,1.576115423075091565e-03,1.199055492824855663e-02,6.385167749327333997e-01,1.093300175215810854e-01,3.321033210332103441e-02,3.004752197284999392e-03,1.713911050937729288e-02,2.689041875628329480e-03,1.549495146803741424e-02,7.382533364913484129e-03,3.695192405879347414e-02,6.453488372093023340e-02,1.721738457391309724e-03,6.027511818460871973e-02,1.526717665462385201e-02,4.964804367508143801e-02,2.620691368333725145e-04,0.000000000000000000e+00,2.000000000000000389e-01,4.115150697431672194e-02
1.618749816789004977e-03,4.000000000000000222e-01,1.055247491084377806e-02,0.000000000000000000e+00,8.136308662761743138e-02,3.847435836388743164e-03,2.155322575463892998e-02,7.961396229232056143e-01,1.343026663325214698e-01,5.535055350553506198e-02,5.418175776670298288e-03,1.383075097495605225e-03,5.857871305446371926e-03,2.796757437823507025e-02,1.367008465740574517e-02,5.248912279667910380e-02,9.534883720930233120e-02,5.925396165570576655e-03,8.832599038794197721e-02,3.053434858405687166e-02,7.542560917735743886e-02,3.406358636338078973e-03,9.783953934011066153e-03,3.000000000000000444e-01,5.932417134939057396e-02
1.892600550184050370e-03,2.999999999999999889e-01,8.515704529140310369e-03,0.000000000000000000e+00,5.828926462567288885e-02,3.561735155468787051e-03,1.829515254560913629e-02,8.039219881963814984e-01,1.153043354189352415e-01,4.674046740467405203e-02,4.896713187228179595e-03,3.665510846209609191e-03,5.913660555591027448e-03,2.658175158305529917e-02,1.342899417789569956e-02,4.418485354014125427e-02,8.837209302325581273e-02,7.096779763853287154e-03,7.884851672664501543e-02,3.053434858405687166e-02,6.416965546577946267e-02,9.494136090176429066e-03,9.783953934011066153e-03,2.000000000000000389e-01,5.271066937753719761e-02
8.573494762510468258e-04,0.000000000000000000e+00,2.361504138503932228e-03,0.000000000000000000e+00,4.733334914273518157e-02,1.118994333603161697e-03,9.417312460684300335e-03,6.794314936609007205e-01,4.600224780962701432e-02,2.952029520295202866e-02,2.032162702695944085e-03,2.563898861274934229e-02,2.588621224806869018e-03,1.407558445551687284e-02,6.940375009900338725e-03,3.142810169267350184e-02,4.593023255813952904e-02,6.271291029554539390e-03,4.114567404099591513e-02,1.526717665462385201e-02,3.632387376859384787e-02,1.640432764911186573e-04,0.000000000000000000e+00,2.000000000000000389e-01,3.144232615827288052e-02
7.938488812016102417e-03,1.428571429999999920e-01,6.111386101491043769e-03,0.000000000000000000e+00,8.750503924684008283e-02,4.104566449216703362e-03,1.761966575007595584e-02,8.565483852091492212e-01,7.254528873651670817e-02,5.043050430504305431e-02,3.645681943354040725e-03,2.818309587847065562e-02,9.406067638211852017e-03,5.056209652710237645e-02,1.990924960565024562e-02,6.020195641976085199e-02,6.569767441860464852e-02,1.331724155748834418e-02,5.393764436931351713e-02,5.343511356599265488e-02,4.928270517386482835e-02,1.887963780707793866e-03,3.317488364337514012e-02,4.000000000000000222e-01,5.760076128900842862e-02
6.904068065676195569e-03,2.857142859999999840e-01,1.087599857817059083e-02,0.000000000000000000e+00,9.876923806587777077e-02,5.971144231227083765e-03,2.125316966899919863e-02,8.390503211379325421e-01,1.194010105741537542e-01,6.519065190651907038e-02,5.419412124492447788e-03,9.545135512746324297e-03,1.101279805416062636e-02,5.462090758320190670e-02,2.304596585546483598e-02,6.459568973133569814e-02,9.418604651162791608e-02,1.183309850849170904e-02,7.313695180822617214e-02,5.343511356599265488e-02,7.243607509080036977e-02,6.882139301286414879e-02,3.317488364337514012e-02,4.000000000000000222e-01,6.767367046144583120e-02
8.387573689700472028e-04,5.000000000000000000e-01,5.523619472091438436e-03,0.000000000000000000e+00,6.438378903934169339e-02,2.047521546593019173e-03,1.380487869892897505e-02,7.309706511491417258e-01,9.558908635766652506e-02,4.674046740467405203e-02,2.946651666384672488e-03,2.058857345188778911e-03,3.648616984568833072e-03,2.410872811295743101e-02,9.764001855476506925e-03,4.505440032713423776e-02,6.337209302325581828e-02,3.095184986825987201e-03,6.261287439375116948e-02,2.290076498193577975e-02,6.066145604184058904e-02,3.972476556143814417e-05,1.986971938495559181e-03,3.000000000000000444e-01,4.747719131830287209e-02
0.000000000000000000e+00,0.000000000000000000e+00,1.724123473047472870e-04,0.000000000000000000e+00,5.857383385899594258e-03,1.095185943526498642e-04,1.459095916812661910e-03,0.000000000000000000e+00,1.374093116391456211e-02,1.230012300123001223e-02,3.267466012868393754e-04,2.311135765338516099e-02,2.566305523486575764e-04,1.580117951460562054e-03,1.689906656594134665e-03,1.150550844710307614e-02,1.337209302325581377e-02,1.089487132129783120e-03,1.512836807453986354e-02,0.000000000000000000e+00,1.710747566699717670e-02,0.000000000000000000e+00,1.559394771384856743e-02,0.000000000000000000e+00,1.194981245406842585e-02
8.387573689700472028e-04,5.000000000000000000e-01,5.523619472091438436e-03,0.000000000000000000e+00,6.438378903934169339e-02,2.047521546593019173e-03,1.380487869892897505e-02,7.309706511491417258e-01,9.558908635766652506e-02,4.674046740467405203e-02,2.946651666384672488e-03,2.058857345188778911e-03,3.648616984568833072e-03,2.410872811295743101e-02,9.764001855476506925e-03,4.505440032713423776e-02,6.337209302325581828e-02,3.095184986825987201e-03,6.261287439375116948e-02,2.290076498193577975e-02,6.066145604184058904e-02,3.972476556143814417e-05,1.986971938495559181e-03,3.000000000000000444e-01,4.747719131830287209e-02
4.781814041117212399e-04,0.000000000000000000e+00,3.705631695503171685e-04,2.525252525252525033e-03,1.254476036899143838e-02,3.904575972572734560e-04,2.633947962004683143e-03,6.794314936609007205e-01,1.553322653312081032e-02,1.599015990159901451e-02,4.291094264522198921e-04,2.311135765338516099e-02,1.182732111202367334e-03,1.300265734584710869e-02,5.385787927561280775e-03,1.235605122655934578e-02,1.627906976744186024e-02,3.373253147617234077e-03,1.521339819676920634e-02,1.526717665462385201e-02,1.721025892221410628e-02,1.397918786952212673e-02,0.000000000000000000e+00,1.000000000000000056e-01,1.382764309524656121e-02
8.240401909449905637e-04,0.000000000000000000e+00,1.387761053689149640e-03,0.000000000000000000e+00,3.111290284332092135e-02,7.332984143612207486e-04,6.194329001739357077e-03,6.794314936609007205e-01,2.987158948677078735e-02,2.829028290282903021e-02,1.062784585748194517e-03,3.177295457571794463e-02,1.718308915817274869e-03,1.553886464971772352e-02,6.006470552347020417e-03,2.738366149914582548e-02,3.023255813953488330e-02,4.626013492988335918e-03,3.226410804632028062e-02,1.526717665462385201e-02,3.165418963883728093e-02,4.829845597038162760e-05,0.000000000000000000e+00,2.000000000000000389e-01,2.620817171758813013e-02
0.000000000000000000e+00,0.000000000000000000e+00,2.467097143970093352e-04,0.000000000000000000e+00,7.232801346961037665e-03,1.380886624446454674e-04,2.076328995727573425e-03,0.000000000000000000e+00,1.732552190232705680e-02,1.230012300123001223e-02,4.803553271457598815e-04,2.277093633500480371e-02,3.235776530833248555e-04,1.559852156313547636e-03,1.735770852633639668e-03,1.274348831864271191e-02,1.686046511627906780e-02,1.209912021408604977e-03,1.967689147974116537e-02,0.000000000000000000e+00,1.808137245157738146e-02,0.000000000000000000e+00,1.559394771384856743e-02,0.000000000000000000e+00,1.318889507970922616e-02
2.650669329484107994e-03,2.000000000000000111e-01,3.400517992814317773e-03,0.000000000000000000e+00,5.110389148426568856e-02,2.014189800485691184e-03,9.757571905700486437e-03,7.942641953062218318e-01,5.974317897354158163e-02,4.797047970479705048e-02,1.910315999918171586e-03,2.323833469832543852e-02,3.905247536356409952e-03,2.958102309404274377e-02,1.083326303636382784e-02,4.322046798158806630e-02,5.058139534883720340e-02,5.787984802170006993e-03,4.457550891305840646e-02,3.053434858405687166e-02,4.606114552107548610e-02,5.584473247865338235e-04,9.783953934011066153e-03,3.000000000000000444e-01,3.793237691641308112e-02
8.633443084522225783e-04,0.000000000000000000e+00,1.975393153859675635e-03,0.000000000000000000e+00,4.135739524295098390e-02,1.033284129327174819e-03,8.273055560443685896e-03,6.794314936609007205e-01,4.241765707121452483e-02,2.829028290282903021e-02,1.751134915026279900e-03,2.528671076272787435e-02,2.186938620118324995e-03,1.435393175111412956e-02,6.681589363858981938e-03,2.853163667975424506e-02,4.244186046511627675e-02,5.680490268656167470e-03,3.768962245355392954e-02,1.526717665462385201e-02,3.263792376467587047e-02,7.744900336078948074e-05,0.000000000000000000e+00,2.000000000000000389e-01,2.840115295055190350e-02
1.543395638410614834e-02,2.416666670000000017e-01,1.615332229013322421e-02,0.000000000000000000e+00,1.081363086627617348e-01,1.621827532022284551e-02,3.065838183247221113e-02,8.875270400273106430e-01,1.568109090108032733e-01,1.082410824108241132e-01,9.603020341709535973e-03,7.638738744356181332e-02,2.672305100122041727e-02,1.219542271169654080e-01,4.571055842266794067e-02,8.830461303683741214e-02,1.313953488372092970e-01,2.507762182803442361e-02,8.508318214966202608e-02,1.145038154592972340e-01,8.450683203350395356e-02,4.377499691590066438e-02,9.555069077595185201e-02,4.000000000000000222e-01,8.990983737164269518e-02
6.253177408428344485e-03,3.055555560000000059e-01,9.054128158136092591e-03,0.000000000000000000e+00,9.378927648272426809e-02,7.104423598876243202e-03,2.015216682020372352e-02,8.447795888174840506e-01,1.282818815049116268e-01,6.396063960639607193e-02,5.530661932448971418e-03,2.416051383217295359e-02,1.269763342059245827e-02,6.366781636181940984e-02,2.501076704463002162e-02,5.366087565340707521e-02,1.000000000000000056e-01,1.197665498326877867e-02,6.429875111195988702e-02,6.106870189330457221e-02,5.863055389998002298e-02,5.544192335586040077e-02,4.097184936170819580e-02,4.000000000000000222e-01,5.727159567041750082e-02
2.825979229173722915e-04,6.666666669999999906e-01,3.354977358878066893e-03,0.000000000000000000e+00,4.164196447627403763e-02,1.404695014523117810e-03,9.889230925042350601e-03,6.316401900180053097e-01,9.738138172687277327e-02,3.198031980319803597e-02,2.450171054551180533e-03,1.756471726905301997e-02,2.354306371954993302e-03,1.558055316049177311e-02,7.255672308726235885e-03,3.388952895410972388e-02,5.755813953488372187e-02,1.563073673061547361e-03,5.285048493645552042e-02,1.526717665462385201e-02,4.551771722121568386e-02,1.328922013386240101e-04,0.000000000000000000e+00,2.000000000000000389e-01,3.723473123784894895e-02
2.160639883405004319e-03,6.071428570000000358e-01,9.360111499614506836e-03,0.000000000000000000e+00,9.106215466337830300e-02,6.542545593066995992e-03,1.904638933004121001e-02,7.830104616615820579e-01,1.639523525660353531e-01,6.396063960639607193e-02,5.373171217735413403e-03,3.989897807779371752e-02,1.029869564753984994e-02,5.419017698701068114e-02,2.152099993365636649e-02,5.393504400451960834e-02,1.029069767441860433e-01,5.660265132288691547e-03,6.478897364357667776e-02,5.343511356599265488e-02,5.973403221423965320e-02,4.839925399062277277e-03,3.317488364337514012e-02,4.000000000000000222e-01,5.726814224192570968e-02
0.000000000000000000e+00,0.000000000000000000e+00,1.172730870051203530e-04,0.000000000000000000e+00,4.908819274822737513e-03,1.476120184753107001e-04,7.430838901370930092e-04,0.000000000000000000e+00,1.852038548179788663e-02,8.610086100861008215e-03,2.256188211534904402e-04,2.204489734733737147e-02,3.458933532814572600e-04,6.814583171807914175e-04,1.448070595294622927e-03,9.944747425273205849e-03,1.802325581395348986e-02,6.997958998279272484e-04,8.459710851063818871e-03,0.000000000000000000e+00,8.519137529762198929e-03,0.000000000000000000e+00,1.559394771384856743e-02,0.000000000000000000e+00,8.288311634405126985e-03
2.627167292439206445e-04,6.666666669999999906e-01,6.134969885218115489e-04,0.000000000000000000e+00,1.780929118546799653e-02,7.761535164992141873e-04,2.127992768895847157e-03,6.076496280715399934e-01,5.356971714826705422e-02,1.968019680196802026e-02,4.421021523007962048e-04,9.127579978948514514e-03,1.483994064368100024e-03,1.653023172689212228e-02,4.866098754825934521e-03,1.876387732189493951e-02,3.197674418604650598e-02,6.273894521561470573e-04,1.281847471689253996e-02,1.526717665462385201e-02,1.345510831082334831e-02,4.486897980680423152e-05,0.000000000000000000e+00,2.000000000000000389e-01,1.648138030152409769e-02
8.983827768073607105e-04,5.999999999999999778e-01,1.390057576803980328e-03,0.000000000000000000e+00,3.924684009580497318e-02,1.847531069949049937e-03,3.986651730530792886e-03,7.366796092624949832e-01,7.336462377950904445e-02,3.321033210332103441e-02,7.511282024001959910e-04,1.032121760918727239e-02,3.514722782538418251e-03,3.029202071491454706e-02,9.032340176891572384e-03,2.686275823766108919e-02,4.651162790697674354e-02,1.454440868291648420e-03,1.609352484837327929e-02,3.053434858405687166e-02,1.846502876065443319e-02,2.776483896754636856e-03,9.783953934011066153e-03,4.000000000000000222e-01,2.415703392076862938e-02
2.188670574644715257e-04,6.666666669999999906e-01,5.314835244438176039e-04,0.000000000000000000e+00,1.344589627451445342e-02,6.618732441312317203e-04,2.173943806749250533e-03,4.881659124499790892e-01,4.560395994781196727e-02,2.091020910209102218e-02,4.344879954551124400e-04,8.371432343926685227e-02,1.517467614174353293e-03,2.015169592072955929e-02,4.985115148909246945e-03,1.921544161730969966e-02,2.732558139534883856e-02,6.699331333790856059e-04,1.548386315513917977e-02,1.526717665462385201e-02,1.631709617968548146e-02,7.772907724748162432e-04,0.000000000000000000e+00,1.000000000000000056e-01,1.661675483007294882e-02
2.877103007070671951e-03,4.285714290000000037e-01,2.757590493470477890e-03,5.892255892255892323e-03,5.632099409518840499e-02,3.056997285843531236e-03,8.658996749936118814e-03,7.947792254405355861e-01,7.732474305440005524e-02,4.551045510455104665e-02,2.009849164946872751e-03,3.055153153743285152e-03,6.036396906750889947e-03,4.642862398979440142e-02,1.537904632381556502e-02,3.676040350973652088e-02,5.581395348837209225e-02,4.790578671481596218e-03,2.691389078175847674e-02,4.580152523868072367e-02,3.085668655957985590e-02,1.064777471894542624e-02,2.537790164785963531e-02,4.000000000000000222e-01,3.430794068581881351e-02
8.436048216110128084e-04,4.666666669999999795e-01,7.887782679331254094e-04,5.050505050505050067e-03,2.776921435177499842e-02,1.533260320937098126e-03,3.929661165903603447e-03,6.807930336076266631e-01,4.612173416757410493e-02,2.952029520295202866e-02,8.209229030988064290e-04,1.102011208241058561e-02,3.626301284230430601e-03,4.484861064023833860e-02,1.108195558828758802e-02,2.468241812205728553e-02,3.313953488372092804e-02,2.448107865614041097e-03,1.343931095742811367e-02,3.816793691136879940e-02,1.507182446383946092e-02,9.518559676254707835e-03,1.758091965234412357e-02,3.000000000000000444e-01,2.211071076621962811e-02
8.094454543050769559e-04,5.999999999999999778e-01,1.054326780375145108e-03,0.000000000000000000e+00,2.947662975171334160e-02,1.961811342317032730e-03,3.546556514064782249e-03,6.851239334357881461e-01,6.476160600731907524e-02,3.444034440344403980e-02,6.860059584604263168e-04,8.558025845823670485e-02,4.027983887516273752e-03,4.461325612094207277e-02,1.039875855028043160e-02,2.516076629565831835e-02,4.186046511627906919e-02,1.553634999770844589e-03,1.366240555223749605e-02,3.816793691136879940e-02,1.667565030762044320e-02,3.416212664514757958e-03,1.758091965234412357e-02,3.000000000000000444e-01,2.298886741120161059e-02
1.990307137948814343e-04,0.000000000000000000e+00,4.917563492157454993e-04,0.000000000000000000e+00,1.543788090777585380e-02,5.142612256559210473e-04,1.640665072776003675e-03,5.095736199908886821e-01,3.166388485597703556e-02,1.476014760147601607e-02,5.440715348504872794e-04,2.317367120425122690e-02,1.305468462362230483e-03,7.381692463189710139e-03,3.734783923979473428e-03,1.583517498238511817e-02,3.139534883720929842e-02,2.227872938656815568e-03,8.517718769950296739e-03,7.633588327311926873e-03,1.063077371367434666e-02,7.645488109997566895e-02,7.796981995515504804e-03,1.000000000000000056e-01,1.246076830567492688e-02
9.255790451443809052e-04,5.000000000000000000e-01,1.346428383709993891e-03,0.000000000000000000e+00,3.184804002940548606e-02,1.380886624446454837e-03,3.743158978824243348e-03,7.086635400540647334e-01,6.422391739655719523e-02,2.706027060270602830e-02,7.577017556389861177e-04,6.039354044940554132e-03,2.800620375917641392e-03,2.246360635738860884e-02,7.382761168475613506e-03,2.692824503062026670e-02,4.302325581395348431e-02,1.545345462093311584e-03,1.825825457166808941e-02,2.290076498193577975e-02,1.959123472540758026e-02,1.523530496185242352e-03,1.986971938495559181e-03,3.000000000000000444e-01,2.403887368676690950e-02
2.041869499204845297e-04,1.000000000000000000e+00,4.165679073996775977e-04,0.000000000000000000e+00,2.321610661860608327e-02,9.237655349745249687e-04,2.470562341973875798e-03,4.742925780268988367e-01,5.735345181459991504e-02,2.337023370233702255e-02,4.041046500165247288e-04,5.000090325942062319e-02,1.997255169345955525e-03,2.923780680314715108e-02,6.387109173787777761e-03,1.823744508008172394e-02,2.906976744186046124e-02,3.929782505259433512e-04,1.021318463058019585e-02,2.290076498193577975e-02,1.174849921182543472e-02,0.000000000000000000e+00,1.986971938495559181e-03,3.000000000000000444e-01,1.585948581423412759e-02
2.041869499204845297e-04,1.000000000000000000e+00,4.165679073996775977e-04,0.000000000000000000e+00,2.321610661860608327e-02,9.237655349745249687e-04,2.470562341973875798e-03,4.742925780268988367e-01,5.735345181459991504e-02,2.337023370233702255e-02,4.041046500165247288e-04,5.000090325942062319e-02,1.997255169345955525e-03,2.923780680314715108e-02,6.387109173787777761e-03,1.823744508008172394e-02,2.906976744186046124e-02,3.929782505259433512e-04,1.021318463058019585e-02,2.290076498193577975e-02,1.174849921182543472e-02,0.000000000000000000e+00,1.986971938495559181e-03,3.000000000000000444e-01,1.585948581423412759e-02
1.794370165720394865e-04,0.000000000000000000e+00,2.134987317379134070e-04,0.000000000000000000e+00,5.051103891484266112e-03,3.333174610732821683e-04,9.741107794745047267e-04,5.095736199908886821e-01,2.031268085100413484e-02,9.840098400984010132e-03,2.594376241337101037e-04,2.204489734733737147e-02,8.814701583171748829e-04,6.392728014374065605e-03,3.058814748250300673e-03,1.012709830428161484e-02,2.034883720930232703e-02,1.462230534076329946e-03,8.475008729606395286e-03,7.633588327311926873e-03,8.537455337622641000e-03,3.675636246277610986e-02,7.796981995515504804e-03,0.000000000000000000e+00,9.013119773843426830e-03
0.000000000000000000e+00,0.000000000000000000e+00,1.172730870051203530e-04,0.000000000000000000e+00,4.908819274822737513e-03,1.476120184753107001e-04,7.430838901370930092e-04,0.000000000000000000e+00,1.852038548179788663e-02,8.610086100861008215e-03,2.256188211534904402e-04,2.204489734733737147e-02,3.458933532814572600e-04,6.814583171807914175e-04,1.448070595294622927e-03,9.944747425273205849e-03,1.802325581395348986e-02,6.997958998279272484e-04,8.459710851063818871e-03,0.000000000000000000e+00,8.519137529762198929e-03,0.000000000000000000e+00,1.559394771384856743e-02,0.000000000000000000e+00,8.288311634405126985e-03
1.774481826592693009e-04,0.000000000000000000e+00,1.341083798717207161e-05,0.000000000000000000e+00,2.537408997130593483e-03,9.523356030665205583e-05,1.541213021526364720e-04,5.095736199908886821e-01,5.376886107618742035e-03,6.150061500615006983e-03,8.546628872768764732e-06,2.899303852022901140e-02,3.235776530833248555e-04,7.343061040880285821e-03,1.871675301884787946e-03,3.697186467418403337e-03,5.813953488372092943e-03,3.032171438678298611e-04,6.358464437283353494e-04,7.633588327311926873e-03,1.042758173388906280e-03,3.087908911375494055e-03,7.796981995515504804e-03,1.000000000000000056e-01,3.387201554572747374e-03
7.401776934617563999e-04,0.000000000000000000e+00,9.463446771769395006e-06,6.734006734006733712e-03,2.110555147146007688e-03,1.809437645826389061e-04,1.767137602749105460e-04,7.643604299863330231e-01,4.779454317883326253e-03,6.150061500615006983e-03,8.757029476854302988e-06,2.154309100874743366e-02,9.261015587134395835e-04,1.713380909157981649e-02,3.974259926423926240e-03,2.473618223444632065e-03,6.395348837209302237e-03,5.228197881668398411e-04,6.176814116018278407e-04,2.290076498193577975e-02,6.092367206917618898e-04,2.129686978621382967e-02,1.986971938495559181e-03,1.000000000000000056e-01,4.167393950056457255e-03
3.081775269214351038e-03,2.857142859999999840e-01,1.283495968106453675e-03,0.000000000000000000e+00,2.425952714079062864e-02,2.123708394838341035e-03,3.678938231157616139e-03,8.204732288115016425e-01,4.796523797846095200e-02,3.567035670356703825e-02,8.883774670476419708e-04,1.344445235621661953e-02,4.239983040029746998e-03,4.267587634720277495e-02,1.265256446913485058e-02,3.069254979855119345e-02,3.953488372093023201e-02,3.913878622686089298e-03,1.437464869471248921e-02,4.580152523868072367e-02,1.801624246807358512e-02,1.027431048052545454e-02,2.537790164785963531e-02,3.000000000000000444e-01,2.772112349794647254e-02
0.000000000000000000e+00,0.000000000000000000e+00,2.759616492946286485e-07,0.000000000000000000e+00,1.897128222153714736e-04,9.523356030665205583e-06,9.016539092541316647e-06,0.000000000000000000e+00,1.194863579470831563e-03,1.230012300123001267e-03,2.253826904445708947e-07,2.154309100874743366e-02,2.231570019813239775e-05,0.000000000000000000e+00,5.038893366612403214e-04,5.423998450082396453e-04,1.162790697674418589e-03,4.210748687419079339e-05,2.621032154069068783e-05,0.000000000000000000e+00,4.952592495601181857e-05,0.000000000000000000e+00,1.559394771384856743e-02,0.000000000000000000e+00,8.531119652879932394e-04
0.000000000000000000e+00,0.000000000000000000e+00,2.759616492946286485e-07,0.000000000000000000e+00,1.897128222153714736e-04,9.523356030665205583e-06,9.016539092541316647e-06,0.000000000000000000e+00,1.194863579470831563e-03,1.230012300123001267e-03,2.253826904445708947e-07,2.154309100874743366e-02,2.231570019813239775e-05,0.000000000000000000e+00,5.038893366612403214e-04,5.423998450082396453e-04,1.162790697674418589e-03,4.210748687419079339e-05,2.621032154069068783e-05,0.000000000000000000e+00,4.952592495601181857e-05,0.000000000000000000e+00,1.559394771384856743e-02,0.000000000000000000e+00,8.531119652879932394e-04
3.222677032469463496e-03,3.055555560000000059e-01,1.740335625695378511e-03,1.515151515151515020e-02,2.957148616282102849e-02,3.504595019284795655e-03,4.569298086875301507e-03,8.366903929613558333e-01,6.276352860375647436e-02,4.305043050430504975e-02,9.744544386432249647e-04,4.905680022359709506e-03,6.672394362888607947e-03,5.907244634983595949e-02,1.613771261393620593e-02,3.410830167028743032e-02,5.116279069767441789e-02,4.639900534332028030e-03,1.607590959374558676e-02,6.106870189330457221e-02,2.054817057678367045e-02,1.930426125616807945e-02,4.097184936170819580e-02,3.000000000000000444e-01,3.044685164986595319e-02
1.054490714523923910e-03,3.333333330000000094e-01,1.750160176888091801e-03,0.000000000000000000e+00,5.148331712869643612e-02,1.438026760630446016e-03,8.043572051855258503e-03,7.176241811981258767e-01,5.934489109380357980e-02,3.075030750307503405e-02,1.709671339632599235e-03,2.338133408332126670e-02,3.202302980606184981e-03,2.423048091467203818e-02,8.843875823758142601e-03,2.695017970829951051e-02,4.476744186046511392e-02,3.606090906693042858e-03,2.938193466897739276e-02,2.290076498193577975e-02,2.869314992006312057e-02,8.498013301600543159e-04,1.986971938495559181e-03,3.000000000000000444e-01,2.679696500211097704e-02
3.516553026635219374e-04,9.333333329999999872e-01,2.205242293831536846e-04,0.000000000000000000e+00,1.600701937442196993e-02,1.304699776201133192e-03,6.712226516237763865e-04,5.514511923420901685e-01,5.193673691900737438e-02,3.567035670356703825e-02,4.943958219468798609e-05,4.774740118645694892e-02,2.019570869684357995e-03,5.272911203440981687e-02,4.051794710104682576e-03,1.284995911897084467e-02,2.848837209302325368e-02,1.170125185719780939e-04,5.561701527099615918e-06,3.816793691136879940e-02,2.188299601994741269e-03,3.000791643130219030e-06,1.758091965234412357e-02,4.000000000000000222e-01,5.666118119742174011e-03
3.516553026635219374e-04,9.333333329999999872e-01,2.205242293831536846e-04,0.000000000000000000e+00,1.600701937442196993e-02,1.304699776201133192e-03,6.712226516237763865e-04,5.514511923420901685e-01,5.193673691900737438e-02,3.567035670356703825e-02,4.943958219468798609e-05,4.774740118645694892e-02,2.019570869684357995e-03,5.272911203440981687e-02,4.051794710104682576e-03,1.284995911897084467e-02,2.848837209302325368e-02,1.170125185719780939e-04,5.561701527099615918e-06,3.816793691136879940e-02,2.188299601994741269e-03,3.000791643130219030e-06,1.758091965234412357e-02,4.000000000000000222e-01,5.666118119742174011e-03
6.776089783849606214e-04,4.666666669999999795e-01,3.341499716214963150e-04,0.000000000000000000e+00,1.991984633261400378e-02,2.657016332555592331e-03,1.046033856795858903e-03,6.902443910902973379e-01,4.787420074880654325e-02,4.920049200492005587e-02,9.118228037118795862e-05,1.085227807032864700e-01,4.742086294137050177e-03,9.841926961195601731e-02,7.100232323970778747e-03,1.783162334074072514e-02,3.662790697674418033e-02,4.995593962799879965e-04,6.169013880440530072e-06,6.870229022061651036e-02,2.711714000673688153e-03,4.746949442370891094e-03,4.876883135722370755e-02,4.000000000000000222e-01,8.140678901643981849e-03
2.636860672444621672e-03,3.181818180000000051e-01,3.825371563939139463e-04,0.000000000000000000e+00,2.169840404088311386e-02,3.361744678824817815e-03,1.284473779135140905e-03,7.799482279113143512e-01,4.526903606604965047e-02,5.289052890528905815e-02,1.236579067395674619e-04,5.475995216637190993e-02,6.906709215740484097e-03,1.068823328801400824e-01,1.176861696555270807e-02,1.964544890216236156e-02,3.953488372093023201e-02,9.603497786688171322e-04,1.022841847486577769e-04,8.396946687524035891e-02,2.954594564156595628e-03,1.361360028048085036e-01,6.436277907107226803e-02,4.000000000000000222e-01,1.013905731141363439e-02
5.367641789328873999e-04,8.000000000000000444e-01,2.331765277295466449e-04,0.000000000000000000e+00,1.529559629111432520e-02,1.333269844293128673e-03,6.624746743160172223e-04,6.178556070131716593e-01,4.934786583214534339e-02,3.321033210332103441e-02,5.015579106215563055e-05,1.949969522171226405e-02,2.019570869684357995e-03,5.082535548200502878e-02,4.069429901310169136e-03,1.244212821245557592e-02,2.906976744186046124e-02,1.622588284319989214e-04,5.561701527099615918e-06,3.816793691136879940e-02,2.037347296478129923e-03,1.494680027959147341e-05,1.758091965234412357e-02,4.000000000000000222e-01,5.602482500774857987e-03
6.343938266046776327e-04,7.142857139999999605e-01,2.489865775427889069e-04,0.000000000000000000e+00,1.683701297161421806e-02,1.590400457121089305e-03,7.554720208164896790e-04,6.156596840870418585e-01,4.796523797846095200e-02,3.813038130381304208e-02,5.737194552673643218e-05,5.545132949171915904e-02,2.677884024757778026e-03,6.159517831264493121e-02,4.793465797946547605e-03,1.391743161616451445e-02,3.023255813953488330e-02,2.294714383651955689e-04,5.753484375523062136e-06,4.580152523868072367e-02,2.267337550725910967e-03,1.300343045356428331e-04,2.537790164785963531e-02,4.000000000000000222e-01,6.257280303831239295e-03
2.722492665606460215e-04,1.000000000000000000e+00,1.638244875274395026e-04,0.000000000000000000e+00,1.422846166615286158e-02,9.666206371125182989e-04,5.630157018174709350e-04,5.432456903837881157e-01,4.779454317883326253e-02,2.952029520295202866e-02,3.839941303572899412e-05,3.388692877069784254e-02,1.506309764706502711e-03,4.206807528154576925e-02,3.284786644177931092e-03,1.103163181438814207e-02,2.500000000000000139e-02,7.984561740640758025e-05,5.337954870605595048e-06,3.053434858405687166e-02,1.859257497834936913e-03,0.000000000000000000e+00,9.783953934011066153e-03,4.000000000000000222e-01,4.832082840104112709e-03
1.361246332803230379e-04,1.000000000000000000e+00,5.732402177018663475e-05,0.000000000000000000e+00,6.070810310891887156e-03,3.904575972572734560e-04,2.560583031628675655e-04,5.019614706514401448e-01,3.226131664571245394e-02,1.476014760147601607e-02,1.846281585727079717e-05,3.348244479599534612e-02,6.806288563937132850e-04,1.895103126692108259e-02,1.806615280948097382e-03,6.396888973763379706e-03,1.627906976744186024e-02,4.166960715479219209e-05,4.826533941476404003e-06,1.526717665462385201e-02,9.823772511822618288e-04,0.000000000000000000e+00,0.000000000000000000e+00,2.000000000000000389e-01,2.950537810677690380e-03
6.806231664016150539e-05,1.000000000000000000e+00,1.862702363189584108e-05,0.000000000000000000e+00,3.106547463776707877e-03,1.428503404599780837e-04,1.252745282081754751e-04,3.640620416114577207e-01,1.792295369206247518e-02,8.610086100861008215e-03,7.463684587034374606e-06,2.693081648362856059e-02,3.012619527449223854e-04,1.142253939438654317e-02,7.938935960689780811e-04,4.157376589534363988e-03,8.720930232558139414e-03,1.226327038030390154e-05,4.858488054923991839e-07,7.633588327311926873e-03,5.651382943610664148e-04,0.000000000000000000e+00,7.796981995515504804e-03,1.000000000000000056e-01,1.662652393661447547e-03
5.430805682139761264e-04,5.333333329999999650e-01,1.312538836466994982e-04,0.000000000000000000e+00,8.205079560814817000e-03,1.018999095281176862e-03,4.523544809992060948e-04,5.948171079587634136e-01,3.178337121392412618e-02,2.706027060270602830e-02,3.600390770593157153e-05,6.735994708996051461e-02,2.019570869684357995e-03,5.474165467601299628e-02,3.875442798049818279e-03,1.051068323824662538e-02,2.267441860465116421e-02,2.377964789245549601e-04,5.274027254464446591e-06,3.816793691136879940e-02,1.546497889551081426e-03,4.587075837315321598e-03,1.758091965234412357e-02,2.000000000000000389e-01,4.877061116083349773e-03
1.361246332803230379e-04,1.000000000000000000e+00,5.732402177018663475e-05,0.000000000000000000e+00,6.070810310891887156e-03,3.904575972572734560e-04,2.560583031628675655e-04,5.019614706514401448e-01,3.226131664571245394e-02,1.476014760147601607e-02,1.846281585727079717e-05,3.348244479599534612e-02,6.806288563937132850e-04,1.895103126692108259e-02,1.806615280948097382e-03,6.396888973763379706e-03,1.627906976744186024e-02,4.166960715479219209e-05,4.826533941476404003e-06,1.526717665462385201e-02,9.823772511822618288e-04,0.000000000000000000e+00,0.000000000000000000e+00,2.000000000000000389e-01,2.950537810677690380e-03
1.304527735829970076e-04,0.000000000000000000e+00,9.718469123908584408e-06,1.683501683501683428e-03,1.470274372169128995e-03,1.142802723679824670e-04,8.612675073909324165e-05,5.095736199908886821e-01,6.571749687089573598e-03,6.150061500615006983e-03,6.103246006128344641e-06,2.569135496083091441e-02,3.682090534795896646e-04,7.528491872534536812e-03,1.070849805193689738e-03,2.590859976611014758e-03,6.976744186046511531e-03,1.712540648802931924e-04,4.347076820417787611e-06,7.633588327311926873e-03,4.192742688056891038e-04,9.233916012574585469e-03,7.796981995515504804e-03,0.000000000000000000e+00,1.434036881870273065e-03
1.849026268951262228e-04,0.000000000000000000e+00,6.984633365809001654e-05,0.000000000000000000e+00,4.956247480376580090e-03,1.523736964906432893e-04,4.506744368695086967e-04,5.095736199908886821e-01,8.961476846031235857e-03,9.840098400984010132e-03,9.066995815721496917e-05,3.872875976793616060e-02,4.574718542721192827e-04,9.241872781692517941e-03,2.718703354758759960e-03,8.337035314093937943e-03,9.302325581395348708e-03,8.403280279499927927e-04,2.356618051207709074e-03,7.633588327311926873e-03,3.839955277411327347e-03,1.441566587455103132e-01,7.796981995515504804e-03,1.000000000000000056e-01,6.757560727629958151e-03
3.534004902260502083e-04,3.333333330000000094e-01,3.698026977044895547e-05,0.000000000000000000e+00,3.770542341530507859e-03,2.904623589352887296e-04,1.853905902242942289e-04,6.251071453698140434e-01,1.553322653312081032e-02,1.230012300123001223e-02,1.239539657939231212e-05,1.705619489958979523e-02,7.141024067610469246e-04,1.731923992323406922e-02,1.747096510629581002e-03,4.860524988332140701e-03,1.220930232558139518e-02,1.621484380891987948e-04,4.602787284982383133e-06,1.526717665462385201e-02,7.839343326941323542e-04,1.843794699828039604e-02,0.000000000000000000e+00,1.000000000000000056e-01,2.364733193471926787e-03
5.120879061627508924e-04,0.000000000000000000e+00,9.487276272718582200e-06,2.525252525252525033e-03,1.968270530484479090e-03,1.618970525213084949e-04,1.502620753698352023e-04,6.794314936609007205e-01,5.974317897354157816e-03,4.920049200492005066e-03,7.602757432149738519e-06,2.154309100874743366e-02,6.471553060263795371e-04,1.142253939438654317e-02,2.922510216470350017e-03,1.905265366408603932e-03,6.976744186046511531e-03,4.498583832364690636e-04,5.908573838690017689e-04,1.526717665462385201e-02,5.525872037900222923e-04,3.993031407319895532e-02,0.000000000000000000e+00,1.000000000000000056e-01,3.278395252528996766e-03
8.530477016631497897e-04,0.000000000000000000e+00,4.188220778680515344e-06,1.262626262626262603e-02,1.446560269392207490e-03,1.809437645826389061e-04,9.063234901057709385e-05,8.153177919854218691e-01,3.584590738412494690e-03,7.380073800738007166e-03,2.134621608632540378e-06,2.154309100874743366e-02,1.227363511598632143e-03,2.284507878877308981e-02,3.194325542412001628e-03,1.544989812132439508e-03,5.813953488372092943e-03,4.274945269049252867e-04,3.071721847864167650e-05,3.053434858405687166e-02,1.224579377337004741e-04,2.960554456672006771e-02,9.783953934011066153e-03,1.000000000000000056e-01,2.470170112560259989e-03
0.000000000000000000e+00,0.000000000000000000e+00,2.865755588462642080e-07,0.000000000000000000e+00,1.659987194384500225e-04,4.761678015332602792e-06,7.908378796390328147e-06,0.000000000000000000e+00,5.974317897354157816e-04,1.230012300123001267e-03,1.690370178334281843e-07,2.154309100874743366e-02,1.115785002893113562e-05,0.000000000000000000e+00,4.946518922236054676e-04,3.602000223519788023e-04,5.813953488372092943e-04,3.815479928413199114e-05,2.505962445015000713e-05,0.000000000000000000e+00,5.427498625316363957e-05,0.000000000000000000e+00,1.559394771384856743e-02,0.000000000000000000e+00,8.546241064783423194e-04
1.769620232644199221e-04,0.000000000000000000e+00,3.261198455948898625e-06,0.000000000000000000e+00,1.446560269392207490e-03,8.571020427598685025e-05,6.906557377049605748e-05,5.095736199908886821e-01,4.779454317883326253e-03,3.690036900369004016e-03,2.332320009065856119e-06,2.154309100874743366e-02,3.012619527449223854e-04,5.711269697193272453e-03,1.547620033213293212e-03,1.284553293771884984e-03,5.232558139534883648e-03,1.976011167514683776e-04,1.294534216086460482e-04,7.633588327311926873e-03,2.333824408886036705e-04,7.859170481849345538e-03,7.796981995515504804e-03,1.000000000000000056e-01,2.001847298627756379e-03
0.000000000000000000e+00,0.000000000000000000e+00,2.016642821158117864e-07,0.000000000000000000e+00,2.134269249922929248e-04,1.428503404599780837e-05,9.382989862213357920e-06,0.000000000000000000e+00,1.792295369206247345e-03,1.230012300123001267e-03,2.335251286831753329e-07,2.154309100874743366e-02,3.347355022706354014e-05,0.000000000000000000e+00,3.221633222899140340e-04,4.122571177521481677e-04,1.744186046511627883e-03,4.606017446424960919e-05,1.300925911292046564e-06,0.000000000000000000e+00,2.510218114208818415e-05,0.000000000000000000e+00,1.559394771384856743e-02,0.000000000000000000e+00,4.226802687175333986e-04
0.000000000000000000e+00,0.000000000000000000e+00,2.016642821158117864e-07,0.000000000000000000e+00,2.134269249922929248e-04,1.428503404599780837e-05,9.382989862213357920e-06,0.000000000000000000e+00,1.792295369206247345e-03,1.230012300123001267e-03,2.335251286831753329e-07,2.154309100874743366e-02,3.347355022706354014e-05,0.000000000000000000e+00,3.221633222899140340e-04,4.122571177521481677e-04,1.744186046511627883e-03,4.606017446424960919e-05,1.300925911292046564e-06,0.000000000000000000e+00,2.510218114208818415e-05,0.000000000000000000e+00,1.559394771384856743e-02,0.000000000000000000e+00,4.226802687175333986e-04
0.000000000000000000e+00,0.000000000000000000e+00,2.016642821158117864e-07,0.000000000000000000e+00,2.134269249922929248e-04,1.428503404599780837e-05,9.382989862213357920e-06,0.000000000000000000e+00,1.792295369206247345e-03,1.230012300123001267e-03,2.335251286831753329e-07,2.154309100874743366e-02,3.347355022706354014e-05,0.000000000000000000e+00,3.221633222899140340e-04,4.122571177521481677e-04,1.744186046511627883e-03,4.606017446424960919e-05,1.300925911292046564e-06,0.000000000000000000e+00,2.510218114208818415e-05,0.000000000000000000e+00,1.559394771384856743e-02,0.000000000000000000e+00,4.226802687175333986e-04
0.000000000000000000e+00,0.000000000000000000e+00,2.101554097946273611e-06,0.000000000000000000e+00,5.454243638691929968e-04,1.904671206133041117e-05,4.383686103321920952e-05,0.000000000000000000e+00,2.389727158941663127e-03,1.230012300123001267e-03,2.646292427546443113e-06,2.154309100874743366e-02,4.463140039626478872e-05,0.000000000000000000e+00,8.534902406486060116e-04,1.458127282230723852e-03,2.325581395348837177e-03,9.172410663835067464e-05,5.884920620717792785e-04,0.000000000000000000e+00,5.149339320768900330e-04,0.000000000000000000e+00,1.559394771384856743e-02,0.000000000000000000e+00,2.331034761421237316e-03
0.000000000000000000e+00,0.000000000000000000e+00,2.122781916962989821e-07,0.000000000000000000e+00,9.485641110768572326e-05,0.000000000000000000e+00,4.946729220600986938e-06,0.000000000000000000e+00,0.000000000000000000e+00,0.000000000000000000e+00,1.661057400675306034e-07,2.154309100874743366e-02,0.000000000000000000e+00,0.000000000000000000e+00,2.594452006640591201e-04,6.681918929516379247e-04,0.000000000000000000e+00,2.106053240728720402e-05,1.847497334675881215e-07,0.000000000000000000e+00,3.222577308781590888e-05,0.000000000000000000e+00,1.559394771384856743e-02,0.000000000000000000e+00,4.387837072211687702e-04
0.000000000000000000e+00,0.000000000000000000e+00,3.660949693765636883e-04,0.000000000000000000e+00,1.010220778296853049e-02,2.142755106899671121e-04,2.913028033246372033e-03,0.000000000000000000e+00,2.688443053809370931e-02,1.230012300123001223e-02,8.689567747559817472e-04,2.206571303745954657e-02,5.021032546683839833e-04,1.030247539398969694e-03,1.946738691829473207e-03,1.417342681840259855e-02,2.616279069767441651e-02,1.506188197266044963e-03,2.402954706184759828e-02,0.000000000000000000e+00,2.064111649074221178e-02,0.000000000000000000e+00,1.559394771384856743e-02,0.000000000000000000e+00,1.582628227923644701e-02
5.044517660333825045e-04,3.333333330000000094e-01,1.242553535026283667e-03,0.000000000000000000e+00,3.680428750978206875e-02,9.190038569591923523e-04,6.129500377819623209e-03,6.444825693611815343e-01,5.058255819958997618e-02,2.460024600246002446e-02,1.356708692797689965e-03,6.999359253269228642e-03,2.253885721133532406e-03,1.535374932002408002e-02,6.763875021023320160e-03,2.202447006220115480e-02,3.779069767441860239e-02,2.656688757257502295e-03,2.728312071068571959e-02,1.526717665462385201e-02,2.520191142932836845e-02,4.246294506734242524e-03,0.000000000000000000e+00,2.000000000000000389e-01,2.304835438530276892e-02
0.000000000000000000e+00,0.000000000000000000e+00,2.759510353214015394e-04,0.000000000000000000e+00,8.181365458037895277e-03,1.571353745059758786e-04,2.388265987502317424e-03,0.000000000000000000e+00,1.971524906126872340e-02,1.230012300123001223e-02,5.864480404194803102e-04,2.257227267026596512e-02,3.682090534795896646e-04,1.487809754874114265e-03,1.833302221946756091e-03,1.330419727148817420e-02,1.918604651162790498e-02,1.298120940773624197e-03,2.144114984810055469e-02,0.000000000000000000e+00,1.929034777036660320e-02,0.000000000000000000e+00,1.559394771384856743e-02,0.000000000000000000e+00,1.431053039745892007e-02
6.392519541393850910e-04,3.333333330000000094e-01,5.202345684372345182e-04,3.367003367003366856e-03,1.368303730228366717e-02,6.190181419932383900e-04,1.998390775533051902e-03,7.023608614097043290e-01,2.509213516888746109e-02,2.214022140221402063e-02,3.307816679803622022e-04,1.787999686549620508e-03,1.372415562676087674e-03,2.088692917749093020e-02,5.996347592053383711e-03,2.198782162925930206e-02,1.976744186046511254e-02,1.480323314069596904e-03,1.411843320198038175e-02,2.290076498193577975e-02,1.675536669367977752e-02,9.247350985445400295e-03,1.986971938495559181e-03,2.000000000000000389e-01,1.949373687760964577e-02
1.113669656024642669e-03,8.939393939999999983e-01,5.392612154640402666e-03,0.000000000000000000e+00,1.053143304323080759e-01,9.304318841959905231e-03,4.645325147133436139e-03,7.482593018646341854e-01,1.832395715020617710e-01,1.303813038130381130e-01,1.136706851238718317e-03,5.021859345297543381e-02,8.513439630286554968e-03,1.142251561837079737e-01,1.303855608043305234e-02,6.409777860946125339e-02,1.000000000000000056e-01,9.127556144368973150e-04,2.259841122871577925e-05,8.396946687524035891e-02,2.656624889626726937e-02,1.847684583166577573e-03,6.436277907107226803e-02,8.000000000000000444e-01,2.765884156956137027e-02
2.153995158854013405e-03,7.692307689999999809e-01,5.652447062887833509e-03,0.000000000000000000e+00,1.078754535322156011e-01,1.026617780105709178e-02,4.921979152174427510e-03,7.737501096971871606e-01,1.742662574412646159e-01,1.353013530135301346e-01,1.221382346364672643e-03,4.271220724864816659e-02,9.662698191402131070e-03,1.225524270470922383e-01,1.423855845930382946e-02,6.679672578906814540e-02,1.023255813953488358e-01,1.288476569620735116e-03,2.304590454170382099e-05,9.160305520255229705e-02,2.709271626292295704e-02,2.192678453635251313e-03,7.215976106658776590e-02,8.000000000000000444e-01,2.879587204062455941e-02
1.113669656024642669e-03,8.939393939999999983e-01,5.392612154640402666e-03,0.000000000000000000e+00,1.053143304323080759e-01,9.304318841959905231e-03,4.645325147133436139e-03,7.482593018646341854e-01,1.832395715020617710e-01,1.303813038130381130e-01,1.136706851238718317e-03,5.021859345297543381e-02,8.513439630286554968e-03,1.142251561837079737e-01,1.303855608043305234e-02,6.409777860946125339e-02,1.000000000000000056e-01,9.127556144368973150e-04,2.259841122871577925e-05,8.396946687524035891e-02,2.656624889626726937e-02,1.847684583166577573e-03,6.436277907107226803e-02,8.000000000000000444e-01,2.765884156956137027e-02
1.113669656024642669e-03,8.939393939999999983e-01,5.392612154640402666e-03,0.000000000000000000e+00,1.053143304323080759e-01,9.304318841959905231e-03,4.645325147133436139e-03,7.482593018646341854e-01,1.832395715020617710e-01,1.303813038130381130e-01,1.136706851238718317e-03,5.021859345297543381e-02,8.513439630286554968e-03,1.142251561837079737e-01,1.303855608043305234e-02,6.409777860946125339e-02,1.000000000000000056e-01,9.127556144368973150e-04,2.259841122871577925e-05,8.396946687524035891e-02,2.656624889626726937e-02,1.847684583166577573e-03,6.436277907107226803e-02,8.000000000000000444e-01,2.765884156956137027e-02
1.283699279828067440e-02,2.597402600000000006e-01,8.117887432618082696e-03,0.000000000000000000e+00,1.255898883065759142e-01,2.041807532974620337e-02,7.648139298416573549e-03,9.001248291286272352e-01,1.455638675968297935e-01,1.660516605166051651e-01,2.305533015748495191e-03,6.829718722346024562e-02,2.375506287444800052e-02,2.055641694352946247e-01,2.953822698828291460e-02,8.944918930334613827e-02,1.244186046511627924e-01,6.139637788070887933e-03,2.732905482316079048e-05,1.603053406979779438e-01,3.023998702827828539e-02,6.271370173410262261e-02,1.423325501946800242e-01,8.000000000000000444e-01,4.077805480564502399e-02
2.153995158854013405e-03,7.692307689999999809e-01,5.652447062887833509e-03,0.000000000000000000e+00,1.078754535322156011e-01,1.026617780105709178e-02,4.921979152174427510e-03,7.737501096971871606e-01,1.742662574412646159e-01,1.353013530135301346e-01,1.221382346364672643e-03,4.271220724864816659e-02,9.662698191402131070e-03,1.225524270470922383e-01,1.423855845930382946e-02,6.679672578906814540e-02,1.023255813953488358e-01,1.288476569620735116e-03,2.304590454170382099e-05,9.160305520255229705e-02,2.709271626292295704e-02,2.192678453635251313e-03,7.215976106658776590e-02,8.000000000000000444e-01,2.879587204062455941e-02
9.089612609583058679e-04,9.454545450000000351e-01,5.079457038840395205e-03,0.000000000000000000e+00,1.001920842324930533e-01,8.161516118280080778e-03,4.286313593769283670e-03,7.458625406876573383e-01,1.801202534125705690e-01,1.205412054120541254e-01,1.022432616022848169e-03,4.584457472950918128e-02,7.431128170186191047e-03,1.025083998741800617e-01,1.172490468765243279e-02,5.950234295399531997e-02,9.534883720930233120e-02,7.474196673182842161e-04,2.138378652203395264e-05,7.633587854792842076e-02,2.524329610634640578e-02,8.750565642079988216e-04,5.656581335273921235e-02,8.000000000000000444e-01,2.619374337582331888e-02
1.283699279828067440e-02,2.597402600000000006e-01,8.117887432618082696e-03,0.000000000000000000e+00,1.255898883065759142e-01,2.041807532974620337e-02,7.648139298416573549e-03,9.001248291286272352e-01,1.455638675968297935e-01,1.660516605166051651e-01,2.305533015748495191e-03,6.829718722346024562e-02,2.375506287444800052e-02,2.055641694352946247e-01,2.953822698828291460e-02,8.944918930334613827e-02,1.244186046511627924e-01,6.139637788070887933e-03,2.732905482316079048e-05,1.603053406979779438e-01,3.023998702827828539e-02,6.271370173410262261e-02,1.423325501946800242e-01,8.000000000000000444e-01,4.077805480564502399e-02
3.810876271896080237e-03,7.564102560000000031e-01,5.718123396982138437e-03,0.000000000000000000e+00,1.085157343071924824e-01,1.032807961525641395e-02,4.946152369640269449e-03,7.807913082932641524e-01,1.740441353487431342e-01,1.365313653136531191e-01,1.229075973407565319e-03,1.466203003288838770e-02,9.662698191402131070e-03,1.241486537089802611e-01,1.427676804024904933e-02,6.699205317409044624e-02,1.029069767441860433e-01,1.311190564742617743e-03,2.301394073363324634e-05,9.160305520255229705e-02,2.726707465626124552e-02,2.261899572100257733e-03,7.215976106658776590e-02,8.000000000000000444e-01,2.887453190196116043e-02
1.113669656024642669e-03,8.939393939999999983e-01,5.392612154640402666e-03,0.000000000000000000e+00,1.053143304323080759e-01,9.304318841959905231e-03,4.645325147133436139e-03,7.482593018646341854e-01,1.832395715020617710e-01,1.303813038130381130e-01,1.136706851238718317e-03,5.021859345297543381e-02,8.513439630286554968e-03,1.142251561837079737e-01,1.303855608043305234e-02,6.409777860946125339e-02,1.000000000000000056e-01,9.127556144368973150e-04,2.259841122871577925e-05,8.396946687524035891e-02,2.656624889626726937e-02,1.847684583166577573e-03,6.436277907107226803e-02,8.000000000000000444e-01,2.765884156956137027e-02
3.407663015487965956e-03,5.583333329999999872e-01,7.160879783035231476e-03,0.000000000000000000e+00,1.157722497569304287e-01,1.400885672110851674e-02,5.909083522401358153e-03,8.214926328765879138e-01,1.701087449107496763e-01,1.500615006150061437e-01,1.613240769270336394e-03,9.019041977022174139e-02,1.369068207933921318e-02,1.548906611883985041e-01,1.837633007544550723e-02,7.532893745432089894e-02,1.145348837209302362e-01,2.551114074937117868e-03,2.515551587436173109e-05,1.145038154592972340e-01,2.920944072679634157e-02,3.993610703001859719e-03,9.555069077595185201e-02,8.000000000000000444e-01,3.323901591119959170e-02
4.764362164811305513e-04,1.000000000000000000e+00,2.585400140523265618e-03,0.000000000000000000e+00,6.609120443928002964e-02,3.914099328603399576e-03,2.509795147804009478e-03,7.137588767482555552e-01,1.218760851060248090e-01,8.733087330873309795e-02,4.554961375057709340e-04,2.284569390331401412e-02,3.693248385245638012e-03,7.669642773324875096e-02,6.242373401309158493e-03,4.426358875703988865e-02,6.279069767441861072e-02,2.670246310247712104e-04,1.547048202897768605e-05,5.343511356599265488e-02,1.843517751821519349e-02,0.000000000000000000e+00,3.317488364337514012e-02,7.000000000000000666e-01,1.882896182212411354e-02
5.444985331212920431e-04,1.000000000000000000e+00,3.224999472198112737e-03,0.000000000000000000e+00,7.991652635822522888e-02,4.875958287700585259e-03,3.017597371001918757e-03,7.153954723052857734e-01,1.350195844802039857e-01,9.840098400984009785e-02,5.544932044008419334e-04,2.906338994502294382e-02,4.463140042011070827e-03,8.780744335193053918e-02,7.322178874640533977e-03,4.928501336300993019e-02,6.976744186046511531e-02,3.129795502565871617e-04,1.726045528092985302e-05,6.106870189330457221e-02,2.064552633337528309e-02,0.000000000000000000e+00,4.097184936170819580e-02,8.000000000000000444e-01,2.107314966515259902e-02
9.794491470464848724e-04,3.333333330000000094e-01,4.767996227630107295e-04,0.000000000000000000e+00,2.435438355189831205e-02,9.047188229131945033e-04,9.616632069147173188e-04,7.195728742910446618e-01,3.704077096359578020e-02,3.321033210332103441e-02,1.419692732456002005e-04,2.529121036989347496e-02,1.640203965334216443e-03,3.066823135352700347e-02,3.261547997940277780e-03,1.912593544757281577e-02,2.848837209302325368e-02,5.112666493936596354e-04,5.913303415875934550e-06,2.290076498193577975e-02,6.661236906583590384e-03,2.401147735928712244e-03,1.986971938495559181e-03,3.000000000000000444e-01,8.518047622474957808e-03
2.939502950743387859e-04,6.666666669999999906e-01,3.990958767448847273e-04,0.000000000000000000e+00,1.617301809386041678e-02,7.904385505452120363e-04,6.892765801915193453e-04,6.185878520753317344e-01,5.456543679384320833e-02,2.706027060270602830e-02,1.591126884106875490e-04,1.613215984468584219e-02,1.082311460240636481e-03,1.672586125851369815e-02,2.207509779021295249e-03,1.629279699659010039e-02,3.255813953488372048e-02,2.668124377110678096e-04,5.433846294817318157e-06,1.526717665462385201e-02,6.120522356036447488e-03,6.801794391095164067e-07,0.000000000000000000e+00,2.000000000000000389e-01,7.479177624069365676e-03
2.117982491419616829e-03,5.238095240000000263e-01,1.196753000128938363e-03,0.000000000000000000e+00,3.474116056818989801e-02,2.857006809199562000e-03,1.740016241287748290e-03,7.731174393969623138e-01,7.709714998026404031e-02,4.797047970479705048e-02,3.534798545118254700e-04,8.116743896793591692e-03,4.083773139063630146e-03,4.945059980248384807e-02,8.129877395927367911e-03,2.732495753444754219e-02,5.232558139534883301e-02,1.171939270329513862e-03,3.452091163904003637e-05,4.580152523868072367e-02,9.035428336495416463e-03,1.668664298426659753e-01,2.537790164785963531e-02,4.000000000000000222e-01,1.414826326036628355e-02
4.849440060611507784e-04,6.666666669999999906e-01,7.153768946466457094e-04,0.000000000000000000e+00,2.530294766297517053e-02,1.266606352078472261e-03,1.048609524010832381e-03,6.824504849937759188e-01,6.551835296089832117e-02,3.813038130381304208e-02,2.221169213158314456e-04,1.079162016126832338e-02,1.684835366011021383e-03,2.628111215095627062e-02,3.557438057669779548e-03,2.131864780630080697e-02,3.953488372093023201e-02,3.809884187487596447e-04,8.342552829239589470e-06,2.290076498193577975e-02,8.505229564534824704e-03,2.216667639399475063e-03,1.986971938495559181e-03,3.000000000000000444e-01,9.947723073508883337e-03
5.035261819611554701e-04,8.000000000000000444e-01,8.335101347522623884e-04,0.000000000000000000e+00,3.118404515165168478e-02,1.728489119565734854e-03,1.324293350927903748e-03,6.856356808968420147e-01,7.730767359176279885e-02,3.936039360393604053e-02,2.556865656859497746e-04,2.262626795625318626e-02,2.343148522487142286e-03,3.460830375905097483e-02,4.456029781704499981e-03,2.312399861236583837e-02,4.360465116279069880e-02,3.916026651245242598e-04,7.383638587122357532e-06,3.053434858405687166e-02,8.227070259987361023e-03,5.490677074791496795e-04,9.783953934011066153e-03,4.000000000000000222e-01,1.122101882437490615e-02
8.183766411800901409e-04,7.333333330000000316e-01,1.351354306977541834e-03,0.000000000000000000e+00,3.592686570703597371e-02,2.561782772248940437e-03,1.636566355379073063e-03,7.302700587619610495e-01,9.200449561925402864e-02,5.043050430504305431e-02,3.629039125291862525e-04,1.839568923213429075e-02,3.090724478914172631e-03,4.381412054696878083e-02,5.205471087629824981e-03,2.824121370263554462e-02,5.406976744186046263e-02,5.840810047801762214e-04,9.237539455215672951e-06,3.816793691136879940e-02,1.045234469636707048e-02,1.408943123869712608e-05,1.758091965234412357e-02,4.000000000000000222e-01,1.350044825488735077e-02
1.035851630631979322e-03,6.785714290000000037e-01,1.398800895913297716e-03,0.000000000000000000e+00,3.651971827645900809e-02,3.609351935622112997e-03,1.925744981208297622e-03,7.296276933140422027e-01,9.407417002515983118e-02,5.658056580565806043e-02,4.233054964757426383e-04,4.996625494905049258e-02,4.675139194524544940e-03,6.106804759502366259e-02,8.337214867986006764e-03,3.231547417869118366e-02,5.813953488372092943e-02,9.277982904026950244e-04,1.035627273768577730e-05,5.343511356599265488e-02,1.051984921051944341e-02,3.498085692126562396e-03,3.317488364337514012e-02,4.000000000000000222e-01,1.582196396444374847e-02
1.979994665833732554e-04,0.000000000000000000e+00,2.139887143511145552e-04,0.000000000000000000e+00,9.651639830207024706e-03,4.095043093186038130e-04,4.096020227624124106e-04,5.095736199908886821e-01,2.509213516888746109e-02,2.091020910209102218e-02,1.103694475341650136e-04,2.492942593143904206e-02,5.913660556011837753e-04,8.678163043640205188e-03,1.347039258542695678e-03,1.249096761490205848e-02,2.500000000000000139e-02,6.043269167107868977e-04,4.442968244629511567e-06,7.633588327311926873e-03,5.148660883440735712e-03,6.801794391095164067e-07,7.796981995515504804e-03,1.000000000000000056e-01,5.615035686110558116e-03
2.776470768792609067e-03,4.090909090000000026e-01,2.021051296025028112e-03,0.000000000000000000e+00,4.185539140126633140e-02,6.104471215656396589e-03,2.689636090055552448e-03,7.897442660862830088e-01,8.888155673465795992e-02,7.503075030750308572e-02,6.377587549213995779e-04,1.236520488760949332e-01,8.647333832316972391e-03,9.915924958492049190e-02,1.295142266596358178e-02,4.398828741207212734e-02,6.744186046511628507e-02,2.419294170752844374e-03,1.233802883806139218e-05,8.396946687524035891e-02,1.276106692411101834e-02,1.393381589987799721e-02,6.436277907107226803e-02,4.000000000000000222e-01,2.070792352831539451e-02
3.658349519408680864e-04,8.333333330000000094e-01,6.270503516307733083e-04,0.000000000000000000e+00,2.359553226303682735e-02,1.266606352078472261e-03,1.012384592843068760e-03,6.654781602560707610e-01,7.218967457311500913e-02,3.321033210332103441e-02,2.156466141939068087e-04,2.753646093772854631e-02,1.729466766687826323e-03,2.470876961344178543e-02,3.470448812064092729e-03,1.978671003960267086e-02,3.953488372093023201e-02,2.854197320912025735e-04,6.616507193428571812e-06,2.290076498193577975e-02,7.323052520208104058e-03,6.801794391095164067e-07,1.986971938495559181e-03,3.000000000000000444e-01,9.682911745635206999e-03
3.658349519408680864e-04,8.333333330000000094e-01,5.815966498660836686e-04,0.000000000000000000e+00,2.293153738528302607e-02,1.209466215894481082e-03,9.745347950125553445e-04,6.511446961413472900e-01,6.890379972957022536e-02,3.321033210332103441e-02,1.990972713227080564e-04,2.337046559598358192e-02,1.595572564657411502e-03,2.631263538982454159e-02,3.079737093636885931e-03,1.959115605131158538e-02,3.779069767441860239e-02,2.638566353230472391e-04,6.232941496581678529e-06,2.290076498193577975e-02,7.038108842378995068e-03,6.801794391095164067e-07,1.986971938495559181e-03,3.000000000000000444e-01,9.210076197642034015e-03
4.602380707124876548e-03,4.222222219999999804e-01,1.745147180941702654e-03,0.000000000000000000e+00,4.197396191515093827e-02,4.847388219608590211e-03,2.582137417929475289e-03,7.998442832702266081e-01,8.547257473806121886e-02,6.642066420664206883e-02,6.540823894046241633e-04,1.583007197488839682e-02,7.085234817045003852e-03,7.961154311412108053e-02,1.222529042712143174e-02,3.833865789312317085e-02,6.337209302325581828e-02,2.489734531695784146e-03,1.559833726125998127e-05,6.870229022061651036e-02,1.202530164171656916e-02,8.962357229406914261e-02,4.876883135722370755e-02,4.000000000000000222e-01,1.899014934161580986e-02
2.939502950743387859e-04,6.666666669999999906e-01,3.990958767448847273e-04,0.000000000000000000e+00,1.617301809386041678e-02,7.904385505452120363e-04,6.892765801915193453e-04,6.185878520753317344e-01,5.456543679384320833e-02,2.706027060270602830e-02,1.591126884106875490e-04,1.613215984468584219e-02,1.082311460240636481e-03,1.672586125851369815e-02,2.207509779021295249e-03,1.629279699659010039e-02,3.255813953488372048e-02,2.668124377110678096e-04,5.433846294817318157e-06,1.526717665462385201e-02,6.120522356036447488e-03,6.801794391095164067e-07,0.000000000000000000e+00,2.000000000000000389e-01,7.479177624069365676e-03
1.298194290881016450e-03,5.999999999999999778e-01,5.948968503045594337e-04,0.000000000000000000e+00,3.106547463776707790e-02,1.323746488262463441e-03,1.257655874489564196e-03,7.074157787243575690e-01,5.233502478082242143e-02,3.444034440344403980e-02,1.806647453356848574e-04,1.650154154271661665e-03,2.343148522487142286e-03,3.798514188972491878e-02,4.236134188096217328e-03,2.098349440539016772e-02,3.372093023255813560e-02,4.292538081494628685e-04,5.881339607805359898e-06,3.053434858405687166e-02,6.364081356847519147e-03,1.218338554491686957e-03,9.783953934011066153e-03,4.000000000000000222e-01,9.939019333659055572e-03
6.806231664016150539e-05,1.000000000000000000e+00,1.189177683133705937e-04,0.000000000000000000e+00,9.699068035760866416e-03,2.666539688586257563e-04,3.904620164367560934e-04,4.360244226365529441e-01,3.345618022518328377e-02,1.599015990159901451e-02,6.571371065342190485e-05,3.544026793518380986e-02,6.136817557993160714e-04,1.109670413631391392e-02,1.274484598777115337e-03,9.908355797875094753e-03,1.627906976744186024e-02,5.340071265105075804e-05,3.196379729877109031e-06,7.633588327311926873e-03,3.524821138478895916e-03,0.000000000000000000e+00,7.796981995515504804e-03,1.000000000000000056e-01,4.502824417467848374e-03
2.268743887778509275e-03,0.000000000000000000e+00,2.350666207265996528e-04,4.208754208754208678e-03,1.062391804406080317e-02,4.428360554259320190e-04,1.908374764218959824e-03,8.153177919854218691e-01,1.015634042550206916e-02,1.599015990159901451e-02,2.683079963508457587e-04,6.500111148308160280e-02,1.785256016832482279e-03,2.855634848596635966e-02,7.634154651824710293e-03,1.881741485350385892e-02,1.220930232558139518e-02,3.417982217317025017e-03,9.468341600254021745e-03,3.053434858405687166e-02,8.845126665945262506e-03,1.431246150520177479e-02,9.783953934011066153e-03,2.000000000000000389e-01,1.711767933405596714e-02
5.293735738830478285e-04,0.000000000000000000e+00,2.385506201202784149e-05,2.525252525252525033e-03,3.723114135976664848e-03,1.904671206133041117e-04,2.810302462292861851e-04,6.794314936609007205e-01,7.169181476824989380e-03,9.840098400984010132e-03,1.906861326222296691e-05,2.542327450780138692e-02,7.141024067610469246e-04,1.244240898561874142e-02,3.077752660435571688e-03,4.495747683398690527e-03,8.139534883720930120e-03,6.046014859643814411e-04,1.236909872591452015e-03,1.526717665462385201e-02,2.196101631268633503e-03,9.461781840469880162e-03,0.000000000000000000e+00,1.000000000000000056e-01,5.122992992507416354e-03
0.000000000000000000e+00,0.000000000000000000e+00,8.915684053091057416e-07,0.000000000000000000e+00,4.742820555384286976e-04,1.428503404599780837e-05,2.948304753313867537e-05,0.000000000000000000e+00,1.792295369206247345e-03,2.460024600246002967e-03,1.413852975751274936e-06,2.154309100874743366e-02,3.347355022706354014e-05,0.000000000000000000e+00,7.200261456294348560e-04,1.136856777920427618e-03,1.744186046511627883e-03,5.344134654825931927e-05,4.015549269518318997e-04,0.000000000000000000e+00,4.796551910123336639e-04,0.000000000000000000e+00,1.559394771384856743e-02,0.000000000000000000e+00,1.750645040609248278e-03
5.354302933791242267e-03,1.785714290000000037e-01,1.599257075026986339e-03,1.346801346801346742e-02,5.110389148426568856e-02,2.771296604923575123e-03,6.985285505231354081e-03,8.482619354430170899e-01,5.020560718996875532e-02,4.182041820418204436e-02,1.420614456464612150e-03,1.104569441869928705e-02,7.085234817045003852e-03,4.840803911971644502e-02,1.583412855032502453e-02,3.033873983245736344e-02,4.534883720930232148e-02,7.470576965750481795e-03,1.964421168236980819e-02,5.343511356599265488e-02,2.447835801884088239e-02,3.342434343807717395e-02,3.317488364337514012e-02,4.000000000000000222e-01,2.839655909644289711e-02
2.445790526114976441e-03,3.809523810000000066e-01,8.417316660839304927e-04,0.000000000000000000e+00,3.118404515165168478e-02,1.857054425979715170e-03,3.011241488980540958e-03,7.551439237744965727e-01,4.500652815807655582e-02,3.936039360393604053e-02,5.865652915301161749e-04,9.017599966417174859e-03,4.239983040029746998e-03,4.995478149049658451e-02,1.166441466113774146e-02,2.647365942825318993e-02,3.488372093023255766e-02,2.516743599368926124e-03,9.752621316472096305e-03,4.580152523868072367e-02,1.513966819665591573e-02,7.614005804605607046e-03,2.537790164785963531e-02,4.000000000000000222e-01,2.442989782800436202e-02
1.649202287766942440e-04,0.000000000000000000e+00,6.503400455421629880e-05,0.000000000000000000e+00,4.908819274822737513e-03,1.333269844293128782e-04,5.670057969992870796e-04,5.095736199908886821e-01,7.766613266560406029e-03,7.380073800738007166e-03,9.056378076258356636e-05,2.427821127183105512e-02,3.905247536777220691e-04,7.029255013248167198e-03,2.656285774804680901e-03,7.951033343562540975e-03,8.139534883720930120e-03,8.927015037466053864e-04,4.122011134753605054e-03,7.633588327311926873e-03,4.825046277906247863e-03,9.059532865450280528e-05,7.796981995515504804e-03,1.000000000000000056e-01,7.630058011234589106e-03
9.302646122458410301e-04,5.999999999999999778e-01,7.429268598793591040e-04,0.000000000000000000e+00,2.620408356849818557e-02,1.447550116661111249e-03,2.551216858764849844e-03,6.870314621525368537e-01,4.755557046293909518e-02,3.321033210332103441e-02,4.740628508749663260e-04,4.597645194011644454e-02,3.090724478914172631e-03,3.896662571177991058e-02,9.698133699159571658e-03,2.661692973286777092e-02,3.139534883720929842e-02,1.272937538863503325e-03,1.095083260770968528e-02,3.816793691136879940e-02,1.628453118793358328e-02,2.031490216050310833e-03,1.758091965234412357e-02,4.000000000000000222e-01,2.421559035266939927e-02
4.911804852820170902e-03,0.000000000000000000e+00,1.288630462457886683e-03,5.050505050505050067e-03,3.469373236263605803e-02,1.190419503833150617e-03,6.212286206094278819e-03,8.492893663117654368e-01,2.389727158941663127e-02,4.182041820418204436e-02,8.519367989545916908e-04,4.851621982207270783e-02,3.157671579929380041e-03,3.707792549411433741e-02,1.120174370617591474e-02,3.490538245005896795e-02,2.616279069767441651e-02,6.630856273055168830e-03,2.968027206798490303e-02,3.816793691136879940e-02,3.406230293515733615e-02,1.012591990482426298e-02,1.758091965234412357e-02,3.000000000000000444e-01,3.139978159027753679e-02
0.000000000000000000e+00,0.000000000000000000e+00,2.419971385360889800e-06,0.000000000000000000e+00,1.067134624961464705e-03,1.904671206133041117e-05,7.732640681929713316e-05,0.000000000000000000e+00,2.389727158941663127e-03,3.690036900369004016e-03,4.187493137349491851e-06,2.154309100874743366e-02,4.463140039626478872e-05,0.000000000000000000e+00,8.447254553894468013e-04,2.312794145227129762e-03,2.325581395348837177e-03,8.145753795152389234e-05,1.258734760742040177e-03,0.000000000000000000e+00,1.192014385585106299e-03,0.000000000000000000e+00,1.559394771384856743e-02,0.000000000000000000e+00,2.451491557389964132e-03
1.852807508386480526e-04,0.000000000000000000e+00,9.075809095385847282e-05,0.000000000000000000e+00,6.568806469207237250e-03,1.333269844293128782e-04,9.620012699750333032e-04,5.095736199908886821e-01,7.766613266560406029e-03,1.107011070110701031e-02,1.274744303907661370e-04,2.775137392567372102e-02,4.128404538758544194e-04,7.615026261020607472e-03,2.873219720672203544e-03,1.045525738604439862e-02,8.139534883720930120e-03,1.166744569244906795e-03,7.459643206055721273e-03,7.633588327311926873e-03,7.470951857747975058e-03,6.428781700370062241e-04,7.796981995515504804e-03,1.000000000000000056e-01,9.509159603394512841e-03
1.917628762167438534e-04,0.000000000000000000e+00,2.804688532608629785e-04,0.000000000000000000e+00,1.050534753017619630e-02,2.095138326746345228e-04,1.699066840587860980e-03,5.095736199908886821e-01,1.254606758444373228e-02,1.722017220172201643e-02,2.423362239499339879e-04,3.073613559877293525e-02,5.244189548665162794e-04,8.844099872577976251e-03,3.027963280753947703e-03,1.719705858127484541e-02,1.279069767441860447e-02,1.587723055810726352e-03,1.481309625001656083e-02,7.633588327311926873e-03,1.566952774995242215e-02,9.059532865450282223e-06,7.796981995515504804e-03,1.000000000000000056e-01,1.462604918896521014e-02
3.403115832008075676e-04,6.666666669999999906e-01,3.553875033316752392e-05,0.000000000000000000e+00,5.786241077568829959e-03,3.333174610732821683e-04,3.916238043791675635e-04,4.317220946012643168e-01,1.672809011259164536e-02,1.476014760147601607e-02,2.558647222346104711e-05,2.620652660141719464e-02,9.261015587134395835e-04,3.236386161933230143e-02,4.344808534027150976e-03,6.496123746789282671e-03,1.104651162790697659e-02,1.382543963094934770e-04,1.211910978299455622e-03,2.290076498193577975e-02,1.782254861088260851e-03,1.016462440122703785e-03,1.986971938495559181e-03,2.000000000000000389e-01,6.513202282567426976e-03
1.361246332803230379e-04,1.000000000000000000e+00,1.373433595926610096e-05,0.000000000000000000e+00,3.580829519315136249e-03,1.761820865673062897e-04,2.170056038237646028e-04,2.532140517832320858e-01,1.433836295364997876e-02,9.840098400984010132e-03,1.091054154220040641e-05,4.793553016260925642e-02,4.463140042431881132e-04,2.246432747372311550e-02,2.928461826622974756e-03,4.339349816418066989e-03,7.558139534883720825e-03,2.681794319618206710e-05,8.602163944797324270e-04,1.526717665462385201e-02,1.209314537453302311e-03,0.000000000000000000e+00,0.000000000000000000e+00,2.000000000000000389e-01,4.696376633751631405e-03
2.161788818869773195e-03,2.666666670000000239e-01,6.871021865158621986e-04,5.050505050505050067e-03,2.691550665180582683e-02,1.361839912385124371e-03,5.150276605131300610e-03,6.812008463948526771e-01,3.512898923644244831e-02,2.952029520295202866e-02,9.321326502591954603e-04,9.884381859522610447e-03,3.827142585873351960e-03,4.748337344161002865e-02,1.154558190034098500e-02,1.747678613747948376e-02,2.965116279069767574e-02,3.998405179555871054e-03,1.821120704256901091e-02,3.816793691136879940e-02,1.746467292027581095e-02,3.572229252045023423e-02,1.758091965234412357e-02,2.000000000000000389e-01,1.797300209011970865e-02
1.650010720393400247e-03,4.000000000000000222e-01,6.246695890639813011e-04,0.000000000000000000e+00,1.980127581872939690e-02,1.504690252845102428e-03,1.997783447974226228e-03,7.543816464814687706e-01,4.313457521889701995e-02,2.952029520295202866e-02,2.998661327784993280e-04,3.085389979818126474e-02,2.956830278286458683e-03,4.362583693038950966e-02,9.032198080358700559e-03,2.100135032168227653e-02,3.255813953488372048e-02,1.358993577128733438e-03,8.644145220011839256e-03,3.816793691136879940e-02,1.095201378856025878e-02,6.308229897426711336e-03,1.758091965234412357e-02,3.000000000000000444e-01,1.968959798983287157e-02
1.361246332803230379e-04,1.000000000000000000e+00,1.373433595926610096e-05,0.000000000000000000e+00,3.580829519315136249e-03,1.761820865673062897e-04,2.170056038237646028e-04,2.532140517832320858e-01,1.433836295364997876e-02,9.840098400984010132e-03,1.091054154220040641e-05,4.793553016260925642e-02,4.463140042431881132e-04,2.246432747372311550e-02,2.928461826622974756e-03,4.339349816418066989e-03,7.558139534883720825e-03,2.681794319618206710e-05,8.602163944797324270e-04,1.526717665462385201e-02,1.209314537453302311e-03,0.000000000000000000e+00,0.000000000000000000e+00,2.000000000000000389e-01,4.696376633751631405e-03
0.000000000000000000e+00,0.000000000000000000e+00,2.929439045281979315e-06,0.000000000000000000e+00,7.351371860845643891e-04,1.904671206133041117e-05,5.691979269121684036e-05,0.000000000000000000e+00,2.389727158941663127e-03,2.460024600246002967e-03,3.706437886212741426e-06,3.023468976283424925e-02,4.463140039626478872e-05,1.523005254488628973e-03,8.650284187661921864e-04,2.130669854495054975e-03,2.325581395348837177e-03,6.690209221130360626e-05,7.723351005704950445e-04,0.000000000000000000e+00,9.681300672908064878e-04,0.000000000000000000e+00,1.559394771384856743e-02,0.000000000000000000e+00,2.579304637841989874e-03
1.293184016163068453e-04,0.000000000000000000e+00,3.747248341998585491e-05,1.683501683501683428e-03,2.418838483245986173e-03,9.523356030665205583e-05,4.487445346916445828e-04,5.095736199908886821e-01,5.376886107618742035e-03,7.380073800738007166e-03,4.222049645234128513e-05,2.480243553454872241e-02,3.235776530833248555e-04,6.853523636631927117e-03,2.531410407444360366e-03,7.347119717790667227e-03,5.813953488372092943e-03,5.852734302278322876e-04,5.104802341499556362e-03,7.633588327311926873e-03,4.656115383193276322e-03,9.233916012574585469e-03,7.796981995515504804e-03,0.000000000000000000e+00,5.877875571412958904e-03
6.327098342113520856e-04,6.666666669999999906e-01,2.353246692420218791e-04,0.000000000000000000e+00,1.135905523014536789e-02,1.304699776201133192e-03,6.025257234000746739e-04,6.408962595256979533e-01,4.460824030223582010e-02,2.706027060270602830e-02,5.952122352419846030e-05,2.222757872787079272e-02,2.220412171327279353e-03,4.772989675429930440e-02,3.697800402270294984e-03,1.212588818227186560e-02,2.848837209302325368e-02,2.750154559585870034e-04,4.283139509653651808e-07,3.816793691136879940e-02,2.040739483118952577e-03,2.202195249989178337e-03,1.758091965234412357e-02,3.000000000000000444e-01,5.861852174333576949e-03
1.081434586691524180e-03,5.555555559999999504e-01,4.635999513884757361e-04,0.000000000000000000e+00,1.505845526334511145e-02,2.818913385076901069e-03,9.871676433410693854e-04,7.091880278747655364e-01,6.014146685327957653e-02,4.182041820418204436e-02,1.231048723344014292e-04,5.804280947620472919e-02,4.362719391189610364e-03,7.474510898899633382e-02,6.178856411791984991e-03,1.739469726866438998e-02,4.186046511627906919e-02,6.615561438325363690e-04,6.264895610029265941e-07,6.106870189330457221e-02,3.014975486363240080e-03,4.031194903857865386e-03,4.097184936170819580e-02,3.000000000000000444e-01,8.664148507939246208e-03
1.569045773215417506e-03,3.333333330000000094e-01,5.853592043027045595e-04,1.094276094276094152e-02,1.790414759657568342e-02,4.447407266320650872e-03,1.400890947349422121e-03,7.811994145948951696e-01,5.615858823512908521e-02,5.412054120541205660e-02,1.899741578226460999e-04,6.324930893310748425e-02,8.067125626323909046e-03,1.159931679004782695e-01,9.164999926920928963e-03,2.290555823365605925e-02,4.767441860465115866e-02,1.391424090229011808e-03,6.488642266523286388e-07,9.160305520255229705e-02,3.595378620608008762e-03,2.038299440973093818e-02,7.215976106658776590e-02,3.000000000000000444e-01,1.090632850737726159e-02
9.141045525841567107e-04,5.238095240000000263e-01,3.005311847872890263e-04,5.892255892255892323e-03,1.173848087457611024e-02,1.757059187657730335e-03,7.010183105035869017e-04,7.344689351992135240e-01,4.705486572373716175e-02,2.829028290282903021e-02,7.750493831550977228e-05,2.356799434496848270e-02,2.912198877609653742e-03,5.083030030502012908e-02,4.478200791115214026e-03,1.273804996762778995e-02,3.313953488372092804e-02,4.941330272270825748e-04,3.078103945392995790e-07,4.580152523868072367e-02,2.114689151888888077e-03,9.292934439452950682e-03,2.537790164785963531e-02,3.000000000000000444e-01,6.259603020427296875e-03
1.361246332803230379e-04,1.000000000000000000e+00,7.027172645950919855e-05,0.000000000000000000e+00,5.715098769238065660e-03,3.904575972572734560e-04,2.608295464758526535e-04,4.993077804169694378e-01,3.226131664571245394e-02,1.353013530135301415e-02,2.228324787882400020e-05,2.723183619742230305e-02,6.806288563937132850e-04,2.030673670366997530e-02,1.282250048696767508e-03,6.852803948490832076e-03,1.627906976744186024e-02,4.370465562557375601e-05,9.013686157868787411e-08,1.526717665462385201e-02,1.103817532923715350e-03,0.000000000000000000e+00,0.000000000000000000e+00,2.000000000000000389e-01,2.955247149743297445e-03
2.808908700582966357e-03,4.444444439999999941e-01,4.578800838005739294e-04,0.000000000000000000e+00,1.515331167445279660e-02,2.776058282938907631e-03,1.020042141343532232e-03,7.552279106793962082e-01,5.489734334635146956e-02,3.936039360393604053e-02,1.312388424372377461e-04,2.719891028860813714e-02,4.663981343653991751e-03,7.195293268624489147e-02,7.864726946811548269e-03,1.717319026834551385e-02,4.127906976744185469e-02,9.576082491034410915e-04,3.675836850935725423e-06,6.106870189330457221e-02,2.984106587931753454e-03,7.365132434680639328e-02,4.097184936170819580e-02,3.000000000000000444e-01,8.685805704285985002e-03
1.169699527693328226e-03,5.000000000000000000e-01,2.192617272420207273e-04,0.000000000000000000e+00,1.097962958571462380e-02,1.038045807342507327e-03,5.630912194776601602e-04,7.143389977784924127e-01,3.823563454306661002e-02,2.214022140221402063e-02,5.732993054542523333e-05,4.888883269201469393e-03,1.785256016832482279e-03,3.401378397693383127e-02,4.013154865764431180e-03,1.039007272827818448e-02,2.674418604651162407e-02,4.024922221990216145e-04,3.611909234794576543e-06,3.053434858405687166e-02,1.939991539886517721e-03,2.358397600811638212e-02,9.783953934011066153e-03,3.000000000000000444e-01,5.474092123619722812e-03
9.327130227266996988e-04,5.999999999999999778e-01,2.060501745487998057e-04,0.000000000000000000e+00,1.107448599682231069e-02,1.038045807342507327e-03,5.564000852508767508e-04,6.957282348655471349e-01,4.086433441790244397e-02,2.214022140221402063e-02,5.467810125987653555e-05,8.611673981109686793e-03,1.785256016832482279e-03,3.374181875108223788e-02,3.970099600628777120e-03,9.865075600520719148e-03,2.674418604651162407e-02,3.143787810304387600e-04,3.324234962159406792e-06,3.053434858405687166e-02,1.841957345966740902e-03,2.937097411292497948e-02,9.783953934011066153e-03,3.000000000000000444e-01,5.323874074604792971e-03
1.753378174906542472e-03,4.000000000000000222e-01,5.582611315444358261e-04,0.000000000000000000e+00,1.657615784106808432e-02,3.552211799438122035e-03,1.185066865209737216e-03,7.459863640198733936e-01,5.568064280334075744e-02,4.797047970479705048e-02,1.513689039482451733e-04,4.976979435606929125e-02,6.203764658587558253e-03,9.752672923192425014e-02,7.631867982797585145e-03,2.041033767749633049e-02,4.418604651162790636e-02,1.061505800545600861e-03,6.328823226170414186e-07,7.633587854792842076e-02,3.263961985799628245e-03,8.239359351446732746e-03,5.656581335273921235e-02,3.000000000000000444e-01,9.790483872379933047e-03
7.101816579079323934e-04,6.190476190000000489e-01,2.989629862078489481e-04,0.000000000000000000e+00,1.240247575232990979e-02,1.757059187657730335e-03,7.203433904474452337e-04,6.524915552720813583e-01,5.007047380668124686e-02,3.075030750307503405e-02,7.956269530716988069e-05,2.781973590991075607e-02,2.834093927126595316e-03,5.901645351862625649e-02,4.517379465006489229e-03,1.386193023953432440e-02,3.313953488372092804e-02,3.960181809679857567e-04,4.347067125794800582e-07,4.580152523868072367e-02,2.289047545227176558e-03,4.635874425226225656e-03,2.537790164785963531e-02,3.000000000000000444e-01,6.646050228463576751e-03
0.000000000000000000e+00,0.000000000000000000e+00,6.697376947653259706e-06,0.000000000000000000e+00,1.304275652730678891e-03,5.237845816865863071e-05,6.005109468806059956e-05,0.000000000000000000e+00,6.571749687089573598e-03,3.690036900369004016e-03,6.813918015593739514e-06,2.549381285989596804e-02,1.227363511598632306e-04,1.903756563827333284e-03,2.927775711834744660e-04,2.530252593930051603e-03,6.395348837209302237e-03,9.020969067449091010e-05,3.451983553588838851e-08,0.000000000000000000e+00,4.050270849142336544e-04,0.000000000000000000e+00,1.559394771384856743e-02,0.000000000000000000e+00,1.041977929801721865e-03
1.361246332803230379e-04,1.000000000000000000e+00,8.300693168912707761e-05,0.000000000000000000e+00,5.928525694230358557e-03,4.333126993952668947e-04,2.772655585083990976e-04,5.238558505547110666e-01,3.584590738412495037e-02,1.353013530135301415e-02,2.601150749951619892e-05,3.126722276381439791e-02,7.141024067610469246e-04,1.914635174460553244e-02,1.315805898629429085e-03,6.944092689629426281e-03,1.802325581395348986e-02,5.072978584120621678e-05,9.109577582080510309e-08,1.526717665462385201e-02,1.141810023300930026e-03,0.000000000000000000e+00,0.000000000000000000e+00,2.000000000000000389e-01,3.059479184323126138e-03
1.361246332803230379e-04,1.000000000000000000e+00,8.300693168912707761e-05,0.000000000000000000e+00,5.928525694230358557e-03,4.333126993952668947e-04,2.772655585083990976e-04,5.238558505547110666e-01,3.584590738412495037e-02,1.353013530135301415e-02,2.601150749951619892e-05,3.126722276381439791e-02,7.141024067610469246e-04,1.914635174460553244e-02,1.315805898629429085e-03,6.944092689629426281e-03,1.802325581395348986e-02,5.072978584120621678e-05,9.109577582080510309e-08,1.526717665462385201e-02,1.141810023300930026e-03,0.000000000000000000e+00,0.000000000000000000e+00,2.000000000000000389e-01,3.059479184323126138e-03
1.361246332803230379e-04,1.000000000000000000e+00,9.346445790748968846e-05,0.000000000000000000e+00,6.141952619222651455e-03,4.618827674872624843e-04,2.917800431705211417e-04,5.412679923604193366e-01,3.823563454306661002e-02,1.353013530135301415e-02,2.913396971525623129e-05,3.509566745643895314e-02,7.475759569881103902e-04,1.814914592790557030e-02,1.672073216055620058e-03,7.039732110080714443e-03,1.918604651162790498e-02,5.876298613942360994e-05,2.390882071875646065e-07,1.526717665462385201e-02,1.213724380086371891e-03,0.000000000000000000e+00,0.000000000000000000e+00,2.000000000000000389e-01,3.380023405257942017e-03
0.000000000000000000e+00,0.000000000000000000e+00,3.502590162224366141e-06,0.000000000000000000e+00,8.062794944153286883e-04,2.380839007666301396e-05,3.716922439834429646e-05,0.000000000000000000e+00,2.987158948677078908e-03,3.690036900369004016e-03,2.437194613579081254e-06,3.520132143715529877e-02,5.578925042519593112e-05,2.991617461522432485e-03,2.583117939793589312e-04,2.109067521779960010e-03,2.906976744186046471e-03,5.427090109290480828e-05,1.719545156163705839e-08,0.000000000000000000e+00,3.317558534724627172e-04,0.000000000000000000e+00,1.559394771384856743e-02,0.000000000000000000e+00,8.314598053532328828e-04
3.680759314856705947e-04,5.000000000000000000e-01,8.810078360292893660e-05,3.367003367003366856e-03,6.213094927553415754e-03,5.237845816865862800e-04,3.158140944396318778e-04,6.663013907072273811e-01,2.389727158941663127e-02,1.476014760147601607e-02,2.510639406491292993e-05,4.348730130078569530e-04,1.149258560835033803e-03,2.494827651708267022e-02,2.208628984282463934e-03,7.039429982383971739e-03,1.686046511627906780e-02,2.026838192237486770e-04,2.224670269908659357e-07,2.290076498193577975e-02,1.155039551200138549e-03,9.233916012574585469e-03,1.986971938495559181e-03,2.000000000000000389e-01,3.420102951535024336e-03
0.000000000000000000e+00,0.000000000000000000e+00,7.291755884275950482e-06,0.000000000000000000e+00,1.090848727738385994e-03,3.333174610732821954e-05,7.610678457447449989e-05,0.000000000000000000e+00,4.182022528147910471e-03,3.690036900369004016e-03,6.903810533747932487e-06,2.723402591722989471e-02,7.810495076359842150e-05,1.745110187791842210e-03,7.997810642879365790e-04,3.475981594796274249e-03,4.069767441860465060e-03,1.330116035864618894e-04,6.818040069722071470e-04,0.000000000000000000e+00,1.016977554918653635e-03,0.000000000000000000e+00,1.559394771384856743e-02,0.000000000000000000e+00,2.541838890628683040e-03
0.000000000000000000e+00,0.000000000000000000e+00,7.291755884275950482e-06,0.000000000000000000e+00,1.090848727738385994e-03,3.333174610732821954e-05,7.610678457447449989e-05,0.000000000000000000e+00,4.182022528147910471e-03,3.690036900369004016e-03,6.903810533747932487e-06,2.723402591722989471e-02,7.810495076359842150e-05,1.745110187791842210e-03,7.997810642879365790e-04,3.475981594796274249e-03,4.069767441860465060e-03,1.330116035864618894e-04,6.818040069722071470e-04,0.000000000000000000e+00,1.016977554918653635e-03,0.000000000000000000e+00,1.559394771384856743e-02,0.000000000000000000e+00,2.541838890628683040e-03
1.361246332803230379e-04,1.000000000000000000e+00,2.934804408978274048e-04,0.000000000000000000e+00,1.346961037729137514e-02,5.761630398552449513e-04,1.225828275548141583e-03,5.636296726753138309e-01,4.779454317883326253e-02,1.845018450184501835e-02,1.857449754015149312e-04,4.182111145450842504e-02,1.182732111202367334e-03,1.515459550665411090e-02,4.321482023780407952e-03,1.482116447737996320e-02,2.383720930232557933e-02,2.193661993338408018e-04,6.419429018110983133e-03,1.526717665462385201e-02,9.588015540285439731e-03,0.000000000000000000e+00,0.000000000000000000e+00,2.000000000000000389e-01,1.238443394397844080e-02
0.000000000000000000e+00,0.000000000000000000e+00,1.187696482558536641e-05,0.000000000000000000e+00,1.019706419407621694e-03,3.333174610732821954e-05,7.106690246698382026e-05,0.000000000000000000e+00,4.182022528147910471e-03,3.690036900369004016e-03,1.487688605698940145e-05,2.619930319644215092e-02,7.810495076359842150e-05,1.427817424298318330e-03,7.529371644037745207e-04,4.665273127737799667e-03,4.069767441860465060e-03,2.336657867130491773e-04,4.347077789880087118e-05,0.000000000000000000e+00,1.225936251993333705e-03,0.000000000000000000e+00,1.559394771384856743e-02,0.000000000000000000e+00,2.840535751312918931e-03
2.215420420205022056e-02,1.809523809999999955e-01,6.536956819171709648e-03,0.000000000000000000e+00,5.383101330361165365e-02,1.084710251892766902e-02,4.834673353688625531e-03,9.125746227634899954e-01,1.060469875884758467e-01,8.364083640836408873e-02,2.062781527448392330e-03,1.140755362807397977e-01,1.768519241326194091e-02,1.113934942183271992e-01,2.688295583190552021e-02,7.027686167717575594e-02,9.534883720930233120e-02,1.101141653962472121e-02,1.174925655980993975e-03,1.068702271319852959e-01,2.372359649125782566e-02,1.181706033271074339e-02,8.775370878043634026e-02,4.000000000000000222e-01,4.738740940744597813e-02
0.000000000000000000e+00,0.000000000000000000e+00,3.821007450995007117e-07,0.000000000000000000e+00,2.608551305461357999e-04,1.904671206133041117e-05,1.564726881738884144e-05,0.000000000000000000e+00,2.389727158941663127e-03,1.230012300123001267e-03,7.471501327743434045e-07,2.154309100874743366e-02,4.463140039626478872e-05,0.000000000000000000e+00,6.226522762089743267e-04,6.942959688277977647e-04,2.325581395348837177e-03,5.765365469109438575e-05,1.105947748470071323e-04,0.000000000000000000e+00,1.363659029610736690e-04,0.000000000000000000e+00,1.559394771384856743e-02,0.000000000000000000e+00,1.274324095626435879e-03
0.000000000000000000e+00,0.000000000000000000e+00,3.821007450995007117e-07,0.000000000000000000e+00,2.608551305461357999e-04,1.904671206133041117e-05,1.564726881738884144e-05,0.000000000000000000e+00,2.389727158941663127e-03,1.230012300123001267e-03,7.471501327743434045e-07,2.154309100874743366e-02,4.463140039626478872e-05,0.000000000000000000e+00,6.226522762089743267e-04,6.942959688277977647e-04,2.325581395348837177e-03,5.765365469109438575e-05,1.105947748470071323e-04,0.000000000000000000e+00,1.363659029610736690e-04,0.000000000000000000e+00,1.559394771384856743e-02,0.000000000000000000e+00,1.274324095626435879e-03
0.000000000000000000e+00,0.000000000000000000e+00,3.821007450995007117e-07,0.000000000000000000e+00,2.608551305461357999e-04,1.904671206133041117e-05,1.564726881738884144e-05,0.000000000000000000e+00,2.389727158941663127e-03,1.230012300123001267e-03,7.471501327743434045e-07,2.154309100874743366e-02,4.463140039626478872e-05,0.000000000000000000e+00,6.226522762089743267e-04,6.942959688277977647e-04,2.325581395348837177e-03,5.765365469109438575e-05,1.105947748470071323e-04,0.000000000000000000e+00,1.363659029610736690e-04,0.000000000000000000e+00,1.559394771384856743e-02,0.000000000000000000e+00,1.274324095626435879e-03
0.000000000000000000e+00,0.000000000000000000e+00,3.821007450995007117e-07,0.000000000000000000e+00,2.608551305461357999e-04,1.904671206133041117e-05,1.564726881738884144e-05,0.000000000000000000e+00,2.389727158941663127e-03,1.230012300123001267e-03,7.471501327743434045e-07,2.154309100874743366e-02,4.463140039626478872e-05,0.000000000000000000e+00,6.226522762089743267e-04,6.942959688277977647e-04,2.325581395348837177e-03,5.765365469109438575e-05,1.105947748470071323e-04,0.000000000000000000e+00,1.363659029610736690e-04,0.000000000000000000e+00,1.559394771384856743e-02,0.000000000000000000e+00,1.274324095626435879e-03
0.000000000000000000e+00,0.000000000000000000e+00,1.082618777815578855e-06,0.000000000000000000e+00,4.505679527615071922e-04,9.523356030665205583e-06,1.879953671147822298e-05,0.000000000000000000e+00,1.194863579470831563e-03,2.460024600246002967e-03,7.464987377152551003e-07,5.413660302651054912e-02,2.231570019813239775e-05,2.855634848596635793e-03,2.334918952979639438e-04,1.583768266325750454e-03,1.162790697674418589e-03,2.626532009447799272e-05,1.188945942192170301e-08,0.000000000000000000e+00,1.702877693693009386e-04,0.000000000000000000e+00,1.559394771384856743e-02,0.000000000000000000e+00,5.637507687802681931e-04
5.584842726543435892e-04,6.666666669999999906e-01,6.337718246435266288e-04,0.000000000000000000e+00,2.150869121866774009e-02,1.038045807342507327e-03,1.896825298308033860e-03,6.585380549513164539e-01,5.356971714826705422e-02,2.337023370233702255e-02,5.369341991880562191e-04,2.223489559649616254e-02,2.086517969296864533e-03,2.224741460430019330e-02,7.144891850693601935e-03,2.063755494675568319e-02,3.255813953488372048e-02,1.008159378604070412e-03,5.997717712712667161e-03,2.290076498193577975e-02,1.028375302031818081e-02,2.136355023442098461e-03,1.986971938495559181e-03,3.000000000000000444e-01,1.734168040918222797e-02
2.985654009347464555e-03,2.666666670000000239e-01,1.245542606407020825e-03,0.000000000000000000e+00,2.999834001280561602e-02,2.018951478501023692e-03,1.756752629747131925e-03,7.885273716690330836e-01,5.253416870874278582e-02,3.444034440344403980e-02,4.429600395936155507e-04,4.069209726249373854e-02,3.626301284230430601e-03,4.012747978882601207e-02,8.871857891239466262e-03,2.888833198634139024e-02,4.302325581395348431e-02,2.576443608497981045e-03,8.640680333522366167e-04,3.816793691136879940e-02,1.024168990597197973e-02,4.517320292148158112e-03,1.758091965234412357e-02,4.000000000000000222e-01,1.944797902490651501e-02
1.952769739177668325e-04,0.000000000000000000e+00,2.714566733268298907e-04,0.000000000000000000e+00,8.560791102468637628e-03,3.333174610732821683e-04,8.463245695054383289e-04,5.095736199908886821e-01,2.031268085100413484e-02,1.107011070110701031e-02,3.031459069010092040e-04,2.647520789219881196e-02,7.475759569881103902e-04,8.096157470141182588e-03,3.337130323372735057e-03,1.335577095057960233e-02,2.034883720930232703e-02,1.716008667548498453e-03,4.315619116617880856e-03,7.633588327311926873e-03,7.408874842220919063e-03,6.055826167581020722e-04,7.796981995515504804e-03,1.000000000000000056e-01,1.160362147191575620e-02
2.851248121079343837e-03,3.333333330000000094e-01,1.934096728699948422e-03,0.000000000000000000e+00,3.343688491545922237e-02,2.704633112708918711e-03,2.006642742837425573e-03,7.948957445444827519e-01,7.447982980692954835e-02,3.444034440344403980e-02,6.694097151449732294e-04,4.056721647371073353e-02,4.362719391189610364e-03,4.099964412907178973e-02,9.369321542228617808e-03,3.212759431185806952e-02,5.697674418604650737e-02,2.611692787071417683e-03,8.933788453529534473e-04,3.816793691136879940e-02,1.122949465577955698e-02,3.239297420823012211e-03,1.758091965234412357e-02,4.000000000000000222e-01,2.168962327340183752e-02
5.677420366815579510e-03,2.777777779999999752e-01,2.687587141898410952e-03,7.575757575757575100e-03,4.636107092888140657e-02,3.718870529974762848e-03,5.955595345061896750e-03,8.412900133805778502e-01,6.521963706603060851e-02,4.551045510455104665e-02,1.608819099609244728e-03,2.218602745932671955e-02,8.279124778837382292e-03,5.848690744793733770e-02,1.918215954862761974e-02,4.489909012435962243e-02,5.406976744186046263e-02,7.158185912634789858e-03,1.843763865894096007e-02,6.106870189330457221e-02,2.541256621972346266e-02,3.299317540530821019e-02,4.097184936170819580e-02,4.000000000000000222e-01,4.109915597653765462e-02
7.330465234499989290e-03,2.000000000000000111e-01,2.236579520272814238e-03,8.417508417508417357e-03,3.474116056818989801e-02,3.276034474548830937e-03,4.778322489582812437e-03,8.566921991144774706e-01,4.827248861062159724e-02,4.674046740467405203e-02,1.067021259212505221e-03,1.470382163653329542e-02,7.308391819026327681e-03,6.475751896694248444e-02,1.816343665991116546e-02,4.798793676226548871e-02,4.418604651162790636e-02,6.072115499531846768e-03,2.121627167280083770e-02,6.870229022061651036e-02,2.814565099623433236e-02,1.405982056992143708e-02,4.876883135722370755e-02,4.000000000000000222e-01,4.462776522534115525e-02
4.386238183174575971e-04,0.000000000000000000e+00,3.301323335801309959e-05,2.525252525252525033e-03,1.375417961061443190e-03,1.476120184753107001e-04,1.683233006088875622e-04,6.794314936609007205e-01,5.376886107618742035e-03,7.380073800738007166e-03,2.898838291954998497e-05,3.085552873608691377e-02,6.136817557993160714e-04,1.387022640991706149e-02,2.600084711048187246e-03,5.225377825189777420e-03,6.395348837209302237e-03,8.466518521905011313e-04,4.634752062515256954e-05,1.526717665462385201e-02,1.692022696442376482e-03,2.764198084188301471e-02,0.000000000000000000e+00,0.000000000000000000e+00,3.904793750083916139e-03
9.841010253430777094e-04,3.333333330000000094e-01,7.529462750504747979e-04,0.000000000000000000e+00,1.681329886883729807e-02,7.332984143612207486e-04,2.671968913945861526e-03,6.750390750478921786e-01,2.987158948677078735e-02,2.214022140221402063e-02,5.049181320338635851e-04,1.762562886516421887e-02,1.729466766687826323e-03,2.244549911377856713e-02,7.299027289814823648e-03,2.777277541343931358e-02,2.325581395348837177e-02,2.022284282113430334e-03,1.542739908818250953e-02,2.290076498193577975e-02,1.771433785704036243e-02,7.200728205823304787e-04,1.986971938495559181e-03,2.000000000000000389e-01,2.476107534205851043e-02
0.000000000000000000e+00,0.000000000000000000e+00,3.040885097371607516e-05,0.000000000000000000e+00,1.873414119376793285e-03,4.285510213799342512e-05,2.756061433584065974e-04,0.000000000000000000e+00,5.376886107618742035e-03,4.920049200492005066e-03,6.160080225033802643e-05,2.391352946021657253e-02,1.004206509617308260e-04,9.345714070720882033e-04,1.352254761314357259e-03,7.070262404689975008e-03,5.232558139534883648e-03,4.649244243291492064e-04,3.573550544832231838e-03,0.000000000000000000e+00,5.002118420557193947e-03,0.000000000000000000e+00,1.559394771384856743e-02,0.000000000000000000e+00,6.589577398801913476e-03
1.843870032553409787e-04,0.000000000000000000e+00,1.186521002641436419e-04,0.000000000000000000e+00,5.098532097038108689e-03,1.428503404599780837e-04,6.554959280240804046e-04,5.095736199908886821e-01,8.364045056295820943e-03,8.610086100861008215e-03,1.080104203276765318e-04,3.695093426732181524e-02,4.128404538758544194e-04,8.359222013423341785e-03,2.951147222425915678e-03,1.278140569690635123e-02,8.720930232558139414e-03,1.071356506733916417e-03,5.920247031092015257e-03,7.633588327311926873e-03,7.396662970313957683e-03,4.858424565067974394e-05,7.796981995515504804e-03,1.000000000000000056e-01,1.175531440739559404e-02
0.000000000000000000e+00,0.000000000000000000e+00,5.103167729255539344e-05,0.000000000000000000e+00,3.059119258222864866e-03,1.285653064139802889e-04,1.721648151552646728e-04,0.000000000000000000e+00,1.613065832285622697e-02,4.920049200492005066e-03,9.632081029480645809e-05,2.228046580200417071e-02,3.012619527449223854e-04,8.721643402457785257e-04,8.958714668303707079e-04,6.541292264736965623e-03,1.569767441860465268e-02,4.483803667820886012e-04,6.456689122537997213e-05,0.000000000000000000e+00,2.115367589217052695e-03,0.000000000000000000e+00,1.559394771384856743e-02,0.000000000000000000e+00,4.212570055580013365e-03
0.000000000000000000e+00,0.000000000000000000e+00,5.103167729255539344e-05,0.000000000000000000e+00,3.059119258222864866e-03,1.285653064139802889e-04,1.721648151552646728e-04,0.000000000000000000e+00,1.613065832285622697e-02,4.920049200492005066e-03,9.632081029480645809e-05,2.228046580200417071e-02,3.012619527449223854e-04,8.721643402457785257e-04,8.958714668303707079e-04,6.541292264736965623e-03,1.569767441860465268e-02,4.483803667820886012e-04,6.456689122537997213e-05,0.000000000000000000e+00,2.115367589217052695e-03,0.000000000000000000e+00,1.559394771384856743e-02,0.000000000000000000e+00,4.212570055580013365e-03
0.000000000000000000e+00,0.000000000000000000e+00,5.103167729255539344e-05,0.000000000000000000e+00,3.059119258222864866e-03,1.285653064139802889e-04,1.721648151552646728e-04,0.000000000000000000e+00,1.613065832285622697e-02,4.920049200492005066e-03,9.632081029480645809e-05,2.228046580200417071e-02,3.012619527449223854e-04,8.721643402457785257e-04,8.958714668303707079e-04,6.541292264736965623e-03,1.569767441860465268e-02,4.483803667820886012e-04,6.456689122537997213e-05,0.000000000000000000e+00,2.115367589217052695e-03,0.000000000000000000e+00,1.559394771384856743e-02,0.000000000000000000e+00,4.212570055580013365e-03
0.000000000000000000e+00,0.000000000000000000e+00,5.103167729255539344e-05,0.000000000000000000e+00,3.059119258222864866e-03,1.285653064139802889e-04,1.721648151552646728e-04,0.000000000000000000e+00,1.613065832285622697e-02,4.920049200492005066e-03,9.632081029480645809e-05,2.228046580200417071e-02,3.012619527449223854e-04,8.721643402457785257e-04,8.958714668303707079e-04,6.541292264736965623e-03,1.569767441860465268e-02,4.483803667820886012e-04,6.456689122537997213e-05,0.000000000000000000e+00,2.115367589217052695e-03,0.000000000000000000e+00,1.559394771384856743e-02,0.000000000000000000e+00,4.212570055580013365e-03
0.000000000000000000e+00,0.000000000000000000e+00,7.482806258513519865e-06,0.000000000000000000e+00,1.233133344399914592e-03,3.333174610732821954e-05,8.381286845322644997e-05,0.000000000000000000e+00,4.182022528147910471e-03,4.920049200492005066e-03,8.825425958058580545e-06,2.671666455683602281e-02,7.810495076359842150e-05,1.586463806045079403e-03,9.424257392666474543e-04,3.888163180624236957e-03,4.069767441860465060e-03,1.466110329933189833e-04,7.821991317410743449e-04,0.000000000000000000e+00,1.752403618649020934e-03,0.000000000000000000e+00,1.559394771384856743e-02,0.000000000000000000e+00,3.099717356929146926e-03
0.000000000000000000e+00,0.000000000000000000e+00,2.277744997031408704e-05,0.000000000000000000e+00,1.683701297161421893e-03,2.857006809199561675e-05,3.362250788695254943e-04,0.000000000000000000e+00,3.584590738412494690e-03,4.920049200492005066e-03,5.074530359063059046e-05,2.775137392567372102e-02,6.694710059439715937e-05,1.631791343687011633e-03,1.229081652731162230e-03,7.369628441092211830e-03,3.488372093023255766e-03,4.575666208899138265e-04,4.937724320333856769e-03,0.000000000000000000e+00,4.642546636629984839e-03,0.000000000000000000e+00,1.559394771384856743e-02,0.000000000000000000e+00,6.223754977120609863e-03
0.000000000000000000e+00,0.000000000000000000e+00,5.402479978891523723e-06,0.000000000000000000e+00,6.877089805307215952e-04,1.428503404599780837e-05,4.926017455443207192e-05,0.000000000000000000e+00,1.792295369206247345e-03,3.690036900369004016e-03,6.989143286488507859e-06,4.761790062295792603e-02,3.347355022706354014e-05,3.426761818315963125e-03,5.915875028452349327e-04,3.875262206534528173e-03,1.744186046511627883e-03,1.566458234318636174e-04,1.332890688824919792e-05,0.000000000000000000e+00,1.004765683011691821e-03,0.000000000000000000e+00,1.559394771384856743e-02,0.000000000000000000e+00,2.168566370143837265e-03
3.759632728824278004e-04,3.333333330000000094e-01,3.045164894305199188e-05,0.000000000000000000e+00,2.584837202684436060e-03,1.761820865673062897e-04,1.975032860010788812e-04,4.880582894822897977e-01,9.160620773951601986e-03,8.610086100861008215e-03,2.789110794251564813e-05,5.662714226864611761e-02,6.136817557993160714e-04,2.037019525522642746e-02,2.193023133312963641e-03,5.099359173977600045e-03,7.558139534883720825e-03,3.730645084678871977e-04,1.441567636264872762e-05,1.526717665462385201e-02,1.188622198944283646e-03,4.587074408366920153e-02,0.000000000000000000e+00,1.000000000000000056e-01,3.228731680590748564e-03
3.483189145822493111e-04,8.333333330000000094e-01,9.664924040672604475e-04,0.000000000000000000e+00,2.530294766297517053e-02,1.171372791771820151e-03,2.906456302596005514e-03,6.755229987701472094e-01,6.671321654036914406e-02,2.706027060270602830e-02,5.343768221860753335e-04,3.114963213975667153e-02,2.086517969296864533e-03,2.194919334663603463e-02,6.862866757385018002e-03,2.531640884339708339e-02,3.662790697674418033e-02,6.568417119191081056e-04,1.442175695504690353e-02,2.290076498193577975e-02,1.794331045529589871e-02,3.429476163577393371e-05,1.986971938495559181e-03,3.000000000000000444e-01,2.174178480872386576e-02
8.573691190356290881e-04,5.999999999999999778e-01,1.190243162528245970e-03,0.000000000000000000e+00,2.644122459626739932e-02,1.561830389029093607e-03,3.274102465328586949e-03,7.265173884267590587e-01,6.189393341658907394e-02,3.198031980319803597e-02,6.077467046664921952e-04,1.648254171780073885e-02,2.789462526449790376e-03,2.956421960765664297e-02,8.667160227033446004e-03,2.841921390233126399e-02,3.953488372093023201e-02,1.332662949544086237e-03,1.566785642353582877e-02,3.053434858405687166e-02,1.986464496865789076e-02,9.888322938314818593e-05,9.783953934011066153e-03,3.000000000000000444e-01,2.511886134279137442e-02
1.956457964650966082e-04,0.000000000000000000e+00,3.751229914342982426e-04,0.000000000000000000e+00,1.439446038559131016e-02,2.952240369506213460e-04,2.283301358835616770e-03,5.095736199908886821e-01,1.792295369206247518e-02,1.968019680196802026e-02,4.209728507691472233e-04,2.613329115541326159e-02,7.922073573843751992e-04,8.459718251768943986e-03,3.512216850890848095e-03,1.703683875845082851e-02,1.802325581395348986e-02,2.214844467699397107e-03,1.466360151967048206e-02,7.633588327311926873e-03,1.856306295457420957e-02,1.528974789594921403e-04,7.796981995515504804e-03,1.000000000000000056e-01,1.493398522084077480e-02
0.000000000000000000e+00,0.000000000000000000e+00,3.800841021153310989e-05,0.000000000000000000e+00,2.940548744338257556e-03,7.142517022998904187e-05,3.228484898830731088e-04,0.000000000000000000e+00,8.961476846031235857e-03,7.380073800738007166e-03,5.440940079800258861e-05,2.307689627031567214e-02,1.673677515561280125e-04,1.007871121690278107e-03,1.241145718520786194e-03,7.326046116041093521e-03,8.720930232558139414e-03,3.834337845795915889e-04,4.078246288743373610e-03,0.000000000000000000e+00,6.100169236191511565e-03,0.000000000000000000e+00,1.559394771384856743e-02,0.000000000000000000e+00,5.902302680632211078e-03
2.703586466388499445e-04,6.666666669999999906e-01,9.584142325782420819e-05,0.000000000000000000e+00,7.920510327491759803e-03,3.761725632112756070e-04,5.483536472725321353e-04,5.044700200508760446e-01,2.568956695862287948e-02,1.353013530135301415e-02,5.404299107726538948e-05,1.930577149923986408e-02,8.479966079498412433e-04,1.743297083544755044e-02,3.391753850302705806e-03,9.508319866894982333e-03,1.569767441860465268e-02,2.162519136206818076e-04,2.787065065351713219e-03,1.526717665462385201e-02,4.195117218705467742e-03,2.172001570265682491e-05,0.000000000000000000e+00,2.000000000000000389e-01,8.618851796658036704e-03
0.000000000000000000e+00,0.000000000000000000e+00,1.585718092187451844e-05,0.000000000000000000e+00,1.873414119376793285e-03,6.190181419932383629e-05,1.491122143083637710e-04,0.000000000000000000e+00,7.766613266560406029e-03,4.920049200492005066e-03,2.236206668097369063e-05,2.326230144865853652e-02,1.450520513579956080e-04,9.790748027854456748e-04,9.967619489587807840e-04,4.470096806563865835e-03,7.558139534883720825e-03,2.179131303462388198e-04,1.659381916621848222e-03,0.000000000000000000e+00,2.461370626580971187e-03,0.000000000000000000e+00,1.559394771384856743e-02,0.000000000000000000e+00,3.760425484903950726e-03
1.315871454816248064e-04,0.000000000000000000e+00,2.849530225393054718e-05,1.683501683501683428e-03,1.968270530484479090e-03,1.428503404599780837e-04,2.137687792531805413e-04,5.095736199908886821e-01,8.364045056295820943e-03,6.150061500615006983e-03,2.661632781187973668e-05,2.326230144865853652e-02,4.351561540739867697e-04,6.690344499978716393e-03,2.137297320716159601e-03,4.517878747079306749e-03,8.720930232558139414e-03,4.549854314641984978e-04,1.662373729057253996e-03,7.633588327311926873e-03,2.469172655854863421e-03,9.233916012574585469e-03,7.796981995515504804e-03,0.000000000000000000e+00,4.240415592771440423e-03
6.806231664016150539e-05,1.000000000000000000e+00,1.258368758368848619e-04,0.000000000000000000e+00,5.430529535915008463e-03,2.095138326746345228e-04,5.852761228902995244e-04,4.067919135505418948e-01,2.628699874835829786e-02,1.107011070110701031e-02,7.664021137456997201e-05,3.775155724794785478e-02,4.351561540739867697e-04,9.070040209046340701e-03,2.571693687401739158e-03,1.147074832725830662e-02,1.279069767441860447e-02,9.140731532929533649e-05,6.245590651538356769e-03,7.633588327311926873e-03,7.676857586845915217e-03,0.000000000000000000e+00,7.796981995515504804e-03,1.000000000000000056e-01,1.030008427140815912e-02
0.000000000000000000e+00,0.000000000000000000e+00,1.292137352795620468e-04,0.000000000000000000e+00,5.999668002561122856e-03,1.333269844293128782e-04,1.050165572859344853e-03,0.000000000000000000e+00,1.672809011259164536e-02,1.230012300123001223e-02,2.391284289814533785e-04,2.206758231046603014e-02,3.124198029141236205e-04,6.433384247417966648e-04,1.490577764957900500e-03,1.040951482247441488e-02,1.627906976744186024e-02,7.605425177830965741e-04,1.183149305490853627e-02,0.000000000000000000e+00,1.349547533184914001e-02,0.000000000000000000e+00,1.559394771384856743e-02,0.000000000000000000e+00,9.086375801535984120e-03
3.585813675647074074e-03,1.333333329999999983e-01,1.703423435636136456e-03,5.050505050505050067e-03,4.465365552894306339e-02,1.790390933765058541e-03,7.333172070280973530e-03,8.172044597773153729e-01,4.146176620763786236e-02,4.059040590405904592e-02,1.319693494262523742e-03,1.720305299814900435e-02,4.563560692832531289e-03,3.428543659643854685e-02,1.206930756847776794e-02,3.269204968112651710e-02,3.837209302325580995e-02,6.918428224503015908e-03,2.707240569874207539e-02,3.816793691136879940e-02,3.168641541192509375e-02,1.149439806786056555e-02,1.758091965234412357e-02,3.000000000000000444e-01,2.951998871750618689e-02
4.924157010995339591e-04,3.333333330000000094e-01,1.530404764575243361e-03,0.000000000000000000e+00,3.310488747658232173e-02,8.475786867292033240e-04,5.968060562474599741e-03,6.621232906056091494e-01,4.659967959936243270e-02,3.198031980319803597e-02,1.141409272170277114e-03,1.482576499630611395e-02,1.885676667653942958e-03,1.615067723125227298e-02,6.080212253292154381e-03,2.866341090706745962e-02,3.488372093023255766e-02,2.401276583526140967e-03,3.155613846498431935e-02,1.526717665462385201e-02,3.387234048327126407e-02,8.802322153181977855e-05,0.000000000000000000e+00,2.000000000000000389e-01,2.632280382978672423e-02
4.882789265146895985e-04,3.333333330000000094e-01,7.630403771981170190e-04,0.000000000000000000e+00,2.456781047689060582e-02,6.618732441312317203e-04,3.410479042579883744e-03,6.479763314549495945e-01,3.624419524593999742e-02,2.583025830258302638e-02,6.514191607055414088e-04,9.231765245159761699e-03,1.584414715189560703e-03,1.473113701305562434e-02,5.346065039507266921e-03,2.320824771220357172e-02,2.732558139534883856e-02,1.777263365942837511e-03,1.819900006426685909e-02,1.526717665462385201e-02,2.278056860510910622e-02,5.544319797783452933e-05,0.000000000000000000e+00,2.000000000000000389e-01,2.023678998472795004e-02
1.331654021131774214e-04,0.000000000000000000e+00,2.557072326704548800e-04,1.683501683501683428e-03,6.213094927553415754e-03,2.190371887052997284e-04,1.853779798820574202e-03,5.095736199908886821e-01,1.314349937417914720e-02,1.353013530135301415e-02,3.206016659969293742e-04,2.372702942196991405e-02,6.136817557993160714e-04,7.720372475325449659e-03,3.314596590214161781e-03,1.145277156438523347e-02,1.337209302325581377e-02,1.882656072850875852e-03,1.593663369283967318e-02,7.633588327311926873e-03,1.546871030081571965e-02,9.233916012574585469e-03,7.796981995515504804e-03,0.000000000000000000e+00,1.171209770014685833e-02
0.000000000000000000e+00,0.000000000000000000e+00,2.386006874804311162e-05,0.000000000000000000e+00,2.015698736038321667e-03,2.380839007666301396e-05,4.489507089741085226e-04,0.000000000000000000e+00,2.987158948677078908e-03,6.150061500615006983e-03,5.335544359239762998e-05,3.520132143715529877e-02,5.578925042519593112e-05,2.991617461522432485e-03,1.323093173082796588e-03,8.046974891710573577e-03,2.906976744186046471e-03,4.748266518238572834e-04,6.528345694111464988e-03,0.000000000000000000e+00,6.412589625811284527e-03,0.000000000000000000e+00,1.559394771384856743e-02,0.000000000000000000e+00,7.068680528385250413e-03
0.000000000000000000e+00,0.000000000000000000e+00,1.517152236213546355e-04,0.000000000000000000e+00,5.857383385899594258e-03,9.523356030665205583e-05,1.508137999829905606e-03,0.000000000000000000e+00,1.194863579470831563e-02,1.230012300123001223e-02,2.819475574930968283e-04,2.422393559489285919e-02,2.231570021215940566e-04,2.348790566651065385e-03,1.609193345631708015e-03,1.139216418170426945e-02,1.162790697674418589e-02,9.495463846500204995e-04,1.594833883935511606e-02,0.000000000000000000e+00,1.600297969674529738e-02,0.000000000000000000e+00,1.559394771384856743e-02,0.000000000000000000e+00,1.123337776759984752e-02
0.000000000000000000e+00,0.000000000000000000e+00,1.517152236213546355e-04,0.000000000000000000e+00,5.857383385899594258e-03,9.523356030665205583e-05,1.508137999829905606e-03,0.000000000000000000e+00,1.194863579470831563e-02,1.230012300123001223e-02,2.819475574930968283e-04,2.422393559489285919e-02,2.231570021215940566e-04,2.348790566651065385e-03,1.609193345631708015e-03,1.139216418170426945e-02,1.162790697674418589e-02,9.495463846500204995e-04,1.594833883935511606e-02,0.000000000000000000e+00,1.600297969674529738e-02,0.000000000000000000e+00,1.559394771384856743e-02,0.000000000000000000e+00,1.123337776759984752e-02
6.806231664016150539e-05,1.000000000000000000e+00,1.120460896420503571e-03,0.000000000000000000e+00,1.956413479096018315e-02,4.952145135945906903e-04,4.627991057330674632e-03,4.691817778116356141e-01,6.213290613248324129e-02,2.583025830258302638e-02,9.354694214493754776e-04,4.025731771313620366e-02,9.707329591097046094e-04,9.472524812858210824e-03,3.941869221817416620e-03,2.360082102010889818e-02,3.023255813953488330e-02,3.596902443048666134e-04,3.363581569138413691e-02,7.633588327311926873e-03,3.248459692851068253e-02,0.000000000000000000e+00,7.796981995515504804e-03,1.000000000000000056e-01,2.331891017345737518e-02
1.649759841333018218e-03,0.000000000000000000e+00,8.691137984050973503e-05,8.417508417508417357e-03,6.521378263653394673e-03,3.714108851959429906e-04,8.309367753254485924e-04,8.153177919854218691e-01,8.364045056295820943e-03,1.599015990159901451e-02,1.432912795180200385e-04,5.956885725479606902e-02,1.673677515140469495e-03,2.903228762549537462e-02,6.951853889099657638e-03,1.024597156500134214e-02,1.046511627906976730e-02,1.906012607380948168e-03,3.018476643021057813e-03,3.053434858405687166e-02,3.262265892479217135e-03,1.343824487686417213e-01,9.783953934011066153e-03,1.000000000000000056e-01,8.666074293026956171e-03
0.000000000000000000e+00,0.000000000000000000e+00,0.000000000000000000e+00,0.000000000000000000e+00,0.000000000000000000e+00,0.000000000000000000e+00,0.000000000000000000e+00,0.000000000000000000e+00,0.000000000000000000e+00,0.000000000000000000e+00,0.000000000000000000e+00,2.154309100874743366e-02,0.000000000000000000e+00,0.000000000000000000e+00,0.000000000000000000e+00,0.000000000000000000e+00,0.000000000000000000e+00,1.246232994874968842e-05,0.000000000000000000e+00,0.000000000000000000e+00,0.000000000000000000e+00,0.000000000000000000e+00,1.559394771384856743e-02,0.000000000000000000e+00,0.000000000000000000e+00
1.020934749602422513e-04,0.000000000000000000e+00,2.513053553272091220e-07,1.683501683501683428e-03,9.485641110768572326e-05,1.904671206133041117e-05,6.598934335222992619e-06,5.095736199908886821e-01,5.974317897354157816e-04,1.230012300123001267e-03,6.546520343837969767e-08,2.154309100874743366e-02,1.450520513579956080e-04,5.711269697193272453e-03,2.013364143190681606e-04,1.041897152283032202e-04,1.162790697674418589e-03,4.803651825927902387e-05,1.106906673483991796e-11,7.633588327311926873e-03,5.766717289398636281e-06,9.233916012574585469e-03,7.796981995515504804e-03,0.000000000000000000e+00,1.007944319009656186e-04
1.361246332803230379e-04,0.000000000000000000e+00,5.662941684547090996e-07,0.000000000000000000e+00,1.185705138846071744e-04,2.857006809199561675e-05,1.043552025929072054e-05,5.095736199908886821e-01,1.194863579470831563e-03,1.230012300123001267e-03,1.521007462971309506e-07,2.154309100874743366e-02,1.673677515561280125e-04,5.711269697193272453e-03,2.884378363179018702e-04,2.560858390478613260e-04,1.744186046511627883e-03,7.570533138969073449e-05,1.795183352667670846e-10,7.633588327311926873e-03,1.051577858655045644e-05,1.843794699828039604e-02,7.796981995515504804e-03,0.000000000000000000e+00,1.873249704463357285e-04
1.644839319030777535e-04,0.000000000000000000e+00,5.162948063394736531e-05,0.000000000000000000e+00,3.865398752638193446e-03,1.238036283986476726e-04,4.277280901887220996e-04,5.095736199908886821e-01,7.169181476824989380e-03,7.380073800738007166e-03,7.519899980633698512e-05,2.351845861029672191e-02,3.682090534795896646e-04,6.576613593476505169e-03,2.633301355915873814e-03,7.529697200067856505e-03,7.558139534883720825e-03,8.234142437530257534e-04,2.991208318356050697e-03,7.633588327311926873e-03,4.479721677870493989e-03,5.043559119965094041e-04,7.796981995515504804e-03,1.000000000000000056e-01,7.199463647115825031e-03
0.000000000000000000e+00,0.000000000000000000e+00,2.490023188641153000e-05,0.000000000000000000e+00,1.707415399938343398e-03,4.761678015332602792e-05,2.191895514535151539e-04,0.000000000000000000e+00,5.974317897354157816e-03,4.920049200492005066e-03,5.721007385455297603e-05,2.351845861029672191e-02,1.115785009906619684e-04,8.653438962832327164e-04,1.241280472151932556e-03,6.557713059477102667e-03,5.813953488372092943e-03,3.942221614686423924e-04,2.816391859256465145e-03,0.000000000000000000e+00,4.269406106139485117e-03,0.000000000000000000e+00,1.559394771384856743e-02,0.000000000000000000e+00,5.650277460327794536e-03
0.000000000000000000e+00,0.000000000000000000e+00,6.198523198149354468e-06,0.000000000000000000e+00,1.256847447176836097e-03,3.809342412266082233e-05,8.351394558492166787e-05,0.000000000000000000e+00,4.779454317883326253e-03,4.920049200492005066e-03,8.632613020568428091e-06,2.480243553454872241e-02,8.926280079252953679e-05,1.142253939438654664e-03,8.313701620619866643e-04,3.558266849612739570e-03,4.651162790697674354e-03,1.305786014461966479e-04,8.998962658185433562e-04,0.000000000000000000e+00,1.112976436853936818e-03,0.000000000000000000e+00,1.559394771384856743e-02,0.000000000000000000e+00,2.458474699705773779e-03
0.000000000000000000e+00,0.000000000000000000e+00,1.337352607631865643e-06,0.000000000000000000e+00,4.742820555384286976e-04,9.523356030665205583e-06,2.161458865221094300e-05,0.000000000000000000e+00,1.194863579470831563e-03,2.460024600246002967e-03,1.023341637827806106e-06,5.413660302651054912e-02,2.231570019813239775e-05,2.855634848596635793e-03,4.233304578519862240e-04,1.661929437602079713e-03,1.162790697674418589e-03,4.163766863271624601e-05,1.550244583704826071e-05,0.000000000000000000e+00,2.374530648575909418e-04,0.000000000000000000e+00,1.559394771384856743e-02,0.000000000000000000e+00,9.788763817760953809e-04
6.806231664016150539e-05,1.000000000000000000e+00,1.269442948419885887e-04,0.000000000000000000e+00,6.663662880314923272e-03,2.666539688586257563e-04,6.202321263377159714e-04,4.360244226365529441e-01,3.345618022518328377e-02,1.107011070110701031e-02,1.035154687224373426e-04,3.990871164937746796e-02,5.467346550646487923e-04,8.555921334394440275e-03,2.602263322204719995e-03,9.808894429076633892e-03,1.627906976744186024e-02,1.035879480006225245e-04,4.493232408923642125e-03,7.633588327311926873e-03,5.524515163243893905e-03,0.000000000000000000e+00,7.796981995515504804e-03,1.000000000000000056e-01,8.669648612164343807e-03
6.304438899533044722e-04,0.000000000000000000e+00,1.113641800570337764e-04,0.000000000000000000e+00,6.473950058099552096e-03,3.047473929812865787e-04,7.608137329093503376e-04,6.794314936609007205e-01,1.194863579470831563e-02,9.840098400984010132e-03,9.248735037207148177e-05,4.552260580609279739e-02,9.484172589115720964e-04,1.470651947027267620e-02,3.864556641545848891e-03,9.274516147879887165e-03,1.279069767441860447e-02,1.165216433344314377e-03,4.659274802707854754e-03,1.526717665462385201e-02,4.689358812273339110e-03,1.846636878198604573e-02,0.000000000000000000e+00,1.000000000000000056e-01,8.711025463952633968e-03
6.935874171578066284e-04,0.000000000000000000e+00,1.378670596490896903e-04,0.000000000000000000e+00,7.778225710830231204e-03,2.190371887052997284e-04,1.018548354856536929e-03,6.794314936609007205e-01,8.364045056295820943e-03,1.230012300123001223e-02,7.799315891229648590e-05,5.848240907952897277e-02,6.136817557993160714e-04,1.656268212186048916e-02,3.814630459023860432e-03,1.671606676783865195e-02,9.302325581395348708e-03,1.006658567632788114e-03,9.856717850215537813e-03,1.526717665462385201e-02,7.674822274861421365e-03,5.858688446111380907e-05,0.000000000000000000e+00,2.000000000000000389e-01,1.362728792348750877e-02
6.023515022654293274e-04,0.000000000000000000e+00,4.317897662413497743e-06,6.734006734006733712e-03,7.114230833076429922e-04,1.238036283986476726e-04,6.657711044126549062e-05,7.643604299863330231e-01,2.987158948677078908e-03,4.920049200492005066e-03,2.627401970832880914e-06,6.500111148308160280e-02,7.922073573843751992e-04,1.903756565540714804e-02,1.327436927988177818e-03,1.800924587331929373e-03,4.651162790697674354e-03,2.385208900345825607e-04,7.415495754340065397e-08,2.290076498193577975e-02,1.367051216251559235e-04,5.508971901175779839e-02,1.986971938495559181e-03,0.000000000000000000e+00,1.029580924110210221e-03
0.000000000000000000e+00,0.000000000000000000e+00,1.485947341845241450e-07,0.000000000000000000e+00,7.114230833076429922e-05,9.523356030665205583e-06,5.156455576565175419e-06,0.000000000000000000e+00,1.194863579470831563e-03,0.000000000000000000e+00,1.537292339448518171e-07,2.154309100874743366e-02,2.231570019813239775e-05,0.000000000000000000e+00,1.302510817292059058e-04,2.950908965099507172e-04,1.162790697674418589e-03,3.329349031423057680e-05,3.419050283219484244e-09,0.000000000000000000e+00,1.255109057104409207e-05,0.000000000000000000e+00,1.559394771384856743e-02,0.000000000000000000e+00,1.836906953230955399e-04
4.328065263289260700e-04,3.333333330000000094e-01,7.155336104708357153e-05,0.000000000000000000e+00,5.525385947022694484e-03,3.476024951192800173e-04,2.527463459807123775e-04,6.332098805970254318e-01,1.871952940971825796e-02,1.722017220172201643e-02,2.035479280639292490e-05,1.535832087585267160e-02,7.810495073554441382e-04,1.807126497541247309e-02,1.533961670111424818e-03,7.203773888748124694e-03,1.453488372093023236e-02,1.883070364092827049e-04,1.690884369753054566e-06,1.526717665462385201e-02,1.520378052416746471e-03,6.400986081853948795e-02,0.000000000000000000e+00,1.000000000000000056e-01,2.706758509301911055e-03
1.531402124403633837e-04,0.000000000000000000e+00,8.812829812936931381e-07,0.000000000000000000e+00,1.897128222153714736e-04,4.761678015332602792e-05,1.688110898242808601e-05,5.095736199908886821e-01,2.389727158941663127e-03,1.230012300123001267e-03,3.888828502757480694e-07,2.154309100874743366e-02,2.119991519523927673e-04,5.711269697193272453e-03,4.147391331173104836e-04,4.123326496763338438e-04,2.906976744186046471e-03,1.094622769563456373e-04,3.419050283219484244e-09,7.633588327311926873e-03,1.967468251677182019e-05,2.761209581501423982e-02,7.796981995515504804e-03,0.000000000000000000e+00,3.098277813998516570e-04
0.000000000000000000e+00,0.000000000000000000e+00,1.485947341845241450e-07,0.000000000000000000e+00,7.114230833076429922e-05,9.523356030665205583e-06,5.156455576565175419e-06,0.000000000000000000e+00,1.194863579470831563e-03,0.000000000000000000e+00,1.537292339448518171e-07,2.154309100874743366e-02,2.231570019813239775e-05,0.000000000000000000e+00,1.302510817292059058e-04,2.950908965099507172e-04,1.162790697674418589e-03,3.329349031423057680e-05,3.419050283219484244e-09,0.000000000000000000e+00,1.255109057104409207e-05,0.000000000000000000e+00,1.559394771384856743e-02,0.000000000000000000e+00,1.836906953230955399e-04
1.112116646837198186e-03,6.944444440000000496e-01,7.888945505463630008e-04,0.000000000000000000e+00,3.922312599302805319e-02,3.033188895766868263e-03,1.568662377026679589e-03,6.908060033875089712e-01,7.067949981775073498e-02,6.765067650676506728e-02,1.437260857199615101e-04,5.501861949461880896e-02,4.161878089546688572e-03,8.180178237453203383e-02,7.061473395062713848e-03,2.699623951194805166e-02,4.476744186046511392e-02,3.807659112130049842e-04,9.013792798721652081e-06,6.106870189330457221e-02,5.547242813737406422e-03,1.446800253870402647e-02,4.097184936170819580e-02,6.000000000000000888e-01,9.963563898110393280e-03
2.021909221611570360e-03,4.696969699999999914e-01,1.030363732016745248e-03,0.000000000000000000e+00,4.420308757618155587e-02,4.504547402504642702e-03,2.023364971133885266e-03,7.642412916739791395e-01,6.817058800391581630e-02,7.872078720787208106e-02,2.067576772175871156e-04,1.350491132122125515e-01,7.040603416368198045e-03,1.091940373113011592e-01,1.040267205393946917e-02,3.140497360159665713e-02,5.116279069767441789e-02,8.753714596479167387e-04,3.039758039793593675e-05,8.396946687524035891e-02,6.112381108098472945e-03,9.628911931297898241e-02,6.436277907107226803e-02,6.000000000000000888e-01,1.223642666974722806e-02
6.806231664016150539e-05,1.000000000000000000e+00,9.511411323115840180e-05,0.000000000000000000e+00,4.529393630391994295e-03,1.523736964906432893e-04,7.147879282405629042e-04,3.780724278979290531e-01,1.911781727153330501e-02,9.840098400984010132e-03,1.180090087871532437e-04,3.655367369759437296e-02,3.235776530833248555e-04,9.029245426310852918e-03,2.803211133407159349e-03,1.241205111688765093e-02,9.302325581395348708e-03,1.243191516244251059e-04,7.094737980360430255e-03,7.633588327311926873e-03,7.555078086440378954e-03,0.000000000000000000e+00,7.796981995515504804e-03,1.000000000000000056e-01,1.060416473988897053e-02
6.806231664016150539e-05,1.000000000000000000e+00,9.511411323115840180e-05,0.000000000000000000e+00,4.529393630391994295e-03,1.523736964906432893e-04,7.147879282405629042e-04,3.780724278979290531e-01,1.911781727153330501e-02,9.840098400984010132e-03,1.180090087871532437e-04,3.655367369759437296e-02,3.235776530833248555e-04,9.029245426310852918e-03,2.803211133407159349e-03,1.241205111688765093e-02,9.302325581395348708e-03,1.243191516244251059e-04,7.094737980360430255e-03,7.633588327311926873e-03,7.555078086440378954e-03,0.000000000000000000e+00,7.796981995515504804e-03,1.000000000000000056e-01,1.060416473988897053e-02
6.806231664016150539e-05,1.000000000000000000e+00,9.511411323115840180e-05,0.000000000000000000e+00,4.529393630391994295e-03,1.523736964906432893e-04,7.147879282405629042e-04,3.780724278979290531e-01,1.911781727153330501e-02,9.840098400984010132e-03,1.180090087871532437e-04,3.655367369759437296e-02,3.235776530833248555e-04,9.029245426310852918e-03,2.803211133407159349e-03,1.241205111688765093e-02,9.302325581395348708e-03,1.243191516244251059e-04,7.094737980360430255e-03,7.633588327311926873e-03,7.555078086440378954e-03,0.000000000000000000e+00,7.796981995515504804e-03,1.000000000000000056e-01,1.060416473988897053e-02
0.000000000000000000e+00,0.000000000000000000e+00,2.547338301913573708e-07,0.000000000000000000e+00,1.185705138846071744e-04,4.761678015332602792e-06,6.070060432297921980e-06,0.000000000000000000e+00,5.974317897354157816e-04,0.000000000000000000e+00,3.227662517782800014e-07,2.154309100874743366e-02,1.115785002893113562e-05,0.000000000000000000e+00,4.250122856722603724e-04,5.380491656955463387e-04,5.813953488372092943e-04,2.707735824873050778e-05,2.052075400950544958e-06,0.000000000000000000e+00,6.377310884746726803e-05,0.000000000000000000e+00,1.559394771384856743e-02,0.000000000000000000e+00,7.913270860569338039e-04
1.134371944229565940e-04,0.000000000000000000e+00,7.762867105397090140e-07,1.683501683501683428e-03,2.134269249922929248e-04,2.857006809199561675e-05,1.480981695206472321e-05,5.095736199908886821e-01,1.194863579470831563e-03,1.230012300123001267e-03,6.080772876589795974e-07,2.154309100874743366e-02,1.673677515561280125e-04,5.711269697193272453e-03,9.937979937512258794e-04,5.858311062109870359e-04,1.744186046511627883e-03,7.331388725337109591e-05,2.055271781757602847e-06,7.633588327311926873e-03,6.750451415237227121e-05,9.233916012574585469e-03,7.796981995515504804e-03,0.000000000000000000e+00,1.011658113829159338e-03
0.000000000000000000e+00,0.000000000000000000e+00,2.122781916097440469e-08,0.000000000000000000e+00,0.000000000000000000e+00,0.000000000000000000e+00,3.246152373353102061e-07,0.000000000000000000e+00,0.000000000000000000e+00,0.000000000000000000e+00,1.367929624085546099e-08,2.154309100874743366e-02,0.000000000000000000e+00,0.000000000000000000e+00,2.532037843602781384e-04,5.640777471286263138e-05,0.000000000000000000e+00,1.443867374377909632e-05,9.461179470856828040e-08,0.000000000000000000e+00,3.731405304905000644e-06,0.000000000000000000e+00,1.559394771384856743e-02,0.000000000000000000e+00,3.079831150437725316e-04
2.949367054180123977e-04,3.333333330000000094e-01,2.000358743644925776e-05,0.000000000000000000e+00,1.683701297161421893e-03,1.047569163373172614e-04,3.018213121499262099e-04,4.498088130225582626e-01,5.177742179698375906e-03,6.150061500615006983e-03,5.047823161640436687e-05,8.704774458392498804e-02,4.463140042431881132e-04,1.903756565540714804e-02,3.639851624443503353e-03,6.023334778280356808e-03,4.651162790697674354e-03,4.337594648753080942e-04,1.813450667902823847e-03,1.526717665462385201e-02,1.501381807228139133e-03,2.761209581501423982e-02,0.000000000000000000e+00,1.000000000000000056e-01,5.763784722379790629e-03
8.383881261379122051e-04,0.000000000000000000e+00,5.779554377473635363e-04,0.000000000000000000e+00,1.987241812706016381e-02,5.618780058092471023e-04,2.904147955384020745e-03,6.794314936609007205e-01,2.270240800994580144e-02,2.337023370233702255e-02,5.123720456950115560e-04,2.611247546529108648e-02,1.249679211796764656e-03,1.373804750260959606e-02,5.229348830845406346e-03,2.184837328048811964e-02,2.325581395348837177e-02,3.294599762751517381e-03,1.627356099733079028e-02,1.526717665462385201e-02,1.781474658160871541e-02,3.840413144878054852e-04,0.000000000000000000e+00,2.000000000000000389e-01,1.807580439776278539e-02
3.096006365231411626e-03,0.000000000000000000e+00,5.407785351461023501e-04,4.208754208754208678e-03,2.217268609642154137e-02,8.713870768058662973e-04,2.853481833558556106e-03,8.153177919854218691e-01,2.091011264073955322e-02,2.583025830258302638e-02,3.384072242395800168e-04,3.054510924946058151e-02,2.287359270939785891e-03,2.523837275684878007e-02,8.021472308014690120e-03,2.263252286890253887e-02,2.267441860465116421e-02,3.904444169284657876e-03,1.401795497131052941e-02,3.053434858405687166e-02,1.515425459921145371e-02,1.205008466433541911e-02,9.783953934011066153e-03,3.000000000000000444e-01,1.964449096245522025e-02
3.720739976555703524e-04,0.000000000000000000e+00,9.486706779179248218e-05,5.050505050505050067e-03,3.035405155445943578e-03,2.190371887052997284e-04,7.977087834393065385e-04,6.794314936609007205e-01,8.364045056295820943e-03,9.840098400984010132e-03,1.029428924654986704e-04,2.309516173797900723e-02,7.810495073554441382e-04,1.223843506623005159e-02,4.157465716351487622e-03,8.641356292698574790e-03,9.302325581395348708e-03,1.499845514753044527e-03,6.713818886821779942e-03,1.526717665462385201e-02,6.899707627433427845e-03,1.845288808276638465e-02,0.000000000000000000e+00,0.000000000000000000e+00,7.955711634116796258e-03
0.000000000000000000e+00,0.000000000000000000e+00,4.169143686403477939e-05,0.000000000000000000e+00,2.845692333230571969e-03,5.714013618399123350e-05,4.819626212020906939e-04,0.000000000000000000e+00,7.169181476824989380e-03,7.380073800738007166e-03,7.005656151236397129e-05,2.309516173797900723e-02,1.338942011887943458e-04,8.158956718435066841e-04,1.288303782282197328e-03,8.380919774338019615e-03,6.976744186046511531e-03,4.832230368131421256e-04,6.689667033443654799e-03,0.000000000000000000e+00,6.881389819572984907e-03,0.000000000000000000e+00,1.559394771384856743e-02,0.000000000000000000e+00,6.693402122615338228e-03
1.917628762167438534e-04,0.000000000000000000e+00,2.076189405526090125e-04,0.000000000000000000e+00,9.177357774668595466e-03,2.095138326746345228e-04,1.537157314060055456e-03,5.095736199908886821e-01,1.254606758444373228e-02,1.353013530135301415e-02,2.560800083016391625e-04,2.568194183604827902e-02,5.913660556011837753e-04,7.320397272059317971e-03,3.202563641320907688e-03,1.528608294592576598e-02,1.279069767441860447e-02,1.836665502906717484e-03,1.094101971863201822e-02,7.633588327311926873e-03,1.132515431905075851e-02,2.956094137131593880e-04,7.796981995515504804e-03,1.000000000000000056e-01,1.266184279556835206e-02
0.000000000000000000e+00,0.000000000000000000e+00,1.846820267841470884e-06,0.000000000000000000e+00,7.588512888614858945e-04,1.428503404599780837e-05,4.668979213173955561e-05,0.000000000000000000e+00,1.792295369206247345e-03,3.690036900369004016e-03,2.070459195312337275e-06,2.154309100874743366e-02,3.347355022706354014e-05,0.000000000000000000e+00,7.412989826033660129e-04,1.865882656821807361e-03,1.744186046511627883e-03,8.951265911991586604e-05,5.945140435122755768e-04,0.000000000000000000e+00,7.523869969344810019e-04,0.000000000000000000e+00,1.559394771384856743e-02,0.000000000000000000e+00,1.976153387257118324e-03
0.000000000000000000e+00,0.000000000000000000e+00,4.457842026978303781e-07,0.000000000000000000e+00,1.659987194384500225e-04,4.761678015332602792e-06,1.670111800598257437e-05,0.000000000000000000e+00,5.974317897354157816e-04,0.000000000000000000e+00,6.198023987225699207e-07,2.154309100874743366e-02,1.115785002893113562e-05,0.000000000000000000e+00,6.631250870527420540e-04,8.461165682193911913e-04,5.813953488372092943e-04,3.918384612955523594e-05,2.847975288316376510e-04,0.000000000000000000e+00,1.183873137647131892e-04,0.000000000000000000e+00,1.559394771384856743e-02,0.000000000000000000e+00,1.530272698218887494e-03
0.000000000000000000e+00,0.000000000000000000e+00,4.457842026978303781e-07,0.000000000000000000e+00,1.659987194384500225e-04,4.761678015332602792e-06,1.670111800598257437e-05,0.000000000000000000e+00,5.974317897354157816e-04,0.000000000000000000e+00,6.198023987225699207e-07,2.154309100874743366e-02,1.115785002893113562e-05,0.000000000000000000e+00,6.631250870527420540e-04,8.461165682193911913e-04,5.813953488372092943e-04,3.918384612955523594e-05,2.847975288316376510e-04,0.000000000000000000e+00,1.183873137647131892e-04,0.000000000000000000e+00,1.559394771384856743e-02,0.000000000000000000e+00,1.530272698218887494e-03
6.806231664016150539e-05,1.000000000000000000e+00,4.575752661004803100e-05,0.000000000000000000e+00,4.102539780407408500e-03,1.999904766439693172e-04,1.818119194907230477e-04,4.118345684856035138e-01,2.509213516888746109e-02,1.107011070110701031e-02,1.834719323428261179e-05,3.591873506509282027e-02,3.905247536777220691e-04,9.812999751411848742e-03,1.169667254920169711e-03,5.468487158223744177e-03,1.220930232558139518e-02,3.518060851121456020e-05,4.570824446374108327e-05,7.633588327311926873e-03,1.270713115652193689e-03,0.000000000000000000e+00,7.796981995515504804e-03,1.000000000000000056e-01,3.050332746553638136e-03
5.307551807175623845e-04,5.000000000000000000e-01,1.223471803062590720e-04,0.000000000000000000e+00,8.205079560814817000e-03,5.809247178705774593e-04,3.944340624646071477e-04,6.753554744042806757e-01,2.658571464322600358e-02,1.968019680196802026e-02,3.498284595081057317e-05,1.570910330746895815e-03,1.193889961231298395e-03,2.435819439723152166e-02,2.608446131281620933e-03,8.311082302066149022e-03,1.860465116279069742e-02,2.687270942824917163e-04,5.433847264279617156e-05,2.290076498193577975e-02,1.846367188599810482e-03,7.529429206618182442e-03,1.986971938495559181e-03,2.000000000000000389e-01,4.670886936767022421e-03
4.460512537245136643e-04,6.666666669999999906e-01,1.940363132105441403e-04,0.000000000000000000e+00,1.145391164125305304e-02,7.142517022998903916e-04,4.986712284036918033e-04,6.432855157023995574e-01,3.664248310178073315e-02,2.214022140221402063e-02,4.691705482836833159e-05,0.000000000000000000e+00,1.193889961231298395e-03,2.715449138106949822e-02,2.680143093725593974e-03,1.020344669438504569e-02,2.267441860465116421e-02,2.035542426924068303e-04,8.662191879407632618e-05,2.290076498193577975e-02,2.317202694346005148e-03,1.377506259036919675e-05,1.986971938495559181e-03,3.000000000000000444e-01,5.898613952648591556e-03
0.000000000000000000e+00,0.000000000000000000e+00,8.215166018730442148e-06,0.000000000000000000e+00,1.470274372169128995e-03,4.761678015332602792e-05,6.505848831841448535e-05,0.000000000000000000e+00,5.974317897354157816e-03,4.920049200492005066e-03,7.184561804215013953e-06,2.569135496083091441e-02,1.115785009906619684e-04,1.817222175341265226e-03,4.774606975243818677e-04,2.816642131814615924e-03,5.813953488372092943e-03,1.109280600007423362e-04,2.250251980450405868e-05,0.000000000000000000e+00,6.278937472162869193e-04,0.000000000000000000e+00,1.559394771384856743e-02,0.000000000000000000e+00,1.477840768321770802e-03
0.000000000000000000e+00,0.000000000000000000e+00,1.592086437736668158e-06,0.000000000000000000e+00,5.928525694230357907e-04,4.761678015332602792e-06,7.713942721043641406e-05,0.000000000000000000e+00,5.974317897354157816e-04,1.230012300123001267e-03,3.088589672667436312e-06,2.154309100874743366e-02,1.115785002893113562e-05,0.000000000000000000e+00,8.419028975774046041e-04,2.777032818959040365e-03,5.813953488372092943e-04,7.250241337689356555e-05,1.535113023605068914e-03,0.000000000000000000e+00,6.865785761025200440e-04,0.000000000000000000e+00,1.559394771384856743e-02,0.000000000000000000e+00,2.625117958707850682e-03
6.863822851878026562e-04,8.571428570000000358e-01,7.324735054288933778e-04,0.000000000000000000e+00,3.806113495695890442e-02,2.618922908432931834e-03,1.438915672767055419e-03,6.492060518402147373e-01,7.536175287959179236e-02,6.519065190651907038e-02,1.278369317411487947e-04,4.296889848828820690e-02,3.336197181233898929e-03,7.325754163183072210e-02,6.196335672636833249e-03,2.585930720210343620e-02,4.302325581395348431e-02,2.264387641879772779e-04,8.949865182580502777e-06,5.343511356599265488e-02,5.452600806458452257e-03,2.069171585397617391e-03,3.317488364337514012e-02,6.000000000000000888e-01,9.383506576897973628e-03
5.826308822983921124e-04,8.928571429999999642e-01,7.320476541178858260e-04,0.000000000000000000e+00,3.806113495695890442e-02,2.618922908432931834e-03,1.438916105946750658e-03,6.352159771582361891e-01,7.683399555550537996e-02,6.519065190651907038e-02,1.283499053501808789e-04,5.057404906710791931e-02,3.336197181233898929e-03,7.386946334430663508e-02,6.196335672636833249e-03,2.590708914261887624e-02,4.302325581395348431e-02,2.055069806418796240e-04,8.949865182580502777e-06,5.343511356599265488e-02,5.478042206264623244e-03,1.791209684442866953e-03,3.317488364337514012e-02,6.000000000000000888e-01,9.436470299231683456e-03
7.072616150489010678e-04,8.055555559999999504e-01,8.741256570164042915e-04,0.000000000000000000e+00,4.071711446797410261e-02,3.204609304318842018e-03,1.621842837448499077e-03,6.594175616939177420e-01,7.970735796711445054e-02,7.134071340713407650e-02,1.535686650627865577e-04,6.308940597935304428e-02,4.161878089546688572e-03,8.252702298822549298e-02,7.143021160556631624e-03,2.828071726629952792e-02,4.709302325581395110e-02,3.065106923428956515e-04,9.077720414862801385e-06,6.106870189330457221e-02,5.825402118284870104e-03,3.860381269840484127e-03,4.097184936170819580e-02,6.000000000000000888e-01,1.021160651534335460e-02
1.788062370736090683e-03,7.500000000000000000e-01,6.505353359420706482e-04,0.000000000000000000e+00,3.756313879864354999e-02,2.542736060187609972e-03,1.458254614461158795e-03,6.846535419505856979e-01,6.885401376700665821e-02,6.150061500615006116e-02,1.281186601042045149e-04,2.595254580763655533e-02,3.603985583892028131e-03,7.142177638017754848e-02,8.159213105415242737e-03,2.427981408316619641e-02,4.186046511627906919e-02,3.167453162782108735e-04,1.316908881735862535e-04,5.343511356599265488e-02,5.268405071861778123e-03,9.482059761445753299e-02,3.317488364337514012e-02,6.000000000000000888e-01,9.883535961744108547e-03
5.826308822983921124e-04,8.928571429999999642e-01,7.320476541178858260e-04,0.000000000000000000e+00,3.806113495695890442e-02,2.618922908432931834e-03,1.438916105946750658e-03,6.352159771582361891e-01,7.683399555550537996e-02,6.519065190651907038e-02,1.283499053501808789e-04,5.057404906710791931e-02,3.336197181233898929e-03,7.386946334430663508e-02,6.196335672636833249e-03,2.590708914261887624e-02,4.302325581395348431e-02,2.055069806418796240e-04,8.949865182580502777e-06,5.343511356599265488e-02,5.478042206264623244e-03,1.791209684442866953e-03,3.317488364337514012e-02,6.000000000000000888e-01,9.436470299231683456e-03
5.826308822983921124e-04,8.928571429999999642e-01,7.320476541178858260e-04,0.000000000000000000e+00,3.806113495695890442e-02,2.618922908432931834e-03,1.438916105946750658e-03,6.352159771582361891e-01,7.683399555550537996e-02,6.519065190651907038e-02,1.283499053501808789e-04,5.057404906710791931e-02,3.336197181233898929e-03,7.386946334430663508e-02,6.196335672636833249e-03,2.590708914261887624e-02,4.302325581395348431e-02,2.055069806418796240e-04,8.949865182580502777e-06,5.343511356599265488e-02,5.478042206264623244e-03,1.791209684442866953e-03,3.317488364337514012e-02,6.000000000000000888e-01,9.436470299231683456e-03
1.125390827519688825e-03,4.285714290000000037e-01,3.593458553792886227e-04,5.892255892255892323e-03,2.086841044369086226e-02,1.590400457121089305e-03,8.745053441079184055e-04,7.457566370213619678e-01,3.977188771581848664e-02,4.305043050430504975e-02,7.202572877598807286e-05,4.416822404924668904e-02,2.677884024757778026e-03,5.938731521620236459e-02,4.175505004247188033e-03,1.804367365569613246e-02,3.023255813953488330e-02,3.746081424612514700e-04,2.665780515905574042e-06,4.580152523868072367e-02,3.492256146726997745e-03,9.281231352044741478e-03,2.537790164785963531e-02,4.000000000000000222e-01,6.544607736493645612e-03
9.352864725313273430e-04,5.714285709999999963e-01,4.585765238584746471e-04,5.892255892255892323e-03,2.264696815195996887e-02,1.757059187657730335e-03,9.405812463894559425e-04,7.299734593981508368e-01,4.856266976819636344e-02,4.920049200492005587e-02,8.193703029754694032e-05,1.129000840064641083e-02,2.677884024757778026e-03,5.929666011807343401e-02,4.278376952945858042e-03,1.991405805567900492e-02,3.313953488372092804e-02,2.936325180621867877e-04,2.975829454190145626e-06,4.580152523868072367e-02,4.050270849142337086e-03,9.251846457116489827e-03,2.537790164785963531e-02,4.000000000000000222e-01,7.095615111218385625e-03
1.758276512977298141e-04,0.000000000000000000e+00,2.566040293636008435e-05,0.000000000000000000e+00,5.193388508145794710e-03,1.333269844293128782e-04,2.267742391292531905e-04,5.095736199908886821e-01,7.766613266560406029e-03,9.840098400984010132e-03,1.473748751434449270e-05,2.766672256238020614e-02,4.128404538758544194e-04,8.393835768817772131e-03,1.866813365102139429e-03,5.038147528406929955e-03,8.139534883720930120e-03,2.558184195623166885e-04,5.212210316064483503e-04,7.633588327311926873e-03,1.190657510928777281e-03,8.409118707333493314e-02,7.796981995515504804e-03,1.000000000000000056e-01,3.324497279801309334e-03
6.806231664016150539e-05,1.000000000000000000e+00,3.444081173220756926e-05,0.000000000000000000e+00,4.956247480376580090e-03,1.714204085519737005e-04,1.814117962194141331e-04,3.873438365907305725e-01,2.150754443047497161e-02,1.353013530135301415e-02,1.307512732355101069e-05,3.182219656748869197e-02,3.682090534795896646e-04,1.084152277863701871e-02,9.321181514535632415e-04,6.313923924133020907e-03,1.046511627906976730e-02,1.875451472752506844e-05,1.415995620346114465e-06,7.633588327311926873e-03,1.168947516427511907e-03,0.000000000000000000e+00,7.796981995515504804e-03,1.000000000000000056e-01,2.085035778323766388e-03
0.000000000000000000e+00,0.000000000000000000e+00,3.279698062794082037e-06,0.000000000000000000e+00,1.185705138846071798e-03,2.380839007666301396e-05,4.243607341366640673e-05,0.000000000000000000e+00,2.987158948677078908e-03,4.920049200492005066e-03,2.327760243652237672e-06,3.271800559999477748e-02,5.578925042519593112e-05,2.447687015530517450e-03,2.391107247290127837e-04,2.711999217544976918e-03,2.906976744186046471e-03,4.123341147794132278e-05,1.179453746000876070e-07,0.000000000000000000e+00,3.853524023974618071e-04,0.000000000000000000e+00,1.559394771384856743e-02,0.000000000000000000e+00,7.503892054229904275e-04
0.000000000000000000e+00,0.000000000000000000e+00,1.325677307255764220e-04,0.000000000000000000e+00,5.762526974791909104e-03,9.523356030665205583e-05,1.318668628100873666e-03,0.000000000000000000e+00,1.194863579470831563e-02,1.230012300123001223e-02,2.602160412293206475e-04,2.343379389505316143e-02,2.231570021215940566e-04,1.656515453051240518e-03,1.547457742427026453e-03,1.091419367522038740e-02,1.162790697674418589e-02,9.061728883687026129e-04,1.436948014694747894e-02,0.000000000000000000e+00,1.522311598802015414e-02,0.000000000000000000e+00,1.559394771384856743e-02,0.000000000000000000e+00,1.048199035805884131e-02
0.000000000000000000e+00,0.000000000000000000e+00,1.588902264944172342e-04,0.000000000000000000e+00,5.999668002561122856e-03,1.047569163373172614e-04,1.463145338360283699e-03,0.000000000000000000e+00,1.314349937417914720e-02,1.230012300123001223e-02,3.005722450225511121e-04,2.341109557997446064e-02,2.454727023197264611e-04,1.800291533246623811e-03,1.603071712641205128e-03,1.139223971362845686e-02,1.279069767441860447e-02,1.000397899434593736e-03,1.537062816866835956e-02,0.000000000000000000e+00,1.587238051107362283e-02,0.000000000000000000e+00,1.559394771384856743e-02,0.000000000000000000e+00,1.123168700788909624e-02
0.000000000000000000e+00,0.000000000000000000e+00,1.410376305731710696e-04,0.000000000000000000e+00,6.070810310891887156e-03,9.999523832198465862e-05,1.385258589539761949e-03,0.000000000000000000e+00,1.254606758444373228e-02,1.230012300123001223e-02,2.791446045538396566e-04,2.323626514606826066e-02,2.343148521505251177e-04,1.557619009883057584e-03,1.579061330841743417e-03,1.097517871752227807e-02,1.220930232558139518e-02,9.210808575319687306e-04,1.483915953911730742e-02,0.000000000000000000e+00,1.573431851479213661e-02,0.000000000000000000e+00,1.559394771384856743e-02,0.000000000000000000e+00,1.079608619051271312e-02
0.000000000000000000e+00,0.000000000000000000e+00,1.275791932067924933e-05,0.000000000000000000e+00,1.422846166615286201e-03,2.857006809199561675e-05,1.849113587144341658e-04,0.000000000000000000e+00,3.584590738412494690e-03,4.920049200492005066e-03,1.904353455244806587e-05,2.852741596626453408e-02,6.694710059439715937e-05,1.835765257364436673e-03,1.116115812804252929e-03,5.342241911239010640e-03,3.488372093023255766e-03,2.232984067846354923e-04,2.782436705943094023e-03,0.000000000000000000e+00,3.618106271101520846e-03,0.000000000000000000e+00,1.559394771384856743e-02,0.000000000000000000e+00,4.698702515237355298e-03
3.176241443434411915e-04,0.000000000000000000e+00,2.003623843386401139e-06,2.525252525252525033e-03,4.505679527615071922e-04,6.190181419932383629e-05,5.868047562772162951e-05,6.794314936609007205e-01,1.792295369206247345e-03,2.460024600246002967e-03,2.545651890917292432e-06,2.154309100874743366e-02,4.128404538758544194e-04,1.142253939438654317e-02,2.463263813031877324e-03,1.223719307822143275e-03,2.906976744186046471e-03,1.620080418672037123e-04,4.400968867233305678e-04,1.526717665462385201e-02,1.906408892142372950e-04,2.764198084188301471e-02,0.000000000000000000e+00,0.000000000000000000e+00,2.530445171719560103e-03
0.000000000000000000e+00,0.000000000000000000e+00,2.016642821158117864e-07,0.000000000000000000e+00,2.134269249922929248e-04,1.428503404599780837e-05,9.346727908620980851e-06,0.000000000000000000e+00,1.792295369206247345e-03,1.230012300123001267e-03,2.315709435059102614e-07,2.588889706176586425e-02,3.347355022706354014e-05,5.711269697193273320e-04,2.180085182624589126e-04,4.643142056560962787e-04,1.744186046511627883e-03,3.259245276612063194e-05,3.739657826224008205e-08,0.000000000000000000e+00,2.103155717310090949e-05,0.000000000000000000e+00,1.559394771384856743e-02,0.000000000000000000e+00,2.887280193204450150e-04
3.629990220581738895e-04,1.000000000000000056e-01,3.856960154432127164e-06,1.262626262626262603e-02,1.399132063838364696e-03,1.809437645826389061e-04,8.010062435409970696e-05,7.326536270779162585e-01,4.062536170200827662e-03,7.380073800738007166e-03,2.539137940326408755e-06,7.183744342628554935e-02,1.115785010467700272e-03,3.046010504979369121e-02,2.356357654060658394e-03,1.696810404027812060e-03,5.813953488372092943e-03,1.674783233819446878e-04,7.255773660217072743e-07,3.053434858405687166e-02,1.740191746742059283e-04,2.765692192636899638e-02,9.783953934011066153e-03,1.000000000000000056e-01,1.729533822443214339e-03
0.000000000000000000e+00,0.000000000000000000e+00,2.016642821158117864e-07,0.000000000000000000e+00,2.134269249922929248e-04,1.428503404599780837e-05,9.346727908620980851e-06,0.000000000000000000e+00,1.792295369206247345e-03,1.230012300123001267e-03,2.315709435059102614e-07,2.588889706176586425e-02,3.347355022706354014e-05,5.711269697193273320e-04,2.180085182624589126e-04,4.643142056560962787e-04,1.744186046511627883e-03,3.259245276612063194e-05,3.739657826224008205e-08,0.000000000000000000e+00,2.103155717310090949e-05,0.000000000000000000e+00,1.559394771384856743e-02,0.000000000000000000e+00,2.887280193204450150e-04
0.000000000000000000e+00,0.000000000000000000e+00,2.016642821158117864e-07,0.000000000000000000e+00,2.134269249922929248e-04,1.428503404599780837e-05,9.346727908620980851e-06,0.000000000000000000e+00,1.792295369206247345e-03,1.230012300123001267e-03,2.315709435059102614e-07,2.588889706176586425e-02,3.347355022706354014e-05,5.711269697193273320e-04,2.180085182624589126e-04,4.643142056560962787e-04,1.744186046511627883e-03,3.259245276612063194e-05,3.739657826224008205e-08,0.000000000000000000e+00,2.103155717310090949e-05,0.000000000000000000e+00,1.559394771384856743e-02,0.000000000000000000e+00,2.887280193204450150e-04
6.806231664016150539e-05,1.000000000000000000e+00,1.794833699130920493e-06,0.000000000000000000e+00,9.722782138537787921e-04,6.666349221465643908e-05,4.085446696313955507e-05,1.992999051605018890e-01,8.364045056295820943e-03,3.690036900369004016e-03,1.177070871772657764e-06,7.183744342628554935e-02,2.119991519523927673e-04,8.186153230739935671e-03,8.651619191230833401e-04,9.938130765746273562e-04,4.069767441860465060e-03,7.621024819257809615e-06,7.191846044075923439e-07,7.633588327311926873e-03,1.445071508990482115e-04,0.000000000000000000e+00,7.796981995515504804e-03,1.000000000000000056e-01,1.043357675781008374e-03
6.806231664016150539e-05,1.000000000000000000e+00,7.380942328738673364e-05,0.000000000000000000e+00,6.379093646991866075e-03,1.333269844293128782e-04,8.778368617598636663e-04,2.671722801522555812e-01,1.672809011259164536e-02,1.107011070110701031e-02,8.640722889054077251e-05,1.771245659631528330e-02,3.458933532814572600e-04,1.185521134252815953e-02,2.685931952617514728e-03,1.086743897187236046e-02,8.139534883720930120e-03,1.169904760934171209e-04,7.368344981063740425e-03,7.633588327311926873e-03,8.016415469592270276e-03,0.000000000000000000e+00,7.796981995515504804e-03,1.000000000000000056e-01,8.909144456823059333e-03
0.000000000000000000e+00,0.000000000000000000e+00,8.637599620913804892e-05,0.000000000000000000e+00,4.695392349830444616e-03,6.666349221465643908e-05,1.003907583873953372e-03,0.000000000000000000e+00,8.364045056295820943e-03,1.230012300123001223e-02,1.658650495931974264e-04,2.519045655484412546e-02,1.562099013869267504e-04,2.236913966637788138e-03,1.482936475797877246e-03,1.008434683789276136e-02,8.139534883720930120e-03,7.656034418954005966e-04,1.183388714413302276e-02,0.000000000000000000e+00,1.435742995728219416e-02,0.000000000000000000e+00,1.559394771384856743e-02,0.000000000000000000e+00,9.465934177138089420e-03
5.898734109040871046e-04,2.999999999999999889e-01,5.765850543813465359e-05,4.208754208754208678e-03,4.481965424838151718e-03,4.190276653492690457e-04,6.551638909746348386e-04,6.113625231282600048e-01,1.278504030033789617e-02,1.353013530135301415e-02,7.558202010108093808e-05,1.466990501302569694e-01,1.450520513159145666e-03,3.791648493477881021e-02,6.343260697346357613e-03,7.859291403382611188e-03,1.162790697674418589e-02,7.230210995932510876e-04,2.869541279316216182e-03,3.053434858405687166e-02,3.626586737703577697e-03,2.302502283559571677e-02,9.783953934011066153e-03,1.000000000000000056e-01,7.983058081135509243e-03
2.223369010472150378e-04,6.666666669999999906e-01,5.190985803545257850e-05,0.000000000000000000e+00,4.055111574853565923e-03,2.333222227512975232e-04,4.799192355703109088e-04,4.567569084416740477e-01,1.573237046104117298e-02,9.840098400984010132e-03,5.258679742267337212e-05,5.460493602633442571e-03,6.471553060263795371e-04,1.868854361899103741e-02,3.747510860944235946e-03,7.112938339154643679e-03,9.883720930232558002e-03,2.094186209152294764e-04,2.859207380166999771e-03,1.526717665462385201e-02,3.584184404693293875e-03,4.594546379558314166e-03,0.000000000000000000e+00,1.000000000000000056e-01,6.786271057755661334e-03
6.806231664016150539e-05,1.000000000000000000e+00,8.614937582395808807e-07,0.000000000000000000e+00,7.825653916384072914e-04,4.761678015332602792e-05,3.336145936332768477e-05,1.132385821069589182e-01,5.974317897354157816e-03,3.690036900369004016e-03,7.171859600562790803e-07,8.704774458392498804e-02,1.673677515561280125e-04,9.518782830559211622e-03,1.354517354778448767e-03,8.938985087348317801e-04,2.906976744186046471e-03,1.430157384188363904e-06,8.022915717996143643e-05,7.633588327311926873e-03,1.295815296794281988e-04,0.000000000000000000e+00,7.796981995515504804e-03,1.000000000000000056e-01,1.776437505255570740e-03
1.588120721376894140e-04,3.333333330000000094e-01,1.339045182274689617e-06,2.525252525252525033e-03,9.248500082999359983e-04,7.618684824532164467e-05,4.399604975808172567e-05,4.498088130225582626e-01,3.584590738412494690e-03,4.920049200492005066e-03,9.663445701575748796e-07,8.704774458392498804e-02,3.793669035085207798e-04,1.903756565540714804e-02,2.098219783470767989e-03,1.015415409289722537e-03,3.488372093023255766e-03,3.605762044603382118e-05,8.054879526066717618e-05,1.526717665462385201e-02,1.360266842969913874e-04,9.233916012574585469e-03,0.000000000000000000e+00,1.000000000000000056e-01,2.088903804967842844e-03
0.000000000000000000e+00,0.000000000000000000e+00,2.122781916097440469e-08,0.000000000000000000e+00,0.000000000000000000e+00,0.000000000000000000e+00,3.444356149426107196e-07,0.000000000000000000e+00,0.000000000000000000e+00,0.000000000000000000e+00,7.816740709060266260e-09,2.154309100874743366e-02,0.000000000000000000e+00,0.000000000000000000e+00,2.537890375724175408e-04,5.640777471286263138e-05,0.000000000000000000e+00,1.443867374377909632e-05,7.927013629699135142e-07,0.000000000000000000e+00,1.696093320411363313e-06,0.000000000000000000e+00,1.559394771384856743e-02,0.000000000000000000e+00,2.890166924500688680e-04
1.134371944229565940e-04,0.000000000000000000e+00,3.563016263697090793e-07,1.683501683501683428e-03,1.185705138846071744e-04,2.857006809199561675e-05,1.026297997360190830e-05,5.095736199908886821e-01,1.194863579470831563e-03,1.230012300123001267e-03,1.543806290039401743e-07,2.154309100874743366e-02,1.673677515561280125e-04,5.711269697193272453e-03,9.836865127913849843e-04,2.213559364705006030e-04,1.744186046511627883e-03,6.779995620957310289e-05,1.869882664410570219e-05,7.633588327311926873e-03,1.119421591471500278e-05,9.233916012574585469e-03,7.796981995515504804e-03,0.000000000000000000e+00,8.500819506744527153e-04
1.368052564467246192e-03,0.000000000000000000e+00,1.657623096934760941e-04,3.367003367003366856e-03,8.560791102468637628e-03,3.904575972572734560e-04,9.324450728307057210e-04,7.643604299863330231e-01,1.135120400497289898e-02,1.599015990159901451e-02,1.032480710506815716e-04,4.637624938035268818e-02,1.104627160438768777e-03,1.985346132725065646e-02,5.738804631314444425e-03,1.480255323434977351e-02,1.279069767441860447e-02,1.777493410779503943e-03,6.184309638705452056e-03,2.290076498193577975e-02,7.426174994089115508e-03,5.282037461848577975e-02,1.986971938495559181e-03,2.000000000000000389e-01,1.193908591999577433e-02
0.000000000000000000e+00,0.000000000000000000e+00,3.502590164445938744e-07,0.000000000000000000e+00,2.608551305461357999e-04,4.761678015332602792e-06,1.105831714634130495e-05,0.000000000000000000e+00,5.974317897354157816e-04,1.230012300123001267e-03,2.602323261057978713e-07,2.154309100874743366e-02,1.115785002893113562e-05,0.000000000000000000e+00,5.081041841973064953e-04,7.333010262898871558e-04,5.813953488372092943e-04,3.735908433828038404e-05,5.242064415856170599e-05,0.000000000000000000e+00,9.158903930221364432e-05,0.000000000000000000e+00,1.559394771384856743e-02,0.000000000000000000e+00,9.734894597032303599e-04
6.806231664016150539e-05,1.000000000000000000e+00,4.605533868573655253e-05,0.000000000000000000e+00,4.102539780407408500e-03,1.714204085519737005e-04,2.529440395673666453e-04,3.768616870917141926e-01,2.150754443047497161e-02,9.840098400984010132e-03,2.592259207395064132e-05,2.850097910517286268e-02,3.682090534795896646e-04,1.060245964065160626e-02,2.043922396280447359e-03,6.674728209374707240e-03,1.046511627906976730e-02,4.705089300723022032e-05,1.464252457493412382e-03,7.633588327311926873e-03,2.899301921911184941e-03,0.000000000000000000e+00,7.796981995515504804e-03,1.000000000000000056e-01,5.822220311515286136e-03
0.000000000000000000e+00,0.000000000000000000e+00,3.884690907814343822e-06,0.000000000000000000e+00,1.043420522184543200e-03,1.904671206133041117e-05,8.034006683715167818e-05,0.000000000000000000e+00,2.389727158941663127e-03,3.690036900369004016e-03,5.083487041125523944e-06,2.588889706176586425e-02,4.463140039626478872e-05,7.615026243886794874e-04,8.815659815628960200e-04,3.106929149970537318e-03,2.325581395348837177e-03,1.155921271641668517e-04,1.148149573960273841e-03,0.000000000000000000e+00,1.532589924323708285e-03,0.000000000000000000e+00,1.559394771384856743e-02,0.000000000000000000e+00,2.852601750722398490e-03
0.000000000000000000e+00,0.000000000000000000e+00,3.311539790871956996e-06,0.000000000000000000e+00,8.299935971922501937e-04,1.904671206133041117e-05,5.423661027590539286e-05,0.000000000000000000e+00,2.389727158941663127e-03,3.690036900369004016e-03,3.936706039600474709e-06,3.675339216638687234e-02,4.463140039626478872e-05,2.665259193927282770e-03,8.335607134186448063e-04,2.703373390843775981e-03,2.325581395348837177e-03,7.689399221863216412e-05,5.699786244373026027e-04,0.000000000000000000e+00,1.076680039797133686e-03,0.000000000000000000e+00,1.559394771384856743e-02,0.000000000000000000e+00,2.462513416127373820e-03
0.000000000000000000e+00,0.000000000000000000e+00,7.854293092157179512e-07,0.000000000000000000e+00,4.742820555384286976e-04,9.523356030665205583e-06,2.465613581621815126e-05,0.000000000000000000e+00,1.194863579470831563e-03,2.460024600246002967e-03,9.256323789645528473e-07,2.154309100874743366e-02,2.231570019813239775e-05,0.000000000000000000e+00,6.931005436692606403e-04,1.240970961224544932e-03,1.162790697674418589e-03,5.579112780002083217e-05,2.624228631822355978e-04,0.000000000000000000e+00,3.056360163381277085e-04,0.000000000000000000e+00,1.559394771384856743e-02,0.000000000000000000e+00,1.562232432774648787e-03
1.588120721376894140e-04,6.666666669999999906e-01,5.704849784723205371e-06,0.000000000000000000e+00,1.304275652730678891e-03,1.333269844293128782e-04,7.460639450368190253e-05,3.124126664066543269e-01,8.762332918110871463e-03,6.150061500615006983e-03,2.497122959015209902e-06,7.401033977681975573e-02,4.128404538758544194e-04,2.265470313410373679e-02,2.170102620438153686e-03,2.568879984274990980e-03,5.813953488372092943e-03,2.568620939289753983e-05,2.486784257118885991e-04,1.526717665462385201e-02,3.371833520977791151e-04,7.459110655780831057e-06,0.000000000000000000e+00,1.000000000000000056e-01,3.314635728987237566e-03
6.806231664016150539e-05,1.000000000000000000e+00,2.517590370998348871e-06,0.000000000000000000e+00,1.019706419407621694e-03,6.666349221465643908e-05,5.125523658466323343e-05,1.992999051605018890e-01,8.364045056295820943e-03,3.690036900369004016e-03,1.531755481446267214e-06,1.968782419786457502e-02,1.896834517542603628e-04,1.123216373971719362e-02,1.390682451953048409e-03,1.805124202796251328e-03,4.069767441860465060e-03,3.833584100842638061e-06,1.323301643349977330e-04,7.633588327311926873e-03,1.852133905889209243e-04,0.000000000000000000e+00,7.796981995515504804e-03,1.000000000000000056e-01,1.948853238121356791e-03
0.000000000000000000e+00,0.000000000000000000e+00,7.323597614575398892e-07,0.000000000000000000e+00,3.319974388769000992e-04,1.428503404599780837e-05,1.823999368613602251e-05,0.000000000000000000e+00,1.792295369206247345e-03,1.230012300123001267e-03,7.377049044175623049e-07,3.458049581585267984e-02,3.347355022706354014e-05,1.713380909157981996e-03,6.181204137730805749e-04,8.982491880475250868e-04,1.744186046511627883e-03,2.770629148644186828e-05,1.217821076717081724e-04,0.000000000000000000e+00,1.512915241806936546e-04,0.000000000000000000e+00,1.559394771384856743e-02,0.000000000000000000e+00,1.308416538485479477e-03
1.020934749602422513e-04,0.000000000000000000e+00,4.087997618909591108e-07,1.683501683501683428e-03,1.422846166615286255e-04,1.904671206133041117e-05,9.213568470329677450e-06,5.095736199908886821e-01,5.974317897354157816e-04,1.230012300123001267e-03,1.690370178334281843e-07,2.154309100874743366e-02,1.450520513579956080e-04,5.711269697193272453e-03,7.661070695472061310e-04,2.473844804224747127e-04,1.162790697674418589e-03,5.989458102945547128e-05,1.598179631725400888e-07,7.633588327311926873e-03,1.967468251677182019e-05,9.233916012574585469e-03,7.796981995515504804e-03,0.000000000000000000e+00,6.346491529731614154e-04
0.000000000000000000e+00,0.000000000000000000e+00,0.000000000000000000e+00,0.000000000000000000e+00,0.000000000000000000e+00,0.000000000000000000e+00,1.732718780620285922e-10,0.000000000000000000e+00,0.000000000000000000e+00,0.000000000000000000e+00,2.931277765897600675e-09,2.154309100874743366e-02,0.000000000000000000e+00,0.000000000000000000e+00,1.883989548295526308e-04,0.000000000000000000e+00,0.000000000000000000e+00,1.246232994874968842e-05,7.670236756605881301e-09,0.000000000000000000e+00,1.017655992246818666e-06,0.000000000000000000e+00,1.559394771384856743e-02,0.000000000000000000e+00,1.922556956987282620e-04
1.565433282723714529e-04,0.000000000000000000e+00,4.346159922811032442e-06,0.000000000000000000e+00,6.639948777538000899e-04,5.714013618399123350e-05,4.356719223366072328e-05,5.095736199908886821e-01,2.987158948677078908e-03,3.690036900369004016e-03,2.383128823674747873e-06,2.154309100874743366e-02,2.343148521505251177e-04,5.711269697193272453e-03,1.225905369037706867e-03,1.761844005441875289e-03,3.488372093023255766e-03,1.778198762124836858e-04,3.516017810582853434e-06,7.633588327311926873e-03,4.396273886506254602e-04,1.843794699828039604e-02,7.796981995515504804e-03,0.000000000000000000e+00,1.621362107111773117e-03
0.000000000000000000e+00,0.000000000000000000e+00,6.368345751177486356e-08,0.000000000000000000e+00,2.371410277692142404e-05,4.761678015332602792e-06,2.887585474132919511e-06,0.000000000000000000e+00,5.974317897354157816e-04,0.000000000000000000e+00,6.351101826111463938e-08,2.154309100874743366e-02,1.115785002893113562e-05,0.000000000000000000e+00,4.199565448004468097e-04,1.735739959550600684e-04,5.813953488372092943e-04,2.432039271892613244e-05,1.866686283603512754e-05,0.000000000000000000e+00,7.462810609810000441e-06,0.000000000000000000e+00,1.559394771384856743e-02,0.000000000000000000e+00,6.326817285189941095e-04
0.000000000000000000e+00,0.000000000000000000e+00,1.422263884333466481e-06,0.000000000000000000e+00,4.979961583153500945e-04,1.428503404599780837e-05,2.204019251581055332e-05,0.000000000000000000e+00,1.792295369206247345e-03,2.460024600246002967e-03,9.292150517895386794e-07,2.154309100874743366e-02,3.347355022706354014e-05,0.000000000000000000e+00,6.406608232231514669e-04,1.232420666447529888e-03,1.744186046511627883e-03,7.383330653026939775e-05,2.646603200525528504e-05,0.000000000000000000e+00,2.964771124079063481e-04,0.000000000000000000e+00,1.559394771384856743e-02,0.000000000000000000e+00,1.445532354854993070e-03
1.644839319030777535e-04,0.000000000000000000e+00,3.121203430200359527e-06,0.000000000000000000e+00,1.588844886053736088e-03,5.714013618399123350e-05,5.926766514383030018e-05,5.095736199908886821e-01,2.987158948677078908e-03,4.920049200492005066e-03,1.620996604541371989e-06,2.154309100874743366e-02,2.343148521505251177e-04,5.711269697193272453e-03,1.234843973403570647e-03,1.718337204818721131e-03,3.488372093023255766e-03,1.685009216863475265e-04,3.356198770229981021e-06,7.633588327311926873e-03,3.371833520977791151e-04,1.679510502636429731e-02,7.796981995515504804e-03,1.000000000000000056e-01,1.565952357185834308e-03
4.537487776237642293e-04,0.000000000000000000e+00,4.132950361817008911e-06,0.000000000000000000e+00,1.683701297161421893e-03,9.047188229131945304e-05,7.212173352955324310e-05,6.794314936609007205e-01,2.987158948677078908e-03,6.150061500615006983e-03,1.604060333005074596e-06,2.154309100874743366e-02,4.797875544702515788e-04,1.142253939438654317e-02,1.682916580180290325e-03,1.961295474004316319e-03,4.069767441860465060e-03,2.337462839073044935e-04,3.931547315500321369e-06,1.526717665462385201e-02,1.472209002117063834e-04,1.948309414861462349e-02,0.000000000000000000e+00,1.000000000000000056e-01,1.505369014551059684e-03
3.332217585281032571e-04,5.000000000000000000e-01,1.151424812916778610e-04,3.367003367003366856e-03,7.920510327491759803e-03,3.904575972572734560e-04,8.258061950160073585e-04,6.316950761926146685e-01,1.762423779719476252e-02,1.845018450184501835e-02,1.431802166604454656e-04,1.994193851114567720e-03,1.015364359505969202e-03,2.491201448925363382e-02,5.562462414695812200e-03,1.175188079524372778e-02,1.279069767441860447e-02,6.053220266817746715e-04,3.623446049230398622e-03,2.290076498193577975e-02,6.232125296519515356e-03,9.233916012574585469e-03,1.986971938495559181e-03,2.000000000000000389e-01,1.050136495553916603e-02
0.000000000000000000e+00,0.000000000000000000e+00,6.792902134108458881e-07,0.000000000000000000e+00,3.794256444307428930e-04,1.428503404599780837e-05,1.864049237984741588e-05,0.000000000000000000e+00,1.792295369206247345e-03,1.230012300123001267e-03,8.236890522172251345e-07,2.154309100874743366e-02,3.347355022706354014e-05,0.000000000000000000e+00,6.705993329384151401e-04,9.155763733741126374e-04,1.744186046511627883e-03,4.574140949132143408e-05,1.281748692858230621e-04,0.000000000000000000e+00,2.035311984493636721e-04,0.000000000000000000e+00,1.559394771384856743e-02,0.000000000000000000e+00,1.489233588277739636e-03
0.000000000000000000e+00,0.000000000000000000e+00,6.792902134108458881e-07,0.000000000000000000e+00,3.794256444307428930e-04,1.428503404599780837e-05,1.864049237984741588e-05,0.000000000000000000e+00,1.792295369206247345e-03,1.230012300123001267e-03,8.236890522172251345e-07,2.154309100874743366e-02,3.347355022706354014e-05,0.000000000000000000e+00,6.705993329384151401e-04,9.155763733741126374e-04,1.744186046511627883e-03,4.574140949132143408e-05,1.281748692858230621e-04,0.000000000000000000e+00,2.035311984493636721e-04,0.000000000000000000e+00,1.559394771384856743e-02,0.000000000000000000e+00,1.489233588277739636e-03
1.531402124403633837e-04,0.000000000000000000e+00,3.506189756779161143e-06,0.000000000000000000e+00,1.636273091607579099e-03,4.761678015332602792e-05,6.265305109742236604e-05,5.095736199908886821e-01,2.389727158941663127e-03,4.920049200492005066e-03,1.702095289397872060e-06,5.413660302651054912e-02,2.119991519523927673e-04,8.566904545789909980e-03,7.800395011555992823e-04,2.160898013911350442e-03,2.906976744186046471e-03,1.087903505807838385e-04,2.314178627129255411e-06,7.633588327311926873e-03,2.215097876457241112e-04,1.290557606703020841e-03,7.796981995515504804e-03,1.000000000000000056e-01,9.720765698837450066e-04
0.000000000000000000e+00,0.000000000000000000e+00,5.710283357043020663e-06,0.000000000000000000e+00,1.161991036069150293e-03,2.857006809199561675e-05,7.811822079718257986e-05,0.000000000000000000e+00,3.584590738412494690e-03,4.920049200492005066e-03,6.424383770258903299e-06,2.542327450780138692e-02,6.694710059439715937e-05,1.019869591232199987e-03,8.743497643895062951e-04,3.141810116396269881e-03,3.488372093023255766e-03,1.359239687838028059e-04,8.331302635207275516e-04,0.000000000000000000e+00,1.703216912357091370e-03,0.000000000000000000e+00,1.559394771384856743e-02,0.000000000000000000e+00,2.821217789078314404e-03
0.000000000000000000e+00,0.000000000000000000e+00,5.710283357043020663e-06,0.000000000000000000e+00,1.161991036069150293e-03,2.857006809199561675e-05,7.811822079718257986e-05,0.000000000000000000e+00,3.584590738412494690e-03,4.920049200492005066e-03,6.424383770258903299e-06,2.542327450780138692e-02,6.694710059439715937e-05,1.019869591232199987e-03,8.743497643895062951e-04,3.141810116396269881e-03,3.488372093023255766e-03,1.359239687838028059e-04,8.331302635207275516e-04,0.000000000000000000e+00,1.703216912357091370e-03,0.000000000000000000e+00,1.559394771384856743e-02,0.000000000000000000e+00,2.821217789078314404e-03
4.083738998409690594e-04,0.000000000000000000e+00,7.378622825260030714e-06,0.000000000000000000e+00,1.256847447176836097e-03,7.618684824532164467e-05,5.824342619395442744e-05,6.794314936609007205e-01,2.389727158941663127e-03,6.150061500615006983e-03,2.064596639780542008e-06,2.154309100874743366e-02,3.793669035085207798e-04,1.142253939438654317e-02,1.532255669146725605e-03,3.414921013073975511e-03,3.488372093023255766e-03,2.047812074357084654e-04,4.155294941456640561e-05,1.526717665462385201e-02,3.717836558341709209e-04,2.240591093537230277e-05,0.000000000000000000e+00,1.000000000000000056e-01,2.632657393823978256e-03
1.134371944229565940e-04,0.000000000000000000e+00,1.616256878302677006e-06,1.683501683501683428e-03,3.557115416538214961e-04,2.857006809199561675e-05,3.156626644444203292e-05,5.095736199908886821e-01,1.194863579470831563e-03,2.460024600246002967e-03,1.214526087670238381e-06,2.154309100874743366e-02,1.673677515561280125e-04,5.711269697193272453e-03,1.375560372683842184e-03,1.206316590571369831e-03,1.744186046511627883e-03,1.030628936932420739e-04,1.978559708796752750e-04,7.633588327311926873e-03,2.201529129893950117e-04,9.233916012574585469e-03,7.796981995515504804e-03,0.000000000000000000e+00,1.727832651155186304e-03
0.000000000000000000e+00,0.000000000000000000e+00,2.122781916097440469e-08,0.000000000000000000e+00,2.371410277692142404e-05,0.000000000000000000e+00,9.868796077224361582e-07,0.000000000000000000e+00,0.000000000000000000e+00,0.000000000000000000e+00,2.442731471581332131e-08,2.154309100874743366e-02,0.000000000000000000e+00,0.000000000000000000e+00,3.583153455175403608e-04,5.640777471286263138e-05,0.000000000000000000e+00,1.443867374377909632e-05,8.406480445380738774e-06,0.000000000000000000e+00,7.462810609810000441e-06,0.000000000000000000e+00,1.559394771384856743e-02,0.000000000000000000e+00,5.038188444688305361e-04
1.936534961385399304e-04,0.000000000000000000e+00,1.901195620743772628e-04,0.000000000000000000e+00,7.422514169176408841e-03,2.380839007666301396e-04,9.899315030680499918e-04,5.095736199908886821e-01,1.433836295364997876e-02,1.476014760147601607e-02,1.879580901147676227e-04,2.456040473605951638e-02,4.351561540739867697e-04,7.210882139284088659e-03,2.866868941885574156e-03,1.379704770946485297e-02,1.453488372093023236e-02,1.224775912571479317e-03,9.583893962809956341e-03,7.633588327311926873e-03,1.092860770073858165e-02,1.857632921937754940e-06,7.796981995515504804e-03,1.000000000000000056e-01,1.129246883961970357e-02
1.717763229619432707e-04,0.000000000000000000e+00,4.298478765260226687e-05,0.000000000000000000e+00,3.628257724868979260e-03,8.571020427598685025e-05,4.709406333928499292e-04,5.095736199908886821e-01,4.779454317883326253e-03,7.380073800738007166e-03,6.030094340992722072e-05,7.493437483172370184e-02,2.789462525467899809e-04,9.790748050699533273e-03,2.595837957924191936e-03,9.278187032378690247e-03,5.232558139534883648e-03,7.282408693340380315e-04,4.117737573614568825e-03,7.633588327311926873e-03,5.071658246694059867e-03,4.429740044620800562e-05,7.796981995515504804e-03,1.000000000000000056e-01,8.254309642273300121e-03
0.000000000000000000e+00,0.000000000000000000e+00,7.854293092157179512e-07,0.000000000000000000e+00,5.217102610922714915e-04,9.523356030665205583e-06,2.231558891356056235e-05,0.000000000000000000e+00,1.194863579470831563e-03,2.460024600246002967e-03,7.888394165559981579e-07,5.413660302651054912e-02,2.231570019813239775e-05,2.855634848596635793e-03,6.651028447463451293e-04,1.214942417272570768e-03,1.162790697674418589e-03,2.081852312521684356e-05,1.537459157422825669e-04,0.000000000000000000e+00,3.005477363768936194e-04,0.000000000000000000e+00,1.559394771384856743e-02,0.000000000000000000e+00,1.529578705186888888e-03
1.729917214830979265e-04,0.000000000000000000e+00,1.649072860268763969e-05,0.000000000000000000e+00,3.059119258222864866e-03,9.523356030665205583e-05,2.206504066574630982e-04,5.095736199908886821e-01,5.376886107618742035e-03,6.150061500615006983e-03,1.424177587437825368e-05,2.619930319644215092e-02,3.235776530833248555e-04,6.935113202102895745e-03,2.031396908848076641e-03,4.582383617527848937e-03,5.813953488372092943e-03,3.267712277155681959e-04,1.359622128155194140e-03,7.633588327311926873e-03,1.646567395455351881e-03,1.223179831675936852e-04,7.796981995515504804e-03,1.000000000000000056e-01,4.880156129199462837e-03
0.000000000000000000e+00,0.000000000000000000e+00,3.799779631978291224e-06,0.000000000000000000e+00,1.304275652730678891e-03,2.380839007666301396e-05,4.619635232787834176e-05,0.000000000000000000e+00,2.987158948677078908e-03,4.920049200492005066e-03,2.554445724214985334e-06,3.644298603171058221e-02,5.578925042519593112e-05,3.263582681662754136e-03,2.418322048750880975e-04,2.759781165556638490e-03,2.906976744186046471e-03,3.699194640624656942e-05,1.316898120704345909e-07,0.000000000000000000e+00,4.107938022036323068e-04,0.000000000000000000e+00,1.559394771384856743e-02,0.000000000000000000e+00,8.033529284749033137e-04
0.000000000000000000e+00,0.000000000000000000e+00,1.698225533743501198e-07,0.000000000000000000e+00,1.185705138846071744e-04,0.000000000000000000e+00,1.090340246113766573e-05,0.000000000000000000e+00,0.000000000000000000e+00,0.000000000000000000e+00,2.726088322284766576e-07,2.154309100874743366e-02,0.000000000000000000e+00,0.000000000000000000e+00,6.295512598061656258e-04,6.074334389260820002e-04,0.000000000000000000e+00,2.175747099465014361e-05,2.163949795606084513e-04,0.000000000000000000e+00,7.700263674667591322e-05,0.000000000000000000e+00,1.559394771384856743e-02,0.000000000000000000e+00,1.313327134129866920e-03
0.000000000000000000e+00,0.000000000000000000e+00,4.096969098847056071e-06,0.000000000000000000e+00,8.774218027460929875e-04,2.857006809199561675e-05,4.083075759449129833e-05,0.000000000000000000e+00,3.584590738412494690e-03,3.690036900369004016e-03,3.674845225846956288e-06,2.542327450780138692e-02,6.694710059439715937e-05,1.019869591232199987e-03,5.812786049333910996e-04,2.000678191087334849e-03,3.488372093023255766e-03,9.804118016277761920e-05,4.155293971994342240e-06,0.000000000000000000e+00,6.981120106813173487e-04,0.000000000000000000e+00,1.559394771384856743e-02,0.000000000000000000e+00,1.627347687935388684e-03
1.134371944229565940e-04,0.000000000000000000e+00,1.546259364274343701e-06,1.683501683501683428e-03,4.031397472076643984e-04,2.857006809199561675e-05,2.425515581173436506e-05,5.095736199908886821e-01,1.194863579470831563e-03,2.460024600246002967e-03,7.289110711198695095e-07,6.500111148308160280e-02,1.673677515561280125e-04,7.615026261020607472e-03,6.792779162072825087e-04,1.123880271906533375e-03,1.744186046511627883e-03,6.459481189292307513e-05,1.956174282115834450e-07,7.633588327311926873e-03,8.989294598180227677e-05,9.233916012574585469e-03,7.796981995515504804e-03,0.000000000000000000e+00,6.790239024481236696e-04
0.000000000000000000e+00,0.000000000000000000e+00,9.552518628208808699e-08,0.000000000000000000e+00,1.659987194384500225e-04,4.761678015332602792e-06,5.360117416797167489e-06,0.000000000000000000e+00,5.974317897354157816e-04,1.230012300123001267e-03,6.220822814293792502e-08,6.500111148308160280e-02,1.115785002893113562e-05,1.903756563827333284e-03,3.572672551446403125e-04,3.340959464758189623e-04,5.813953488372092943e-04,8.454161155006027594e-06,3.420126386371129901e-06,0.000000000000000000e+00,1.356874656329090989e-05,0.000000000000000000e+00,1.559394771384856743e-02,0.000000000000000000e+00,4.935828741598248266e-04
1.474683527430373535e-04,0.000000000000000000e+00,1.073776144871609673e-06,0.000000000000000000e+00,9.722782138537787921e-04,3.809342412266082233e-05,3.310164780838787904e-05,5.095736199908886821e-01,1.792295369206247345e-03,3.690036900369004016e-03,3.918141280416456503e-07,2.154309100874743366e-02,1.896834517542603628e-04,5.711269697193272453e-03,7.292105720201226679e-04,9.849606541008693907e-04,2.325581395348837177e-03,9.733253173842913567e-05,2.665770821282586273e-07,7.633588327311926873e-03,6.580842083196091722e-05,2.965162243687453382e-03,7.796981995515504804e-03,1.000000000000000056e-01,7.043934255556358586e-04
6.806231664016150539e-05,1.000000000000000000e+00,1.425851758215270350e-06,0.000000000000000000e+00,8.299935971922501937e-04,5.714013618399123350e-05,3.250209823164405939e-05,1.680885209360599708e-01,7.169181476824989380e-03,3.690036900369004016e-03,4.712843252504250140e-07,2.186072054839876752e-02,1.673677515561280125e-04,1.142253939438654317e-02,7.494205920608180060e-04,1.514308453674808024e-03,3.488372093023255766e-03,0.000000000000000000e+00,1.105946682061542669e-06,7.633588327311926873e-03,4.613373831518909025e-05,0.000000000000000000e+00,7.796981995515504804e-03,1.000000000000000056e-01,7.037291117433179923e-04
1.361246332803230379e-04,6.666666669999999906e-01,2.341627467401510936e-06,0.000000000000000000e+00,1.114562830515307499e-03,1.047569163373172614e-04,4.844477634869918004e-05,2.123223413231545287e-01,6.770893615009940594e-03,6.150061500615006983e-03,7.357507192402971804e-07,1.739637855325933125e-01,3.793669035085207798e-04,2.474883535260042136e-02,1.199392234605172174e-03,2.021978396105686675e-03,4.651162790697674354e-03,1.204735329495952595e-05,1.150696013360346758e-06,1.526717665462385201e-02,6.648685816012545339e-05,7.459110655780831057e-06,0.000000000000000000e+00,1.000000000000000056e-01,9.946748794496399274e-04
6.806231664016150539e-05,1.000000000000000000e+00,1.425851758215270350e-06,0.000000000000000000e+00,8.299935971922501937e-04,5.714013618399123350e-05,3.250209823164405939e-05,1.680885209360599708e-01,7.169181476824989380e-03,3.690036900369004016e-03,4.712843252504250140e-07,2.186072054839876752e-02,1.673677515561280125e-04,1.142253939438654317e-02,7.494205920608180060e-04,1.514308453674808024e-03,3.488372093023255766e-03,0.000000000000000000e+00,1.105946682061542669e-06,7.633588327311926873e-03,4.613373831518909025e-05,0.000000000000000000e+00,7.796981995515504804e-03,1.000000000000000056e-01,7.037291117433179923e-04
0.000000000000000000e+00,0.000000000000000000e+00,2.759616492946286485e-07,0.000000000000000000e+00,9.485641110768572326e-05,0.000000000000000000e+00,7.908417301252121403e-06,0.000000000000000000e+00,0.000000000000000000e+00,0.000000000000000000e+00,2.833568507034345246e-07,2.154309100874743366e-02,0.000000000000000000e+00,0.000000000000000000e+00,5.308755872196495220e-04,8.374152020977833778e-04,0.000000000000000000e+00,2.954998405040467374e-05,7.064001475878910858e-05,0.000000000000000000e+00,5.868482888623317894e-05,0.000000000000000000e+00,1.559394771384856743e-02,0.000000000000000000e+00,1.085049721851883428e-03
0.000000000000000000e+00,0.000000000000000000e+00,6.697376947653259706e-06,0.000000000000000000e+00,1.233133344399914592e-03,2.380839007666301396e-05,9.509305061321178835e-05,0.000000000000000000e+00,2.987158948677078908e-03,4.920049200492005066e-03,7.609271382740621773e-06,3.271800559999477748e-02,5.578925042519593112e-05,2.447687015530517450e-03,9.447252275102061957e-04,3.241800216160251134e-03,2.906976744186046471e-03,1.268240778957778448e-04,1.141440370646260288e-03,0.000000000000000000e+00,2.164554295508982259e-03,0.000000000000000000e+00,1.559394771384856743e-02,0.000000000000000000e+00,3.306777595227334762e-03
0.000000000000000000e+00,0.000000000000000000e+00,2.238473531632653623e-05,0.000000000000000000e+00,1.612558988830657593e-03,3.333174610732821954e-05,2.891468593182462254e-04,0.000000000000000000e+00,4.182022528147910471e-03,4.920049200492005066e-03,5.183704170966267264e-05,2.412987110681670544e-02,7.810495076359842150e-05,7.932319030225397014e-04,1.217592387579903698e-03,7.130643191598381135e-03,4.069767441860465060e-03,4.281107401489052107e-04,4.251352684111183410e-03,0.000000000000000000e+00,4.439015438180621276e-03,0.000000000000000000e+00,1.559394771384856743e-02,0.000000000000000000e+00,5.878507226652198575e-03
0.000000000000000000e+00,0.000000000000000000e+00,2.122781916097440469e-08,0.000000000000000000e+00,0.000000000000000000e+00,0.000000000000000000e+00,3.404311093162687993e-07,0.000000000000000000e+00,0.000000000000000000e+00,0.000000000000000000e+00,7.816740709060266260e-09,2.154309100874743366e-02,0.000000000000000000e+00,0.000000000000000000e+00,2.519195224878321591e-04,5.640777471286263138e-05,0.000000000000000000e+00,1.443867374377909632e-05,6.488642266523286388e-07,0.000000000000000000e+00,1.696093320411363313e-06,0.000000000000000000e+00,1.559394771384856743e-02,0.000000000000000000e+00,2.872610408901750617e-04
1.134371944229565940e-04,0.000000000000000000e+00,3.563016263697090793e-07,1.683501683501683428e-03,1.185705138846071744e-04,2.857006809199561675e-05,1.012795304951370399e-05,5.095736199908886821e-01,1.194863579470831563e-03,1.230012300123001267e-03,1.954185177265065705e-07,2.154309100874743366e-02,1.673677515561280125e-04,5.711269697193272453e-03,9.779437448433059548e-04,2.213559364705006030e-04,1.744186046511627883e-03,6.779995620957310289e-05,1.534262679669538745e-05,7.633588327311926873e-03,1.730015186819590969e-05,9.233916012574585469e-03,7.796981995515504804e-03,0.000000000000000000e+00,8.510336426929297543e-04
3.176241443434411915e-04,0.000000000000000000e+00,3.492085099363730176e-06,2.525252525252525033e-03,3.794256444307428930e-04,6.190181419932383629e-05,6.289528518295422381e-05,6.794314936609007205e-01,1.792295369206247345e-03,2.460024600246002967e-03,4.254586828435592587e-06,2.154309100874743366e-02,4.128404538758544194e-04,1.142253939438654317e-02,2.453029834898778384e-03,2.030830818579444641e-03,2.906976744186046471e-03,2.713286337249956994e-04,3.607371440457083842e-04,1.526717665462385201e-02,2.028527611211991088e-04,2.764198084188301471e-02,0.000000000000000000e+00,0.000000000000000000e+00,2.657142592653905910e-03
0.000000000000000000e+00,0.000000000000000000e+00,4.999151413621242092e-06,0.000000000000000000e+00,5.928525694230357907e-04,4.761678015332602792e-06,1.503024573436392765e-04,0.000000000000000000e+00,5.974317897354157816e-04,1.230012300123001267e-03,1.562273339964556624e-05,2.154309100874743366e-02,1.115785002893113562e-05,0.000000000000000000e+00,1.128804285457530405e-03,5.559096104548446639e-03,5.813953488372092943e-04,2.832238811665143568e-04,2.480631233759923379e-03,0.000000000000000000e+00,1.527162425698391779e-03,0.000000000000000000e+00,1.559394771384856743e-02,0.000000000000000000e+00,4.850032414889890453e-03
0.000000000000000000e+00,0.000000000000000000e+00,1.294896969425322981e-06,0.000000000000000000e+00,5.928525694230357907e-04,9.523356030665205583e-06,4.104799239850487357e-05,0.000000000000000000e+00,1.194863579470831563e-03,2.460024600246002967e-03,1.902724967597085647e-06,4.327209456993949543e-02,2.231570019813239775e-05,1.903756563827333284e-03,6.945261885939308343e-04,1.813750029497451831e-03,1.162790697674418589e-03,5.242726916316963566e-05,5.987620336048548719e-04,0.000000000000000000e+00,5.091672147874914348e-04,0.000000000000000000e+00,1.559394771384856743e-02,0.000000000000000000e+00,1.812029243970625326e-03
0.000000000000000000e+00,0.000000000000000000e+00,7.960432187673535637e-07,0.000000000000000000e+00,3.794256444307428930e-04,4.761678015332602792e-06,3.548080546120715062e-05,0.000000000000000000e+00,5.974317897354157816e-04,1.230012300123001267e-03,1.522635950619030320e-06,2.154309100874743366e-02,1.115785002893113562e-05,0.000000000000000000e+00,8.217874468373885261e-04,1.314781453188180668e-03,5.813953488372092943e-04,4.877912183529040688e-05,6.452086431122065887e-04,0.000000000000000000e+00,5.610676703920791436e-04,0.000000000000000000e+00,1.559394771384856743e-02,0.000000000000000000e+00,2.281751711205998439e-03
0.000000000000000000e+00,0.000000000000000000e+00,2.122781916097440469e-08,0.000000000000000000e+00,2.371410277692142404e-05,0.000000000000000000e+00,7.522021013171952805e-07,0.000000000000000000e+00,0.000000000000000000e+00,0.000000000000000000e+00,2.345022212718079216e-08,2.154309100874743366e-02,0.000000000000000000e+00,0.000000000000000000e+00,1.571920790153558719e-04,5.640777471286263138e-05,0.000000000000000000e+00,1.155370856890710344e-05,8.341476726087942906e-09,0.000000000000000000e+00,7.123591945727727270e-06,0.000000000000000000e+00,1.559394771384856743e-02,0.000000000000000000e+00,1.772158741480953429e-04
0.000000000000000000e+00,0.000000000000000000e+00,6.368345751177486356e-08,0.000000000000000000e+00,2.371410277692142404e-05,4.761678015332602792e-06,2.792959776279703803e-06,0.000000000000000000e+00,5.974317897354157816e-04,0.000000000000000000e+00,8.696124038829541831e-08,2.154309100874743366e-02,1.115785002893113562e-05,0.000000000000000000e+00,4.170851610223538525e-04,1.735739959550600684e-04,5.813953488372092943e-04,2.432039271892613244e-05,1.531066298862481279e-05,0.000000000000000000e+00,1.356874656329090989e-05,0.000000000000000000e+00,1.559394771384856743e-02,0.000000000000000000e+00,6.348746975664144691e-04
0.000000000000000000e+00,0.000000000000000000e+00,4.457842026978303781e-07,0.000000000000000000e+00,2.371410277692143217e-04,0.000000000000000000e+00,3.107527169930459173e-05,0.000000000000000000e+00,0.000000000000000000e+00,0.000000000000000000e+00,9.917489774620207565e-07,2.154309100874743366e-02,0.000000000000000000e+00,0.000000000000000000e+00,7.716172767423546677e-04,1.132506098607734095e-03,0.000000000000000000e+00,3.100222227003438099e-05,6.758651314326944749e-04,0.000000000000000000e+00,2.517002487490463641e-04,0.000000000000000000e+00,1.559394771384856743e-02,0.000000000000000000e+00,2.077779274049551365e-03
