0.4780738796564583,0.07434747822411425,0.9760216183395818,0.9166715209056718,0.07715925536099576,0.9393939393939394,0.16126294072638966,0.011401326883672422,0.04139731729430217,0.13091901150454843,0.2201365983975894,0.21955297737374208,0.7426900584795322,0.21803043353430948,0.2174321324910364,0.17180934085724575,0.18452800650880702,0.19211370930765703,0.04006892926723773,0.20713369046334712,0.18547316587363116,0.48735883273368236,0.15064102550281475,0.5214644654564562,0.2559627839365757
0.5663799488065694,0.1252962577177966,0.9851357612795809,0.941474665108453,0.16457438380189227,1.0,0.2460437664230841,0.03180802754866622,0.07617967627779036,0.1870940959283808,0.3287752887353969,0.32797998938243766,0.839766081871345,0.3256962388745334,0.32485345171020436,0.27074078520830835,0.2709382319360117,0.27372764786795045,0.07609332104641162,0.3110734437279557,0.2842685508619859,0.5912504027997847,0.23076923029536486,0.6203208588355796,0.3722466252467829
0.47432012785364397,0.06781093851425812,0.9722633480291405,0.9100871989095936,0.07294180563543803,0.9696969696969697,0.15069158567822402,0.007212635281253312,0.02525020079620795,0.1076311359977668,0.20835338468780265,0.2085498502303701,0.7438596491228071,0.20608670686190064,0.20545216549997158,0.16352503301716892,0.1744189423829709,0.18294360385144426,0.035114245671813864,0.19618482160444534,0.18014909377809396,0.4818887510035599,0.13461538331225342,0.4471291527282109,0.25425653267246173
0.600639268219794,0.151819814923841,0.9909080972835074,0.9500123527031681,0.20339176148690405,1.0,0.2939273686756086,0.07413536838492574,0.20038062112217336,0.22908815815292574,0.36735710688734247,0.3658622119404952,0.8690058479532164,0.36761412575366065,0.3667691081896307,0.30868051386721096,0.30721070225799957,0.3099495644199908,0.09610039716688662,0.34875788613840697,0.3224643829478322,0.627359874799089,0.2724358956786448,0.6721333875559037,0.3907039978154088
0.05981900393695672,0.009329287622843168,0.8635920481112105,0.7535766107817407,0.0019980087398567725,0.2424242424242424,0.030134414139718572,0.07799432336426469,0.0002133320237735773,0.020416789642076175,0.03413785200087736,0.0343152641021766,0.2280701754385965,0.03341946597760551,0.033350406920494,0.03433785568495618,0.037393437992803265,0.036680421824850984,0.0025249221031684753,0.03287375487917079,0.03404792431915059,0.1326373462582726,0.025641026272846812,0.16950330316326617,0.055882487181713736
0.5449098917661733,0.10927947103844936,0.9815607569399263,0.9359682906779779,0.13604548792292015,1.0,0.2244694741824358,0.01645789813715713,0.05863702468628654,0.16949695010654703,0.2941332023320636,0.2926901570546727,0.8175438596491229,0.2925064599483204,0.2917591485971203,0.24240605114659622,0.24386798295835213,0.25401192113709303,0.06374153684410389,0.2796602078805328,0.2584556960154862,0.5631309164272145,0.20833333307665597,0.5943565216655182,0.34638018004027454
0.253473747125242,0.03321105626254849,0.9533974620550758,0.8618509549303401,0.023549496594603137,0.6666666666666667,0.08295174419353385,0.001423759394362119,0.007824178147623997,0.054078232317479,0.1142785907396013,0.11496223790314768,0.512280701754386,0.11180017226528854,0.11143361220192363,0.09196782326809942,0.09990736940699782,0.1008711600183402,0.013692308736068443,0.10904501325260808,0.10200469607198485,0.31657247854179477,0.07051282071026463,0.26579834198540186,0.14414004531492458
0.016797682003040423,0.004030614555500204,0.7406734411618725,0.608888218256753,0.00026042203651000174,0.09090909090909091,0.011512414033810855,0.010259304126579842,0.00011708592437476012,0.010978723942280298,0.013879343558771075,0.013738893215997645,0.09590643274853802,0.014987080103359172,0.01493938876557965,0.011165806219234003,0.02016311906401999,0.013755158184319119,0.0007100271363432103,0.01247731646033576,0.01135400170323717,0.056249733909605824,0.009615384082285502,0.11267024473896553,0.018559255836027928
0.8207073528838533,0.4552933894902103,0.9961161494559261,0.9816977705173299,0.7661973560104343,1.0,0.627925101556003,0.22702330471366508,0.36651838831481737,0.4651802436270435,0.7964215623051514,0.7980512510511,0.9614035087719299,0.786046511627907,0.7842183142678278,0.6891583623484212,0.6948922100721976,0.5836772122879413,0.4104941963289059,0.7701513459640705,0.7178726505313989,0.8866403245127269,0.5801282047925501,0.8441333012842704,0.8484539160820598
0.5587152267972922,0.11910692450523075,0.9825111599890896,0.9379435175170242,0.1771312346975569,1.0,0.24046399098186777,0.024976953355542654,0.05705631411938421,0.1665985937604395,0.3300367783874193,0.3321146386735022,0.9415204678362573,0.3222509331036463,0.3212964543850664,0.2658182254772482,0.2670551523534388,0.2659330582301696,0.0716533913295891,0.3207739710060272,0.2927132919676416,0.6411088230340106,0.2147435881048036,0.5616995997523071,0.39747204704406625
0.7409235606720113,0.33097836752562537,0.9946623322523483,0.9744967601777559,0.49240462951791053,1.0,0.511644561352482,0.06331331153786635,0.3028651810884662,0.3926922051419485,0.6161177565594422,0.6183683829142497,0.9309941520467837,0.608670686190066,0.6075351431335725,0.5556489374474727,0.5263972450581133,0.4924346629986245,0.2588634488960566,0.6031880801809629,0.5690242322916274,0.7811720135788559,0.48076923183542897,0.8212283419710574,0.6547597395666237
0.6561698478489664,0.21490572588801835,0.9901827786365364,0.9609327255543716,0.33757066858643375,1.0,0.37000569283405904,0.042827239071855414,0.14612873559341852,0.27487108189809006,0.4858825868259931,0.4871717371339557,0.9485380116959065,0.47947171978179726,0.4782880883273577,0.414215392003842,0.402661217825584,0.37414030261347997,0.1525801158092262,0.46848762956187423,0.43585330333595224,0.7244815852813925,0.34615384544304734,0.7208553251193057,0.5425450643208398
0.672736249886309,0.23970834654227616,0.9937366883665171,0.9638301354412856,0.39164132877740115,1.0,0.4051933848591623,0.04129755823074491,0.2590687541669767,0.2982545280465126,0.5315834915398208,0.530504179212053,0.9426900584795322,0.5287970140683319,0.5273746514142622,0.431504382278785,0.4451346346642543,0.39798257679963317,0.1777279367871118,0.5044660282486209,0.4566658857371155,0.7465557817418195,0.36858974266175626,0.7268438662935205,0.570944521521243
0.5832114132765095,0.1415092915477862,0.9874836912878313,0.9480846300683973,0.17603993009050747,1.0,0.27304128889496815,0.07355537779425321,0.10375414971744258,0.23266691301001538,0.34027360754330727,0.3408741276354999,0.84093567251462,0.3380993396497272,0.33745945023049345,0.2978748949453716,0.283286915609202,0.30215497478221,0.08675924216844304,0.3282623889390435,0.3065511728412189,0.5981400650723394,0.2660256406504972,0.6898364904528718,0.37385366077340537
0.7340761144965763,0.33611098531165556,0.9942676597226215,0.975129503606598,0.4789211936973914,1.0,0.5091779240879257,0.11554871411031083,0.2974590605594141,0.4048155455627147,0.607595143642728,0.6096321440888466,0.9239766081871346,0.6020097616996841,0.6010187240339196,0.5515668147436668,0.5220908014371176,0.5006877579092159,0.25997615757945947,0.5944413205109679,0.5623920652383753,0.7742314402793602,0.49038461591771454,0.8347979789911673,0.6448457342282071
0.44641710952015906,0.06616548163579548,0.9773590857126233,0.9117281849984461,0.06683352695603013,0.9090909090909092,0.15108547340384534,0.0519306636325059,0.043153842159470365,0.11449077768099514,0.1985480875156392,0.19889716852086506,0.6912280701754386,0.1973585989089865,0.19683000398383704,0.16220434626005523,0.16804095351980475,0.18065107748739107,0.0338052796365959,0.18821713623999528,0.17318142468355505,0.4507643959324648,0.13782051236639134,0.47757535470189966,0.22565756583879865
0.6991320504658083,0.26597527285901906,0.9915781574437402,0.967261068272137,0.44812618817728755,1.0,0.43543284509792773,0.10255385421040798,0.17546334304881103,0.3206982581971659,0.5664129612393421,0.5662454516920288,0.9578947368421054,0.5595176571920758,0.5581071083034547,0.4734061712090287,0.47441003772518964,0.4218248509857863,0.20306624865373216,0.5465785364919805,0.5050773695264728,0.7698626695155948,0.4006410270428789,0.7532644360961358,0.6310330806954184
0.5618550472304874,0.12682094711894087,0.9881186323890181,0.9454832462811722,0.13920964970150154,0.9696969696969697,0.2594922754994922,0.058571400699447364,0.13472564869337117,0.21413265428181888,0.30388822393330767,0.3039432231664361,0.8140350877192983,0.3054837783519954,0.3049911786466337,0.27458278304718453,0.25730756285354833,0.28335625859697383,0.0736870679001819,0.2855017650784166,0.2719061670630683,0.5679393264332818,0.2499999984599359,0.6808340403868076,0.3286067412252403
0.49798864389381914,0.08219736424980753,0.9774010069167739,0.9233779533814254,0.09180429217108609,0.9696969696969697,0.18077830913535825,0.0089825931875937,0.04314371566819968,0.1315987902318623,0.23700627048092854,0.2372947691067685,0.7473684210526316,0.23353430950330173,0.23294064082863813,0.2031456357305799,0.19637633235354388,0.2067858780375974,0.04438262116041762,0.2245350463488568,0.21128949375881084,0.4976021802016637,0.16666666461324783,0.5319167063744437,0.2812389545933765
0.31682042020191525,0.04219313738810138,0.9599612479445739,0.8751219193708577,0.032827271097596096,0.7272727272727273,0.09399616792830702,0.018767772743014062,0.010081434167659505,0.06901551454873986,0.14125003799420185,0.14024288642695776,0.5871345029239766,0.1403387884008039,0.13983267884582554,0.10181294273021972,0.12316860638484245,0.11646033929390187,0.019909696662618947,0.13221026258402013,0.11553003880128428,0.36902429117405966,0.08333333384668803,0.33305508622942304,0.17719916766955682
0.5406468043085638,0.10413175731775434,0.981533259185216,0.932650651243188,0.13770106584114095,1.0,0.21587533331868736,0.002593274060186883,0.05248463185567634,0.15439604498687362,0.29207724365003934,0.2925835939286144,0.8339181286549708,0.28751076658053404,0.28669398440612376,0.23712330411814142,0.23925476792891065,0.24254928931682712,0.06041043334180118,0.2772173795427731,0.2540255545056695,0.5688994824848208,0.1955128199402326,0.5554308817733461,0.34209562138524197
0.44865714694073777,0.06803737753423005,0.9760401134033561,0.9131287696938675,0.07205693890384153,0.9393939393939394,0.15523889043288275,0.03063163990565841,0.03287837824081869,0.11242689806579154,0.20467644959175743,0.20657358861983313,0.7076023391812866,0.20195233993683606,0.20141141653861483,0.1714491535598511,0.17094354474014783,0.18661164603392938,0.03421056433387193,0.19232151221961802,0.18137248790632318,0.4614010684554195,0.14102564142052926,0.4687647205949258,0.23952736966811006
0.7490963190104336,0.3513427833884335,0.9958773458998686,0.9753339032926589,0.5839252038073485,1.0,0.526032051464142,0.018579985269657935,0.35931142829513496,0.4053976463839156,0.6681573263911423,0.6698984356533095,0.991812865497076,0.6599483204134367,0.6584428888509477,0.562372433665506,0.5709593091366882,0.5006877579092159,0.2874249875466647,0.6426545009517011,0.5983532776072492,0.8380490929613872,0.49038461591771454,0.8109541328789716,0.7050783643328672
0.43380975273832884,0.056760714339628336,0.9708532787648748,0.9016208934825201,0.05352525602586018,0.9090909090909092,0.13249176748210764,0.01875075658176249,0.029191284062308295,0.09725248660306612,0.17622326953867234,0.1763852237631896,0.6736842105263159,0.1755383290267011,0.1750327243753913,0.1426341697682795,0.15103100867349017,0.16276937184777623,0.02807360607207232,0.16625413542130263,0.15428603269850155,0.4307894323733993,0.11858974420182035,0.42642786022015444,0.20756928533319463
0.3066564453048868,0.04196669836812946,0.9510148633742201,0.8687898508523864,0.032806613729681355,0.696969696969697,0.09032426399945462,0.03083272991549785,0.0065918928490601774,0.06046869776385772,0.14432005165568462,0.14367228157465425,0.6011695906432749,0.1424059718633362,0.14182459734790284,0.09761075759394885,0.12466613543492772,0.10866574965612104,0.020176917290407027,0.1351095546415752,0.11183703161694043,0.37719197082734374,0.07692307573841223,0.29095667034997924,0.1978203285328267
0.6129646713355769,0.1699651283909243,0.9915105531291296,0.9564193402229478,0.20311717039218286,1.0,0.32384957389775687,0.026354431008389908,0.22433177071766278,0.27982389714764405,0.3683336194878628,0.36736959579637535,0.8713450292397661,0.36795865633074937,0.3674805076546583,0.3354544363068796,0.31105738200681543,0.34204493351673537,0.10568910249985017,0.35554373278773155,0.33958730873718396,0.628721154741303,0.3141025641420529,0.7482261661777304,0.3878914466866763
0.6082819016930213,0.16579865042344097,0.988746443882923,0.9541101243561645,0.22226831881896356,1.0,0.3141870009430065,0.027235613195938823,0.1417246091699045,0.2534589196848376,0.38386573136579505,0.3858592669231932,0.9964912280701755,0.3796726959517657,0.37894826703090323,0.34169768279505347,0.3185886428360792,0.33012379642365886,0.10409727969007333,0.3710599135649792,0.36572548831188695,0.69813904323648,0.29807692195149166,0.7044129171763387,0.42766607927608186
0.01987903278198615,0.003547544646226771,0.8060607441351475,0.6490777260408709,0.0003184267967809886,0.12121212121212122,0.014626285199772672,0.07946247997413987,0.0004793071441323163,0.014100078452216731,0.013256731545702713,0.013454079042714376,0.07953216374269007,0.012919896640826873,0.01291901428490126,0.0151278664905751,0.018553539380084236,0.018340210912425492,0.0006379766442055608,0.013496434938056568,0.015195191857193662,0.046895676114762565,0.01282051313642341,0.20440930890811232,0.011888682723948326
0.690738406766888,0.2598463233851124,0.9933223469470573,0.9663475788994069,0.42370291202077026,1.0,0.4290552675060381,0.04376019029721857,0.2280608347597249,0.3138988594864895,0.5610670743478757,0.5604251674978591,0.9274853801169591,0.5575653172552397,0.5560867338227762,0.4641613639092328,0.4712692161873108,0.41357175607519486,0.19595458880763536,0.5269690246569908,0.48565861538335586,0.753448644994924,0.3910256398804652,0.7404482163362582,0.6098570886733378
0.5922456245208737,0.14526817927932006,0.9889373462716843,0.9493853717353603,0.19229600606222663,1.0,0.2900962176577723,0.03751010438500378,0.1337566466049036,0.2177969392851242,0.3539285183247063,0.35601190406993644,0.9111111111111112,0.34757393051966695,0.34687837914745895,0.319846320086445,0.2909516522626035,0.30674002751031637,0.08836388566965517,0.3435174084403763,0.33525783858480845,0.6385412090910078,0.2692307697046351,0.6692884539292887,0.38463478709042265
0.602317996959578,0.15151789623054512,0.9875982436029082,0.9488016506943413,0.21398363469846354,1.0,0.2882973398067108,0.006079758017993011,0.11485953699612397,0.21360149967814637,0.37958992549850445,0.3784192232129364,0.8935672514619883,0.3761699684180304,0.3751920778555575,0.3161243846800336,0.31328736431923965,0.3049060064190738,0.09741339628276004,0.3611568972450846,0.332098181177421,0.6441602435561106,0.2660256406504972,0.6505286519122526,0.4268339960744968
0.5794121850759456,0.1310478088250834,0.988600452176097,0.9479667709091114,0.14504832050950708,1.0,0.27688515472277864,0.04733142249787048,0.14940375987979793,0.21416847777784254,0.3071484961278774,0.3092074415937194,0.8152046783625732,0.3030720643123744,0.3027147003585454,0.3041181414335455,0.25565961398333686,0.29344337459880787,0.07460092904098116,0.2962291172146039,0.30370030821662936,0.5673082011222834,0.26282051159635933,0.6947448358704995,0.3257894078873308
0.33908176656315375,0.04109113415757137,0.9632473329089806,0.8814524553396613,0.03373716566911713,0.787878787878788,0.1035273477498691,0.017134442971804387,0.013993096742510869,0.06918607901423657,0.13591803438947628,0.13657130235640133,0.5730994152046784,0.1329888027562446,0.1326048602811451,0.11465962300396207,0.11754870417047081,0.12700596056854652,0.018543204179595547,0.1296919044947349,0.12354201706559874,0.35817477984857665,0.08974358887483563,0.3386371979764384,0.16406305307591046
0.5454400166313683,0.1044940597497094,0.9826853265416509,0.9318062717033218,0.14153450065878284,1.0,0.21560906798000437,0.01146545619496907,0.05792365962639072,0.1528464618595667,0.2971569657542856,0.2971541832808268,0.8947368421052632,0.2923916164226242,0.29150304478971034,0.2359226797934926,0.2428966557506672,0.24484181568088031,0.06110318584213613,0.28084405958423203,0.2580260916615311,0.6022230878974422,0.19230769088609465,0.5351650908416453,0.34455294469921666
0.34727336512350093,0.040457104901649985,0.9658431840278805,0.8813868432716252,0.030147147422301145,0.787878787878788,0.10420877598264688,0.03897670903228924,0.020379528933347827,0.0716363317682143,0.1313036899147369,0.13102808228998344,0.5543859649122808,0.1305770887166236,0.13021455807865234,0.11033737543522631,0.11613953486788794,0.12700596056854652,0.018436175761051252,0.12384244497815676,0.11441599530447112,0.3474594421115194,0.08974358887483563,0.36237944767393826,0.1503246722863089
0.6024063511037772,0.15542774330872697,0.9890937542984762,0.9528540824165848,0.19130417290934454,1.0,0.30398387211067013,0.004128608479302805,0.16221175137494037,0.24643329993525745,0.35471337584850293,0.354525832839268,0.872514619883041,0.35084697100200973,0.35032155255819253,0.31960619522151523,0.29565060994627584,0.3195781751490142,0.09567437379609835,0.3448881518149017,0.3309051400183905,0.6206275424469696,0.29166666692334403,0.7255146504251092,0.3806731775620383
1.0000000000000002,1.0,0.9999999999999999,0.9999999999999999,1.0,1.0,1.0,1.0,1.0,1.0000000000000002,1.0,1.0,0.9707602339181287,1.0,1.0,1.0,1.0,1.0,0.9999999999999999,1.0,1.0000000000000002,0.9999999999999998,0.9999999999999998,1.0,1.0
0.06425165339188961,0.009450055100161526,0.907601876558985,0.8091820399138459,0.0012181270468015887,0.36363636363636365,0.03306506696646603,0.0017119810181672741,0.0027526205230070876,0.06567661597125493,0.023964031607889978,0.022163192708757162,0.16608187134502925,0.029916738443870227,0.030049513402765925,0.02929523352143114,0.03209116016783801,0.061439706556625395,0.0019009261824609745,0.02250507843479748,0.024573276438892594,0.09942016024691551,0.04487179443741782,0.456578180697808,0.03668046712667871
0.5131673661369749,0.09389671361502348,0.9817614620349122,0.9328259390379134,0.09708279749343447,0.9696969696969697,0.19798061657510027,0.02746258772468538,0.07880412562677562,0.17284142673704603,0.245749619441859,0.24619763391109922,0.7964912280701755,0.24501866207292564,0.24460759205509083,0.2147916916796734,0.2071114894990319,0.23750573131591013,0.05107630081264829,0.23508038843609907,0.22225944973154835,0.5283461847506227,0.19871794899437048,0.6290355356505928,0.2716438384233554
0.2393832101139509,0.030237157133583926,0.9524516021657815,0.8713036343837186,0.015486415700066,0.6060606060606061,0.08625519291533658,0.0045221418502675356,0.012554374815019576,0.06955361072949653,0.09493752931714766,0.09308773439043955,0.4105263157894737,0.09635371805914442,0.09620966365033294,0.08824588786168808,0.08943007746055757,0.10912425492893169,0.012320430708245228,0.08915763436831413,0.08772595060432974,0.25712359713130273,0.08012820479255013,0.4083053047496599,0.11743006014371621
0.6178683263386302,0.1671572845432725,0.9893685202546333,0.9531622619035405,0.24228764463414432,1.0,0.316723934164269,0.02254508340468666,0.14406076434051351,0.2356080344292307,0.4025124641519571,0.40227580087033016,0.9099415204678363,0.39546368073499855,0.3945421433043083,0.3419378076599832,0.3306804281215344,0.32783127005960566,0.10967438402797476,0.3874916144006948,0.3617421472948061,0.6622594030624,0.29166666692334403,0.6884798183652281,0.439422333102449
0.7470862622299027,0.34803677369684344,0.9947466230319385,0.9767068355894356,0.45424226988303,1.0,0.5211304991032746,0.17637356449003172,0.34230902270400676,0.4407629983200145,0.5965640097560896,0.5979450754273181,1.0,0.5934539190353144,0.5927095782823972,0.5603313723136031,0.5183902544607976,0.5130674002751031,0.26485937639384993,0.5787573829549462,0.5736249725204188,0.8084453229772972,0.5096153840822855,0.8549823647539045,0.6314913544477126
0.24509959331107156,0.0326223148106215,0.9445785076277623,0.8534556552785598,0.021803725026924393,0.6060606060606061,0.07658019066498153,0.03364488612807061,0.003283337254639158,0.04874958025151071,0.11437306280913931,0.113720293106722,0.5111111111111112,0.11202985931668101,0.11160434807353027,0.08500420218513627,0.10098986094880086,0.09170105456212746,0.014334348408818465,0.10815607466161536,0.0954449102741614,0.31609589092533663,0.06410256260198882,0.24331671721243725,0.16233828473119694
0.661272299676468,0.22843168334767447,0.9925049842237136,0.9630116189121992,0.3487082267408927,1.0,0.3878532902861289,0.008085447956264808,0.2165374176602419,0.3182855643334828,0.4966143674766346,0.49807023866265215,0.9356725146198831,0.4925064599483204,0.49137783848386557,0.4133749549765878,0.41559499433123903,0.39614855570839064,0.16375709311411427,0.4781522658274276,0.43540232412105073,0.7245736332752172,0.3653846166877466,0.748079528561356,0.5391265074943834
0.5811792679599288,0.1446190540887339,0.9867675204227302,0.9483444862369529,0.19418802491407913,1.0,0.2693231664217089,0.004472257338455105,0.09635163892161142,0.23694837859014342,0.351255862402663,0.3500327439423707,0.9883040935672515,0.3499282227964398,0.3491833134141484,0.2901908992676192,0.2927115621161346,0.3076570380559376,0.08983746239563609,0.33961841288151773,0.31582037837934673,0.6788868452431224,0.2660256406504972,0.681245047990335,0.3964927832414374
0.4388245000844562,0.06483703938529355,0.97616728762211,0.9125888111836072,0.06070053647925517,0.9090909090909092,0.14905672097708325,0.030822087886311203,0.03831712729535659,0.12468535132623171,0.1915225693774126,0.1918601271782472,0.6877192982456141,0.18977892621303474,0.18934608161174665,0.15548085004202183,0.16243341495241528,0.18110958276020173,0.03269099672137018,0.18272982663186554,0.16742668492692317,0.4451369842819069,0.14102564142052926,0.5169739969493741,0.21799178625435237
0.30066005743019375,0.03793608381262926,0.9644186812384151,0.8880368769875584,0.023651078974531788,0.7272727272727273,0.10576492422714398,0.03583980464781756,0.018005359949401417,0.08617310979306539,0.11580131620130273,0.11614024482393834,0.487719298245614,0.1158196956646569,0.11567355301348814,0.11201824948973467,0.10443756122176444,0.12975699220541037,0.016097480294685752,0.1092668760156361,0.1110576541708532,0.3061560338868759,0.09935897295712114,0.45934433234253347,0.13552779441147345
0.5565726388004626,0.12183928867955861,0.9852036275639334,0.9414837797809903,0.15845773870035446,1.0,0.24638295097232646,0.00781745727336136,0.09084593631879061,0.184139835095399,0.31476549157103767,0.31640917140388203,0.8187134502923977,0.31254665518231406,0.31182061351089874,0.27254172169528157,0.26042037994121126,0.27372764786795045,0.0712706871062907,0.3016343679881964,0.28194530060434614,0.5738975739458674,0.23076923029536486,0.6212768217362237,0.35570588757801247
0.6531437184101451,0.20938061380070347,0.9902001623440595,0.9610080573188398,0.3012767247020559,1.0,0.3744745065000156,0.06943547139089991,0.14465170740351538,0.28457305148381795,0.46269552637783407,0.4617322126767495,0.9742690058479533,0.4584553545793856,0.45745831199134945,0.4042502101092568,0.3860878252453639,0.3700137551581843,0.14442939640617458,0.4448538856677971,0.42245826518536284,0.7268627182421962,0.34615384544304734,0.7323652263117795,0.5162937348460312
0.45680456842898537,0.06803737753423005,0.9710501792531484,0.9101457705275692,0.07928157267684445,0.9696969696969697,0.15110917435747723,0.022784972479269104,0.018781723455863927,0.10513886191108313,0.2121765461175676,0.2135680047120277,0.7614035087719299,0.20694803330462244,0.2063058448580047,0.1668867811261856,0.17429286354731355,0.18431911966987619,0.034696787406352715,0.20521295255694838,0.18690597440672993,0.4912238405513513,0.13461538331225342,0.43567151044102626,0.27104764460073
0.3718695996777673,0.04673701372220461,0.9688194948104363,0.8956060689822783,0.03726444798565111,0.8484848484848485,0.11900487157842465,0.03142447108006397,0.02137117726839672,0.08727781220331732,0.14522443688485331,0.14599342021134373,0.5777777777777778,0.14361182888314672,0.14330430823516024,0.1306279265217913,0.1257990272094658,0.14626318202659327,0.021311206916393214,0.13833190350820876,0.13449244097118582,0.3659403485067776,0.10897435703940664,0.43283455492130474,0.17089930557935235
0.5661811519821213,0.12390743172863548,0.9833719018789551,0.940832189193828,0.17517324325165423,1.0,0.24643690956491152,0.013939838835336326,0.06203551107906287,0.17872701640728517,0.33064337122347903,0.3317910742725614,0.8900584795321638,0.3245478036175711,0.32368675658755913,0.27734421899387685,0.26981325083201535,0.27326914259513985,0.0749863237092134,0.3194622705044153,0.2978700530135099,0.6161745220173114,0.22756410124122697,0.6019988331853807,0.3888425706228369
0.05878668970804153,0.011714445299880742,0.8638372648880636,0.7375162621094596,0.0028094021470726877,0.21212121212121213,0.0290947689988038,0.07833181980029345,0.00019067184775190343,0.017772668556676308,0.042850805600304284,0.042528374854202265,0.2760233918128655,0.042951478610393334,0.042769335837459455,0.030735982711009725,0.04523433667353184,0.03209536909674461,0.0034464027101918948,0.03940353798353789,0.03441549908064258,0.16179705026331684,0.02243589721870891,0.11092665518403638,0.07130904139055112
0.1280836245988332,0.02176833778663406,0.9252858366715003,0.8179184581133687,0.00929148638129629,0.36363636363636365,0.050468155864762575,0.0050653287566695595,0.002245802744508481,0.037240817316160704,0.07702882876814172,0.07700638991254073,0.38245614035087716,0.07677289692793568,0.0764896704797678,0.05426821947412655,0.07314484760931107,0.061439706556625395,0.008262686887501022,0.07197584700366566,0.060443538097939335,0.23294679617832612,0.04487179443741782,0.24127292300911624,0.10581772974209616
0.7414095084651066,0.35150883866974625,0.9948993322474908,0.9769487279058254,0.4424884138609548,1.0,0.5241060200784191,0.17185973672506627,0.3821876758500719,0.4384462469681733,0.5912426034530773,0.5894859007296668,0.9146198830409358,0.5882285386161354,0.5875875021341985,0.5568495617721215,0.5146542585664017,0.5222375057313159,0.2693918500797764,0.5770409988489726,0.5598693680826038,0.7624898475626137,0.5160256421905614,0.8671462956379825,0.6155150843875375
0.4297181762665177,0.06100267198043567,0.9741215598625953,0.9114961739798206,0.05497883671800884,0.9393939393939394,0.14662563786043387,0.028466097820645447,0.0336285813151159,0.11050866761262182,0.17929451544454036,0.1809519380926363,0.664327485380117,0.17772035601492964,0.17736611462068186,0.1637651578820987,0.1519957954306587,0.18202659330582305,0.029032210204163144,0.1714493275212153,0.16627419985843003,0.4271516337501587,0.13782051236639134,0.4966972598285868,0.21247763386422738
0.3274339617738394,0.04571049016499857,0.965667736846312,0.8903632655537583,0.03351483246163862,0.7575757575757576,0.10822459175259548,0.03201100208450746,0.01800078716537583,0.10851618707599825,0.14194083419658896,0.14215714767324258,0.5707602339181287,0.14165948894631064,0.14134084571168407,0.11465962300396207,0.1242570908286901,0.14030261348005502,0.02108279221257169,0.1347271388208331,0.12100740321177329,0.36139010337061955,0.10576923106539696,0.4734976853855121,0.1697288990863542
0.4737081454724998,0.08089911386863519,0.977371801320862,0.9209428225009144,0.08661412844992394,0.9393939393939394,0.17671197181509682,0.003108747348915333,0.0390589793652639,0.13096499945273102,0.23547393351302193,0.23330737068080276,0.7274853801169591,0.23451047947171977,0.2338512321438735,0.1833353343738744,0.1967752455491786,0.2017423200366804,0.04422735351860574,0.22360335804232373,0.19412529100583628,0.4880135231313451,0.16025640958510026,0.5296171563918444,0.2803714027710658
0.4288352844873511,0.06652778406775056,0.9746790234126317,0.9169880100018064,0.06051640197375316,0.9090909090909092,0.15898833325276793,0.0011078241528833912,0.03265293211108012,0.12168386297773082,0.18949618456063502,0.19058524468831253,0.6573099415204678,0.18828596037898362,0.18795173866029255,0.17565133869612198,0.16062607917534555,0.1907381934892251,0.03238940575147156,0.1805236569640075,0.17351020581923304,0.42895616216210924,0.15064102550281475,0.5343829031425388,0.22601154249073843
0.6033782466899679,0.1608169919840587,0.9872690715692497,0.9504975806054345,0.2472428254621872,1.0,0.3015693267254598,0.017772687586826763,0.09408534849750597,0.21732330060586336,0.403597907156136,0.4047228777469068,0.8912280701754386,0.39689922480620154,0.395822662341358,0.33269300036018734,0.329921020433715,0.31315910132966523,0.10532722443829609,0.38775943918887157,0.3547743407203256,0.6534971382253889,0.2756410247327827,0.6484621442352718,0.46245815487622605
0.6238101425360237,0.18223812327340247,0.9881064034399536,0.9559484962057807,0.270871130165976,1.0,0.33044702835214684,0.07336986283754633,0.11194120823750439,0.251629566209692,0.4276528783996596,0.4290231455109799,0.9801169590643275,0.42026988228538614,0.4192988446872689,0.36270860847640773,0.3518022032612469,0.34158642824392477,0.12208911965601354,0.4133006800915485,0.38951690627345237,0.7104436876194887,0.310897435087915,0.704202741242047,0.48459071106340473
0.13670465028650133,0.017571667949821113,0.9231391095007454,0.8252967744072368,0.0065613555779009515,0.4545454545454546,0.051886468061704445,0.03102439729532828,0.0019999465819401287,0.03836349345279127,0.06019817775700305,0.06080104470613765,0.3380116959064327,0.05994832041343669,0.05984292299812191,0.05955096650258135,0.058828485190145025,0.0687757909215956,0.005690611368201743,0.05710209371019471,0.05919715936280715,0.20186456568629257,0.04807692349155572,0.2597142024202386,0.08681428135704891
0.450736067980718,0.06661835967573933,0.9715350026240752,0.9071261125265407,0.07499662645144355,0.9393939393939394,0.14588229359016464,0.007103887045502213,0.02071586644594799,0.09823310832293855,0.20981310138660353,0.21121392838182926,0.72046783625731,0.20631639391329312,0.2056229013715782,0.1617240965301957,0.17378274177541173,0.17514901421366347,0.034509639971365746,0.2002707002086791,0.17395121710546343,0.47014157281948377,0.12820512828410585,0.4142658358882835,0.26625164842503407
0.6238543196081233,0.18287215252932384,0.9875132999141153,0.9527506577391726,0.33253712534460317,1.0,0.3225870884146091,0.040189068951037354,0.09073061981273782,0.22679706584494927,0.4678043294495729,0.4687091911664981,0.9181286549707602,0.4604651162790698,0.4589380228786069,0.35214311441949814,0.3811840694506921,0.33012379642365886,0.1301702713601625,0.4501064204684037,0.388753637679129,0.6994099096957179,0.28846153786920614,0.6326835619390194,0.547829625213742
0.698844899497161,0.27809730839484925,0.9918015954668626,0.969500965436685,0.4055273738371752,1.0,0.4490636123446675,0.33720826983219737,0.1881202074231273,0.3496882674083908,0.5519653887197064,0.553729128158628,0.8877192982456141,0.5461383864484639,0.545074270104149,0.4980189698643295,0.4663999435369759,0.4392480513525905,0.2062894754377199,0.5339430311101071,0.502423785137231,0.7274793025506562,0.42628205023559745,0.7909598677786728,0.6071067064790856
0.6713888491872718,0.2350437027308546,0.9935849262723391,0.9662716330008213,0.28550819550666273,1.0,0.40743520165961994,0.0031808027548666223,0.321361023345205,0.3346066995391661,0.4579112964771776,0.4577467517621666,0.8654970760233919,0.4561584840654608,0.4556086733822777,0.4391883779565374,0.38940423909952054,0.4071526822558459,0.15967363366591966,0.4438030511322165,0.43258551095737974,0.6705301305257602,0.3942307689346031,0.8024568543704915,0.4774121016160248
0.5317334303496485,0.11228356203674351,0.9816564937820831,0.9375456684221641,0.1360782942417627,0.9696969696969697,0.22930232591625374,0.0458854922093695,0.06024391752113617,0.17511429740517653,0.2966025379305359,0.2958134254038743,0.7976608187134503,0.2962962962962963,0.2955722497296682,0.2520110457437868,0.24694414758377714,0.25767996331957815,0.06551014011964118,0.2815807038909517,0.2573889021594753,0.5549706263472077,0.2147435881048036,0.6062701100480258,0.3523202829523702
0.28825149747281165,0.03719638301405431,0.952182946150065,0.877939230289043,0.025478198986298578,0.7272727272727273,0.09382969131112827,0.032915796274314256,0.008950037112191337,0.06940151581731308,0.12071649260530144,0.12184040331236946,0.5181286549707603,0.11978179730117713,0.1194866541460361,0.10541481570416616,0.10648704287105938,0.12104539202200824,0.01569668110450875,0.11410559119813277,0.11031543948686066,0.3235903201807909,0.08653845982069773,0.3673516325361861,0.16358530275638733
0.7278029702584359,0.32220762948537957,0.9945098426883487,0.9741869041645769,0.48653985220653256,1.0,0.49677149499578765,0.07660055010422538,0.3146433431743515,0.40447057397297825,0.5950247722196254,0.5952441845595843,0.992982456140351,0.5924777490668963,0.5914290592453476,0.5257533917637172,0.5122142828862059,0.4818890417239798,0.24680658510510803,0.5833527246498192,0.556988911199439,0.8043906331968794,0.4743589737271532,0.8200142224476153,0.6399583543209826
0.4930005327235165,0.09205500958591852,0.981650492659843,0.9323757741397021,0.09087946207152736,0.9393939393939394,0.20360096114441428,0.011475045106684125,0.06429425215585073,0.16037497407754808,0.24035501782236127,0.2401719735103444,0.695906432748538,0.24157335630203847,0.24116441864435723,0.22487693600672348,0.20383879672422178,0.23154516276937182,0.049440311514112656,0.22732984701019585,0.21682783323083638,0.4755829127502668,0.1955128199402326,0.6131630951956176,0.27779988102064546
0.47075607759572785,0.07597783916791209,0.9771686065057527,0.9161944512777721,0.09128692079412752,0.9393939393939394,0.16660287721287032,0.01579476669346389,0.03939893190912455,0.1150012315101488,0.229441275750827,0.229978726125016,0.7824561403508773,0.22693080677576802,0.22622502987877757,0.18165446031936605,0.1905206351734726,0.19715726730857402,0.0402361844220624,0.2171062778815781,0.19873065699515113,0.5120455599420689,0.14743589644867686,0.455503041068653,0.27139927681519554
0.44913529877993325,0.06870159865948101,0.9767489702747799,0.9206050134167074,0.06110156540796743,0.9393939393939394,0.16412227583180852,0.055087189258290474,0.04360948348135116,0.13246239679517305,0.189307240421559,0.1891437362194503,0.6619883040935673,0.18811369509043926,0.18786637072448925,0.18273502221155,0.16104619664519385,0.19624025676295276,0.033937850227029914,0.18171641511667536,0.1788158782463415,0.43124146729101526,0.16025640958510026,0.5780232867418699,0.21959104765837223
0.39386198562945834,0.062285826426943226,0.9740687014217226,0.912438758880525,0.051349468126081835,0.8181818181818182,0.14591808397584946,0.017745306532565272,0.037071164361708375,0.12119720884143717,0.17929788357919346,0.1773074791814402,0.6257309941520468,0.18007464829170255,0.1797279608445735,0.1511586024732861,0.1549229242349636,0.17835855112333793,0.031197299280367383,0.16929571496219045,0.1544912623334944,0.4087715617966046,0.14102564142052926,0.5463928059672827,0.20871460358553848
0.4719410625885166,0.07383421644551123,0.9778434476137741,0.9146217059415921,0.08035684427996342,0.9393939393939394,0.1619256366077577,0.04472573273696583,0.04112969252302275,0.11549234808885367,0.22395762393708651,0.22292037215718644,0.7345029239766082,0.22141831754234853,0.2207330260087645,0.17108896626245645,0.18640270037658685,0.18982118294360384,0.03998624131939439,0.21219040599583106,0.18594028649948482,0.4849263799912831,0.14423076739453894,0.483998143925032,0.25754498578022095
0.5774683939035641,0.14756276134836888,0.9879090021864427,0.9495194428860562,0.1837286564848243,1.0,0.28555338801476277,0.01816671980290962,0.11943986490161687,0.2518644642199509,0.34687482286486965,0.34676609975083605,0.8058479532163744,0.3464829170255527,0.3458539639178192,0.3012366430543883,0.2901932633892982,0.30903255387436956,0.09076725197786842,0.3355289323528617,0.3069294749199478,0.5846003453969721,0.2756410247327827,0.7058014456679838,0.3837252344886662
0.4409995712225355,0.06365955648143956,0.9773672793200874,0.9125457436577107,0.05742363944098392,0.9090909090909092,0.14982553073776125,0.045859552263227035,0.049080865485441195,0.1264302902657645,0.18631411880971763,0.1851873379756106,0.6573099415204678,0.18530002871088141,0.18490694894997445,0.15764197382638973,0.1589894562952611,0.18110958276020173,0.03232803050631536,0.17677002095464697,0.16289455692865298,0.42744034452535495,0.14102564142052926,0.5319558400071015,0.20671930019619983
0.5642594493457895,0.1290551454493305,0.9852294980835165,0.9435171502677885,0.17293970271008283,1.0,0.25498550943738924,0.002293966989312299,0.08277534266502157,0.19434767211113566,0.3311297791571613,0.3330272065348384,0.9017543859649123,0.32724662647143266,0.32647544249046734,0.2790250930483852,0.27273045051111505,0.28473177441540576,0.07725019401583343,0.31740869490316975,0.29745493809605705,0.6234764775918915,0.24038461437765038,0.6358051172078325,0.3784843356706842
0.34544001663136836,0.04471415847712211,0.9625945415926149,0.8840159206286929,0.035699807069142796,0.7575757575757576,0.10627563334559297,0.007234085621332657,0.011775211450467296,0.07394874463437784,0.1462190224030244,0.14446278621886904,0.5742690058479533,0.1451047947171978,0.14464173922941212,0.11465962300396207,0.12730524664608905,0.13021549747822098,0.02145285722631395,0.1375064042783143,0.12175050856185342,0.3649186903667009,0.09294871792897354,0.3624120551439606,0.18324759342667524
0.503262606707119,0.08740546170916173,0.9762690024122607,0.9250513246996127,0.09933772153939846,0.9696969696969697,0.18431262267495824,0.1947846629735869,0.03994136373699837,0.1468552610522613,0.2495695770362222,0.24874352386820273,0.7578947368421053,0.24720068906115417,0.24654259859996588,0.20146476167607155,0.20726765092081645,0.21595598349381018,0.048695796531505374,0.23805585031753207,0.21216157944986103,0.5098786616428562,0.17307692272152364,0.5503908541153486,0.3051176435722782
0.6551979522627757,0.21955527376477516,0.9900041817726102,0.9605251297477657,0.3870582709264871,1.0,0.37331032962898114,0.07166104117179384,0.12909426636164278,0.27802590472611083,0.5130859424739032,0.5127178247172203,0.9789473684210527,0.5033591731266149,0.5019350065448751,0.4025693360547485,0.4215421285783409,0.37368179734066936,0.16146969061684718,0.49552309458084653,0.44544623595174887,0.7520310396768474,0.34294871638890945,0.705545267377595,0.5805694903887637
0.7853215181320894,0.40943193997856375,0.9955796263564464,0.980198526036162,0.5828453462254533,1.0,0.5802094321164081,0.16399006699600788,0.4137432516432654,0.4683576265805879,0.6865896486542659,0.6852706509650744,0.9263157894736843,0.6831467126040769,0.682032895111263,0.6202425261135791,0.6025072093475402,0.5625859697386519,0.34101793607648717,0.6703752518506721,0.6309798879716764,0.8166072475681527,0.5576923075738411,0.8639740985609617,0.7263456469136327
0.5463456466094097,0.1097172531437284,0.9848932619350116,0.9355062538282978,0.1454023766966576,1.0,0.21797926660663744,0.021130136940744736,0.07967854050039436,0.19277267785343136,0.2964729058212046,0.29641986646671553,0.8678362573099415,0.29417169107091584,0.2934095953559843,0.22763837195341577,0.2454858421039283,0.2567629527739569,0.06415812025445737,0.28261903471727406,0.250367390153356,0.5894834021272832,0.20833333307665597,0.60318773042955,0.32883073933931867
0.5606148408975742,0.11691801397883551,0.9844402134786185,0.9398977836611595,0.14957934674387846,1.0,0.23883248759647227,0.001457015735570406,0.0762263488899369,0.19343411098416566,0.3027070766152054,0.3030442178847801,0.8467836257309942,0.3020384725811082,0.3013488133856924,0.2559731060151279,0.25256530903927527,0.26730857404860153,0.06791610200227836,0.28812174375827465,0.26744647309705344,0.5827995968230946,0.22435897526721726,0.6180473948289983,0.3472082662236918
0.6060288710159427,0.1665534471566807,0.9883198664613674,0.9519696719281532,0.2585436243713012,1.0,0.3095823342499834,0.0012796485824595415,0.11471689940784009,0.23465753419563426,0.4087937888311012,0.40951046837400173,0.9192982456140352,0.4035601492965834,0.4025098173126175,0.3313723136030736,0.3361068157575118,0.3241632278771206,0.10973390392513499,0.39646467734364854,0.35653771400674966,0.6711151127678382,0.28525640881506825,0.6686244199449133,0.4595343471413802
0.5925990410976703,0.14704949956976585,0.9888305129958085,0.951121537224633,0.1792271798005414,1.0,0.29424519109768615,0.018121435751631,0.1407545913754359,0.24353196862754242,0.338495068147222,0.33862467691997694,0.8608187134502925,0.3344817685902957,0.3340162768197599,0.31156201224636815,0.2818051805912565,0.31545162769371843,0.08804846793673973,0.3291134156702002,0.3176856113280991,0.6063878063065585,0.2820512828410585,0.7155065964879758,0.36460625328357615
0.5494159531203305,0.12250350980480958,0.9846654661459913,0.9434177899059284,0.14728518168656238,1.0,0.24590390206405516,0.10974764423164328,0.08643852246849634,0.21732838283194283,0.3023715775439069,0.3033329070808291,0.8432748538011696,0.29796152741889176,0.2974788002959422,0.27050066034337855,0.24989915338272625,0.2796882164144887,0.07067773287629749,0.29435419010044733,0.2811396284844228,0.578950355764158,0.2435897434317883,0.6782392000735804,0.33722616633007346
0.5461910268570611,0.10869072958652236,0.9815911323314931,0.9328002166048753,0.15238468470565045,1.0,0.2181409358575008,0.006586584658007306,0.053970335199206444,0.15260536601262553,0.3099069162591361,0.3098855705777272,0.8374269005847954,0.3048521389606661,0.30388139548119064,0.23976467763236883,0.2524082494105609,0.24254928931682712,0.06500340536470772,0.2949051523440244,0.25832657183041347,0.5794824517549394,0.1955128199402326,0.5374393596035048,0.3683586490010811
0.7237165910892247,0.295034947088749,0.992077798226296,0.9701051269438683,0.5191967623292024,1.0,0.46448508332549016,0.12724990233721128,0.17967078673140408,0.3364504319954147,0.6142375159267587,0.6180370684677773,1.0,0.602871088142406,0.6013317397985317,0.5205907071677273,0.5138434568576143,0.44383310408069687,0.23125890018647297,0.5951915286907051,0.5637708529798361,0.8132259787962031,0.4294871792897354,0.7623321250289788,0.683994689814961
0.6617361589335135,0.23333786211373278,0.9916269714748291,0.9651810117140871,0.3080815317538539,1.0,0.39853664088208496,0.07959533905726698,0.20252616671765916,0.3208685747491953,0.47353911266903315,0.47426597381259616,0.8994152046783627,0.470686190066035,0.469922030618633,0.429463320926882,0.3999284324966701,0.4044016506189821,0.16122175009500198,0.4594029075368617,0.437796565434136,0.6951076466147572,0.38461538485231755,0.7835054359783428,0.5102385275368304
0.5626911632862545,0.12115997161964284,0.9816557663122615,0.9362597436912251,0.1845159590422125,1.0,0.2321332157467765,0.02792507257642196,0.04663018830469079,0.16411722786631666,0.34268535625417423,0.34185450839523684,0.9169590643274854,0.3376973873097904,0.33654885891525815,0.2523712330411814,0.2788072168277755,0.2595139844108207,0.07619089973505981,0.3274944689388756,0.28492678892988377,0.6364932954634721,0.20833333307665597,0.5491195567002224,0.41619410531782713
0.6339487805828775,0.19593013601437131,0.9910916342922191,0.9602681489756808,0.2586802065229448,1.0,0.35076182974957776,0.05766860189011306,0.1802505169204733,0.3016611070005682,0.41477789616451616,0.41536950279582896,0.87953216374269,0.41349411426930804,0.41286779352341935,0.3703926041541602,0.3498596027582143,0.36955524988537364,0.1279998393531797,0.4004296642470248,0.37623799542540903,0.6559896961817238,0.34294871638890945,0.7624310708283935,0.4453839398980501
0.6010589504047399,0.14978186374409372,0.9878043714715502,0.9481989441597768,0.22538538377205095,1.0,0.2840202113578746,0.0265031422808263,0.11244503587970271,0.20829330047322966,0.3812141057479272,0.3816974924727683,0.9532163742690059,0.37433247200689057,0.3733424392464858,0.3164845719774283,0.31151495136880103,0.3058230169646951,0.09635232426542112,0.36626975871291695,0.3445432814182364,0.673480070215255,0.26282051159635933,0.6399961910740108,0.42456543066720887
0.6113080311318425,0.16389656265567681,0.988036028291535,0.9510722079274282,0.26587838071165926,1.0,0.30492276401326346,0.003441310760998204,0.10438715122017188,0.219186246355827,0.41248879684479717,0.41272867478096437,0.9403508771929825,0.4036175710594315,0.4025098173126175,0.33317325009004684,0.3357645952649784,0.3177441540577716,0.1094701559764852,0.4013506711145693,0.36308182744283374,0.6818216645647859,0.2788461537869206,0.654887349474975,0.46518680740959084
0.55683770123306,0.11094002385157678,0.983283107234957,0.9354409475483852,0.1475866461198815,1.0,0.22460214307209053,0.017852447378491305,0.067911735934407,0.1683991892733793,0.3056055618582574,0.30496041664244783,0.8385964912280702,0.3025552684467413,0.3016902851289056,0.2379637411453956,0.2518879927003051,0.24805135259055477,0.06682203245472623,0.2947168109585173,0.25650548474576484,0.5789096270441592,0.20512820402251805,0.5789453524631627,0.3555661683895591
0.18637657055987944,0.0236704255543982,0.9416955769672627,0.8474990503562709,0.01122440812306749,0.5151515151515151,0.0661824642240232,0.031538706612114435,0.005106425455958212,0.05114244103781041,0.07969006589221476,0.07930621592401856,0.38830409356725143,0.07912718920470858,0.07896534061806386,0.07047664785688558,0.07543277966630665,0.08436497019715726,0.009041721755125652,0.07697372878250237,0.07242314437135164,0.2371079048522383,0.060897436627979126,0.3336403814167461,0.09932981677215981
0.3721522030066396,0.047054028350165304,0.9654900014598061,0.8933190787998455,0.03681492196425491,0.8484848484848485,0.11501844857077904,0.016881528496915363,0.01789493342547496,0.08582082475604386,0.1473314104844281,0.1470958641882021,0.5812865497076024,0.14677002583979326,0.14640600990268057,0.12714611598030975,0.128078869759691,0.14580467675378267,0.021909094827144343,0.1383808852717871,0.12877587608921157,0.3693231842561981,0.10576923106539696,0.4255707182330444,0.18150443027727087
0.4009095279549914,0.05472276315988105,0.962923169535271,0.8932052619514202,0.05247394793664706,0.8787878787878789,0.11800901702279103,0.045737279782051235,0.009800479298464223,0.08567393602667353,0.17819239606634732,0.1774644176034534,0.6807017543859649,0.17594028136663795,0.17531728416140235,0.12906711489974787,0.15023164883107734,0.1471801925722146,0.0274693848487583,0.16924405937271153,0.14288963462143417,0.4345526186449559,0.10576923106539696,0.387641655997376,0.24102273485170134
0.47286033548588285,0.08361638210829825,0.980762214727382,0.9278322705176663,0.07883524964798135,0.9090909090909092,0.18710821995830365,0.07676079024161396,0.06726426791782333,0.17059198389157457,0.2233425696895812,0.22222868059349848,0.6842105263157895,0.22314097042779213,0.22278185646804397,0.1943810781606435,0.18968812999294132,0.21870701513067403,0.044976142528653396,0.21355247536131766,0.19927264761498875,0.4602937642826175,0.18269230680380916,0.627000081956651,0.2473838788515472
0.4355618933773372,0.0649729027972767,0.9692709976453524,0.8999283531348423,0.07065385589710386,0.9090909090909092,0.13254925043798405,0.005026529691926558,0.015061630891795593,0.08997473885725032,0.2114947042243802,0.21041761120346583,0.7520467836257311,0.2089003732414585,0.20807011553127316,0.14239404490334973,0.17549317139218842,0.15818431911966985,0.034851657102115206,0.19930732678729293,0.16503613018594135,0.4874694402199044,0.11538461514768243,0.38004531823824544,0.2703516628237889
0.8425308265010459,0.5407363796929487,0.9969239714427872,0.9868550637502053,0.7203369194792448,1.0,0.6894914194527726,0.4567949688920184,0.510458722999091,0.5841037141032147,0.7872823342980437,0.7864552454245669,0.9333333333333333,0.7846683893195521,0.7836776506744069,0.7207347820866851,0.7136630162687659,0.6753782668500687,0.48275827561963297,0.7725063783923546,0.7350488828495919,0.8717041811347068,0.6730769227215236,0.9122402896130184,0.8196870738398121
0.7172888270987358,0.2993674803375451,0.9940654936425368,0.9711187364710188,0.4780669411025826,1.0,0.4730127181821599,0.08261240975891813,0.28223152586727346,0.3639275492724918,0.598547101720131,0.596550067231645,0.9216374269005848,0.5959230548377835,0.5945307609128678,0.5003001560811622,0.5098061055242543,0.4534617148097203,0.2343657158717895,0.5708230429449255,0.5206812898128316,0.7699551267718439,0.4391025633720209,0.7859330931970817,0.6461702647433194
0.3492204046100074,0.04670682185287502,0.9603682794006603,0.8813638260490929,0.04176556871067037,0.787878787878788,0.10351788519494806,0.009226694732062527,0.009919892374729811,0.06973681878182514,0.1570423998863049,0.15735886198331414,0.6374269005847953,0.15434969853574504,0.15377610836036654,0.11165806219234002,0.13360281195661125,0.1256304447501146,0.02251286200030674,0.1508205434007414,0.12771849039699426,0.40164409926802475,0.08974358887483563,0.32807397436101976,0.20590134236353919
0.5817314813611736,0.13950153223736847,0.9855031980243394,0.946228984921484,0.19733134528429164,1.0,0.2729418588780654,0.036377725966861604,0.08449047959056778,0.20272318069011924,0.3541034148777901,0.35498114801424463,0.9649122807017544,0.3491817398794143,0.3483296340561153,0.3026773922439669,0.2908253074345142,0.2989454378725355,0.08574675223378211,0.3379599212049782,0.32388095369337516,0.6666441111955362,0.2532051275140738,0.6389930043866702,0.40680596691802423
0.6182438314514767,0.17719608109536103,0.9905941990933744,0.9564873997522704,0.23783697132664053,1.0,0.3331200406930732,0.018340816749135003,0.17473631841662274,0.2599540046144134,0.4018022806379083,0.4041280617523628,0.9754385964912281,0.39546368073499855,0.394741335154516,0.35358386360907673,0.3325862980952727,0.34342044933516735,0.11400635402234528,0.38989785300051766,0.37357730005319945,0.6954779854405897,0.3141025641420529,0.7258584011460845,0.4331521353736436
0.5586268726530931,0.1180954968826895,0.9856654509991023,0.9407901387892392,0.15181671863753868,1.0,0.24305214577090786,0.01934227603738722,0.09249277548449937,0.18246493171037612,0.30841959728610496,0.309519380926363,0.8959064327485381,0.30244042492104506,0.301775653064709,0.2699003481810542,0.25271543829722065,0.270518110958276,0.06914655351069114,0.2967050804594035,0.28580104339338464,0.607917586088328,0.22756410124122697,0.6257823267367751,0.3407942563718793
0.48058027883528454,0.07866491553824556,0.9785299332768205,0.9245604051157335,0.08048879797276613,0.9696969696969697,0.18169649653588948,0.016987671652605146,0.04654105807737742,0.1395932558116185,0.2200258607021657,0.22068448402134364,0.7461988304093568,0.21705426356589147,0.2166353650902055,0.19990395005402808,0.18366394335363787,0.20999541494727186,0.04005066452157495,0.2111711074506406,0.20793696422932567,0.48864284382862627,0.16987179366738575,0.5543745468065003,0.25784383025297924
0.4179280953185297,0.09300605346980059,0.9851710838689649,0.9379857099009274,0.06251183854852872,0.8181818181818182,0.1906045108101485,0.08132272884686075,0.1259013375019465,0.24366485024601078,0.2005160639485546,0.19419482839461683,0.6514619883040936,0.2151019236290554,0.21515565420294808,0.18237483491415535,0.185438566751405,0.24484181568088031,0.04798256836812588,0.19227890242805967,0.17819193688810722,0.43960342574666067,0.22115384621307937,0.7432156518545238,0.22444531656210664
0.5025122461442512,0.08500520809745936,0.9788863652772697,0.9241532267325167,0.09146191091990477,0.9696969696969697,0.1799928286689092,0.003008978325290472,0.052119137795007354,0.14495103770999357,0.24127328633827078,0.23884090319030624,0.7918128654970761,0.24117140396210163,0.24053838711513295,0.1845359586985232,0.2029380427995882,0.2113709307657038,0.0472696071429548,0.22781105644593666,0.20205024010709546,0.524020356075228,0.16987179366738575,0.5641295574389983,0.2764427461966248
0.5819302781856216,0.13316123967815466,0.9892711380409825,0.9434850232081449,0.18850945083630377,1.0,0.2635054585950628,0.10302210349462068,0.14584382098164117,0.20499716696885253,0.3447910976093638,0.343361892251117,0.8701754385964913,0.34286534596612117,0.3419554948494679,0.2790250930483852,0.28534790806127797,0.2819807427785419,0.08297949724629068,0.32654161843985735,0.2979115172100456,0.6153892672586576,0.24038461437765038,0.6274612195697067,0.36906227385614004
0.6026493250003249,0.15283124254638225,0.9911686947069345,0.951243911340133,0.2027489652261853,1.0,0.3001449672761963,0.07977326048273131,0.19178529987308793,0.24112460490340618,0.3611894772901467,0.3633124469606259,0.8982456140350877,0.35647430376112543,0.3558135564282056,0.3311321887381439,0.29897523237917784,0.31545162769371843,0.09364305700546954,0.3485523967174998,0.3406451471990199,0.6365344329381255,0.2820512828410585,0.6887060263785614,0.37859938159268475
0.3213531177318972,0.04471415847712211,0.9634646982719718,0.8906238480172866,0.034812671939021496,0.7575757575757576,0.11031223006878636,0.013245945276025415,0.020246408433058964,0.09016773949153692,0.14149229724034762,0.14241677419854842,0.5614035087719299,0.1397645707723227,0.1394342951454101,0.11874174570776805,0.12244998057867224,0.13571756075194863,0.020157056891767437,0.13555364972028502,0.1262175919165081,0.3556826301391266,0.10256410201125904,0.43096776894652655,0.1720960384574463
0.6432922313319387,0.2046404903159579,0.9888266328209014,0.9580373039384884,0.36542717607677877,1.0,0.3525827248166116,0.031632932912204585,0.11212765383807247,0.259408099159437,0.49226495554473004,0.494410279660393,1.0,0.48262991673844385,0.4812190541232714,0.38696121983431386,0.4026901728179547,0.35992663915635026,0.14633057757127294,0.47883860094561465,0.4389908674002632,0.7521851686167331,0.32371794822433847,0.6799146608791079,0.5696449432531655
0.5105180411366501,0.09179837869661701,0.9780640392348938,0.923661050568634,0.1250661015902116,1.0,0.1847684681057773,0.002615444954325741,0.035555125846004024,0.13383447387989908,0.2737988697854498,0.27535718022343386,1.0,0.2700545506747057,0.26913664560924255,0.20218513627086085,0.22391604826199815,0.2177900045850527,0.05175058669686887,0.26159242678162853,0.23518037743850287,0.6442706128983162,0.16666666461324783,0.4832435443339852,0.3448580739277454
0.6368202902693502,0.19656416527029272,0.989506189384276,0.9571290165378701,0.3226196811071358,1.0,0.34171637907541547,0.014261372227585115,0.1262931178401581,0.2746185820316534,0.4650043416077175,0.46608773826546235,1.0,0.45770887166236,0.4564908087189119,0.37639572577740427,0.3825691218432547,0.35121503897294815,0.1374174188728706,0.44817569652603917,0.4169727121390335,0.7395339211051947,0.3205128191702005,0.6951876502738235,0.5255828070582882
0.4660232839156478,0.07525323430400194,0.9781358441335573,0.921003527417656,0.07834035553661053,0.9696969696969697,0.17229519133136953,0.024104029826060466,0.04200506497325694,0.13143367986264604,0.2163491720549975,0.21729190158992184,0.7450292397660819,0.2130347401665231,0.2125661601502476,0.18717733221275062,0.1798089172362695,0.20311783585511228,0.03800705098016482,0.20769221537452795,0.19906738169372998,0.4860091309574732,0.16025640958510026,0.5355010968872798,0.25160009436493974
0.8769226771305693,0.5743701221261115,0.9964507906117335,0.9872724620511504,0.9507261216974136,1.0,0.7221115235063034,0.3118028639474213,0.3922590629699544,0.5469421051398536,0.901469328205006,0.904141624332043,1.0,0.8883146712604076,0.8864606453815947,0.7879697442670188,0.8069322075456593,0.6790463090325538,0.552740999742894,0.8810188179979542,0.8373583682955055,0.9581323143529,0.6794871808297994,0.8855884515845854,0.9570125620985975
0.52631134441225,0.09130021285267878,0.9767858384856408,0.9213468452782386,0.1271018739150864,1.0,0.18297443856408158,0.013816014391570803,0.03302408059594599,0.12323976789845367,0.2797023061864419,0.27918957773876923,0.8830409356725146,0.2740740740740741,0.2730635706561949,0.2011045743786769,0.22706189335892865,0.21412196240256764,0.05326056761199003,0.26587442181674315,0.2288090022398005,0.586992240030011,0.16025640958510026,0.4582344645176996,0.3503836875997607
0.6114405623481413,0.1705538698428513,0.9881637324952284,0.9517276250883733,0.2959667515902161,1.0,0.3127276783026088,0.007259027877238872,0.10554550517523786,0.21744725733950923,0.43521261555371726,0.4383832630016702,0.968421052631579,0.42388745334481764,0.42262819418359804,0.34842117901308683,0.3515846593440651,0.32645575424117373,0.11473130030228959,0.4230101371392524,0.3876378364080847,0.706348269119072,0.2820512828410585,0.6355176316611703,0.49532729516641555
0.6337058066863298,0.18891052639524175,0.9899674465617722,0.9554078748567518,0.3312015795907649,1.0,0.33815266697626645,0.005565393273971503,0.15006608576056574,0.2445560991609245,0.4646776325463673,0.46417735204194327,0.9672514619883041,0.456732701693942,0.4553810255534689,0.36150798415175894,0.38028330075100697,0.34204493351673537,0.13300657961230508,0.44925591573675977,0.40148844792426075,0.7224290743064747,0.30448718005976744,0.6652433979187123,0.523592729955393
0.6185751594922235,0.1766526274474284,0.9882704478847203,0.9546404714414837,0.26789657893275737,1.0,0.32475402943395393,0.04079422350655748,0.12017994974335217,0.23969786289914227,0.42438496628990113,0.427496386541271,0.9567251461988304,0.41556129773184036,0.4145466962608845,0.358386360907672,0.34707630783628163,0.34158642824392477,0.11664884942723915,0.4108196440729315,0.38417031556120834,0.6961895805794079,0.30128205100562955,0.6836453645384601,0.4798238564160428
0.7551044008159765,0.351086152499132,0.994863807135345,0.975614708733308,0.5757606156414603,1.0,0.5254437835266268,0.08917798749472887,0.3208378347558598,0.4154763204831934,0.657740260956501,0.6558689157298799,0.984795321637427,0.6501291989664082,0.6487394001479712,0.5635730579901549,0.5635356284464377,0.5038972948188905,0.28835325267113393,0.6385293356546428,0.597177895131407,0.8295052508709247,0.49358974497185243,0.8210168938348034,0.7030958764593505
0.4560756467393423,0.06166689310568664,0.9716286134810195,0.9037832209564319,0.07088581745943436,0.9696969696969697,0.1393467008240841,0.008125521847420793,0.02227519098153883,0.09266633537163657,0.19767187960808055,0.19865304208662227,0.7497076023391813,0.1920183749641114,0.19139491207102616,0.156321287069276,0.16283764729113986,0.17010545621274642,0.031089961933980198,0.19045621487835712,0.17522482221353522,0.4777128626753234,0.12179487017583004,0.39337576786711104,0.2434277862636912
0.5002182867091979,0.09373065833371073,0.9765340452606915,0.9255900423975625,0.11736969174589161,0.9696969696969697,0.19014104671099114,0.03918101382177882,0.029736420010935304,0.13803511966969004,0.27154706639579196,0.2715712829812875,0.7625730994152047,0.2712604076945162,0.27038870866769116,0.2102293192460079,0.22499932159494515,0.22145804676753778,0.053264541507428716,0.2559731718614175,0.22248378246814468,0.5244654096664516,0.17307692272152364,0.5097841954123783,0.3448353386241665
0.6373062380624456,0.18836707274730916,0.9895499997932957,0.9579269200321535,0.263911232210441,1.0,0.34460915450788776,0.02144912068016756,0.14746371013113857,0.2563337242515524,0.4287851466904791,0.43114084545246706,0.8970760233918129,0.4207292563881711,0.41986796425929096,0.3850402209148758,0.35350038386220023,0.3447959651535992,0.12468220820105984,0.41742527540602997,0.39969313428514774,0.6685604738654424,0.32371794822433847,0.7174010750314336,0.4732786056204075
0.6238322310720735,0.18497048744773031,0.9904529359403889,0.956966070046271,0.2546694895025194,1.0,0.33766177683054016,0.011311423907939351,0.16163740160928225,0.26127228447673717,0.42019204939492694,0.4193026509030741,0.8619883040935673,0.4193511340798162,0.41844516532923576,0.3603073598271101,0.3516932240576553,0.34387895460797796,0.1232372481744483,0.3993345377013829,0.3676747844082267,0.6500651965705144,0.31730769319619084,0.7208890974127762,0.4597528306819078
0.4411730311968089,0.06750901982096222,0.9729635387399891,0.915592462628744,0.06523510399345568,0.9393939393939394,0.15441931926083516,0.0030810337312417607,0.02939617190150634,0.11900267882897084,0.19641638687873317,0.19693640700139114,0.6888888888888889,0.194717197817973,0.1942974218883388,0.17409052707407852,0.1652382587890913,0.19165520403484637,0.03331640530890204,0.18726901063521997,0.18138543141428426,0.4482371024625759,0.14743589644867686,0.5177268983258747,0.23825760993774234
0.5582513675402466,0.11874462207327567,0.9845883402388406,0.9378592877981974,0.16371808008578037,1.0,0.2357006652580105,0.026470828202618913,0.07303188820575532,0.1705668206746445,0.3232697029715984,0.3221771427907139,0.8198830409356725,0.3208728107952914,0.3199305674122134,0.2552527314203386,0.26610472478828534,0.2590554791380101,0.07220610253304349,0.30633904724097943,0.27091977203952433,0.5787175621179396,0.2147435881048036,0.5821625802374422,0.3710970328247175
0.5848017878720944,0.13868635176546956,0.9871422862748047,0.9475077518556883,0.1808530792404283,1.0,0.27661882923766756,0.015529547372327797,0.12338073338708991,0.2117774763425475,0.3421816968990981,0.3441117091562913,0.9941520467836258,0.33683606086706863,0.3361504752148427,0.3037579541361508,0.2818946494637008,0.29436038514442914,0.0839354859717395,0.33289795845927744,0.3242296250824352,0.675206512778396,0.25961538562234965,0.6642906867195979,0.3792709293830859
0.06414510868859062,0.01189559651585828,0.8843417302867489,0.7511120413032981,0.0026972101130221505,0.21212121212121213,0.02866720217205593,0.06668384171932623,0.0009252771131299434,0.024035706480867093,0.04343176775315023,0.042014934337739236,0.27368421052631575,0.043181165661785814,0.04302543964486939,0.03049585784607996,0.04647826308545692,0.03530490600641907,0.0038195939545717966,0.04100397192227861,0.03428907705503313,0.1607272733221942,0.025641026272846812,0.22333373852771315,0.05453462493847337
0.7174876239231839,0.30268858596379994,0.9933356832220691,0.9717872571103239,0.4788592692547374,1.0,0.47599480019056023,0.12354398195466583,0.2510994527968607,0.3741725733083222,0.5924238329208052,0.5931322971522458,1.0,0.5846109675567039,0.5834044732798361,0.50762396446152,0.5018270912381516,0.4603392939018799,0.23447154414330879,0.575234952860969,0.5457348073936009,0.8039561706672527,0.4487179474543064,0.801176955586226,0.6420323280288325
0.6774411080649143,0.23979892215026494,0.9918264997211286,0.9651528370544153,0.3782063159945721,1.0,0.40474994625961935,0.05240367965895843,0.1820202821895089,0.3128205598605041,0.5115597667279229,0.512303197281284,0.9730994152046785,0.5021533161068045,0.5010813271868421,0.4444711249849922,0.42530333959242206,0.40119211370930763,0.1723836090753873,0.49733951877531873,0.46851969427746576,0.7484529375128878,0.38141025579817966,0.7579387576284657,0.5572645871097608
0.6389187011940802,0.194556405959875,0.9892468353095468,0.954913888526689,0.35809742708355025,1.0,0.33442981213856304,0.012273751568036489,0.12237441887255464,0.23883438029256518,0.49054186714598236,0.49003150393508565,0.9906432748538012,0.48366350846971,0.4820442775027034,0.36595029415295954,0.4011709163074181,0.3429619440623567,0.14153278338603154,0.4682633724375562,0.41302511836806477,0.7479643629757702,0.30128205100562955,0.6407637519520232,0.5665125120531607
0.6063601990566896,0.15659013027791616,0.9872607268253961,0.9489011532457517,0.24380930618499078,1.0,0.29354524791022674,0.011660781772332408,0.09746424884420338,0.21260972185224583,0.39890198810309124,0.39736227200334806,0.888888888888889,0.39546368073499855,0.39431449547549946,0.3163645095449634,0.3284467415459593,0.31040806969280144,0.10353855755267224,0.381461781370731,0.33997880730806324,0.6515820018194466,0.2660256406504972,0.6356062965514235,0.4603500056705251
0.6354949781063628,0.2072218951436378,0.9915373486034165,0.9605928486949223,0.2982018316675506,1.0,0.34254315223873916,0.029033284719952784,0.18582852570399286,0.3408637875401419,0.4458258542944949,0.4421362225503075,0.9871345029239766,0.4502440424921045,0.4493199021114337,0.35430423820386603,0.3799025392043153,0.37414030261347997,0.1436423250711402,0.4280253578634701,0.3840531661251829,0.7292192985041578,0.34615384544304734,0.7547308671162956,0.4917898908906191
0.30933305614386136,0.03968721223374545,0.9583790282871834,0.8722001693870194,0.030321197229960132,0.7272727272727273,0.09197724726857598,0.0100814935555862,0.009527508547805897,0.06346324453527444,0.13443663018949453,0.13322522019816865,0.5578947368421053,0.13229974160206717,0.1318365488589153,0.10037219354064114,0.11668303422843863,0.11325080238422741,0.018167849307952913,0.12668706701085838,0.11279420599968505,0.35011351908878696,0.08012820479255013,0.3179652092983542,0.16603685462595155
0.5452853968790198,0.11077396857026403,0.9802584146713864,0.9327829970929307,0.1639938954014403,1.0,0.2192939070141823,0.015448013909132148,0.040615947214967786,0.15230514280373522,0.319200832011409,0.31895312384960267,0.8923976608187135,0.31277634223370654,0.3117352455750954,0.24096530195701765,0.25846964004485756,0.2521779000458505,0.06690949987037022,0.3044293841580246,0.2694632929765809,0.6113850802582959,0.1955128199402326,0.5308587776536716,0.3932208743922798
0.588843989969206,0.1371314704949957,0.985913111147586,0.9456713138610429,0.1851884974307612,1.0,0.26802328145476,0.010253262557927002,0.09600587713833357,0.20621640540099323,0.34602252049838533,0.3451095275184742,0.856140350877193,0.34470284237726095,0.3438620454157419,0.28754952575339177,0.28768247146775844,0.2874828060522696,0.085613992337736,0.33167743913301395,0.30167001263057375,0.6092038105516437,0.2499999984599359,0.6456789234918316,0.39470712644330624
0.31647155126489357,0.0410005585495826,0.9649183472103692,0.8886241213721069,0.02893850835811039,0.7575757575757576,0.10636074561397907,0.04252826456439292,0.01709524506944163,0.08136991032102192,0.1290141798468895,0.12808112747662392,0.5415204678362574,0.12747631352282515,0.1272266803255364,0.11742105895065434,0.11297072016859669,0.13250802384227417,0.018046883295466703,0.12442716161421469,0.12061459847596476,0.3393602453653957,0.09935897295712114,0.43743418594328576,0.15413119244230092
0.3137507633538194,0.04442733571849101,0.9674451773629007,0.8916958188213897,0.030741525196377413,0.7272727272727273,0.10713254820294808,0.13027323631645668,0.0201434795836268,0.09940363175875641,0.13538118658562331,0.1348197920662784,0.5309941520467837,0.1367786391042205,0.13650332934949636,0.11381918597670788,0.12055651670943811,0.13755158184319116,0.020042006232156746,0.12807734767069548,0.11608209977410759,0.3387438992009518,0.10576923106539696,0.47953807345832555,0.15703722374534237
0.6832724815820589,0.25285690563531243,0.9920642392770038,0.966448364555584,0.38875810729369836,1.0,0.41661043383255913,0.09460675263356966,0.1944221679758826,0.3292332990923517,0.5301077556640114,0.5323622526282342,0.9766081871345029,0.5239161642262418,0.5227647828808833,0.45179493336535,0.444548737048009,0.41540577716643734,0.18523418490273055,0.5085709423285981,0.47576361296487574,0.7612804826841438,0.3942307689346031,0.7666197140885289,0.5799262475615153
0.7611787482296688,0.3567773198677596,0.9945409274133704,0.9757497056227716,0.5996813430743873,1.0,0.5327891178716911,0.13069082510756208,0.2864148637408076,0.40325951668525817,0.6784413094321736,0.6765731623673289,0.9719298245614035,0.6717772035601492,0.6701952080132036,0.5738984271821347,0.5816478790503316,0.5038972948188905,0.2982995983614976,0.6581157093021742,0.6082806820437979,0.8339698504821272,0.49358974497185243,0.8101751869605536,0.7355219229084661
0.2779829268609592,0.036939752124752805,0.9519328909935953,0.8655942947067614,0.029323903515123803,0.696969696969697,0.08686856474003603,0.021180076879792516,0.0062386964305064735,0.05603104669933589,0.12855110240690187,0.12891231985987917,0.5567251461988304,0.12466264714326729,0.12421034659381937,0.09592988353944051,0.11021470654940996,0.10545621274644658,0.016153236932463434,0.1249159473904963,0.11073715664117477,0.3456433350257942,0.07371794668427432,0.2721540914173261,0.17382725315794345
0.5061139768460169,0.09567803390546926,0.9797679670116174,0.9306592507107057,0.11321032089294847,0.9696969696969697,0.2032891852500026,0.007280977062436342,0.04580757289920376,0.15033212347429406,0.2651426815773714,0.26491399386971404,0.760233918128655,0.2623026126902096,0.26165272323715216,0.22487693600672348,0.21914491615281328,0.23200366804218248,0.05344309548871827,0.25430377116176894,0.2308929704521788,0.5187315786146295,0.18910256491208496,0.5694028695878501,0.31743521412975423
0.48868417291425753,0.07433238228944945,0.9793317803384157,0.9220657834308316,0.07360251427636784,0.9696969696969697,0.17095061032176673,0.06992799780419465,0.0544486278353586,0.14124646676825334,0.20696135928056641,0.2066704641889771,0.7298245614035088,0.20660350272753372,0.2062204769222014,0.18249489734662022,0.1761696846489992,0.20770288858321867,0.03816263232267463,0.1986546576986337,0.18922591435130864,0.4750328366323812,0.16346153863923815,0.5585854308414013,0.23502516285424224
0.5238816054467731,0.09431939978563773,0.9775603449743708,0.9258709796210846,0.12801877651335752,1.0,0.19433880941162224,0.02482092568804044,0.0363735997969916,0.13878419021111196,0.2771913207277471,0.27745550505109223,0.8736842105263158,0.2734998564455929,0.27260827499857726,0.20974906951614838,0.22724453349933516,0.22558459422283356,0.05354045987209297,0.2651803802095443,0.23524328379435042,0.5819552249704527,0.17307692272152364,0.4941573868102393,0.34993365033761653
0.6028481218247729,0.15840164243769153,0.9859045900779445,0.949913402791873,0.24421529873167366,1.0,0.2982955617152479,0.03660913467443593,0.07906205140166803,0.21453291057476137,0.40059312029744737,0.4021595501873574,0.9988304093567252,0.3926500143554407,0.39158272152979345,0.33101212630567894,0.3264253717565252,0.31545162769371843,0.10275499351925109,0.3869144606239173,0.3665695335799695,0.7059133978347907,0.2724358956786448,0.6425625772481177,0.4692760547502135
0.5521328430544548,0.11355162054858628,0.982057889865992,0.9329115678066083,0.18467644918280912,1.0,0.2212833791131168,0.0,0.04812971794616022,0.15064908084222653,0.33082730423538825,0.3324827658362493,0.9649122807017544,0.32334194659776055,0.32220704570030173,0.2419258014167367,0.266775098596121,0.2563044475011462,0.0693966164200335,0.31831871933543376,0.28059481565805877,0.6535264588822516,0.1955128199402326,0.5094026883049063,0.39999368920747636
0.5043774281148083,0.08859804054768051,0.9767532494497554,0.9255338721641708,0.11011771885249218,1.0,0.18599443383721723,0.008130676580308078,0.03135669845794156,0.13839632959153408,0.25665876113435493,0.25809395380197864,0.9953216374269006,0.2517370083261556,0.25103864321894037,0.20554688437987753,0.21014304342929205,0.21870701513067403,0.048261023704052795,0.2458551136573174,0.2321124442572427,0.632598898947793,0.17307692272152364,0.5319146778542504,0.3189491026879537
0.3017605862557333,0.04145343658952644,0.9711058065126771,0.8993335781352211,0.022093380762577414,0.696969696969697,0.11117795094294347,0.07483380697753513,0.0347434215091186,0.12129116804554071,0.11557639052617656,0.11526448967887687,0.4783625730994152,0.117312661498708,0.11732399977235218,0.11586024732861087,0.10670872986212433,0.14626318202659327,0.018041703848202004,0.10979389643529582,0.10987930736727626,0.3021684306467861,0.11858974420182035,0.5799710968086016,0.12682177284101334
0.49273611995374406,0.08618269100131336,0.9777422628085628,0.9233334972123378,0.10256038946770638,0.9696969696969697,0.1784792137319487,0.005414520339356574,0.03696599036976973,0.13459048599840517,0.24968877614309148,0.2511363504260588,0.7719298245614036,0.24869365489520529,0.2479653975300211,0.19570176491775723,0.20774511945512505,0.21228794131132506,0.047370727773833145,0.23719372557005236,0.20829693309412445,0.5177548377872793,0.16666666461324783,0.5203947140111173,0.3017341257601212
0.48491352987799335,0.08782814787977598,0.9824474680918158,0.9322148395706731,0.07954200017288553,0.9393939393939394,0.20171098428140097,0.02151801673370406,0.07596475662776028,0.16652954985979876,0.22241945434575625,0.2209789857515413,0.6654970760233918,0.22549526270456502,0.22522907062773892,0.214191379517349,0.19154458181834436,0.22604309949564416,0.04589712125719379,0.21087960944147807,0.20668184556730315,0.45199790475512225,0.1955128199402326,0.6369632189944076,0.24935564060488452
0.5154184478255786,0.08784324381444078,0.9804091490381156,0.9257030451074462,0.10619252585688342,0.9696969696969697,0.18959526787701114,0.01935264093039714,0.062389200565563706,0.13843624365976803,0.25106921845310615,0.25185904217187277,0.8,0.24886592018374964,0.24819304535882994,0.2069876335694561,0.20892710167067383,0.22145804676753778,0.048447646770537214,0.23947304442886752,0.2225503514513794,0.5320788241013528,0.17307692272152364,0.5275940979133527,0.2887354347632636
0.5092869300832867,0.09676494120133448,0.9805038309482735,0.9278599935555749,0.12622972744838418,0.9696969696969697,0.19723295915374434,0.01386323839608657,0.04748051863593381,0.1430116106553704,0.27899269771977286,0.27866063713124317,0.7988304093567252,0.27642836635084694,0.27556769677309206,0.21599231600432223,0.22955021238546075,0.2251260889500229,0.055896699847141934,0.26562312997347576,0.2315233181295671,0.5454777981243263,0.17948717774967127,0.5281449327677036,0.3320213859757462
0.2565187167859881,0.03065984330419818,0.9531554130969472,0.8534143592003975,0.01870902407373451,0.6060606060606061,0.07452812714938674,0.03392501537551508,0.010795612700204371,0.05003513553615193,0.1056021937236043,0.10547036963842163,0.47485380116959064,0.10456503014642549,0.10420579363724321,0.08164245407611959,0.0963096690747845,0.09170105456212746,0.01342832826607596,0.09860944638504596,0.08787930023189147,0.2939174884320173,0.06410256260198882,0.26836904722681315,0.12137727699609718
0.3840780634850513,0.049967543740470695,0.9750799247767589,0.9049400084580083,0.03661528549364701,0.8484848484848485,0.13289378801932944,0.06485995311299307,0.04461924922829431,0.10503783717316173,0.1456088971330602,0.14537147905743947,0.5649122807017545,0.14527706000574217,0.1450970348870298,0.1405931084163765,0.12785474235342956,0.1609353507565337,0.02280928682253072,0.13970214322029123,0.13968140140164337,0.36026062946244625,0.12499999922996795,0.511194124908778,0.15911606605705014
0.6494549328898301,0.2139244901348067,0.9910546844677081,0.9601812963537051,0.3523568888093401,1.0,0.3703777771171574,0.024989258201789724,0.15917382736743874,0.2724647098278229,0.49446212943330725,0.4946098433328296,0.9251461988304094,0.4880849842090152,0.48676796995048666,0.4006483371353104,0.40871815573245796,0.36909674461256303,0.15409043642705159,0.47611675070650755,0.42575296073594815,0.7169903564987181,0.33974359041489977,0.7079933276812006,0.5486526276135237
0.22728064134714085,0.03075041891218695,0.9397935819293384,0.8527403649291521,0.020154556276244583,0.5757575757575758,0.07268685657400611,0.04209354875756526,0.003862257444595015,0.05038543726543513,0.1078342812030977,0.10834563653061462,0.4842105263157895,0.1049095607235142,0.10454726538045644,0.080201704886541,0.09568736091702003,0.09032553874369555,0.013094979653016908,0.10413611168960767,0.0946877330960874,0.2988379022911391,0.06410256260198882,0.2772431041030856,0.1528468071576153
0.43861595831763317,0.06304062316018297,0.9713499361151015,0.9084461255728405,0.062184768227071585,0.9393939393939394,0.14305366214931955,0.0024491632482843053,0.020718055620289614,0.10502135092758685,0.19098876110971,0.19206937840759813,0.672514619883041,0.19035314384151591,0.18982983324796543,0.15872253571857364,0.16161584710004792,0.17973406694176985,0.031404290066571236,0.1824475797063561,0.16476813171020377,0.4377170311400578,0.13141025733824374,0.4586251513209828,0.23877682712188752
0.5186245338669231,0.09021330555681356,0.9785044385830595,0.9236332670879026,0.12064424684114354,1.0,0.1875633827633963,0.0034745671022064916,0.03886059675986331,0.1288080283305594,0.27003387029067005,0.2717204713577693,0.8596491228070176,0.26402526557565315,0.2631608901030107,0.20578700924480728,0.2194694849409871,0.21916552040348464,0.05096743713836129,0.26006106767111226,0.22967747175129027,0.5700271512715072,0.16666666461324783,0.4885704366107147,0.32872747633918126
0.6996179982589036,0.2708059719517534,0.9923358424523161,0.9671593438075268,0.4849149291238472,1.0,0.43472286361654555,0.26736862304114606,0.19930501685425292,0.3280611642189964,0.5876579223866767,0.5891700863742575,0.9695906432748539,0.577892621303474,0.5763189346081613,0.4736462960739585,0.48929151453385544,0.4218248509857863,0.21112280378125123,0.5681638336696204,0.51448577944777,0.7851226679370198,0.4006410270428789,0.7443975928384217,0.6497156861872775
0.2137793485181191,0.025406458040849598,0.9552546370928984,0.8606035429293796,0.011042298638230509,0.5454545454545455,0.07346609992832427,0.05380493559576961,0.012326611829540672,0.06127987062883624,0.08021114096793618,0.08019940867152595,0.3847953216374269,0.0821131208728108,0.08201013032838202,0.07575939488534038,0.07891190971128331,0.09536909674461257,0.010170417398460273,0.07348220712943998,0.07293528640811922,0.23684415553053872,0.07051282071026463,0.39387707204744543,0.0910442224891336
0.27775489520938634,0.03322615219721329,0.9562847504814733,0.861723225300439,0.0225486849417068,0.6666666666666667,0.08174241438438845,0.02886195913549476,0.01140302998338438,0.05585552396449336,0.11334019556539891,0.11325335286344808,0.49707602339181284,0.11185759402813666,0.11149052415912585,0.0874054508344339,0.1015176495736404,0.1008711600183402,0.014613995216875779,0.10885463913582834,0.09645297051910164,0.3088901719373088,0.07051282071026463,0.29387523470769383,0.13232025411828005
0.6183984512038252,0.17737723231133856,0.9885701936633382,0.9541318799530317,0.2568629508470797,1.0,0.3197822517703169,0.011715266744678652,0.11916506907117538,0.24026657639310947,0.42543615290016934,0.4244157434424928,0.8584795321637427,0.42371518805627334,0.42259973820499697,0.3511826149597791,0.3531927515164772,0.33287482806052265,0.11983694083502971,0.4040506223560038,0.3617071313997903,0.6505010554669737,0.29807692195149166,0.6824988462091106,0.48273392465310083
0.4897782051115471,0.08680162432256994,0.983016261833187,0.9295152747749356,0.08785991942083814,0.9393939393939394,0.19492889442345693,0.07044391451080587,0.07876667519422947,0.15430877944638693,0.23563322163722558,0.23564594691993815,0.7333333333333334,0.2319265001435544,0.23151784189858293,0.20878857005642934,0.19631418906749734,0.22191655204034844,0.04703402274306307,0.22791288813643476,0.21311513083178987,0.4896677029492527,0.18589743585794705,0.6115994224263782,0.2548670216408562
0.6717864428361681,0.24001026523557206,0.9909414964104406,0.9631629068067338,0.4332400837560415,1.0,0.39116236016266615,0.06284367657276997,0.15409844515648125,0.3178359732605493,0.541226543201256,0.5423055610451711,1.0,0.536548952052828,0.5350293096579593,0.4235802617361028,0.4511282576151882,0.39614855570839064,0.18045377069495885,0.523611955383192,0.4745412144586487,0.7795573367247531,0.3653846166877466,0.7182473099292422,0.615338613837908
0.36593492977144865,0.051643192488262914,0.9666029678171189,0.8937384364293453,0.05004025080164039,0.8484848484848485,0.1194187213962814,0.0018006645947227064,0.01309227724588242,0.08563315426130402,0.16695268428009405,0.1673118579571655,0.6783625730994153,0.1642262417456216,0.16370724489215188,0.12834674030495857,0.14078247623650117,0.1471801925722146,0.024222811205128068,0.16195017257658462,0.1501257235624577,0.42741957166458583,0.10576923106539696,0.37627367068454387,0.21340838027542947
0.4496342398295285,0.06506347840526547,0.9715196612729625,0.9053017421078735,0.06935897872809312,0.9393939393939394,0.13978165225535966,0.03186833238072391,0.02488898178600051,0.09869261593456374,0.20533192145509988,0.20525608087947517,0.7064327485380117,0.2026988228538616,0.20200899208923798,0.1537999759875135,0.17120478865317554,0.17056396148555708,0.033764722077851306,0.19223144647480728,0.17092130173418066,0.46118683379382847,0.12499999922996795,0.4155217793430287,0.2564756738131493
0.6148863739719086,0.18103044850021888,0.9894021481013027,0.9541690301441108,0.28863439025222687,1.0,0.3204493974003825,0.019481564679814597,0.13625437233503573,0.23992594328905062,0.440981983765591,0.44122365468897135,0.9321637426900585,0.4376112546655182,0.43637243184793134,0.3452995557689999,0.364101550754436,0.3356258596973865,0.12503624967759608,0.4222111046263896,0.3709988672632747,0.6949263423452332,0.29807692195149166,0.6766504730957862,0.49274181497278347
0.4847822979873446,0.0817293902751989,0.9765615430154018,0.9219702564754213,0.09259935952166447,0.9696969696969697,0.1749951470981283,0.0008085170820088071,0.03272960314468865,0.1380887929353587,0.23818339246737222,0.2389862165440222,0.7929824561403509,0.23474016652311225,0.2341073359512834,0.193900828430784,0.19677989902638973,0.2090784044016506,0.043834989048789866,0.2248662000284675,0.207914902355443,0.521348707217741,0.16346153863923815,0.5246233738587588,0.2902696497950192
0.49563036783909153,0.08643932189061486,0.9780714499558602,0.9210818802370376,0.10558866401462849,0.9696969696969697,0.17802426614961697,0.04712573202749722,0.03769668037136941,0.12805114851491778,0.25714525121766285,0.2577122640595514,0.7695906432748538,0.2555842664369796,0.2547379204370839,0.19342057870092447,0.2125889599253253,0.21274644658413572,0.04859445095507675,0.24252824119278432,0.20837414615418334,0.5200665007365144,0.16025640958510026,0.4899345464112074,0.30959066479975256
0.6931239686602653,0.2543966909711215,0.9927670446473912,0.966598021475008,0.40138635348152046,1.0,0.42981165231904606,0.05289526380925226,0.2206875792370683,0.3234818306079174,0.5397983719587182,0.5411391791926778,0.9859649122807018,0.5297731840367499,0.5285698025155087,0.4651218633689519,0.44941192661038043,0.41540577716643734,0.1876364866662186,0.525507392797419,0.4960929723580657,0.7689993294159011,0.3942307689346031,0.7583649855528103,0.5846348362052068
0.47913412938684824,0.07985749437676434,0.9777184326302384,0.9198833531296184,0.09184471681324607,0.9393939393939394,0.17144672849647738,0.022736639930046394,0.036622209287718796,0.12646003988183951,0.23619972545595094,0.23637251368851792,0.7859649122807018,0.23341946597760552,0.2327414489784304,0.18753751951014527,0.19604577817536015,0.19853278312700595,0.0436308500381843,0.2257290391549621,0.20448936053408082,0.5171191151288986,0.15705128053096234,0.5074077869238841,0.28063632447462217
0.5749723893299378,0.13260269009555725,0.9878604894205569,0.94725613350075,0.14948463216629815,1.0,0.26827270217028937,0.033480876938678406,0.12339050854110205,0.21598568349309086,0.31700480821759136,0.31922243793182287,0.8233918128654971,0.31369509043927646,0.31321495646235276,0.28682915115860247,0.2639040431463354,0.29436038514442914,0.07815549326697317,0.304683872018382,0.2904927330380746,0.5768533362311685,0.25961538562234965,0.6967858843351815,0.34107642161452034
0.6113301196678923,0.1798378696617001,0.9890287475146137,0.9536457594241526,0.286018261822269,1.0,0.32130830868435784,0.0244605378038133,0.11506861355890345,0.23748907786230664,0.44054322261480616,0.4405687758415581,0.8771929824561404,0.4384151593453919,0.4371407432701611,0.34445911874174573,0.364254144706806,0.3310408069692801,0.1237173294956323,0.4182666931931576,0.3661978778301343,0.667454565551703,0.2948717959774819,0.6672094979311796,0.5001901719605966
0.4533139300702935,0.0698488896940054,0.9743996236147718,0.9171103697862255,0.06805636262757309,0.9393939393939394,0.15983798597241888,0.003834844131962936,0.03431897992223556,0.12024522112703695,0.20206975981913936,0.20218900036037712,0.6760233918128655,0.2009187482055699,0.20047236924477838,0.18081402329211188,0.17050299544906528,0.19348922512608896,0.035347206070296094,0.19054158780282393,0.18286976408921574,0.44486026042737,0.15064102550281475,0.5170504778797325,0.24485288793371543
0.29486181671712386,0.036215147260842656,0.9605068573637919,0.8858215632679947,0.02214354062774497,0.7272727272727273,0.099265773312277,0.025639807663059167,0.0236610317126523,0.07882173174746396,0.11142265900265426,0.11238534776391812,0.4830409356725146,0.11105368934826298,0.11092140458710376,0.11033737543522631,0.10041084510336541,0.12792297111416778,0.015062660652183889,0.106723495301484,0.11028590756475092,0.30136379990196527,0.09615384698311145,0.4433296404500596,0.13309135338042105
0.4865617244650027,0.0759325513639177,0.9772993042175345,0.914882138927392,0.09231183416505734,0.9696969696969697,0.16627912928063882,0.019662811739399762,0.037714037412960096,0.11450540457556535,0.2324799904049237,0.232805555232637,0.7847953216374269,0.22939994257823715,0.22864378805987143,0.17721215031816542,0.19239418932863345,0.19257221458046764,0.04076821741471972,0.22263660152740045,0.19711292060607777,0.5144854027655154,0.14423076739453894,0.44682256839548284,0.27762094720050945
0.4780933695412081,0.07812146189031295,0.9762112280084247,0.921449717806086,0.07801168078080005,0.9696969696969697,0.16748999246137353,0.17071023129120183,0.04068524266611674,0.14645227771117858,0.2218084254299095,0.22175011528192728,0.7953216374269007,0.22101636520241172,0.22050537817995564,0.18021371112978748,0.1866650708042942,0.20770288858321867,0.04102956777549961,0.20825611854188772,0.1937248164715325,0.5155681537317054,0.16346153863923815,0.5567315367077016,0.26306494598013885
0.3797071319984928,0.05528131274247845,0.9708847141263202,0.904977520395001,0.04744255793771719,0.8484848484848485,0.13251396187641337,0.011144754211250487,0.025805643423651034,0.10047387419705478,0.16700854602556,0.16773811046139897,0.6093567251461989,0.1654895205282802,0.16513004382220708,0.14743666706687478,0.14241223336591602,0.16231086657496557,0.025880009594425685,0.15687097963007698,0.15268414852024723,0.3930627299458829,0.12499999922996795,0.4697116403572169,0.1988691506510958
0.5874965892701688,0.14573615325392872,0.9861763675638927,0.946295655947773,0.22353952068897937,1.0,0.27368883693464585,0.0036741051494562143,0.08358012937467114,0.20203881556366043,0.38000675269923134,0.3815483040962866,1.0,0.3728969279356876,0.3718342723806272,0.3019570176491776,0.30933759210432066,0.2989454378725355,0.09390590941109642,0.36478617361117,0.3354938397820194,0.6964788702121276,0.2532051275140738,0.6262220359168688,0.43829182443692805
0.5315021503839508,0.09896894766239453,0.9824436775911666,0.930924110493797,0.13294552871759066,1.0,0.20742134051669806,0.028813959149684126,0.059066429140602464,0.14585245107706626,0.28087490994347286,0.2842987952554222,0.8245614035087719,0.27482055699109964,0.27405952990723353,0.23316124384680031,0.22875615259477894,0.24163227877120586,0.05587959221419346,0.27128861239104796,0.24847210725385432,0.5577117457240329,0.18910256491208496,0.5385977444258374,0.3221420590103212
0.5606148408975742,0.11297797503132408,0.9848306824015648,0.9387350251795707,0.14217838645549985,1.0,0.23647791870761026,0.0018560918300698514,0.08629963815507588,0.19429350301853243,0.29387862064206505,0.2959819888941848,0.8666666666666667,0.2910709158771174,0.2904501735814695,0.26017529115139876,0.24388214003098133,0.2668500687757909,0.06431647402403931,0.28086924251470197,0.2744001613605521,0.5873160945656462,0.22115384621307937,0.6104652211129087,0.33093732085274835
0.5825929342671153,0.13900336639343025,0.9872043458990716,0.9461260730795225,0.19557811633093763,1.0,0.27579564058406336,0.17828247847538742,0.10333586427639402,0.20729346545964214,0.35373472735771483,0.3559189035235582,0.9076023391812866,0.34728682170542635,0.3464515394684424,0.30351782927122106,0.2892941207753496,0.29619440623567167,0.08485659475869009,0.339784227464308,0.3215760217765159,0.6366158903781233,0.2532051275140738,0.6361763772537185,0.3917596401105305
0.8224523472317867,0.45674259921803056,0.9961181394183881,0.9819983636766981,0.7498298052236959,1.0,0.6282676466963348,0.150255308931456,0.36458892245032853,0.47379783970683753,0.7881688930584387,0.7879684418145957,0.992982456140351,0.7811082400229686,0.779352341927039,0.682314803697923,0.6915714674184387,0.5855112333791838,0.4089128195859175,0.7589710249491338,0.7143895817931142,0.9001494972672679,0.5833333338466881,0.848575543416137,0.8419705762741464
0.11354027259852137,0.015337469619431486,0.9109769435765126,0.8022009912373643,0.00518771842688162,0.36363636363636365,0.044786135119013824,0.0364895227005568,0.0013178561199672363,0.030558805632246902,0.05406447595521531,0.05460100828092365,0.3134502923976608,0.05386161355153603,0.05372488759888453,0.0506663465001801,0.05521890874614982,0.055020632737276476,0.005148542391796247,0.05114174448900372,0.05192634784075081,0.18631766161115826,0.03846153632914201,0.19994450620025317,0.0786461397280431
0.3633161389238985,0.044261280437178266,0.9618499762302257,0.8815878180746387,0.03905317606599859,0.8484848484848485,0.10546251776938807,0.005336922209870571,0.010633126785782742,0.06836350212976264,0.14875177751252575,0.1495216284395671,0.6175438596491228,0.1450473729543497,0.14455637129360882,0.11598030976107576,0.12626297395686165,0.12838147638697844,0.020366008935877724,0.14101002973917215,0.1286562713528468,0.38683753213104816,0.08974358887483563,0.31432786075272856,0.18972059158687737
0.5910749321102348,0.1561976359766315,0.9882544586622845,0.9513353815835232,0.20271554131172057,1.0,0.29442894568216327,0.012778527400342939,0.12068591651984058,0.2337304617846969,0.3707244200441801,0.37027392535931153,0.8444444444444444,0.36927935687625607,0.3685049228842981,0.31816544603193664,0.3087547654576515,0.31270059605685463,0.0991697939876429,0.3576485672716049,0.32635260106585434,0.6157482660625013,0.2820512828410585,0.6970301832938516,0.4125316142936481
0.35846315762119463,0.045212324321060336,0.9657483761707313,0.8932945274158368,0.03567941506314585,0.8181818181818182,0.11336745411939247,0.02092428018866544,0.01694557102743076,0.08525173939187572,0.14183149304480192,0.14303096530692117,0.5637426900584795,0.1397645707723227,0.13946275112401119,0.12642574138552046,0.12292882356630754,0.14305364511691887,0.020535464302798588,0.1356251741318531,0.13261817052706576,0.3568690082806858,0.10576923106539696,0.42548076596777773,0.17019464248186547
0.3205410392006549,0.039324909801790375,0.9686819083020198,0.8918375412275285,0.025828292514405007,0.787878787878788,0.10753982648004043,0.12917533363870043,0.028622009107187752,0.09972096099688985,0.11723359492512472,0.11849625866551966,0.5064327485380118,0.11737008326155612,0.11726708781514998,0.1183815584103734,0.10531025744789217,0.14167812929848694,0.01633111605291284,0.11161274067573412,0.11822343017360641,0.31643411636064145,0.10576923106539696,0.48034018337330003,0.12942536234956606
0.5545404934838819,0.10837371495856167,0.9842811293301561,0.9345611302239244,0.14286220568536495,1.0,0.22478699079978243,0.02345663971720581,0.06939281509208767,0.1611912291686061,0.2987350600636988,0.29932032100688594,0.8210526315789474,0.29646856158484064,0.2956291616868705,0.24360667547124504,0.24677261570900108,0.25034387895460797,0.06372146310322808,0.28047892418358894,0.25544822475451723,0.5669218568859327,0.20192307496838016,0.5642845717466426,0.3391704004034104
0.4718163273261178,0.07412103920414233,0.9765764581618961,0.9159362960228048,0.07834190162197192,0.9393939393939394,0.15966647299770442,0.01780067834067707,0.038725145657386155,0.1181727884972118,0.2215242698746643,0.2214846762224728,0.7181286549707603,0.21986792994544932,0.21922485914290596,0.17505102653379756,0.18532167476062109,0.19165520403484637,0.039877817999568854,0.20930443054836645,0.18415047279642197,0.475834675151307,0.14743589644867686,0.493794751476648,0.25946306943172537
0.24717331704845188,0.03484141720634633,0.9461366835007313,0.8490164175929095,0.02331511465699888,0.5757575757575758,0.07315213955912243,0.01585629092469922,0.0045542583279313265,0.04657413957602583,0.1226562095669811,0.12124946234059125,0.5298245614035089,0.12161929371231696,0.12108018894769793,0.08032176731900588,0.1089254605303632,0.08711600183402109,0.016143829390251857,0.11307718775470972,0.09408922260869008,0.330455020999849,0.060897436627979126,0.21792335245320216,0.16647836522801518
0.5175863726725829,0.084884440620141,0.9805343514307743,0.9256061359560793,0.10232165061347986,1.0,0.1896667428486398,0.017607181862080188,0.054190788278946515,0.1395243358677114,0.24183371108469542,0.2436556189767615,0.8222222222222223,0.23761125466551822,0.23703830174719712,0.209148757353824,0.1998479802874815,0.22420907840440163,0.04529387525652015,0.2319123296911241,0.22311199864385936,0.537635948231033,0.17307692272152364,0.5335417284572145,0.27566290100620966
0.35869963488949236,0.04625394381293118,0.9603824831985478,0.8863689518655258,0.037668615638284136,0.8181818181818182,0.10587565416364858,0.0134442639240975,0.01267737580227402,0.07603245732696479,0.15038326907863442,0.15092632419215463,0.6035087719298247,0.14923916164226242,0.14876785612657223,0.11658062192340017,0.12983532781254023,0.13342503438789544,0.02172917630972831,0.14117711552175496,0.12653883792074366,0.3818472389979335,0.09615384698311145,0.37082787887927215,0.19443610014324839
0.26164650546366436,0.0401400902736893,0.9622657010514375,0.885684891639313,0.02411038351362691,0.6363636363636365,0.0963344751795748,0.031893884336218946,0.015400634029674707,0.08423740144045164,0.12375553585790086,0.12194696643842783,0.49356725146198827,0.12598334768877403,0.1257185134596779,0.10229319246007924,0.11166422971367773,0.1265474552957359,0.01755645249695764,0.11476671399542444,0.10402955265619464,0.31428158845332865,0.09615384698311145,0.45217838926096365,0.15000552511735984
0.18233047048581788,0.026523557206044414,0.951395439916684,0.8775986662735388,0.009812100458949678,0.5151515151515151,0.0810753310747183,0.05752382595138632,0.013526690386866068,0.09029888571573425,0.07593870323529871,0.07418343582768548,0.36608187134502923,0.07757680160780936,0.07768482158101417,0.07828070596710289,0.0742409514559695,0.1104997707473636,0.009836178388655964,0.07383245634348957,0.07518960439881073,0.22505025542001889,0.08974358887483563,0.5696791842675565,0.08891588818299044
0.19524057014409524,0.029104962033724317,0.9414005970227945,0.8479704099419554,0.015092500341133382,0.5151515151515151,0.06845186069807095,0.00646032141588651,0.004329025426670622,0.05194121822942433,0.09873530651257588,0.09661400510728001,0.439766081871345,0.09979902383003157,0.09945364521085881,0.07143714731660464,0.09113982813051028,0.08436497019715726,0.012119740696946275,0.09194103288631904,0.07716061216437357,0.2737023416534559,0.060897436627979126,0.30269611762699045,0.1300150193333113
0.3174343515715344,0.04463867880379814,0.9628046393104219,0.8887264240555341,0.035991337934156126,0.7575757575757576,0.1078920193248401,0.01013176605804606,0.01307747639998604,0.0799467630620338,0.14344655468577355,0.1436490314380597,0.5883040935672516,0.14131495836922192,0.1409424620112686,0.11754112138311923,0.12333070646431075,0.1338835396607061,0.019978072632379707,0.13688286940725655,0.1285133281130029,0.37011303585446437,0.09935897295712114,0.39911725383959684,0.1795390002426905
0.5567714356249106,0.11309874250864244,0.984204253301836,0.9370422246299213,0.14918294637176233,1.0,0.22690116927087498,0.02865294303100067,0.07355497720279655,0.17431886704537103,0.3057724077480241,0.30445085114875053,0.9497076023391814,0.30324432960091874,0.30243014057253437,0.24624804898547242,0.25267726408767244,0.26272352132049515,0.06719424630698619,0.290512301224388,0.2680375453921897,0.635612383483559,0.21153846213079386,0.5907515716686753,0.3527791922919333
0.37317931993295483,0.0519602071162236,0.968933326708723,0.9045519338961121,0.03905315074740212,0.8181818181818182,0.1292361123440072,0.0040787239674903745,0.03389813848874228,0.10704568834475739,0.15149204257650797,0.15109488768246512,0.5953216374269006,0.15285673270169395,0.1526094132377213,0.13711129787489493,0.13367757438182462,0.16231086657496557,0.024267771114139594,0.14406830719470523,0.13961853277366731,0.37953138745597076,0.12499999922996795,0.508622168474244,0.18239713865981536
0.6515533438145602,0.20861072113279894,0.9901911455470604,0.9613589490330129,0.30603169147833004,1.0,0.3606007165234562,0.03228176412917826,0.18287166163421223,0.2980141759399733,0.4511403600289495,0.45035514583648184,0.9976608187134504,0.44926787252368644,0.4483808548175972,0.3886420938888222,0.37937985141702774,0.36909674461256303,0.14332669047493077,0.4383012138367915,0.4213837078968197,0.7340624435160095,0.3493589744971852,0.7465848330652124,0.5030523006177262
0.5370463729324481,0.10594326947752972,0.9820752030432001,0.9352304584143795,0.12945240353382034,1.0,0.22069260821460476,0.0020888862185278615,0.06380386205608184,0.16273622589676812,0.2869534071968001,0.2890921984166657,0.816374269005848,0.28354866494401376,0.28285242729497473,0.2451674870932885,0.23642157591455398,0.24942686840898665,0.06018200663705366,0.27372876396386453,0.25577918239809017,0.5579902747000569,0.20512820402251805,0.5846159371029792,0.33522792928723405
0.2069695827865338,0.03404133266911221,0.9539338178969511,0.8765266700659304,0.017248319916807763,0.5151515151515151,0.08591971896591605,0.019537767896456604,0.01150501741454429,0.08021178255856865,0.10603249346294354,0.10327904426438506,0.43391812865497076,0.10778064886592018,0.10759205509077459,0.08620482650978509,0.09792141442021117,0.11004126547455295,0.014394272739301144,0.09908211221578783,0.08901060020395092,0.27478829360019574,0.08653845982069773,0.4676511756395575,0.13037460954149954
0.4775528500708133,0.08645441782527966,0.9820799346197681,0.928301872741422,0.08713131800221287,0.9090909090909092,0.1916957003529821,0.027906615307051366,0.07665236743626642,0.15889331924027914,0.23534939468048313,0.23407462518842298,0.7403508771929825,0.23393626184323857,0.2334813044220591,0.19942370032416856,0.1980251087926575,0.21870701513067403,0.04719628932098172,0.225319906223542,0.20866605196984414,0.49424709863940475,0.18269230680380916,0.6050016459083709,0.25795866970998294
0.6120369528214856,0.16418338541430794,0.9873874929758985,0.9516408473804583,0.24672798825841538,1.0,0.30640816520284336,0.039271304788159316,0.1031738021238384,0.22715790389659235,0.40565600172842814,0.40530025613900483,0.9953216374269006,0.39965546942291125,0.3986113482442662,0.3368951854964582,0.3329926553022347,0.3209536909674461,0.10807922652400738,0.3922624753968387,0.36930422410257513,0.7076901725673493,0.2820512828410585,0.6604521516887764,0.46648331414772504
0.46745968842170915,0.07283788475763478,0.9756157234291448,0.9173130441012546,0.08086831661945475,0.9696969696969697,0.16532814903297618,0.00499327335071827,0.03166742286244928,0.11764832755715615,0.21629273526215176,0.21820446945125802,0.7508771929824561,0.21228825724949754,0.2117409367708156,0.18321527194140952,0.17903328575322194,0.19624025676295276,0.03722739929245964,0.20649345697482965,0.19668451510534302,0.48859612139441283,0.15064102550281475,0.48989667914472307,0.2608105764131526
0.38731338435352053,0.05624745256102532,0.9743669338212934,0.9027624670876447,0.04771734219671105,0.8181818181818182,0.13094872028910523,0.05568397430127318,0.03971733517159499,0.10550874880428238,0.17254329490647674,0.17102800478952815,0.6210526315789474,0.17140396210163653,0.17096351943543345,0.13398967463080802,0.1479047399389067,0.15910132966529117,0.028118266419042987,0.16191203639113172,0.1422274773555265,0.4019971043576539,0.12179487017583004,0.48685325458376727,0.19172902971123829
0.5779322531606096,0.13293480065818275,0.9865126893563516,0.9424049401713381,0.19685089759911423,1.0,0.2571558795277929,0.0069635452856032405,0.09922775436430838,0.19399823807898797,0.35433524112147385,0.35335363845262596,0.9391812865497077,0.35055986218776913,0.34952478515736163,0.2774642814263417,0.2906795920572266,0.2865657955066483,0.08336912081678834,0.33471520219937384,0.30343486848521795,0.6542935618876233,0.23397435934950275,0.5983246042051599,0.4031000380362534
0.639051232410379,0.1945262140905454,0.9907230448805966,0.9561824038325826,0.33491545306611503,1.0,0.3451173443605853,0.04252676802903855,0.14831852151308772,0.2520171789158026,0.4744585312797022,0.47372540813677283,0.9590643274853802,0.4670111972437554,0.46562517784986635,0.3682314803697923,0.3891007685870159,0.3470884915176524,0.138088389405285,0.45309593915140267,0.40566401789640777,0.7234946621471,0.310897435087915,0.6715057537207036,0.5242832536972699
0.16663071865701704,0.023232643449119152,0.9318225842609125,0.8360604390618067,0.009271214370891954,0.4545454545454546,0.05686314874621722,0.00855136929659291,0.0036512429578544375,0.05038171856342576,0.07816076846045851,0.07589038335600222,0.37777777777777777,0.07958656330749353,0.07936372431847932,0.05907071677272182,0.07604056693654739,0.07519486474094451,0.009205474459807428,0.0726072291822083,0.062090844136993936,0.2320024068855195,0.05448717851970332,0.33358516551726275,0.10210667215791114
0.46075646739342285,0.07173588152710476,0.9763905422664132,0.914529506494966,0.0764940472220555,0.9393939393939394,0.15680681614512787,0.033437588267872284,0.040549160385556775,0.11539392644233887,0.21582891847553295,0.21691796189302612,0.7485380116959065,0.21343669250645994,0.21282226395765752,0.1696482170728779,0.18007188003563887,0.18707015130673998,0.037363706199910106,0.20414007826911432,0.18513055604903775,0.487992750270576,0.14423076739453894,0.4822065223266548,0.24949003742912368
0.08247079765601653,0.014673248494180518,0.8905913660921315,0.768338386440496,0.00410586446007757,0.2727272727272727,0.033624688537111584,0.00973147056436898,0.0008943135893973192,0.023875306467529354,0.052744331470453654,0.05187880478797813,0.30877192982456136,0.053229974160206715,0.05301348813385692,0.03565854244206988,0.05382607156150495,0.04126547455295736,0.0047540116444753635,0.049240821121856175,0.04016099146875491,0.1836242517729545,0.028846152246856507,0.18018252416944758,0.07470683250772976
0.47915491859724807,0.08642422595595008,0.9781616945016217,0.9240411246382101,0.09731756892033554,0.9393939393939394,0.17913270358653488,0.0007586325701963764,0.044831597770884406,0.14419205062987994,0.24887968447971764,0.24808670750940662,0.7836257309941521,0.24656904966982485,0.2458881110921405,0.1872973946452155,0.20653435473348228,0.21274644658413572,0.0486068439415527,0.2398739528969736,0.20430385016399014,0.522608165106073,0.16987179366738575,0.5617857033148481,0.28908970836329667
0.5624702779257565,0.12120525942363722,0.9830582626358361,0.9337446805240186,0.20143930732992488,1.0,0.22729700704514788,0.0040454676262820875,0.05639106583456779,0.15676461025337873,0.3535344465702942,0.3529331984825411,0.9450292397660819,0.3488946310651737,0.34756132263388545,0.24144555168687717,0.2867197376127052,0.25813846859238876,0.07764790373860248,0.33423960077626824,0.2791099745534709,0.6564141470150469,0.19871794899437048,0.5113701731500602,0.4236278881792893
0.5006256253004691,0.09437978352429692,0.9801273240049917,0.9306327490733256,0.11097811503569038,0.9696969696969697,0.20063681726471017,0.0019115190654169969,0.05423289923837057,0.15564937152076694,0.26001038371268664,0.26087815765917627,0.7906432748538013,0.2573643410852713,0.2567582949177623,0.2200744387081282,0.21526759348648875,0.23200366804218248,0.05189793963576838,0.2516865730717266,0.2315241147045233,0.5316475625522757,0.18910256491208496,0.5765658130739674,0.3051939161963204
0.5654080532203786,0.12189967241821778,0.9852306275761341,0.9394535747461328,0.16993199019803332,1.0,0.24504560275186954,0.016223274649932666,0.07861370554802947,0.17518569648375656,0.329374734554022,0.32883249439090456,0.9029239766081872,0.325007177720356,0.3240851402879745,0.26605835034217795,0.26984028490166445,0.265474552957359,0.07460489624958493,0.31728622142239343,0.2882465996045346,0.6229328029273355,0.22115384621307937,0.5921868331571775,0.37628013279432665
0.6049244442134531,0.17911326479778994,0.9890006552901046,0.9547490935709357,0.2668900538252077,1.0,0.3146392241820065,0.07525405627593718,0.12621621855724877,0.25878459678919835,0.4238227342517114,0.4257661888763597,0.92046783625731,0.41946597760551246,0.41844516532923576,0.34373874414695643,0.3501233484278044,0.3379183860614397,0.1204102304698513,0.4095402538716356,0.3638079237112404,0.6797829456320146,0.30448718005976744,0.7022272199321115,0.47125244329913335
0.3678676766758053,0.05623235662636052,0.9660294918704002,0.9043707003496828,0.04777641111225498,0.8181818181818182,0.12837085995979927,0.021070940653393988,0.01565393754958888,0.11364774793546961,0.1699309368096864,0.17034987580552036,0.6116959064327486,0.16910709158771173,0.1687154971259462,0.13759154760475445,0.1454054528437226,0.15955983493810177,0.027357276564329142,0.16430896001507223,0.14639791507135488,0.39608557927928184,0.12499999922996795,0.5045992931298083,0.21651637528330164
0.4894247885347505,0.08497501622812978,0.9819752102003141,0.9249621295941457,0.08866410357331356,0.9393939393939394,0.18448866076256937,0.18921866000002657,0.06934850613728935,0.1546600728295393,0.23861434940371692,0.23716883086688134,0.712280701754386,0.23795578524260694,0.2373797734904104,0.1933005162684596,0.2005776456303904,0.21045392022008252,0.04646587789977093,0.22237640189342756,0.20031334939548154,0.48205108702603205,0.17307692272152364,0.5654875110658665,0.26376132196643287
0.5821290750100697,0.144317135395438,0.9865075335903168,0.9469120895904699,0.20953453101360067,1.0,0.27475128047044267,0.006398464621239095,0.11434469735834767,0.20698580484673312,0.3653869945641593,0.36696659342873644,0.8748538011695907,0.3629055412001148,0.3619600478060441,0.2997958938648097,0.30162166794865014,0.3049060064190738,0.09033872186188366,0.34969056899138007,0.31780093555088357,0.6279354917357642,0.25641025656821176,0.6390583482976477,0.41684223095079864
0.37237893533256244,0.044985885301088414,0.971579691639306,0.893309563242477,0.03424106318635445,0.8181818181818182,0.11555319198450975,0.05529565109043108,0.03532377368938874,0.08736619335440682,0.13953237147074937,0.1399386971398457,0.5684210526315789,0.1389032443296009,0.13860907176597806,0.12702605354784488,0.12295321597293635,0.14580467675378267,0.020653797502915787,0.12987533972374476,0.1278295933526694,0.3588045087927426,0.10576923106539696,0.42316792264182923,0.15057588515519577
0.2784721229681795,0.03727186268737829,0.962443586566757,0.8807890481631521,0.023946348606599065,0.6666666666666667,0.09588926479669735,0.057025923096262914,0.016336393108140747,0.07565637259708324,0.11779886649946479,0.11712450060644106,0.4982456140350877,0.11846109675567039,0.11820613510898642,0.1019330051626846,0.10649440848330663,0.12012838147638696,0.016120202912662192,0.11101594463871231,0.10525799648245532,0.31283565009056724,0.08974358887483563,0.40295578303462964,0.139986635452975
0.5720125254992658,0.12291110004075903,0.9845126964758831,0.9393655613416476,0.16921910172195617,1.0,0.24185810837227698,0.00251567593070088,0.07872217985954796,0.17818929209672943,0.33110381987544474,0.3303786284744423,0.847953216374269,0.32885443583118,0.32789824142052254,0.26209629007083685,0.2730230135907835,0.2668500687757909,0.07577183482257627,0.31249918617231504,0.27949694057593055,0.5970059943245537,0.22115384621307937,0.5941091058120402,0.37902340765431264
0.05897119395033978,0.00984254940144619,0.8748500728275378,0.753069170019514,0.0019199666198915439,0.2424242424242424,0.028472750581569672,0.017103459147245332,0.0006965209010557472,0.02189162685899463,0.03438101489290564,0.03428038889728477,0.2385964912280702,0.03537180591444157,0.03528541346536908,0.03037579541361508,0.037652273070232146,0.036680421824850984,0.002372582602635607,0.03138177685585833,0.030170044910740972,0.13896715835288453,0.025641026272846812,0.18813308555616676,0.04914168175713482
0.08430024817119915,0.014612864755521338,0.91937968652344,0.8008441209987581,0.0039008546772888297,0.33333333333333337,0.04135261721009727,0.028392379597633743,0.002531443823201127,0.034497530843844146,0.04871152419594,0.04838159674188086,0.29239766081871343,0.0511053689348263,0.05099311365317854,0.04202185136270861,0.049466744710547,0.05364511691884456,0.003760038338858087,0.04373188677344782,0.041370258144113596,0.17424104393188697,0.03846153632914201,0.2645441492673022,0.06302974326782361
0.49807310006106836,0.10325619310719623,0.9857760213741031,0.9386579185685544,0.0997711121528627,0.9393939393939394,0.2221361503888332,0.08692758631239943,0.10878746061619798,0.192780858997852,0.25344022094963325,0.2523841077566331,0.704093567251462,0.2540913006029285,0.25379887314324745,0.23027974546764315,0.2148288255436936,0.25584594222833557,0.056633280887257074,0.24409772792719486,0.2305089820131924,0.48609000953994763,0.22115384621307937,0.6824195699359081,0.2720048812026337
0.4460169172199629,0.06913938076476006,0.9727736318362468,0.9140102239851623,0.06721802457911726,0.9393939393939394,0.152825250867373,0.012786398067762234,0.025282696592930008,0.1208637652279298,0.2033076725285901,0.20251450227270085,0.6748538011695907,0.2035601492965834,0.20303340731887773,0.1636450954496338,0.17221086358652873,0.1884456671251719,0.03554858264099469,0.19217903906546713,0.17036960886302213,0.445607986938805,0.14423076739453894,0.5113972395385995,0.24891201467801516
0.1390434364564791,0.01610736228733602,0.9389395525103198,0.8251612943255852,0.005220823029420561,0.4242424242424243,0.05200378475674441,0.05746828786156848,0.008496183824466626,0.04187555958717946,0.05309749271127446,0.052818497808674626,0.30526315789473685,0.0543784094171691,0.05432246314950772,0.05450834433905631,0.05607915271648862,0.06740027510316368,0.005427690592975962,0.04977376967338718,0.05218217206330068,0.18242769183222293,0.04807692349155572,0.29477471592625976,0.05810078148238575
0.233052895547211,0.03331672780520206,0.9569563703692461,0.8682716722562798,0.0187124805454979,0.6060606060606061,0.08253094818788452,0.03152717774716223,0.009973804825703087,0.06475152686805588,0.1081402064091495,0.10747181889693602,0.4701754385964912,0.10950330175136376,0.10921404587103752,0.08764557569936367,0.0982554733983489,0.10453920220082531,0.013618154672700318,0.09975023606798841,0.08879067593221565,0.294051662020443,0.07692307573841223,0.3698514527851368,0.13443858702973546
0.024203838207970067,0.0077744063523693075,0.7423514359493054,0.6139692476092367,0.0010210010159388359,0.09090909090909091,0.015099994119744602,0.12152421349861586,2.0324959999716535e-05,0.007187755157188915,0.029122124455039918,0.02883210688862797,0.18596491228070175,0.029227677289692795,0.029053554151727282,0.016088365950294153,0.033413617502249145,0.013755158184319119,0.00193945569507698,0.026011971216473147,0.02008458990462096,0.1091545685638949,0.009615384082285502,0.03539568328311793,0.054601868619038686
0.44291282824214234,0.0730794197122715,0.9760428469568545,0.9132204828648457,0.07785463806418008,0.9090909090909092,0.15526044205752887,0.01606264652189664,0.0304480933431105,0.11231149434676724,0.2204720153192622,0.22008191798126814,0.697076023391813,0.22113120872810793,0.22042001024415234,0.16988834193780766,0.18547211342308834,0.18386061439706558,0.03868956306676767,0.20526035535186604,0.17711697661807782,0.4657985810185242,0.14102564142052926,0.46031404027658124,0.26504280087165455
0.3360471915076076,0.04960524130851562,0.9704114748558624,0.8968018076257734,0.038099730782264196,0.787878787878788,0.11855187476940028,0.04399104473243943,0.026099508253514026,0.11883521328181526,0.14902040678851644,0.14911281353777953,0.5719298245614035,0.1504450186620729,0.15013374309942523,0.12354424300636331,0.13052275597271892,0.14855570839064647,0.022519061837718093,0.14111510766605237,0.12831842139325178,0.3664432939435649,0.11538461514768243,0.49362338703947145,0.17223081496640336
0.3203285994568819,0.04352157963860333,0.9620359535878404,0.8756994720904282,0.036598143717667515,0.7272727272727273,0.09851151246530321,0.015703533464082486,0.012051923592662422,0.06540924129678083,0.1476101441643781,0.14773718045593517,0.5976608187134503,0.1453919035314384,0.14484093107961984,0.10421419137951735,0.12696218044786267,0.11646033929390187,0.020647796720923997,0.14046532350321903,0.11981477333225117,0.3769282215056442,0.08333333384668803,0.306835049303656,0.1809542387172393
0.28669230669282647,0.0326374107452863,0.9601321761480957,0.8721643605010132,0.019781786181423552,0.7272727272727273,0.08892037136516372,0.034070234732124595,0.013437145232269292,0.06443977568293652,0.10408801182297413,0.10450161394698194,0.4678362573099415,0.1054837783519954,0.10525866484548406,0.09833113218873815,0.09561999174502124,0.11325080238422741,0.013179239046375867,0.0970887765722624,0.09506379660756145,0.29082476033239524,0.08012820479255013,0.35508471748683135,0.12361333379568296
0.5730065096215065,0.129311776338632,0.9886700907865107,0.9443143696193982,0.16341337691411048,1.0,0.2538418819920841,0.07664910436238948,0.13495353905537438,0.2171201355194178,0.3226859477314792,0.32090613532354506,0.9040935672514621,0.32385874246339363,0.3231460929941381,0.25801416736703087,0.27117560833026944,0.2865657955066483,0.07803537479834141,0.3083093659644977,0.2787914962912017,0.6229429852342777,0.2435897434317883,0.6561740551233182,0.35284418454648336
0.4425100372906462,0.07083012544721708,0.9754707100785471,0.915698548927751,0.06964451226821772,0.9090909090909092,0.15971962070049342,0.008961475410926437,0.03639672504868023,0.120922148849477,0.20644636327714572,0.20593614737486582,0.656140350877193,0.20734998564455928,0.2068180524728246,0.16928802977548324,0.17541333278217774,0.18752865657955065,0.036457177470684,0.19446517234998967,0.17451853110862348,0.4380408856756929,0.14743589644867686,0.512605257744832,0.2468220039440947
0.406425165339189,0.06793170599157648,0.975975414937728,0.9180145849874453,0.05863311472486798,0.8787878787878789,0.15715362407297104,0.027954449011155947,0.03361214725705875,0.12897946049319162,0.18920011730966546,0.18974823977090866,0.6269005847953217,0.190869939707149,0.19054123271299303,0.1683275303157642,0.16237306343189764,0.1884456671251719,0.03310468591596483,0.1796927695746385,0.16604636226234887,0.41484501414279423,0.15384615455695264,0.5668158299735364,0.22243056780660697
0.17615217702012656,0.027399121416602508,0.9374092270436365,0.8584817028612219,0.013086220792299944,0.4545454545454546,0.06989900151280623,0.02189325911700423,0.007967357477391709,0.06432300843984212,0.08998127810030633,0.08955177611668469,0.40350877192982454,0.08969279356876256,0.08952250867907348,0.07071677272181534,0.08435054217128563,0.09124254928931681,0.011228659186836985,0.08659134477591443,0.07690256491577965,0.2501830238318069,0.07051282071026463,0.4229148443224608,0.10974721502765647
0.5070358483946832,0.08639403408662048,0.982958864262749,0.9278328363325649,0.09567825280751867,0.9696969696969697,0.1954767392510102,0.0632762307174191,0.0713367738725539,0.14460147972111223,0.23939945337639068,0.2407222267430821,0.7380116959064328,0.2369796152741889,0.23646918217517504,0.21130988113819185,0.19971332391181804,0.21962402567629524,0.04642762086471743,0.23154986632739916,0.2165575497400171,0.49460568868859395,0.17948717774967127,0.5649480069790852,0.26527561199630273
0.5993802216649559,0.15482390592213516,0.9896117238947778,0.9509221033106449,0.21015914078853112,1.0,0.29860990905062584,0.03822289863156807,0.1549903763516272,0.23047895270443228,0.3716515607196636,0.37233737498207803,0.9368421052631579,0.3691070915877117,0.36830573103409037,0.3168447592748229,0.30875130319822536,0.31361760660247595,0.09741904301778129,0.35532877792474227,0.33593246819979783,0.6625227436294451,0.2788461537869206,0.6832784539059805,0.4057491836321307
0.17092369060457624,0.023519466207750254,0.9296295085973698,0.8312844773544936,0.01016723368138089,0.4545454545454546,0.05667707924891304,0.00044269732871764873,0.002785130356146517,0.044094137205973084,0.08090054062668664,0.07949996706230648,0.3929824561403509,0.08165374677002583,0.0813840987991577,0.0605114659623004,0.07777067306229903,0.07198532783127005,0.009472041416598985,0.07508269143442499,0.06511874519858403,0.24076327535569833,0.05128204946556541,0.28102616412540027,0.1118622359457668
0.43248054259839147,0.060262971181860726,0.9735459317336898,0.9066421736156464,0.05561152585149729,0.9090909090909092,0.13965597883008923,0.018938599482353963,0.03383214021357936,0.10435681887851136,0.18121394144867578,0.18092868795604175,0.6421052631578947,0.18214183175423485,0.18166296738944854,0.1498379157161724,0.15593679815440942,0.17102246675836769,0.029944786588234334,0.1697114115423182,0.15400278400531606,0.41812561959144784,0.12820512828410585,0.467622465309308,0.20941355021704808
0.7561867390824162,0.3634044351856045,0.9944386372973637,0.9760115838402602,0.6027545732929622,1.0,0.5313579832533946,0.2012484763053003,0.2693237109733372,0.4132333233878715,0.6835798506684104,0.6831200133300783,0.9836257309941521,0.6791271892047086,0.6775368504922885,0.5689758674510745,0.5887735755865688,0.5103163686382393,0.30604320417180964,0.6574823775800415,0.59874459193391,0.8436329831582814,0.5,0.8177114861243213,0.738866823159029
0.4318159375284228,0.06390109143607628,0.979917627302405,0.9168946550986472,0.056096021633762476,0.9090909090909092,0.15737130667782845,0.11813893967255364,0.06165429779595491,0.12752569592099297,0.17879718161064198,0.1791481149951756,0.6304093567251462,0.17829457364341084,0.17804905810710836,0.16868771761315884,0.15335315821441414,0.1907381934892251,0.030664835386736915,0.17082074126662333,0.16859075002583823,0.4102406569991454,0.15064102550281475,0.5549582616622115,0.19516090487486235
0.041110663565609454,0.008559394954938635,0.8244591461124677,0.6888689598784046,0.0014023864660688756,0.15151515151515152,0.019876254224271608,0.017224623083714193,0.0002660174149067518,0.014365221905485226,0.03188637720972225,0.03162406079135715,0.21871345029239767,0.03169681309216193,0.03155768026862444,0.020290551086565013,0.036837674874579986,0.022925263640531865,0.0024627958189586204,0.03059783636479466,0.024075765580095394,0.12701732418099193,0.0160256391104331,0.13149434255930742,0.043233203693255326
0.6440874186297312,0.20359887082408706,0.992574292349222,0.9616458077960706,0.26296755294260177,1.0,0.369790199776582,0.02378986825611285,0.25285681550430494,0.2894090994902776,0.4289298943309365,0.4302476527049597,0.8818713450292398,0.42388745334481764,0.42325422571282234,0.3981270260535479,0.3588302082767932,0.37093076570380557,0.13393739727386392,0.4161449926941841,0.40172298764991776,0.6624522854979289,0.35256410355132317,0.7645962015856671,0.44908323629352964
0.5673297558567103,0.13572754857116978,0.9871820885467741,0.9472323178372903,0.17033644005906337,1.0,0.27275478935581166,0.011003414761115266,0.10750420741068842,0.222266447230193,0.3283679087416238,0.33007831421009604,0.8502923976608188,0.3255813953488372,0.3249957316032099,0.28983071197022453,0.27270928006180895,0.29573590096286106,0.080715071072139,0.31788915756653546,0.2968383974483401,0.5965308030749281,0.25961538562234965,0.685644534799003,0.3631612144002137
0.22136870963969701,0.02588952795012303,0.946850248774477,0.8483682962485706,0.012802692939034407,0.5757575757575758,0.06922193389606746,0.020317850806732325,0.007166018409407044,0.049683222369331335,0.08692490127668734,0.08651182075694695,0.41403508771929826,0.08756818834338213,0.08733139832678848,0.07407852083083204,0.08246837694173183,0.08711600183402109,0.0103617620945713,0.08004287181442864,0.07487886453436322,0.25444316182593624,0.060897436627979126,0.2937565668599678,0.10750438323897143
0.16946000025986516,0.021239980073366242,0.9239236403624047,0.8311696196981821,0.00822969960711803,0.48484848484848486,0.05438280860355712,0.03791572089327419,0.002024024727373436,0.04253017509756326,0.0716609257769917,0.07169567121206837,0.37543859649122807,0.0729830605799598,0.07279039326162427,0.05823027974546765,0.07064336882613366,0.07336084364970197,0.00800083962519054,0.06613671317414388,0.05932123673305946,0.22746373991536634,0.05128204946556541,0.2913070931283105,0.10483289800133168
0.416423476215844,0.06041393052850867,0.9730699599173095,0.9069281013840387,0.05648853961471434,0.8787878787878789,0.14137320609333276,0.011781003445800367,0.028104073368254708,0.10353139098916359,0.182830153184407,0.18334088962772657,0.6350877192982457,0.18271604938271604,0.18223208696147064,0.15163885220314563,0.15624412732105367,0.1723979825767996,0.029881274325578355,0.17256624834516615,0.15686536188577488,0.4148579891834012,0.12820512828410585,0.4553073460607351,0.21771601260424156
0.48661824513077717,0.08708844708120105,0.9810933333977375,0.929526746051809,0.08720442685611052,0.9393939393939394,0.19614447583784847,0.014005852672634775,0.06650534763078192,0.1613777840527431,0.2321407124508437,0.2319608002697016,0.7099415204678363,0.23301751363766868,0.23259916908542488,0.20614719654220193,0.19713005471771053,0.22329206785878036,0.04587660815059495,0.2189258883176292,0.20964959127832353,0.4783577800284683,0.18589743585794705,0.5966078709503726,0.2641381134308794
0.25518625833192576,0.03432815542774331,0.9470656161143988,0.8614040930133906,0.022668422286803002,0.6363636363636365,0.0807323080239124,0.02697937308692897,0.004460834119488672,0.05534705344307802,0.11739526538847325,0.11697918725272512,0.4994152046783626,0.11604938271604938,0.11564509703488705,0.08596470164485533,0.10393601873299282,0.09949564419990829,0.014949344310822356,0.11084704240005279,0.09460174832349436,0.31220452477956884,0.07051282071026463,0.29731030372487793,0.1628747194176736
0.4734378857373024,0.07771387165436348,0.9788297959342462,0.9210811688688142,0.0818325733240412,0.9393939393939394,0.17446888940335342,0.014992734597990694,0.044126173767710296,0.13070035182639714,0.2217496062979189,0.22191674126085492,0.6982456140350878,0.22239448751076657,0.22184280917420754,0.18573658302317203,0.18763900435598557,0.2017423200366804,0.0407299401725137,0.208684764096219,0.19046984369316802,0.4670330774533596,0.16025640958510026,0.5206800753306496,0.25731472077029366
0.3205085560594052,0.0401400902736893,0.964808056941477,0.8861474603157538,0.025916273507524817,0.7575757575757576,0.10401214535228871,0.025731484310323342,0.018386623509685434,0.08048994146886995,0.12435917130743594,0.12434948055319825,0.5146198830409358,0.12598334768877403,0.1257185134596779,0.11057750030015609,0.11204920928858743,0.13067400275103164,0.017395697951051142,0.1140593438302883,0.10870748903255095,0.324958990204052,0.09615384698311145,0.4171745902849945,0.14774926105381478
0.6240752049686212,0.18909167761121928,0.989140896761097,0.9543515043276541,0.35549651055730025,1.0,0.33434156464702897,0.00804149415863452,0.1089133898678645,0.23129867858403233,0.48010064972138955,0.4828200865680086,0.9894736842105264,0.468274476026414,0.4667634169939105,0.3609076719894345,0.3882337749497698,0.3425034387895461,0.13428977282745103,0.46695466950377035,0.410868811937457,0.7395588830664611,0.29807692195149166,0.6412854049443881,0.5487347337613423
0.617779972194431,0.17832827619522063,0.9881144590095153,0.9521777566992331,0.3141380971619546,1.0,0.31816269469746167,0.03805279244628768,0.10363672781653328,0.22551894796432675,0.4552365046648665,0.454528545355204,0.9228070175438597,0.4483491243181166,0.44690114393033986,0.3408572457677993,0.3714148742600173,0.3310408069692801,0.12590652355800322,0.4375809130345215,0.37732419877693935,0.6956319442776068,0.28525640881506825,0.6420114220089607,0.5222837522580562
0.5840507776464015,0.14984224748275288,0.9877013861281517,0.9503012938528634,0.19584217973384022,1.0,0.2892955223189751,0.004372488314830244,0.10982801543909708,0.22435164740358368,0.35696041455987104,0.35955561238922285,0.9333333333333333,0.35515360321561873,0.3544476694553526,0.3161243846800336,0.29699494565832985,0.31315910132966523,0.09172210108401621,0.345677744698143,0.3300025883854939,0.6536596443507297,0.2756410247327827,0.6848347881707808,0.4022405024675902
0.26167703961643907,0.03287894569992301,0.9538737149851406,0.8715639451523791,0.019140811045748676,0.6666666666666667,0.08407121016647133,0.008400163798565898,0.01244005738237557,0.06716855921741655,0.10532469228803959,0.10508480487322863,0.45847953216374265,0.10640252655756531,0.10616925616071939,0.09148757353823989,0.09655836527522912,0.1104997707473636,0.013658094824773372,0.09967252503575733,0.09320681048628712,0.28654565409121413,0.08012820479255013,0.3865851121092906,0.13409970647649277
0.1384632875537596,0.020847485772081578,0.9074789764773267,0.8158397121309103,0.007507937258415871,0.36363636363636365,0.047361127260819584,0.03702029390624106,0.0022828669357422633,0.04062979441403856,0.0726448318438237,0.07073854058892597,0.36023391812865496,0.07327016939420039,0.07301804109043311,0.04754472325609317,0.07191701691449817,0.061439706556625395,0.008461556542166074,0.06758496191181451,0.05471688637241856,0.21989803501908667,0.04487179443741782,0.3024006072871241,0.09899806776090819
0.3707781661317776,0.05119031444831907,0.9690221828148528,0.8950730331899719,0.043498355824599454,0.8181818181818182,0.11665300927882824,0.029303603346740807,0.022450166922629616,0.09258514371109852,0.1604942450079726,0.1602864416828449,0.6105263157894737,0.16055124892334194,0.16009333560981165,0.1255853043582663,0.1389022693238305,0.1476386978450252,0.02465602725486346,0.15135037380064217,0.13417305811902935,0.3911489899067731,0.10897435703940664,0.43113701966099316,0.18982970134434748
0.3044443433857828,0.03585284482888758,0.9563830888846819,0.8689265835195591,0.02391359145862147,0.7272727272727273,0.08652926895613444,0.009417530703362749,0.010348970349213267,0.06094593118839429,0.11960977284807002,0.1200520803059718,0.5216374269005848,0.11915015790984783,0.1187752546810085,0.09484932164725658,0.10679549523214696,0.11004126547455295,0.015844577297721776,0.1112535544722303,0.09835533462011047,0.3250492335841594,0.07692307573841223,0.31766658206368,0.14826998455019952
0.5163715031898445,0.0863336503479613,0.9778099185095459,0.9207592035478299,0.10883880605240068,1.0,0.17674740856877053,0.17606051146479104,0.039182409202399356,0.13299751801432222,0.2590477543989071,0.2596245877944533,0.8526315789473685,0.2551823140970428,0.2543395367366684,0.19354064113338934,0.21262764736040235,0.20999541494727186,0.04884434212630009,0.24664781879493622,0.21699574613323208,0.5619788650445547,0.16025640958510026,0.48964021840215555,0.3089128062706228
0.6146434000753609,0.16816871216581375,0.9889836403553718,0.9521889985036163,0.2663067568092794,1.0,0.3121222791405867,0.005392349445217715,0.12987637712316946,0.22485206073731204,0.4192060074378271,0.42065503384832387,0.9625730994152047,0.4097042779213322,0.40859939673325374,0.3467403049585785,0.3409292456838172,0.3214121962402567,0.11206211920416545,0.40777046602089934,0.3757435236749961,0.6961821910061307,0.28525640881506825,0.6573289513110953,0.46813474169286895
0.6659771578550732,0.2537173739112057,0.9920686635429132,0.9683153733385874,0.295883201199415,1.0,0.41951016885895565,0.1763582665730759,0.23887106683103282,0.35642804293018354,0.47270430817281983,0.4733669685309401,0.8456140350877194,0.47614125753660635,0.47561322633885383,0.4438708128226678,0.4078111867819701,0.43099495644199903,0.17538762015408507,0.45848969897146236,0.4357867310475731,0.6705902362474656,0.416666666153312,0.8236229003463555,0.5105694287935525
0.28327118225640896,0.035098048095647844,0.9573812056920185,0.8618008199390692,0.023162393795469898,0.6363636363636365,0.08190055492402593,0.033108295062674896,0.01183817983641815,0.05697014291343693,0.11869446171868518,0.11792469280757024,0.5017543859649123,0.11897789262130347,0.11854760685219966,0.08692520110457438,0.10775056909450047,0.09949564419990829,0.016078851455925813,0.1095526586732183,0.09615267568443228,0.3148775700038883,0.07051282071026463,0.28341818509972017,0.1390903372261973
0.13456141262684668,0.01977567441088115,0.8990101909584804,0.8213059292260019,0.006525028199349038,0.36363636363636365,0.0472449308835854,0.0665961004057717,0.0017571888687389118,0.0458804776945436,0.06770985738003485,0.06555763515110652,0.352046783625731,0.06833189778926213,0.06815206874964432,0.0480249729859527,0.06801436561790912,0.06327372764786796,0.007854555060487831,0.06415064469666201,0.05304405417591783,0.21323878292150986,0.04807692349155572,0.3636535100858065,0.0964785431278965
0.49974663149825244,0.08776776414111681,0.9807446728304378,0.9266020857373003,0.10158204845476766,0.9696969696969697,0.19025982938463465,0.012344532147574793,0.05774501605981796,0.1432915049599428,0.24691803356798003,0.2474318286619934,0.7649122807017544,0.24542061441286248,0.24480678390529856,0.20410613519029894,0.20588403382491108,0.21916552040348464,0.04793368341098213,0.23685380376814924,0.2136221786213991,0.5125341349869563,0.17628205177566156,0.5513049300581702,0.28241409665533485
0.10729896183880566,0.017133885844542066,0.9134201811995736,0.8099856764010975,0.006092327226002281,0.36363636363636365,0.04543309075260729,0.026912694122806356,0.0011355960871918154,0.03428544087257608,0.05992437305459418,0.05998728992532831,0.335672514619883,0.05994832041343669,0.059786011040919705,0.0506663465001801,0.058702130982388065,0.058230169646950936,0.0056041002137955315,0.05689003092257177,0.05324239645260517,0.20067818805250315,0.04166666538327991,0.2454054504911326,0.08969272467595728
0.5708860101607266,0.13667859245505184,0.9852906045409534,0.9423865803048062,0.2127956270644748,1.0,0.2575242369063149,0.006806797064041514,0.07334300968545658,0.20432247046761812,0.3652783106093777,0.36601333782835976,0.9169590643274854,0.36055124892334195,0.3594559216891469,0.282266778724937,0.29818170644099296,0.28702430077945895,0.08678749119620785,0.34968072166544395,0.311626044434506,0.6480951306477722,0.2371794853235125,0.6013484765392588,0.42417716920609105
0.10716578095968192,0.015261989946107514,0.8899904901255679,0.8059862114426455,0.004253824676013554,0.33333333333333337,0.04089217202683826,0.036946741964935394,0.002088266049986604,0.04027081571340014,0.052485149401416756,0.052076430949031825,0.3029239766081871,0.052828021820269876,0.052728928347845885,0.040340977308200264,0.054826909735131955,0.05685465382851903,0.005305926160607104,0.050666826009936265,0.04447658173763818,0.1804542548260623,0.04166666538327991,0.34812245277228293,0.07138589128814221
0.5911411977183841,0.15406910918889544,0.9886527493971765,0.9497778130371576,0.22370159370347717,1.0,0.29244859591227024,0.011728458426691271,0.1244054211912159,0.22191131118829763,0.3792570552152279,0.3800389827290236,0.8760233918128656,0.3761699684180304,0.3752489898127597,0.31228238684115744,0.3134213038973851,0.31407611187528656,0.09798691821819677,0.36472946497695885,0.3300023061120996,0.635262408763841,0.2724358956786448,0.6673116189832902,0.4174380099606073
0.35439496901108325,0.051114834774995094,0.9643305092763419,0.8933445359151716,0.041291262452406316,0.787878787878788,0.11848537166094465,0.00452768457380225,0.014911702035761205,0.08538127417853564,0.16153368422176784,0.15958700007362545,0.6058479532163743,0.16221648004593742,0.1617153263900746,0.12426461760115261,0.13984312962803447,0.14167812929848694,0.024690016060354016,0.1499337193230747,0.13068050396799138,0.38962159359624415,0.10576923106539696,0.4124468771207658,0.2072828525914052
0.5125456388134558,0.09421372824298417,0.9843156891845609,0.9305955124402502,0.10813281806149333,0.9696969696969697,0.20506925139984863,0.020771855291460792,0.08828122846348185,0.1608523314588183,0.25926438296183907,0.2595858375667957,0.7754385964912281,0.25673270169394197,0.256132263388538,0.2137111297874895,0.21542604197005483,0.23062815222375055,0.052348981523528744,0.247721138156039,0.22435344135683,0.52361545234648,0.18910256491208496,0.5839012344657677,0.28162382842545736
0.2342320335745748,0.03325634406654288,0.9627585769691983,0.8824302237796728,0.015914906616597887,0.5757575757575758,0.09092171694873456,0.05152543511488292,0.021561314504999506,0.08393073248141178,0.09937237685976484,0.09895064383503253,0.4257309941520468,0.10152167671547516,0.10144556371293609,0.09232801056549406,0.09364242790847445,0.11783585511233378,0.013879365204096883,0.0928354175231459,0.08976671952485737,0.2674585838384541,0.09294871792897354,0.4999378371775073,0.11186071284950454
0.4662545638813456,0.08064248297933367,0.9794614986863934,0.9222571482104767,0.08818442019258825,0.9090909090909092,0.17969358062328555,0.026952546305020954,0.048796948781774915,0.1321185408160394,0.2318487526811584,0.23142992215079264,0.7169590643274855,0.23060579959804764,0.23000967503272443,0.189818705726978,0.19423959551636352,0.2063273727647868,0.04331253077677647,0.21957204276292064,0.20086104335839297,0.48069259981748286,0.16346153863923815,0.5313901262255794,0.2646493003746914
0.5637955900887439,0.11788415379738237,0.9858018042345802,0.9370469072142302,0.16842380507026664,1.0,0.23181952350020607,0.07957344529930485,0.09350241462049169,0.16907338994767912,0.32632238306206157,0.3257789764514867,0.9111111111111112,0.3214470284237726,0.3204712310056343,0.24948973466202423,0.2666591520011256,0.26272352132049515,0.07228593447971685,0.31004630918420495,0.2748415277739976,0.6252778050232923,0.21153846213079386,0.5759834101035827,0.3619658164974613
0.6025388823200759,0.16089247165738266,0.986767336036335,0.9488042924836825,0.2743274858179136,1.0,0.2924103540161475,0.011740098146114172,0.08769936638935821,0.21062269541190268,0.41908845132347156,0.4193762763356235,0.9228070175438597,0.41182888314671257,0.4105344032781288,0.3175651338696122,0.3409394684839247,0.31453461714809716,0.10907352182272358,0.4035768894611418,0.353021759081906,0.6770923285274756,0.2660256406504972,0.6250663046277117,0.4879485713768053
0.59893845094396,0.15323883278233172,0.9859605609208654,0.9470718595927432,0.25139122666119657,1.0,0.2843076543988312,0.02935642550202664,0.07965505934510615,0.20162393237614773,0.40408242564842756,0.4046492523143574,0.9637426900584796,0.3968418030433534,0.39559501451254914,0.3109617000840437,0.328421347880566,0.3076570380559376,0.10193285459102744,0.3873490563337713,0.34346407463542045,0.6902457039664922,0.25641025656821176,0.6118940182981368,0.473565363714021
0.36085001884022194,0.049861872197817125,0.9666909654685562,0.8885662196708422,0.040550803523685716,0.787878787878788,0.11108348662963981,0.015831681232205085,0.019628106320800705,0.08350791606294575,0.16125922232235348,0.15900962168152738,0.6070175438596491,0.16118288831467126,0.16063399920323262,0.11562012246368111,0.13935848705911416,0.1338835396607061,0.024721862609845355,0.15061566689798908,0.12634354492103367,0.3896900765034046,0.09935897295712114,0.40254461611406744,0.19333968111884703
0.5129036030300274,0.07810636595564815,0.9789333797777473,0.9162708387768759,0.09319000715286767,1.0,0.16667786640260968,0.03437092748388287,0.045972602794018734,0.11713626229046509,0.23707774065527468,0.23752339544994827,0.8280701754385965,0.23502727533735285,0.23424961584428894,0.1799735862648577,0.19706711681610728,0.19578175149014215,0.04249620159388436,0.22231510439152943,0.20149229938790744,0.5392901275411709,0.14743589644867686,0.45230489340591495,0.2773652904388513
0.4876784948611671,0.0820011170991652,0.9812320806336254,0.9266044297274821,0.07954110090108905,0.9393939393939394,0.18465114488883547,0.03977536006640626,0.06796550520958705,0.15429427650855038,0.2213207031022163,0.22084335995473975,0.6912280701754386,0.22348550100488085,0.22306641625405502,0.19594188978268698,0.18970683989811826,0.2177900045850527,0.04290761177816368,0.20687708419223774,0.1971310922547056,0.46402780000018007,0.17628205177566156,0.5748693562674293,0.24987192790117507
0.7048971583748035,0.2673339069788506,0.9930354709357956,0.9673359951572917,0.4573417679010553,1.0,0.4426551510112477,0.06026996832666063,0.21593772470196013,0.314088017462033,0.5738862769871789,0.5760201966186552,0.9345029239766083,0.5646856158484065,0.5632291844516534,0.4866130387801657,0.4785508633933324,0.4218248509857863,0.20294681389016037,0.5530973190540094,0.5139772175855857,0.760622420695293,0.4006410270428789,0.7448577733821111,0.6249951361300973
0.37139664514117177,0.0551303533958305,0.9708916391956882,0.9032697800965199,0.04586147107759562,0.8181818181818182,0.13308339999631896,0.016650951197871237,0.0233737864241618,0.10013832331907543,0.16494823341337445,0.1637507120354332,0.6000000000000001,0.16715475165087568,0.16675203460247,0.14239404490334973,0.1436804878133883,0.15772581384685924,0.026244658788923313,0.1544254479482068,0.14290403235776036,0.38916257786000547,0.12179487017583004,0.46184015215824925,0.2011133073016728
0.5497031040889778,0.11100040759023595,0.984112530642185,0.9368872366885792,0.14471149497953506,1.0,0.22787162210580678,0.023646810561681865,0.07175419076031181,0.1700220308302709,0.2986151216101984,0.29992869958111007,0.8327485380116959,0.2952627045650301,0.29451937852142746,0.24672829871533197,0.24622249073387245,0.2572214580467675,0.06440332487207878,0.2852893048875172,0.2596776642200441,0.5722415895142425,0.21153846213079386,0.5942232410025912,0.33942296110463055
0.2980964879227681,0.035988708240870734,0.9641163107244992,0.8751894792395131,0.02400104756063255,0.696969696969697,0.09100568462334693,0.08305627105957807,0.020176245627791998,0.06794589189410974,0.11768459637013665,0.1179479429441648,0.5029239766081872,0.1167384438702268,0.11644186443571797,0.09941169408092208,0.10560589191216631,0.11508482347546997,0.015937155901395342,0.11095128046357994,0.10548412637372649,0.31433389584710214,0.08333333384668803,0.36601507582902026,0.13076263597250504
0.2004560633031457,0.027927479129870324,0.9398005624153826,0.8383734024536728,0.01587345578380841,0.5151515151515151,0.06433523589130734,0.007237300400982791,0.004157440600143495,0.0417380915695662,0.09924446989257293,0.09929745837256794,0.4631578947368421,0.09744473155325868,0.09706334300836607,0.0703565854244207,0.08993939303757852,0.07794589637780834,0.01176925015199595,0.0928451398758817,0.07985941117483104,0.2843709569562997,0.05448717851970332,0.2245642128493185,0.1288388919631504
0.28356742850460614,0.04115151789623055,0.9615993558236593,0.8830103607540251,0.0266360732218436,0.6666666666666667,0.09574002955170106,0.03658657578964964,0.017012160772479645,0.07961914541500778,0.1301154777288257,0.12872438125573987,0.5228070175438597,0.1315532586850416,0.131210517329691,0.10109256813543042,0.11634216507208664,0.12058688674919761,0.018771136775167004,0.12015009388392524,0.10597026448387982,0.3319388958567142,0.09294871792897354,0.4323845304008958,0.15557683436699063
0.5312591764874031,0.09225125673656086,0.9806128889518032,0.9287760119961618,0.11296950747789455,1.0,0.19925898506320744,0.008096921393981665,0.0586483452689572,0.14735319525131674,0.25985610671564974,0.25944633674722845,0.8315789473684211,0.25598621877691646,0.2553354959877071,0.2156321287069276,0.21463891653442552,0.23246217331499314,0.051722407636709856,0.25122556565605025,0.23182829994025306,0.5517095685108989,0.18269230680380916,0.5561574561557506,0.3009602589632679
0.4469316424775542,0.06690518243437044,0.9764164127859962,0.9142975014330245,0.06870100207342554,0.9393939393939394,0.1555428306245558,0.04109535967619852,0.0388917821454393,0.11667576302497074,0.19863861640314434,0.1995036095837063,0.6935672514619884,0.19506172839506172,0.1946104376529509,0.16532596950414213,0.16587289610488323,0.1884456671251719,0.03365333286931414,0.19376691768919616,0.17867750978341082,0.45078476003857937,0.14423076739453894,0.509672531678392,0.2268797884292174
0.40927978379221186,0.05434536479326117,0.9686359759380913,0.8969893683619168,0.04938592385904072,0.9090909090909092,0.12270873681192325,0.16838672158544948,0.02193510176587216,0.09538334301642021,0.1708371293306202,0.17167707110279273,0.6526315789473685,0.17054263565891473,0.17002447214159697,0.1354304238203866,0.14606807323570917,0.1549747822099954,0.026240814876303198,0.159791065860877,0.14228689319762222,0.4175759517204471,0.11217948609354454,0.40986676225346386,0.21032047192325112
0.1359198575939088,0.020485183340126504,0.9191945525068789,0.8176687150977411,0.00798728497928764,0.3939393939393939,0.0502583067886765,0.025688084785046528,0.0020627635069665647,0.037353122116843857,0.07110239047195782,0.07070754040679988,0.3730994152046783,0.07189204708584553,0.07165215411758011,0.0539080321767319,0.06917579079781148,0.06281522237505731,0.00745626638450561,0.0655899620673946,0.05741744477451832,0.22572350531007887,0.04487179443741782,0.24961281787969164,0.09902419677235282
0.4408637916921118,0.08077834639131683,0.9775536627308019,0.9237576288437258,0.07702739281948502,0.8787878787878789,0.17636852955093346,0.016799163625189503,0.04296485202296004,0.14876307913980474,0.22362294636204488,0.22054885822454207,0.6771929824561403,0.22509331036462818,0.22460303909851465,0.17985352383239284,0.19009049328763677,0.20724438331040806,0.043304739944344084,0.21158551059648004,0.18714097903258872,0.45772574209272976,0.16987179366738575,0.5892428387661082,0.2609809288637495
0.48330301573483364,0.07268692541098683,0.9759824901359097,0.9131920251575675,0.0799027701870847,0.9696969696969697,0.155312660389305,0.029435298457925627,0.036186677115412444,0.11235636668434704,0.2202483218885213,0.21997729236659266,0.735672514619883,0.21963824289405684,0.2189402993568949,0.16976827950534276,0.18479493076513298,0.18661164603392938,0.03912235983698596,0.2090115060812944,0.18203904143618663,0.48461590823537004,0.14102564142052926,0.4675324692756252,0.2619993111127003
0.20980471135480688,0.02979937502830488,0.9484485312073464,0.8570205055426213,0.017781813048555542,0.5454545454545455,0.07494801697300753,0.00041332089398366174,0.008635761042873428,0.05414628456425057,0.10178642576015103,0.10192666131913525,0.45964912280701753,0.10008613264427217,0.09979511695407207,0.07996158002161124,0.09161885958305956,0.0921595598349381,0.012254926595753187,0.09661025214356228,0.08736208304044853,0.2839323058339453,0.06730769165612673,0.3119066310717941,0.1255755648600965
0.36821719527565194,0.05236779735217306,0.9687644972858639,0.8956296898621721,0.043762414741624574,0.787878787878788,0.11998108035406235,0.020326996300564604,0.02442818654206283,0.08792337887214496,0.16383362729207723,0.1622859534299764,0.6023391812865497,0.16503014642549527,0.1645324682715839,0.12966742706207227,0.1425301932692086,0.14626318202659327,0.025877254341770187,0.1531861350421797,0.135419579045692,0.38927039312033235,0.10897435703940664,0.41485195917403994,0.196474507108394
0.22762886062133755,0.029663511616321726,0.950593502173255,0.8603243238587899,0.01554949792270865,0.5454545454545455,0.07636467804179903,0.0304250625995196,0.009265840534503359,0.061785242231910405,0.09798347313830465,0.09614512735262319,0.43625730994152045,0.09830605799598047,0.09805930225940471,0.07852083083203266,0.09160526773916047,0.09536909674461257,0.01292814790803559,0.09261466744328974,0.08246409482784842,0.2711648658766249,0.07051282071026463,0.3797944610201013,0.11575204912743685
0.3609188830996713,0.0487900608366167,0.9627937232327944,0.8865901900109538,0.04287471777979113,0.8181818181818182,0.10999153800989704,0.006080755708229259,0.011599254084807989,0.07521645014937409,0.1594520127069041,0.1589689339424869,0.6233918128654972,0.1588860178007465,0.1583290649365432,0.11886180814023292,0.1369084697807078,0.13480055020632736,0.023348053143498956,0.15098819443787612,0.13031923009858004,0.3968287084433347,0.09615384698311145,0.35223577700761366,0.20556205157005009
0.6922183386822239,0.2671829476322026,0.9928182738379847,0.9675775624840119,0.43496129820766266,1.0,0.44179029320210134,0.0902644721620036,0.22229241138519845,0.32426461738089096,0.5621058563646655,0.5606615438865704,0.9134502923976608,0.5568762561010623,0.5555176142507542,0.47328610877656385,0.4723883873342837,0.4195323246217331,0.20217880300542032,0.5366126962848318,0.4924841193182629,0.745980573052029,0.40384615301688853,0.7601128089725271,0.6115562514852111
0.5566168158725622,0.12048065455972708,0.9859469727518712,0.9405737154665041,0.15280191736231688,1.0,0.24154737380819313,0.033754798335763996,0.10066808597443175,0.19091146749773874,0.3135028518242557,0.31298946381309994,0.8304093567251463,0.31151306345104796,0.31076774230265786,0.25369191979829514,0.25976276426593525,0.26639156350298027,0.07174559846695863,0.2983459517452923,0.2673652446733477,0.5793047572206197,0.22756410124122697,0.6353638002679194,0.3489011292172102
0.1740654600262464,0.023293027187778332,0.9402425859759477,0.8466176052102381,0.00970633884550649,0.48484848484848486,0.06312422017053505,0.006140894258580912,0.005703677765943269,0.055234624685661225,0.07693665688812289,0.0761558224154567,0.38128654970760234,0.0776916451335056,0.07754254168800866,0.06423340136871174,0.07429394035245261,0.08298945437872536,0.00883778745116935,0.07159386021924277,0.06535631950387433,0.2328200126709474,0.060897436627979126,0.37150439503235105,0.09674652689348602
0.03530787521276458,0.005827030780610782,0.7893837040208707,0.7102244504880346,0.0006209087508210422,0.18181818181818182,0.019286450378871972,0.10627861985297149,6.123465656489959e-05,0.019002567267910546,0.02024667889600761,0.01978974126472993,0.13216374269005848,0.020958943439563595,0.020943600250412614,0.018369552167126903,0.025708373891066092,0.027510316368638238,0.0012223933280653642,0.019124976612952246,0.019461527637436755,0.07767022707677822,0.019230768164571005,0.22949704348609118,0.03785883257632908
0.3978879461559451,0.055583231435774344,0.971379016771598,0.8959345865855521,0.0505527781912682,0.8484848484848485,0.12506732826491196,0.022094958826432493,0.02457268642513164,0.0878074793261861,0.17649756713883533,0.17640847389978417,0.6385964912280703,0.1772609819121447,0.17665471515565426,0.1320686757113699,0.15163964239647715,0.15176524530032093,0.027633273054447096,0.1635180488434654,0.14043972627352203,0.4138682738232137,0.10897435703940664,0.38427789273302637,0.2076147620191812
0.4844392760157479,0.08325407967634317,0.9781988982352673,0.9233036981999866,0.09276128206918807,0.9696969696969697,0.18233222652709655,0.00011955654664379221,0.045360378325824444,0.13480071661866858,0.2373229572879451,0.2382460871957623,0.7263157894736842,0.2375538329026701,0.23692447783279272,0.19702245167487092,0.19892874692357437,0.21228794131132506,0.04415561162624333,0.2240510376028772,0.2039585211900849,0.4889653025051987,0.16666666461324783,0.5254932746309624,0.28358797448230355
0.5829905279160116,0.14243014356233866,0.9866429235832056,0.9456642665783155,0.21348544390163252,1.0,0.2704592447656287,0.007636431922717583,0.09151932067154495,0.2012878856712338,0.36785608371375456,0.3685941029903551,0.9298245614035088,0.3648578811369509,0.363838142393717,0.2925921479169168,0.30288846796660346,0.29298486932599727,0.09036974654750654,0.3528952936977214,0.31799702136331087,0.6568064849656122,0.2499999984599359,0.6275304180191987,0.42148611358283933
0.36892272910359525,0.05642860377700285,0.9745295354173281,0.9112334092325606,0.04081200395922144,0.8181818181818182,0.14315974088282518,0.023453868355438456,0.03551421011617771,0.11685475654835537,0.15677894603673237,0.15718836098162076,0.5485380116959064,0.16032156187194946,0.16012179158841278,0.1524792892303998,0.13882083106546492,0.17514901421366347,0.025544104791689864,0.14458246042221473,0.14249635566772964,0.3595933727788311,0.13782051236639134,0.5327867413697901,0.1834065274161577
0.20028780063147228,0.027353833612608125,0.9375678053889821,0.8525546253615346,0.01423479698780948,0.5454545454545455,0.07136065247216254,0.042251460951069277,0.0028695979333011575,0.05182036041411963,0.09215577869219439,0.09160360067115395,0.4304093567251462,0.09198966408268733,0.09174207500995961,0.07551927002041062,0.08497599616995524,0.08895002292526363,0.010773020046393866,0.08654322594078391,0.07881037062055647,0.2649923837024484,0.06410256260198882,0.3160599473843179,0.13382645182845088
0.17906851344152386,0.024289358875654785,0.9320656166131488,0.8322017163196263,0.012035272670313608,0.48484848484848486,0.0604225274039183,0.024276020537342655,0.0029807424737020344,0.04013954553246917,0.08511309128219957,0.08479131064895007,0.4128654970760234,0.08458225667527992,0.08428660861647033,0.06459358866610637,0.07961571717825867,0.07336084364970197,0.009553865397551963,0.07924491237155555,0.07025562566037562,0.25233415537228726,0.05128204946556541,0.23185681530782215,0.11880455260589866
0.07126541325052298,0.014763824102169285,0.8686221190485964,0.7378428174058368,0.003997813012566839,0.21212121212121213,0.02980814259380104,0.04749343630679019,0.0004339210826450373,0.017375015355140383,0.05440835428833369,0.0540604426051003,0.3204678362573099,0.05455067470571346,0.05426555119230551,0.03061592027854484,0.05628677692963577,0.03209536909674461,0.005273635526963651,0.049761881048230504,0.037464459330246135,0.19022659963714547,0.02243589721870891,0.09525358219888241,0.08162614322191715
0.5130172940244013,0.09742916232658545,0.98161143397891,0.9304917054138058,0.11572930216151413,0.9696969696969697,0.2027013104382375,0.018117389563450662,0.05484061819815687,0.1567093255501727,0.2704584195562113,0.26946327059671477,0.7707602339181288,0.26896353718059146,0.2682545102726083,0.21383119221995436,0.22460820518574645,0.23062815222375055,0.05601478169604328,0.25970017420335145,0.2266768677716328,0.5274517188725792,0.18910256491208496,0.5861162197833374,0.309002841416689
0.14627028572171044,0.023549658077079844,0.9167187863024884,0.8112638264681176,0.010663455542962903,0.3939393939393939,0.05119104962481381,0.06187475307166652,0.0009284059727022306,0.03221424781008738,0.08445901596249376,0.08359199110294772,0.40584795321637424,0.08435256962388744,0.08397359285185818,0.05438828190659143,0.07929675137187697,0.05960568546538285,0.009344852899797487,0.07795757749101741,0.0625055784354267,0.2486584202549429,0.04166666538327991,0.17489113508115206,0.13266247108777263
0.3757318451723556,0.0485032380779856,0.9664095273445895,0.8935343373806283,0.039959046718550995,0.8484848484848485,0.11699842912856209,0.008683230689483769,0.017116598845041603,0.08466554799846446,0.15154765787309687,0.1523097073195305,0.5906432748538012,0.15228251507321275,0.15186955779409259,0.12858686516988832,0.13219377064913843,0.1471801925722146,0.022385093694248726,0.14127521680055785,0.13234650822846322,0.376867128171761,0.10576923106539696,0.40145690853011334,0.1891628741679119
0.33851461091693413,0.04575577796899295,0.9703120119979158,0.8952955226595057,0.03285547327691881,0.7575757575757576,0.11606080138794304,0.05390592401857211,0.03134794574426723,0.0908620211566874,0.1390644472028463,0.13907650457446438,0.5461988304093568,0.13987941429801895,0.1396050310170167,0.12258374354664425,0.1233168192023853,0.14213663457129755,0.02093575799214202,0.13045766078456034,0.12375299933954219,0.34802947408863466,0.10897435703940664,0.4563457674902241,0.15704778546817152
0.6231916635266297,0.18583095572362363,0.9900806910432917,0.9561439310824653,0.27788979713496703,1.0,0.3356101821672224,0.018164059295612954,0.14435549367222514,0.25159981659361697,0.4363535095552337,0.43649031438059704,0.8783625730994152,0.4339362618432386,0.43284389050139443,0.3635490455036619,0.3623884507960979,0.3429619440623567,0.1254165634942287,0.4180735430868028,0.37839881830064787,0.6657740279134663,0.310897435087915,0.6944363023843061,0.48619962473292283
0.5243675532398685,0.09374575426837553,0.9801749591722424,0.9237581413638225,0.13162505877050024,1.0,0.1877668519701666,0.014710221979426298,0.044134710975833755,0.13051850729813866,0.2806859658043968,0.28200865680085874,0.928654970760234,0.2774619580821131,0.2764782880883274,0.20482650978508823,0.2297931427465219,0.22054103622191656,0.053735907778231326,0.2657437650192485,0.23427962647639214,0.6118464794657752,0.16666666461324783,0.4673755711753504,0.34004385579051527
0.4114905863856659,0.06282928007487584,0.9756360613492953,0.9142323377280948,0.05253457628656785,0.8484848484848485,0.15158661960255043,0.03181866957785287,0.04016886570256597,0.11966931814251827,0.17996617078414281,0.18013043326629544,0.6222222222222222,0.17955785242606948,0.1792442092083547,0.16400528274702844,0.1547101936643716,0.1815680880330124,0.030802563123395146,0.16859210178791684,0.16431421678871144,0.4067296413755138,0.14423076739453894,0.5351170593817761,0.205561657522082
0.6661096890713719,0.23145087028063344,0.9925922977310941,0.9642991702383341,0.33115727063492173,1.0,0.3966660525462726,0.00832533703084725,0.23335990785720034,0.31435266508836696,0.487739004067228,0.4857166660854133,0.9005847953216375,0.48400803904679873,0.4830402367537421,0.42201945011405934,0.4098997049476879,0.39614855570839064,0.16456138797766093,0.469142784313819,0.4357335920614229,0.7024637141968281,0.37500000077003204,0.7662068104372144,0.5231523747073514
0.30048204981614546,0.044985885301088414,0.961351401463004,0.8718255088219148,0.035167277532112254,0.6666666666666667,0.09116918544164505,0.021538912801429933,0.012378053388676754,0.06856294851419883,0.15166521398745245,0.14932787730127914,0.5894736842105264,0.1524547803617571,0.15181264583689036,0.09484932164725658,0.13239143054257543,0.1118752865657955,0.02217824517903761,0.1400482395033338,0.10890538490378063,0.37636139050907863,0.08012820479255013,0.3208849168870983,0.18767781593429278
0.21391512804854282,0.03103724167081805,0.9437102592972171,0.8486577578372484,0.019006128049520857,0.5454545454545455,0.07174188191095889,0.026045812161977003,0.0035994154527954113,0.04819177495010433,0.10691198735552962,0.10642556275018115,0.47251461988304094,0.10714900947459087,0.10673837573274146,0.07611958218273503,0.0968893446511763,0.08574048601558917,0.013150768459565467,0.10129260144558672,0.08512029021082652,0.2940428760803333,0.060897436627979126,0.24993535609189121,0.15016717177071126
0.5004541143146707,0.08239361140044987,0.9801305139903866,0.9200840493350187,0.09950595880121768,0.9696969696969697,0.175527275953875,0.031115131679591557,0.05701852208523535,0.1275313979307407,0.24427035113214504,0.24467281245277317,0.7730994152046784,0.24306632213608956,0.24230265778840138,0.18645695761796133,0.20346188710819116,0.20541036221916548,0.04523988570444815,0.23078949193560974,0.20263712316689403,0.5154912936390899,0.15705128053096234,0.48601800380767246,0.28409997233110823
0.14428231747722933,0.019005781742976617,0.9286604875601687,0.8312666725457898,0.00742559819355664,0.4545454545454546,0.05542824193235914,0.017329269704049605,0.0035915557311436384,0.04221470521043454,0.06500163067006985,0.06497831924762558,0.3508771929824561,0.06448463967843812,0.06436742359569746,0.06015127866490575,0.06286596128138479,0.07198532783127005,0.006460208520462752,0.061625072669949335,0.06125464521134196,0.21069252120456913,0.05128204946556541,0.2951242732571092,0.08633376592358598
0.514003482192742,0.09708195582929519,0.9823715129878959,0.9298852729383781,0.1168751050746208,0.9696969696969697,0.20538616075566793,0.021757074399756295,0.06393871664808294,0.14987286377613612,0.26978002794730266,0.2689168923867428,0.7660818713450293,0.2710307206431237,0.2702748847532867,0.22163525033017167,0.225850099696051,0.23154516276937182,0.054712252868026036,0.2530260723155649,0.22835836700604203,0.5261283749166991,0.18589743585794705,0.5437108927669918,0.3153270999983571
0.2688044904694464,0.03500747248765907,0.9559832666343759,0.871698112100569,0.022314060929645427,0.6666666666666667,0.08719707728389302,0.005214982292106851,0.010423199752152019,0.06579226760374654,0.11411807037101235,0.11413879556542394,0.495906432748538,0.11449899511915015,0.11419384212623074,0.09316844759274823,0.10291552592244764,0.10912425492893169,0.014979368979752687,0.10766028725539482,0.09763269514595077,0.3096378989565135,0.08012820479255013,0.3673165255978129,0.1415010632516976
0.5183984512038252,0.0996180728529807,0.9837925839737433,0.9365127231484508,0.09922384653012323,0.9696969696969697,0.21954335997689298,0.013808199151386856,0.0782993279419864,0.18011570369431976,0.25132330724535057,0.2514250396221078,0.7251461988304094,0.25196669537754807,0.2516077627909624,0.23448193060391403,0.21283799039056123,0.25034387895460797,0.054151750431503644,0.23841453681991118,0.22896458874688375,0.49568884840943866,0.21153846213079386,0.6485752564120428,0.2809074676710943
0.5428556579135428,0.11288739942333531,0.9817482859644734,0.9366456710787856,0.15783413102482785,1.0,0.22975687385093352,0.028432952333907857,0.05913189517958785,0.16991319681812983,0.3099626958549763,0.3110403273619233,0.8853801169590644,0.30244042492104506,0.30163337317170347,0.24768879817505102,0.2514903096107231,0.2585969738651994,0.06641915143195755,0.30247538836565835,0.2731040008572521,0.6025788852129664,0.21153846213079386,0.5883824118134723,0.3638608048496185
0.1250938762782116,0.019700194737557176,0.9076333572613472,0.8281397238392948,0.007270094372946292,0.36363636363636365,0.051029860096063896,0.05674451902240546,0.0027243931440346283,0.047858703206797894,0.06723141796004406,0.06654382844499211,0.3532163742690058,0.06712604076945161,0.06698537362699905,0.05210709568975868,0.06602444224317257,0.0664832645575424,0.007271703786908508,0.06494918722001895,0.057585329583186816,0.213219814674458,0.05128204946556541,0.362517431399074,0.09129002073547651
0.32128555279809784,0.04066844798695711,0.9621462982658329,0.886305600288978,0.03065577193561973,0.7575757575757576,0.1053832161532178,0.01151184879095463,0.013054717729275958,0.07658989075817021,0.13042411387252512,0.1313516466909243,0.5508771929824562,0.12799310938845823,0.1277104319617552,0.11670068435586506,0.11366715505082856,0.13204951856946356,0.018063297314805313,0.1260834624262143,0.12576672110330994,0.34436810987096006,0.09615384698311145,0.4023043473511552,0.1610922582544227
0.22284799189220797,0.032169436770677656,0.9598946693422603,0.8796387151140908,0.01621342333965457,0.6060606060606061,0.08819524240441912,0.04982603607913944,0.01552126051960225,0.08039077608195327,0.09618817521857961,0.09592618856635783,0.4280701754385965,0.09905254091300603,0.09896989357464005,0.09388882218753752,0.08988212506203207,0.11600183402109124,0.012214367839637292,0.08918989904957848,0.08926028483953022,0.2673914972981261,0.08974358887483563,0.4668675494185072,0.11381499748610845
0.531690552603199,0.12108449194631886,0.9847916297660874,0.9420398624741309,0.13617904802690356,0.9696969696969697,0.24524824621340074,0.029759436930235732,0.08035455727421799,0.2141850879801511,0.2986551284779071,0.29816556422268986,0.7637426900584796,0.30123456790123454,0.3006658698992659,0.2625765398006964,0.25202586679999,0.27326914259513985,0.06966569769479028,0.2813552063628956,0.2621166547267266,0.5402750754511076,0.2371794853235125,0.6602008200210012,0.34152956316772903
0.2879617478528644,0.03656235375813294,0.9553157042548741,0.8688792272863214,0.024521555619514412,0.696969696969697,0.0865791274464264,0.007290676828622092,0.008534962689623365,0.061183308333326115,0.1223781330840366,0.12148390121791966,0.5169590643274854,0.12184898076370944,0.12145011666951228,0.09653019570176492,0.10853141857793906,0.10866574965612104,0.01618218813232161,0.11305389788709931,0.1030835795835518,0.32404654369113456,0.07692307573841223,0.31753567656680187,0.15581060121262197
0.40621857256084093,0.05561342330510394,0.9673443381562334,0.903196150577134,0.04754381470594056,0.9090909090909092,0.13173036442795802,0.01967799880188488,0.016822370598118825,0.1003412404920537,0.16824892322378132,0.16742229610598963,0.6491228070175439,0.1689922480620155,0.16857321723294066,0.14359466922799854,0.14500782810729393,0.1632278771205869,0.02637546564084868,0.15810657336944128,0.14841918114361485,0.41500932538962204,0.12179487017583004,0.4559219760077112,0.21644188994249394
0.4853182698179645,0.08492972842413539,0.9755292310961472,0.922003472767288,0.0971580350971247,0.9696969696969697,0.17648196354040852,0.021390201528993544,0.026877336390144085,0.1337993941242773,0.24843352986262116,0.24734076562699805,0.7567251461988305,0.24691358024691357,0.24617267087815153,0.18789770680753992,0.20610577601490482,0.20770288858321867,0.04715547720291281,0.23648958988512817,0.20079653446461665,0.5091397210715309,0.16346153863923815,0.5284538875978496,0.3108576160574552
0.11099814196432052,0.014009027368929547,0.9245542760916419,0.8020009665604835,0.00424283947465854,0.36363636363636365,0.04398855036506869,0.04590622199538934,0.0046316195104616174,0.031811884252672916,0.048974567297384114,0.04853272262974545,0.28888888888888886,0.04880849842090152,0.04871663536509021,0.04706447352623364,0.051029269793722964,0.055020632737276476,0.004499079042683543,0.04588650523895105,0.04715033967332864,0.17129546344575822,0.03846153632914201,0.22984469659904927,0.053200441345559166
0.2308031131842574,0.028078438476518273,0.9506226896328002,0.8677757819597839,0.014927835054275694,0.6363636363636365,0.08062157120317809,0.008920403829534202,0.007963466297674696,0.0653948623156779,0.09012734013477468,0.09146022482882087,0.4350877192982456,0.08957795004306632,0.08946559672187128,0.0901668867811262,0.08312506041915865,0.10591471801925723,0.010764016999489857,0.08556794888595642,0.08849510678594541,0.2661408253499038,0.07692307573841223,0.3890286175797235,0.11657310667859178
0.18294505151826204,0.023715713358392586,0.9379620507065145,0.8321496467025195,0.011225931626977981,0.48484848484848486,0.0585301189585005,0.012499950115488188,0.004446391918351464,0.04157496450808825,0.08281462690515251,0.08152272894603256,0.39999999999999997,0.0824002296870514,0.08212395424278641,0.06399327650378198,0.07843564638125507,0.07336084364970197,0.009625020744278632,0.07893767968699551,0.06811622585196564,0.24470136393567954,0.05128204946556541,0.2523787536002309,0.10445870671552523
0.41356301079739616,0.057590990746192054,0.9740600816096401,0.903308560526884,0.05094041346296892,0.8484848484848485,0.13500361094697327,0.07553922940179823,0.03477112312880077,0.10180764865108424,0.17644228044074917,0.17444577486892734,0.6187134502923977,0.17651449899511915,0.17602868362642995,0.14407491895785807,0.15214225308827808,0.16185236130215497,0.02900844213590535,0.16349741516750033,0.14972172201716952,0.40340510673408136,0.12179487017583004,0.4514502578901023,0.20281325659563404
0.0006522614762938036,0.00046797397460863793,0.0,0.18097123439008034,3.1722592578033388e-06,0.0,0.002318099138401656,0.060987584742700114,0.0,0.000762581825389342,0.0017859328623969124,0.001759260335654472,0.012865497076023392,0.0017800746482917024,0.001764270673268454,0.0028814983791571615,0.0038799633519502733,0.0,1.6927850368983782e-05,0.0017688369040978714,0.002401896579493577,0.0074287390819587976,0.0,0.029630301506157752,0.001667643278019901
0.7632329820822993,0.3669066920278369,0.9940041957456731,0.9762706272368076,0.6195623233427562,1.0,0.5390763616881122,0.2170553815633052,0.2455472880129792,0.4054725162510378,0.690939964232053,0.6929005707908534,0.9777777777777779,0.6834338214183175,0.6818337032610553,0.5913074798895426,0.5927134103341889,0.509399358092618,0.3077682049975742,0.6695077052725131,0.621699482424408,0.8428533138669573,0.5032051290541378,0.8137234521898676,0.7542132361879839
0.5945428322700518,0.15175943118518181,0.9880991196735545,0.9523172417748722,0.16792922426430776,1.0,0.296298026009338,0.04382420875404452,0.13620234551867644,0.23929376394745674,0.34090205217979924,0.34148056869834115,0.8011695906432749,0.3421188630490956,0.3416424790848558,0.32476887981750513,0.28802303213265357,0.31361760660247595,0.09181396181219276,0.32847767917234405,0.3158643662294204,0.5800121637667104,0.28846153786920614,0.7213907126406546,0.375209845578707
0.36221041279575905,0.04963543317784521,0.966558843044409,0.895610774832694,0.041611531238678154,0.8181818181818182,0.11990599877071353,0.004311518355948384,0.018463654511885537,0.08946701207623686,0.1538119480058589,0.15436928191953128,0.591812865497076,0.15463680734998564,0.1542314040179842,0.13050786408932644,0.13395725677071027,0.1476386978450252,0.023111700242888777,0.14564081443425206,0.13335931958328537,0.37865548107032465,0.10897435703940664,0.4130978109264018,0.19478606917941632
0.1357379520029105,0.019383180109596485,0.9184833550365692,0.8103805689133882,0.006392273613409519,0.3939393939393939,0.047467392230855665,0.01400712749904776,0.0017702332742745323,0.03640634058525676,0.06661866390205794,0.06433312795712674,0.3555555555555555,0.06850416307780649,0.06826589266404873,0.04910553487813663,0.06693688232056773,0.05960568546538285,0.007231409355042721,0.06048601511811944,0.05028305769275962,0.21510580103417604,0.04166666538327991,0.24092467172780435,0.09285007412459191
0.16338565284617285,0.02382138490104615,0.9472378178938962,0.8515940915003744,0.010102022354854611,0.48484848484848486,0.06544734914457057,0.053855873225053634,0.007015049816493897,0.05730680940201909,0.07689246038950423,0.07722339118742323,0.38011695906432746,0.07855297157622738,0.07842467702464288,0.06807539920758796,0.07374010277207944,0.08619899128839982,0.008505323036342506,0.07226761176288518,0.06772477302569094,0.23266407860957466,0.06410256260198882,0.3797740421786049,0.09431867610813846
0.33334589348128324,0.04394426580921758,0.9673981316275693,0.8951892469029091,0.02939238650612411,0.7575757575757576,0.11415750607670688,0.0217511991128095,0.030304171318979438,0.09042668510812313,0.1319744416084568,0.1323669026555531,0.5251461988304094,0.1329888027562446,0.13277559615275172,0.12318405570896866,0.11798099790146414,0.14351215038972948,0.019702733237558778,0.12471579150120758,0.12071627136247462,0.33385403226265653,0.10897435703940664,0.4641627570081541,0.1535420729238457
0.011729662305263568,0.004181573902148152,0.650240623792354,0.5464464950517214,0.0003169788830554654,0.06060606060606061,0.010059086832847909,0.11956092539538464,1.3549973333144357e-05,0.005515082993371664,0.016083828764034237,0.016081344477898808,0.10175438596491229,0.015733563020384728,0.01565078823060725,0.01104574378676912,0.020114071495560777,0.009170105456212746,0.0007068156746393505,0.015073447768158813,0.012829487438438798,0.059594633164922584,0.006410255028147598,0.047956771109541885,0.029425834615383412
0.5118381559970375,0.09207010552058331,0.9818642650070672,0.9298290951715331,0.10266759066439428,0.9696969696969697,0.2017745442004852,0.016722286049763013,0.061784148640253576,0.14970837319058808,0.25199635912858964,0.2523647326428043,0.7543859649122807,0.25196669537754807,0.25138011496215357,0.22295593708728537,0.21131966474977923,0.23016964695093994,0.050576674810307115,0.24065553605868334,0.22478115358595094,0.5105185728939644,0.18589743585794705,0.5634379201735122,0.29069461188868057
0.50000389797695,0.0846127137961747,0.9776895293071056,0.9162708859047579,0.11101776975790519,0.9696969696969697,0.1712339036215107,0.0126482179700418,0.034034526463475635,0.11555432645567662,0.2631162146109681,0.2610854713771444,0.8046783625730994,0.2597760551248923,0.25877866939844063,0.18321527194140952,0.2154551450449653,0.20128381476386975,0.04877192506770738,0.24721527698982196,0.20624648435506432,0.5399901445139843,0.14743589644867686,0.43907225801701205,0.315373334601316
0.33973077972532256,0.04380840239723442,0.9685409978006098,0.8887682807978154,0.03179709523846806,0.787878787878788,0.10835642294019103,0.023112325731229344,0.023524052572907385,0.10137826252573498,0.13609383458844268,0.13622061279610018,0.5391812865497077,0.13631926500143554,0.13601957771327758,0.11658062192340017,0.1201170085199559,0.13984410820724436,0.019774704523282526,0.12820690667190768,0.11864589886149425,0.34266301953388123,0.10256410201125904,0.44758431274278,0.15633045193982792
0.3645440016631369,0.0632368703108253,0.9753880314204452,0.9132719783627355,0.05109229617142401,0.7575757575757576,0.14568290129670305,0.01232319266196614,0.053527827791952615,0.12810482178058644,0.1801285805941225,0.17925661563261686,0.624561403508772,0.1811082400229687,0.18078083205281434,0.14707647976948013,0.15593181431368472,0.17744154057771666,0.03179255674476728,0.1729057171511641,0.1525549863611753,0.4087030788894442,0.14423076739453894,0.5671259811403903,0.19911296908209802
0.528946376830425,0.10564135078423381,0.9848230207941917,0.9341961965383119,0.12653482250978407,0.9696969696969697,0.21755238385492753,0.08005571767406036,0.08242246138700515,0.17402149484135462,0.28665462900818295,0.28448673385956147,0.8093567251461988,0.28607522250933104,0.2853280974332708,0.22451674870932883,0.238879668962253,0.24484181568088031,0.06175630924387734,0.2693903776472413,0.23745391976630656,0.5557137555112605,0.20192307496838016,0.5990519979323147,0.3182035006156347
0.16702571365461327,0.020258744320154582,0.9465401672819675,0.8418463633690678,0.00788653089545035,0.4545454545454546,0.060120936908548764,0.06430174542581198,0.011854486341801336,0.05217847141762252,0.06664429458527173,0.06607107566756955,0.34970760233918124,0.06724088429514785,0.06715610949860566,0.06123184055708969,0.06714789487638007,0.07840440165061899,0.007690284940220941,0.06396493745998111,0.06124184301588358,0.21149854882399213,0.05769230757384122,0.371128789658111,0.07148089757123034
0.36404765926484156,0.045740682034328156,0.9704930804455987,0.8929895722468753,0.03593997486541756,0.8181818181818182,0.11422015510350012,0.032180387715728336,0.029093634621236056,0.08981619819491726,0.14341525567838748,0.14386990773570796,0.5695906432748539,0.14177433247200688,0.14145466962608846,0.12330411814143355,0.1248051265451158,0.14167812929848694,0.02108584191727436,0.13680535126566548,0.13024372667719222,0.36085521464617343,0.10576923106539696,0.43669894132943377,0.16004542552699436
0.10370437742811481,0.013873163956946395,0.9169476329932039,0.7922034871184324,0.004028875237462128,0.33333333333333337,0.040418061285247116,0.035836811577108815,0.003696949684541886,0.030655739797957972,0.048160135908340736,0.047618217257026384,0.28771929824561404,0.048980763709445874,0.04885891525809573,0.041661664065313964,0.05156145561503284,0.0504355800091701,0.004541669892103498,0.044823140421334236,0.04340277151720778,0.17078972527530603,0.035256410355132314,0.21347850697594384,0.055626417812831605
0.39182139469615274,0.05419440544661323,0.9699977410046887,0.8976211189867375,0.0481577456269301,0.8484848484848485,0.12298820646554674,0.03691742095743676,0.024070354476414754,0.09047490427751137,0.17101851570413318,0.1696504341963009,0.6292397660818714,0.16996841803043353,0.1694553525695749,0.13194861327890503,0.14618825458461304,0.15084823475469966,0.027011336560974358,0.16308455418839754,0.1411331578703654,0.4054206688270732,0.11217948609354454,0.4345235751821516,0.20435367332376592
0.473479464158102,0.07431728635478467,0.9770982897967381,0.9156879009346811,0.07814146774048462,0.9393939393939394,0.1578563698665843,0.05310283880562732,0.041641476851837,0.1266143660152286,0.21988719213400904,0.21815603166668604,0.6947368421052632,0.22061441286247488,0.21996471458653466,0.16784728058590467,0.18615288716563907,0.1902796882164145,0.03997133736970942,0.2059609393955524,0.18162583305962307,0.46434984992209793,0.14743589644867686,0.49788481309059124,0.2558172551630962
0.2532853449059938,0.033497879021179594,0.9565161866423294,0.8747661829104144,0.019066332131017487,0.6363636363636365,0.08768654565501713,0.019762192772377195,0.010166563392721997,0.06926826232864378,0.1063758788983078,0.10486780359834615,0.45497076023391814,0.10726385300028711,0.10705139149735361,0.09328851002521311,0.09740594366459558,0.11233379183860613,0.01413189801830258,0.10043580492667048,0.09269434113474283,0.28520334188828217,0.08333333384668803,0.4063646073423399,0.13189141023522194
0.2346016917219963,0.029693703485651313,0.9547756969578278,0.8715733181698042,0.015149384015241562,0.6666666666666667,0.08369874507677075,0.015042619109803127,0.010189488287729944,0.06645407260468178,0.0919849896203948,0.09201822810709014,0.4292397660818713,0.09428653459661211,0.09416083319105345,0.09160763597070477,0.08583296352358095,0.1118752865657955,0.010950296852795081,0.08511462431916701,0.08538923902105607,0.26556520841322856,0.08012820479255013,0.3904794740466849,0.11567816569826263
0.47094707846627604,0.08785833974910558,0.9832943457368821,0.9295957424273629,0.08632440717484101,0.9090909090909092,0.1975629829671899,0.03797785482409834,0.08039569479000783,0.15511772109015984,0.23449167043870364,0.23180579935907122,0.6865497076023392,0.23594602354292277,0.23550167890273752,0.20410613519029894,0.1991618805123506,0.21916552040348464,0.04746610979714407,0.2227277929255055,0.2046567246770265,0.46798066772671587,0.18589743585794705,0.6044363038665965,0.25845571982654747
0.4138508114288684,0.06344821339613244,0.9734814771014368,0.9141876483723494,0.05658254007970624,0.8787878787878789,0.1505966318599541,0.01828045648984196,0.03203090687942411,0.11803755170080416,0.18156882783163597,0.18136075299442384,0.6280701754385966,0.18191214470284237,0.18157759945364524,0.16580621923400168,0.1557495671232464,0.18294360385144426,0.031122500598855445,0.17451406064758862,0.16509977865218503,0.41089075055719576,0.14423076739453894,0.5279287599768222,0.21739441432244344
0.21398853994776712,0.027610464501909637,0.9627480387325447,0.8738799522345578,0.01203591833253952,0.5757575757575758,0.0850465033395556,0.09731182342745173,0.021126587356933835,0.07592089626668352,0.08273830990289092,0.08171648008432049,0.3894736842105263,0.08486936548952052,0.08485572818849242,0.08608476407732021,0.07969915081564533,0.1095827602017423,0.010303043273583322,0.07828043323125053,0.0809139635847722,0.24061612774220506,0.08333333384668803,0.46873304626753554,0.08992905463551197
0.5683900055871003,0.12266956508612231,0.9859501939721199,0.9386965742939875,0.18158611451987888,1.0,0.23937380653657406,0.04220639860873204,0.08873773661780668,0.17605116239807195,0.33647073707108655,0.3354878459910952,0.8842105263157896,0.3318977892621303,0.33088611917363847,0.2571737303397767,0.2752040361549991,0.26501604768454834,0.07660428720266953,0.324895847067233,0.2823052838500391,0.6169398204089659,0.21794871715894149,0.5833597806419422,0.3789598619996138
0.49156607720593015,0.08500520809745936,0.9814144327330434,0.9261400952446371,0.09032333337594,0.9393939393939394,0.18916399045044147,0.142367015651321,0.06707410680616753,0.15294166063100673,0.23679596743917436,0.23502400576603388,0.7309941520467836,0.2349124318116566,0.23439189573729446,0.19954376275663344,0.19826686818937533,0.21366345712975698,0.04656022388849299,0.22690167151099494,0.20627694488209977,0.4899971424444478,0.17628205177566156,0.581015522097627,0.26226502553855807
0.2414432909320063,0.03142973597210271,0.9447015004064062,0.852851172986425,0.018327538157979932,0.5757575757575758,0.07229210288475092,0.0004232977963461479,0.004972747376299185,0.05151741015708914,0.10848901371980899,0.10711337929110333,0.47719298245614034,0.10749354005167958,0.10710830345455583,0.07780045623724337,0.09839438258170587,0.09032553874369555,0.014157338658548596,0.1022634004857449,0.08499014895547434,0.29659053365633675,0.06410256260198882,0.2967706035555923,0.14144484059519716
0.5454543092135181,0.11507630994973055,0.98548573169559,0.9370390230874834,0.14822582532963044,0.9696969696969697,0.23547755099590004,0.009839664527766606,0.09236736777130646,0.1729497649222525,0.31124924114283276,0.30969763197358785,0.8105263157894738,0.3107665805340224,0.30988560696602363,0.2490094849321647,0.2584432185173062,0.25584594222833557,0.0692008685618015,0.29184643677947564,0.25846085675230424,0.5688415906392572,0.21153846213079386,0.585520386912145,0.34940633927371895
0.6577160453724517,0.21172048367374666,0.9916207668222511,0.9599371271474263,0.35164189892234093,1.0,0.36547025467980687,0.02071831258211545,0.17869415675319847,0.27794000270969427,0.4896823356124378,0.48823930590592224,0.9380116959064329,0.4857881136950904,0.4844630356837973,0.391883779565374,0.40713303893131714,0.3700137551581843,0.15248638219730912,0.4685067383220045,0.4216442798537849,0.722349421987964,0.3365384613607618,0.7046973050862962,0.5419657955174328
0.5296752985200681,0.11285720755400572,0.981701570714047,0.9352247363536783,0.15053784320165647,0.9696969696969697,0.22263581068090132,0.010713530320249697,0.056425392327536954,0.163441911581414,0.3121928117434533,0.31289258824395594,0.7894736842105263,0.3098478323284525,0.3089181036935861,0.24612798655300755,0.25667660863440067,0.24805135259055477,0.06800403860454048,0.2981973067295834,0.2594458996201866,0.5576977835790178,0.20512820402251805,0.5720493694708548,0.37169164265520355
0.5804282577342359,0.13539543800854428,0.9867123163450923,0.943805785944714,0.20590600119386382,1.0,0.2641880361318768,0.024600602427535537,0.08956909299591616,0.18813595227467428,0.3577143838244101,0.35906348449797143,0.9157894736842106,0.3513637668676428,0.3503784645153948,0.2895905871052948,0.29162982920682723,0.2888583218707015,0.08429302511346892,0.34656573148659703,0.3139087079411201,0.6428378872124083,0.24038461437765038,0.6048731902756388,0.4048061264630705
0.20116419578238895,0.023474178403755867,0.9467145151981962,0.8528393348829368,0.010671319681503052,0.5757575757575758,0.07022974019915956,0.010317114733046915,0.00669242777118118,0.05229226369910942,0.07628110287515474,0.07680488872872128,0.37894736842105264,0.07723227103072064,0.07711570200899209,0.0776803938047785,0.07335718485640827,0.09032553874369555,0.00844923358376922,0.07070865810970701,0.07276690874616623,0.23140043162074536,0.06410256260198882,0.32015519351304733,0.09509153016136751
0.42436430492574356,0.06047431426716785,0.9704737380104672,0.9035857922725044,0.0609027380462777,0.9090909090909092,0.13744438959537073,0.004051010349816802,0.020321983510949375,0.09598106238606055,0.18832892052927358,0.18976955239612034,0.6690058479532164,0.18748205569910995,0.18689886745205173,0.1498379157161724,0.1592755484003581,0.16735442457588262,0.029939604413623894,0.17754365675364087,0.16133851879483482,0.4344799471450679,0.12179487017583004,0.41207584350348603,0.23597083413483314
0.4179599287969544,0.06255755325090953,0.9768197192338687,0.9143492159967272,0.051762998206841236,0.9090909090909092,0.1520621716844493,0.027427834848122723,0.040455219653485655,0.13958643819126798,0.17333546374695943,0.1744050871298869,0.6128654970760234,0.17588285960378983,0.1756302999260145,0.16520590707167726,0.15093922476627333,0.18752865657955065,0.029280060050833487,0.162339044068167,0.15891193625724095,0.4001185080789829,0.14743589644867686,0.5444645703034053,0.20002149710534245
0.5957797902888401,0.155865525414006,0.9875572725428596,0.9492085872011495,0.23100753170263325,1.0,0.2913000121838909,0.04493114607116236,0.11280391722141077,0.22278272702582802,0.3891710363421729,0.3899164157589426,0.9052631578947369,0.38788400803904677,0.38683057310340907,0.3071197022451675,0.32257933758615837,0.31224209078404397,0.10128009190646153,0.37012045155480927,0.32660542295150924,0.6560388025949475,0.2692307697046351,0.6542326959375462,0.44253858036238997
0.2732871639619038,0.0366680253007865,0.9569151050970259,0.8747762127748848,0.025014276111456426,0.6666666666666667,0.09145845062951156,0.01003898086607494,0.011026972770004077,0.06881656399123826,0.12010833892635368,0.12001526758969709,0.5064327485380118,0.11932242319839219,0.11900290250981733,0.09773082002641374,0.10674535335530036,0.11370930765703806,0.015999855582834108,0.11495310871249176,0.10295246865509695,0.31742522808766144,0.08333333384668803,0.37404714859605925,0.146921809650742
0.25810194509049805,0.03321105626254849,0.950738728122374,0.8649486710700902,0.020471811780239,0.6363636363636365,0.08288438852757596,0.012288273503697439,0.006756518782585166,0.05996580529545647,0.11052205265626708,0.10960501892948621,0.47602339181286546,0.11047947171978179,0.11015309316487396,0.0875255132668988,0.10010921342073943,0.10270518110958275,0.014318612916513694,0.10455849816948799,0.09257725136712176,0.2975131624761963,0.07371794668427432,0.3341846229968901,0.14160154763536412
0.7194535036316152,0.32779312531135363,0.9941051326872057,0.9748962620071427,0.4225992192232367,1.0,0.5023669465527438,0.28847376229874927,0.3015162635604365,0.42007685069572587,0.5714226097128788,0.5726915520628684,0.8760233918128656,0.5703703703703703,0.5696602356155029,0.539080321767319,0.49537006622458984,0.5006877579092159,0.24568631725945375,0.5570849347959925,0.5341624484227391,0.7338488557530891,0.49038461591771454,0.8497551839320826,0.6097844353731583
0.19982589036290166,0.02125507600803104,0.9433972225845044,0.8478685047095063,0.008382227701912137,0.5757575757575758,0.06493329827608188,0.01511107174545685,0.00634605697825439,0.05154765560009874,0.06875118603522083,0.06911684356145592,0.36608187134502923,0.06993970714900948,0.06985942746571056,0.07011646055949095,0.06814866884493728,0.08711600183402109,0.007639447061414889,0.06336493799437071,0.064853858481117,0.2211732601739208,0.060897436627979126,0.33803169461959515,0.08491956676736398
0.4241219806920209,0.06402185891339462,0.9759626197309907,0.9100232658555722,0.05933111059830134,0.8787878787878789,0.14637974694311404,0.0382095406678494,0.03798086588618166,0.1097346817677371,0.19264317242138485,0.19253244362810631,0.6631578947368422,0.19167384438702267,0.19116726424221733,0.15488053787969744,0.16331619502676062,0.17606602475928473,0.03270742368501823,0.18189073420242027,0.1604360872019691,0.4336419772535255,0.13461538331225342,0.48858845986090116,0.2193662517114727
0.3794004911450957,0.05494920217985297,0.9743467933860253,0.9107636826542671,0.03789761847659979,0.8181818181818182,0.1368041018817578,0.03470609597602705,0.04205486096265657,0.11896846677048459,0.15402898731691927,0.15289677326854295,0.5672514619883041,0.15469422911283376,0.15454441978259637,0.1445551686877176,0.1353962936326158,0.1682714351215039,0.026106989602512214,0.14622231511884445,0.139397850182264,0.3662276634229112,0.13782051236639134,0.5753096525278781,0.17113456996864734
0.6090770889908138,0.17082559666681763,0.9893821295827221,0.9546395704054348,0.23315695465601713,1.0,0.32078642718572087,0.006906566087666376,0.128718875529176,0.24199688843807202,0.3974375067260006,0.39987134924417683,0.8865497076023392,0.39339649727246623,0.39257868078083213,0.3551446752311202,0.3293050767124391,0.32920678587803753,0.10911987788632545,0.3831908480842046,0.3634264907114357,0.6493462113506491,0.30128205100562955,0.7007617296411093,0.43850367645947325
0.5329768849966867,0.1137629636338934,0.9855027305091077,0.9406540246360985,0.13058565554834542,0.9696969696969697,0.24142290802174768,0.026425322442398907,0.09460866303385333,0.18816805706868853,0.2867255241351493,0.28850706997903613,0.7777777777777778,0.2859603789836348,0.2854419213476752,0.25885460439428504,0.23986588120437974,0.26226501604768454,0.06427340628975041,0.27533690383575454,0.25972180442320913,0.539639352792727,0.22756410124122697,0.644584269568447,0.3196981353176753
0.39950625625300473,0.053364129040049516,0.9679641363987658,0.8996977798494914,0.047673517672186055,0.8787878787878789,0.12810573993954583,0.005165097780294421,0.023967847363127594,0.09173765152316177,0.16646446905464674,0.16655816602922544,0.6409356725146199,0.16474303761125467,0.16430482044277506,0.14071317084884138,0.1420095807956314,0.15405777166437412,0.025623846738977454,0.15981600504249246,0.14572373892920631,0.40869987740112473,0.11538461514768243,0.43213055978941706,0.20806575989764844
0.39445837610280265,0.05126579412164304,0.9666369442850601,0.8957886891396182,0.04865612761120647,0.8787878787878789,0.12119957959487368,0.0010967387058139623,0.015262809933917695,0.08468662064318425,0.16376577170126122,0.1653104086986511,0.6456140350877193,0.16083835773758254,0.1603778953958227,0.13519029895545684,0.13883880180303163,0.15176524530032093,0.024405365691619267,0.1592728226362062,0.1472790438835504,0.409090410230203,0.10897435703940664,0.3953791422299186,0.20795452911310847
0.2405701440952146,0.028048246607188684,0.946429420581179,0.8530010368130185,0.016257976509707506,0.6060606060606061,0.07234701512431684,0.007429632907637386,0.007741540281633418,0.05103298724200111,0.09579985393796553,0.09584675059965977,0.44912280701754387,0.09463106517370083,0.09436002504126118,0.07852083083203266,0.08832954591275766,0.09170105456212746,0.011697853837318698,0.0909882766922311,0.08508540891254138,0.2758243226399422,0.06410256260198882,0.2929309229594257,0.11807810992581602
0.5741992905681951,0.12851169180139788,0.9850676763512517,0.9403198420511717,0.1971607028318395,1.0,0.2512679909647064,0.010988172271394802,0.07065388821074849,0.17529006805348638,0.3533756513438447,0.35234031999938004,0.9508771929824562,0.34613838644846395,0.3450571965169883,0.27626365710169287,0.28647071353892417,0.2796882164144887,0.08048935184916522,0.33839015959258395,0.3073556524369219,0.6579808756787422,0.22435897526721726,0.5714679556666749,0.40903372428737483
0.18771617530501672,0.02658394094470359,0.9335052934961225,0.8407893478011746,0.013739863133519546,0.48484848484848486,0.0625917471033021,0.009281290558879465,0.005738719646692034,0.05318983440743911,0.09220441127060004,0.0903209681356878,0.4222222222222222,0.0913006029285099,0.0910022195663309,0.06519390082843078,0.08537567239739874,0.07977991746905089,0.011176294355744323,0.08880476915083138,0.07424757903983825,0.2604902568595665,0.05769230757384122,0.32531129034201006,0.1133034782509245
0.12347231786702702,0.017541476080491523,0.9099113262348862,0.8152718566826088,0.005230356466146923,0.36363636363636365,0.045534219000284835,0.035364128114068354,0.002335105838316644,0.04349406265839347,0.05934875062741777,0.05748208770726528,0.3286549707602339,0.06069480333046224,0.06055432246314951,0.04442310001200624,0.061252241889455446,0.061439706556625395,0.006430558031575697,0.05506233125110982,0.0477337206865312,0.19749800829089909,0.04487179443741782,0.33928356527732406,0.07915183194863891
0.4456115276171667,0.06788641818758209,0.9762326319439093,0.9098740003253246,0.06902714476321688,0.9090909090909092,0.14537063481034146,0.06039551101472191,0.03992832556648298,0.11263564120525119,0.20888226397796417,0.20768765766498878,0.7146198830409357,0.20637381567614124,0.2057367252859826,0.1530796013927242,0.17479195395855862,0.17606602475928473,0.036042222214681355,0.19718442517830229,0.1716710477873768,0.46720477878123445,0.13461538331225342,0.4786806005819894,0.23746035702607216
0.28178735236412306,0.03766435698866295,0.9600855163143455,0.8809762984509426,0.025532585590748752,0.696969696969697,0.09807920638988146,0.005209439568572136,0.013329147507187862,0.07225809874418196,0.12082476581195457,0.12130177514792899,0.5076023391812866,0.1199540625897215,0.11968584599624382,0.1072157521911394,0.10697413465380243,0.12150389729481888,0.015980876018599526,0.11378699528060612,0.11124556270447883,0.31833907045964155,0.08974358887483563,0.3858565751511064,0.14697070323021535
0.5682009537050271,0.1567259936898993,0.9879396818659404,0.9520327455728347,0.19839753169302782,0.9696969696969697,0.29140588257886535,0.10891518258396451,0.12355049849623584,0.2478829739352458,0.36127294130984294,0.361014558460531,0.808187134502924,0.3610106230261269,0.36036651300438227,0.31264257413855207,0.3027087309993302,0.3149931224209078,0.09858461088485794,0.34855440580864755,0.3169208669164889,0.593161759367654,0.28846153786920614,0.7221297843648136,0.40056168856176494
0.37319880981770465,0.054677475355886664,0.9686667311857837,0.8974275228683161,0.0445990721501188,0.787878787878788,0.12104534821073641,0.01782944507582224,0.022673610799908685,0.09397308725773124,0.16902030820896563,0.16722466994493593,0.608187134502924,0.17180591444157334,0.17127653520004554,0.12846680273742345,0.14795361859034326,0.14672168729940394,0.027277581745394526,0.1538870218072481,0.13380709277297934,0.3956760782031517,0.11217948609354454,0.42872988399363376,0.20532505632841733
0.3239615139742474,0.04148362845885603,0.960569707935164,0.8758073358989714,0.03557590844816205,0.787878787878788,0.09910210437384243,0.004261633844135954,0.01169946967402995,0.0643253636177814,0.14032018638107074,0.14028357416599824,0.5976608187134503,0.13763996554694227,0.13715781685732176,0.10793612678592869,0.12027757211856521,0.1192113709307657,0.018467519688238006,0.13417010049014952,0.1264299501501849,0.37299292565932785,0.08333333384668803,0.29347401663990913,0.17775826724203014
0.19734547769707525,0.02670470842202195,0.9406981705009569,0.8429354051884881,0.013522399318861782,0.5151515151515151,0.06498264443475114,0.0009193715527030976,0.005923188888122149,0.04715029047401179,0.09259380049634804,0.09123353599702398,0.43157894736842106,0.09175997703129486,0.09145751522394857,0.07059671028935047,0.08543042396583998,0.0811554332874828,0.010957220829225303,0.08575094332247693,0.07729264202844877,0.2654689713189065,0.05769230757384122,0.28637915580046197,0.11587179360747572
0.5297571560360173,0.09108886976737166,0.9824017946749013,0.9279274513546985,0.11057147632714391,1.0,0.19619230130640425,0.0373048573325133,0.06282701108458617,0.1436207340445062,0.2572261685989628,0.2578323897652899,0.8596491228070176,0.25483778351995406,0.25416880086506183,0.21347100492255972,0.21354476170798856,0.2251260889500229,0.05028261307744836,0.24515530175122116,0.23086413278619392,0.565363096653038,0.17948717774967127,0.5384580904979418,0.2929285391615952
0.4131868560217248,0.06243678577359117,0.971164619727297,0.9051467651338378,0.06544287964880321,0.9090909090909092,0.13959765998379306,0.002127685283270863,0.022388042767767284,0.0982508341358499,0.19615005779226166,0.1975990358943359,0.7029239766081872,0.19270743611828883,0.19210631153605376,0.15271941409532955,0.16288716496355873,0.16781292984869328,0.030862185592339806,0.18485427826633705,0.1697338483788152,0.4543351080153774,0.12499999922996795,0.42734009263728834,0.24094755620164957
0.5325844886503904,0.10349772806183295,0.983652945033157,0.9351114347934558,0.1256678184010025,1.0,0.21958991476157266,0.02326874138937899,0.0743958182234899,0.16846451447201066,0.2779072547155939,0.2786025117897568,0.9040935672514621,0.27424633936261844,0.273632690228217,0.23604274222595747,0.2293906245212993,0.25080238422741863,0.05769256100669613,0.26671124632762006,0.2565362718843548,0.5977570924271769,0.20512820402251805,0.6011349391906078,0.31213675972413824
0.4406974780089134,0.06512386214392465,0.975084814542748,0.9098624338115863,0.06476891829213505,0.9090909090909092,0.14551995230376658,0.04058055151429424,0.04033674173540464,0.11019257794182488,0.1985370794657974,0.19789547513591643,0.7017543859649124,0.1958656330749354,0.19532183711797851,0.15560091247448674,0.16660823299246413,0.17606602475928473,0.03367448922282477,0.18870028403818612,0.1707479960667993,0.4553451879894493,0.13461538331225342,0.48703978273460935,0.22502746963525533
0.41151527357301565,0.057953293178147125,0.9737422841006573,0.9092572725625967,0.04967323503400744,0.9090909090909092,0.1392672245658755,0.02786587628907121,0.037206446848317365,0.11766022740358617,0.16986850309416562,0.17109000515378028,0.632748538011696,0.16859029572207865,0.1682886574469296,0.15199903950054028,0.14525590973199612,0.1746905089408528,0.027253755642424462,0.16056362028389135,0.15746360307422766,0.40650062756736827,0.13461538331225342,0.5172396303848061,0.19416894993032316
0.5652313449319802,0.11885029361592923,0.9855299330440704,0.9378992878771242,0.17143580262714397,1.0,0.24045149356862164,0.031092628222040616,0.08657906990564372,0.16900632935477672,0.3256154855330402,0.3260269779084952,0.8549707602339182,0.32127476313522824,0.32032895111262877,0.2586144795293553,0.26657673946091553,0.2631820265933058,0.07175375079667187,0.3108841683019496,0.2796773397160466,0.5967172835493575,0.2147435881048036,0.5722837866883189,0.36542860896053564
0.04527890025076985,0.00845372341228507,0.8572558151849335,0.735966536763918,0.0016435217585794811,0.21212121212121213,0.026421678757383174,0.041970888285742025,0.00038863077367031374,0.018320805232858305,0.031141937301762682,0.031162933082231857,0.19766081871345031,0.03054837783519954,0.030476353081782485,0.028214671629247207,0.033722757081699445,0.03209536909674461,0.0020125941003340158,0.030351823898092288,0.030115749939796366,0.11575691592031612,0.02243589721870891,0.1671985295660956,0.04548746803195079
0.5300443070046645,0.10565644671889861,0.9807930999523695,0.9351938970590306,0.13605534240727019,1.0,0.21543884525487153,9.849419721187703e-05,0.05671396827760866,0.1677818847398229,0.2851700209727994,0.2868621228149716,0.9976608187134504,0.2824576514498995,0.2817711001081328,0.23856405330772001,0.23559841064179035,0.2521779000458505,0.05948669685852258,0.2758601965910849,0.2655089190183712,0.6493807082124172,0.20512820402251805,0.5882865782402344,0.34497782330312426
0.4346757532840456,0.06962245067403348,0.9739387110282438,0.9165883491289576,0.06242052221319844,0.9090909090909092,0.15580384873087674,0.040328025030052644,0.03665785932853318,0.12878112971935823,0.19742198044674608,0.19665353033949073,0.6596491228070176,0.2000574217628481,0.19961868988674525,0.16676671869372073,0.16980723445029702,0.1907381934892251,0.035340576338792,0.18463490295557697,0.16810253062407693,0.43611835969647333,0.15064102550281475,0.540354799479886,0.23722692994931
0.44661850499590716,0.06877707833280498,0.976043606669106,0.9130130181845671,0.06996332262295636,0.9090909090909092,0.15386955119689344,0.0437101395037001,0.037660123945738824,0.11484752516042793,0.20574151948876643,0.20413619930017088,0.6853801169590644,0.2047660063163939,0.204200102441523,0.1623244086925201,0.17355972917999693,0.18386061439706558,0.036030116140744146,0.19666832202384923,0.17429799963967268,0.45155884487811326,0.14102564142052926,0.49353050637537577,0.24156538296185215
0.06131582708574251,0.008906601452228914,0.8986743669085311,0.7646953830110839,0.0016081400964051305,0.2424242424242424,0.028993289655410284,0.03591147206312142,0.0017440183312440235,0.02950678483379448,0.030761913133342807,0.030800618453633414,0.2023391812865497,0.03129486075222509,0.0312731204826134,0.0315764197382639,0.035889152195406726,0.039889958734525444,0.002337309050999803,0.02801816444275749,0.0298368234507198,0.11850862635873817,0.028846152246856507,0.26983067130772326,0.03527752912977413
0.16356431012304615,0.022417462977220234,0.936335879579474,0.8318952133238544,0.010802668725816552,0.4545454545454546,0.05896307903574613,0.00809060268915209,0.0043624075156309195,0.041354941305866845,0.07883102725642431,0.07886252581733917,0.38596491228070173,0.07746195808211312,0.07722952592339652,0.06435346380117661,0.07418844793653308,0.07198532783127005,0.008598199585908038,0.07512133064339852,0.07226800493778712,0.23507616673808968,0.05128204946556541,0.2533428854380627,0.09654610323032509
0.450424879487546,0.07212837582838942,0.9796350435646057,0.9198245153880267,0.06446281974103514,0.9090909090909092,0.16197102034872835,0.009686685358208484,0.05896406891580122,0.14941558738571656,0.2001484443736132,0.19924785808116624,0.6678362573099416,0.20114843525696238,0.20078538500939053,0.1683275303157642,0.1716594433872126,0.20036680421824854,0.037284031024214515,0.18805994698036507,0.17226650896263565,0.4408245388940041,0.16025640958510026,0.5889964500114622,0.21987487398130798
0.417475929992334,0.058677898042057273,0.9760290512272187,0.9053697689455129,0.05663961559296108,0.8787878787878789,0.13858264190657213,0.05871905885441216,0.04331374475115107,0.10034074466511911,0.18122634604215423,0.1823779464704355,0.6549707602339182,0.17840941716910708,0.17793523419270393,0.14887741625645334,0.1530600524421196,0.16368638239339756,0.029144164671735147,0.17390124836211512,0.15984417589241642,0.42275592580077115,0.12499999922996795,0.45057886724101337,0.20083714901770916
0.3929381650923171,0.05679090620895793,0.974526666848655,0.9111881958638224,0.046901304628996936,0.8787878787878789,0.1437555854586446,0.0050320724154612724,0.041685214458459754,0.11504845902566785,0.16368214338231366,0.16478340560250793,0.6152046783625732,0.16169968418030434,0.16148767856126575,0.15764197382638973,0.1398559483964099,0.17514901421366347,0.026031934753086235,0.15696702140676325,0.16110172903940093,0.39410475219207425,0.13782051236639134,0.5281340933735524,0.18453383291550618
0.6041955225238101,0.16356445209305134,0.9878869997508556,0.9506323787518894,0.26595432172917444,1.0,0.30561679509670053,0.01148446773669314,0.1047262005499101,0.21481974645641788,0.41544191158892985,0.41852570883853946,0.9473684210526316,0.40734998564455926,0.40618063855215986,0.33701524792892307,0.33796842096320645,0.3186611646033929,0.1075283453317489,0.40110509609240347,0.36644484595348503,0.6872755702737516,0.2756410247327827,0.6351888211431488,0.47841686158637176
0.5627795174304536,0.1241489666832722,0.982787306324271,0.9385702271753968,0.17945609553897499,1.0,0.23920580560600302,0.028264176402275798,0.05597041458850021,0.1719926949817728,0.3384940002020881,0.3389404912753863,0.8257309941520469,0.337525122021246,0.3364634909794548,0.26281666466562614,0.27904733386959873,0.26501604768454834,0.07699812938287727,0.3204376731713654,0.27776345926138674,0.5901371049127682,0.21794871715894149,0.5730880727689438,0.4081211245785798
0.7003910970206463,0.2789124888667482,0.993203330063034,0.969647695066409,0.4278337016431768,1.0,0.44830100527497185,0.055995863354571566,0.22650242522673333,0.3524517588282916,0.5555463730529512,0.5572902740803602,0.9824561403508772,0.5492391616422624,0.5481475157930682,0.48253091607635973,0.4693886401473676,0.4419990829894544,0.2096321369852794,0.5398839053920237,0.5074751962179858,0.7771017271425744,0.42628205023559745,0.793931187667305,0.5997233003237153
0.3108662604108468,0.039022991108494484,0.9650651661370337,0.8782560331272262,0.026563493582006815,0.696969696969697,0.09530626872984002,0.056753609089002385,0.021172423942500716,0.07094440528100313,0.1273722552783188,0.12595180246683949,0.5157894736842106,0.1267298306057996,0.1263730009675033,0.10169288029775483,0.11348954747561472,0.11829436038514443,0.018196003871890735,0.11917600311611767,0.10688958423936037,0.3259311336840201,0.08653845982069773,0.38606246178061665,0.1411947937317313
0.3228038148201084,0.0441707048291895,0.9654278632446167,0.8970350845098214,0.028271988420435025,0.787878787878788,0.11567527872609341,0.002659786742603457,0.021004361468803967,0.09359972957598992,0.12930449662406113,0.12979001251632352,0.5239766081871345,0.1318403674992822,0.13166581298730867,0.12426461760115261,0.11594452813378947,0.14672168729940394,0.0187538984533742,0.12166265852018678,0.1180469721720331,0.3326778364280395,0.11217948609354454,0.484614033818814,0.15700797419675996
0.7157647181113003,0.29633319746992137,0.9936780283034385,0.9709462413799748,0.4709769574800607,1.0,0.46963521725051616,0.10205013149557314,0.247268126767304,0.36206410769559355,0.5909956616782676,0.5913207240092536,0.9438596491228071,0.5843812805053115,0.5830914575152241,0.5069035898667307,0.5001179639010647,0.45071068317285645,0.22934794396932454,0.5689510260579177,0.5273612615601747,0.7753664986393237,0.4391025633720209,0.790104160812033,0.6378891780462788
0.6064043761287892,0.16465135938891656,0.9881439940827563,0.9500907133363177,0.2936665917496465,1.0,0.3026575574988231,0.007798667440578678,0.10810973187099357,0.2095996804891234,0.42742778842528206,0.4302437776821939,0.952046783625731,0.41642262417456216,0.41514427181150765,0.3348541241445552,0.34493110713568614,0.3182026593305823,0.11056444427712189,0.41491255280303846,0.37325781249125617,0.6942540795595814,0.2724358956786448,0.6231136852874148,0.4869620662904987
0.3767082883983213,0.05028455836843138,0.9731953557645467,0.9012777583169388,0.038949178100800924,0.8181818181818182,0.1258958460369791,0.036716053811420575,0.03739036703873053,0.0996157217300245,0.1520463882506319,0.1527611474717414,0.583625730994152,0.15090439276485787,0.150617494735644,0.13386961219834312,0.13223738942370342,0.15451627693718478,0.02358247593146301,0.143822016260111,0.13573460786238634,0.37260838654446415,0.11858974420182035,0.4817918311732252,0.16856190539842703
0.23096552889050584,0.030644747369533386,0.9535221777885602,0.8678496512181799,0.015010459801100025,0.6060606060606061,0.07828874452342723,0.025574736088761617,0.010047828533271652,0.06608654088942181,0.09695988880226668,0.09639700383239752,0.42339181286549704,0.09933964972724663,0.09914062944624667,0.0828430784007684,0.09088804643445561,0.10453920220082531,0.012331805803633564,0.08936430093965246,0.08077390763467003,0.2651644932772081,0.07692307573841223,0.40099414098124075,0.11843548765552885
0.1913166066811325,0.026327310055402082,0.9385681831967059,0.8377727497136628,0.012690853605740881,0.48484848484848486,0.06224081805814879,0.001595583823938269,0.003625113660140375,0.04510066588317748,0.09015231362098299,0.08844351960567769,0.4116959064327485,0.09135802469135802,0.09103067554493201,0.06603433785568497,0.08528308171425965,0.07657038055937643,0.010881111361765991,0.08329339300115285,0.07033700668330042,0.25518070653819885,0.05448717851970332,0.26585327018049654,0.11905067329913861
0.538835544352481,0.09810847938650122,0.9823200762366608,0.9271056208069651,0.14008212701524303,1.0,0.2026483587548317,0.026622587972999396,0.05736707357767294,0.13589686601429893,0.2904014734356863,0.29193646512673266,0.864327485380117,0.2847545219638243,0.28379147458881115,0.21983431384319846,0.23614250511319804,0.23016964695093994,0.05708564137260308,0.27708620272642487,0.24256078441878706,0.5829231793499235,0.17628205177566156,0.4904653540054916,0.3356313043842008
0.33540662396216364,0.04708422021949489,0.9697569817437508,0.8971034219359709,0.03167261356203536,0.7575757575757576,0.11599162719835408,0.048056466163446485,0.030100659628623076,0.09729996203205249,0.13998427656164383,0.138793627912564,0.543859649122807,0.14292276772896928,0.14264982072733484,0.12126305678953056,0.12550781135718625,0.14672168729940394,0.02176543341571312,0.13027300138043862,0.1204850847409499,0.34838806413782386,0.11217948609354454,0.48670266438762616,0.1641122370404939
0.44899497160973456,0.06453512069199765,0.9756883767067415,0.9154454399301687,0.05376703367647098,0.9090909090909092,0.15315086841146666,0.02699921603718325,0.046869876723324995,0.12627075794956227,0.18231269269221573,0.18153706653026586,0.6315789473684211,0.18340511053689348,0.18308576631950374,0.16544603193660704,0.15799019444532889,0.18615314076111877,0.0323098962060919,0.16910053640534234,0.16279084072453434,0.41342822633402676,0.14743589644867686,0.5470215182562563,0.20839131366791716
0.4853501032963892,0.07932913666349653,0.9792207263269684,0.9232592844284733,0.07978516818482614,0.9393939393939394,0.17820350214309932,0.009350408321357355,0.05803028376357542,0.13783133479957624,0.22264068328772657,0.22250768223263312,0.6900584795321638,0.22262417456215905,0.2221273689602186,0.1925801416736703,0.18846298358468244,0.20541036221916548,0.04227282328774109,0.20848707834440416,0.19219169339594092,0.46299735591999364,0.16666666461324783,0.5539461047838782,0.2544828014711454
0.6443303925262789,0.20337243180411516,0.991770783794918,0.9619470193643529,0.23386079186962713,1.0,0.3664644302080434,0.029147353970297208,0.21795212085080298,0.3122125520819712,0.4125003799420188,0.41384274382612,0.8269005847953217,0.41665231122595464,0.4161117750839452,0.3874414695641734,0.3537334278460988,0.3768913342503439,0.1307106812576844,0.3874445765581904,0.3747011556798035,0.6308994616114216,0.35576922952533285,0.7740472714977717,0.446349323959471
0.5284981094811793,0.09425901604697856,0.9785928060148631,0.9226075152809492,0.13480189418474608,1.0,0.1860331529191583,0.0008584015938212378,0.035192345025220284,0.12656565101890577,0.28492587228526295,0.28527336348101046,0.8538011695906433,0.28240022968705136,0.2813442604291162,0.20470644735262336,0.23347402964903685,0.21870701513067403,0.05549463910686497,0.27037845237947356,0.230810948969628,0.5763893149006628,0.16346153863923815,0.45801244485000114,0.3556670197085418
0.443577433312111,0.07138867502981448,0.9783438934494982,0.919176277187564,0.06428227239513552,0.9090909090909092,0.16047091154583268,0.15771642450877058,0.04628477508092697,0.13539967555564536,0.1995804618616255,0.19998604991804328,0.6467836257309942,0.2012058570198105,0.20081384098799163,0.17517108896626243,0.171095018652299,0.19440623567171023,0.03635296963863454,0.18692583084076453,0.1720557974292423,0.43017628769727484,0.15705128053096234,0.5596446492715021,0.23050703338235592
0.43666177254005173,0.05828540374077261,0.9664172423534868,0.8938084102967389,0.06613060952108497,0.9393939393939394,0.12441750118286739,0.007422094803630173,0.01311038998981086,0.08053345028237965,0.1950101495862534,0.19634159100684717,0.7789473684210527,0.18949181739879414,0.1887485060611235,0.1347100492255973,0.1604871504025943,0.14855570839064647,0.029938732252601654,0.18963751544284954,0.15907480582576616,0.491259971923968,0.10576923106539696,0.34060102028052985,0.24880852224243966
0.6262619700375505,0.18868408737526984,0.9892790132544527,0.9568838893216123,0.2808978005230412,1.0,0.33513557141315653,0.05324888957076705,0.1452352231163846,0.25754118679399673,0.4355086828046868,0.436811941270155,0.880701754385965,0.4334768877404536,0.43244550680097893,0.36619041901788935,0.3627980136082187,0.34387895460797796,0.1275943450751066,0.41481414599159544,0.3783179013340582,0.6667272031463827,0.31730769319619084,0.7074907810614268,0.4857378863172311
0.6839572261996024,0.2477242878492822,0.9907500227261269,0.9638279123717883,0.472638542781094,1.0,0.4117750008749222,0.07445679092270384,0.14582773994103926,0.28665118612339086,0.5717052865748617,0.5729666786792372,0.9660818713450293,0.5592879701406833,0.5575949006886348,0.45215512066274466,0.4695839484834325,0.39523154516276937,0.19136920098594923,0.5549473565030281,0.49879106368085413,0.7738983910489606,0.36858974266175626,0.7059858618468525,0.6506386261451155
0.46493509868378313,0.07477016439472851,0.9790162760722501,0.9196431208709728,0.0735381671449004,0.9393939393939394,0.1673047063169465,0.020382756099323832,0.046081654436026014,0.1304318615413202,0.2116191609072933,0.21049704917016387,0.6713450292397661,0.21406833189778926,0.21356211940128625,0.1821347100492256,0.18094580010087333,0.19853278312700595,0.038815867952274125,0.19755969899787784,0.18085754845161206,0.44916293226298526,0.15705128053096234,0.5334491448347696,0.24318542589086337
0.42168574509829404,0.06124420693507238,0.975550285402784,0.9097866022112543,0.05454317266619622,0.9090909090909092,0.1452416754335249,0.0405831011671202,0.03141618769176452,0.1327038645123152,0.17893133194938596,0.18048887287212811,0.6339181286549708,0.17863910422049956,0.17827670593591716,0.15404010085244327,0.15305304724152466,0.1792755616689592,0.02958375981987919,0.16958732114089706,0.15698698560826002,0.4121951257582542,0.13782051236639134,0.5231425663728452,0.2069551790851453
0.4327624962644388,0.07637033346919675,0.9803272572968151,0.9275309380286992,0.0629979419041753,0.9090909090909092,0.17709065517587855,0.05070804967521857,0.06623826498716057,0.16613673097087503,0.19514487497237717,0.1962737781084464,0.6444444444444445,0.1955785242606948,0.19546411701098404,0.1841757714011286,0.16728831757846416,0.21458046767537825,0.03737040932029683,0.18900860953543472,0.1836920564440927,0.42613317659063166,0.18269230680380916,0.6583399865508177,0.21321260116018265
0.4818666112287723,0.07635523753453195,0.9737912271014654,0.9103379559280297,0.09485071599165086,0.9696969696969697,0.1543118919429592,0.0024713341424231635,0.022209484112102412,0.10490743468936631,0.24120460925119794,0.2413054176693288,0.7801169590643275,0.23858742463393626,0.23766433327642142,0.16580621923400168,0.19856342953912048,0.18431911966987619,0.042701351654535716,0.23047358172793833,0.18819744839110789,0.5167767011008662,0.13461538331225342,0.4183048448544863,0.30708030860050867
0.6429167262190922,0.20275349848285856,0.9908513133268109,0.959620711914173,0.31749537444424064,1.0,0.3616723932606259,0.036740220086031936,0.1689000129276908,0.2797560928143398,0.4592969142136104,0.46043989258436896,0.9333333333333333,0.4516795865633075,0.45065733310568556,0.3860007203745948,0.37953702692198954,0.3658872077028885,0.13982918816203452,0.44586956254586646,0.4131954669157391,0.7026613645903775,0.3365384613607618,0.7262743668357919,0.49968441905930344
0.4234008549562777,0.06566731579185726,0.9740542588283396,0.9111177341089723,0.05826585589436423,0.8787878787878789,0.14555663003043018,0.0331014775127272,0.033279524252848296,0.11849953844710229,0.1934799485086146,0.1911451854779647,0.6608187134502924,0.19546368073499856,0.19495190939616416,0.14863729139152357,0.16631348088099146,0.17790004585052727,0.033964093951161685,0.18173994240780958,0.157765318663885,0.4343795214580183,0.13782051236639134,0.5176131226199151,0.22728978181061021
0.44941790210880556,0.07425690261612548,0.9799465729437269,0.922185136491418,0.0700688893744449,0.9090909090909092,0.17414327222158765,0.032148627909874425,0.05642657233373966,0.1358138150027562,0.20705813153962363,0.20764115739179967,0.6795321637426901,0.20631639391329312,0.20593591713619036,0.18693720734782085,0.1755192000112746,0.20220082530949107,0.037557555907145795,0.19635282935189574,0.18838892711356148,0.44937995915047135,0.16346153863923815,0.5564622524027848,0.2325366395483841
0.6216454660031444,0.17573177543287594,0.9879241581435843,0.9517278319254644,0.3262228121711391,1.0,0.3148787562450276,0.008546436272647014,0.09211915488829871,0.2254298230728354,0.4543994821287597,0.4563846812600024,0.960233918128655,0.4435831180017226,0.4421489955039555,0.34445911874174573,0.36745209547585617,0.32645575424117373,0.12183052606879259,0.43993114453681,0.39013666936661534,0.7121945127786032,0.2820512828410585,0.6243254652431196,0.5274340439821225
0.5436508452113353,0.10577721419621697,0.9832722878846188,0.9328276036858081,0.14822526399755595,1.0,0.216904490154452,0.025671955459560507,0.06680029082849764,0.15221105964289802,0.3002564711313893,0.3019088362144128,0.8573099415204679,0.293769738730979,0.29289738774116447,0.23976467763236883,0.24391494537690084,0.24530032095369098,0.061773415801912944,0.2883813912994948,0.2597065384535838,0.5839406488972727,0.1955128199402326,0.5449185316469511,0.3428709115425305
0.5620285072047607,0.12451126911522728,0.9838149430912095,0.9413843888298059,0.16403513994903707,1.0,0.24642582921600506,0.013454850526048804,0.07314140369722473,0.18568706304476662,0.3243266400556646,0.3247036576339886,0.8070175438596492,0.32271030720643124,0.3218940299356895,0.2724216592628167,0.2684038464567012,0.27097661623108665,0.07518608705944212,0.31109411586704283,0.2815905035169542,0.5731252942278204,0.23076923029536486,0.6210149658068936,0.37935785426684876
0.27376531580109925,0.03606418791419471,0.9621160750182315,0.8808312442261836,0.02263900222976777,0.6666666666666667,0.09621122101756091,0.03703631237725638,0.015969060058640967,0.07320029387662413,0.11508184977955148,0.11568686716034457,0.49122807017543857,0.11386735572782083,0.11365317853280976,0.10469444110937688,0.10279953790750414,0.12012838147638696,0.015309492591136455,0.1093827307087109,0.10827709235813417,0.30694448911830974,0.08974358887483563,0.4072509422794348,0.13448524112567126
0.4522328911295038,0.06565221985719247,0.9746017745812176,0.9069854143897306,0.07040242153177176,0.9393939393939394,0.1434209778351858,0.04116514256550057,0.029860252966552404,0.10106155307126982,0.20527071998396437,0.20630233702623002,0.7192982456140351,0.20264140109101347,0.2019805361106369,0.15560091247448674,0.17122834012695096,0.17514901421366347,0.03396485516182406,0.19405344807753694,0.16852908264203795,0.4676827622567553,0.12820512828410585,0.43238730181700563,0.23946439020520155
0.46882268102854624,0.07233971891369655,0.9750884428236725,0.9157243456091029,0.07589460745569361,0.9393939393939394,0.15936937899132897,0.006717392933426569,0.031804155020055264,0.12653317435469055,0.21363839870663628,0.21297318871748372,0.7111111111111111,0.21309216192937122,0.21250924819304542,0.16976827950534276,0.1803320662458846,0.1930307198532783,0.0380485517741988,0.20042849414436661,0.1806412757315142,0.46883580125159285,0.14743589644867686,0.498679908970985,0.2586726171693429
0.504420305861258,0.09170780308862825,0.9818616342263137,0.93161640940961,0.09959511852652377,0.9696969696969697,0.20386159482085425,0.016201547173676584,0.06383853155985095,0.15612239041635953,0.24650169926500728,0.24854396019576616,0.7941520467836258,0.243755383290267,0.24329861703944003,0.22295593708728537,0.20543392959925635,0.23246217331499314,0.04897707802049421,0.23767374328793378,0.23008972082727874,0.5265184989911229,0.19230769088609465,0.5915739200992717,0.27917759488548655
0.5804061691981861,0.1356973567018402,0.9828690257700874,0.9430372691200938,0.212847857993006,1.0,0.260640422260448,0.0414529761986583,0.06089502485053254,0.18597873323903535,0.3635042894427052,0.3651569577971271,1.0,0.35681883433821415,0.3557566444710034,0.28971064953775966,0.29559859890089124,0.2911508482347547,0.08554301915926044,0.34986902886860843,0.32940726440888785,0.6883167755184035,0.2371794853235125,0.5918561843656782,0.4418840998788355
0.13476540675389476,0.01994172969219389,0.9158270755588332,0.8238935596956849,0.008412601587920256,0.4242424242424243,0.051075049629290735,0.04037652386098139,0.0010616412575251938,0.04163582726430836,0.06982627818656344,0.07024835020905748,0.36374269005847953,0.06896353718059144,0.0687781002788686,0.05678953055588906,0.06647138967114236,0.06740027510316368,0.007052844875588633,0.06727299966887876,0.06286103577814982,0.21949132616885164,0.04807692349155572,0.2773448936823913,0.10644226344079329
0.666529371256318,0.23078664915538247,0.9905346644543885,0.9636786640108062,0.38534343706530383,1.0,0.3901700288833402,0.055688796470748377,0.17374903870137626,0.2995856994091355,0.5024405832294825,0.5044814638286,1.0,0.4948607522250933,0.4937396847077572,0.4246608236282867,0.41788753035242165,0.3911049977074736,0.1648063048346056,0.4899578573458286,0.4670645397687123,0.7583941909181809,0.36858974266175626,0.7437340169634685,0.5616258659089784
0.44526850564556997,0.06334254185347886,0.9717123128135385,0.9069354877422414,0.06609062302858738,0.9393939393939394,0.1420387092911171,0.016794119746772914,0.022063527471400553,0.10084165382578206,0.1981677347487166,0.19807178867175845,0.728654970760234,0.1938558713752512,0.19327300665869904,0.15728178652899508,0.16451666294852899,0.17102246675836769,0.032464594948376405,0.1901965305352129,0.17224310442659116,0.46796827205140185,0.12820512828410585,0.4471722348555832,0.24013689264068697
0.5115165728986656,0.09136059659133797,0.9831605467063872,0.9288199297160576,0.1015704039098036,0.9696969696969697,0.19664878878222708,0.05084595263676227,0.0747261628471093,0.16965338350440812,0.25075261379571523,0.24973940471900272,0.7742690058479532,0.24926787252368646,0.24870525297364982,0.20614719654220193,0.2096754980852662,0.22604309949564416,0.05086268114912568,0.24059016529938806,0.21606756103118036,0.5192327194376994,0.18589743585794705,0.5919099378164838,0.27716359560115295
0.2580447747618986,0.034373443231737695,0.9545393911825012,0.8766601793611706,0.02035172840346268,0.6363636363636365,0.08618793725187364,0.0018893481712781387,0.011959037515990704,0.07832850790428708,0.10897262856621794,0.10911482854961772,0.4807017543859649,0.1090439276485788,0.10884411814922317,0.09304838516028335,0.09917224775373618,0.11554332874828059,0.01451928325887247,0.10279851253677406,0.09755704292274373,0.2991571599871618,0.08653845982069773,0.4349389748003437,0.13299177630228765
0.4814163948910516,0.07054330268858597,0.9767541018589924,0.914751588282041,0.07437879063387066,0.9696969696969697,0.15994554553997115,0.024439752590558122,0.04485667726070203,0.11616630084968624,0.2103048490459553,0.21019673490581758,0.7391812865497076,0.2089003732414585,0.2083262193386831,0.17373033977668387,0.17696733320011093,0.19119669876203577,0.03630412099268258,0.1965616939437037,0.18518452160257123,0.48094436171075333,0.14423076739453894,0.473742489139915,0.24786147994389443
0.7179073061081299,0.29775221532841206,0.9927197379498938,0.9704462111530798,0.5318574285942153,1.0,0.4634432450139161,0.07413437069468949,0.21048573839392365,0.35706976694026815,0.6144652346891581,0.6155589914090746,0.9988304093567252,0.6054550674705713,0.6039212338512322,0.5013807179733462,0.5166718404227298,0.44841815680880326,0.23741054642664472,0.5988309950367521,0.5566542709569682,0.813944554753644,0.43269230834387334,0.7727615194173214,0.6824686601143635
0.7042345022933097,0.28046737013722206,0.9920234334594079,0.9692240126040317,0.47088536270533937,1.0,0.4415289062459982,0.09667213770431034,0.19913332324515237,0.34910294371211503,0.5770466552369155,0.5774810802013463,1.0,0.5703703703703703,0.5690342040862786,0.4804898547244567,0.48601574738622694,0.4369555249885373,0.21631292458304763,0.563086551803581,0.5289762451155926,0.7967268865925605,0.4198717952074499,0.7741903259398117,0.6437588428802127
0.3643932798877383,0.05386229488398774,0.9708925591125125,0.9074309346161745,0.04155094121965695,0.8181818181818182,0.13196183831892205,0.024985710858727504,0.03061294496770132,0.11510039689706547,0.15681361317877154,0.15750030031426435,0.5941520467836258,0.15544071202985932,0.15522736326902284,0.14227398247088485,0.13521810431049613,0.1659789087574507,0.02489119781481124,0.15123201932409916,0.14763038396572878,0.38024996392118154,0.13141025733824374,0.5425294069746217,0.1802708575453171
0.40619843301326614,0.05036003804175536,0.9699281638564068,0.8978986122658235,0.04439093347540994,0.9090909090909092,0.12640097458141622,0.01975487637731137,0.02449173070025554,0.08751085086257154,0.15785740632272807,0.15895343385142388,0.6233918128654972,0.1553832902670112,0.15499971544021404,0.14047304598391164,0.13472120015035743,0.15772581384685924,0.02331874896855945,0.14885044804445652,0.14670105964370006,0.3950505378517133,0.11217948609354454,0.4093713936539366,0.18638394175935527
0.1778542936216104,0.024062919855682863,0.9351350485707468,0.8521457795272778,0.011247872694439038,0.5757575757575758,0.06667171845937007,0.033617893064456554,0.0038089139475170177,0.05279106559530037,0.07981575481951317,0.08056947334565591,0.391812865497076,0.07947171978179729,0.07933526833987821,0.07419858326329691,0.07364375988987769,0.09032553874369555,0.0082839275559074,0.07575623040862078,0.07581042763461344,0.23906237361134705,0.06410256260198882,0.3410571963059321,0.11224622560414062
0.5229220534542572,0.11146838156484459,0.986129658358922,0.9424648473479387,0.10843482720850316,0.9696969696969697,0.2407529257267075,0.026773350053143633,0.11630789757519604,0.20099125720761923,0.2628478317838545,0.2650573697120471,0.7216374269005849,0.26465690496698246,0.2644129531614593,0.26341697682795057,0.22354108164826067,0.26639156350298027,0.059671593454680094,0.2501628835844057,0.2510680944391138,0.5003515066610754,0.2371794853235125,0.6841737129313363,0.2876820062914909
0.5328696906305627,0.11832193590266142,0.9846822987094807,0.942689799520862,0.12608406416462933,0.9696969696969697,0.23925944861100432,0.19818778436943094,0.08804963394526855,0.2173912288959013,0.28548867937083244,0.28568024087141514,0.7590643274853802,0.28641975308641976,0.28601104091969726,0.25417216952815463,0.2410893052400488,0.27372764786795045,0.06785031594664084,0.2733780557480402,0.25301906782590305,0.5303815320922058,0.24038461437765038,0.6935503549435889,0.3190415827066554
0.3880955783948131,0.052594236372144984,0.9693023665067864,0.8936250821349501,0.046764893896525106,0.8181818181818182,0.11781937207396437,0.03302814728036293,0.02281286920099293,0.0893462782176658,0.16823881881982203,0.1668797929187834,0.6397660818713451,0.16784381280505312,0.167292698195891,0.12378436787129307,0.14512759770539146,0.14305364511691887,0.026397645129993697,0.15922831850394376,0.13743150984314034,0.40968080682120256,0.10576923106539696,0.401411455905323,0.2001309058013189
0.5773800397593649,0.13347825430611535,0.9853276077669888,0.9423937282554927,0.20677235935801558,1.0,0.2602524538854065,0.0003673162886455313,0.07988117398310407,0.1830968631385027,0.3605839523992209,0.3611172465638236,0.912280701754386,0.35262704565030145,0.35157361561664113,0.2826269660223316,0.2921475460608088,0.28106373223292064,0.08447049715791276,0.3482053213499366,0.3100854982156086,0.6416996278718949,0.23397435934950275,0.5950193447237139,0.416025104949364
0.48913373958915324,0.08886976737164683,0.9814202373779771,0.9285912727309796,0.09543921657111594,0.9393939393939394,0.19348026878906832,0.02475845919380421,0.06397002798066106,0.15107859092430942,0.2432249149956748,0.24295230234477627,0.7228070175438597,0.24312374389893768,0.24258721757441243,0.20650738383959658,0.20457340324281872,0.22145804676753778,0.04874468392572304,0.23220778090418506,0.212680635250928,0.4900133184656046,0.18269230680380916,0.5847363691096651,0.2747616979715766
0.15023582760547277,0.020681430490768836,0.9237208374943322,0.8180525459077403,0.00798706739576631,0.3939393939393939,0.05096254030056614,0.009547285861310414,0.002699275955481197,0.037296102019366756,0.07219358394993473,0.07059710225797576,0.3695906432748538,0.07263853000287109,0.07239200956120882,0.05246728298715332,0.07149965822900624,0.06281522237505731,0.008300807198475042,0.06634510879698934,0.05681745621952304,0.22432289301469843,0.04487179443741782,0.2490766909638995,0.09428101964702189
0.06819770539090211,0.012076747731835816,0.877693979064686,0.754201610135988,0.0029658811702870406,0.2424242424242424,0.031148947784563587,0.04176553037878085,0.0005105639845441822,0.021319814446686278,0.04313520760442655,0.042834501652697206,0.2807017543859649,0.04387022681596325,0.04370838313129589,0.03301716892784248,0.04652551357600916,0.036680421824850984,0.0036920677246375573,0.04003474456706695,0.03527325757207014,0.1646362113481814,0.025641026272846812,0.14356385855040926,0.06448668966214052
0.26996478827488535,0.0352188155729662,0.9623680778189743,0.877432746380498,0.01876019547711344,0.6363636363636365,0.08774142311110653,0.04733025852592819,0.018637576847699854,0.07658431270515614,0.10961503863907644,0.10740400599853524,0.4631578947368421,0.11225954636807349,0.11203118775254683,0.09136751110577501,0.10219241945736665,0.11279229711141678,0.015646513761190205,0.10175445051359852,0.08977594140508799,0.29189174453985306,0.08653845982069773,0.4418407906635754,0.12432737469686143
0.12044034146278082,0.017511284211161934,0.9254693253165674,0.8161788412863639,0.005312246820523797,0.36363636363636365,0.04652361071351816,0.03572451599829549,0.004251206673058347,0.04289200480307553,0.05964917180854865,0.057875402517989796,0.32631578947368417,0.060579959804766,0.0604404985487451,0.0453835994717253,0.060781342359695525,0.06006419073819348,0.006296804760316991,0.05589845849970003,0.04730588138515727,0.19625333005689138,0.04487179443741782,0.34295170694622845,0.06990729883028166
0.3256558346218313,0.04059296831363314,0.9655678649125378,0.8833778530105997,0.02777376714570537,0.7272727272727273,0.10098441546589296,0.0507627563565062,0.021756606869606808,0.07972996273488717,0.12879763343358325,0.12758512456260682,0.5298245614035089,0.1294286534596612,0.1291047749132093,0.10577500300156081,0.1157043177933257,0.12746446584135718,0.018856137906786384,0.12165542163905983,0.10922460763224034,0.33441946689238966,0.09294871792897354,0.4138020196481602,0.1480732434199611
0.3497817132908021,0.0496656250471748,0.9663683759284495,0.896921037523159,0.036954370939164906,0.787878787878788,0.1162544304941411,0.04568789411535693,0.01895595895866192,0.09513542954912846,0.15168895522927547,0.15115107551256865,0.576608187134503,0.1527418891759977,0.15238176540891243,0.12282386841157403,0.132834006796427,0.14672168729940394,0.02363405255056573,0.14349611656629344,0.12662016328363068,0.36998206324658833,0.11217948609354454,0.4810192287572528,0.1842968687135564
0.28423982952847476,0.03556602207025648,0.9614718763093983,0.8742631865001771,0.022208564898612313,0.6666666666666667,0.09197914296804553,0.02041950435635899,0.017770873616204316,0.07323735693998426,0.11488797666293434,0.11304603914547998,0.4853801169590643,0.11513063451047946,0.11484832963405613,0.09544963380958099,0.10433018249658689,0.11370930765703806,0.015819530057444978,0.10783024218242294,0.09815945703177895,0.3046198516362373,0.08333333384668803,0.3995112203561959,0.128027523204261
0.06393201928199264,0.012740968857086787,0.8670892363542024,0.737738405635812,0.003409200046122122,0.21212121212121213,0.029256254187104012,0.047310193866732526,0.00047122804007904606,0.017564917071085845,0.047347511811062434,0.047432216164269965,0.28654970760233917,0.046856158484065456,0.04663934892720962,0.03121623244086925,0.049520035042984814,0.03209536909674461,0.004179005354143139,0.04528911308104138,0.03642931824420226,0.16911797408494877,0.02243589721870891,0.10062307164893347,0.07004101767683585
0.24123864714213325,0.030206965264254336,0.9532033162793953,0.8645135708709167,0.016726257702329765,0.6060606060606061,0.07966212081665845,0.02682268029260259,0.012545465158779114,0.06136465703465,0.09970237190614241,0.10027590162092202,0.45146198830409356,0.09905254091300603,0.09882761368163452,0.08428382759034699,0.09150233153167898,0.10132966529115085,0.012560526839481662,0.09362049712320743,0.08716254191054092,0.27925527668263883,0.07371794668427432,0.3623278604679421,0.11548605120222177
0.15415719241713552,0.02190420119861721,0.9398865348392003,0.845513300264125,0.008666692969966527,0.4545454545454546,0.061343312695351045,0.025825987746590225,0.006828680034801617,0.060091497423373365,0.07081708482195301,0.07069204031573685,0.3614035087719298,0.0724088429514786,0.07230664162540551,0.06219234001680874,0.0699396632489103,0.08161393856029345,0.008041600744615402,0.06780159643761777,0.06289713997985476,0.22005396857268963,0.060897436627979126,0.38946547072476945,0.08514324049792729
0.21186544183568728,0.025647992995486316,0.9530238468547135,0.8676768307870732,0.01137186874476784,0.6060606060606061,0.0781488026262319,0.0376630835545619,0.01133722527636551,0.06674747819322155,0.07809003763274353,0.07829483498215552,0.38362573099415204,0.08033304622451909,0.08030277161231576,0.0828430784007684,0.07576735411113272,0.10453920220082531,0.009290057308207294,0.0743293529827016,0.07686171733963708,0.2353473061408363,0.07692307573841223,0.4236584136890621,0.09546558432386053
0.3439581357275574,0.048065455972706554,0.9689968654544554,0.8988019608746434,0.032109975122012205,0.787878787878788,0.1165052001563687,0.03806271392141482,0.02308037319458504,0.10076430482398704,0.14210357260507142,0.14141508081359977,0.5368421052631579,0.14458799885156473,0.1443287234648,0.12186336895185497,0.1266042780226683,0.1471801925722146,0.022241016413994417,0.13311845612056364,0.11997967676004649,0.3456742901935055,0.11538461514768243,0.5118388196725884,0.16703952208054917
0.34695762899055393,0.05620216475703093,0.9764664338930494,0.915361502369171,0.03602047540263521,0.787878787878788,0.14460292652641946,0.10262330453629796,0.04936073817924124,0.14637914323832754,0.14744584491300763,0.14732449053138189,0.5368421052631579,0.14900947459086994,0.14902395993398218,0.14731660463440988,0.13063993599400342,0.17835855112333793,0.02519968109127391,0.14334008560888678,0.1419898601185204,0.3479188666024127,0.15064102550281475,0.6340545433808455,0.16115792170849472
0.17733716201291533,0.02092296544540555,0.9510988639719424,0.8514082886167101,0.008443966209833459,0.5151515151515151,0.06688621294120903,0.05394062146789942,0.01475108897155374,0.058491463905472586,0.06717489901757263,0.06717739466719366,0.3543859649122807,0.06752799310938845,0.06749758124181891,0.06807539920758796,0.06644961796854208,0.08757450710683173,0.007509656366505318,0.06470572907519163,0.06687786493999948,0.2140170563537713,0.06410256260198882,0.399916688628977,0.07228144902750952
0.12939269519119578,0.01828117687906647,0.9284762069604204,0.8107107698405128,0.007006587419789103,0.36363636363636365,0.0487819065482982,0.02532597865652363,0.003955628022920715,0.03404285754483113,0.06466144907010732,0.06427112759287461,0.34736842105263155,0.06431237438989376,0.06411131978828752,0.05090647136510986,0.06453653291377065,0.058230169646950936,0.0068217733575461105,0.06054570139217036,0.05522890956463297,0.20882550309190293,0.04166666538327991,0.22202766506343974,0.07595550580336094
0.4545197042734821,0.07692888305179416,0.9781125499856277,0.9285435538057667,0.061037009471395495,0.9393939393939394,0.1822686368971261,0.005729956735717178,0.05743694852730642,0.16669850288775806,0.19338564073832795,0.19410764038238726,0.6584795321637428,0.19437266724088428,0.1942974218883388,0.19378076599831912,0.16674597403367863,0.21366345712975698,0.03763601528986236,0.18695448567497028,0.1856166293221035,0.4326392873605006,0.18589743585794705,0.6561254873544566,0.2194936544398038
0.26186089419591235,0.03644158628081458,0.9557676997944201,0.8716231591812014,0.022039482119494226,0.6363636363636365,0.08707595976938905,0.0057920352393059805,0.00960206360402875,0.06753423158167182,0.1176136190935446,0.11673118579571655,0.49005847953216375,0.1199540625897215,0.11960047806044051,0.09184776083563453,0.10714586939501748,0.1104997707473636,0.016045711424921325,0.1079612553707722,0.09418530013189616,0.3094412361751419,0.08012820479255013,0.36643172664033496,0.1490098443349679
0.40811169003287295,0.05642860377700285,0.971872740060716,0.9016973064902469,0.05465114332663839,0.9090909090909092,0.13219065054927762,0.021745545534804088,0.025042065543300934,0.09368736698667751,0.17819987168228466,0.1791868652228332,0.6818713450292399,0.1742750502440425,0.17378066131694273,0.14503541841757714,0.1489745666882935,0.16139385602934436,0.02714738841624313,0.16997584544210587,0.15850317389760435,0.4343004479970309,0.11858974420182035,0.42132479378776266,0.21042072348239807
0.5048919610722035,0.09098319822471809,0.980108431956301,0.9287851297521589,0.10448364005196874,0.9696969696969697,0.20135567686614253,0.01269017638719959,0.045530982015719985,0.14783774212313838,0.25381129080885345,0.25428480642323775,0.7812865497076024,0.2511627906976744,0.2505548915827216,0.21383119221995436,0.21056221886509113,0.22558459422283356,0.04948440468958044,0.24220734834961727,0.22242819384259394,0.5237538140198635,0.18269230680380916,0.5572321359247467,0.29774740227709906
0.5568812286423346,0.13288951285418837,0.9865014347332116,0.9471924831439421,0.15388892845242128,0.9696969696969697,0.2665812186652667,0.009202417602980477,0.11189698952552847,0.21529821944829092,0.3148404941792883,0.3145045977145116,0.7871345029239767,0.31478610393339074,0.31429628364919476,0.2921118981870573,0.26445717193926066,0.2874828060522696,0.07865838820937612,0.30596016063530274,0.29103650238816514,0.5590183348012331,0.25961538562234965,0.6936164516713239,0.3504212886520845
0.1973493756740252,0.02410820765967725,0.9556070438275065,0.8674351613557819,0.009460225959290346,0.6060606060606061,0.07466691285831613,0.06724116257074178,0.012962114244073088,0.06854398313395099,0.07188683724762608,0.07182160945195554,0.3707602339181286,0.07447602641401091,0.07449775197769051,0.07804058110217313,0.07040049984794142,0.10453920220082531,0.008216516346906457,0.06857146489520799,0.07158503443934934,0.2258488929583949,0.07692307573841223,0.45306840424648737,0.08358228109435743
0.5721671452516144,0.1267152755762873,0.983999494728883,0.940898074288226,0.17965639289989643,1.0,0.24368098573514377,0.015139284208248546,0.06864043635954724,0.18703930705210933,0.3379430226626172,0.33723160623568665,0.9064327485380117,0.3352282515073213,0.3342723806271698,0.2637771641253452,0.2785090376513816,0.2746446584135717,0.07893427886668707,0.3234833723554088,0.28499589974495054,0.6299011304139931,0.22756410124122697,0.6044544765129768,0.3970639787147606
0.22720008315684162,0.029406880727020215,0.9488536341631023,0.8574755669752141,0.018673830898789674,0.6060606060606061,0.07523085917454056,0.001689810124028416,0.0063666326852531265,0.052817220466099636,0.10037805257740343,0.10114778174321774,0.4608187134502924,0.09859316681022107,0.09831540606681465,0.08476407732020651,0.09008914196245374,0.09491059147180192,0.011754440026632841,0.09737207586667931,0.09295397211007145,0.2837675858324629,0.06730769165612673,0.28956851418166074,0.12921964838397781
0.2001286332393488,0.027504792959256074,0.9436474359303951,0.8431894241221061,0.013983803552732078,0.5151515151515151,0.06560101638419827,0.0073808015132965496,0.0056992712529629515,0.04757112358473949,0.09377642650771262,0.09389180161433448,0.43742690058479533,0.09480333046224519,0.09447384895566559,0.06855564893744748,0.0879481977218116,0.0811554332874828,0.011374920983342992,0.08688046874151586,0.0731236819231239,0.26997988410189816,0.05769230757384122,0.27688215064383176,0.1182126601732367
0.19789314345854503,0.028123726280512656,0.9445162777231633,0.8632872199174725,0.011995248704989837,0.5454545454545455,0.07236727577472557,0.01193625513200772,0.0058061534771672255,0.06681528252652583,0.08798479574727817,0.0868450727148022,0.4070175438596491,0.09112833763996554,0.0909737635877298,0.0762396446151999,0.08390382695234332,0.09582760201742319,0.010795840812532978,0.07996885669208893,0.07326275522567366,0.25269134905464397,0.07371794668427432,0.4266725221648891,0.11498299046892375
0.49066044722788876,0.0765212928158447,0.974234629025903,0.9161876092553665,0.0970120508070206,1.0,0.1666115361245529,0.017021315984460862,0.022493354041260745,0.11270666841363025,0.23506630707037182,0.2372753939929397,0.8514619883040936,0.2289979902383003,0.22827386033805708,0.18609677032056668,0.19156052974343746,0.19990829894543788,0.040528757890426946,0.22902875071339304,0.20832798031944805,0.5480931216059507,0.14743589644867686,0.44780126169357415,0.3002069921334684
0.5739121395995478,0.13266307383421644,0.9877689642457882,0.9466783628366249,0.15727266926178882,1.0,0.2671327327872634,0.011020597204072882,0.1257961615926866,0.21351039147891668,0.31745646685960877,0.31870124736982836,0.8023391812865498,0.3185759402813666,0.3180240168459394,0.28538840196902393,0.2673794634912743,0.29252636405318655,0.07756826892127415,0.299804291110508,0.2862914792109012,0.5686537137979952,0.25641025656821176,0.6790507137786568,0.347381285504865
0.008773046788716656,0.0029135153903053906,0.6648136629931949,0.5771206732229702,0.00015850859426343238,0.06060606060606061,0.008199883201361363,0.06155078088106246,5.399388915172639e-05,0.021004344559557554,0.010494696830913891,0.010540061922863797,0.06549707602339182,0.010737869652598334,0.010727903932616245,0.008644495137471486,0.014889912867176993,0.01237964236588721,0.00039642719145834183,0.010043336320999362,0.009425607976358486,0.03866969535349044,0.009615384082285502,0.3338492145360307,0.014928097085500726
0.5289678157036498,0.10822275561191372,0.9845490185805897,0.9396782462541231,0.11420118105575258,0.9696969696969697,0.23200527342431984,0.02247790559544592,0.09395998807371998,0.1872547438551858,0.2680395238279097,0.2691590813096027,0.7555555555555556,0.26896353718059146,0.2685675260372205,0.25405210709568976,0.2265828135969409,0.26043099495644195,0.05937343921859142,0.2570304959307198,0.25162897571712584,0.519740262221869,0.22435897526721726,0.6505984450286253,0.29698459168620434
0.03145407533490119,0.00560059176063886,0.843552609231576,0.733327006828054,0.0005922349030989283,0.21212121212121213,0.02112983694907336,0.03536972626483842,0.000397577307856949,0.02131721135527971,0.018401516153491646,0.01845092089916028,0.12280701754385966,0.019695664656904966,0.019719993170565137,0.023772361628046582,0.0222466191449258,0.03209536909674461,0.000863484954457872,0.01650192230174257,0.019567799544445503,0.07228340790814045,0.02243589721870891,0.22766419028897594,0.028495950574797365
0.3018541377025324,0.036154763522183476,0.9600264270239207,0.8691561855150295,0.0253217791766666,0.696969696969697,0.09018835010130423,0.027802301250128034,0.013341349353024173,0.06118033337171861,0.12081835814115113,0.12076120947210565,0.5263157894736843,0.12029859316681021,0.11991349382505266,0.09701044543162445,0.10822094070668586,0.10866574965612104,0.016170808001019384,0.1128697438705107,0.10329170614243063,0.3280049963772303,0.07692307573841223,0.3002730905231,0.14190532531970845
0.5737354313111495,0.1255981764110925,0.9825584032093033,0.9386699973220748,0.19073716940408958,1.0,0.2442269471823754,0.02471838530264822,0.05622308071766879,0.17145112801247406,0.3492266844986121,0.34782010594312246,0.9087719298245615,0.34303761125466553,0.34192703887086684,0.2652179133149238,0.28375353664093994,0.2691425951398441,0.07959186177805648,0.33521964636373125,0.2936366870013011,0.6350519544480927,0.21794871715894149,0.5707911588121538,0.41689623569553425
0.20290464249054743,0.0268556677686699,0.9384055352521784,0.8432692133082291,0.012937311264767421,0.5454545454545455,0.06522927051534001,0.021006534205920604,0.002971561689947661,0.04797076009401375,0.09045561003901285,0.08904608564575317,0.41871345029239765,0.09233419465977605,0.09202663479597065,0.06999639812702606,0.08534372578909985,0.08253094910591471,0.010831119638952202,0.0831128501733597,0.0715962928159333,0.25923539581084687,0.05769230757384122,0.2698422022428493,0.12762992138073287
0.37658615178722243,0.04913726733390698,0.9598050303496328,0.8931669538160165,0.04081488547835267,0.8787878787878789,0.11364937963138842,0.0314715288028737,0.010370859924633762,0.08600366093817152,0.15331896810212184,0.15357490225255074,0.6046783625730995,0.15469422911283376,0.1542598599965853,0.1281066154400288,0.13337011659752604,0.14580467675378267,0.022724951548789247,0.1443592119006272,0.1309037461124264,0.3852097101334697,0.10576923106539696,0.4065660628574004,0.21544184838051986
0.2415082572145057,0.03674350497411047,0.9607215083172274,0.8915601916446834,0.018535254736602363,0.6363636363636365,0.10160661251077206,0.005839480952763136,0.017505239817031594,0.09660493662650016,0.10493669960592825,0.1044299260258154,0.44093567251461985,0.1075509618145277,0.10753514313357238,0.10709568975867452,0.09683223907668873,0.13480055020632736,0.014459281499890852,0.09897165980237017,0.09994290854288128,0.278230826316667,0.10576923106539696,0.5359018539277478,0.12566853823223378
0.0528318802541481,0.012922120073064324,0.8296926204331805,0.6916460202566217,0.002784464197398048,0.15151515151515152,0.0227981115417256,0.058534707869647554,0.00018550030903593555,0.012829893802547586,0.04793529238284026,0.046044958014128334,0.28654970760233917,0.04829170255526844,0.04800523590006261,0.024132548925441227,0.05144987255761207,0.022925263640531865,0.004531873645674295,0.04401264971248454,0.03042265315045684,0.16984673234933192,0.0160256391104331,0.06310477308081996,0.07506187914111465
0.3633161389238985,0.051884727442899625,0.9721774924841309,0.9045523043668158,0.04020849756573078,0.8484848484848485,0.12923289849570924,0.03567895481084014,0.031430311045769224,0.10615319986250721,0.15090869808451715,0.1516897036770091,0.5929824561403509,0.15256962388745335,0.15232485345171026,0.13891223436186817,0.1321348696153591,0.16231086657496557,0.02317258730676396,0.14342744513443667,0.1379509275926778,0.3781992580677508,0.12499999922996795,0.504474809334946,0.17518047789642657
0.0052414796720502066,0.0014341137931555032,0.6060623800354278,0.5054546320981131,3.719027129329372e-05,0.06060606060606061,0.00570816197765421,0.0886493225239878,4.3944423320977e-05,0.016128630398331248,0.005102641849812411,0.005120842584950187,0.03391812865497076,0.005282802182026988,0.005292812019805361,0.004682434866130388,0.008572823081300841,0.009170105456212746,0.00011735781419891956,0.00503856238197463,0.005204635552344076,0.01988431091653378,0.006410255028147598,0.32233008696143517,0.006509188278722839
0.6261515273573015,0.17822260465256706,0.9900246375791445,0.955205992255101,0.26153696089520884,1.0,0.3287680498692558,0.024761618546218996,0.1463852302201275,0.24927451222715422,0.42086173314351294,0.4222515432278165,0.9812865497076024,0.41607809359747344,0.41508735985430545,0.35790611117781246,0.3480811243170645,0.34204493351673537,0.11745524597071388,0.40371766090965955,0.3790439132157998,0.7089089017356826,0.30448718005976744,0.6896104802727794,0.4646957361169477
0.44402115302158185,0.07172078559243997,0.9721000945314789,0.9144763285141688,0.07696499955375961,0.9393939393939394,0.15842505180820382,0.02376570198150149,0.021156857780560506,0.11335397047672896,0.21342653482199406,0.21551520365182145,0.6994152046783626,0.21337927074361182,0.21276535200045535,0.17661183815584103,0.17914045136073084,0.19119669876203577,0.0364661974758126,0.20239114925055895,0.1815343842856347,0.4630496633137671,0.14423076739453894,0.46919159920972353,0.2771111686083432
0.1975598664293232,0.026206542578083723,0.9428053402406935,0.8519950880720053,0.011336276630856991,0.5454545454545455,0.06753658967464797,0.00377941689661579,0.005131717535372451,0.05562756753131861,0.08574564339997585,0.08394268066324889,0.39883040935672515,0.08762561010623025,0.08741676626259179,0.0697562732620963,0.08161341023800232,0.08895002292526363,0.010301677150032771,0.07933845251189897,0.0697275010002305,0.24676085572922,0.06410256260198882,0.3633294218880968,0.11155303933528297
0.5971271909878773,0.1647721268662349,0.9883177193170601,0.9555568796243988,0.1842402335527185,1.0,0.31258177430014367,0.10246023760990666,0.13720144711140705,0.26783690913388836,0.35177660887988166,0.3528692606069061,0.7883040935672515,0.35383290267011197,0.353451710204314,0.33389362468483613,0.2988518934025298,0.33470884915176524,0.10041082018198987,0.33769210536171346,0.32644984657082576,0.57943375460414,0.310897435087915,0.7575640982355931,0.38773337196384156
0.5418525785117524,0.11092492791691198,0.9860877240562842,0.9392602242182876,0.12250414528979787,0.9696969696969697,0.2329830713700404,0.09563614724843683,0.10133808683109495,0.19194848953142002,0.2819336543193041,0.2814661536136525,0.776608187134503,0.28326155612977316,0.2827101474019692,0.24624804898547242,0.2381062783481992,0.26272352132049515,0.06343292006225304,0.26836485050419323,0.2481067267073925,0.5376760980935086,0.22115384621307937,0.636412817155587,0.3110954286594739
0.12687135376739472,0.016499856588620684,0.9265143871016424,0.8301981330719685,0.0052333589019419625,0.4545454545454546,0.052935334447171994,0.0129996266421427,0.0031832716764944686,0.04592349068111871,0.05348671763777108,0.05338618864385828,0.3169590643274854,0.0549526270456503,0.05492003870013091,0.05582903109617001,0.054376807958151474,0.07198532783127005,0.004998291753875946,0.05074614013653381,0.05275315716767554,0.18865108503334044,0.05128204946556541,0.33645189406437753,0.07115805388267324
0.49173239088912857,0.10505260933230681,0.9836188889667173,0.9392749049915239,0.1023528195544671,0.9393939393939394,0.2206360607893152,0.07076500448517188,0.08578414886382814,0.19747733172222637,0.2543059137051042,0.25633663097770704,0.7005847953216374,0.2569049669824863,0.2566160150247568,0.24360667547124504,0.2165184037858743,0.25492893168271435,0.055961628798096595,0.24234891187010074,0.23347058433984227,0.48573880957180554,0.22435897526721726,0.6727363400894544,0.28967031929677267
0.4031508647012201,0.056051205410382984,0.9721309072109995,0.9064514184150074,0.046863359569176075,0.8787878787878789,0.1361688023360725,0.018395080012539856,0.03228656415165601,0.10590429474134633,0.16628973680081424,0.16700379364728768,0.6280701754385966,0.16612115991960952,0.1657845313300325,0.14683635490455035,0.14338890876875854,0.16964695093993581,0.026694889758482165,0.15745830128010463,0.14825769038287293,0.4028744071101325,0.12820512828410585,0.4951686753231964,0.19357284153406956
0.050933565479516135,0.009072656733541656,0.8606327834982413,0.7355875965316161,0.0015630521402450136,0.21212121212121213,0.02607555273061068,0.01936267325999497,0.000603901391044666,0.020010955296119626,0.03209815894473877,0.03193018758985209,0.22339181286549709,0.03290267011197243,0.032809743327073024,0.0262936727098091,0.03612328458597261,0.03209536909674461,0.0022614328955715473,0.029445474712972746,0.02671797941826281,0.1300022370202871,0.02243589721870891,0.1745615495703755,0.0446594101339153
0.2156679183503762,0.02889361894841719,0.9458211006436431,0.8690712820952456,0.012767115607881943,0.5454545454545455,0.07663687215158678,0.01927936612526821,0.012989199773567751,0.0760905930350447,0.0894642283562435,0.08713182439946834,0.3953216374269006,0.09124318116566178,0.09114449945933642,0.07635970704766479,0.08588300006593035,0.1008711600183402,0.012113191577860267,0.08443233281238274,0.07619802588899924,0.24681775996260585,0.08012820479255013,0.4804450834280459,0.10721961415963414
0.38309317464236065,0.0539981582959709,0.9669557523927008,0.8842063480715563,0.052572051078712705,0.8181818181818182,0.11058538144883376,0.037059813525043575,0.017243308588722073,0.07470004639700542,0.18276237974321669,0.18106625126422618,0.6795321637426901,0.18041917886879127,0.1796425929087702,0.11658062192340017,0.15372175985212466,0.13021549747822098,0.027881611216951548,0.16952104515649816,0.13902456921558382,0.43623315628319265,0.09294871792897354,0.3103936409612841,0.21871453849365569
0.18591660927978382,0.04435185604516704,0.964941565790104,0.8988714669671486,0.020328807220655793,0.4242424242424243,0.09707502988749386,0.006811231242869286,0.026282397243531635,0.13926501838092428,0.11595058207117279,0.11029283547040838,0.4327485380116959,0.12833763996554692,0.1282510955551762,0.09376875975507264,0.11507510715477737,0.13801008711600182,0.019840479687679078,0.1062856806372297,0.0896947910038863,0.2846309264399264,0.11858974420182035,0.5902400128402293,0.14316816637468027
0.5658719124774242,0.12348474555802123,0.9860193620445741,0.9428526031922031,0.1504589836483748,1.0,0.25357019115572205,0.01554678524252076,0.09492904578482807,0.19319103182948613,0.3151197207569924,0.3151982267895824,0.8350877192982457,0.31036462819408556,0.309714871094417,0.2729019089926762,0.25968373749520723,0.2773956900504356,0.07340869579667869,0.3032526549044698,0.2837466481009708,0.5810945064860157,0.2371794853235125,0.6499190395765024,0.3496496337957572
0.614842196899809,0.16841024712045047,0.9881717094738676,0.9531295055377549,0.2671455424679285,1.0,0.3132890049882589,0.00014560734725695048,0.11643914769814086,0.23135854968638334,0.4097727659203921,0.41217454652546087,0.9964912280701755,0.40022968705139245,0.39926583575209157,0.35274342658182256,0.3340754482799924,0.32508023842274186,0.10970399854280866,0.4021012339600709,0.3872546175754828,0.7085748648931053,0.29166666692334403,0.671826041069156,0.46442267895014683
0.08885048659745592,0.01515631840345395,0.8799838041841953,0.7683445887851218,0.00431857644557509,0.2727272727272727,0.034545922028132225,0.06310512684190246,0.0005592985392217512,0.02440596524426729,0.05436612938073148,0.0530180614811112,0.30643274853801167,0.05506747057134654,0.05483467076432759,0.03661904190178893,0.056181070981018044,0.04126547455295736,0.005221942050771685,0.05079057962263874,0.04104699030570772,0.18337068475819704,0.028846152246856507,0.16903413958984864,0.08642217597817527
0.4294596104621702,0.06201409960297692,0.9671467847587571,0.893952579743692,0.06866360181418889,0.9090909090909092,0.1236516541772663,0.009119387604430453,0.012498668381451927,0.08126628249169399,0.2053500765223763,0.2051320801509709,0.7239766081871345,0.20367499282227963,0.2028057594900689,0.13519029895545684,0.17114741600717917,0.14855570839064647,0.03294099796609056,0.19351902152623507,0.15552822318280712,0.4705802244496079,0.10576923106539696,0.3294823363645428,0.27031249994284284
0.284110546626301,0.03626043506483704,0.9531308272366752,0.8689129240723487,0.026124678901862555,0.696969696969697,0.08754937882705677,0.012202804706792142,0.00700568811281808,0.06003063466715324,0.12286511606509865,0.12327028671293444,0.5321637426900585,0.12070054550674705,0.12031187752546811,0.0966502581342298,0.10762837099255422,0.11004126547455295,0.015935943363391582,0.11720884833579034,0.10467395588198275,0.3311749933241225,0.07692307573841223,0.31120528013582,0.16141585512599704
0.5642373608097397,0.11551409205500959,0.9862935597279066,0.937877263213338,0.15073956963496643,1.0,0.23406927093330698,0.046138018693611095,0.09447735633976984,0.17981696796623323,0.3099734574559411,0.30821543576568516,0.8292397660818714,0.30858455354579384,0.30775140857094085,0.24744867331012124,0.25719554463765515,0.26043099495644195,0.06966346644326205,0.2959015227794063,0.261974828520199,0.5772249013209646,0.2147435881048036,0.5994945934935578,0.3440495109517738
0.5786169977781531,0.13225548359826697,0.9855303703320242,0.9441385549034166,0.18246860164011947,1.0,0.2620203186438846,0.0007752607408005199,0.09039799554160485,0.21230577994134617,0.34122572170499904,0.3400681229002221,0.9543859649122808,0.3350559862187769,0.3342439246485687,0.28322727818465604,0.27949050423823646,0.2879413113250802,0.0815638736782888,0.3317409472421508,0.30728920328275144,0.6541344273534706,0.2435897434317883,0.6399746867757943,0.390421791742405
0.07658225381027246,0.014220370454236674,0.8751224881090498,0.7548153785830798,0.0045251906105810745,0.2424242424242424,0.032327622843399045,0.0855981086453628,0.00018992875251259275,0.019023268042429403,0.053806854729066426,0.05410500536690653,0.30994152046783624,0.0520241171403962,0.05178988105400945,0.036018729739464524,0.0538566686597525,0.036680421824850984,0.004909614532109429,0.05296373558146165,0.04288149979264107,0.1836052835259026,0.025641026272846812,0.11954325456501108,0.08869889755976126
0.26608500188402223,0.03299971317724137,0.9578818832702064,0.8749053261775116,0.019723348677569905,0.6666666666666667,0.08725762299734131,0.027175585500057865,0.014166624089827542,0.06991866331008362,0.10531089115092447,0.10570093349298428,0.4666666666666667,0.10536893482629917,0.10517329690968073,0.09436907191739705,0.09608389109604365,0.11233379183860613,0.013578290063871139,0.100261848045973,0.09520725794636713,0.2901732704075125,0.08333333384668803,0.39612256511822064,0.12925177967393958
0.4493224016735315,0.06393128330540586,0.9749028614433984,0.9086789666378579,0.06599765746529936,0.9393939393939394,0.14562118635118515,0.04307965470162632,0.03151724342675804,0.10621753340726942,0.19669725644895097,0.19657796739555844,0.7298245614035088,0.19374102784955496,0.1931876387228957,0.15512066274462719,0.16488973474490287,0.17423200366804215,0.03228650543829955,0.1882503660772742,0.17284546122301642,0.46850316026807826,0.13141025733824374,0.45039888567806774,0.23057281690674397
0.230425009420111,0.027368929547272918,0.9482104863559644,0.8487267595037393,0.015555212170265249,0.5757575757575758,0.07109287912484191,0.01646643393140059,0.007395698770312481,0.04718710562390462,0.09402764006305805,0.09432967918686522,0.4432748538011696,0.09319552110249785,0.09290877013260486,0.0776803938047785,0.08716498958399586,0.08711600183402109,0.011371831782017554,0.08843251717812899,0.08138767231272072,0.272129619275546,0.060897436627979126,0.2597226328007656,0.11449659352659397
0.12221392097501396,0.01997192156152348,0.9198090529151703,0.8103126766968066,0.007735022026770914,0.36363636363636365,0.048143287716901774,0.006899471401541941,0.0018013757931548875,0.034278003468557326,0.0712615142969101,0.07123454350294307,0.3684210526315789,0.07074361182888314,0.07048545899493484,0.05078640893264498,0.0681368582663197,0.058230169646950936,0.0072742763633372055,0.06718467447617643,0.055357998131500843,0.22276774251700796,0.04166666538327991,0.2352319840378384,0.09519399672735228
0.3429102295908424,0.04690306900351735,0.9601210736689211,0.8909927134296738,0.03674850273756341,0.8181818181818182,0.11064294375451596,0.0273563337145249,0.008694157715246585,0.08260216421019542,0.14645331313547869,0.14648748561397798,0.5754385964912281,0.14809072638530002,0.14768652893973028,0.12390443030375796,0.1281548981910123,0.1425951398441082,0.021288152089865984,0.137313058661738,0.1238374739776046,0.3670276968203499,0.10256410201125904,0.40332028348632726,0.2040454469051053
0.006183490768291257,0.002838035716981417,0.4907712730062822,0.4370597134365405,0.00012830998658513982,0.030303030303030304,0.0065117976071997945,0.12075726684311741,6.7749866665721784e-06,0.0024663671293517035,0.010999588430375318,0.011200753304425664,0.06783625730994153,0.010737869652598334,0.010670991975414035,0.007804058110217313,0.015110670482593657,0.004585052728106373,0.00039201995041343395,0.010240147381807006,0.008697100323839408,0.03985607349504962,0.003205125974009693,0.02534143149096213,0.020173104169595574
0.1053259358392994,0.01917183702428936,0.8955214320957203,0.7812213439099609,0.00692819067003094,0.2727272727272727,0.03875575495743863,0.02563310096758216,0.0012006426840426737,0.026197387958917275,0.06999107033568802,0.06874096635317732,0.3590643274853801,0.06976744186046512,0.06943258778669399,0.04130147676791932,0.06932430355720268,0.04447501146263182,0.007750875659234716,0.06515118365275477,0.04944594500017053,0.21752667510280077,0.03205128130099441,0.16525463648081873,0.09790582080342383
0.42043839247430587,0.07197741648174147,0.9771598466406157,0.920323211527948,0.061374148198162545,0.8787878787878789,0.1597002499273586,0.03357820716394799,0.04345584888375981,0.13894372252731418,0.19767976597214634,0.19720184606084562,0.6538011695906433,0.20057421762848118,0.20021626543736842,0.17072877896506183,0.1705246246305216,0.19761577258138469,0.03660314344239896,0.18600740023568668,0.1679591874266022,0.4334147680590972,0.16025640958510026,0.5878956603397141,0.23145129286842464
0.28241687564154205,0.046102984466283234,0.968524344585636,0.8981209480529108,0.029587415622152308,0.6666666666666667,0.11446748120155364,0.0374843861478027,0.026978823637588377,0.10706043919606126,0.13392771325837452,0.1333337208356099,0.5134502923976608,0.13712316968130922,0.13693016902851293,0.11742105895065434,0.12055536566651266,0.14580467675378267,0.02036712806380171,0.12526118815658965,0.11476991983374739,0.33002096671710707,0.11538461514768243,0.5267526576996371,0.15600994300565502
0.43521952106856543,0.07236991078302614,0.975920036549454,0.9247536751933056,0.055984587256810533,0.9090909090909092,0.17198726915629234,0.019048400835576657,0.04757996606361754,0.14957611135578794,0.1863019606651162,0.18685747278765263,0.6140350877192983,0.19000861326442722,0.18985828922656656,0.18813783167246967,0.16267776014917734,0.20770288858321867,0.0349493151740617,0.17456230126130806,0.17285653328087638,0.4078826803703514,0.17307692272152364,0.6178866544453655,0.22195761475884526
0.44468510842872555,0.07520794650000756,0.9768095517851573,0.9237684144361955,0.06494286536994186,0.9090909090909092,0.17091120462849257,0.017135274380334593,0.040220471954852934,0.1476531705467397,0.20130338596112185,0.2020398119838954,0.6432748538011697,0.2039046798736721,0.2036025268908998,0.1865770200504262,0.1735138230116268,0.20724438331040806,0.03789900199458947,0.1887286488655634,0.1783248581214922,0.4297667866211447,0.16987179366738575,0.5935488811734806,0.23858193196516794
0.5246988812806154,0.08583548450402308,0.9753883316780724,0.917552652414774,0.1165583592227858,1.0,0.17352238245570056,0.0024824195894925924,0.02912238127583656,0.11702185022530998,0.2667212687845388,0.26554174755776694,0.8421052631578948,0.2617283950617284,0.26074213192191686,0.18753751951014527,0.21750283281208074,0.2017423200366804,0.04980291844067383,0.2548665473340975,0.2151786428727142,0.5599633029515628,0.15064102550281475,0.44449808558873627,0.33695951404315405
0.4330236607200863,0.05742493546487931,0.9702146922539727,0.9018756396571722,0.059170386301418694,0.9393939393939394,0.1334910681382105,0.0070674713518791375,0.01967350009323906,0.09248820954538747,0.1812455690545646,0.1823430712655437,0.6923976608187135,0.17806488659201836,0.17753685049228846,0.14839716652659382,0.1521865516812291,0.16414488766620816,0.028002733888539924,0.17445296025321766,0.16111926117775277,0.4415630707106748,0.11858974420182035,0.4031596329738423,0.22420500846640973
0.2185491729792238,0.027867095391211148,0.948308289736354,0.8570220299631675,0.014500345639754775,0.5757575757575758,0.07342624060054403,0.0061576887108910966,0.005616255641493288,0.05520475111285258,0.09232722496099946,0.09290173329768313,0.43742690058479533,0.09273614699971289,0.09251038643218941,0.07972145515668148,0.08624732594481385,0.09353507565337,0.011239833135941475,0.08591698056968604,0.0810975966328563,0.26893047177465984,0.06730769165612673,0.3252407724206662,0.1184769609755442
0.42295453659550697,0.06615038570113069,0.9745374650398986,0.9113354259951573,0.06588065280161347,0.9090909090909092,0.14964884625721175,0.006695222039287711,0.02880046638872713,0.11440177674623739,0.19829112348649583,0.19938542138935067,0.6830409356725147,0.19730117714613837,0.19677309202663484,0.1595629727458278,0.16687611783465978,0.1792755616689592,0.032974255126314134,0.18884590886821992,0.16952965631302921,0.4465829226446683,0.13782051236639134,0.48646172100752655,0.23601934786820372
0.10401621558411185,0.016122458222000816,0.9118642401300177,0.7928378759936231,0.00551297156500174,0.33333333333333337,0.041360552553002985,0.013514989076400457,0.0016047473822069739,0.028125039123844064,0.057058501212939226,0.05711589805590108,0.32748538011695905,0.05753660637381567,0.05733879688122476,0.04634409893144435,0.05751602179610229,0.0504355800091701,0.005364187366542542,0.053310278075054666,0.04844271374697176,0.19530155068303778,0.035256410355132314,0.16703946055238034,0.07761632395539336
0.5132959993763236,0.09081714294340534,0.9808555132357879,0.9288693568430368,0.10709930926058804,0.9696969696969697,0.19920623918203764,0.013960402339650116,0.05554553195676016,0.14374295538388102,0.25235625663871664,0.2543758694582331,0.7672514619883042,0.25053115130634507,0.2499288600534973,0.22367631168207466,0.2101446311247962,0.2310866574965612,0.049160812115766575,0.2408193766910519,0.2263934207697847,0.5163148931387324,0.18269230680380916,0.5435980618752418,0.29446467402732845
0.24478580616659956,0.031127817278806817,0.947277816643172,0.8534097239191673,0.020356372611752306,0.6060606060606061,0.0760674039584671,0.009315489163088653,0.004789839309274121,0.049689296249279986,0.10822038444381828,0.10820226068828154,0.49239766081871345,0.10634510479471719,0.10597006431051166,0.08236282867090887,0.09688720455135474,0.09170105456212746,0.013299304501090927,0.10311823193525928,0.09132443143301398,0.30371898379709444,0.06410256260198882,0.25691131681921736,0.14414867698273667
0.35466133076933076,0.04948447383119726,0.9657930631708102,0.9007770489930318,0.035365454647943405,0.8181818181818182,0.12140758659601647,0.013020688991574615,0.01983015231054162,0.10086532956190841,0.1446583438142564,0.1442787226374955,0.5473684210526316,0.14786103933390754,0.14760116100392698,0.13146836354904548,0.12883428295420246,0.15451627693718478,0.02254614458048113,0.13471137890800503,0.12759891115243455,0.352674560460052,0.11858974420182035,0.4941515428513167,0.18339216911512382
0.2695516027181893,0.033422399347855625,0.96310842043064,0.8780296446926796,0.02054418649259419,0.6666666666666667,0.09351548129801693,0.041275830754488825,0.01891920592969326,0.07211951511596587,0.10504521926145843,0.1051158050553547,0.4643274853801169,0.10542635658914729,0.10525866484548406,0.10049225597310601,0.096286412521,0.11829436038514443,0.013757293293732455,0.10057407780567248,0.10007139958183899,0.28901604281994736,0.08653845982069773,0.39715868607975746,0.11923435963364222
0.29747281161077405,0.04030614555500204,0.9602574007074248,0.8808779595552655,0.028701636302328932,0.696969696969697,0.09826721651531234,0.021240991411439026,0.014032929903992714,0.07381276409756835,0.13105945907757469,0.1307413306053173,0.5403508771929825,0.1300028710881424,0.12964543850663027,0.104574378676912,0.11524727062150694,0.1228794131132508,0.018183788788786535,0.12448894329142585,0.11082315720110639,0.34004967127661245,0.08974358887483563,0.39162199252637836,0.1635989060453758
0.4696126710237387,0.08236341953112028,0.9799741200696577,0.9284637897778736,0.07609570719128622,0.9393939393939394,0.19103004497748807,0.01949658546059367,0.05887474855526205,0.1488861681763151,0.2173900078124294,0.2200780429585024,0.6701754385964913,0.2183749641113982,0.2180581640202607,0.2090286949213591,0.18497866181068465,0.22145804676753778,0.04172562127430345,0.20705676479439758,0.20039249585951813,0.45075601874700966,0.18269230680380916,0.5947494715877052,0.25190467192631316
0.3406429063316139,0.0407137357909515,0.9636429999161504,0.881408716250206,0.03132252712661168,0.787878787878788,0.10333853687982283,0.01965211428297776,0.0153561273604405,0.07072996013179578,0.13321974778421922,0.13353909704219513,0.5590643274853802,0.1315532586850416,0.1311820613510899,0.11177812462480491,0.11657280441633505,0.12838147638697844,0.01843166084881107,0.12598599508610972,0.11665725850228714,0.350327753750378,0.08974358887483563,0.35177463239161144,0.1577673221146702
0.5274242168314645,0.1059734613468593,0.9825438548204477,0.9342231113242844,0.13193697736200516,0.9696969696969697,0.2147626566455703,0.013855035165255193,0.07197309979349062,0.16514458127477355,0.28685482764597786,0.2868330601442284,0.768421052631579,0.2873385012919897,0.28658016049171936,0.23616280465842238,0.23950685288705004,0.24209078404401646,0.06162075990659671,0.27119220911212877,0.2406987717354919,0.5355934494601887,0.20192307496838016,0.5852246507272514,0.33611721711823556
0.2944005561113782,0.0441556088945247,0.9609994854178738,0.8808793971483829,0.03246389583131898,0.6666666666666667,0.09919488422483073,0.020214589867280593,0.014257443687166171,0.07589052686694026,0.14480719893599803,0.14201377183090952,0.5497076023391814,0.14464542061441285,0.14415798759319337,0.10049225597310601,0.1266655253014415,0.11875286565795505,0.02128920690594937,0.13663400700211298,0.11191000477450154,0.35222851925665055,0.08974358887483563,0.3956642374374809,0.17894504020133853
0.6332861245013838,0.18401944356384825,0.9876377828975599,0.9555592559558708,0.28781601566183845,1.0,0.32668004197862704,0.037578723302363545,0.12389499369575636,0.251667001143253,0.43787032024388584,0.43791438524701337,1.0,0.4326155612977318,0.4315064595071425,0.3558650498259095,0.36174543494696404,0.3425034387895461,0.12632486989652314,0.42370840528130627,0.3964240455164347,0.7267952229472137,0.3076923060337771,0.69239577797346,0.5031219088550749
0.5208112989358523,0.08447685038419155,0.9752114950492963,0.9175425178878623,0.11316494162629614,1.0,0.17411411533473473,0.009766999422226499,0.031526120888261865,0.11778344039683014,0.2615451030197381,0.2601322157767677,0.8362573099415205,0.25656043640539766,0.2556200557737181,0.18693720734782085,0.21353439501713964,0.2017423200366804,0.048401471197052424,0.24985830594143082,0.21410934111534285,0.5543738277951086,0.15064102550281475,0.4490105497674536,0.3293940753712574
0.11916635266296792,0.02069652642543363,0.9533685264895132,0.8660333939432385,0.004651261356422228,0.3939393939393939,0.06155053525663306,0.048155958050894614,0.01847279933468818,0.0942719469425514,0.050463200664426174,0.047397340959378136,0.25380116959064325,0.06149870801033591,0.06163564964999147,0.05414815704166167,0.06036692561109587,0.09628610729023383,0.006409555556907359,0.045378654660392814,0.045693289242341194,0.15994201907131006,0.07692307573841223,0.5077748498704518,0.06649055134298702
0.17809142055273314,0.030357924610902285,0.9486605876527616,0.8698054691836077,0.012239726386774579,0.4242424242424243,0.07419033031592581,0.01957706580631773,0.009802119346586546,0.09041776022330064,0.0882844775817779,0.08327230172477264,0.36257309941520466,0.09681309216192936,0.09666495930795062,0.06327290190899268,0.09104600198743736,0.1008711600183402,0.013012922214896958,0.08172130374456955,0.06709777880404605,0.23303605194625568,0.08012820479255013,0.4639497991533328,0.11634555406355876
0.49215727037667456,0.07721570581042526,0.9824421793257584,0.9235943134932316,0.08265439923775256,0.9696969696969697,0.18387096382996318,0.06495894615532308,0.07256498437638957,0.13391492180003525,0.2168447807467565,0.21742365236395764,0.7134502923976609,0.21458512776342234,0.21415969495190945,0.1997838876215632,0.18204356954408055,0.21091242549289313,0.03957434694204806,0.20903971073085303,0.20762365352513001,0.4707800882115292,0.16666666461324783,0.537458603700712,0.23638740012874418
0.18284695243168797,0.045982216988964875,0.9706717317186251,0.9076775466935891,0.017983147472656915,0.4242424242424243,0.11247051398808795,0.008296958286349514,0.03616830879866197,0.1602336634011918,0.10762274591695822,0.10059752851048,0.37894736842105264,0.12305483778351994,0.12315747538557853,0.0998919438107816,0.11097787253722627,0.15130674002751032,0.019639183420984738,0.09998205726553917,0.09113633257229775,0.254662402589564,0.13461538331225342,0.650097895999364,0.1340807714091748
0.41519561347660566,0.06192352399498815,0.9754382268381343,0.9098524647403318,0.057332534604456926,0.8787878787878789,0.1470963387343438,0.046763847607915715,0.03563411616757311,0.11344210371435112,0.18560253875203217,0.1861560936670503,0.6666666666666667,0.18369221935113408,0.1832565021911104,0.15548085004202183,0.15719519448823077,0.1746905089408528,0.030525427946776793,0.17479342711972823,0.16324268050761295,0.4313696466574567,0.13461538331225342,0.4903528995221204,0.2108696887188892
0.2368131439782753,0.030010718113612004,0.9508314241003736,0.8712263800119006,0.015420763178259807,0.6666666666666667,0.08320609764082518,0.0055268713454052374,0.007850891777775574,0.06784288384845,0.09288033839073813,0.09335704847265977,0.4245614035087719,0.09549239161642262,0.09535598429229983,0.09028694921359107,0.08676418240105663,0.1104997707473636,0.011123401161887776,0.08622203925725468,0.08647729181183246,0.26380460919405674,0.08012820479255013,0.3966092827444036,0.12206900509919051
0.15971440822213273,0.01794906631644098,0.9462236332732012,0.8475482211356036,0.006200593055008498,0.5454545454545455,0.06294392364334717,0.04567913661217208,0.010208041222867071,0.05256050607071907,0.055858541630555064,0.05596501629447073,0.3239766081871345,0.05736434108527132,0.057395708838426956,0.06891583623484213,0.056380583483314414,0.08574048601558917,0.005448349849929607,0.05358914622614167,0.06079493995818871,0.19343453307814135,0.060897436627979126,0.3664836313132429,0.06663494832463016
0.35243298727960193,0.04691816493818215,0.9679586048069091,0.8972471338395165,0.032516205604848795,0.7575757575757576,0.11595802164978725,0.018052262561917765,0.03452345529347036,0.09831839055568689,0.1404339636126448,0.14050445046364649,0.543859649122807,0.14229112833763996,0.14202378919811057,0.12270380597910914,0.12610497661040526,0.14672168729940394,0.021815743557653925,0.12921384207074424,0.12384728325934558,0.3480674105827384,0.11217948609354454,0.4648175371822003,0.16400336629396203
0.4050849109312267,0.056760714339628336,0.9747255341251443,0.9036231298888926,0.04722641173279802,0.8484848484848485,0.13443629570611812,0.04432953885870444,0.03394301411697536,0.12082211576542479,0.1711669600777464,0.16992168578990402,0.616374269005848,0.17111685328739593,0.17070741562802347,0.14203385760595508,0.14797384895623894,0.16368638239339756,0.02807607007474177,0.15849611132086666,0.14683881032592094,0.39947859682787473,0.12499999922996795,0.4821468035325192,0.19374318214977873
0.012582669594480464,0.0036683121235451294,0.6678987688019625,0.602836740317836,0.00021187362147778914,0.09090909090909091,0.010745700339920184,0.1085685960813388,2.0324959999716535e-05,0.01143314932782602,0.01306367992534242,0.01300651391326924,0.08421052631578949,0.013608957795004305,0.013573501792726655,0.012006243246488175,0.0165727794923586,0.013755158184319119,0.0004509167291991354,0.011154335217014382,0.0112070263173485,0.04961823599919059,0.009615384082285502,0.16308878850509922,0.02533741883701204
0.0195054766576147,0.004906178766058301,0.7682282619500699,0.6815626481906136,0.0004401055734838118,0.12121212121212122,0.017231439688299096,0.06936130975000543,0.0001061777820253933,0.01863875425465994,0.017140683698474726,0.01703266256689258,0.10994152046783627,0.017800746482917025,0.017784986625690058,0.018249489734662023,0.021089404518559455,0.021549747822099955,0.0007733004553922519,0.015537534316480976,0.016485259924572185,0.06479636822596337,0.0160256391104331,0.2200426804383564,0.028557942846680198
0.42937905227187095,0.06408224265205381,0.9744706557026969,0.9149071494315776,0.05211967514569953,0.9090909090909092,0.15071845084123425,0.010282971556073073,0.046842297568301806,0.150040577236759,0.17859262904268575,0.1780572960866145,0.6502923976608188,0.17898363479758828,0.17873200159353483,0.15968303517829271,0.154078046525818,0.18936267767079318,0.031808877231567695,0.17049785690267152,0.1575081257599516,0.42067467353428367,0.15064102550281475,0.5908546562095197,0.2044267025430172
0.45530969426867457,0.06338782965747325,0.9742131676585903,0.9044295407192234,0.0651290504862476,0.9393939393939394,0.1379944957112247,0.1527666615377998,0.031084167654592404,0.11272712127468182,0.19806135098345423,0.19683371889809853,0.7321637426900586,0.19632500717772033,0.1956917648397929,0.14815704166166405,0.16685268373123815,0.16781292984869328,0.03296185416038651,0.1863506027757757,0.16709910151930996,0.4710013036917429,0.12499999922996795,0.43952745012841965,0.227323986519116
0.18598547353923314,0.024591277568950683,0.9455519398323856,0.841405329857148,0.010055092739628053,0.4545454545454546,0.05880570626888695,0.07998039206122359,0.008459572805993484,0.0536179809654519,0.08210986526639892,0.08033890949109326,0.3906432748538012,0.08372093023255814,0.08348984121563942,0.06027134109737064,0.08067631047495477,0.07840440165061899,0.010407260856952085,0.07449318588411043,0.06327240009511724,0.24062631004914722,0.05769230757384122,0.36611675044328623,0.09380705789025673
0.3411165105310344,0.03949096508310312,0.9690267128762348,0.8910359261234627,0.025225312967127045,0.787878787878788,0.10940620202958898,0.05566357707866543,0.028230959939087176,0.08401849384883306,0.11954939287319137,0.1202206437962823,0.5005847953216375,0.11989664082687337,0.11974275795344604,0.12018249489734663,0.1080389836218958,0.13984410820724436,0.017156617414428837,0.11222939978454446,0.11435639455009579,0.31475078649650956,0.10256410201125904,0.44704989221163827,0.13304885580466333
0.04382755349973364,0.009042464864212067,0.8130792067237419,0.6883007746050076,0.0011452778198500853,0.15151515151515152,0.018793152202053437,0.03850906944766538,0.00018047071381086758,0.014659247277693209,0.03255507516280002,0.031112557786276994,0.22339181286549709,0.033534309503301746,0.033378862899095106,0.018729739464521552,0.038465546881721296,0.022925263640531865,0.0026563525527192695,0.02850345462406473,0.02098909288772601,0.1303228910831423,0.0160256391104331,0.14424952171888195,0.04993246744058297
0.4635961436014709,0.07754781637305075,0.9799714348798038,0.9198057833689037,0.08310634818691937,0.9090909090909092,0.16960408143747963,0.04982714462384639,0.05185361979390674,0.128879923236074,0.226429013276201,0.22569488845746968,0.7052631578947369,0.22463393626184322,0.22403391952649257,0.18081402329211188,0.18949461952333946,0.19715726730857402,0.042114590903186574,0.21907377333527162,0.1938024483355774,0.47172907485171794,0.15705128053096234,0.5263753366034845,0.25619501961670305
0.3126950612632044,0.03429796355841372,0.958361328200818,0.8720961695392109,0.021347375866443977,0.7272727272727273,0.09035604305317704,0.021207125370641924,0.012081435827531238,0.06476441836835506,0.11155935597979448,0.11063771249656092,0.4888888888888889,0.11180017226528854,0.11151898013772696,0.09845119462120303,0.10196162240189316,0.11325080238422741,0.015245937451400357,0.10388857153414778,0.09867980060851439,0.30470869915728205,0.08012820479255013,0.3514998927913072,0.13302662149340208
0.27546873172823305,0.03822290657126036,0.9624716425185326,0.8852799887794518,0.021828595948031604,0.6666666666666667,0.09529946240060923,0.019376419214361063,0.017263185613703345,0.0853225186867875,0.11583179371243195,0.11426279629392823,0.47134502923976607,0.11869078380706287,0.11849069489499746,0.0998919438107816,0.10647476833091937,0.12242090784044014,0.01672503824534118,0.10806013913770633,0.09831843124152721,0.2993089049480372,0.09615384698311145,0.476313517100448,0.13695672262348646
0.3366890583787015,0.044850021889105265,0.9691117653832282,0.8991937552104828,0.029715013962415934,0.8181818181818182,0.12242092528351237,0.03010569086944935,0.021914706183411427,0.0971456358986634,0.13176003108541834,0.132271964597792,0.52046783625731,0.1323571633649153,0.13220647658072965,0.13170848841397526,0.11650101127846062,0.1499312242090784,0.019062114253416102,0.12354328443783624,0.1268140369347971,0.33116062242445277,0.11538461514768243,0.4941238432796905,0.1556442827373196
0.11435494978106363,0.01598659481001766,0.912577434615821,0.8166318303535639,0.005138090727981911,0.3939393939393939,0.046816108953060286,0.014547210480270342,0.0024210712708509488,0.03974325585500335,0.05463369071158827,0.054837384669634934,0.31461988304093563,0.05478036175710594,0.05469239087132207,0.05138672109496939,0.054979469074038334,0.06281522237505731,0.005165119699622315,0.052947245808531544,0.052013773199198116,0.18737725573756897,0.04487179443741782,0.30363804253763194,0.07955503786050534
0.3343281836726739,0.044306568241172656,0.9658625506448343,0.8952000220887015,0.032523203160930915,0.787878787878788,0.11356079481259784,0.023774348630215644,0.023004492158296762,0.08986677254224479,0.1357911953674183,0.13730174414774687,0.5450292397660819,0.1343669250645995,0.13414148312560473,0.12570536679073116,0.11845873815561243,0.14351215038972948,0.01952626755799195,0.12990061408399473,0.1291674010660848,0.3446378529068742,0.10897435703940664,0.4569146670288622,0.16079299853848816
0.13344983953328224,0.032229820509336836,0.9650470438763538,0.8987100437047588,0.006723711002823214,0.4242424242424243,0.08205049417209355,0.10921870212472547,0.02542977266467878,0.17351736280561691,0.06056645452894994,0.05614907987584427,0.2573099415204678,0.08004593741027849,0.08041659552672017,0.07179733461399929,0.07454020609840971,0.13296652911508483,0.01014253567341292,0.05490152532073092,0.05565238800928932,0.17113714591314494,0.12179487017583004,0.6885977940884003,0.08675839561828558
0.12595597884697843,0.027202874265960176,0.9549589760271014,0.8847458959910943,0.006671030582854241,0.4242424242424243,0.07263328422294142,0.006193882695572783,0.014431438366288116,0.12962019284940707,0.05984772745382986,0.056941522031441934,0.2678362573099415,0.07499282227964398,0.07520915144271813,0.06555408812582543,0.06982431562454659,0.11737734983952315,0.008262152823616968,0.054508405174803716,0.054438929777959645,0.17391061631674423,0.09935897295712114,0.5995373202213912,0.08646908269517017
0.10520509855385055,0.0170282143018885,0.9330078713957649,0.8499827192761195,0.0038464133027731467,0.3939393939393939,0.056986600014597974,0.013035876054059734,0.005736501162403093,0.07394304262463014,0.044984067080098354,0.04172624514169021,0.2502923976608187,0.05271317829457364,0.0528142962836492,0.04958578460799616,0.05256369849763997,0.08344795965153598,0.004855964254893092,0.041770886047914305,0.04409845887508901,0.15370245035680555,0.06410256260198882,0.4489593780696213,0.06561830472828405
0.4458090251159649,0.059432694775297015,0.9654188716370159,0.8960520218391752,0.06396945815963817,0.9393939393939394,0.1286505973737263,0.028149552879577898,0.011768865977630423,0.08422203080547955,0.19555874478657936,0.19439245455567053,0.7415204678362574,0.19190353143841515,0.19116726424221733,0.13987273382158721,0.16275881056243807,0.15451627693718478,0.03066726956851128,0.1843962511675849,0.16153168806347654,0.47350223934130264,0.10897435703940664,0.3487695454617187,0.26416735286601223
0.18201863232982085,0.04546895521036185,0.9675701691721901,0.9040565555240446,0.01874586947446319,0.4242424242424243,0.10375057469595036,0.002709671254415888,0.026824988310692067,0.15839042677187787,0.11110515069938084,0.10466823992590957,0.39766081871345027,0.1258685041630778,0.12588924933128454,0.0920878857005643,0.11310534550005064,0.1476386978450252,0.01982711952453505,0.10299604743903575,0.08805751713285152,0.2655817926812701,0.12820512828410585,0.6344350671579017,0.13994197166239408
0.32198523966061615,0.0438838820705584,0.9561480002610789,0.8754490243290082,0.03704396843397426,0.7272727272727273,0.09687309550162435,0.017955264900060258,0.006286169760034681,0.06523012381666254,0.149950669149776,0.14857999790748772,0.5988304093567252,0.14677002583979326,0.14620681805247288,0.10313362948733341,0.12808683035828633,0.11508482347546997,0.02115321702674006,0.1432787668308763,0.11956900029988186,0.3782210185406978,0.08333333384668803,0.3173634105002529,0.2028737627821764
0.1313267414212024,0.019096357350965387,0.9443222246444682,0.8566105341754084,0.0035196121850131117,0.3939393939393939,0.04968262648404966,0.049923698867821116,0.01109219891348658,0.09626888992158622,0.04914601356618919,0.04537845409841783,0.2549707602339181,0.05811082400229687,0.05822093221785898,0.046704286228839,0.05929577591354825,0.08436497019715726,0.00656166116486551,0.04377827386081914,0.03861592001494883,0.15881533840457135,0.07051282071026463,0.5571382456691856,0.06423626677201294
0.16727453451658592,0.032169436770677656,0.9502810226500318,0.8857144588315398,0.00964876232708265,0.4242424242424243,0.07613455164822172,0.06913067702372597,0.020493922530391936,0.13550987309185653,0.0782314992881735,0.07288724071253919,0.3181286549707602,0.09204708584553545,0.09214045871037506,0.06891583623484213,0.08679976516615888,0.12058688674919761,0.012863267485390755,0.07116494587030314,0.06305206222324032,0.20807539310922737,0.10256410201125904,0.6133679483069281,0.10375577651458401
0.27288047503345764,0.03814742689793638,0.9531640167878149,0.8619028176753164,0.029866152460543104,0.6363636363636365,0.08405364922109845,0.00812424702100781,0.006431153402218936,0.054627608560997444,0.13304370113637576,0.13140008447549628,0.5532163742690059,0.1305770887166236,0.13004382220704572,0.09028694921359107,0.11560301933391089,0.09949564419990829,0.017745346252631588,0.12665573924524326,0.10793931947169316,0.34686625329462467,0.07051282071026463,0.25972009831768184,0.1762860329700392
0.5840507776464015,0.13524447866189634,0.9887548510964843,0.9463376763937454,0.172245290292416,1.0,0.2687101116339047,0.06258782445440755,0.13567653365449392,0.21953952304671773,0.334449034782973,0.3343563393434937,0.8631578947368421,0.3329888027562446,0.3322804621250925,0.2826269660223316,0.27883248515424786,0.29344337459880787,0.08226051491254052,0.3216753216848214,0.29464354294304895,0.6068162751219709,0.2532051275140738,0.6636942574307884,0.3626557580166544
0.03861206034068319,0.005842126715275577,0.8442760507645892,0.7486157007296381,0.0004715994393917414,0.2424242424242424,0.02075834326041977,0.05562084268021278,0.00035113668094209426,0.03334659257194233,0.016722542103736904,0.015738404963129157,0.12163742690058481,0.020155038759689922,0.02020374480678391,0.018489614599591787,0.023844086565271556,0.036680421824850984,0.001022529082674417,0.015050569142881751,0.015098755191373709,0.07192342149211886,0.025641026272846812,0.29882355527872706,0.030343337281487758
0.09188051401322714,0.013088175354377066,0.9273001250392661,0.834532790448477,0.0022075548287467848,0.3939393939393939,0.0458686034297694,0.0024713341424231635,0.006410643733725233,0.06541159647472009,0.033525672990271024,0.03141093453924042,0.21637426900584797,0.04099913867355728,0.04111888907859542,0.040941289470524674,0.042301729977338144,0.07381934892251261,0.0031718784803098296,0.030866191477641632,0.03370180347836189,0.13055330125812029,0.05448717851970332,0.42983120530574326,0.048078264699250695
0.0782739758065564,0.015654484247392176,0.9288247073231473,0.8521155321518201,0.002435228758995212,0.3939393939393939,0.05092224183139502,0.04154116093009561,0.0038239144129755386,0.08806456559176759,0.03523216716463032,0.03216656397856337,0.21520467836257312,0.046281940855584264,0.046468613055602986,0.040220914875735383,0.04447890098441931,0.08528198074277854,0.0033591756804429904,0.03287839983784579,0.03352472600482941,0.13264194360565473,0.06730769165612673,0.5250123805384412,0.057276711629521276
0.13322570585865937,0.023111875971800793,0.9539883851866012,0.8774635076425857,0.00466820092577315,0.4242424242424243,0.06551885672570844,0.0337216528490264,0.015703545214684134,0.11382351858377945,0.05156975612240623,0.04896478766812755,0.2631578947368421,0.06459948320413436,0.06482271925331512,0.05859046704286229,0.06325756854602012,0.1104997707473636,0.007407704471184339,0.046753628754714276,0.047197325887091815,0.1662616493667496,0.08974358887483563,0.5899160985490264,0.0716932909860965
0.6258643763886543,0.1792340322751083,0.989420338877146,0.9552203070426664,0.27349931854618414,1.0,0.33130500772881416,0.01860315385403304,0.1492544662058635,0.24192623309989394,0.42757804009066036,0.4289688951922593,0.9555555555555556,0.4199253517082974,0.4189004609868534,0.3617481090166887,0.3510197916066208,0.34342044933516735,0.11865093241570535,0.4106547488354274,0.38398865181659564,0.6978118171096567,0.30448718005976744,0.6850773562344875,0.47407534479035823
0.20186843028468227,0.055930437933064625,0.974547788662879,0.915841198018719,0.02621899876567377,0.4545454545454546,0.12428783816530733,0.12730699238961884,0.04257678560371431,0.18649588073180587,0.1289709691437791,0.12375466455865428,0.4421052631578947,0.14521963824289405,0.14529622673723752,0.11345899867931325,0.1283897038507981,0.17331499312242088,0.024867754941713498,0.12105426674637622,0.11012437200875431,0.29794663739364535,0.15384615455695264,0.6776863898047144,0.15630450464770568
0.14170380572482882,0.023202451579789563,0.9503561021704683,0.8691559947960245,0.006193278716687882,0.4242424242424243,0.06400432147593207,0.012594287270049027,0.012266613387719855,0.09720513513081341,0.059552317399865766,0.056815583791554776,0.2818713450292398,0.06959517657192076,0.06968869159410393,0.06027134109737064,0.067736479808895,0.1008711600183402,0.0079807692420946,0.05495119566364201,0.052715567127767246,0.17828875238591232,0.08012820479255013,0.5175059057570084,0.0790214629670707
0.49642555513688397,0.08002354965807709,0.9748370395306083,0.9184956584179957,0.10228323813174543,1.0,0.16889902725294118,0.038480413566990904,0.026895758832263028,0.12534529697616226,0.24206455153287093,0.24363236884016692,0.9976608187134504,0.23686477174849266,0.23612771043196182,0.18717733221275062,0.1980476487979417,0.2063273727647868,0.04298688263694793,0.23297158995054065,0.218768306666193,0.6262353389518049,0.15384615455695264,0.47709163200253824,0.31058675856593304
0.3323493107077427,0.045317995863713906,0.966878251667304,0.891198673101188,0.03512750035521851,0.7575757575757576,0.1125705458315998,0.03269996261987248,0.018952949455384737,0.08279082635880444,0.14355022751338833,0.1437439694958208,0.5625730994152047,0.14206144128624748,0.14171077343349842,0.12162324408692521,0.12470520336908675,0.13709307657038056,0.02073107225756746,0.13702420841044657,0.1309839129167257,0.357441832991466,0.10256410201125904,0.4162990824868943,0.170975310465956
0.16392227433961776,0.03772474072732213,0.9642190401436114,0.9024404301112562,0.009528360852717329,0.4242424242424243,0.08481584359933857,0.18116896261056067,0.03383245191716591,0.1896637190168595,0.07745592467207923,0.07245130065139133,0.3017543859649123,0.09405684754521963,0.09438848101986229,0.07828070596710289,0.08812170866494777,0.1425951398441082,0.014439839038261145,0.07023816135625488,0.06524984030453919,0.20079100941486672,0.13141025733824374,0.720440456557896,0.09930615474307282
0.5626911632862545,0.11909182857056595,0.9824125777525059,0.938680688378466,0.16967072444030146,1.0,0.23649597386821183,0.012834508908043557,0.062042812238293915,0.17901149711100242,0.3215506399045093,0.3224057691338937,1.0,0.31828883146712605,0.3173979853167151,0.2582542922319606,0.26464416814671016,0.2691425951398441,0.07117766664388239,0.3090466645915368,0.2913873771833696,0.668756897995028,0.21794871715894149,0.580164685680335,0.3906214640515767
0.09075529800033783,0.012771160726416375,0.9105879981083729,0.8138665506844327,0.002057668738726824,0.33333333333333337,0.03457899604169871,0.018390867542653476,0.0033841221114382803,0.05860538014369313,0.035430394211408776,0.03333100831967388,0.21754385964912282,0.0425495262704565,0.04257014398725173,0.030856045143474606,0.04561375431307096,0.06006419073819348,0.003754902840562719,0.03216072418198699,0.028047778246466436,0.13193354944738617,0.04487179443741782,0.40297570933554977,0.05294703365907714
0.12197679404389122,0.02439503041830835,0.9617040903188725,0.880681900558258,0.004974032959271591,0.3939393939393939,0.06748855622988893,0.08735991874810715,0.024859009055287967,0.13924035099092874,0.05253912170549195,0.04942785288863572,0.2584795321637427,0.06609244903818547,0.06635934209777475,0.05847040461039741,0.06402641923494484,0.11279229711141678,0.0075958085922340135,0.047656867174145266,0.04726829465039336,0.16464680240977814,0.09615384698311145,0.6420392155367868,0.06823616834878259
0.08448605173914737,0.017571667949821113,0.9416869349885096,0.8604477270089655,0.002805097162356673,0.3939393939393939,0.054416473936224195,0.0069337254329864765,0.007092923755760063,0.10009506241903302,0.038296183903438044,0.03484614222108555,0.2198830409356725,0.05099052540913006,0.05119230550338627,0.04478328730940089,0.04861791355451492,0.08895002292526363,0.004007376715980343,0.03477013739364163,0.03599638139052561,0.13740502703657137,0.07371794668427432,0.5474246107794094,0.05922121709835298
0.35764003482192747,0.043974457678547164,0.9680150109226319,0.8866543293063979,0.03613958313908147,0.787878787878788,0.10885626765715023,0.05140083468982253,0.023152071869004358,0.07562798650507835,0.14277843178007557,0.14257371262056165,0.5789473684210527,0.1405684754521964,0.1401741505890388,0.11898187057269781,0.1240770118355732,0.13342503438789544,0.020543517392806132,0.13519715842711744,0.12891444641207703,0.36498856964069376,0.09615384698311145,0.37336096254090845,0.1628456264123795
0.1364123020152541,0.02949745633500898,0.9625671224288272,0.8910252866099075,0.007419055812834016,0.4242424242424243,0.0792629470895919,0.019253315324655053,0.024605902917835338,0.14585567395214105,0.06398856148611959,0.06070804415975944,0.2783625730994152,0.0780361757105943,0.07831085311023847,0.07227758434385881,0.07312391152718606,0.1242549289316827,0.00948729359874689,0.059652090534963884,0.06041919785442484,0.1807942853828542,0.10897435703940664,0.644366164547888,0.08388530484255527
0.11750971245923365,0.01737542079917878,0.9147687762411878,0.8016302031383472,0.005901803591688858,0.36363636363636365,0.0445632599933043,0.013897547854766452,0.001811446288483275,0.03273684939913833,0.061219297604270466,0.0605801684084894,0.33216374269005844,0.06161355153603215,0.06140800182118263,0.04610397406651459,0.06101226853085884,0.055020632737276476,0.006011391599543124,0.05709467317724409,0.04950921119482191,0.19974398055886897,0.03846153632914201,0.2238925474039054,0.0827600736224699
0.2721814378337643,0.038177618767265976,0.9591478863052488,0.8806741248781988,0.026768288963749026,0.6666666666666667,0.09375643767193538,0.005710335494404288,0.012547898571390066,0.07500411226463871,0.1227591430479647,0.12338847490729007,0.5052631578947369,0.12190640252655756,0.12162085254111892,0.10217313002761436,0.10871657064313174,0.12012838147638696,0.016613012549295116,0.11857708847666718,0.1120086783479719,0.31814380404510245,0.08974358887483563,0.4017657174655389,0.1538421461269302
0.08932474045970142,0.010084084356082906,0.9193072901777055,0.8087240359494501,0.0020029587296665294,0.3939393939393939,0.04134567355859984,0.03883254279315132,0.0038888120725845106,0.03750025875968149,0.03145714541551692,0.031596935631996836,0.22456140350877193,0.03313235716336491,0.033208127027488474,0.041661664065313964,0.03596790354423162,0.05960568546538285,0.0023933880537871936,0.0303870973027659,0.035832462227693776,0.13071202754538813,0.04166666538327991,0.34084764421746516,0.03771439413492226
0.08657796603562751,0.011231375390607309,0.9158617966253869,0.8161939132035011,0.0023504347200388855,0.3939393939393939,0.0424152437214737,0.006125707196095794,0.002458245308331049,0.04112760465636033,0.03470525946548525,0.034675641219392164,0.23508771929824562,0.036692506459948315,0.03676512435262649,0.04418297514707648,0.038007038129424596,0.061439706556625395,0.0025623875487983333,0.03267952453411809,0.03763796379854569,0.1378580490585955,0.04487179443741782,0.3592782260441047,0.046169895328056466
0.17275314111975887,0.01920202889361895,0.9478809787995213,0.8429696218178295,0.0073740391473679934,0.5151515151515151,0.06233177612455513,0.0553068473919712,0.00935372534311776,0.04799220460893449,0.06254412461769618,0.06273855608901702,0.34269005847953216,0.0632213608957795,0.06317227249445109,0.06915596109977189,0.06259659943206325,0.0811554332874828,0.006562301436491029,0.058581296373658054,0.06323955174191329,0.20589889085282603,0.05769230757384122,0.3223965565960758,0.07021750285869024
0.5283460883801306,0.10905303201847744,0.9868977798389825,0.9404373811262925,0.11546701964109861,0.9696969696969697,0.2366173174753131,0.17276325608846008,0.10771103190015006,0.19336407542965575,0.26976055848601527,0.2717456590057467,0.7532163742690059,0.26804478897502154,0.2676853907005862,0.25429223196061956,0.2261283864236005,0.2608895002292526,0.06003090785508143,0.26033095157805225,0.2527473788751788,0.5180874787707938,0.22756410124122697,0.6636921973973355,0.29037761759340847
0.33645063212192877,0.04174025934815754,0.9623590076204508,0.8838487246737883,0.03116294817308409,0.787878787878788,0.1029542388862085,0.008501872775427908,0.015148006321455508,0.07489267516109108,0.13313102618847916,0.13382197370409551,0.5356725146198831,0.1337927074361183,0.13343008366057713,0.1123784367871293,0.1179765450080296,0.1315910132966529,0.01878999218016161,0.12681652857642103,0.1143862900732482,0.3396008378473159,0.09294871792897354,0.3754752746655733,0.1656665399114322
0.35185153905123245,0.04862400555530396,0.973913400720878,0.9042933401591259,0.032173125338826415,0.787878787878788,0.12628420536380333,0.05481243645267467,0.04104162082640116,0.11004730064999196,0.13913164559665683,0.13902806678989238,0.5345029239766083,0.14016652311225955,0.14003187069603326,0.13038780165686156,0.12389392690800895,0.15543328748280605,0.02212892828833915,0.13319639109505815,0.12847627006069498,0.3422433361508089,0.12499999922996795,0.5457487157911939,0.15094413123892111
0.2774560503098892,0.036215147260842656,0.959617064037132,0.8721667615702433,0.025170444320930255,0.6666666666666667,0.08966598634425858,0.02196315286077698,0.011302827998335645,0.0649451472860107,0.11956861588560172,0.1198738292587469,0.5099415204678363,0.11909273614699971,0.11874679870240738,0.09568975867451075,0.10675485707522735,0.1118752865657955,0.015928751969502056,0.1150521298477187,0.10504907756795358,0.31908819333790905,0.08012820479255013,0.3396857293264762,0.14487044751809866
0.21617400569104636,0.028380357169814168,0.9429330565352979,0.8659136928371115,0.012474376586367523,0.5454545454545455,0.07614200980530914,0.022104492310912206,0.008295712653276409,0.07229540972100934,0.08879068357525029,0.08635488233493371,0.39649122807017545,0.0907263853000287,0.09060383586591544,0.07491895785808621,0.08541542156104429,0.10041265474552956,0.011882474897476653,0.0836610045451393,0.07443132762733114,0.24714859582463342,0.07692307573841223,0.4604023024974061,0.11026260104344762
0.45518495900627576,0.06977341002068144,0.9757113111500639,0.9131328116893743,0.0770440621011423,0.9393939393939394,0.15741870278784612,0.024122930513313844,0.03175802897318306,0.11230356111581391,0.2127278522555412,0.21402138237562146,0.736842105263158,0.2085558426643698,0.20795629161686877,0.16844759274822907,0.1761013067892071,0.18661164603392938,0.03616249502628796,0.20423928724749518,0.1826802989380715,0.4795830817685393,0.14102564142052926,0.47370888433358366,0.2515549411479542
0.12595532918415345,0.01746599640716755,0.9226780377172205,0.80916470803081,0.00608487077443226,0.36363636363636365,0.04547620414708021,0.047111099237365575,0.003366476292815913,0.03666330289410464,0.06123014135486092,0.060562730806043484,0.3368421052631579,0.06121159919609532,0.06103807409936829,0.04874534758074199,0.06194242555525717,0.058230169646950936,0.006420757762160344,0.05744111840769657,0.05102326727927039,0.20191268448733846,0.04166666538327991,0.2697942769943367,0.07537381100934411
0.5544742278757325,0.11270624820735776,0.9814512979211764,0.9353960081871098,0.16764987976874,1.0,0.22564844816177246,0.014781667685788766,0.055037691869358495,0.1601938732896915,0.3158727042260232,0.31632392090303535,0.9461988304093568,0.3092736146999713,0.308348984121564,0.2523712330411814,0.25650398506592337,0.25492893168271435,0.06782541957665975,0.3081088155406936,0.2829791866848765,0.6368936018448379,0.20512820402251805,0.5570748789234596,0.3799464510598287
0.046149448436261585,0.0095255347734855,0.8531980368837939,0.7154928013982804,0.001657782952791486,0.18181818181818182,0.024215110662429387,0.005835933609700919,0.0005766029785287157,0.016721267541892113,0.0344390946782651,0.033619697515722906,0.23742690058479532,0.03502727533735285,0.03488702976495362,0.024132548925441227,0.038160581441115206,0.027510316368638238,0.0024965509011996923,0.03195252879099867,0.026178134441897476,0.13819906722756523,0.019230768164571005,0.13885642241800866,0.04337665687487501
0.052839676208048025,0.007532871397732591,0.9121344326990276,0.7868894914704108,0.0009505575029363847,0.2727272727272727,0.030912036439100423,0.07119595123999593,0.0034752522077708334,0.03934981718241139,0.02313653842836265,0.022911072102548603,0.14619883040935674,0.024863623313235717,0.02495589323316829,0.02857485892664185,0.028336690960004688,0.04630903255387436,0.0015194068306325,0.021618619526777648,0.02434635966306729,0.08677071785686406,0.035256410355132314,0.40684705025321355,0.02616553495193642
0.49476761560749977,0.09229654454055523,0.9853453542018469,0.9342695400667885,0.08934847135104546,0.9393939393939394,0.21097885499745517,0.06688676082793214,0.10135674927711656,0.1668534488048154,0.23612981612449283,0.23689564176189534,0.7157894736842105,0.23531438415159345,0.23501792726651874,0.22775843438588064,0.1994854245925908,0.23933975240715266,0.04840213907927398,0.2244806903543099,0.22199157948838039,0.48248973865615624,0.20192307496838016,0.6317014371971029,0.2526200985314658
0.11419903070306511,0.01708859804054768,0.9140571535738355,0.802525956519593,0.006523462177357943,0.36363636363636365,0.04737529174464284,0.03649445572450269,0.0011063847708082818,0.029997033715363858,0.061152181360085635,0.060777794569543096,0.3368421052631579,0.06052253804191788,0.06032667463434068,0.05090647136510986,0.05979216838376744,0.055020632737276476,0.00571470412364389,0.0576758179373952,0.054481443568801934,0.201562880378259,0.03846153632914201,0.17990065965457502,0.08848647649429364
0.3405201200576901,0.04847304620865601,0.9724392667562443,0.9038986858791547,0.031006097654046518,0.787878787878788,0.12475226605662623,0.017162378298419347,0.03694491459219765,0.11713266754518936,0.13736082826538598,0.136962679655743,0.5286549707602339,0.13959230548377835,0.13946275112401119,0.12654580381798533,0.12295355841380956,0.15543328748280605,0.021808408848095442,0.13193668557844676,0.12323030306258756,0.3389858880497044,0.12499999922996795,0.5598443167008686,0.1539497513473939
0.4485116224679392,0.0684449677701795,0.9753721449707542,0.9114802050561559,0.07043337671472444,0.9090909090909092,0.15149911850644973,0.04620220343214309,0.03367081946813963,0.11440549544824677,0.2077674114077899,0.2070289037948098,0.7087719298245615,0.20602928509905252,0.20542370952137046,0.16076359707047663,0.17457400949636806,0.1792755616689592,0.03587650480209149,0.19537878490595437,0.17537191527311208,0.46406393188056655,0.13782051236639134,0.47705715241146296,0.2431605414792536
0.3675948182893079,0.046465286898238305,0.9703404951618858,0.8936203106208533,0.037471992862697825,0.8181818181818182,0.11997735127551867,0.03965037165069844,0.027734111400353735,0.08512666704762703,0.14582273260871886,0.14572023110635776,0.5801169590643275,0.1445305770887166,0.14418644357179447,0.1288269900348181,0.1269418884915833,0.14442916093535074,0.02142537647854005,0.13758545921969478,0.1351968283832582,0.3675931319578528,0.10576923106539696,0.40845160739175623,0.16534465909858587
0.08867052999493263,0.013646724936974473,0.9116805610530997,0.8052447675714768,0.0033395447215563935,0.3030303030303031,0.04031836495735239,0.010096403481894582,0.0025075023380563676,0.04653050680578249,0.045655229521946686,0.045173077891832614,0.2830409356725146,0.046683893195521096,0.04663934892720962,0.03950054028094609,0.04925525798348555,0.05547913801008711,0.00437629720301345,0.04321951234393507,0.03932042957671874,0.1672509559722826,0.04166666538327991,0.37436088410440527,0.056802140967779864
0.0016826267167340152,0.0012680585118427607,0.0,0.18903594116493072,1.7060073845255014e-05,0.0,0.003101286431696522,0.05848598732977741,0.0,0.00017824978298274993,0.004834012573821707,0.00477015302464902,0.031578947368421054,0.0048234280792420325,0.004780604404985488,0.0038419978388762157,0.008285505638840486,0.0,0.00010514715471646939,0.004323361572446959,0.004023962007995746,0.018464730374101485,0.0,0.0095460934778544,0.004518775333989409
0.26054142899834987,0.031218392886795586,0.9597784011253744,0.8719762647845706,0.018595144578581836,0.6666666666666667,0.08624458141870722,0.041816024590182105,0.015118467027289948,0.06532135597262592,0.1001351361342522,0.10069052905685821,0.45614035087719296,0.10008613264427217,0.09990894086847647,0.09544963380958099,0.09192008457823955,0.1104997707473636,0.012750296059531756,0.09628292100824128,0.09434820602184844,0.2821527388754914,0.08012820479255013,0.3731101654313891,0.1154937731975232
0.045328274625469386,0.009072656733541656,0.8120084346236569,0.6864534972325401,0.0011883232397858934,0.15151515151515152,0.01930103480070846,0.011179174524401064,0.00031748792105411555,0.016564214360362803,0.03249198425027377,0.03069599283895793,0.22222222222222224,0.033649153028997986,0.03349268681349952,0.019209989194381077,0.03868999673688301,0.022925263640531865,0.0026524494609297226,0.028500335124308458,0.02134312544951399,0.1297880023586961,0.0160256391104331,0.16154608722655744,0.043821361750806816
0.01773579512233151,0.004090998294159384,0.7467058798694443,0.6120085328991915,0.0003656479951281452,0.09090909090909091,0.01329869084585252,0.0029590938134780413,0.00012137857936815412,0.008144453227467676,0.01516178136534321,0.015217214401134608,0.09707602339181287,0.01521676715475165,0.015167036594388485,0.015007804058110218,0.02093171389553409,0.013755158184319119,0.0007930065004741655,0.014287337247811172,0.014972976223796288,0.056959523926937095,0.009615384082285502,0.07241491219443552,0.01884616220464679
0.21194015306056158,0.02604048729677098,0.9432935651879606,0.8481143098314393,0.012762599904231887,0.5454545454545455,0.06936046416384126,0.006419582397906358,0.006933209847458026,0.05017582642883999,0.0883106011627458,0.08687801040831115,0.408187134502924,0.08814240597186333,0.08790051789881055,0.07347820866850763,0.08307844313917516,0.08574048601558917,0.010722517427016489,0.0830631969663445,0.07632250388494345,0.25176872023478436,0.060897436627979126,0.3085022122010627,0.1086479505196683
0.42597546873172826,0.06008181996588319,0.9769847309515284,0.91138544486613,0.053084015593906235,0.9090909090909092,0.1456356501178375,0.06522045185169091,0.05155237020147723,0.11324216150298036,0.17685056408040475,0.17821035948586197,0.6479532163742691,0.17421762848119438,0.17389448523134715,0.15692159923160043,0.1499848123780002,0.17514901421366347,0.02908042478304996,0.16984257270507028,0.1626931104181727,0.4170688171831625,0.13782051236639134,0.5172937847543035,0.1937600639178619
0.26525993009628007,0.03657744969279773,0.9642536272025664,0.8876747787886341,0.022094535685941944,0.696969696969697,0.09957243386167511,0.032361745629784194,0.024166934201292234,0.08920670293558056,0.11007598018879627,0.11039164855093524,0.47953216374269003,0.11065173700832615,0.1105514768652894,0.10793612678592869,0.09916878964460536,0.12975699220541037,0.014407442440281254,0.10389884546849841,0.10765534804188337,0.2993801805888625,0.09935897295712114,0.47163012616871547,0.12403302947187232
0.15422995465353484,0.0193378923056021,0.9376439438717212,0.8370950817101372,0.007433026698001513,0.48484848484848486,0.05941488596001172,0.01971585560362698,0.006460598503067374,0.04633651451762672,0.06459819385832968,0.0644687537539283,0.3485380116959064,0.06477174849267872,0.06468043936030961,0.06243246488173851,0.06323398108918359,0.07657038055937643,0.006575979403446262,0.06046997647544141,0.06206729290879686,0.2096518948174405,0.05448717851970332,0.3220264415319561,0.07895867243200715
0.02415706248457051,0.004694835680751174,0.7903538112249243,0.6530370834197702,0.00045976947410459235,0.12121212121212122,0.01607712828078851,0.010481789049263283,0.00016699130690959584,0.012367783099515813,0.017409723722593855,0.017303914160495693,0.11111111111111112,0.017283950617283952,0.017244323032269082,0.015608116220434625,0.023372416703333274,0.018340210912425492,0.0010104274716666052,0.016803460239966216,0.016101668349038895,0.06512720408799094,0.01282051313642341,0.15878855445833767,0.024046340170157925
0.3814014526460767,0.05135636972963181,0.9752664855208371,0.904527261731576,0.03979689842168847,0.8181818181818182,0.13181265090120595,0.021387097603814104,0.04673858302366592,0.1085233765665497,0.15223968631986926,0.15292196091652038,0.5859649122807018,0.15055986218776915,0.15033293494963296,0.138071797334614,0.13226503221717842,0.1609353507565337,0.024219207796325977,0.14611940000781554,0.1410051096855932,0.3736198623775987,0.12499999922996795,0.5129574610223318,0.1630297172310705
0.06686329794836479,0.01056715426535634,0.8916685181630064,0.7331446496407916,0.0016294061685636443,0.21212121212121213,0.023114724151010985,0.030092111196789294,0.0016580596906338517,0.07390151711885878,0.03600667383559067,0.03402463739474469,0.23274853801169593,0.03761125466551823,0.03753343577485631,0.02149117541121383,0.043388743722508866,0.03713892709766162,0.0034716651280695112,0.03248104097281541,0.024598120157863036,0.13713807673432207,0.028846152246856507,0.4387246714320465,0.040182432621805174
0.11677494380416564,0.01474872816750449,0.9115616368660618,0.8077326748471673,0.0036112002406937832,0.36363636363636365,0.041324330997140626,0.0019004336183475676,0.002793057350028396,0.04067553444875388,0.04928427138621743,0.047622092279792146,0.29122807017543856,0.05087568188343382,0.050793921802970814,0.04250210109256814,0.053303689650988126,0.058230169646950936,0.0050556438858880386,0.04471944363360537,0.04176127687131927,0.17353125340678593,0.04166666538327991,0.32724905584902775,0.06301634375408471
0.03289372815508751,0.006627115317844905,0.8117778770690118,0.683748210551298,0.000908756984377459,0.15151515151515152,0.0167101310300408,0.021521065231648154,0.0005068439882797744,0.0207858088381399,0.023802854042295554,0.023345074652313582,0.14152046783625732,0.02434682744760264,0.024272949746741792,0.017409052707407852,0.029279558969607006,0.022925263640531865,0.001536802086680973,0.022982882497780823,0.019937668048006767,0.08413560861887857,0.0160256391104331,0.19825353386804656,0.02859380613939537
0.18559307719293688,0.023489274338420664,0.9395704421486913,0.8430524385761791,0.011270145141162096,0.5151515151515151,0.06416466207045853,0.002177569795083294,0.004795575752814584,0.047453364687775924,0.07956840229657494,0.0785505864846956,0.3847953216374269,0.07952914154464541,0.07933526833987821,0.06855564893744748,0.0758099013209291,0.0811554332874828,0.009027034671758341,0.07615809751573409,0.07244095027410907,0.23553239024843328,0.05769230757384122,0.29481940522987266,0.10241393440978236
0.19865000064966284,0.027550080763250457,0.9312715792725884,0.8424469278800762,0.013289285830992847,0.48484848484848486,0.06426824581418063,0.03405299686193164,0.005265392764794587,0.04959620474231193,0.09397761094101575,0.09116572309862321,0.4093567251461988,0.09497559575078954,0.09464458482727223,0.06471365109857126,0.08894867137499388,0.07977991746905089,0.01194041608779001,0.08645679917788837,0.07208592119371066,0.2558307995884794,0.05769230757384122,0.30299456687010573,0.12771077109382883
0.10375894910541429,0.015292181815437103,0.9127105454719555,0.7928442081939595,0.004893629112807165,0.33333333333333337,0.0416935720933626,0.004533227297336965,0.0017277703597131406,0.027357003202174303,0.054739252980593796,0.05522488694621081,0.3192982456140351,0.0543784094171691,0.0542086392351033,0.04706447352623364,0.055299966629942264,0.0504355800091701,0.005083827815659374,0.05016896390802696,0.04894610151111595,0.18954595966603846,0.035256410355132314,0.170115623305028,0.07101666237078172
0.37425126359419464,0.05799858098214151,0.9741907410335366,0.9089584325954784,0.04763286333789413,0.787878787878788,0.13619294786601346,0.0074622241220215066,0.041022530580621476,0.12744524800085683,0.16779052831245772,0.16712004433026045,0.6198830409356726,0.168762561010623,0.16845939331853627,0.13963260895665744,0.14647827021296672,0.171939477303989,0.028150666838935315,0.1602831358255249,0.15043222827115735,0.40006299970465975,0.13461538331225342,0.5323009183700329,0.18918728787375771
0.48615438587373155,0.08034056428603778,0.9713907550311844,0.9186125412417395,0.10253056300972496,1.0,0.16819894565623153,0.04524708131264108,0.01961827049678298,0.12100470403408514,0.2423589757913268,0.24396174577525642,1.0,0.23807062876830318,0.23732286153320817,0.18789770680753992,0.19850364320583003,0.2063273727647868,0.04249549380230978,0.2328565313546419,0.22018311777396596,0.6280338741573106,0.15384615455695264,0.46910212898061326,0.32813186990355436
0.28004950430726455,0.03313557658922452,0.9581283383578776,0.8721387672579387,0.022604111281312334,0.7272727272727273,0.09031805333725898,0.024501165967322762,0.012521857514489842,0.06281941326071783,0.1097492711274461,0.11011458442318349,0.4865497076023392,0.10737869652598334,0.10713675943315691,0.09977188137831673,0.09702727619094949,0.11325080238422741,0.01362925766092509,0.10769512781577238,0.10476224194925157,0.30127774511458544,0.08012820479255013,0.3489868772402594,0.1301461918499648
0.25354456037316636,0.031052337605482844,0.9541923709488158,0.8614917116999644,0.019312513501267354,0.6060606060606061,0.07999631574866164,0.02692971028405793,0.010032043396987394,0.05632184919646908,0.10413960178790445,0.10369948423446988,0.4654970760233918,0.10358886017800746,0.10329520232200787,0.08644495137471485,0.0954576316495463,0.09949564419990829,0.013350368491070075,0.09849692526903064,0.09170917801586286,0.2886764210178101,0.07051282071026463,0.3112414906218588,0.12356911370580385
0.33874459155698194,0.04738613891279079,0.9607727969548008,0.889036947217318,0.044163099398250284,0.8181818181818182,0.11116166176843033,0.02349372053765305,0.008536618950288783,0.07643271361990728,0.155948331171429,0.15702754753684178,0.6362573099415205,0.15176571920757967,0.1513004382220705,0.12510505462840676,0.13079418757435504,0.1366345712975699,0.02159309196669201,0.1534578545728652,0.14429790903265566,0.3997391451690246,0.09935897295712114,0.3646993161224662,0.21255098375514253
0.3511687434221639,0.04708422021949489,0.9713200252160384,0.9010952524228132,0.03378171492896212,0.8181818181818182,0.12134789959964441,0.04790027221423823,0.030508062991237983,0.1064572657301405,0.1385517513889448,0.13878587786703248,0.5555555555555556,0.13873097904105655,0.13855215980877586,0.1306279265217913,0.12222056362092716,0.15451627693718478,0.020756732808961693,0.1324941390808358,0.13145183908361865,0.35219197912937933,0.11858974420182035,0.49675047113461107,0.158053602455382
0.16508192248223175,0.020454991470796914,0.9435868181472844,0.8373885257975607,0.00823984653592057,0.4545454545454546,0.058032224652520774,0.04405417635349983,0.007444051911126687,0.04699571642715541,0.06802087586287914,0.0681054626195929,0.3567251461988304,0.06902095894343956,0.06889192419327302,0.06135190298955457,0.06831339469179448,0.07519486474094451,0.00771963064973335,0.06485591862164973,0.06087635754866834,0.2159613428059379,0.05448717851970332,0.3123237779251585,0.07794887451131731
0.28382989228590366,0.03819271470193077,0.9573379947906772,0.8753940747252801,0.028790687627981305,0.696969696969697,0.09417617459319069,0.002487962313027307,0.009154176342462676,0.06773578523057999,0.1272087775232052,0.12787575127003872,0.552046783625731,0.12512202124605223,0.12475101018724037,0.10265337975747389,0.11092427221922524,0.11508482347546997,0.016548357054058566,0.12174244164130367,0.116566580846611,0.3435037821590885,0.08333333384668803,0.332577850592912,0.16439413174835926
0.19487805828774868,0.02791238319520553,0.950878645153917,0.8604801880984227,0.014031649628377559,0.5151515151515151,0.07291583946079327,0.03749364249610568,0.008397527166451629,0.06416868230645303,0.09104708734394652,0.09005746658761621,0.4046783625730994,0.09164513350559862,0.09145751522394857,0.07551927002041062,0.08539757147256477,0.09536909674461257,0.01112954739879144,0.08606450351006545,0.07894516657402588,0.25176732437572164,0.07051282071026463,0.3786606956400564,0.11116310646524102
0.22470342892039033,0.02930120918436665,0.9533429652957407,0.8529823567221642,0.01690095076091976,0.5454545454545455,0.0732095514987343,0.04237960871919187,0.01162136256004768,0.05225557250595025,0.10066886225232914,0.10007246292571968,0.447953216374269,0.09939707149009475,0.09908371748904447,0.07611958218273503,0.09224967323170208,0.08895002292526363,0.012722104265208015,0.09634808456503723,0.08339756921573785,0.27765061203260955,0.06410256260198882,0.3076572757662661,0.11443567984334739
0.17642893338357393,0.020500279274791297,0.931327553138237,0.8417518711247026,0.007323060790955509,0.48484848484848486,0.05971765655728727,0.00884956782276055,0.005845333343622279,0.05308905758298502,0.06680448635535792,0.06493763150858511,0.34619883040935673,0.06815963250071777,0.06806670081384099,0.05811021731300276,0.06784855314071102,0.07977991746905089,0.007771849849029743,0.062096027773475435,0.059079835457351924,0.21018538717505428,0.05769230757384122,0.36924902897405304,0.08685178052174791
0.03277483985811364,0.006279908820554625,0.8246628134806884,0.7394159832839051,0.0007577190566901231,0.18181818181818182,0.018879434789492815,0.0810935372287003,0.0006758394920700356,0.04357599805933338,0.020249143384778165,0.019783928730581293,0.1192982456140351,0.021820269882285387,0.021854191565647944,0.01800936486973226,0.02654460672996333,0.033929390187987164,0.001351167572663641,0.02064761028757453,0.018928606569351178,0.07158240332314914,0.025641026272846812,0.3913707408089101,0.02897754341340778
0.28242791990956695,0.0404269130323204,0.955806485422276,0.8652237222839447,0.029588216573942238,0.6363636363636365,0.08650011641721608,0.007847221698742777,0.008056092221633405,0.059977209314951895,0.13883278525841394,0.13622061279610018,0.560233918128655,0.13792707436118287,0.13735700870752948,0.08956657461880178,0.12153856703534062,0.10270518110958275,0.01951176261112726,0.1303974673403831,0.10490945198984272,0.3541566301954302,0.07371794668427432,0.3024859545314342,0.17301272755032873
0.2239257825188727,0.030146581525595156,0.9475431093704336,0.8751549529677232,0.01278621406278087,0.5454545454545455,0.08125790845591246,0.04561351076552106,0.01194894071948658,0.08330028853408891,0.08999910456908003,0.08729457535563022,0.3941520467836257,0.09296583405110537,0.09290877013260486,0.07984151758914636,0.08762788954388663,0.10729023383768913,0.012753429265764324,0.08406708547255405,0.07771471409901126,0.24709908116452484,0.08653845982069773,0.5133534969096457,0.10970269244880472
0.11399633590166704,0.018885014265658258,0.9308645236346798,0.8440477967535638,0.004557932388182923,0.36363636363636365,0.04690020018147981,0.024957830959347893,0.005441949358377089,0.0762281850093916,0.05188282834589264,0.04958479131064895,0.27017543859649124,0.06092449038185472,0.06092425018496387,0.04370272541721695,0.06066138931854142,0.08023842274186153,0.0063131961490356546,0.04831057618550575,0.04165895951681684,0.1679551615378236,0.060897436627979126,0.4467238676991987,0.07439840817746848
0.106526512739888,0.01642437691529671,0.9279029627561658,0.8337659507107091,0.0037492632478270532,0.33333333333333337,0.044935172532987476,0.014549427569684227,0.005307439777829488,0.06999973101388801,0.04730594410046571,0.04520407807395868,0.2608187134502924,0.05368934826299167,0.053696431620283425,0.04118141433545444,0.055519483929579484,0.06969280146721686,0.005459964353057438,0.043410997501856376,0.0392339168248919,0.15953670709567722,0.05448717851970332,0.43917317106083725,0.06201291332578991
0.05172355547470863,0.008906601452228914,0.8797150212139115,0.7516495046988001,0.001322595046148963,0.21212121212121213,0.026482819775538742,0.01357357566416239,0.0010872062855697597,0.030964020194535223,0.027877968374037103,0.026274591863227195,0.18362573099415205,0.03181165661785817,0.03175687211883217,0.021971425141073357,0.036214445015063414,0.03530490600641907,0.002278066112473459,0.025439497884114745,0.023081993432106897,0.10927995570444117,0.025641026272846812,0.21824350266061726,0.03839614160279691
0.1254330002728584,0.0228099572785049,0.9490314954965995,0.8722248188110383,0.005950767668560311,0.3939393939393939,0.06853674614920402,0.000764175293731091,0.010323906651889562,0.0985860131436283,0.05761218969005768,0.05414956812871276,0.2771929824561403,0.06660924490381855,0.06675772579819021,0.0637531516388522,0.06484878283664956,0.09995414947271894,0.007457727801879167,0.05339279401376739,0.05493802387826823,0.1744001789738094,0.08333333384668803,0.5307841933546792,0.07738379767497605
0.0985681431337136,0.015231798076777924,0.9008145528963473,0.7812242364756972,0.0049196759561817615,0.3030303030303031,0.03812433304472794,0.011145142201897917,0.0010854667508332293,0.025960010813985454,0.05534822815579841,0.05471919647527929,0.3157894736842105,0.05478036175710594,0.05457856695691765,0.0401008524432705,0.05626953299179901,0.04585052728106373,0.005311061540979541,0.053110903619675416,0.04522367186119903,0.1879704450622334,0.03205128130099441,0.18564856382760325,0.07486495704468306
0.08868482257708249,0.01512612653412436,0.9321596143792502,0.8508845181660061,0.0019437733887670858,0.36363636363636365,0.0426439396445797,0.009575054906219335,0.007858416816441016,0.09583466948362476,0.03304057945059973,0.030984682035006955,0.19064327485380117,0.04427217915590008,0.044476694553525695,0.0387801656861568,0.04507146256397197,0.0811554332874828,0.003772899046986512,0.02916737430369048,0.028141667669159445,0.1191647131232333,0.06730769165612673,0.5593071346744583,0.05139373375184222
0.25348998869586686,0.036275530999501836,0.9585916560281509,0.8855894629691883,0.019606123575910888,0.6060606060606061,0.09608942739923235,0.011499543944707563,0.014067943814209028,0.09197515262482725,0.10598805051544782,0.10453648915187377,0.4444444444444444,0.11128337639965546,0.1111490524159126,0.0979709448913435,0.10141958087410366,0.1265474552957359,0.01518153585481734,0.09828170582832013,0.09446414974823705,0.2819051650671789,0.09615384698311145,0.45180997824717883,0.13624489403939857
0.20740810519340463,0.03296952130791178,0.9424582404085096,0.8384526839200855,0.019724765248154672,0.48484848484848486,0.0666965201651022,0.0017064382946325595,0.004652742083544102,0.04385403301290105,0.11612925750703817,0.11375710582299671,0.49473684210526314,0.11662360034453056,0.1160719367139036,0.06939608596470165,0.10512984381645736,0.07657038055937643,0.015194062676260953,0.10646519601408479,0.0817025079894356,0.31012327251308136,0.05448717851970332,0.21025139045751168,0.15373048078682897
0.008844509699465977,0.0021889105263952417,0.8195898359298922,0.6450146421208394,7.663369517898775e-05,0.12121212121212122,0.008583693139320973,0.0789085401840805,0.0003746814442766171,0.04598484926427341,0.005829748186752386,0.00548315721354863,0.045614035087719294,0.007464829170255526,0.007540834329292584,0.009004682434866131,0.010293698701071493,0.021549747822099955,0.00017363116607145828,0.00570430636683743,0.006672883042455067,0.02692391353624673,0.0160256391104331,0.4261985329776977,0.008101518634509582
0.049144394059483135,0.008529203085609045,0.8783503261165092,0.7944287154581513,0.0009000610465254806,0.3030303030303031,0.028639246402126093,0.0703209769028059,0.0012763026064461093,0.05734597972985118,0.02122031625962896,0.01994474217536028,0.1497076023391813,0.027964398507034166,0.028057594900688636,0.024372673790370992,0.029657743614487773,0.052269601100412656,0.0015223274732225596,0.019547232132930345,0.020235404307123294,0.09012440305229052,0.03846153632914201,0.39723894276548133,0.03807992388596345
0.054275431051284385,0.008755642105580967,0.8774231174652584,0.794719462604348,0.0010874269362546505,0.3030303030303031,0.02956853444192505,0.0721802835125259,0.0008855851606626943,0.05412372443872702,0.023824048645722344,0.02254875747395016,0.15555555555555556,0.02882572494975596,0.02891127425872176,0.026893984872133507,0.031174073220502026,0.052269601100412656,0.0017435341681159339,0.022266733029212157,0.023308435047718453,0.09352760290782557,0.03846153632914201,0.39610480331137315,0.040299999859057245
0.13780647843769087,0.01825098500973688,0.9437231693676104,0.8454625511737759,0.005728431897723258,0.4545454545454546,0.05908723720582129,0.05202488993259605,0.009842489486736597,0.05958984452230857,0.05596467894694038,0.0560057040335112,0.32514619883040935,0.0585127763422337,0.05853394798247112,0.0618321527194141,0.05786880059862299,0.08161393856029345,0.00576395505762804,0.05163215455909341,0.05597899847381665,0.19461072891275838,0.060897436627979126,0.4105412312118253,0.0645862103093772
0.2390967088081286,0.028908714883081985,0.951466962694087,0.8534050536686981,0.017071076457668016,0.6060606060606061,0.07572164496983731,0.018347135453964578,0.007792126010903806,0.05031812875906543,0.0990360562922095,0.0993575212254372,0.4619883040935672,0.09790410565604364,0.09760400660178704,0.082242766238444,0.09041700641719648,0.09170105456212746,0.012011686705693683,0.09288100405366355,0.08722577083441527,0.28401097054027813,0.06410256260198882,0.2699721996909873,0.1187510590207252
0.005662461182646207,0.0016303609437978352,0.6180811648820698,0.5399751472785617,5.368603211802086e-05,0.06060606060606061,0.0077659857818894755,0.11714873211307687,1.3549973333144357e-05,0.007208084061506838,0.005697651588650536,0.005591657850989875,0.039766081871345026,0.00602928509905254,0.006032667463434068,0.0076839956777524305,0.00959037623761624,0.009170105456212746,0.00014510875666832822,0.005629357515153929,0.006971991727613349,0.023229210171850534,0.006410255028147598,0.11469024643127423,0.011243143390521267
0.28331341034003354,0.03946077321377353,0.961265607380126,0.8810125186985358,0.027784966578664565,0.6666666666666667,0.09885184704323753,0.01580734867588769,0.014786701905766149,0.07611600416544209,0.12630529593991904,0.12588011454567297,0.5192982456140351,0.1267872523686477,0.1264583689033066,0.10205306759514948,0.11288590589394323,0.1228794131132508,0.017410217142401187,0.12012942148926922,0.11186379530482825,0.32773985068869826,0.08974358887483563,0.37906752715310543,0.15400737347937427
0.0831152631784104,0.014265658258231059,0.9147613322702157,0.8364418073786524,0.0024586068333084196,0.33333333333333337,0.04101074853591791,0.024578930378514805,0.004958764117501263,0.0807563244894749,0.03688542838154558,0.035111581280540025,0.2128654970760234,0.04444444444444444,0.044562062489329014,0.03793972865890263,0.045569364538130055,0.07015130674002751,0.003761347953135311,0.03418918251480654,0.03258948070300181,0.1305227548450636,0.05769230757384122,0.5020295566293409,0.05427909895232516
0.0753998674687837,0.012393762359796506,0.9113277079623545,0.8276289799906882,0.0019465056758981014,0.36363636363636365,0.04248118812033796,0.040689964876869496,0.003947241670037871,0.06422322326925722,0.031006143970504996,0.0291672963578661,0.2,0.03933390755096181,0.03943998634113027,0.036979229199183575,0.039974449737486824,0.06923429619440624,0.0027509729964806987,0.02877964516044197,0.031312168875510374,0.1214032958179259,0.05128204946556541,0.4090019240280601,0.050076764465839814
0.018547223990748804,0.0038041755355282822,0.794616651379372,0.6556629635091968,0.0003403775109422901,0.12121212121212122,0.015749219375180055,0.014673806285803222,0.00026805047668586,0.01143736385676998,0.01355337384405208,0.013419203837822549,0.08888888888888889,0.013896066609244903,0.0138865175573388,0.017409052707407852,0.018501802980497545,0.018340210912425492,0.0006116746434683287,0.01324598812063437,0.015392485478376055,0.05213674352896976,0.01282051313642341,0.12123481922978274,0.016692571263534683
0.05023452827982278,0.007472487659073412,0.8559023968773416,0.7632125396635616,0.000902231665521371,0.2727272727272727,0.023613121368088512,0.042829844151916735,0.0007929728456197034,0.03709343275985577,0.022097756411572907,0.02145793856538907,0.14853801169590644,0.02583979328165375,0.02586648454840362,0.022691799735862647,0.02924215454024787,0.04126547455295736,0.001519338975056634,0.020567717719068974,0.020904714935685,0.0884526513541635,0.028846152246856507,0.3018963752915395,0.037523766918469675
0.5741772020321453,0.13530486240055553,0.9864637302343288,0.9467562967609662,0.16656145524707885,1.0,0.27497380232646895,0.03900680602108274,0.09724272710516646,0.21205216446430675,0.33168387838240815,0.33290514331771703,0.8748538011695907,0.32862474877978753,0.3279836093563258,0.29439308440389006,0.27510093306413974,0.2939018798716185,0.08000942756655333,0.3168772778675408,0.30343100213435703,0.6105327394670838,0.25641025656821176,0.6659005929421715,0.3707783671743163
0.09622805763808583,0.02379119303171656,0.9583674018685251,0.8868694568050939,0.0040753221994289926,0.3939393939393939,0.07287985704133189,0.029345229200486513,0.0197701042283935,0.1365987090402018,0.045595753192950575,0.041683619891266864,0.22923976608187135,0.06017800746482917,0.06055432246314951,0.06087165325969504,0.056547575640476196,0.11370930765703806,0.005932322021595805,0.043473778191574365,0.04764434778933984,0.14681459320573778,0.10256410201125904,0.6576145256369196,0.06555678111795729
0.10919142964801268,0.020666334556104043,0.901666836186279,0.7702248363683293,0.00803807175288932,0.2727272727272727,0.038772155004283125,0.0011299950470222496,0.0015233902048184499,0.02181861634287722,0.07703203260354344,0.07584000806004736,0.38362573099415204,0.07602641401091013,0.07560753514313359,0.040340977308200264,0.07447532477948378,0.04126547455295736,0.008733964592135029,0.0705773576618952,0.051657361970710906,0.23316103033214738,0.028846152246856507,0.09257446842648764,0.09594985835629741
0.4153619271598041,0.05469257129055145,0.9742600924848102,0.9082339774673095,0.045229408000984885,0.9090909090909092,0.1403243378962258,0.05222298687172674,0.036259257310446893,0.1098658279919344,0.16060909018468056,0.1609975083603616,0.6152046783625732,0.1585989089865059,0.1583575209151443,0.15199903950054028,0.13789753916919187,0.17285648784961027,0.025453385773678623,0.1532211591010396,0.1541581840178698,0.3925306339551016,0.13141025733824374,0.5056093438719571,0.18194668567034047
0.2616426074867144,0.03325634406654288,0.9569305834784653,0.874522462592832,0.02055859718383161,0.696969696969697,0.08649061328157245,0.00936775704602101,0.01011377815725532,0.0698770138475786,0.1078337061557179,0.10895401510483874,0.48187134502923973,0.10634510479471719,0.10614080018211827,0.09677032056669468,0.09585293632934504,0.11508482347546997,0.013455848761436805,0.10299916927724762,0.10353752558746569,0.2983802829217328,0.08333333384668803,0.39795077010954205,0.1338297141152673
0.3372139859412965,0.039385293540449555,0.9633811258940199,0.8812357747932967,0.025900488747490694,0.7575757575757576,0.10079503429176316,0.025903973866723662,0.018905268799747056,0.0749146155029464,0.1250172719588003,0.12335553721378113,0.5134502923976608,0.1265001435544071,0.1261738091172956,0.10769600192099893,0.1133617817523932,0.12700596056854652,0.017982525640293852,0.11371547617209309,0.10717477083714565,0.3246281543420244,0.08974358887483563,0.3782784654783498,0.1504798296017161
0.5658498239413744,0.11712935706414264,0.9861839717394377,0.9428691515260215,0.12720192853332257,1.0,0.2511730222909934,0.017934701395746468,0.1148520270589038,0.197870894351552,0.2869802701243992,0.2872554376256961,0.8128654970760234,0.2861900660350273,0.28575493711228733,0.26545803817985353,0.24128909431803044,0.27326914259513985,0.06607891591713545,0.2736486617649549,0.2670592943498758,0.5575516230699327,0.2371794853235125,0.66278790398731,0.3173730548245689
0.10611462650884192,0.01512612653412436,0.9066327184914574,0.781625788280353,0.004135432752009983,0.3030303030303031,0.03791777136949954,0.01613719615343855,0.0020122479570730614,0.026508147490167444,0.053383702007161804,0.0517780541960684,0.3017543859649123,0.0543784094171691,0.0541801832565022,0.04118141433545444,0.0568885186305833,0.04585052728106373,0.00548456332745357,0.047805223850612984,0.043170341458174825,0.18064812487376902,0.03205128130099441,0.17562519036124286,0.06603573956434293
0.0957369125423905,0.021179596334707063,0.947270385770687,0.8816791253151239,0.0030393968389611993,0.3939393939393939,0.06149271678513953,0.012661908497172546,0.017543785839446577,0.14092343552037226,0.03956137028861628,0.03660346504535714,0.21169590643274855,0.05208153890324432,0.05250128051903706,0.0565494056909593,0.05073768913047799,0.1104997707473636,0.005269698529307742,0.03711515822267915,0.04112392439751669,0.1338065607664972,0.09935897295712114,0.6944195192392435,0.056753124090293865
0.041503059911905726,0.007034705553794363,0.854079113671082,0.7823987923801266,0.0006102651783606157,0.2727272727272727,0.025076293379886178,0.048289260551904495,0.0007185621697827038,0.05150761757513111,0.017660033632056753,0.016457221686177404,0.12397660818713452,0.022968705139247775,0.02307779864549542,0.021851362708608477,0.02559000155631871,0.04630903255387436,0.001178100734338227,0.01620678990451616,0.01760527464641097,0.07453816611622005,0.035256410355132314,0.419024465310935,0.03274807997505033
0.019873185816561206,0.0049363706353878906,0.8391084326142482,0.7127487374402128,0.00032202700844029025,0.18181818181818182,0.018184097876375243,0.010643692003712294,0.00033695548528546915,0.025184661445030586,0.01237025493493339,0.01139644195409648,0.1064327485380117,0.01757105943152455,0.01758579477548233,0.014167367030856045,0.01939858893221078,0.027510316368638238,0.0005667824328020932,0.01094719418837108,0.011926508506631888,0.06290019955930318,0.019230768164571005,0.18981749320953162,0.023900325321698876
0.010705793693073295,0.003034282867623749,0.7427013983047068,0.6506955445885192,0.00013447259976547696,0.12121212121212122,0.012353027397504917,0.11271394358571643,2.709994666628871e-05,0.017996906287841667,0.008144560339310814,0.007695795212796875,0.06666666666666668,0.010967556703990812,0.010984007740026181,0.01032536919197983,0.013554771673892586,0.018340210912425492,0.00028906196990443993,0.007665352966991515,0.008449929904556053,0.03937948587859147,0.01282051313642341,0.16738924139394157,0.020280694058500085
0.04216571599339943,0.007804598221698897,0.8911244614182969,0.795651471868173,0.0007099050753797874,0.2727272727272727,0.027504921362818884,0.019761749354494415,0.0011624885146615097,0.053105048001625334,0.018804213618600647,0.01743953995729725,0.1345029239766082,0.025208153890324433,0.025325820954982647,0.024852923520230517,0.027104394103262843,0.050894085281980736,0.0012728108524414441,0.01686821116796742,0.018505996389638974,0.08101372996526253,0.03846153632914201,0.40552703333871654,0.03275698309753162
0.5040344061432116,0.08844708120103258,0.9791739445765306,0.9213524171954643,0.1175295960069972,0.9696969696969697,0.18109089664422173,0.017171468365016276,0.04353104251635091,0.12561118416983263,0.2670099425691967,0.2662586267694323,0.849122807017544,0.26322136089577947,0.2623072107449776,0.19594188978268698,0.21875677417731984,0.20724438331040806,0.05072826767726609,0.2547483686250771,0.22050785214712557,0.5642803456868477,0.16025640958510026,0.4764985530400892,0.3195193972573422
0.08921949508205242,0.010989840435970594,0.8950458361051621,0.7903771019740495,0.0023279409349086983,0.33333333333333337,0.03806666131602592,0.01536021716834227,0.001614052478159196,0.03229097702821417,0.03691360570315561,0.035935023618263756,0.247953216374269,0.03801320700545507,0.03798873143247397,0.03709929163164846,0.04185860505443503,0.0504355800091701,0.003160458397323272,0.03420581548938999,0.0360123847589583,0.14505358573968116,0.035256410355132314,0.28187902672856996,0.05047921969615388
0.08695347114847395,0.013948643630270367,0.894683761679504,0.7690300121809417,0.004022582835247523,0.2727272727272727,0.03499179112309599,0.004100894861629232,0.001052052257111706,0.023432656971679983,0.05056884508305738,0.049642916652135334,0.29239766081871343,0.05047372954349698,0.05028171418815094,0.036979229199183575,0.05294646675365912,0.04126547455295736,0.004778981673957097,0.04719279369178398,0.04153910485527935,0.1739203898690318,0.028846152246856507,0.15556122435003478,0.06558679627618914
0.10000129932564998,0.012680585118427607,0.9270323839024941,0.8095425345033666,0.003331058383124197,0.33333333333333337,0.04508833432522221,0.052301859827625724,0.005333357888369175,0.03986076683849964,0.04229038085387964,0.041821183199451294,0.26666666666666666,0.043008900373241454,0.042996983666268286,0.04646416136390923,0.046822602013269786,0.05685465382851903,0.0039994473785298496,0.04022658819872951,0.04452753433562133,0.1570806887588439,0.04166666538327991,0.2968636406188283,0.04614601273431773
0.08717110819484687,0.01480911190616367,0.8840282945739678,0.7549564795318836,0.0040940864684055455,0.2424242424242424,0.033351430632667364,0.021645443947767146,0.0007818953867330579,0.020560455496371734,0.05416108391502114,0.052382557747526766,0.30409356725146197,0.05426356589147287,0.05400944738489557,0.035538480009604995,0.056896799714989225,0.036680421824850984,0.005477350362738644,0.04909987511337889,0.039902405657432964,0.18177620190734017,0.025641026272846812,0.11843394289085163,0.07428484107849094
0.26570559879422584,0.03703032773274157,0.9629164641174558,0.8905595815291202,0.01978183611260673,0.6363636363636365,0.10050369984937245,0.016679607078545714,0.01874317442535486,0.0936741036161774,0.10740332426675298,0.10684212769750022,0.4456140350877193,0.1105368934826299,0.1104661089294861,0.10601512786649057,0.1009448556435496,0.1288399816597891,0.015617842102175756,0.10110705100043631,0.10008488355122805,0.28211939972876987,0.10256410201125904,0.4884404770952041,0.13293464343532707
0.08713017943687226,0.01610736228733602,0.8774875126505314,0.754877244877999,0.005015152467107511,0.2424242424242424,0.03341053681744736,0.05730749345182641,0.0005014746759145325,0.020332994890131573,0.06015085957260836,0.05862715693454699,0.3309941520467836,0.059201837496411135,0.05890387570428548,0.03433785568495618,0.060806455299108234,0.036680421824850984,0.006192986024049762,0.05637414630509951,0.04379622170551996,0.1979264776140811,0.025641026272846812,0.11589690256439655,0.09182797017999907
0.4221535023322896,0.06743354014763825,0.9798356186822967,0.9248529868154752,0.04734692206083563,0.8787878787878789,0.17245348948363493,0.022825545215543214,0.07356660341866574,0.15098549941734138,0.16995894983204507,0.1706482525584838,0.5824561403508772,0.17123169681309217,0.17124807922144447,0.18093408572457678,0.1489128548669565,0.20357634112792294,0.031670788605385254,0.16198608199006476,0.16775227624666553,0.3823344176759884,0.17307692272152364,0.6449290596434109,0.1839496933564438
0.04012057742031886,0.008302764065637123,0.8288823570898407,0.6911534719401482,0.0014562666149546325,0.15151515151515152,0.022309804431457733,0.02237691717264342,0.00028562939258589427,0.012598838451031706,0.030885959068127505,0.030616554872259873,0.19649122807017544,0.0307206431237439,0.030590176996186904,0.023652299195581702,0.0357002994944214,0.022925263640531865,0.002252313594799442,0.02848966831025113,0.025938076109640634,0.11525117774986395,0.0160256391104331,0.07887163127733643,0.04189191640799277
0.07399789509244702,0.01348066965566173,0.8833395086150728,0.7549719876534842,0.0041792328866128966,0.2424242424242424,0.03307459727670068,0.044575580356410426,0.0006803246213181331,0.01954661337188223,0.05083361332664088,0.050830611129840386,0.2935672514619883,0.04921045076083835,0.049001195151101254,0.035538480009604995,0.05144707774869164,0.036680421824850984,0.004505671499958571,0.04913652377272955,0.0417672179034994,0.17387227157575566,0.025641026272846812,0.11694985102299105,0.07368114226937007
0.22870275327105236,0.030071101852271184,0.9524686574035515,0.8604576544885503,0.015381699722933672,0.5454545454545455,0.07571169435926156,0.02010805872094338,0.010919573994393895,0.061717933725540707,0.09915394100506782,0.0974684476271298,0.4269005847953216,0.09985644559287969,0.09959592510386432,0.07659983191259455,0.09292723609821879,0.09536909674461257,0.013191404526257373,0.09266839844405039,0.08119075339294354,0.2672064131905291,0.07051282071026463,0.37944533903909766,0.11577203615489358
0.007233345893481283,0.0023096780037136,0.6235366222862618,0.5410636468295048,8.565866675472809e-05,0.06060606060606061,0.008296618948146432,0.11676661675259366,1.3549973333144357e-05,0.007164203377796205,0.008165426344234863,0.007959296760868472,0.05497076023391813,0.008613264427217915,0.008593705537533438,0.008404370272541723,0.011878436451583383,0.009170105456212746,0.00022080581588902675,0.006990335533000808,0.007847490092749123,0.032252432104666225,0.006410255028147598,0.1005112200025472,0.016084688391224206
0.005463664358198095,0.00467973974608638,0.0,0.19269109805168816,0.00010444480800080578,0.0,0.00408796104815573,0.05773832935217977,0.0,0.00028039013150693917,0.017501156255981518,0.01604646927300698,0.11461988304093568,0.017800746482917025,0.01764270673268454,0.0038419978388762157,0.02437971739737998,0.0,0.0010787368648617548,0.015250568042574044,0.007237704738207053,0.06716912400131196,0.0,0.0,0.016676432780199008
0.012010966308485896,0.005479824283320502,0.4922008076299429,0.43759341304871646,0.000295505962308462,0.030303030303030304,0.007437492079082273,0.12123438448498565,6.7749866665721784e-06,0.002859062061541795,0.020591296575757152,0.01917361264497429,0.12748538011695906,0.020786678151019238,0.02063058448580047,0.007924120542682196,0.027498710547923973,0.004585052728106373,0.0013897975541051295,0.018537233715068147,0.011189788238395166,0.07521002014721734,0.003205125974009693,0.02201004401581863,0.03900133472788478
0.005463664358198095,0.00467973974608638,0.0,0.19269109805168816,0.00010444480800080578,0.0,0.00408796104815573,0.05773832935217977,0.0,0.00028039013150693917,0.017501156255981518,0.01604646927300698,0.11461988304093568,0.017800746482917025,0.01764270673268454,0.0038419978388762157,0.02437971739737998,0.0,0.0010787368648617548,0.015250568042574044,0.007237704738207053,0.06716912400131196,0.0,0.0,0.016676432780199008
0.2288755635825007,0.030463596153555848,0.9540500034926107,0.8609085142164272,0.015868343230361674,0.5454545454545455,0.07658367879548485,0.03921443644469315,0.014050040803542822,0.05988907607732968,0.0995756150337101,0.09797413809806133,0.43742690058479533,0.1013494114269308,0.10107563599112175,0.080201704886541,0.09392660975710901,0.09674461256304448,0.013255630437326842,0.09133581125324564,0.08185124560446816,0.27330302288426794,0.07051282071026463,0.3530772855000584,0.11678202031368111
0.042915426893442306,0.007668734809715744,0.7821217869057251,0.7144144163667987,0.0008164951026550372,0.15151515151515152,0.02040548844258285,0.01804611013879423,0.0006857727952734225,0.03560223325409606,0.02666141456726452,0.024780770587027198,0.16374269005847955,0.02756244616709733,0.027516931307267657,0.017529115139872733,0.034176410469815746,0.02796882164144887,0.002237006862713067,0.025216614123263814,0.019598679104014177,0.09703861802368745,0.02243589721870891,0.3879215059979485,0.03641917739417654
0.005463664358198095,0.00467973974608638,0.0,0.19269109805168816,0.00010444480800080578,0.0,0.00408796104815573,0.05773832935217977,0.0,0.00028039013150693917,0.017501156255981518,0.01604646927300698,0.11461988304093568,0.017800746482917025,0.01764270673268454,0.0038419978388762157,0.02437971739737998,0.0,0.0010787368648617548,0.015250568042574044,0.007237704738207053,0.06716912400131196,0.0,0.0,0.016676432780199008
0.01199797305198602,0.005857222649940372,0.495503448074458,0.4385472070971602,0.00031828820423937467,0.030303030303030304,0.007661987535072347,0.12240583910404755,6.7749866665721784e-06,0.0029538889627808776,0.02167041405875834,0.02015205589332837,0.1368421052631579,0.022222222222222223,0.022053383415855676,0.007804058110217313,0.02835000935754123,0.004585052728106373,0.0014577271175391369,0.018975390183581086,0.011008896034027986,0.08068429047006741,0.003205125974009693,0.014951760733526887,0.04169108195049752
0.22071644816340322,0.02803315067252389,0.9507771822577489,0.8528901752507079,0.013744562595219834,0.5454545454545455,0.0712234834702349,0.033590512010195056,0.009400562147066173,0.05363335160042399,0.09229707604837299,0.09018340482750337,0.4175438596491228,0.09457364341085271,0.09430311308405898,0.07419858326329691,0.08829993554724078,0.09170105456212746,0.01184105371805133,0.0844402222248467,0.07487713130258708,0.259779069967633,0.06410256260198882,0.3119562119335945,0.10923703889085067
0.16874082351259698,0.019096357350965387,0.937137324618273,0.8309677568937458,0.006230303172355563,0.4545454545454546,0.05409471047379294,0.041313742983466274,0.006145012508369946,0.045134010244528226,0.06338681547797527,0.06167679985119912,0.34035087719298246,0.06482917025552684,0.06470889533891072,0.05486853163645096,0.06552418518389137,0.07198532783127005,0.007372420008653741,0.058477064360725015,0.05307619368113608,0.20552872263763206,0.05128204946556541,0.3374196954462183,0.0731168227582568
0.037540116679443375,0.0065818275138505205,0.669069728207088,0.6597861261933666,0.0004793280544690487,0.15151515151515152,0.014114124958163225,0.11722865818644745,8.772256597620057e-05,0.02910280983884262,0.023177120343451152,0.021425000871880123,0.1473684210526316,0.024174562159058284,0.024102213875135167,0.010805618921839358,0.030060985651227647,0.022925263640531865,0.0016833292264121606,0.02132456173295447,0.014313879788806844,0.08701410256467933,0.0160256391104331,0.3697091038899649,0.04041076227253386
0.2674466951652093,0.036275530999501836,0.9617432124770892,0.8747966008572696,0.02190822826702091,0.6060606060606061,0.08969500699582852,0.05166422491219217,0.01950097977994051,0.07213203474606411,0.11633430297274851,0.11384041881246053,0.46900584795321637,0.11782945736434108,0.1175231916225599,0.08992676191619643,0.1069244974943791,0.1095827602017423,0.016623329123098732,0.10821325890958086,0.09515322825896828,0.297685272050956,0.08333333384668803,0.4025970232483925,0.1316892577101362
0.1145797331185115,0.017616955753815496,0.9079512242930691,0.8015602975625835,0.005677379820856906,0.33333333333333337,0.04245387874334652,0.030049487652807343,0.001184492092782643,0.03204554269559536,0.0614393764514812,0.06030116676935477,0.3345029239766082,0.06253229974160206,0.062318593136417966,0.04730459839116341,0.06259652377217816,0.05364511691884456,0.006490224830471465,0.05600249458711217,0.048281975187864645,0.20139676400994413,0.03846153632914201,0.2192341406512619,0.09145554363734539
0.06337136026402297,0.01287683226906994,0.8535925713756183,0.7159196581775459,0.0024435026091242707,0.18181818181818182,0.02447528055918262,0.00297017926054747,0.0004942946480250966,0.01682365580388359,0.046363687893856115,0.04431863537198281,0.28421052631578947,0.04777490668963537,0.04752148426384384,0.024132548925441227,0.05141472212878136,0.027510316368638238,0.004545295509724284,0.041041402034706395,0.028442531737593427,0.16839800125290558,0.019230768164571005,0.12411132097243155,0.06142357991863557
0.13739913984641972,0.020334223993478555,0.9281213941344911,0.8088896125973368,0.007790168110911046,0.36363636363636365,0.0465379223024608,0.030064785569763157,0.003761481807197748,0.03888535130144034,0.07220787798480396,0.07081797855562401,0.36725146198830405,0.072121734137238,0.07185134596778785,0.04922559731060151,0.07095293686962988,0.058230169646950936,0.008153274750637719,0.06751727557034785,0.05580138029624453,0.2228741619182721,0.04166666538327991,0.260520278920873,0.08307180843981782
0.23171134181359876,0.029180441707048293,0.9426445119782958,0.8485690488322327,0.016475363912384935,0.5757575757575758,0.07242554534443003,0.015532817579213277,0.004416737189253084,0.04937023161687553,0.10039891858232748,0.0983422652608084,0.4467836257309941,0.10008613264427217,0.09973820499686985,0.07708008164245408,0.09225324651153016,0.08711600183402109,0.012383488444522358,0.09373038613494783,0.08407854495406032,0.2774072268170245,0.060897436627979126,0.2685157035177118,0.13723854782828354
0.063578602705196,0.011623869691891973,0.8614200821709808,0.7359749532430152,0.0022217085204805794,0.21212121212121213,0.02557037998217217,0.034974086658930495,0.00034730537117250556,0.019782007209075726,0.04118990446820029,0.03972479588317581,0.26900584795321636,0.04260694803330462,0.042427864094246204,0.026773922439668627,0.04582804875647154,0.03209536909674461,0.0036503892252818674,0.03743374597477889,0.029340284371175772,0.15806301403798445,0.02243589721870891,0.16594219277918404,0.0636432618061048
0.11545742759507815,0.018115121597753726,0.9135611199131096,0.8016873972556349,0.005542808721746565,0.36363636363636365,0.04337092010079247,0.012195654593432359,0.0018336456142616696,0.0331032655037955,0.062020092155450096,0.0601946036432964,0.3391812865497076,0.06442721791559,0.06419668772409085,0.04526353703926042,0.062181189642283904,0.055020632737276476,0.006017964826309385,0.05541992614197427,0.046357415530431385,0.2047314814660885,0.03846153632914201,0.22529787829871628,0.08657882502739211
0.15595675844236842,0.0233836027957671,0.9213749790621942,0.8110032583006308,0.01043759721784812,0.3939393939393939,0.04884833248091532,0.019626118909599952,0.002048787545506781,0.03318148220272604,0.0842552848907944,0.08312892588243956,0.40116959064327484,0.08372093023255814,0.08334756132263389,0.05222715812222356,0.08008366497642919,0.05960568546538285,0.00994773473027051,0.07921216089539677,0.06241896051671865,0.24596501041673913,0.04166666538327991,0.2006175278829876,0.1171092294619805
0.040639008354663934,0.007200760835107106,0.6733520105466841,0.6600649231803379,0.0005936649985499116,0.15151515151515152,0.01460255707154978,0.1060689940488886,8.685310775057696e-05,0.028911420642093406,0.025705110774662754,0.023870140237073893,0.15906432748538013,0.02652885443583118,0.026435604120425702,0.010805618921839358,0.03290600893342448,0.022925263640531865,0.0020302298314756944,0.023743911701859858,0.015169162473935469,0.09414115633860458,0.0160256391104331,0.3650595243514879,0.044380829173110266
0.005463664358198095,0.00467973974608638,0.0,0.19269109805168816,0.00010444480800080578,0.0,0.00408796104815573,0.05773832935217977,0.0,0.00028039013150693917,0.017501156255981518,0.01604646927300698,0.11461988304093568,0.017800746482917025,0.01764270673268454,0.0038419978388762157,0.02437971739737998,0.0,0.0010787368648617548,0.015250568042574044,0.007237704738207053,0.06716912400131196,0.0,0.0,0.016676432780199008
0.01231890648753297,0.005645879564633245,0.6671070660148323,0.4385473560142594,0.00033790926570803333,0.030303030303030304,0.007734305281350496,0.001390503053153832,3.107097775147562e-05,0.03270858726386708,0.020784841093871555,0.019191050247420204,0.13099415204678364,0.02130347401665231,0.021171248079221446,0.0076839956777524305,0.028046231598668352,0.007794589637780834,0.0014408024888851046,0.018209250572326422,0.010504712408698188,0.07725194006053834,0.006410255028147598,0.31089964878740606,0.026520907614961647
0.26115730935644405,0.034026236734447414,0.9545971222605721,0.869853565377152,0.02013333275366557,0.6060606060606061,0.08399921923994118,0.05713012629871554,0.017619000366096566,0.0757448777049064,0.11070039949362971,0.10877188903484808,0.47368421052631576,0.11076658053402239,0.1104945649080872,0.0874054508344339,0.10135297133067141,0.10774873911049977,0.015352552498668768,0.10500843740651224,0.09336877760975279,0.29647253608906776,0.08012820479255013,0.41724385292816357,0.12452122698478786
0.05756402427140315,0.010929456697311414,0.8160728457971448,0.7290946187775424,0.0017286593733881023,0.18181818181818182,0.024279786551384835,0.07002327722175639,0.0001834570263086926,0.024888404851616974,0.039131399147779786,0.03693865451459527,0.25263157894736843,0.039965546942291125,0.03980991406294463,0.022571737303397767,0.044744394094383445,0.030719853278312698,0.003629018633018378,0.036024286196688626,0.026010598150155287,0.1484174532420498,0.02243589721870891,0.2598863424337492,0.06365478925577675
0.21442121538921302,0.025481937714173574,0.9490444257185113,0.8633713748974351,0.009374117498501073,0.5454545454545455,0.07216475876562459,0.018976234575154675,0.010299176094210227,0.06811298557106435,0.07685639670382842,0.0747743767994637,0.3742690058479532,0.08107952914154463,0.08101417107734336,0.07251770920878857,0.0780871701069667,0.0972031178358551,0.010158765587843066,0.07010956853333292,0.06663425435108096,0.2309807487454428,0.07371794668427432,0.4450899553757421,0.09371313213242288
0.06768966906175694,0.010552058330691545,0.8620539401280427,0.731719121015888,0.0016991553902562578,0.21212121212121213,0.0218433464170257,0.01944110279801118,0.0009313375914101949,0.030695158039257348,0.037185028066419615,0.03537314531722874,0.23391812865497078,0.03853000287108814,0.03838711513288943,0.02077080081642454,0.044270692451183195,0.03209536909674461,0.0035366129315748235,0.03355862189449333,0.025314187791941424,0.13819767086073279,0.02243589721870891,0.25853928422460476,0.045971622532021084
0.12060925379727921,0.015926211071358484,0.9173188773674025,0.8084031080024989,0.0036273728010321055,0.36363636363636365,0.03877564385944222,0.021983827219561467,0.003037601812170724,0.04802914371556096,0.04990918358880498,0.04651964830293378,0.27251461988304093,0.05535457938558713,0.055233054464743046,0.033857605955096653,0.05737130908867968,0.05960568546538285,0.005642670559494187,0.04557270504659269,0.03519074369332929,0.16631395625275328,0.04166666538327991,0.322398452060284,0.06638591721730544
0.052001611163805986,0.01047657865736757,0.8362418508807915,0.6895180212925919,0.0017628954499917383,0.15151515151515152,0.019363759191700792,0.03057510412560432,0.0005082384480134253,0.015305557686922724,0.03822331718545525,0.03652596459004197,0.24444444444444446,0.03898937697387309,0.03878549883330488,0.019570176491775722,0.045029718062808345,0.022925263640531865,0.003618627711830357,0.03478161257218304,0.02468233564096122,0.1437695746447373,0.0160256391104331,0.12227452511639064,0.04596957319747369
0.05144420045996129,0.010687921742674697,0.8290774469641677,0.6894954552363115,0.0019738894888853137,0.15151515151515152,0.020551763831125235,0.014980374324508283,0.0004876723534335207,0.01659978994291917,0.03967317592917388,0.03824647469803885,0.25146198830409355,0.039793281653746765,0.0395822662341358,0.021371112978748948,0.04516512970922823,0.022925263640531865,0.0036450291926546493,0.036564243642705045,0.027572059937994574,0.1477368132709428,0.0160256391104331,0.10926804230082732,0.04692353688268001
0.037540116679443375,0.0065818275138505205,0.669069728207088,0.6597861261933666,0.0004793280544690487,0.15151515151515152,0.014114124958163225,0.11722865818644745,8.772256597620057e-05,0.02910280983884262,0.023177120343451152,0.021425000871880123,0.1473684210526316,0.024174562159058284,0.024102213875135167,0.010805618921839358,0.030060985651227647,0.022925263640531865,0.0016833292264121606,0.02132456173295447,0.014313879788806844,0.08701410256467933,0.0160256391104331,0.3697091038899649,0.04041076227253386
0.02930758936112158,0.008332955934966713,0.7973973886511541,0.6438984467925766,0.0009765992605424588,0.09090909090909091,0.015420319502819076,0.09046013030277904,0.00013305231878779717,0.019067892466541912,0.029970319340239925,0.02834385402014237,0.19649122807017544,0.031122595463680732,0.030960104718001254,0.01596830351782927,0.03674075542919136,0.016964695093993582,0.0024206096492897927,0.026390739972933088,0.018467005608446718,0.11545523010451281,0.01282051313642341,0.1924310518153935,0.043493212589648056
0.21333497914582333,0.029225729511042676,0.9492481343973451,0.8601371550724519,0.014800729193841572,0.5454545454545455,0.07319895377056439,0.02162554557027752,0.008901008308731861,0.06190535630681326,0.0954379026871964,0.09459705575770258,0.4198830409356725,0.096640826873385,0.09640885550054067,0.0762396446151999,0.08934779665072341,0.09536909674461257,0.012189697266368147,0.0901681181498848,0.07840494002225823,0.26201486043643046,0.07051282071026463,0.38574657403335444,0.1165970337553701
0.02682327871834518,0.0067780746644928525,0.7340943330652042,0.6115060638306822,0.0005905632653049591,0.09090909090909091,0.013459255721336853,0.05761505918076771,6.470143898989178e-05,0.008734611236355619,0.024872852916845684,0.02325594912870113,0.15789473684210528,0.025437840941716913,0.02529736497638154,0.014047304598391165,0.03174432332248594,0.013755158184319119,0.0018309227175083282,0.02182758414187043,0.015252764610139911,0.09299411105798157,0.009615384082285502,0.07773730974661719,0.03955721581876492
0.07576627730208021,0.010521866461361955,0.8932935154640884,0.7665069835256932,0.0018198850190481912,0.2727272727272727,0.028978740741706067,0.03242116362607633,0.0014717346841509518,0.027223625756771362,0.035786677138005624,0.03418545083952368,0.24210526315789474,0.03743898937697387,0.037362699903249676,0.02905510865650138,0.04123051553518233,0.04126547455295736,0.0030576229130385617,0.03300675981192759,0.028331232087150552,0.14179613763857674,0.028846152246856507,0.26569775107711946,0.04462948135960525
0.528210958512532,0.09433449572030253,0.9807673100388609,0.929627589978371,0.11537842345278983,1.0,0.20116319670165278,0.012062518374128516,0.05619763759399181,0.1501708557638208,0.26446930109562955,0.26470474264036303,0.8116959064327486,0.260579959804766,0.25991690854248484,0.2168327530315764,0.218042293022145,0.23704722604309952,0.05302435501396673,0.25329876364705683,0.23046113108224112,0.5439573831401898,0.18589743585794705,0.5646274301755074,0.3047100341676438
0.04908202642828372,0.010461482722702775,0.8092916784234404,0.7350336760446784,0.001671598771059578,0.15151515151515152,0.024457292066911027,0.03967115686395362,0.0007762982091410132,0.03819615186236936,0.0369987948649912,0.03508445612117971,0.2409356725146199,0.03772609819121447,0.037618803710659614,0.022451674870932883,0.04317661432220517,0.031178358551123338,0.0034556404811784684,0.03445729276068503,0.02598313739325375,0.14134870006834283,0.025641026272846812,0.3650625081903107,0.04952721219416914
0.07616646960227641,0.014235466388901469,0.874873156392098,0.7379360848158203,0.003650159978840236,0.21212121212121213,0.030128425222185645,0.0006089790347590843,0.0009083843444380456,0.017781841354966098,0.05235880327711287,0.050747298140376575,0.2994152046783626,0.05254091300602928,0.05227363269022822,0.0315764197382639,0.05560559861628973,0.03209536909674461,0.005260063069283291,0.047333447859725875,0.037862068269213296,0.17852893611317786,0.02243589721870891,0.09774070435494331,0.06634837899747677
0.3728882709873576,0.046933260872846945,0.9658368907086207,0.8912304529562349,0.037473695551887586,0.8181818181818182,0.11216337806451093,0.02057852509456995,0.018971848185841328,0.08215430853153294,0.14942967622368028,0.14854124767983012,0.584795321637427,0.14820556991099626,0.14780035285413468,0.12306399327650379,0.12974683019222477,0.13984410820724436,0.022365775349527692,0.13991816022769907,0.12972884523831327,0.37183150947903515,0.10256410201125904,0.4086960528287257,0.18028479048972518
0.10330678377921859,0.015397853358090666,0.9075931207241519,0.792066023636215,0.004558075768991405,0.33333333333333337,0.03961391875899704,0.01240860603163609,0.0013425548765366572,0.029217345860731395,0.054065954648477646,0.0527177472167649,0.31461988304093563,0.05478036175710594,0.054607022935518765,0.04334253811982231,0.05521545146707808,0.0504355800091701,0.0050751880636049984,0.050672473667699724,0.044350220582943065,0.18737725573756897,0.035256410355132314,0.21270837543295706,0.07540258049184223
0.28381754869222875,0.037709644792657336,0.9625618709430792,0.8811167581451973,0.026728839484004802,0.7272727272727273,0.09859446525952294,0.028076167219978278,0.014328684060837444,0.07301733373776284,0.12094938679411907,0.12136958804632977,0.5099415204678363,0.12012632787826585,0.11985658186785046,0.10805618921839356,0.10646281394456628,0.1256304447501146,0.01546427754566644,0.1149769971225055,0.11538410851962842,0.31961289975541307,0.08974358887483563,0.3740670801491893,0.14499354030307018
0.00574431869859543,0.002294582069048805,0.4905303797377455,0.43700166134652507,9.538719550801912e-05,0.030303030303030304,0.006888745055107155,0.12168849982418481,6.7749866665721784e-06,0.002680192494890817,0.008765447210239787,0.008780801587209326,0.056140350877192984,0.008670686190066034,0.008622161516134541,0.007924120542682196,0.013471198881251574,0.004585052728106373,0.0003086782272571317,0.008109215586603769,0.008350871956858985,0.032874771475554954,0.003205125974009693,0.026020646696369387,0.016299868169033224
0.18629471304393022,0.02214573615325393,0.9447397046629504,0.8476585219637167,0.009113594350084213,0.5151515151515151,0.06544233561369132,0.022628501393884115,0.009071398003898551,0.05222817806781451,0.07178875059455792,0.07165304596164503,0.36491228070175435,0.07332759115704851,0.07321723294064084,0.06867571136991235,0.07127266940158326,0.08436497019715726,0.008321511895064812,0.0670271568743803,0.06701382978942307,0.2222999413484293,0.060897436627979126,0.33692808917974226,0.08445438208614578
0.013411639359172589,0.0026568845010038794,0.7822973187236717,0.6786382968878458,0.00012451230681760164,0.15151515151515152,0.01298740010847249,0.011605853382103386,0.0001802848204394627,0.020243869998640196,0.008382054907166816,0.008122047717030338,0.05730994152046784,0.009244903818547229,0.009305105002561041,0.01176611838155841,0.011874221731150783,0.022925263640531865,0.00024315473156124613,0.008024452194003707,0.010064190199449026,0.03375946380131081,0.0160256391104331,0.30352399313317674,0.012953822624102973
0.28236425295271755,0.04084959920293465,0.960071324607369,0.8883443290582833,0.02862932447915159,0.696969696969697,0.10476170064708148,0.009732689963546615,0.011745538770364243,0.08388995071604227,0.12840931215296916,0.1290808833501897,0.5274853801169591,0.12690209589434395,0.12665756075351434,0.11141793732741026,0.11226653797144992,0.12975699220541037,0.01755604132539797,0.12369116095781214,0.11663794081242687,0.33195047402271904,0.09935897295712114,0.43639896369322695,0.1614735516563856
0.4452243285734704,0.06907899702610087,0.9707981240584573,0.9102401623142112,0.08284511400411669,1.0,0.14941889450567275,0.022009656311233236,0.01703688484649674,0.10656585182881428,0.21528541655199945,0.21658277242378798,0.9976608187134504,0.2109101349411427,0.2102327699049571,0.1662864689638612,0.1760647372498712,0.1856946354883081,0.03388681165548975,0.20700755972747809,0.1959564031559604,0.6130593855305322,0.13461538331225342,0.4276263497504044,0.28712137146509786
0.17490482439613841,0.02433464667964917,0.9379923656435255,0.8381667820807881,0.013368164044655786,0.5151515151515151,0.06183771742151592,0.008115323236116918,0.003621702257879143,0.04184246313929602,0.08572888487633606,0.0867423846115096,0.41637426900584795,0.08377835199540626,0.08351829719424052,0.07083683515428023,0.0777692301290983,0.07794589637780834,0.009067203394755889,0.0850743269790608,0.07765599339206818,0.2537056176214434,0.05448717851970332,0.24595322097277506,0.11364480878732239
0.14785286436339543,0.025497033648838367,0.9238025015234723,0.819358996775975,0.01396378764356971,0.4242424242424243,0.05513690495367326,0.07693311351630824,0.000877247580908864,0.03371635550840793,0.09295065847032467,0.09335898598404266,0.43859649122807015,0.09095607235142118,0.09054692390871324,0.06063152839476528,0.08329504315467476,0.06419073819348922,0.009878288847267516,0.08844689101293637,0.07651026221030545,0.2686200000187468,0.04487179443741782,0.16160272880924914,0.15134772140807579
0.4779861751750842,0.07463430098274536,0.9766975435993042,0.9173010403669128,0.08283001450802566,0.9696969696969697,0.1644274848957183,0.02304503706751791,0.03632732699035821,0.12139876249034534,0.2227289119857125,0.22398019088362145,0.8035087719298246,0.21912144702842376,0.21851345967787836,0.17973346139992796,0.18463685049577455,0.19761577258138469,0.03923241420480964,0.21423049867551341,0.19862778339188217,0.518758515292482,0.15064102550281475,0.49595853124881023,0.26553432570947433
0.07237503735561243,0.01382787615295201,0.8874531962970016,0.7695154083420106,0.004563498086939533,0.2727272727272727,0.03531388901416073,0.08167652089008158,0.000336305147133859,0.021608881549548424,0.05139132713541791,0.051865242208297975,0.29473684210526313,0.050014355440712026,0.04982641853053327,0.04058110217313003,0.05021036471617862,0.04126547455295736,0.004111318293169654,0.049481367908642354,0.049350059913721676,0.1748735651019481,0.028846152246856507,0.12592403427875593,0.08463140204354298
0.3733579772098281,0.051114834774995094,0.9719026187173493,0.9044578579889172,0.03821473756864523,0.8484848484848485,0.13244103143368968,0.030703861593315743,0.029073464117382364,0.10849300716680646,0.14878513026055395,0.14969406695264334,0.5660818713450293,0.14964111398219926,0.14942234363439763,0.13963260895665744,0.130502199435108,0.16231086657496557,0.023097408004802505,0.14008249672765857,0.13493633764845803,0.3630692446420239,0.12499999922996795,0.5130023148951893,0.17318661653436893
0.04647687850005847,0.00845372341228507,0.8336098882405543,0.7159512458068971,0.0016865490948896934,0.18181818181818182,0.024107827913377643,0.09626020249121034,8.212380669576878e-05,0.014866874806550023,0.03183174770864157,0.032019313113464544,0.20584795321637428,0.030950330175136376,0.03084628080359684,0.026533797574738862,0.036068514615121575,0.027510316368638238,0.0023526036279532775,0.03091928655265564,0.030427039249335576,0.12011329100876744,0.019230768164571005,0.11810708969639983,0.05476069179093558
0.1547815183919546,0.037166191144724726,0.9653067939284236,0.9013993185742117,0.011882161819850141,0.4242424242424243,0.09538567831971864,0.017925833038090925,0.029515334005165855,0.15607603059797598,0.0824102864475298,0.0779402703990886,0.3216374269005848,0.09658340511053688,0.09683569517955723,0.08404370272541722,0.08901644619686479,0.14167812929848694,0.013779260427867838,0.07943862568791098,0.07510183878629806,0.212157836569037,0.12499999922996795,0.6590661518444262,0.1049591781905569
0.17244130296376184,0.0326072188759567,0.9643246774268581,0.8959700673633895,0.010458174757781403,0.4545454545454546,0.08887661773732637,0.04050810811769552,0.04601817922687261,0.13954354916142653,0.07509371218550043,0.07306742927114697,0.32982456140350874,0.08578811369509043,0.08605087928973879,0.0900468243486613,0.08140911431274596,0.13480055020632736,0.012104946364184943,0.07063064691178304,0.07523006193275561,0.21082989577354455,0.11538461514768243,0.6397181239069224,0.08999797279131326
0.06793394228395462,0.011186087586612926,0.8921038806390973,0.8192477200327917,0.0014126506468014465,0.36363636363636365,0.03568983643711856,0.07159408507149448,0.001431258181452727,0.06450150613629219,0.026413569146572183,0.024573456869059106,0.1754385964912281,0.03565891472868217,0.03576916510158785,0.030856045143474606,0.03660027229195829,0.06464924346629985,0.002326956560592667,0.02361301980651857,0.024403408912789103,0.10708070587068473,0.04807692349155572,0.42397884109644607,0.05007233429615883
0.09006145810324441,0.011940884319852664,0.9198019918230517,0.8043699662304306,0.0029471115617042995,0.33333333333333337,0.040498261112232585,0.1126295833335181,0.004166806034804469,0.046350769541996,0.03976699080170641,0.03970348325796414,0.2596491228070175,0.040195233993683605,0.04020829776336008,0.04154160163284908,0.04337306689471112,0.05685465382851903,0.00345038725800203,0.038634257059719894,0.04029814694369891,0.15209318835939414,0.04166666538327991,0.37079006880351834,0.04470714576107081
0.03130985018775256,0.00566097549929804,0.8310397665806072,0.7715197250677011,0.00034988959739016504,0.2727272727272727,0.020132992151342954,0.08777080084373555,0.000659767408881248,0.045613350933536766,0.0134336818394287,0.012710074671688698,0.11345029239766083,0.01837496411139822,0.018496386090717663,0.019690238924240603,0.020015224885406264,0.04447501146263182,0.0006609107418406435,0.01186754439714051,0.01307264552144699,0.06686743818550865,0.03205128130099441,0.39612723900148517,0.02922826045429163
0.07110104855579953,0.009751973793457422,0.891425761886575,0.81724282274065,0.0011780466984515278,0.36363636363636365,0.03522295449906661,0.03983427921758027,0.0033887537091231226,0.0644272560528383,0.024345370170320818,0.02328888682221008,0.16023391812865498,0.030203847258110823,0.03036252916737807,0.034097730820026415,0.03292817310455869,0.06464924346629985,0.00206549924371425,0.022722332485212136,0.02573742405390155,0.09659996690133302,0.04807692349155572,0.4767820340684644,0.03947114390764131
0.04393929550563258,0.006506347840526547,0.8420302526829245,0.7617650884093643,0.0006283658334551795,0.2727272727272727,0.02197682112388615,0.06255218474207934,0.0005197287137481515,0.03750025875968149,0.018269912453143907,0.017668166300477014,0.12631578947368421,0.022164800459374103,0.022224119287462298,0.02281186216832753,0.025403194776651768,0.04126547455295736,0.0011442402909818629,0.016408832780513395,0.017614998349525346,0.0753164395484815,0.028846152246856507,0.31666911561653904,0.0343630150740858
0.06916700232579291,0.012182419274489379,0.9027341200584937,0.8310016483932603,0.0015482520205362506,0.36363636363636365,0.03850912597822671,0.06491565748451696,0.002093866893523934,0.07493655584480172,0.027598495347455947,0.025573212742624862,0.17660818713450294,0.03755383290267011,0.037704171646462926,0.033497418657702005,0.03804629183080562,0.06969280146721686,0.0025479516957002796,0.024672485319721486,0.025712128989337436,0.10863585586060545,0.05448717851970332,0.47674543200099595,0.0502441265200286
0.07901459142704936,0.013948643630270367,0.9262606119748386,0.8472276783758694,0.0020308617932875027,0.36363636363636365,0.04773952438257589,0.03311871538292016,0.0059520482202359,0.10324703424217999,0.031050915516503446,0.02898517028787544,0.1824561403508772,0.039793281653746765,0.04003756189175346,0.04298235082242766,0.040622427783554835,0.0811554332874828,0.0031475047387121394,0.028687559239181697,0.03215799692440585,0.11273866393429936,0.06730769165612673,0.561437517394371,0.047468100076714814
0.05331457973311852,0.009042464864212067,0.8951853057729919,0.8176586641045623,0.0007629060978604191,0.36363636363636365,0.030508704274952055,0.024514634785512118,0.0027679052912960907,0.06758889650120964,0.019754438338901708,0.018350170307250554,0.14269005847953217,0.02750502440424921,0.027687667178874286,0.02905510865650138,0.02816096454353226,0.06464924346629985,0.0013673663463689768,0.017418770494368612,0.019524583252197945,0.08633206622673988,0.04807692349155572,0.4860959681955485,0.035428453832054355
0.356953341215909,0.04130247724287849,0.9700549239614535,0.8911269512273636,0.031341412866198175,0.8181818181818182,0.11194187869776279,0.07614687818290898,0.026559729134407073,0.08420802369457758,0.12760909264916934,0.12846087970766829,0.5380116959064328,0.1267872523686477,0.12657219281771104,0.12426461760115261,0.11325155754318841,0.14121962402567628,0.01815944097511537,0.12205550551405561,0.12405898616024671,0.3372308742978624,0.10256410201125904,0.4218779647083776,0.1423664865694412
0.0704422904512558,0.010929456697311414,0.8961618503796636,0.8232295150138336,0.001327825722633166,0.36363636363636365,0.034443352440146985,0.05651338745100786,0.0021103880677471433,0.07250551638453909,0.02578767114847641,0.0244707687657665,0.1672514619883041,0.033763996554694226,0.03391952649251608,0.03301716892784248,0.03542444224188972,0.06510774873911049,0.0022981165333337238,0.023491331574017827,0.024816630481801275,0.10196642196385625,0.05128204946556541,0.4892125998093357,0.04532698731408695
0.21999662175331006,0.030493788022885437,0.9542328281451399,0.8717562692734976,0.01634957899622785,0.6060606060606061,0.08466217817135026,0.007456736825722139,0.00920788959527798,0.0703621805030685,0.09534474501166935,0.09477918182769324,0.42105263157894735,0.09732988802756244,0.09717716692277048,0.0881258254292232,0.08878486183035444,0.1104997707473636,0.011496092098578572,0.08863324196382664,0.08879966887845644,0.2629578533624047,0.08012820479255013,0.3837058471206363,0.12251409618516702
0.4002241336746229,0.05405854203463008,0.9729595537771853,0.907369823979176,0.04412883516923558,0.8484848484848485,0.13581987116685096,0.05081452539432043,0.03800987286964483,0.11588913359325409,0.15778913998378366,0.1578626149428628,0.5964912280701755,0.15618719494688485,0.15596721871265157,0.145155480850042,0.13674467488661113,0.1687299403943145,0.025721725734999902,0.15181192819769282,0.15231388360329506,0.3818152962180444,0.13141025733824374,0.5293291181959809,0.17494959408325328
0.25595415979106845,0.03167127092673943,0.9542566018992122,0.874576508497523,0.017921462171804087,0.6666666666666667,0.08841741497636879,0.0020611726008542886,0.012709010186541365,0.06969640888665657,0.10082798607728144,0.1012543448692761,0.4502923976608187,0.10031581969566465,0.10016504467588641,0.09689038299915957,0.0917923995782635,0.11370930765703806,0.012613848285580903,0.09493606725768201,0.09690923550372986,0.27930339497591494,0.08333333384668803,0.3958870274293034,0.12428793159804973
0.15646089679456363,0.019685098802892383,0.9329292401701745,0.8320114752158532,0.008782138934611872,0.48484848484848486,0.05888399662794341,0.007202214961008048,0.00402531984805209,0.04132866247833392,0.06807049423679301,0.06823140085948005,0.35789473684210527,0.0670686190066035,0.06692846166979684,0.06363308920638733,0.06532613337806002,0.07336084364970197,0.00691695187611457,0.06620970550967824,0.0683270043672743,0.21556342040358234,0.05128204946556541,0.25985181732352114,0.08938346464123392
0.22482621519431417,0.027308545808613742,0.9525559799791156,0.8677420752576297,0.01333738234459578,0.6060606060606061,0.08145790583693407,0.00803744797045418,0.01187305849080065,0.06554980823273523,0.0864373432482455,0.08680632248714461,0.4093567251461988,0.08664944013781223,0.08656308690455866,0.08344339056309281,0.0813546405650786,0.10591471801925723,0.010587016347427673,0.08284645375985934,0.08124681482994583,0.25160400074107164,0.07692307573841223,0.41328206545392027,0.10229861816818596
0.2818341280875226,0.03623024319550745,0.9531091311041708,0.8750920936585467,0.02480109021635865,0.696969696969697,0.09338306096528805,0.020389241085859447,0.007237100160315493,0.06710930789873382,0.11892119468557641,0.11891669863560449,0.504093567251462,0.11765719207579672,0.1173524557509533,0.10049225597310601,0.10527086778283394,0.11508482347546997,0.015399158277683778,0.11311561611932684,0.10710955967051128,0.31539348997351285,0.08333333384668803,0.35577457308599114,0.159129583758282
0.05595935709366839,0.008740546170916172,0.8570294219416079,0.7451147765818131,0.0013374567027553254,0.21212121212121213,0.021265508812199747,0.023825840531853142,0.0009930029983753618,0.03592799155011739,0.03013108615770592,0.029812487648364933,0.18128654970760236,0.031180017226528852,0.031130840589607876,0.021130988113819187,0.03690931863502249,0.033929390187987164,0.002511169209797007,0.028417724139515547,0.022681261166863864,0.10777292400779657,0.025641026272846812,0.33445487954422415,0.03842752198526756
0.2518301001780076,0.02984466283229926,0.9517792417097002,0.865229116446713,0.01787862626732721,0.6666666666666667,0.08145013354157447,3.4752876562660045e-05,0.008373402705854472,0.05990804145757749,0.09874245353001049,0.0989719564602442,0.45380116959064326,0.09767441860465116,0.09746172670878152,0.09088726137591548,0.08968030043016996,0.10545621274644658,0.011839247223409165,0.09458164645609447,0.09349396329336607,0.27974204660603913,0.07371794668427432,0.33370207854329115,0.12925736208291527
0.05184309343450749,0.008046133176335613,0.8475140501753045,0.7346427342855117,0.001299538408307876,0.21212121212121213,0.02457996324336557,0.04328822738823763,0.0003337168907121447,0.01944261367235335,0.028926197597780645,0.02842910452098906,0.1824561403508772,0.028997990238300315,0.028939730237322863,0.025813422979949572,0.033949428274564805,0.03209536909674461,0.0021134030850947327,0.02769618795543676,0.025800752265719467,0.10725840040500446,0.02243589721870891,0.2046097338228675,0.04411569694841829
0.3158465756272495,0.039732500037739836,0.9638938278833585,0.883785186968386,0.029735201985898196,0.7575757575757576,0.10341348983677416,0.025881525836408063,0.015004209106128822,0.07544329097194599,0.12835451835263711,0.12899369533796012,0.5333333333333333,0.1261556129773184,0.12586079335268344,0.11057750030015609,0.11204256366958569,0.12746446584135718,0.017462320343329167,0.12474570750412585,0.11830545496130157,0.33453746445965865,0.09294871792897354,0.39590529811693576,0.15233528700791735
0.22260241934436029,0.027067010853977023,0.9526255682107326,0.8644969429628083,0.01272596993423783,0.6060606060606061,0.07802590137157339,0.018175754442271205,0.010570521234242817,0.06412666097374708,0.08600383967350453,0.08581625417049325,0.4023391812865497,0.08710881424059719,0.08698992658357523,0.08164245407611959,0.08159405384131137,0.10132966529115085,0.010420856028403178,0.07940852631429483,0.07897811583961668,0.24827806973280675,0.07371794668427432,0.3895198445199264,0.10429553330785533
0.09297519587334173,0.01345047778633214,0.9185558712838393,0.821845283237957,0.0024461454002846815,0.36363636363636365,0.041412378483684786,0.0005978935876896554,0.003814485922158662,0.05989874470255405,0.03703083321900844,0.03421063848750111,0.22573099415204678,0.04427217915590008,0.044305958681919076,0.033377356225237124,0.04602118955926239,0.06602475928473177,0.0037264761195708643,0.034165580923398976,0.03142908249651665,0.13696038220000237,0.04807692349155572,0.3964084901749529,0.053938845928664644
0.009013422033964371,0.004015518620835409,0.49231814992277034,0.43758959936940234,0.000203215721042571,0.030303030303030304,0.007443975211843882,0.12195804246967798,6.7749866665721784e-06,0.002597389396815381,0.015259703719160004,0.014763836737540835,0.09941520467836258,0.01521676715475165,0.015110124637186275,0.0076839956777524305,0.021076439033091417,0.004585052728106373,0.0007943401181152028,0.013908105298246282,0.009684780510581366,0.05814590206849627,0.003205125974009693,0.021885960556069173,0.028565115504147334
0.12297727479438171,0.01714898177920686,0.9277189824140447,0.8298953577339865,0.0041740635841009625,0.3939393939393939,0.047975567952765814,0.007136699968827723,0.0043925594914882,0.06091915653392679,0.048490295253969674,0.045750456283930666,0.2619883040935672,0.05742176284811943,0.05736725285982586,0.041661664065313964,0.0580906163733541,0.07060981201283814,0.005624323320693765,0.04411287688381946,0.04033467114486759,0.16202466770462995,0.05128204946556541,0.34033989440838097,0.0705026257473772
0.12035588529553162,0.017707531361804266,0.9254358677502302,0.8169909690616555,0.0053844247473192695,0.36363636363636365,0.044593267626020096,0.02168202592309626,0.0037586020645626896,0.04898113142996117,0.0569434917369799,0.05485288476069797,0.2935672514619883,0.06132644272179155,0.06118035399237381,0.039620602713410974,0.061769221484962666,0.06281522237505731,0.006309386417435409,0.053704019809312276,0.04423703608953211,0.18002299327698518,0.04487179443741782,0.30451842730444767,0.07348748046934196
0.35853462053194396,0.05153752094560935,0.9744860766523081,0.9076298841816772,0.03503848379783182,0.787878787878788,0.1294857913993152,0.09063300784982678,0.03707552750054655,0.11813671708772086,0.14465259334045844,0.14446278621886904,0.5426900584795322,0.14659776055124893,0.1464629218598828,0.1366310481450354,0.1290042384222778,0.16460339293901877,0.023602054078543294,0.13690373156183336,0.13309381480381968,0.34966049706676283,0.13141025733824374,0.5609282940486101,0.1637316924641578
0.08958850356664891,0.016816871216581375,0.9433180926088286,0.8608285948592398,0.0023887575178954904,0.3939393939393939,0.05308727229582718,0.07199399257452413,0.008275854096908793,0.12476146076069025,0.03469433356526911,0.031842999577622516,0.21403508771929824,0.046741314958369216,0.04700927664902396,0.04226197622763837,0.046338959333516554,0.0921595598349381,0.004021449677888026,0.032154165337974966,0.03350359608672627,0.13228195718963318,0.07692307573841223,0.608924311421534,0.05188307212642173
0.03232722217169289,0.006657307187174494,0.8945109654302078,0.7820332811764834,0.0004360084579205619,0.21212121212121213,0.01878334978358071,0.15300632890344085,0.0032134970918522173,0.07653621749250156,0.015562917987564191,0.014391834552027994,0.11578947368421054,0.020844099913867358,0.021000512207614824,0.018489614599591787,0.02394689622194579,0.048143053645116916,0.0010790520184306744,0.013870778844571175,0.013127397020732939,0.069307281008955,0.03846153632914201,0.5423202067842205,0.022055927225424495
0.09178436391512805,0.013903355826275984,0.9304600897093415,0.8286491236497615,0.002631637221514674,0.36363636363636365,0.04362200172732498,0.012163451369695669,0.005430939786889339,0.08566885380059405,0.03641569682187743,0.03444313985344664,0.21520467836257312,0.044099913867355726,0.04419213476751466,0.03721935406411334,0.046129487367355636,0.06969280146721686,0.003887302890249005,0.034113937122036336,0.0339549550310718,0.13153423067819817,0.05448717851970332,0.45747080019588127,0.050739180645112625
0.18809233008068815,0.021662666243980496,0.9356841200208608,0.84278864959463,0.008899488860970315,0.5454545454545455,0.062405344989003846,0.010058990098035259,0.005309592747997362,0.047750984805259654,0.07219613058833098,0.0727632399840349,0.3719298245614035,0.07258110824002297,0.07244892151841102,0.06807539920758796,0.07021313853900588,0.08253094910591471,0.007982726792987867,0.06694920375449268,0.06566440153998657,0.2254801206022636,0.05769230757384122,0.31200796779388756,0.09571190222936686
0.07449293816509231,0.012454146098455686,0.9232671048938825,0.8280374177920931,0.0020304498061748,0.33333333333333337,0.042149769706881245,0.008220025283687675,0.004055436130569616,0.06645184138347615,0.03213783721394474,0.030182552322494893,0.20116959064327486,0.03956359460235429,0.03966763416993911,0.03661904190178893,0.04082161955102291,0.06785878037597433,0.0029049451641842633,0.029378132597280233,0.031243447177904043,0.12211308583525717,0.05128204946556541,0.42850304921658133,0.048236660927570944
0.013799488065693906,0.0037135999275395137,0.6654526867920507,0.5430300252948268,0.00022949238439118913,0.06060606060606061,0.008338568545467925,0.010792680412325421,5.4968229509638026e-05,0.007277499832348523,0.014001500052165012,0.014079895219384415,0.09005847953216375,0.013953488372093023,0.0138865175573388,0.009124744867331013,0.020700406810259225,0.009170105456212746,0.0007716532277632269,0.013626182657746226,0.010151259945457954,0.052759082899858485,0.006410255028147598,0.08526557244560323,0.017339903759983653
0.1630224913270013,0.019956825626858687,0.9450775831602214,0.856273530715189,0.006630291341655205,0.5454545454545455,0.06896580250586766,0.01525806477359748,0.009739196366596332,0.062180664212240715,0.05978102195777345,0.05967922561545049,0.3333333333333333,0.0626471432672983,0.06268852085823232,0.07275783407371833,0.060675339125418504,0.09353507565337,0.006138005169487446,0.054825967194666356,0.06219477394485828,0.2008618757932677,0.06730769165612673,0.3989446422943498,0.07805064244235847
0.11278081675610359,0.02321754751445436,0.9591508767906096,0.881799788075319,0.004554434979800813,0.4242424242424243,0.07029193486679094,0.05764526702403191,0.022082940558844872,0.12736021368157574,0.04961525222810322,0.04718227719587852,0.25614035087719295,0.06161355153603215,0.06192020943600251,0.06531396326089567,0.05805288151407663,0.11416781292984868,0.005867202632666549,0.04499665443304488,0.05126330011972219,0.1611866978130875,0.09615384698311145,0.6243599553386148,0.06627294213169159
0.10642386601353897,0.014567576951526953,0.9073007786134689,0.8099218639173676,0.004618148483793474,0.3939393939393939,0.045257266800773424,0.04842439215168083,0.001048138093929926,0.03411735554175229,0.050735526673572715,0.05090423656238981,0.295906432748538,0.050186620729256386,0.05011097831654431,0.04910553487813663,0.05061423448509731,0.05960568546538285,0.0043266125454649714,0.04858986733509631,0.04973502013547735,0.17555420507305508,0.04166666538327991,0.25953430897770413,0.07645207450896754
0.1408852305653366,0.04494059749709403,0.9696550805520532,0.914937985152215,0.011019793056220174,0.4242424242424243,0.1131142659185641,0.05806324380578473,0.03663670796243486,0.19595365555225144,0.08142375159267587,0.07536919279400767,0.295906432748538,0.1034165948894631,0.10386432189402994,0.09869131948613279,0.09217263503351063,0.16781292984869328,0.014268456056241361,0.07443340997565114,0.0791375753430107,0.20257656957976547,0.15384615455695264,0.7230907362813184,0.11229566568645463
0.04330392526278862,0.006596923448515315,0.8485973212548031,0.7352766572078588,0.0008884536674362641,0.21212121212121213,0.025432717127343723,0.05990182062948488,0.00026596344217872216,0.019280354308010922,0.022941433067360226,0.022864571829359498,0.14385964912280702,0.02348550100488085,0.023476182345910878,0.0262936727098091,0.028182240036814857,0.03209536909674461,0.0014547045139449656,0.02115554687785174,0.02322473293089658,0.08488473149714601,0.02243589721870891,0.18845420041947353,0.03640957115563278
0.04956927354702909,0.011140799782618541,0.9125688399931366,0.8270712681444815,0.0011379694511136043,0.33333333333333337,0.03652402174188881,0.048747200370342615,0.0022722060253933343,0.07052493569434551,0.023255491086354864,0.021041373618070007,0.16842105263157894,0.0345679012345679,0.034716293893346996,0.0315764197382639,0.03301717589467961,0.06785878037597433,0.0015894377035956372,0.01977615142210066,0.02239186863924567,0.10296771549004867,0.05128204946556541,0.43454996695350356,0.0450366528357354
0.012522900614581032,0.0024606373503615474,0.807591903874701,0.6806342888323329,0.00012143795306594261,0.15151515151515152,0.013040694191725127,0.04661397236353703,0.0003535053321329999,0.019904600418651476,0.00768559038060743,0.007341230629729949,0.05263157894736842,0.008498420901521676,0.008565249558932333,0.012966742706207228,0.011537390779017864,0.022925263640531865,0.0002369532477643511,0.007780993640266114,0.010174983558030998,0.031007753362888767,0.0160256391104331,0.2818389371937036,0.010310697688475349
0.22759572781726287,0.026146158839424543,0.9584761162886626,0.8706756541296157,0.010880312614997877,0.6060606060606061,0.08065455717106966,0.05220752267306488,0.015461116977891995,0.07348626206114514,0.07820915458998712,0.07761476848676487,0.3766081871345029,0.08079242032730405,0.08078652324853453,0.08128226677872494,0.0773709223785561,0.10774873911049977,0.010037327192724939,0.07358015308623364,0.07488620441615958,0.2320213751325714,0.08012820479255013,0.4598908492967378,0.08878731439251354
0.06946129958551511,0.009102848602871246,0.8833826822361047,0.7883518547923791,0.001472081329353983,0.3030303030303031,0.034675292284765014,0.030100369854856025,0.001698041458060734,0.034633015553719074,0.028914614500559026,0.02824504093961552,0.1847953216374269,0.03083548664944014,0.030874736782197945,0.03241685676551807,0.034979455093892796,0.04906006419073819,0.002316333816528553,0.027608463515808885,0.02891746455389113,0.10937758916559562,0.035256410355132314,0.3213633354380028,0.04252490358950747
0.02484570507906397,0.005193001524689401,0.8040291022871365,0.6501464781332706,0.0005822186923308933,0.12121212121212122,0.015389873091040281,0.04450629631222649,0.00038530460155434523,0.01416949422305841,0.019347058345128648,0.0191348624173167,0.11695906432748539,0.019178868791271893,0.01912241761994195,0.015848241085364388,0.02489177042208866,0.018340210912425492,0.0011386320079071475,0.018660035403836716,0.016758914841978438,0.06905510985326026,0.01282051313642341,0.1783505644316004,0.019543703319504193
0.14930486077725663,0.025542321452832754,0.9505294787835002,0.8557777827834401,0.01035978665713913,0.4242424242424243,0.06483628208751749,0.05337177175153167,0.008472208698125575,0.07515608322008854,0.07738174356008547,0.07528394229316097,0.3415204678362573,0.0838931955211025,0.08374594502304936,0.0565494056909593,0.0789927047153653,0.08803301237964235,0.009606563893090067,0.07373390085482917,0.06199134543774576,0.21579982429277492,0.06730769165612673,0.40365319831462465,0.09796338838733053
0.047799592011745905,0.009148136406865631,0.9130930998859702,0.8199338540610093,0.0008136318910088128,0.33333333333333337,0.03402087595778898,0.010979691904386689,0.003427377246193053,0.06559009417117012,0.01967015282294866,0.01789291762089102,0.14385964912280702,0.027906976744186046,0.02808605087928974,0.02785448433185256,0.028090298522130307,0.06189821182943604,0.0012836223457633104,0.017541100511533417,0.02027565998113336,0.08712930790605321,0.04807692349155572,0.46710206526080233,0.03383702006046831
0.13526239881501503,0.018205697205742492,0.9300565545417329,0.8366595900867482,0.006148160961484686,0.4242424242424243,0.054855132706370664,0.0066060396176141544,0.003861559908227793,0.053332384651131846,0.05711707389605279,0.05639320631008707,0.3005847953216374,0.06046511627906977,0.060412042570143994,0.05702965542081883,0.060296812471295244,0.07657038055937643,0.006047358637794865,0.05371879608849306,0.05403548873593238,0.18314487193060122,0.05448717851970332,0.3275004003555382,0.07801567868718645
0.022270441640788435,0.004226861706142536,0.8581433868066675,0.7438498579917798,0.00020364532646612358,0.21212121212121213,0.015068351663633047,0.06053457794820789,0.0007096302048661457,0.039662312107932605,0.010297455579643651,0.009559681163126834,0.08304093567251462,0.014010910134941141,0.014114165386147633,0.014647616760715573,0.016492367946519235,0.03530490600641907,0.00046341284532568436,0.009089330145728217,0.0100576398181934,0.049229099536944744,0.025641026272846812,0.39821460787275476,0.016981270800554952
0.011324272702467419,0.0034418731035732075,0.6653361666811822,0.5470392183941863,0.0002182349469728088,0.06060606060606061,0.010684589032650798,4.5838323632089095e-05,5.7219159731397944e-05,0.005362244340786318,0.012743132085918651,0.012553136249675467,0.07836257309941522,0.012919896640826873,0.012862102327699052,0.01164605594909353,0.01795484828321336,0.009170105456212746,0.0005537655584288844,0.011240221700830432,0.011457653973908773,0.0463024867900981,0.006410255028147598,0.043411173072650855,0.016048825093129535
0.10014162649584865,0.019156741089624563,0.9476013029258564,0.8620956150374567,0.0038024097081027814,0.4242424242424243,0.059756739416420096,0.02387954952290453,0.010012696955086916,0.09318534221541178,0.04384415887409009,0.04067805148355247,0.23625730994152047,0.0570198105081826,0.05716806100961813,0.05102653379757474,0.05409212628944224,0.0972031178358551,0.004808419035288139,0.03953668531929517,0.043081598401954094,0.14877045833167893,0.07371794668427432,0.49301419954914727,0.06545636300966232
0.09405103751153152,0.021209788204036652,0.9529954140695401,0.8739117275695327,0.003928257519954728,0.4242424242424243,0.06064558550520736,0.044051238710026426,0.012143499014288558,0.11972299140818693,0.044557710522792005,0.041507306355424836,0.23157894736842105,0.058972150445018655,0.05921689146889762,0.05378796974426702,0.05454753359654367,0.10316368638239339,0.004881386320765626,0.04050381851085583,0.04431794525035533,0.14738881377558063,0.08653845982069773,0.5854394083393443,0.0666416895305043
0.08084664059353196,0.018613287441691953,0.9458270100764736,0.8675852401485883,0.0025965337554295395,0.4242424242424243,0.05339708546011149,0.02054471448100819,0.009218040781375066,0.11040677517756495,0.03630939520624074,0.033369758547331464,0.20935672514619885,0.05213896066609244,0.05238745660463264,0.04658422379637412,0.04764318322911323,0.09949564419990829,0.0034162641231746033,0.0313808968681853,0.034512286397668235,0.13264933317893204,0.08012820479255013,0.5593838005993221,0.06084638577105643
0.06976144381066227,0.009299095753513578,0.9026453123160086,0.779864266553949,0.0019452716642331235,0.3030303030303031,0.032681969365119024,0.035251389117372266,0.002100985955340853,0.02919838048048358,0.03224931425599959,0.03247075326567544,0.20350877192982458,0.032213608957795,0.032212167776449835,0.03517829271221035,0.03613164799978834,0.04585052728106373,0.0024115253383679165,0.03182637787796367,0.03455048296321484,0.11956822048514887,0.03205128130099441,0.2626055404888003,0.03722707964988141
0.09052141938334005,0.011397430671920051,0.9058094624564981,0.7911228572229978,0.00267728090729021,0.33333333333333337,0.037466244162357526,0.016399865821748672,0.0018853503267523563,0.030103016722631076,0.039366511376490915,0.03958723257499138,0.2654970760233918,0.03956359460235429,0.03952535427693359,0.039020290551086564,0.04303553519840275,0.0504355800091701,0.003297082621774895,0.03702197987847291,0.037512942000868,0.154738479396552,0.035256410355132314,0.2614060664609767,0.04868442472929065
0.07505814482283694,0.011155895717283336,0.9222383829676671,0.7942413767311235,0.002324544532628758,0.2727272727272727,0.036657092453162766,0.1575910481024153,0.004083211894350872,0.09226992173743709,0.03592411346177701,0.035698647229552474,0.2432748538011696,0.03640539764570772,0.03648056456661545,0.03781966622643775,0.040569137060989253,0.05731315910132966,0.003187570437887362,0.03400219901167932,0.0367580238889762,0.14186462054573717,0.04487179443741782,0.5026619909844229,0.03845979895193891
0.0199894754622351,0.003970230816841025,0.7968469589886862,0.6546198752640964,0.00038745781645938986,0.12121212121212122,0.01598259150190878,0.018490359430101598,0.00025651556053700756,0.0114038955386856,0.014827760987307061,0.014851024749770406,0.09473684210526316,0.014527706000574217,0.01451254908656309,0.016208428382759033,0.019945157681075094,0.018340210912425492,0.0007373169109538193,0.014905369055609376,0.016200518786410704,0.05542334218406824,0.01282051313642341,0.13919128231471917,0.01746183896920193
0.06392227433961774,0.012982503811723502,0.9070403363567351,0.8443629964728938,0.0016294383148176617,0.36363636363636365,0.039102995142442934,0.0648391678997379,0.002635278562197967,0.08861344600835147,0.027537211726694766,0.02555771265156183,0.17309941520467836,0.03732414585127763,0.03756189175345741,0.036979229199183575,0.037020657783733056,0.07932141219624025,0.002524228371635682,0.025952531975337284,0.02826297352465822,0.106739687701715,0.06410256260198882,0.5544305983909426,0.04961968826432193
0.04644829333575874,0.009268903884183988,0.9036190548540185,0.8131116771889368,0.0010007377575574434,0.36363636363636365,0.036450792378663915,0.022093074300430688,0.0022191725212177596,0.057684257655970746,0.021466847286310337,0.019136799928699582,0.1649122807017544,0.029227677289692795,0.029366569916339423,0.02857485892664185,0.028446723205596467,0.061439706556625395,0.00123132684277132,0.01945221381391784,0.02292268296611153,0.0984771668131716,0.04487179443741782,0.4107514252370622,0.038109875646853274
0.10268765510699947,0.014356233866219826,0.9337874490141516,0.8339435149398123,0.003056162783131322,0.36363636363636365,0.04280659805055622,0.05367545757399868,0.005246212959111163,0.06851460538807694,0.04009312481567678,0.03838210049484041,0.2280701754385965,0.045822566752799304,0.045899493483580904,0.04154160163284908,0.04834177580841911,0.06969280146721686,0.004289792222930965,0.038097611077662435,0.03834041256763496,0.13893381920616293,0.05448717851970332,0.4553482000839366,0.051661781522656644
0.09678286969063056,0.02211554428392434,0.9344211769939184,0.8719419505707301,0.004483249197671456,0.3939393939393939,0.05905092760428402,0.06642455311237229,0.008309369237799739,0.11318551327570422,0.04869509427080296,0.04560320541883184,0.2456140350877193,0.06241745621590583,0.06263160890103012,0.05486853163645096,0.058563713858053396,0.10316368638239339,0.005878258785833843,0.04542352854337498,0.04604799786437942,0.15625610164702358,0.08653845982069773,0.5812162078721422,0.07729422704825516
0.0007302210152930629,0.0005132617786030222,0.5037879650844672,0.42132651678021316,2.496463185946352e-06,0.030303030303030304,0.0030487177288601786,0.06952404411298464,1.953454488635812e-05,0.007334272016358327,0.0011653745899706809,0.0010016933849486364,0.014035087719298246,0.0018949181739879415,0.0019065505662739742,0.0028814983791571615,0.00264173427546287,0.004585052728106373,5.159884152790886e-06,0.0009758733013274386,0.001383685599753132,0.008080228499071786,0.003205125974009693,0.11799190172954616,0.0017214382224721558
0.004235151956134766,0.0017964162251105776,0.7445845345439462,0.6467383876787574,3.323029520579879e-05,0.12121212121212122,0.007623692376751221,0.04435353885160975,8.867704770999472e-05,0.019656810908093403,0.004070185354200433,0.003338332112701162,0.042105263157894736,0.006258972150445018,0.0063172272494451094,0.007924120542682196,0.006860746270385143,0.018340210912425492,4.647386407456238e-05,0.0034149971797765286,0.004536773754917029,0.02453218951384627,0.01282051313642341,0.23687886114973378,0.009715366968077229
0.03925392721177709,0.006732786860498469,0.8779047055098734,0.7777068618588674,0.0006090023676882418,0.3030303030303031,0.02727760989454338,0.027420573880292246,0.0011363717256053301,0.03909818501311029,0.01658913111162409,0.015472965903674685,0.13333333333333333,0.0224519092736147,0.022537135052074442,0.023892424060511466,0.023812068986921377,0.04585052728106373,0.0009115786880414393,0.015205437459782542,0.018329374502130083,0.07902132471205009,0.03205128130099441,0.30328662650804383,0.03138788295450915
0.08502722087236723,0.022477846715879414,0.9529807185745987,0.8856805289289333,0.0028535766145719233,0.4242424242424243,0.06625430587146668,0.08802914718768859,0.014409034034155683,0.14422180024595496,0.03757211710264843,0.034817079550342356,0.20701754385964913,0.05518231409704277,0.055602982186557404,0.05859046704286229,0.05043099773972745,0.11783585511233378,0.004363684731726031,0.0337772389833908,0.04009829266894207,0.1330079232281212,0.10256410201125904,0.664357292328118,0.0621299005459509
0.053073554825045804,0.006717690925833674,0.8678269874805757,0.7638708475681986,0.0009560037429936608,0.2727272727272727,0.027751566646785412,0.011671146665342325,0.0015335363476154603,0.028229534650307524,0.022016674731021587,0.021698189976866112,0.14035087719298248,0.022968705139247775,0.02302088668829321,0.025813422979949572,0.027767508558864347,0.04126547455295736,0.0014914277314806903,0.022523099142210342,0.02554079683421238,0.08284281158382499,0.028846152246856507,0.30948902599929473,0.029040901899356392
0.08019178046593818,0.011593677822562383,0.9005930312826441,0.8138700986606023,0.0018367696510635965,0.33333333333333337,0.03627493799128809,0.03697994287890834,0.0018755918547898951,0.0579208910605007,0.032101198480889125,0.030436366313652093,0.2023391812865497,0.03807062876830318,0.03813101132547949,0.032176731900588305,0.04054519758854802,0.06006419073819348,0.002930045480362896,0.028977627436092643,0.028926700361437577,0.12194836634154448,0.04487179443741782,0.40508451714420124,0.05061284540214125
0.07960708392344373,0.011352142867925668,0.8794777532035717,0.7982603587646064,0.0018391843988964144,0.33333333333333337,0.03494320875159834,0.09031247214781424,0.0006317446127584117,0.046127771378167086,0.03262761328228008,0.03106024497893925,0.20467836257309943,0.0387022681596325,0.03870013089750157,0.02965542081882579,0.040890170063103554,0.05364511691884456,0.0028402367548119546,0.02918577407092085,0.028424335082383876,0.12345539803818907,0.03846153632914201,0.3226759554901726,0.05946134524996073
0.09708301391577771,0.020334223993478555,0.9522836050006408,0.8735493840253075,0.003149130890226859,0.3939393939393939,0.057943171706108874,0.04519398202117852,0.012994667004883035,0.12113014824853477,0.04091051359124482,0.03803334844592212,0.2105263157894737,0.05564168819982773,0.05591599795116955,0.0512666586625045,0.053169658185302573,0.10316368638239339,0.0049876201292450495,0.03654341839866907,0.03915988981852984,0.1350206925874482,0.08653845982069773,0.6059162138081899,0.061837288647866966
0.21534438626352925,0.027821807587216762,0.9517245897836719,0.8631323747613491,0.013713712640307739,0.6060606060606061,0.07786000665297034,0.1668863617518376,0.008939114837761783,0.07113554656428503,0.08842774652897294,0.08826139353568702,0.4105263157894737,0.08997990238300316,0.08983552444368563,0.08248289110337376,0.0830368116505552,0.10270518110958275,0.01038982808629319,0.08152397610869945,0.08054104744977353,0.2538879089953755,0.07371794668427432,0.38532691195500945,0.10989508022316337
0.2858256564842847,0.036517065954138554,0.9569782488729938,0.8721686397827779,0.02605779518591345,0.696969696969697,0.09090362555534498,0.0054921184688425774,0.012687439855267586,0.06386659974655806,0.12149067067775905,0.12185784091481537,0.5087719298245614,0.1202411714039621,0.11988503784645155,0.0972505702965542,0.10741513844373395,0.1118752865657955,0.015978351906983688,0.11738141370762768,0.10703009461165336,0.31907801153873666,0.08012820479255013,0.3393506908546279,0.15245735542955655
0.06990112131803594,0.01050677052669716,0.8869468954375472,0.7973990314427026,0.0014368254292427963,0.33333333333333337,0.03213410352254872,0.03912148497101599,0.0011882253556904415,0.04884502693641802,0.028895966535528478,0.02727628524817583,0.1953216374269006,0.03548664944013781,0.03551306129417791,0.026773922439668627,0.03696940202570602,0.05364511691884456,0.0022568905798563696,0.025523259529620552,0.024805125221480616,0.11707746714253127,0.03846153632914201,0.35514929632589487,0.05024034004451445
0.027171497992541874,0.005811934845945987,0.860145239672303,0.6576057030493765,0.0007036809396392799,0.12121212121212122,0.01615946946554635,0.04275202431348934,0.0006297453761164843,0.06077611046329947,0.0206944765056178,0.020729434285426427,0.12748538011695906,0.020901521676715475,0.020886688293210404,0.018609677032056668,0.02660311943305322,0.024759284731774415,0.001323215409830598,0.01957007410962473,0.019361460414678382,0.07526832074743561,0.019230768164571005,0.3832651248476038,0.02203287225076767
0.07189883450489196,0.012997599746388297,0.8836213185345577,0.7547304792278566,0.003502735748141866,0.2424242424242424,0.031714339789030266,0.030027704749315914,0.0006719765742099028,0.020792502501756786,0.047157828325355235,0.0471939022641758,0.2853801169590643,0.04737295434969853,0.04718001252063059,0.03445791811742106,0.049476332888985314,0.036680421824850984,0.004089187235577184,0.04401121023333869,0.03962528737416825,0.16878713771515144,0.025641026272846812,0.1274771203435,0.06723172614517252
0.13507724490989179,0.023474178403755867,0.9485014732770212,0.8626575613151017,0.007725363947821497,0.4242424242424243,0.06526845156532839,0.012525391216512527,0.010551894248501423,0.08883904726358693,0.06449838206312213,0.06189767614884738,0.30760233918128654,0.07344243468274475,0.07344488076944967,0.05979109136751111,0.06959660144999705,0.09307657038055937,0.007711747290131335,0.05978315468375515,0.05868685973306352,0.19329198230426048,0.07371794668427432,0.4631618135980352,0.08449840899837933
0.18187115886854724,0.023594945881074227,0.9469042044655376,0.8482179602321347,0.011098061125379406,0.5454545454545455,0.06771762281441646,0.025995373377811104,0.007014182387851029,0.04981399672332772,0.07852074812021119,0.07898846405722634,0.3871345029239766,0.07884008039046798,0.07868078083205282,0.07347820866850763,0.07404699897990782,0.08574048601558917,0.008429207396071298,0.07345033640766098,0.07547964941818688,0.23636896428091303,0.060897436627979126,0.3076839780015832,0.09473827667486605
0.2447585203279498,0.031807134338722585,0.951607990074305,0.8650453747508993,0.018940885121997337,0.6060606060606061,0.08100863158455156,0.0008750297644253814,0.009059654445260315,0.06153621315401588,0.10407453928436175,0.10359679613117727,0.45730994152046783,0.10513924777490669,0.10486028114506858,0.08620482650978509,0.09622787102731094,0.10270518110958275,0.013366493407224718,0.09786924404786553,0.09176087339230324,0.28531115765637877,0.07371794668427432,0.3387190828472426,0.1339712415131885
0.08505645569949197,0.01348066965566173,0.910505620715474,0.7921006405897586,0.0037803316236966794,0.33333333333333337,0.038527952897213245,0.00015059579843819355,0.0017985861320975452,0.031978234189225664,0.04602991396469702,0.04577176890914234,0.27953216374269,0.04748779787539477,0.04737920437083832,0.04082122703805979,0.04772779476183653,0.0504355800091701,0.003661664299347124,0.04354109541485438,0.04428792096721663,0.1658794937231264,0.035256410355132314,0.21680120379437906,0.061920426313745426
0.1534659511713421,0.059613845991274554,0.9774874508861269,0.9279396569155088,0.014883305432363957,0.4242424242424243,0.12978899787703074,0.032025136029520986,0.06290671813199472,0.2560605236105969,0.09666842193033548,0.0908750963911913,0.3192982456140351,0.12167671547516508,0.1223037960275454,0.12198343138431984,0.10743280392707422,0.20357634112792294,0.02037367609134469,0.09039559256740512,0.09867390887221103,0.2237101570932286,0.19230769088609465,0.7965863741219656,0.1265236516412832
0.01777997219443109,0.004287245444801716,0.7556819476267008,0.6069484784325424,0.0003709570099131868,0.09090909090909091,0.012786801987825393,0.060185220083814835,0.0002396849797864716,0.01026746020462034,0.01586539290933721,0.015767467633872347,0.104093567251462,0.015963250071777204,0.01590689203801719,0.012726617841277465,0.02138713935187729,0.013755158184319119,0.0008180935699768693,0.014742263324439743,0.013851996561540306,0.06089761250691831,0.009615384082285502,0.13247947156530748,0.01479360972437009
0.0022894117952782507,0.0016907446824570142,0.0,0.19030634733255247,2.9842532497736728e-05,0.0,0.003425333284429215,0.05822753013135367,0.0,1.8965380247818603e-05,0.006612223371404207,0.006579788656258355,0.04327485380116959,0.006431237438989376,0.006374139206647317,0.0038419978388762157,0.011009012592266257,0.0,0.00019700918458074787,0.006253873830272228,0.005039951406813789,0.025212829484953278,0.0,0.00634464159148751,0.006025033778652545
0.08538648441458882,0.015382757423425871,0.9452144865321571,0.856854816593722,0.0023757086043677857,0.3939393939393939,0.05274983960188592,0.03946718463787613,0.011275248165813788,0.09407621926012458,0.03400057997635734,0.03157949802955092,0.19883040935672516,0.04398507034165949,0.04422059074611577,0.04550366190419018,0.04345779085893674,0.088491517652453,0.003361482688383473,0.03164269475349364,0.03541646585636426,0.12317128410260518,0.07051282071026463,0.5432289715756385,0.048123936693162575
0.10648818263321336,0.01477892003683408,0.9173248643835795,0.8094876717270671,0.004144480118389369,0.36363636363636365,0.043916821763923856,0.004222834779392952,0.0022804110694705,0.03657926022869274,0.049605640721898055,0.049234101750347786,0.2970760233918128,0.05099052540913006,0.05090774571737523,0.04586384920158483,0.05197513738782062,0.058230169646950936,0.004599115683647717,0.045693092529144885,0.04450094726199105,0.1765554991070173,0.04166666538327991,0.284132713246846,0.06471768278664096
0.04663539622935697,0.007729118548374923,0.8606730814975685,0.7345338612745466,0.001137240338533045,0.21212121212121213,0.0237837691038249,0.011574980412015028,0.0009363782485624926,0.025438896705738248,0.025860291417582153,0.024918333895211635,0.17076023391812867,0.02779213321848981,0.027744579136076496,0.020530675951494777,0.03239756463206656,0.03209536909674461,0.0018806285255927866,0.024775270007542913,0.02236645684682724,0.10071435314103178,0.02243589721870891,0.2038288883551892,0.03395997993427054
0.012741187323778958,0.0031399544102773125,0.7561955715480155,0.6796753303388865,0.00014258015005386173,0.15151515151515152,0.010642256092431983,0.07398432916860478,4.8044480660060395e-05,0.022703667421108673,0.008375893685240424,0.008058109841395319,0.07017543859649124,0.011082400229687052,0.011126287633031702,0.011405931084163766,0.01341783598089874,0.022925263640531865,0.0002926698507069188,0.007945044529182583,0.009295756775554337,0.04121735343726363,0.0160256391104331,0.24389745114722,0.019703294989839044
0.08399750529475203,0.01705840617121809,0.9226981650540015,0.8538326622515593,0.0033927366716707654,0.36363636363636365,0.04568697570994942,0.00539789216875243,0.006945546447779133,0.09427256672621961,0.04162135430229912,0.039965047294652854,0.2304093567251462,0.050358886017800746,0.050537817995560876,0.04646416136390923,0.04897875189867325,0.08298945437872536,0.004268941279229117,0.04018033366217692,0.04035389358327978,0.14242307384907785,0.07051282071026463,0.5610804120542638,0.06277870017578144
0.08365123500903031,0.016892350889905348,0.9339779675164834,0.8466021029051642,0.0033268668639535154,0.36363636363636365,0.043512385586724316,0.013464716573940596,0.005428976229766193,0.09141871084749098,0.04102921980035998,0.039203605321181265,0.22690058479532166,0.05219638242894056,0.05230208866882932,0.04262216352503302,0.05026651186295011,0.08207244383310407,0.004154402374902846,0.037715846082334824,0.036852850696324185,0.1415763180174257,0.06410256260198882,0.48385202919533565,0.06404723617875273
0.030928498109481183,0.006536539709856137,0.8492319711665461,0.783137641029207,0.00045428892653447193,0.3030303030303031,0.021754485866718225,0.06327146397517924,0.0006828151030292717,0.048908368827311054,0.014159555931983396,0.013178952426345506,0.11812865497076024,0.021073786965259834,0.021199704057822552,0.021130988113819187,0.021598522632825978,0.04906006419073819,0.000739476613499509,0.01313542836827162,0.015401358606100927,0.07061026035095073,0.035256410355132314,0.38442610017659296,0.03261114738623759
0.05778620895755104,0.010763401415998672,0.8808229386082382,0.8177596700178891,0.001427620613995662,0.33333333333333337,0.03351069728735671,0.07475110954239718,0.001387712121318006,0.0631407091143279,0.026062297347142136,0.02449014387959529,0.17192982456140352,0.034051105368934825,0.03417563029992602,0.0315764197382639,0.03469059113930949,0.06327372764786796,0.002122331397585227,0.024968707986725736,0.02654535383707885,0.10448492949363541,0.04807692349155572,0.4335277520931419,0.05036730990644553
0.1922027467744241,0.021783433721298855,0.9519453657911867,0.8599461556828094,0.0079203134259478,0.5454545454545455,0.06953126154099219,0.05925443052063023,0.014453127070128935,0.06330247265173575,0.0661983864170523,0.06542394686568784,0.34502923976608185,0.06833189778926213,0.06835126059985204,0.07011646055949095,0.06734875066328468,0.09674461256304448,0.007927720606161013,0.06334160394528378,0.06657384759857189,0.2096796490046021,0.07051282071026463,0.4406726769977037,0.0747839031797729
0.14794056884476958,0.029361592923025828,0.9486796167317788,0.8816954783397868,0.010162135228578487,0.4242424242424243,0.07238582623753946,0.023177729868938977,0.01699158126945588,0.11740995875835517,0.07476544228126225,0.07275548993850339,0.32280701754385965,0.08498420901521676,0.08508337601730125,0.07047664785688558,0.07958692388139664,0.11416781292984868,0.010520894536480429,0.07154695821161773,0.06741015169110508,0.2068626571473391,0.09615384698311145,0.5732237239292889,0.09901451201470814
0.13946246897860012,0.04000422686170614,0.9629490128503039,0.9043451674443129,0.01239111092387526,0.4242424242424243,0.09792860806739961,0.044742194625863936,0.021342233197459735,0.16562702088212325,0.08257499644702869,0.07827158484556097,0.31228070175438594,0.10272753373528566,0.10298218655739573,0.0868051386721095,0.09196140122545068,0.14534617148097206,0.013690297859820991,0.07884191424420063,0.07685404733017516,0.21053141093829095,0.13141025733824374,0.6605441067967655,0.11624212779576495
0.051892467809207025,0.009057560798876861,0.8547534943169034,0.807771114765444,0.000987088612989352,0.33333333333333337,0.027719699547388094,0.11378707028927253,0.00041077221565637563,0.061946014115449095,0.021764393230542245,0.0206848715236202,0.15321637426900586,0.028423772609819122,0.02856980251550851,0.027254172169528156,0.02996775645344229,0.06006419073819348,0.001664742099109523,0.02113850864124758,0.022395192644043053,0.09213717241161754,0.04487179443741782,0.46221721356179946,0.04496898723066175
0.07844938476930473,0.02462146943828027,0.9591722877791257,0.8936347427901321,0.0028684468312751878,0.4242424242424243,0.07126743094348817,0.21280466688453265,0.02009164425549067,0.16998112510816776,0.036815683349338824,0.033772760914970376,0.20818713450292398,0.05541200114843525,0.055944453929770654,0.06387321407131709,0.04949393935512502,0.12517193947730398,0.00421820221681568,0.03394846560218163,0.04164373974889057,0.13371771324545242,0.11538461514768243,0.7218657861174084,0.06006310555825827
0.0632303834309993,0.01249943390245007,0.931668564189075,0.8479197724518326,0.001388633067753678,0.3939393939393939,0.04498485022166717,0.0015290711415216949,0.006538628735855949,0.08389181006704696,0.025617374974430927,0.0233528246978451,0.1742690058479532,0.03548664944013781,0.03574070912298674,0.040340977308200264,0.03443442496328959,0.08207244383310407,0.0020331754676798223,0.02353011819514261,0.028918309703921303,0.10640006589957773,0.06410256260198882,0.5313109748382576,0.041098825229230744
0.06093577433312111,0.011065320109294566,0.9068427053759122,0.8135940505080871,0.0014745382509518698,0.33333333333333337,0.03361193821900501,0.024954616179697756,0.0021500427821776785,0.06079396023294447,0.027394599976505205,0.025472462150715136,0.1754385964912281,0.036060867068619,0.036139092823402205,0.030135670548685316,0.036267711516505055,0.061439706556625395,0.0021446672419540816,0.024513456302518617,0.02515851472172045,0.10728475822533359,0.04487179443741782,0.3977818537857748,0.04662279752603935
0.0452113353169705,0.00816690065365397,0.879164140157427,0.7738129740080608,0.0009929626275153084,0.21212121212121213,0.02625473872284555,0.01212420888706989,0.001469474957130679,0.04515942137492562,0.02400255978233635,0.023341199629547824,0.1567251461988304,0.027906976744186046,0.02794377098628422,0.022571737303397767,0.031956257231425554,0.040348464007336084,0.0018410649422582793,0.02203322517264836,0.020456583781274344,0.09365438641520427,0.03205128130099441,0.3703118136547008,0.034039484671544794
0.021824772942842668,0.004694835680751174,0.8892471509830857,0.7747611639031067,0.00021027055287318216,0.2727272727272727,0.020888055192243654,0.029277607973363002,0.001609493058472305,0.04773474647315203,0.009450657238080295,0.008606425562750182,0.08538011695906433,0.014699971289118575,0.014854020829776339,0.017048865410013207,0.0153084008397459,0.04447501146263182,0.0003232082554221776,0.00833557659897004,0.010805606898524887,0.0507652812798136,0.03205128130099441,0.40090395295010584,0.016886722108023323
0.05481595052167925,0.008121612849659586,0.9007716351996018,0.7972756314811049,0.0010082617070284656,0.33333333333333337,0.02971347356524501,0.01739960686570513,0.0024926940735495876,0.04748286639038365,0.021688897724537515,0.020956123117223315,0.14502923976608187,0.02641401091013494,0.026520972056229015,0.028214671629247207,0.02846232625359294,0.05364511691884456,0.0014234533255843753,0.020684862415419388,0.02291279938542815,0.08696458790457076,0.03846153632914201,0.3798731093624268,0.0318762633056819
0.021421981991346494,0.005525112087314887,0.8634067629582599,0.7731542528146742,0.0002815850315681516,0.2727272727272727,0.02280207685804724,0.020283097930169663,0.0010152068010649451,0.047667561923515976,0.010893204665112944,0.009836745290878584,0.10292397660818714,0.017858168245765145,0.017984178475897786,0.016928802977548323,0.01784657872203059,0.04447501146263182,0.00043498209530034963,0.01001089356570295,0.011814326685025705,0.061266384355279854,0.03205128130099441,0.37921919521944136,0.023923100842378257
0.014687577147460468,0.004498588530108842,0.8656714168158818,0.7564850058801161,0.00017686608756554395,0.21212121212121213,0.018560870682244317,0.006309226772330192,0.000908961125475419,0.04946419082097909,0.008887439404382354,0.00774617050875174,0.08070175438596491,0.014527706000574217,0.01465482897956861,0.013446992436066755,0.014571084896255722,0.03713892709766162,0.00025423026188505583,0.007825057325057226,0.00907039682821429,0.048305074350252705,0.028846152246856507,0.4268039779766527,0.017259809064312574
0.028335693774930813,0.005087329982035838,0.8700038341186113,0.7577281046111739,0.0003472288568546311,0.21212121212121213,0.018871086755131477,0.019733038046584595,0.0014472017121827604,0.04615033150369064,0.013350875016737986,0.012981326265291809,0.09707602339181287,0.016767154751650876,0.016874395310454728,0.017409052707407852,0.019805775554956447,0.03851444291609354,0.0006880771448759802,0.012392555770376993,0.01321219094629056,0.05774658329930826,0.028846152246856507,0.42229935126231843,0.018984833618208047
0.007380169691929889,0.002445541415696753,0.8184850641876196,0.7232944055417324,5.300722727365962e-05,0.21212121212121213,0.012825137002213346,0.017079292872633975,0.00035397151124204194,0.038782963039448864,0.004384079073943699,0.0038246474698038846,0.04678362573099415,0.007694516221648004,0.007825394115303627,0.009965181894585185,0.008166074808604724,0.03209536909674461,7.34224211248091e-05,0.004455952014589452,0.005733102136707301,0.027633704061347752,0.02243589721870891,0.4112538335486411,0.010078867095038678
0.0016358509933344595,0.0009359479492172758,0.7234053529766548,0.5825626170060766,7.589672289786559e-06,0.06060606060606061,0.005352677384062314,0.009211951087460186,9.339832379309634e-05,0.02287088505479694,0.0018877983982465985,0.0015848843111953281,0.02456140350877193,0.0032156187194946886,0.0032724375391269714,0.004322247568735742,0.003925028375801994,0.01237964236588721,1.3279007978097076e-05,0.0015924849414060672,0.002143890135368283,0.01408938703859829,0.009615384082285502,0.338247810803325,0.0038553043525909147
0.08734196951782025,0.01252962577177966,0.9448567718875489,0.8407510406118325,0.0018681948127713729,0.36363636363636365,0.04255570121124264,0.019949703109556585,0.01160857470496466,0.09212960271494999,0.030634745512782068,0.029157608800951706,0.18713450292397663,0.036749928222796435,0.036964316202834226,0.038179853523832394,0.03979004274577472,0.07473635946813388,0.003170090759603033,0.029160440444239055,0.03113463487012044,0.11356645202666939,0.060897436627979126,0.5605975425472277,0.0372934868083015
0.007899250289099958,0.0025361170236855215,0.8520216839247143,0.7468148697244515,3.550314336259768e-05,0.18181818181818182,0.010365104250258541,0.12815691361643197,0.0010051095384417369,0.06025425261465039,0.003906461150209768,0.00362314628598443,0.04093567251461988,0.007062876830318691,0.007256274543281544,0.010925681354304238,0.007524507246552726,0.03576341127922971,6.735275853475092e-05,0.0034602321726933307,0.004906032448792261,0.024347105406249278,0.028846152246856507,0.5776516292787655,0.007811025934467407
0.02207814144459026,0.005479824283320502,0.8768809035769249,0.7718171625160588,0.0003011849970304572,0.21212121212121213,0.021081165082589285,0.018898137600550546,0.0017694273083107039,0.05115198570630113,0.011248912544329992,0.010435436308188311,0.09824561403508773,0.01768590295722079,0.017813442604291164,0.018129427302197142,0.01892184537565243,0.04172397982576799,0.0005516469112052145,0.01012424392618285,0.012051391389794608,0.05880617742571897,0.03205128130099441,0.39952166525102295,0.020152564280735714
0.004945233423853021,0.001781320290445783,0.7556483439618538,0.6737583234894349,2.4729452563224587e-05,0.15151515151515152,0.008727252155744998,0.05418560984813381,0.00025288286478603896,0.03050562819351283,0.003133926070265861,0.0028132665279408517,0.03859649122807018,0.005914441573356301,0.0060042114848329635,0.007203745947892904,0.006503679424163067,0.022925263640531865,3.9975129828623915e-05,0.002846753266368418,0.003794915850711736,0.022577720754737546,0.0160256391104331,0.33395579471437736,0.008169658899275603
0.10063537024284397,0.01483930377549326,0.9385427106696153,0.8384341065995493,0.0030872786430456464,0.36363636363636365,0.04649776006857267,0.03415747720056101,0.008346020940067814,0.07466794160299114,0.0409111707882503,0.039649232939243516,0.24444444444444446,0.046626471432672977,0.046724716863012924,0.04514347460679553,0.04847325600451813,0.07565337001375515,0.004236854962182157,0.03781725419929929,0.03861773060116786,0.14764656989083536,0.05769230757384122,0.46735144660795436,0.04998431192559573
0.03294050387848707,0.006128949473906678,0.9007654859637,0.7792959467996516,0.0004220807616515644,0.2424242424242424,0.021921924826746972,0.17403564370308916,0.0034190542821179587,0.06095609564055326,0.014207942061511996,0.013461829088245895,0.11228070175438597,0.01952339936836061,0.01966308121336293,0.020890863248889422,0.021543306853844563,0.04630903255387436,0.0007712446096885664,0.01237655481772498,0.014998080282660373,0.0668572558785665,0.035256410355132314,0.45491936881420025,0.02013398057509743
0.033926692046827696,0.006385580363208188,0.8303749579061224,0.6896572268946348,0.0008416922402463514,0.15151515151515152,0.019948925602560896,0.005475490298238434,0.000464041073925765,0.01324787590840143,0.023502597160416038,0.023587263575173503,0.14385964912280702,0.02342807924203273,0.023362358431506462,0.021130988113819187,0.028626495973317824,0.022925263640531865,0.0014763444693961202,0.021508672028090613,0.02076471509919893,0.08485558145092174,0.0160256391104331,0.12414203181108796,0.028959611761670705
0.03503501682626717,0.006642211252509699,0.8340825149048465,0.715091759731048,0.0009414116044216732,0.18181818181818182,0.022781959689479082,0.07174711966828795,0.00015660109819891623,0.016104086965069368,0.02393453989226898,0.02412395422823109,0.15087719298245614,0.024059718633362044,0.024016845939331854,0.0249729859526954,0.02793210492480576,0.027510316368638238,0.0013857540962317369,0.02258051613678842,0.023324197893059326,0.08873536892291493,0.019230768164571005,0.1469094649250085,0.03926774778868618
0.26006002884502943,0.034373443231737695,0.9620173547437454,0.8804565784402207,0.019687966520102546,0.6363636363636365,0.09452408689641291,0.02450781723556442,0.018444079210935462,0.0772715288364888,0.10587328748836555,0.10555174511650256,0.4526315789473684,0.10743611828883146,0.10727903932616244,0.09809100732380838,0.09797952386814937,0.11737734983952315,0.014371574094451866,0.09936528845377128,0.09708996266184482,0.28410441540870507,0.08974358887483563,0.432383220849885,0.12189139415053356
0.01181151982121279,0.0036532161888803345,0.6631099800574223,0.5465573696136188,0.00023441003917077792,0.06060606060606061,0.010084114993505195,0.0006754917171756587,5.722918490951801e-05,0.005516942344376351,0.013157248348997898,0.013109202016561848,0.08771929824561404,0.013723801320700545,0.013658869728529966,0.010565494056909593,0.018725131201727,0.009170105456212746,0.0005966874160046652,0.011844216002515858,0.010975535028318264,0.05145610355786275,0.006410255028147598,0.04802765084979255,0.01705299739136479
0.04611046866676195,0.00816690065365397,0.8611753198108724,0.735319161266491,0.0014042898140965592,0.21212121212121213,0.026451659940163706,0.017053297499256166,0.0006449618543691346,0.019819814012837708,0.029033813607428297,0.02893091996915482,0.1824561403508772,0.02945736434108527,0.02939502589494053,0.025813422979949572,0.03319509711186691,0.03209536909674461,0.001955115919291381,0.028050212312131215,0.02631180862584894,0.10749160280587756,0.02243589721870891,0.19004559843780977,0.039933140017255474
0.008009043306523914,0.002566308893015111,0.818512788646914,0.6827975781004703,7.565480147987881e-05,0.15151515151515152,0.011704203601360793,0.02505759998297275,0.0003587234463078055,0.024529550107712204,0.005470918621759299,0.004898028775919059,0.05730994152046784,0.008900373241458513,0.00896363325934779,0.009364869732260776,0.010155015356038568,0.022925263640531865,0.00013548156183188265,0.005131106361321385,0.006396293448678576,0.03358456200065598,0.0160256391104331,0.2541437616672811,0.01081278383490323
0.0822830450995933,0.013299518439684193,0.929663081027363,0.8333940682729299,0.0022761895434186977,0.36363636363636365,0.040326067323431095,0.045444623979418314,0.007442517376646709,0.07254158779403003,0.032806453017396826,0.030953681852880884,0.19415204678362574,0.04180304335343095,0.04191565647942633,0.037579541361507984,0.042822426037864646,0.06969280146721686,0.0032359024770845686,0.030244744412958095,0.03159615541756541,0.1196908153998,0.05448717851970332,0.4497605968596432,0.04778784231995991
0.06745708977040915,0.0138580680222816,0.9284328549984491,0.8527938527976731,0.001660231839998206,0.4242424242424243,0.046412656858383555,0.031098115518339985,0.0049175037203907715,0.08929781113481028,0.02732354055028748,0.02536589902465677,0.18830409356725147,0.03944875107665805,0.03969609014854021,0.04262216352503302,0.03710491136592925,0.08803301237964235,0.002183006203208054,0.02470641816319852,0.02946199888668019,0.11552970672588782,0.06730769165612673,0.5193941195811697,0.049849050342245044
0.028044644829333578,0.0049514665700526855,0.8625947041146125,0.7620624099126203,0.0002736558552995033,0.21212121212121213,0.017698175608215294,0.16962579743163492,0.0013525200214998783,0.06199125832322983,0.011824534971506402,0.011390629419947843,0.09356725146198831,0.015676141257536608,0.015821524102213876,0.015488053787969745,0.019335479789419432,0.040348464007336084,0.0007264332427507768,0.011488080084316397,0.011385698115174364,0.055413159877126084,0.03205128130099441,0.518784757017181,0.0177904771748212
0.06553733612255239,0.015699772051386562,0.935398499449208,0.8632655902519122,0.0017253139667368319,0.4242424242424243,0.050251043563988684,0.04904417949733261,0.00527763696039505,0.10805345658929827,0.028124745849595536,0.025850276870376613,0.18947368421052632,0.04249210450760838,0.04279779181606056,0.0440629127146116,0.03914572174079651,0.09628610729023383,0.002436570669200333,0.025502102729639486,0.030084159644090364,0.11766786373353086,0.07692307573841223,0.5769622253696602,0.05205467799922442
0.037742811480841444,0.00819709252298356,0.9213884553902603,0.8131925948863579,0.0006131899305974138,0.33333333333333337,0.03108827634334085,0.07018451504938124,0.004203280646373564,0.06600857210395855,0.016371106005055487,0.014345334278838889,0.13216374269005848,0.025150732127476313,0.025325820954982647,0.024852923520230517,0.02483408634622629,0.06006419073819348,0.0009568959428419077,0.014586752679790945,0.01735878878933436,0.0797982017774791,0.04487179443741782,0.45098656303438645,0.0278406769170638
0.10119408027233866,0.018839726461663875,0.9484329933789273,0.8618222635458537,0.003937036961057778,0.3939393939393939,0.06027993616526247,0.030671381233402316,0.011423870648594167,0.09608444230192117,0.04475265158454306,0.041458868570852854,0.24678362573099416,0.05581395348837209,0.055972909908371754,0.04814503541841758,0.05439924719426343,0.09170105456212746,0.005209348486460889,0.04272846301292437,0.04290485577119209,0.15349700163532426,0.07371794668427432,0.5185630775759706,0.06274127761508333
0.0787469303431519,0.01284664039974035,0.9184323596035915,0.8274103040603112,0.0020949582771668976,0.3939393939393939,0.04295883952997507,0.0376165246768703,0.0023362846839641315,0.06548448303410387,0.032676492309562793,0.03000817629803575,0.2210526315789474,0.0410565604364054,0.04114734505719652,0.032656981630447834,0.04114594118910578,0.06923429619440624,0.0028867721822157244,0.030836179259415383,0.029867830581829236,0.1329552075874629,0.05128204946556541,0.42862085511829895,0.05315256952574279
0.06659563686446734,0.010053892486753317,0.9269239163384595,0.8135091697937809,0.001327843337033808,0.33333333333333337,0.03393270310579825,0.07007859360263284,0.004919716002856917,0.06374673358512253,0.025556091353669746,0.024073578932276227,0.16959064327485382,0.032213608957795,0.032325991690854254,0.028814983791571616,0.03465967917890163,0.06006419073819348,0.0021914320899321807,0.024449951879963364,0.024532034836798527,0.10236574073304426,0.04487179443741782,0.4396144197220212,0.034497929378793084
0.007858321531125345,0.0025512129583503164,0.8418514986371533,0.7213402448659426,5.637773869819624e-05,0.18181818181818182,0.011967595317625354,0.04473266114138423,0.000866855361788641,0.04404802530105683,0.004503853228192765,0.003938960641393768,0.044444444444444446,0.00809646856158484,0.008223777815719084,0.009124744867331013,0.008839709673696055,0.030719853278312698,9.847438890168233e-05,0.004412776010734693,0.005353689856465805,0.026651378274437438,0.02243589721870891,0.4253998819347558,0.008787788428184562
0.13604199420500762,0.04673701372220461,0.9729777596666676,0.917105641545686,0.012343883562605908,0.4242424242424243,0.11577327609855757,0.04365720649394357,0.04820674450396907,0.209957543579159,0.0849817340307289,0.07962784281357653,0.3111111111111111,0.10456503014642549,0.10505947299527633,0.1019330051626846,0.09263529987916715,0.17285648784961027,0.014665362604414712,0.08009974714346584,0.08525545732497732,0.210871033248198,0.16025640958510026,0.7527322354990607,0.10956696914882529
0.001539700895235373,0.0008151804718989176,0.46584614277459946,0.42883811566493724,8.906843943886833e-06,0.030303030303030304,0.004538406344247267,0.11763427469471786,6.7749866665721784e-06,0.005229238765584305,0.0023378961973759766,0.0021874503512708137,0.023391812865497075,0.00304335343095033,0.003044789710318138,0.003962060271341097,0.004749904856860808,0.004585052728106373,2.3348519634519815e-05,0.0021332722101117516,0.0028439253930979,0.013408747067491282,0.003205125974009693,0.07654203748674271,0.005756059056391271
0.06998687681093513,0.011623869691891973,0.9173612650792087,0.8191631233822323,0.0020151623138025816,0.33333333333333337,0.037287753114997005,0.01601697447997059,0.004572362052320018,0.06558389633448783,0.03187200102522733,0.03087424388618283,0.19181286549707605,0.03732414585127763,0.03741961186045189,0.03493816784728059,0.03877996529244226,0.06189821182943604,0.002685665072973898,0.030885073784543953,0.031896823761678336,0.11623071131087914,0.04807692349155572,0.44643064849002234,0.04216806379310068
0.06845757052089965,0.011291759129266488,0.8888760557301248,0.7778265378418039,0.0025606682093661593,0.2727272727272727,0.03057400952743553,0.011289862713389312,0.001118801376946935,0.033099050974851545,0.038810851308356015,0.03873666507790733,0.24912280701754388,0.039793281653746765,0.03972454612714132,0.0328971064953776,0.04219230001016351,0.04447501146263182,0.003062394062737078,0.03678455244449089,0.03484468322416715,0.14655043512938362,0.03205128130099441,0.2722790257350852,0.05284521915775256
0.0069702324493587835,0.002219102395724831,0.6717172871151482,0.5235839238030022,8.515546490693166e-05,0.06060606060606061,0.006175357691650467,0.12178433351410002,8.187468731954506e-05,0.013891087399289806,0.007109228606799853,0.006761914726249017,0.05146198830409357,0.008268733850129198,0.008252233794320187,0.006003121623244087,0.012382474425821093,0.009170105456212746,0.00025005330013530905,0.006866432048296252,0.006418991513628422,0.0302979633455575,0.006410255028147598,0.20678817659801463,0.007638882112220191
0.03725166638514611,0.008061229111000406,0.9168352046481879,0.8134423927385173,0.0006633446629653377,0.33333333333333337,0.03013852293788079,0.04516953861039043,0.0032862299564687127,0.06020256265672006,0.01695650423768844,0.015347027663787526,0.13801169590643275,0.02463393626184324,0.024813613340162768,0.026533797574738862,0.024488935811547333,0.061439706556625395,0.0009609000779532687,0.015416429420032999,0.019476828996719715,0.08250179341485527,0.04487179443741782,0.4418574687644393,0.028535400198935853
0.020816496238452244,0.005479824283320502,0.8963833367282092,0.7857128233608848,0.0002438776296245295,0.3030303030303031,0.021214658630499508,0.03433562033496673,0.0018813921790021395,0.051808460567689625,0.010302795305313191,0.00901524046453773,0.10175438596491229,0.017054263565891473,0.017215867053667976,0.018369552167126903,0.016427711980332778,0.04906006419073819,0.000326466853038172,0.0088023576039936,0.010888520931798769,0.06026509082908744,0.035256410355132314,0.4208276522755924,0.019625373825103615
0.017822849940880684,0.0033965852995788233,0.7929395906148263,0.6547985467005925,0.0002624242050508462,0.12121212121212122,0.015709986149976922,0.013542092994485212,0.00023786757457269322,0.011662593241804506,0.011943159030995876,0.01189631989087936,0.0736842105263158,0.012345679012345678,0.012349894712879178,0.01596830351782927,0.016989232828262302,0.018340210912425492,0.000513277158459727,0.011614943632108438,0.013798435202551458,0.043638227505888354,0.01282051313642341,0.13801930535664975,0.01480436871326054
0.06473305354521003,0.011306855063931283,0.9241116459703668,0.8272373605360823,0.0013900773236968987,0.36363636363636365,0.03839666737540536,0.0027928121074366056,0.004001648801405097,0.07178483193512206,0.02534159868100561,0.022963384909886343,0.17777777777777778,0.03519954062589721,0.035342325422571284,0.0315764197382639,0.0357005788342034,0.07060981201283814,0.002193067068694694,0.022886217886865703,0.0246722336957178,0.10803388110360103,0.05128204946556541,0.43738001114852754,0.04113414605372606
0.019723113703987633,0.005193001524689401,0.8903676590462358,0.7762855926133961,0.00026697943482072135,0.3030303030303031,0.023088676399698624,0.023691318631665622,0.00155751380251943,0.046252967679149416,0.010056839326011612,0.008854427019758741,0.10058479532163743,0.01659488946310652,0.01673211541744921,0.018129427302197142,0.015926528803385184,0.04585052728106373,0.00028655073305374726,0.009454782994912182,0.011747115832204455,0.05943869910354985,0.03205128130099441,0.3592650260733765,0.019697752480573646
0.00023063030287280903,0.00028682275863110065,0.0,0.17257909850835373,5.618083533358206e-07,0.0,0.0011490743203292114,0.063283879675897,0.0,0.0023524508911311574,0.000704761638753593,0.0006025660400754855,0.00935672514619883,0.001091013494114269,0.0010813271868419557,0.0013206867571136992,0.0016853913801909656,0.0,1.8764924846119711e-06,0.0004813128725318936,0.0006653355454830146,0.005299368014425479,0.0,0.04702892679016124,0.0010221039445928424
0.0746098774735912,0.009072656733541656,0.8985748687854269,0.7673847871756181,0.0017394372261910933,0.2727272727272727,0.030140155949637155,0.03896240880556968,0.0019219366402366193,0.02573973969829676,0.031538802143448036,0.03157949802955092,0.20350877192982458,0.0319265001435544,0.03189915201183769,0.033257293792772244,0.03755802551861548,0.04126547455295736,0.0026055247291108443,0.02899018143492441,0.03160172152330922,0.11942246873071828,0.028846152246856507,0.23197690241938884,0.03600077226946356
0.04631316346816003,0.0077744063523693075,0.8584874024489291,0.7160077227394346,0.001299872635504666,0.18181818181818182,0.023594045167520363,0.04144859744706588,0.0010813327447541084,0.01580906993899222,0.028614111169802454,0.028601543034065324,0.18011695906432748,0.028366350846971002,0.028285242729497468,0.02569336054748469,0.033839059552074294,0.027510316368638238,0.0020767011828847245,0.026632418546667647,0.02563745445596621,0.10575136870835987,0.019230768164571005,0.12820423628710698,0.030025263994117327
0.0014390031573613296,0.000860468275893302,0.64539319614383,0.5289498375230824,5.021110217662368e-06,0.06060606060606061,0.0030547954167237682,0.01344093828997667,5.09076195439707e-05,0.014676725177137279,0.0015094993719661116,0.0013756330818443557,0.023391812865497075,0.0031007751937984496,0.0031301576461214508,0.00348181054148157,0.0034186945079541287,0.009170105456212746,7.568580967543603e-06,0.0011064869102308302,0.0015034339165122183,0.013437897621485301,0.006410255028147598,0.19629587007189508,0.0037835777596292755
0.001460442030586126,0.0010114276225412495,0.0,0.1878674948560538,1.2149365365439106e-05,0.0,0.003075596298001987,0.05886389022037425,0.0,0.00012965874339357364,0.004013830710980365,0.004107524131704274,0.026900584795321637,0.0038472581108240024,0.003813101132547949,0.0038419978388762157,0.007050506504014084,0.0,6.689356361729888e-05,0.0036104193295820523,0.00402290557133706,0.01559641873524288,0.0,0.012721778605851886,0.003604261278301076
0.03375258240972935,0.0073819120510846435,0.9144880534961316,0.8119405902470164,0.0005561341598738948,0.2727272727272727,0.032068744645538966,0.06352243849683112,0.004087792817167943,0.06618954893508153,0.01579400488461674,0.014521647814680912,0.12046783625730995,0.022049956933677863,0.0222525752660634,0.0262936727098091,0.022772663616425288,0.05731315910132966,0.0008767425896606195,0.015181343661808741,0.01892841296524508,0.07229219384825016,0.04487179443741782,0.49813509665069455,0.02525493325731175
0.058118836323947876,0.014310946062225443,0.9379892492111734,0.8524751388099967,0.0017702566673609894,0.3939393939393939,0.050716367129827605,0.007877706678183707,0.006016308812943644,0.09050800072539483,0.028783750146842455,0.025790214017507352,0.1929824561403509,0.04117140396210163,0.04140344886460646,0.039020290551086564,0.0378460555958476,0.08528198074277854,0.002144535243862848,0.026251088133504737,0.03012011481894497,0.1187769730278199,0.06730769165612673,0.5278056283342291,0.04785933603783471
0.055112196769876436,0.010808689219993055,0.9371509228630266,0.8351579654197834,0.0009135859327225982,0.33333333333333337,0.03259173957775202,0.0696355637105031,0.007181441564928696,0.11394871488476177,0.021642811784528104,0.019995117471315143,0.14853801169590644,0.030203847258110823,0.030476353081782485,0.028694921359106736,0.03119052242657377,0.07060981201283814,0.0019111664283796717,0.0202704209534101,0.020295919285530185,0.09066807720907667,0.060897436627979126,0.6262511897670685,0.03146154856795329
0.036799501058950405,0.007864981960358074,0.8966308850357646,0.776665031490225,0.000934427723531533,0.2424242424242424,0.029371632065656673,0.023861535671416703,0.0015349158724330036,0.044439108795709524,0.02095563016567115,0.019369301294645105,0.1543859649122807,0.026758541487223658,0.026805531842240056,0.023292111898187057,0.028218831904739963,0.04309949564419991,0.001314930332157225,0.019917438570357424,0.021665956098189235,0.09188500176369255,0.03205128130099441,0.3279175092762752,0.032162530154621616
0.01498642204695763,0.004015518620835409,0.8228256982720595,0.7060757283386925,0.00023029210631210817,0.15151515151515152,0.014478295275700869,0.0016011265474729836,0.0004918637387039673,0.03199596000213702,0.0105730675738176,0.00982318271119843,0.07719298245614035,0.014068331897789261,0.014114165386147633,0.01368711730099652,0.01594465582447537,0.026134800550206328,0.00037726548769747973,0.009393159323183886,0.011709236433938114,0.0462923049909257,0.019230768164571005,0.2873791479770035,0.018436295962225704
0.025633096422956487,0.007125281161783133,0.9012026600613131,0.8008435168508462,0.0004582525768162812,0.21212121212121213,0.023064633046219904,0.07886214758809494,0.0024502337605830757,0.08962084238269138,0.014587884080306188,0.013124702107624883,0.10877192982456141,0.021073786965259834,0.021285071993625865,0.019930363789170367,0.0224085828871903,0.05456212746446584,0.0009267598836084732,0.013617819222444474,0.014468793779879799,0.06586474829248377,0.04487179443741782,0.595426452269574,0.02336698687318359
0.007611449657627692,0.003019186932958954,0.8211332679442751,0.6826909492526714,7.296967479126815e-05,0.15151515151515152,0.009968680954131096,0.0215288804718321,0.0002117999992906589,0.04835267079037666,0.005938596440785317,0.005204155574413999,0.06315789473684211,0.01027849554981338,0.010357976210801891,0.009725057029655421,0.010231255722194346,0.026134800550206328,9.871915155171706e-05,0.004627412459771551,0.005663400168439645,0.03725011481105815,0.019230768164571005,0.37346565717588787,0.013815054067631026
0.01108844509699466,0.0034720649729027974,0.783788917001903,0.7026854489649208,0.00012417775463908448,0.15151515151515152,0.012992435016696672,0.09718960637351129,0.00016549444704647216,0.03237390408302325,0.008140124259523812,0.007244355060585981,0.07134502923976609,0.012001148435256962,0.012065334926868137,0.010925681354304238,0.013088690035295928,0.026134800550206328,0.0002218461486175376,0.006786666401704039,0.007957957089420459,0.04227694756367434,0.019230768164571005,0.3359135553846232,0.01778050997220017
0.02706755194054286,0.005057138112706249,0.8451680748643585,0.7233868261915697,0.0004181854724491609,0.18181818181818182,0.014680924244116857,0.009652431326763949,0.0009889117675295571,0.06214893128842736,0.014293870569978748,0.013742768238763404,0.09941520467836258,0.017169107091587713,0.017244323032269082,0.01452755432825069,0.021745631056763644,0.033929390187987164,0.0009062198663920139,0.014074292270505337,0.013343330625985382,0.059137013795516294,0.025641026272846812,0.45559740168879304,0.020486908010440563
0.01574847654067539,0.0029286113249701855,0.7615635582629818,0.693392241469381,0.00011142340305011713,0.18181818181818182,0.008819638880983229,0.07776973220663805,0.0002025999222712555,0.04154942942095719,0.007385826396482024,0.006996353603577421,0.050292397660818715,0.009933964972724661,0.010016504467588642,0.009004682434866131,0.013188283287742684,0.027510316368638238,0.0003171904033301904,0.007265381478426921,0.007055782510207321,0.030550133993482484,0.019230768164571005,0.42041518339054484,0.014209550325154396
0.008458609981419642,0.0023398698730431895,0.7053844574579391,0.6030073614711419,7.766098517430905e-05,0.09090909090909091,0.009142215407177799,0.008500265385602841,0.00010039507603047557,0.013908813212201165,0.006886520971567192,0.006372474938290263,0.05380116959064327,0.008555842664369796,0.008565249558932333,0.008764557569936368,0.011339382202663376,0.013755158184319119,0.00018517018491687878,0.005789687074655605,0.007014179409704993,0.031630092733777496,0.009615384082285502,0.17088772384316203,0.011861785251722198
0.04335979626573808,0.006929034011140801,0.8807032617619805,0.7637391978796155,0.0007368959929532258,0.2424242424242424,0.021790819381895588,0.021563356212218023,0.0012590566339868298,0.03816788972709811,0.019491805985586023,0.018483858592669232,0.13567251461988306,0.023772609819121448,0.023817654089124125,0.020530675951494777,0.027677190432224393,0.039889958734525444,0.0013822871892697488,0.01809012692279274,0.0174875163465334,0.08087816051777412,0.028846152246856507,0.3107174449560783,0.029103064948669884
0.03746215714044411,0.006642211252509699,0.881169103409959,0.7750333498818924,0.0005397126616859526,0.2727272727272727,0.021558532064840385,0.008255720423251237,0.0014332746349617707,0.04716553715225023,0.016192019821061682,0.014752211669243558,0.12865497076023394,0.022107378696525983,0.022195663308861194,0.019930363789170367,0.024337760380340547,0.04447501146263182,0.0010112254606770017,0.014391249122340483,0.015070059956014854,0.07647366713604666,0.03205128130099441,0.3500887879670395,0.027197745826139017
0.005090757896651638,0.002022855245082499,0.4882082053854222,0.43628301510648604,7.623728981049481e-05,0.030303030303030304,0.006689484648994002,0.12125727593318401,6.7749866665721784e-06,0.002666061427255187,0.007868126848880013,0.00793023409012528,0.047953216374269005,0.007637094458799884,0.007597746286494793,0.0076839956777524305,0.012164621191273654,0.004585052728106373,0.0002464650912966731,0.00741068006195986,0.007794481241384683,0.028197742832018202,0.003205125974009693,0.030993020054596143,0.01436325016875205
0.07706560295206788,0.010219947768066059,0.9110501812481487,0.7906695156252248,0.002147977730629931,0.33333333333333337,0.037242293647499376,0.034111528022458225,0.0026960854455627403,0.031290894101159365,0.03437879685301214,0.0346717661966264,0.23976608187134504,0.03508469710020097,0.03508622161516135,0.03661904190178893,0.03798838053457084,0.0504355800091701,0.0026102725164625067,0.03344775705034683,0.034617516959166886,0.13941459541534867,0.035256410355132314,0.29452389547358515,0.04112378981144624
0.0477684081961462,0.00920852014552481,0.92451196898591,0.8313227698974012,0.0008116077232035789,0.33333333333333337,0.0348775578383171,0.04662372755695813,0.005841296400067136,0.07803683771001838,0.01920666463483259,0.01762360353867079,0.1391812865497076,0.026241745621590585,0.02649251607762791,0.031456357305799015,0.027229060116112574,0.06694176983035305,0.0013816667332321557,0.018651766509866538,0.022352928324795178,0.08391119215811516,0.05448717851970332,0.5458297533054617,0.02912134819878441
0.006685030469186492,0.0027474601089926484,0.7761645899383147,0.7035966012151751,7.020569465364489e-05,0.18181818181818182,0.012296142282630958,0.07980917733123627,9.84084074630638e-05,0.0312372208354907,0.005329456966329332,0.004694590080716724,0.0608187134502924,0.009244903818547229,0.009333560981162144,0.009845119462120303,0.009544892780982576,0.027510316368638238,0.00010406289267245087,0.00503405053061969,0.006066461312249582,0.0355390307597647,0.019230768164571005,0.32331804690859106,0.015218845951688889
0.051340904070787265,0.007895173829687664,0.8856749648333078,0.7527615637407529,0.001374822297998516,0.2424242424242424,0.028607712644378617,0.03274081249232332,0.0013604191742515493,0.022415220101914754,0.027371762380564713,0.02737509832870268,0.17894736842105263,0.027964398507034166,0.02794377098628422,0.030976107575939486,0.03187589709114498,0.036680421824850984,0.001834171374825962,0.02569880356357328,0.028563263151967118,0.10495412702904654,0.025641026272846812,0.2045893429931574,0.0329703237337797
0.04088782921663657,0.0059628941925939346,0.8816289388978176,0.7282531332400246,0.0006059418128432015,0.18181818181818182,0.01912013753389509,0.08935008906048175,0.0019210874979602632,0.027631195496998953,0.02012090781908352,0.019797491310261445,0.1298245614035088,0.021073786965259834,0.021085880143418133,0.01728899027494297,0.027197110208328844,0.030719853278312698,0.001385000913399669,0.01837020001104137,0.017065310821976366,0.07654215004320708,0.02243589721870891,0.34754791586164635,0.01936618000281175
0.04883645388043606,0.009148136406865631,0.8790830464162633,0.8101110294542514,0.0008547801069397942,0.33333333333333337,0.027561209361346165,0.04647784307352444,0.0013431182979778227,0.06159930713144162,0.020729718695036765,0.019239488031992186,0.152046783625731,0.02876830318690784,0.02891127425872176,0.02569336054748469,0.029423060517075345,0.06006419073819348,0.0014876768661005616,0.018932622610162687,0.01951990639554897,0.09171888539537766,0.04487179443741782,0.44094840167916044,0.04126072239487948
0.016072008627522318,0.004483492595444048,0.8884741669415862,0.7495823975512312,0.00018531207743084863,0.2424242424242424,0.01820330560196393,0.030569228838657522,0.001195647142881586,0.0598102395947309,0.008617824332883427,0.007641544894076252,0.08654970760233918,0.014470284237726097,0.014597917022366402,0.015247928923039982,0.014451278169615545,0.039889958734525444,0.00025328174878858,0.007519665682303677,0.009360057002204861,0.05124186889627175,0.028846152246856507,0.3959959862751724,0.016601119857965852
0.01795408183152944,0.004860890962063917,0.8510501550310231,0.7245127857161977,0.00028946086749538007,0.18181818181818182,0.019164521612244096,0.16264390573113177,0.0008125604059081501,0.03655260953095889,0.01194702006340308,0.010631124957859128,0.10760233918128656,0.016881998277347116,0.016931307267656934,0.014887741625645337,0.017860679699267225,0.030719853278312698,0.00044115338024405045,0.010351070680954012,0.01180303129785692,0.0631435847748882,0.02243589721870891,0.2958223573185028,0.01989644445757519
0.0019808219534061824,0.0012227707078483765,0.647157312476318,0.5369982748420421,1.3302456688929192e-05,0.06060606060606061,0.005186218158621806,0.006287333014368069,5.4625501470539653e-05,0.013121563996816299,0.0024640780224284907,0.002078949713829569,0.0304093567251462,0.004478897502153315,0.004496044618974447,0.004202185136270861,0.005331056406954966,0.009170105456212746,2.3505682176888223e-05,0.0020884934811876365,0.002537489093854675,0.017696639248782182,0.006410255028147598,0.13059871121062494,0.005505015980487584
0.02363408391045048,0.004860890962063917,0.8342031056224728,0.6824285152765683,0.0005333768023977536,0.12121212121212122,0.01611402920142637,0.04392963135567479,0.0006128449562966443,0.018391832441237384,0.017474704076510875,0.017509290367080904,0.11111111111111112,0.01762848119437267,0.017614250754083433,0.018849801896986432,0.02325386578552525,0.021549747822099955,0.0010046485571342217,0.016748840900818174,0.018282124414781685,0.06530210588864578,0.0160256391104331,0.21680385382608142,0.018433734300765833
0.003704377428114809,0.001585073139803451,0.6717172871151482,0.4331240247662034,4.4426907384426356e-05,0.030303030303030304,0.005094050641751138,0.062359408817541956,6.497038495809601e-05,0.035383697532678414,0.005361823918849313,0.005169280369522171,0.03742690058479532,0.005857019810508182,0.005861931591827444,0.005642934325849442,0.009357426955158043,0.007794589637780834,0.0001380528199426837,0.004898654204366962,0.005455462234853666,0.02195538138384882,0.006410255028147598,0.34434605547006214,0.005379494445225487
0.024220729441419904,0.00430234137946651,0.8178318345757243,0.7242179453820514,0.000260967467723852,0.18181818181818182,0.015415256695348111,0.0374087833987892,0.0005386187873977782,0.036480094841776056,0.011897401689489202,0.011489442500474692,0.09239766081871345,0.014757393051966695,0.014825564851175234,0.012966742706207228,0.01869295637698481,0.030719853278312698,0.0006287295346299416,0.01144439579797161,0.011165998596772898,0.05435356524294562,0.02243589721870891,0.36468855434430636,0.019281645088564066
0.007515949222353599,0.0024002536117023686,0.6624081913311486,0.5453061485234947,0.00010042354710464552,0.06060606060606061,0.00908958619558545,0.0018450063830004226,5.654300860281371e-05,0.006984342157276061,0.007856625901284081,0.0076725450762023225,0.05847953216374269,0.00895779500430663,0.008935177280746685,0.008764557569936368,0.012650819801395154,0.009170105456212746,0.0002461595333283154,0.00720171122359073,0.008058868048732364,0.0342069013715447,0.006410255028147598,0.06367962454047382,0.011099690203522089
0.001524108987435521,0.001177482903853992,0.4778503268384374,0.432180544891252,1.0715499564869367e-05,0.030303030303030304,0.0042571322977800335,0.1204674378294872,6.7749866665721784e-06,0.006226346731031618,0.0024664603615733626,0.002206825465099607,0.0304093567251462,0.004421475739305196,0.004410676683171134,0.0033617481090166884,0.005595705272130012,0.004585052728106373,2.695592420977691e-05,0.0019878302421936886,0.0022915677695022306,0.01766748920255792,0.003205125974009693,0.05273637202289094,0.008338216390099506
0.026253524420825593,0.004075902359494589,0.7938898183457779,0.7034971873833166,0.0002621393880020198,0.18181818181818182,0.013517861531314198,0.04304091106411867,0.0004472785788102339,0.030748335477991426,0.012441067912274058,0.012119133699910488,0.0912280701754386,0.01429801894918174,0.014341813214956464,0.01368711730099652,0.018860824097064757,0.027510316368638238,0.0006373335605716844,0.011625447329304569,0.011676465899303701,0.053527174025177794,0.019230768164571005,0.31697818599530364,0.019373864992570863
0.009505866455309694,0.003924943012846641,0.7929319078483588,0.7542050145560739,0.00012776554389358244,0.2424242424242424,0.013792936147750073,0.08699371100416857,8.989608793062786e-05,0.043437662344584606,0.007332922037540736,0.006603038792852908,0.07251461988304095,0.012345679012345678,0.012492174605884698,0.01452755432825069,0.01130714243824911,0.039889958734525444,0.00011561005122378365,0.006829864155112546,0.008658951630144612,0.04304503868899364,0.028846152246856507,0.41519217690846455,0.02107566379437885
0.007935631407299611,0.0029437072596349804,0.8551795467913994,0.7500675646252426,6.360404803875212e-05,0.18181818181818182,0.015207195345023284,0.022597351287619017,0.0015132296665297702,0.05685511106461357,0.004775686339585193,0.004254774996803106,0.04912280701754386,0.008613264427217915,0.008792897387741166,0.010925681354304238,0.009134134820747071,0.0343878954607978,0.00011087293892105276,0.005301359583277906,0.006552540010674646,0.029286487512422923,0.028846152246856507,0.5297759254460144,0.009306525390240091
0.001165495108038928,0.0008453723412285072,0.0,0.18667381533308958,9.0736444432419e-06,0.0,0.0030960109377598417,0.05892630128737513,0.0,0.00026328410226381105,0.0032863136259119637,0.0032356440094085553,0.02573099415204678,0.0032156187194946886,0.0031870696033236587,0.0037219354064113334,0.006148181634468541,0.0,5.231479095039121e-05,0.0030838210037119184,0.0035451262697662233,0.014682575855492997,0.0,0.015735566113293853,0.0030125168893262726
0.07125566830814807,0.013359902178343371,0.8807009725494672,0.7549241263635242,0.0038549200839897353,0.2424242424242424,0.03250855380670528,0.06131970473690021,0.00038522925936662145,0.02013404433262997,0.048898661043250954,0.049166288851947,0.29005847953216374,0.0487510766580534,0.048545899493483584,0.03517829271221035,0.05059121395861203,0.036680421824850984,0.004309998362533608,0.046726732189932105,0.0400104310314369,0.17185950221642868,0.025641026272846812,0.11630015615532113,0.07677136294344074
0.10473149435443005,0.013314614374348988,0.9329547137048411,0.8301471083623482,0.0031819095454343428,0.4242424242424243,0.05012502556490411,0.030410540663858645,0.005565953671699451,0.047323458030915054,0.04007825573342775,0.03991660951008087,0.26432748538011697,0.042836635084697094,0.04291161573046497,0.05054628406771521,0.04382386152200521,0.07060981201283814,0.003423206147860617,0.03758640491756096,0.043380260214011944,0.15580685997084218,0.05128204946556541,0.3812418527792413,0.04854835516201277
0.027085742499642688,0.004875986896728712,0.8214438038535291,0.7294336469146437,0.0004438184873289611,0.18181818181818182,0.02051055773061405,0.020956926830284908,0.00040954338652850745,0.024406956898136455,0.01575112278000905,0.015286964810918265,0.1064327485380117,0.016939420040195236,0.016988219224859144,0.019690238924240603,0.020836829755008227,0.030719853278312698,0.0008070734452886972,0.01505642620103726,0.017249105864328314,0.06257954600421775,0.02243589721870891,0.2871880165559415,0.024438274766221423
0.007884308044125099,0.002430445481031958,0.6633902111054246,0.5456786784878609,0.00011411169458501001,0.06060606060606061,0.009496828602217653,0.0013406185413414012,5.667333415010314e-05,0.005781589970710266,0.00851324785938613,0.008432049538291039,0.05964912280701754,0.00907263853000287,0.009049001195151105,0.010925681354304238,0.012748971843013775,0.009170105456212746,0.00026657821691964534,0.007734548589864446,0.009081334486245846,0.03485839078865769,0.006410255028147598,0.0590525478036803,0.011243143390521267
0.18188350246222212,0.021889105263952418,0.942332890909765,0.8623806769142355,0.007625710280136098,0.5454545454545455,0.06993474696983391,0.003108747348915333,0.009297908395967605,0.06937585677344837,0.06500393085958904,0.06424012741074854,0.343859649122807,0.06741314958369221,0.06746912526321781,0.07047664785688558,0.0659276779399762,0.0972031178358551,0.007676946583748176,0.06100476866919265,0.06484003636732918,0.20862005487819138,0.07371794668427432,0.4668387889004739,0.08013692540180815
0.2002546678273976,0.02572347266881029,0.9431763508572761,0.8483959111551456,0.013586544151376298,0.5757575757575758,0.06757848202416439,0.006740894081213759,0.004670935522983731,0.04815409210307598,0.08645032288910376,0.08705432394415318,0.4152046783625731,0.08693654895205283,0.08670536679756419,0.07647976948012968,0.0805312382274419,0.08711600183402109,0.009707177019956851,0.08281033701609537,0.07793660145070137,0.25471569708774555,0.060897436627979126,0.28185251999217825,0.11647454869188607
0.09695308135077894,0.014265658258231059,0.9106679371675206,0.7913987624501372,0.004455463791121503,0.33333333333333337,0.03962401683702006,0.019511495386902056,0.002230393602369251,0.02975271499334787,0.050825398364072356,0.05085192375505206,0.2982456140350877,0.05047372954349698,0.05033862614535315,0.0401008524432705,0.052085128723950665,0.0504355800091701,0.004663432374208495,0.050099097180345976,0.0444055759848485,0.17688633496904485,0.035256410355132314,0.24267143303395627,0.06302240757401832
0.012592414536855372,0.0029437072596349804,0.7805721855039218,0.706781176809568,0.00013630563237009856,0.18181818181818182,0.01585629451035641,0.09514190259084634,7.43051233062309e-05,0.021817376775540763,0.008594904587317247,0.008091047534904269,0.06198830409356725,0.009991386735572781,0.01007341642479085,0.01440749189578581,0.011743534639900983,0.027510316368638238,0.0002360907533987986,0.008110480160772138,0.010634157544386642,0.03651117423973286,0.019230768164571005,0.29453395228845575,0.016922352527803455
0.06791705105050479,0.008348051869631508,0.914035403032231,0.8071928248887126,0.001189317968447762,0.36363636363636365,0.037604857040888034,0.053371217479178196,0.004661248355723439,0.041096739429682526,0.0242681495221767,0.023765514622398405,0.16257309941520467,0.02652885443583118,0.026663251949234534,0.03721935406411334,0.029372786760442225,0.058230169646950936,0.0016461027636968802,0.0231150473052264,0.029389050261025815,0.09592072329705846,0.04166666538327991,0.3806213934628145,0.029765156572283825
0.020505957408105194,0.003743791796869103,0.8167243504390476,0.6849141921945836,0.0002765648548291107,0.15151515151515152,0.015861401159500885,0.008173798969408157,0.0003797706514576165,0.019518971020279205,0.012538086620208316,0.012367135156919049,0.08187134502923978,0.013379270743611829,0.01340276592112003,0.015488053787969745,0.017258456373140038,0.022925263640531865,0.0005259800917536413,0.011627799572837048,0.013580357363787274,0.048315256657194855,0.0160256391104331,0.21685781094591666,0.016407458057937734
0.01316216883437496,0.0033965852995788233,0.730203549391155,0.6102363952406933,0.00021457425449790458,0.09090909090909091,0.011670717620994446,0.053389896457490184,6.293323034179269e-05,0.008493267475947131,0.012090206860972438,0.012278009633306596,0.0760233918128655,0.012575366063738156,0.012549086563086906,0.013567054868531638,0.016201944725955215,0.013755158184319119,0.00042991611106104537,0.010542189621395878,0.011745834666824747,0.04494120684788409,0.009615384082285502,0.0973578129983636,0.019473769891716262
0.15455738471733171,0.021526802831997344,0.9379156054864375,0.8419529344019927,0.008612654368592985,0.5151515151515151,0.06057986357566158,0.003535537061088351,0.00565757138279236,0.050224913295363736,0.06972539844622198,0.07051960180266059,0.3719298245614035,0.07206431237438989,0.07193671390359115,0.06795533677512307,0.06722894396154627,0.0811554332874828,0.006795290134964897,0.06265926966904126,0.06317363594662648,0.22521776764739646,0.05769230757384122,0.31331748145566934,0.09424087791326656
0.07747099255486402,0.012016363993176637,0.8945912128075901,0.7913147252022813,0.0028950197225283626,0.33333333333333337,0.037719161704259346,0.04780349626132212,0.0006321864622805852,0.029780481301684543,0.040393381697556296,0.04079236465514235,0.27134502923976606,0.04191788687912719,0.04185874452222412,0.042382038660103254,0.04256422429136307,0.0504355800091701,0.003004110744740222,0.03676394969236472,0.038741561527197356,0.1588995880704642,0.035256410355132314,0.2316597074554314,0.06457186497292496
0.0673265075425854,0.011789924973204715,0.8955131024655056,0.76752663211425,0.0029532596305403194,0.2424242424242424,0.032383789462086435,0.021999568554400054,0.0013399164426666941,0.025220980767988822,0.04221044926808791,0.04252062480867075,0.27485380116959063,0.0422624174562159,0.042143304308235166,0.03445791811742106,0.045015713596540885,0.039889958734525444,0.0035190621185500442,0.03998721355961292,0.036024321780134136,0.1608540568295729,0.028846152246856507,0.20979067885703978,0.05219902776504481
0.0371269311227473,0.0069743218151351845,0.8336285989255776,0.7106712865459677,0.0008692983154273213,0.15151515151515152,0.02086115814437995,0.0067780857561316925,0.0005108853500747229,0.020613756891839453,0.024458161606386638,0.024127829250996848,0.15789473684210528,0.025322997416020673,0.025268908997780438,0.019930363789170367,0.030749322402375278,0.026134800550206328,0.001722927843440038,0.022151094604944025,0.020441114288593663,0.09293580994999354,0.019230768164571005,0.22704412663903106,0.03125486272676008
0.006425165339188962,0.0028531316516462115,0.486317520387314,0.4357307772426128,0.0001155398527451884,0.030303030303030304,0.006268269067659322,0.11985735025002117,6.7749866665721784e-06,0.002708702543629364,0.010777291543271084,0.010797750936786754,0.06900584795321638,0.010795291415446454,0.010727903932616245,0.007563933245287549,0.015253916284709327,0.004585052728106373,0.00039818699164344685,0.00974398710053673,0.008106355600155974,0.04047841286593835,0.003205125974009693,0.03447939557633417,0.020280694058500085
0.032329171160167876,0.007004513684464774,0.8398238528352813,0.7158915789299357,0.0010702399232966294,0.18181818181818182,0.022979191421790623,0.07333472197033623,0.00015595040917074662,0.015841422646473792,0.024581221745663115,0.024412643424280116,0.16140350877192983,0.025437840941716913,0.02538273291218485,0.025813422979949572,0.02762031233542756,0.027510316368638238,0.0012790367825690602,0.022958158888546718,0.024192221962505894,0.0947736775086657,0.019230768164571005,0.12270637699041936,0.041542505435199106
0.09002767563634474,0.010808689219993055,0.9253377318697836,0.8152105626498225,0.0020362461919940433,0.36363636363636365,0.041997663738089615,0.04288721134050103,0.0045828334134469855,0.04487382506060555,0.033337057449697734,0.03298031875937271,0.23157894736842105,0.03508469710020097,0.03517158955096466,0.040220914875735383,0.03838492628550278,0.061439706556625395,0.0027856915937316505,0.031528282299708985,0.03575510226451563,0.13526227268154617,0.04487179443741782,0.4058462107201356,0.03918577453589837
0.006280940192040331,0.0026719804356686743,0.4899923956531671,0.4368346982979636,0.0001268092626772245,0.030303030303030304,0.006726405135337396,0.12090636610620123,6.7749866665721784e-06,0.0026159829068622582,0.010385437828752533,0.010464498978931503,0.06432748538011697,0.010106230261269021,0.010044960446189747,0.007804058110217313,0.01555533454669509,0.004585052728106373,0.0004291976489730307,0.010275385524359314,0.009121112879827208,0.03775585298151032,0.003205125974009693,0.02701538958086891,0.018989615391645967
0.001993165547081065,0.0008151804718989176,0.45633043951581487,0.4240546503578654,1.3382347841961354e-05,0.030303030303030304,0.00496983812249394,0.11905603870860751,6.7749866665721784e-06,0.0068269171055458135,0.0029117934824129973,0.002914017119850579,0.02222222222222222,0.00304335343095033,0.003044789710318138,0.004802497298595269,0.00564546541725685,0.004585052728106373,4.397654212974206e-05,0.003062469891488741,0.004185486984014214,0.012815558250596574,0.003205125974009693,0.0927287462575831,0.005756059056391271
0.001611163805984694,0.0006793170599157648,0.4450211765407107,0.42160303200683047,6.522899066367924e-06,0.030303030303030304,0.003665808486922682,0.11992763198444135,6.7749866665721784e-06,0.006423190024061245,0.0021271824074933603,0.0021603251919105025,0.01871345029239766,0.0025265575653172553,0.002532582095498265,0.004082122703805979,0.004297924992357501,0.004585052728106373,1.8763124253671435e-05,0.001822152030338536,0.0025816316528141014,0.010773638337275553,0.003205125974009693,0.11207239735347313,0.004787750056250683
0.0020893156451801515,0.0014794015971498875,0.0,0.18977866502236684,2.574392877451152e-05,0.0,0.0032352618756874996,0.05851985337057451,0.0,0.0,0.005885774231469714,0.005983035150331508,0.03625730994152047,0.005627332759115704,0.0055773718058164026,0.0038419978388762157,0.010066476307474441,0.0,0.00016330717370601045,0.005745453003984379,0.005116074061065242,0.021245590858747793,0.0,0.007725660006502322,0.005271904556320977
0.0009485077244909891,0.0006793170599157648,0.5037879650844672,0.4237428039362572,3.7637207173284753e-06,0.030303030303030304,0.0028473677778615277,0.06626486724733716,1.9654746266197298e-05,0.007946742237302525,0.0014499408933443196,0.001288445069614784,0.01871345029239766,0.0025265575653172553,0.002532582095498265,0.0025213110817625165,0.0032350508136696926,0.004585052728106373,8.053186764819868e-06,0.0011079631842725722,0.001499730020529722,0.010773638337275553,0.003205125974009693,0.10030769278245621,0.002313182611446959
0.0006756493379935813,0.0004981658439382274,0.5037879650844672,0.41903560205406576,2.6398169184100663e-06,0.030303030303030304,0.002672389136972313,0.06957459375162124,1.948118876341497e-05,0.0085569812370411,0.0009385594734537593,0.0008990052816560298,0.012865497076023392,0.001837496411139822,0.0018496386090717663,0.002281186216832753,0.002746675893229369,0.004585052728106373,6.129240883258645e-06,0.0010117767185218788,0.001364813580483318,0.0074578891281830584,0.003205125974009693,0.1248394441731886,0.001667643278019901
6.106830554941986e-05,9.057560798876864e-05,0.0,0.13734610856285323,9.314191121179619e-08,0.0,0.0006385985410351222,0.07345333625397912,0.0,0.005457319155492694,0.00015534494217077098,0.0001433758423330737,0.0035087719298245615,0.00034453057708871656,0.00034147174321324923,0.0006003121623244087,0.0007146045434569603,0.0,4.0108007806343547e-07,0.000190711720571572,0.00027100250388198855,0.0019544687591087225,0.0,0.11299871327976219,0.0003227696667135292
7.016358509933344e-05,0.00010567154265356341,0.0,0.1461187707315873,8.566978019667501e-08,0.0,0.0002524620957563231,0.06971493551152022,0.0,0.004465045502657573,0.00019937714153805456,0.00015500091063034996,0.004678362573099415,0.0004019523399368361,0.00039838370041545733,0.0008404370272541723,0.0003021483246779521,0.0,1.6449946524959585e-07,7.841791445128632e-05,0.00022064111535747037,0.0025768081299974493,0.0,0.10238818826165563,0.0003765646111657841
0.0014994218000857556,0.0006793170599157648,0.4234466060572061,0.4153242988657704,5.827612692242584e-06,0.030303030303030304,0.003570392338277544,0.11333567088460536,6.7749866665721784e-06,0.006926082492462505,0.002141805040865331,0.002022761883726067,0.01871345029239766,0.0025265575653172553,0.002532582095498265,0.00348181054148157,0.004336894842585422,0.004585052728106373,1.9139005108453676e-05,0.001786988331178179,0.0024571314948219946,0.010773638337275553,0.003205125974009693,0.14217765737134486,0.004787750056250683
0.006859140106284838,0.0028531316516462115,0.5037879650844672,0.435540177020875,0.0001128169101422361,0.030303030303030304,0.006287777887716511,0.05997792222361652,2.0087679363918724e-05,0.003990539126261215,0.010393159893566945,0.010173872271499596,0.06900584795321638,0.010795291415446454,0.010727903932616245,0.005642934325849442,0.016220614526827735,0.004585052728106373,0.0004522787224234318,0.009670422367299234,0.007129117162660578,0.04047841286593835,0.003205125974009693,0.035261867478356135,0.010059654612571661
0.00015072177539856817,0.0002566308893015111,0.0,0.16986071952629378,3.497916305089623e-07,0.0,0.0010562694687171548,0.06070956173019884,0.0,0.003297249114979913,0.00043703600864542663,0.0003720021855128399,0.008187134502923977,0.0009761699684180304,0.0009675032724375393,0.0012006243246488176,0.0013127681618545699,0.0,1.3373881511681676e-06,0.00033611225393174066,0.0005079938731229271,0.00464787859731249,0.0,0.05186187790130847,0.0009145140556883328
2.5986512999753135e-05,4.5287803994384315e-05,0.0,0.10717463457393395,1.8220811461888605e-08,0.0,0.00010964222820804065,0.07575389908429772,0.0,0.007127636141370675,5.758688760534663e-05,5.4250318720622476e-05,0.0011695906432748538,0.00017226528854435833,0.0001707358716066246,0.0003601872973946452,0.00013057033638477842,0.0,5.022005033325743e-08,1.4413549705930446e-05,3.91183527330123e-05,0.000680639971107007,0.0,0.1630197604606407,0.0001613848333567646
0.00019489884749814847,0.00018115121597753726,0.0,0.15947052788428062,3.515897369189485e-07,0.0,0.0015240985318481178,0.06188428655614624,0.0,0.003968846697873191,0.0005303579834238485,0.0005192530506116723,0.005847953216374269,0.0006890611541774332,0.0006829434864264983,0.0009604994597190539,0.0015508560408372197,0.0,1.619287453511471e-06,0.00048049248199686306,0.0008532858329272423,0.0033157487013227367,0.0,0.06923029714238826,0.0006455393334270584
0.00019489884749814847,0.00018115121597753726,0.0,0.15947052788428062,3.515897369189485e-07,0.0,0.0015240985318481178,0.06188428655614624,0.0,0.003968846697873191,0.0005303579834238485,0.0005192530506116723,0.005847953216374269,0.0006890611541774332,0.0006829434864264983,0.0009604994597190539,0.0015508560408372197,0.0,1.619287453511471e-06,0.00048049248199686306,0.0008532858329272423,0.0033157487013227367,0.0,0.06923029714238826,0.0006455393334270584
0.0007029351766433221,0.0005132617786030222,0.0,0.18204402721657142,3.6720529194736947e-06,0.0,0.002438575332557545,0.06010861964456509,0.0,0.0007356832141881889,0.0019444816399694074,0.0019026361779875458,0.015204678362573101,0.001952339936836061,0.0019350065448750786,0.0030015608116220433,0.004055716193353491,0.0,1.895262186848634e-05,0.0018652944511597727,0.0024457087681757804,0.008702567869960513,0.0,0.026997614935286074,0.0018290281113766654
0.01873887452412198,0.00430234137946651,0.7471720620780871,0.6109732528155974,0.00035558685639662535,0.09090909090909091,0.013466474379695404,0.03353813327279201,0.0001857814051974778,0.008324066534520527,0.01589964930324795,0.015773280168020987,0.10526315789473685,0.016020671834625324,0.015963803995219395,0.013927242165926283,0.021624676615734924,0.013755158184319119,0.0008291598373032561,0.014726924831977165,0.01382660151284265,0.06151995137003728,0.009615384082285502,0.0891990248308181,0.017348869585852193
0.0018443927601574784,0.0012982503811723501,0.0,0.18921019134034767,1.7548559419062786e-05,0.0,0.003300942862182807,0.05826139617215077,0.0,1.611437537396565e-05,0.005151027979341012,0.005252593358985984,0.03274853801169591,0.0049382716049382715,0.004894428319389904,0.0038419978388762157,0.008504362477069387,0.0,0.00010504897329348358,0.004458556666290228,0.004388096986186017,0.019116220298984233,0.0,0.009251356380006515,0.004626365222893919
0.03743682029026935,0.0061742372779010615,0.8741835008951753,0.7651134235476789,0.0007353942659683547,0.2424242424242424,0.02697844916993891,0.008071923710840104,0.0010708043951492953,0.027611362419615613,0.01961001929694707,0.019733553434626426,0.12514619883040937,0.020901521676715475,0.020972056229013717,0.028935046224036497,0.023713344146433814,0.039889958734525444,0.0010286922778026764,0.018675960803927676,0.02325594380657635,0.0740819431136462,0.028846152246856507,0.28820818013653354,0.02765657866391153
0.0017008172758338424,0.0007095089292453542,0.4514827428445174,0.4242313326123084,8.721306599146962e-06,0.030303030303030304,0.004465793663074582,0.11706808548564678,6.7749866665721784e-06,0.004672301161313452,0.002464570920182602,0.0024199517172163384,0.021052631578947368,0.0026414010910134943,0.0026464060099026807,0.004202185136270861,0.00469652988744896,0.004585052728106373,2.722397059137834e-05,0.0023929233363249288,0.003334963453629576,0.012018317079053006,0.003205125974009693,0.10165134639240403,0.005002929834059703
0.0009387627821160817,0.00066422112525097,0.0,0.18472738580238646,5.244357108225986e-06,0.0,0.0025271289911504356,0.05950667986869509,0.0,0.00042331224540061857,0.0025104104113149606,0.0025749526278466884,0.01871345029239766,0.0025265575653172553,0.00250412611689716,0.00348181054148157,0.004762865415928211,0.0,2.5976649858435344e-05,0.0021795982727371007,0.0026932380944935607,0.010773638337275553,0.0,0.020598723850943523,0.002366977555899214
0.0015799799903849904,0.0010869072958652234,0.0,0.1882783084283015,1.6530351696329997e-05,0.0,0.002962251803513384,0.05898039826907394,0.0,6.743246310335002e-05,0.0044114348992968806,0.004464026226154078,0.028070175438596492,0.004134366925064599,0.00409766091855899,0.0038419978388762157,0.007957248296383976,0.0,9.703448641572587e-05,0.004446340634349828,0.004448893991859441,0.016335359306568167,0.0,0.011640275632569419,0.0038732360005623505
0.010421891038550991,0.003487160907567592,0.7112272895193957,0.5976036287645299,0.00023469719810831517,0.06060606060606061,0.010297682640626433,0.0007475471231269473,7.363291759790693e-05,0.014377121751915231,0.012329673019844885,0.012549261226909709,0.07485380116959064,0.012919896640826873,0.012890558306300157,0.01176611838155841,0.017166589671680315,0.01237964236588721,0.000512553537999392,0.011519616093874183,0.011485551459930386,0.04452292033941398,0.009615384082285502,0.1895347480741264,0.017994408919279253
0.00010134740069903721,0.00010567154265356341,0.0,0.14069344714793963,2.4630061801520535e-07,0.0,0.0019894297065725236,0.06468253053264686,0.0,0.0056493281359101324,0.00029302771481921745,0.00025575150254007745,0.004678362573099415,0.0004019523399368361,0.00039838370041545733,0.0007203745947892905,0.0015127963682361632,0.0,1.6842130980885598e-06,0.0005238992610055958,0.000815439447427457,0.0025768081299974493,0.0,0.10238818826165563,0.0003765646111657841
0.00010134740069903721,0.00010567154265356341,0.0,0.14069344714793963,2.4630061801520535e-07,0.0,0.0019894297065725236,0.06468253053264686,0.0,0.0056493281359101324,0.00029302771481921745,0.00025575150254007745,0.004678362573099415,0.0004019523399368361,0.00039838370041545733,0.0007203745947892905,0.0015127963682361632,0.0,1.6842130980885598e-06,0.0005238992610055958,0.000815439447427457,0.0025768081299974493,0.0,0.10238818826165563,0.0003765646111657841
0.002344633135402726,0.0016907446824570142,0.0,0.1903193830098333,3.384491753844725e-05,0.0,0.003346866109367183,0.05840412130316968,0.0,1.747789944406622e-05,0.00671967508180049,0.006744477123803102,0.04327485380116959,0.006431237438989376,0.006374139206647317,0.0038419978388762157,0.011478601002207262,0.0,0.00021726103292569253,0.006800894990306741,0.005420692488707366,0.025212829484953278,0.0,0.00634464159148751,0.006025033778652545
0.0053168405597494904,0.0011925788385187869,0.7556819476267008,0.595085005077078,2.972105724985585e-05,0.09090909090909091,0.008474546213325254,0.08926207061075049,0.0002106173979970626,0.014003764070173896,0.003906625449461139,0.003981585891817114,0.029239766081871343,0.004191788687912718,0.00423994081156451,0.006723496218033378,0.006757133058417888,0.013755158184319119,6.993464633950987e-05,0.004134914042140491,0.005611136247392399,0.016957698677456893,0.009615384082285502,0.2860423665919681,0.0037656461116578406
0.0014708366357860272,0.0010869072958652234,0.0,0.18823996875751203,1.3089974805049282e-05,0.0,0.0029734683877027934,0.05876572858657445,0.0,0.00017899352338462612,0.004127279344051668,0.004146274359361862,0.028070175438596492,0.004134366925064599,0.00409766091855899,0.0037219354064113334,0.0073066314343983255,0.0,7.637663244259478e-05,0.003735788925630371,0.0037022814159517405,0.016335359306568167,0.0,0.011640275632569419,0.0038732360005623505
0.0006652547327936801,0.00045287803994384314,0.0,0.1806981943629704,2.9823392651005706e-06,0.0,0.0024764280885368655,0.06044849945171379,0.0,0.0006776714628419257,0.0017592342340492124,0.001790260517780542,0.011695906432748539,0.001722652885443583,0.0017073587160662458,0.0030015608116220433,0.0037747564348511024,0.0,1.5332279031119785e-05,0.001705101901515512,0.0022679092401445395,0.00680639971107007,0.0,0.03061110619264351,0.0016138483335676461
0.007522445850603537,0.002113430853071268,0.7334955770383976,0.6490513305726228,8.51388342168545e-05,0.12121212121212122,0.011184377226460667,0.08288228496782338,3.9366238316666764e-05,0.013881294817331788,0.006870830393061313,0.0069111031027307285,0.04678362573099415,0.007464829170255526,0.007512378350691481,0.01164605594909353,0.009191064352154762,0.018340210912425492,0.00012496689111047624,0.006717172913258488,0.009370598971164401,0.027517102860911195,0.01282051313642341,0.2165556034548024,0.013023756051890904
0.0009088782921663657,0.0006793170599157648,0.0,0.18480690998615135,5.4616882343216735e-06,0.0,0.002672416673891213,0.05950856439469689,0.0,0.0005477648059810623,0.002514682191850593,0.0024858271042342375,0.019883040935672513,0.002583979328165375,0.002561038074099369,0.00348181054148157,0.004888974768707615,0.0,3.0478843052215252e-05,0.002227919247546732,0.00283989112683818,0.011395977708164279,0.0,0.020102483384566883,0.002420772500351469
0.0,0.0,0.0,0.0,0.0,0.0,0.0002172586812375114,0.057637119220435885,0.0,0.013726596813741748,0.0,0.0,0.0,0.0,0.0,0.0,0.0,0.0,0.0,0.0,0.0,0.0,0.0,0.288072377829258,0.0
0.0001994464872731053,0.00022643901997192157,0.0,0.16832862221609923,5.13539186130146e-07,0.0,0.0014624437327583313,0.06340958864566433,0.0,0.00259652169967986,0.000627048092855365,0.0005095654936972755,0.007017543859649124,0.0008613264427217916,0.0008536793580331229,0.0013206867571136992,0.0017518911757019176,0.0,2.0454246426057753e-06,0.0005660919736754319,0.0007864650117553475,0.003996388672429744,0.0,0.05771229295714031,0.000806924166783823
0.006047061575042553,0.0015246894011442717,0.6565009802056337,0.5996998359601449,4.844742118104948e-05,0.09090909090909091,0.010346293636026625,0.09980754555342763,2.0324959999716535e-05,0.011794483206403708,0.005253139964067753,0.005089842402824117,0.03508771929824561,0.005455067470571346,0.00549200387001309,0.008644495137471486,0.0080707151811861,0.013755158184319119,0.00010428580783174667,0.005564548678430775,0.00753352950574992,0.02056495088764079,0.009615384082285502,0.20857032729471858,0.010059654612571661
0.00035991320504658085,0.0003472064972902797,0.4156638729437562,0.406769945310248,8.454010091742969e-07,0.030303030303030304,0.0020267585364369786,0.1144847883278224,6.7749866665721784e-06,0.010452403651219966,0.0005000447715459985,0.0004611277091252911,0.010526315789473684,0.0012632787826586276,0.0012805190370496844,0.0016808740545083444,0.001737649974924879,0.004585052728106373,2.130950516150321e-06,0.0005356051684429995,0.0007579329591098686,0.005980007985532485,0.003205125974009693,0.16387482082187932,0.002420772500351469
0.0008783441393916557,0.0006189333212565856,0.0,0.18406362725160152,5.103984936477707e-06,0.0,0.0025721913472912983,0.059825774462588605,0.0,0.0004897530546347992,0.002396797478992287,0.002394764069238907,0.017543859649122806,0.002354292276772897,0.002333390245290536,0.00348181054148157,0.004699372731888328,0.0,2.642406306560238e-05,0.0022121397709180834,0.002772150874274279,0.010092998366168547,0.0,0.02221977584658119,0.002205592722542449
0.0008081805542923223,0.0005585495825974065,0.0,0.18312903965463934,4.421503664638924e-06,0.0,0.0028829447524248942,0.0597763887958943,0.0,0.0005374763970884544,0.002198734731465196,0.002201012930950969,0.01637426900584795,0.002124605225380419,0.0021057424164817036,0.003241685676551807,0.004531602062315951,0.0,2.3855737909754857e-05,0.002133947432773972,0.002679178755726096,0.00938320784106752,0.0,0.024750199555674035,0.00199041294473343
7.79595389992594e-05,6.0383738659179085e-05,0.0,0.11240377407021085,8.81871291489323e-08,0.0,0.0010477826627776723,0.06798954110239894,0.0,0.007526404953509411,0.00019855564528120225,0.00020925122935097244,0.0023391812865497076,0.00022968705139247774,0.00022764782880883275,0.0003601872973946452,0.0008398348703117206,0.0,4.88460970024469e-07,0.0002654909184521213,0.0003781943134416238,0.001302979341995734,0.0,0.14217765737134486,0.00021517977780901947
7.79595389992594e-05,6.0383738659179085e-05,0.0,0.11240377407021085,8.81871291489323e-08,0.0,0.0010477826627776723,0.06798954110239894,0.0,0.007526404953509411,0.00019855564528120225,0.00020925122935097244,0.0023391812865497076,0.00022968705139247774,0.00022764782880883275,0.0003601872973946452,0.0008398348703117206,0.0,4.88460970024469e-07,0.0002654909184521213,0.0003781943134416238,0.001302979341995734,0.0,0.14217765737134486,0.00021517977780901947
3.2483141249691414e-05,6.0383738659179085e-05,0.0,0.12239366463600554,3.672132835326207e-08,0.0,0.0,0.0921452845390383,0.0,0.00604983234231991,6.777344119031521e-05,6.587538701789873e-05,0.0023391812865497076,0.00022968705139247774,0.00022764782880883275,0.000480249729859527,1.4464084505781227e-05,0.0,5.62824984588629e-08,1.3452263643672899e-05,0.00011493280227123907,0.001302979341995734,0.0,0.14217765737134486,0.00021517977780901947
1.1044268024895082e-05,0.0,0.0,0.0031464539732759533,3.22460413294406e-08,0.0,0.0011856310294808183,0.17841561469469125,0.0,0.012957321324735538,4.017116696007774e-05,3.293769350894938e-05,0.0,0.0,0.0,0.0,0.0007677135345478093,0.0,3.808789728628518e-07,0.0002877070848814877,0.0003829074844854247,0.0,0.0,0.288072377829258,0.0
