0.5555555555555556,0.11111109829629594,0.057489512640971296,1.0,0.0,0.0,0.01949465218925338,0.1111111111111111,0.05046728970825051,0.10167526237663371,0.16802318738799327,0.06870229007633588,0.14822756225665668,0.12783650527390877,0.0733591876609728,0.056541792580662505,0.09280729017586178,0.13157894736842102,0.29064039408866993,0.07497295644947269,0.16666666666666666,0.25,0.23775078708691993,0.16666666666666666,0.09421962050755303,0.6097606581899777
0.9722222222222223,0.777777803407408,0.7643724549597671,1.0,0.0,0.0,1.0,0.7999999999999998,0.7831775702398045,0.8890017518454735,0.8824824941516464,0.9999999999999999,0.9999999999999999,1.0,0.9999999999999999,1.0000000000000002,1.0,0.8684210526315789,1.0,1.0,0.7666666666666666,1.0,1.0000000000000002,0.8333333333333333,0.6345330171826677,1.0
0.5555555555555556,0.11111109829629594,0.057489512640971296,1.0,0.0,0.0,0.018468617863503206,0.1111111111111111,0.03551401868706487,0.0764034594930979,0.1524688434667142,0.03816793893129771,0.11974077915943332,0.07417909436837565,0.03274223630066018,0.029375493724948288,0.06164895226301989,0.07894736842105263,0.21182266009852216,0.0506764291196571,0.16666666666666666,0.25,0.20819012017811542,0.16666666666666666,0.09715945884086774,0.5314136125654452
0.8497777777777777,0.44444450851852013,0.4109310605998934,1.0,0.1,0.0,0.2482096960164984,0.5074074074444443,0.31775700948217067,0.5050998170023493,0.49608884168496054,0.45038167938931295,0.5077599979252926,0.416809611258261,0.4051037626927973,0.41951915610126833,0.34002685152204615,0.4736842105263157,0.665024630541872,0.34516397506066043,0.4666666666666667,0.75,0.5794825814091744,0.5,0.3655667684526667,0.893605086013463
0.7407407411111111,0.22222219659259185,0.175303361960612,1.0,0.0,0.0,0.0813531216414716,0.2222222222222222,0.11962616823997906,0.2224485520930675,0.27004268003497667,0.17557251908396945,0.25094063199141575,0.2202149700914654,0.15908305949455778,0.17501757198084975,0.1979341108810402,0.25,0.42857142857142855,0.1556712159758758,0.33333333333333337,0.5,0.35893392536756835,0.2777777777777778,0.1824883885806156,0.7658937920718025
0.9259259255555556,0.5555556068148161,0.5287447563204857,1.0,0.0,0.6000000000000001,0.40748220363161847,0.5555555555555556,0.4280373831341757,0.49425351976216947,0.5860240817384175,0.49618320610687017,0.5707745809671967,0.3949574314005425,0.39285749528799946,0.36426821771100243,0.5111301796080748,0.5263157894736842,0.645320197044335,0.3014153121460371,0.5833333333333334,0.5,0.6011493392351895,0.5,0.542674757444148,0.6639865370231863
0.888888888888889,0.44444450851852013,0.4109310605998934,1.0,0.0,0.0,0.32153694913608355,0.46825396822222215,0.34579439247065874,0.4289435200852607,0.5122727350329715,0.45038167938931295,0.5562397863568742,0.5232906673129457,0.478610971313538,0.4823408798165587,0.5042547823097506,0.4736842105263157,0.7241379310344828,0.40441076181482283,0.5166666666666666,0.5,0.6219801619999114,0.5,0.35728490962073084,0.9762528047868362
0.8293209877777779,0.44444450851852013,0.4109310605998934,1.0,0.1,0.0,0.22866618505764574,0.49999999999999994,0.2803738316942266,0.48178076746413934,0.5130393489246925,0.3931297709923664,0.4931992124581439,0.3712615225239453,0.30957103525859264,0.3295361615520797,0.29957216683878335,0.43421052631578944,0.5862068965517242,0.3493752816824689,0.4666666666666667,0.5,0.5784091134933602,0.5,0.3635801271673719,0.9109947643979059
0.888888888888889,0.44444450851852013,0.4109310605998934,1.0,0.0,0.0,0.36406362899174016,0.44973544977777774,0.34579439247065874,0.49071852899162105,0.49951355887922483,0.5076335877862596,0.5441227064835741,0.6005351890134822,0.520885757423251,0.605139365874794,0.5389576510164164,0.513157894736842,0.7044334975369458,0.48059429044873164,0.5166666666666666,0.75,0.6262184153011263,0.5,0.35782745040025904,0.9457741211667914
0.5555555555555556,0.11111109829629594,0.057489512640971296,1.0,0.0,0.0,0.021957134571053808,0.1111111111111111,0.061682242997637735,0.11484576549597161,0.17598249946357175,0.0916030534351145,0.1665461059838493,0.1387176118197782,0.10881514155737786,0.0853166222782378,0.1190582640720434,0.17105263157894735,0.3399014778325123,0.07147856271011688,0.16666666666666666,0.25,0.2587562938277766,0.16666666666666666,0.08918602833632924,0.5807778608825729
0.8333333333333334,0.33333341022222424,0.29311721128025275,1.0,0.0,0.0,0.1792335391105094,0.3373015873333333,0.21495327103528444,0.33265869300042394,0.35703236503415753,0.29770992366412213,0.35169257784773555,0.33776371331641375,0.27973000976938334,0.27611244730175405,0.32721982616369893,0.35526315789473684,0.5665024630541873,0.2565260735023955,0.45000000000000007,0.5,0.44755957420372944,0.38888888888888884,0.2678905874931615,0.755422587883321
0.8007777777777778,0.44444450851852013,0.4109310605998934,1.0,0.2,0.0,0.18449074355663495,0.49629629633333333,0.2897196262587026,0.5162138941731372,0.4563700477291711,0.3931297709923664,0.42975025004902345,0.2664681593594713,0.283993013410699,0.30422455789331343,0.2323448600889889,0.43421052631578944,0.5862068965517242,0.22518919906999518,0.5166666666666666,0.75,0.5126863850756672,0.5,0.3935814111224,0.6679132385938669
0.7487654322222222,0.33333341022222424,0.29311721128025275,1.0,0.166666667,0.0,0.1059453729737706,0.3925925925555555,0.17009345794822953,0.3304568959208736,0.3694704733392953,0.2213740458015267,0.3166590570432047,0.202835382908879,0.1517905602099924,0.16246733919093023,0.13709060752671615,0.28947368421052627,0.44827586206896547,0.18417714770385346,0.4,0.5,0.42382862501303914,0.38888888888888884,0.28166937878906295,0.5772251308900525
0.5555555555555556,0.11111109829629594,0.057489512640971296,1.0,0.0,0.0,0.018879031593803275,0.12222222222222223,0.03925233644236128,0.08104245578655603,0.15611738725989083,0.04580152671755725,0.12319346744099083,0.06228451381892296,0.035396745512497906,0.033128732395246614,0.055736495971758615,0.09210526315789473,0.23152709359605914,0.037955667344326836,0.16666666666666666,0.25,0.1924024190345468,0.16666666666666666,0.10788885694508024,0.4323111443530292
0.8007777777777778,0.44444450851852013,0.4109310605998934,1.0,0.2,0.0,0.18449074355663495,0.49629629633333333,0.2897196262587026,0.5161180812119096,0.4687172661228577,0.3931297709923664,0.4489358801259944,0.25737248640229854,0.2925190206933302,0.32428212200342477,0.23644953180122183,0.43421052631578944,0.6059113300492611,0.2089689873342805,0.5166666666666666,0.75,0.5195830889998022,0.5,0.3731633860685298,0.6710919970082274
0.8333333333333334,0.33333341022222424,0.29311721128025275,1.0,0.0,0.0,0.12066163670822092,0.3333333333333333,0.15514018692704393,0.22558656793248497,0.3403976739809837,0.1450381679389313,0.26958553542778046,0.11949164495562237,0.07921094960379724,0.0888500127551024,0.16475161812320632,0.22368421052631576,0.3990147783251231,0.09831968500904557,0.29999999999999993,0.25,0.34325469489698196,0.38888888888888884,0.321691094376277,0.5880703066566941
0.8333333333333334,0.33333341022222424,0.29311721128025275,1.0,0.0,0.0,0.1681523683924075,0.3444444444444444,0.18504672899291316,0.3080533836446635,0.37550933460214914,0.23664122137404578,0.33942844018323937,0.265667020648827,0.18278614918539132,0.24903283054263142,0.24913560146593164,0.30263157894736836,0.47783251231527096,0.23409899159394684,0.4,0.5,0.4529085325967185,0.38888888888888884,0.28747718188618576,0.6484667165295439
0.7407407411111111,0.22222219659259185,0.175303361960612,1.0,0.0,0.0,0.06175749465624087,0.2222222222222222,0.091588785040009,0.16511284928474337,0.2425601350406899,0.10687022900763359,0.18763350166998408,0.08385382253214443,0.06034321126538185,0.0648028009832135,0.11684359076267486,0.17105263157894735,0.31034482758620685,0.06000728046530869,0.2333333333333333,0.25,0.25341027021920426,0.2777777777777778,0.22565160717675042,0.5093492894540015
0.8333333333333334,0.33333341022222424,0.29311721128025275,1.0,0.0,0.4,0.1314789700048206,0.35555555555555557,0.18504672899291316,0.2573234682642541,0.3460014126888505,0.20610687022900762,0.2969003851813596,0.16466162257210007,0.14662956274608485,0.13956692212253732,0.21388761396066897,0.2763157894736842,0.42857142857142855,0.10852096192054791,0.4,0.25,0.3632597557921813,0.33333333333333326,0.33712751348152786,0.5695587135377711
0.8333333333333334,0.33333341022222424,0.29311721128025275,1.0,0.0,0.0,0.1499475878683238,0.3444444444444444,0.18504672899291316,0.2688804174891858,0.3598088377913136,0.2213740458015267,0.3216852822039964,0.18352714400395964,0.1623987289933588,0.17146579269868795,0.23770931874234988,0.28947368421052627,0.46798029556650245,0.13878150230934913,0.4,0.25,0.39003536853399845,0.38888888888888884,0.3020954285618587,0.7933807030665669
0.0,0.0,0.0,0.0,0.0,0.0,0.0,0.0,0.007476635510592815,0.021877045246184307,0.06280259605704779,0.015267175572519085,0.05244953405474907,0.027287650524112084,0.02091042758321245,0.011707479351390796,0.026277730820848284,0.05263157894736842,0.059113300492610835,0.015031433046703931,0.0,0.0,0.11620103642677773,0.05555555555555555,0.008530276217803445,0.38537771129394166
0.5555555555555556,0.11111109829629594,0.057489512640971296,0.0,0.0,0.2,0.015048503441599855,0.1111111111111111,0.03925233644236128,0.07860240184860376,0.14999542962211887,0.04580152671755725,0.1127918878269084,0.040766379713464286,0.031153477999151347,0.025622255078223462,0.05974772253847985,0.09210526315789473,0.07881773399014778,0.024041936784364393,0.11666666666666667,0.0,0.16802522930794134,0.1111111111111111,0.1586650914957518,0.24065071054599851
0.9296485255555555,0.666666705111112,0.6465586056401263,1.0,0.047619048,0.0,0.6056664338865655,0.7148148147777778,0.5794392523529192,0.760607992252539,0.7102260494282291,0.767175572519084,0.7769627648454137,0.7252523722033697,0.6926196749459723,0.7501560471831819,0.665224821281524,0.7105263157894737,0.8620689655172414,0.7194799384842542,0.65,0.75,0.8300198921307098,0.7222222222222221,0.5237329317717463,0.9285714285714286
0.7637152777777778,0.33333341022222424,0.29311721128025275,1.0,0.166666667,0.0,0.1214042901210457,0.36296296299999997,0.18504672899291316,0.33433808507928675,0.3657875954405234,0.25190839694656486,0.3442808779597455,0.17140083902681585,0.1818585511708458,0.21921119990034704,0.1758192430307874,0.3157894736842105,0.4876847290640394,0.11856410127861691,0.4,0.5,0.413202286578042,0.38888888888888884,0.2896522296158183,0.6447270007479431
0.5555555555555556,0.11111109829629594,0.057489512640971296,1.0,0.0,0.0,0.02093110024530363,0.1111111111111111,0.0467289719529541,0.09084361193802873,0.16088552658122307,0.06106870229007634,0.13820889348754894,0.08919738125591709,0.053080316172770065,0.05082257177358586,0.08105067706221065,0.11842105263157894,0.270935960591133,0.05259345495198362,0.16666666666666666,0.25,0.22782692455976167,0.16666666666666666,0.09403923878214077,0.5774121166791324
0.7407407411111111,0.22222219659259185,0.175303361960612,1.0,0.0,0.0,0.07478650195667044,0.22619047622222221,0.12523364486117464,0.1913276254931833,0.26128999819901366,0.16412213740458012,0.24671140972654884,0.1905746818553572,0.15719825927351314,0.1355345026683491,0.19117941813328607,0.23684210526315785,0.44827586206896547,0.1219627561514883,0.2833333333333333,0.25,0.32699961338514233,0.2777777777777778,0.1899918496767783,0.7236350037397159
0.5555555555555556,0.11111109829629594,0.057489512640971296,1.0,0.0,0.0,0.02093110024530363,0.12222222222222223,0.0467289719529541,0.09143112976390377,0.1862268485338181,0.06106870229007634,0.15955181575707508,0.07274677157150118,0.054382900618727616,0.054039633486774874,0.07783594515498768,0.11842105263157894,0.270935960591133,0.03841777605988403,0.16666666666666666,0.25,0.24568096174398596,0.16666666666666666,0.08898436366072326,0.5699326851159312
0.616975308888889,0.22222219659259185,0.175303361960612,1.0,0.333333333,0.0,0.04268302795120741,0.25185185188888887,0.09719626168470259,0.22035954624468077,0.26212846446971605,0.1297709923664122,0.21303838252258198,0.12161693852038492,0.08203321590337193,0.0877470010588738,0.06137038412080045,0.19736842105263158,0.34975369458128075,0.09436033204298494,0.2833333333333333,0.5,0.3031371247392252,0.2777777777777778,0.18977553116661272,0.6017202692595363
0.8333333333333334,0.33333341022222424,0.29311721128025275,1.0,0.0,0.4,0.1037760432095658,0.3333333333333333,0.15514018692704393,0.2297476645439275,0.3409300784762618,0.1450381679389313,0.27891894062860756,0.15278317620325724,0.1042758321244955,0.10055391490321806,0.1852604470065781,0.22368421052631576,0.32019704433497537,0.10512612963909844,0.35,0.25,0.34808038408267294,0.2777777777777778,0.3634503360612726,0.468586387434555
0.888888888888889,0.44444450851852013,0.4109310605998934,1.0,0.0,0.5,0.2123207031692644,0.4444444444444445,0.2616822430352346,0.32942961132454107,0.4568086768862808,0.2595419847328244,0.3879120120972363,0.1403650802735553,0.14960971806941198,0.13734709741677084,0.2719413183750411,0.3421052631578947,0.5073891625615764,0.08248915764359355,0.4666666666666667,0.5,0.4448293568529341,0.4444444444444444,0.42082986758515967,0.5719895287958114
0.7722222222222223,0.33333341022222424,0.29311721128025275,1.0,0.166666667,0.0,0.11186705678494552,0.3777777777777778,0.17757009348232036,0.33880398910733134,0.3318059054189818,0.23664122137404578,0.2839956634691268,0.14104905395613127,0.1502018019084836,0.19049196132477797,0.14704658934672174,0.30263157894736836,0.458128078817734,0.1032147536489295,0.4,0.5,0.36695685751263046,0.38888888888888884,0.30037918541427094,0.5719895287958114
0.7407407411111111,0.22222219659259185,0.175303361960612,1.0,0.0,0.30000000000000004,0.049249647636008545,0.24444444444444446,0.08598130841881338,0.14784225564125716,0.2272585600626052,0.08396946564885496,0.16382324492454062,0.06187159043482637,0.04494903144951992,0.03925493260280324,0.08084913507886785,0.14473684210526316,0.270935960591133,0.03246649641375332,0.2333333333333333,0.25,0.2105942329478521,0.22222222222222224,0.26829391684437354,0.2954375467464473
0.5555555555555556,0.11111109829629594,0.057489512640971296,1.0,0.0,0.0,0.018468617863503206,0.12962962966666663,0.03551401868706487,0.07434961679266752,0.1488104705771353,0.03816793893129771,0.10450227506312104,0.04556368863469555,0.021551851742206696,0.019724308617794815,0.04031158003491185,0.07894736842105263,0.21182266009852216,0.02859550107706015,0.16666666666666666,0.25,0.165886325685768,0.16666666666666666,0.11061063226411513,0.4003365744203441
0.5555555555555556,0.11111109829629594,0.057489512640971296,1.0,0.0,0.0,0.01778459498240584,0.1111111111111111,0.03177570093176847,0.06564268710452467,0.14106961033649307,0.03053435114503817,0.09719577356053226,0.02742642377774753,0.012660726092147983,0.01275400825493429,0.036244771152368356,0.06578947368421052,0.19211822660098524,0.014154389837697054,0.16666666666666666,0.25,0.1489414778301823,0.16666666666666666,0.12107451684214054,0.37247569184741963
0.8333333333333334,0.33333341022222424,0.29311721128025275,1.0,0.0,0.0,0.14599002695620367,0.35555555555555557,0.18504672899291316,0.2565521332616314,0.3320618863437915,0.20610687022900762,0.27840385516089106,0.11689659058865239,0.1309985493945943,0.1535657070378599,0.20863741918143264,0.2763157894736842,0.4876847290640394,0.059070501134710546,0.4,0.25,0.3238331423455343,0.38888888888888884,0.3176302376991526,0.41286462228870613
0.7407407411111111,0.22222219659259185,0.175303361960612,1.0,0.0,0.0,0.06894950669041197,0.262962963,0.10280373832939622,0.16870486446663577,0.24852911046494192,0.11832061068702289,0.2050514099742729,0.08125855620147081,0.08228978556696961,0.08992839052428346,0.11355487539445763,0.18421052631578944,0.3694581280788177,0.038912389811525686,0.2833333333333333,0.25,0.26694538329214396,0.2777777777777778,0.1965410670224525,0.4029543754674645
0.7407407411111111,0.22222219659259185,0.175303361960612,1.0,0.0,0.0,0.06894950669041197,0.24074074077777774,0.09719626168470259,0.17519532011934505,0.21955631313590634,0.11832061068702289,0.1698193135943546,0.06840554371391852,0.07356641700464786,0.09457345752129152,0.12308023432234916,0.18421052631578944,0.34975369458128075,0.02767638334441581,0.2833333333333333,0.25,0.2310998928480937,0.2777777777777778,0.2091388290330144,0.34667165295437546
0.7407407411111111,0.22222219659259185,0.175303361960612,1.0,0.0,0.0,0.05800514055181282,0.24074074077777774,0.08598130841881338,0.1438483698107101,0.21320146468298323,0.08396946564885496,0.14607898668884992,0.04760484464347026,0.03652170480673397,0.043266581355534316,0.07779730435143588,0.14473684210526316,0.2610837438423645,0.01856956988488888,0.2333333333333333,0.25,0.18408022719114636,0.22222222222222224,0.2579203975794656,0.35396409872849666
0.5555555555555556,0.11111109829629594,0.057489512640971296,1.0,0.0,0.0,0.018468617863503206,0.1111111111111111,0.03551401868706487,0.07183450189665913,0.14362046971407239,0.03816793893129771,0.10106905879905352,0.039020543979690576,0.020486100831877792,0.019724308617794815,0.04559546219018064,0.07894736842105263,0.2019704433497537,0.022592741572755898,0.16666666666666666,0.25,0.16165970306279553,0.16666666666666666,0.11869710663525629,0.43792071802543014
0.0,0.0,0.0,0.0,0.0,0.0,0.0,0.0,0.0037383177552964067,0.010457283569321185,0.056287923189870734,0.007633587786259542,0.041640032535758806,0.012583579334758377,0.008160888915203727,0.004986518983179859,0.014695538780369641,0.02631578947368421,0.04433497536945813,0.007731262700308378,0.0,0.0,0.08925565218200415,0.05555555555555555,0.012940033717775523,0.31264023934181
0.5555555555555556,0.11111109829629594,0.057489512640971296,1.0,0.0,0.0,0.019152640744600567,0.1111111111111111,0.03551401868706487,0.0697748980674899,0.12609220856897335,0.03816793893129771,0.07940154228680817,0.02329628247781918,0.01267059415613251,0.011145477401286472,0.037895887162832036,0.07894736842105263,0.19211822660098524,0.007612703483395076,0.16666666666666666,0.25,0.11592053926860227,0.16666666666666666,0.15443048220884925,0.1587509349289454
0.0,0.0,0.0,0.0,0.0,0.0,0.0,0.0,0.001869158865899204,0.005001056718948627,0.050027826134314377,0.0038167938931297713,0.032245657071597766,0.005510637968396875,0.0030689678991878584,0.0016260387990743904,0.008132795306324238,0.013157894736842105,0.034482758620689655,0.0032381731321944654,0.0,0.0,0.06416712197078742,0.05555555555555555,0.026883157301238192,0.23055347793567688
0.888888888888889,0.44444450851852013,0.4109310605998934,1.0,0.0,0.0,0.28924396232235167,0.4444444444444445,0.2897196262587026,0.3652049282536737,0.39135853647843966,0.3358778625954198,0.3288578334021939,0.12903013892677498,0.17949021581455935,0.24687659194171235,0.3223156252581383,0.3947368421052631,0.5960591133004927,0.04039856001947263,0.41666666666666663,0.5,0.3550331165335144,0.5,0.43208366362611234,0.4354899027673897
0.5555555555555556,0.11111109829629594,0.057489512640971296,1.0,0.0,0.0,0.0198366636339062,0.1111111111111111,0.03551401868706487,0.08686762478102744,0.12291704267050925,0.04580152671755725,0.08275435388873574,0.026453043800506316,0.022765623612303502,0.028124414180951157,0.05038416453331041,0.09210526315789473,0.21182266009852216,0.006230101504803681,0.16666666666666666,0.25,0.13540503765713147,0.16666666666666666,0.11357698705996627,0.2505609573672401
0.5555555555555556,0.11111109829629594,0.057489512640971296,1.0,0.0,0.0,0.01778459498240584,0.1111111111111111,0.03177570093176847,0.06513380343507638,0.11909495606693678,0.03053435114503817,0.07044263212702419,0.018345630059499768,0.009029278545842092,0.010073123498854593,0.03200848280598327,0.06578947368421052,0.18226600985221675,0.004002333155613072,0.16666666666666666,0.25,0.0986790945950124,0.16666666666666666,0.1500912026750924,0.11368735976065819
0.5555555555555556,0.11111109829629594,0.057489512640971296,0.0,0.0,0.0,0.01778459498240584,0.1111111111111111,0.03177570093176847,0.06512760864206696,0.11778041190029877,0.03053435114503817,0.06857057273434818,0.012038973357854452,0.008871389522089662,0.010073123498854593,0.03200848280598327,0.06578947368421052,0.059113300492610835,0.0029763533495001677,0.11666666666666667,0.25,0.09469823172571915,0.1111111111111111,0.16835860305692946,0.14640987284966342
0.8333333333333334,0.33333341022222424,0.29311721128025275,1.0,0.0,0.0,0.122244661073069,0.3333333333333333,0.16261682243763673,0.2281322603428236,0.2743614190382727,0.16030534351145037,0.19241931346361166,0.06213213749847721,0.06954024689896089,0.09022694242131994,0.16475161812320632,0.23684210526315785,0.3793103448275862,0.00887955122472707,0.35,0.25,0.21918677199416509,0.33333333333333326,0.39095628133129384,0.15482423335826476
0.7407407411111111,0.22222219659259185,0.175303361960612,1.0,0.0,0.0,0.060194013774607695,0.2222222222222222,0.091588785040009,0.1491280268892938,0.19722598031911726,0.09541984732824427,0.13435002587983508,0.044996235649886494,0.042896474140738335,0.05255671532008356,0.10503065250939314,0.15789473684210525,0.33004926108374383,0.007817988898597465,0.2333333333333333,0.25,0.17370960165992583,0.2777777777777778,0.24683581843759422,0.2413986537023186
0.8333333333333334,0.33333341022222424,0.29311721128025275,1.0,0.0,0.0,0.13332583179117094,0.3333333333333333,0.16261682243763673,0.2450743320364823,0.2780347078636431,0.17557251908396945,0.2032797709181107,0.0692042931875576,0.08266477199838164,0.11225781708080058,0.1805022024609153,0.25,0.4187192118226601,0.013069462666094987,0.35,0.25,0.2425589928149196,0.38888888888888884,0.3463580336507866,0.33507853403141363
0.5555555555555556,0.11111109829629594,0.057489512640971296,1.0,0.0,0.0,0.0198366636339062,0.1111111111111111,0.03925233644236128,0.07499618224452495,0.11074650129314038,0.04580152671755725,0.06943000480123553,0.022730598960407307,0.018522356098956944,0.02061793686982138,0.05055988167481629,0.09210526315789473,0.21182266009852216,0.0013700455565805673,0.16666666666666666,0.25,0.09489449157202591,0.16666666666666666,0.15248570902229613,0.08582647718773373
0.5555555555555556,0.11111109829629594,0.057489512640971296,1.0,0.0,0.0,0.018468617863503206,0.1111111111111111,0.03551401868706487,0.07059629506085568,0.10979217859834171,0.03816793893129771,0.06562896813650856,0.020114544822151116,0.014358033097486605,0.015434893008067298,0.0426845895059618,0.07894736842105263,0.2019704433497537,0.001470720139689144,0.16666666666666666,0.25,0.09320539696800408,0.16666666666666666,0.147398037223531,0.15818997756170533
0.5555555555555556,0.11111109829629594,0.057489512640971296,0.0,0.0,0.2,0.01436448056050249,0.1111111111111111,0.03177570093176847,0.06584717017907815,0.10916469357544474,0.03053435114503817,0.062376858921166206,0.011211351256459093,0.010766057807118822,0.01096675175088116,0.03480929733710731,0.06578947368421052,0.06403940886699508,0.001011803421482652,0.11666666666666667,0.0,0.08721519852223221,0.1111111111111111,0.18356300311498658,0.14136125654450263
0.5555555555555556,0.11111109829629594,0.057489512640971296,1.0,0.0,0.0,0.018468617863503206,0.1111111111111111,0.03551401868706487,0.07115115263350633,0.13365119421368288,0.03816793893129771,0.09197315747410321,0.02880173462042806,0.018798661890523698,0.019724308617794815,0.04577117933168653,0.07894736842105263,0.21182266009852216,0.010504935686498063,0.16666666666666666,0.25,0.14748739094045793,0.16666666666666666,0.12101101689238225,0.2729992520568437
0.5555555555555556,0.11111109829629594,0.057489512640971296,1.0,0.0,0.0,0.018468617863503206,0.1111111111111111,0.03551401868706487,0.07306412416695263,0.1322021753581239,0.03816793893129771,0.08918106681758182,0.02700316495869063,0.018709849314662956,0.019724308617794815,0.04577117933168653,0.07894736842105263,0.21182266009852216,0.008198304907266356,0.16666666666666666,0.25,0.13414268122392223,0.16666666666666666,0.12412216552971517,0.3044128646222887
0.5555555555555556,0.11111109829629594,0.057489512640971296,1.0,0.0,0.0,0.01778459498240584,0.1111111111111111,0.03177570093176847,0.06753241838146579,0.1189860386768881,0.03053435114503817,0.07167758744467526,0.019465529294081872,0.011792336461509617,0.01275400825493429,0.037434394726725474,0.06578947368421052,0.19211822660098524,0.003343819206672289,0.16666666666666666,0.25,0.11369700311244826,0.16666666666666666,0.13265244174751867,0.25280478683620045
0.5555555555555556,0.11111109829629594,0.057489512640971296,1.0,0.0,0.0,0.01778459498240584,0.1111111111111111,0.03177570093176847,0.06529304772662889,0.10920342432553441,0.03053435114503817,0.06244404536325478,0.017379231941864005,0.009897668176480457,0.01096675175088116,0.03480929733710731,0.06578947368421052,0.19211822660098524,0.001399314946701915,0.16666666666666666,0.25,0.08758845870890068,0.16666666666666666,0.15018156798820992,0.08601346297681377
0.7407407411111111,0.22222219659259185,0.175303361960612,1.0,0.0,0.0,0.06676063345940883,0.2222222222222222,0.09719626168470259,0.151370724278965,0.18516057828735388,0.10687022900763359,0.1271556344882256,0.04152161112005806,0.04597531010391072,0.05424583055957717,0.11290594467824763,0.17105263157894735,0.28078817733990147,0.0024786261680101655,0.2833333333333333,0.25,0.15303098050871755,0.22222222222222224,0.26090245291234493,0.2023186237845924
0.5555555555555556,0.11111109829629594,0.057489512640971296,1.0,0.0,0.0,0.018468617863503206,0.1111111111111111,0.03551401868706487,0.07107519942167173,0.11097242526041988,0.03816793893129771,0.06765915499123851,0.021136842926563502,0.015423784007815506,0.01650724691049918,0.04399713820077088,0.07894736842105263,0.21182266009852216,0.0018349419635177186,0.16666666666666666,0.25,0.0967622723385106,0.16666666666666666,0.13801295398975066,0.27711293941660436
0.7407407411111111,0.22222219659259185,0.175303361960612,1.0,0.0,0.0,0.049249647636008545,0.2222222222222222,0.07476635515292415,0.129678386633132,0.16205137752903492,0.06106870229007634,0.08511289599259446,0.023974081624783615,0.014594866633115251,0.01961896765491464,0.05777889949626623,0.11842105263157894,0.22167487684729065,0.0005256294286019099,0.18333333333333332,0.25,0.10409390855973796,0.22222222222222224,0.3136789358804024,0.05385190725504861
0.5555555555555556,0.11111109829629594,0.057489512640971296,1.0,0.0,0.0,0.01641654921200285,0.1111111111111111,0.028037383176472065,0.060975170151730124,0.10007054399609189,0.022900763358778626,0.05213393079328847,0.014329259681464207,0.007026061556983136,0.007928415696937523,0.028246553863061904,0.05263157894736842,0.1724137931034483,0.000824256973539221,0.16666666666666666,0.25,0.08528031886292865,0.16666666666666666,0.1508891388569451,0.07236350037397159
0.0,0.0,0.0,0.0,0.0,0.0,0.0,0.0,0.0,0.0002920162379468072,0.03643664681847797,0.0,0.018384831032558908,0.0006703535860090718,0.0006512922229787738,0.0004336103464787711,0.00462067735649845,0.0,0.004926108374384234,8.409666894001876e-05,0.0,0.0,0.034836534705763554,0.0,0.04886146683488338,0.09012715033657442
0.5555555555555556,0.11111109829629594,0.057489512640971296,1.0,0.0,0.0,0.01778459498240584,0.1111111111111111,0.03177570093176847,0.06476300479654601,0.09079053729324872,0.03053435114503817,0.04521480677544913,0.015078209946170222,0.0070556657489367165,0.008285866997748149,0.030871651252680068,0.06578947368421052,0.18226600985221675,0.0002045711184979459,0.16666666666666666,0.25,0.06610847247715267,0.16666666666666666,0.16908780577668114,0.0768511593118923
0.5555555555555556,0.11111109829629594,0.057489512640971296,0.0,0.0,0.2,0.01368045767940513,0.1111111111111111,0.028037383176472065,0.06033176009548752,0.08973284194574713,0.022900763358778626,0.041172184864944186,0.007433089004980959,0.004470232984990674,0.00506880529045251,0.022996359083825583,0.05263157894736842,0.054187192118226604,8.385189436840248e-05,0.11666666666666667,0.0,0.05370405187211975,0.1111111111111111,0.20797105797894316,0.04599850411368736
0.7407407411111111,0.22222219659259185,0.175303361960612,1.0,0.0,0.30000000000000004,0.05581626732080968,0.2222222222222222,0.091588785040009,0.14795527712583786,0.22872853817985245,0.09541984732824427,0.1752031987789722,0.06832468748927374,0.05222179460611623,0.053401272939830366,0.11182014318063044,0.15789473684210525,0.29064039408866993,0.03454539475136822,0.2833333333333333,0.25,0.23124447647984708,0.22222222222222224,0.23816981979970303,0.4296933433059088
0.5555555555555556,0.11111109829629594,0.057489512640971296,1.0,0.0,0.0,0.018468617863503206,0.1111111111111111,0.03551401868706487,0.07017569893541278,0.1413160021879013,0.03816793893129771,0.09697439509307199,0.028777524096678886,0.013736345066461412,0.014362539108582107,0.04137204081115272,0.07894736842105263,0.21182266009852216,0.01314325620845128,0.16666666666666666,0.25,0.13868666288791734,0.16666666666666666,0.12848935712929987,0.38911742707554225
0.7407407411111111,0.22222219659259185,0.175303361960612,1.0,0.0,0.30000000000000004,0.047060774405005404,0.2222222222222222,0.08037383177411976,0.13773628309661098,0.23762180859533505,0.07251908396946564,0.16661405376686175,0.06393209470693742,0.03333432013973179,0.03102049569240439,0.08158916368350765,0.13157894736842102,0.25123152709359603,0.04206776375118073,0.2333333333333333,0.25,0.21538849945723562,0.22222222222222224,0.2683525321826119,0.42688855646970836
0.5555555555555556,0.11111109829629594,0.057489512640971296,1.0,0.0,0.0,0.01778459498240584,0.1111111111111111,0.03177570093176847,0.06606346171558372,0.1381454523540998,0.03053435114503817,0.09209001213224179,0.026638011669107856,0.013055448651529057,0.013647636506960856,0.038746943421534556,0.06578947368421052,0.19211822660098524,0.012594486510767087,0.16666666666666666,0.25,0.13876757266129694,0.16666666666666666,0.12527458494758115,0.293380703066567
0.5555555555555556,0.11111109829629594,0.057489512640971296,1.0,0.0,0.0,0.0198366636339062,0.1111111111111111,0.03551401868706487,0.0875078477186258,0.1448366451409953,0.04580152671755725,0.10529110676661839,0.042943052432288215,0.024837917049054147,0.030626573271892107,0.05199535549007733,0.09210526315789473,0.21182266009852216,0.027277530026808227,0.16666666666666666,0.25,0.18195520990102787,0.16666666666666666,0.1086355047059743,0.4010845175766642
0.8502834466666667,0.44444450851852013,0.4109310605998934,1.0,0.1,0.0,0.1932462364149813,0.4867724867777778,0.2897196262587026,0.43658245049896316,0.4562199128271279,0.3549618320610687,0.43465679427435916,0.30934689581280944,0.27252632306067875,0.25799732680310117,0.2826042426759601,0.4078947368421052,0.6059113300492611,0.2742663279674931,0.4666666666666667,0.5,0.5167721422439854,0.5,0.37485590396016394,0.7518698578908003
0.5555555555555556,0.11111109829629594,0.057489512640971296,1.0,0.0,0.0,0.02093110024530363,0.1111111111111111,0.0467289719529541,0.08859220187061334,0.15310293942354825,0.06106870229007634,0.12420317530473973,0.051074553628669674,0.047396311317682585,0.04599697921853579,0.0773862079312428,0.11842105263157894,0.2610837438423645,0.020738955219473276,0.16666666666666666,0.25,0.19007318188301978,0.16666666666666666,0.09989937700269072,0.43567688855646974
0.0,0.0,0.0,0.0,0.0,0.0,0.0,0.0,0.0,0.0006231048771697667,0.05268840898777108,0.0,0.0334251053777742,0.0037351346578294135,0.0015394179815861927,0.0008672206926628736,0.005933226051307532,0.0,0.004926108374384234,0.0019982654856197956,0.0,0.0,0.06779557491996314,0.0,0.038160329697321554,0.1993268511593119
0.5555555555555556,0.11111109829629594,0.057489512640971296,1.0,0.0,0.0,0.01641654921200285,0.1111111111111111,0.028037383176472065,0.060345266611026266,0.09848549648295687,0.022900763358778626,0.04924473941753499,0.0133028197510304,0.00536822680758262,0.0064986104936950164,0.025621456473443743,0.05263157894736842,0.1724137931034483,0.0003999241635656456,0.16666666666666666,0.25,0.06852507361084093,0.16666666666666666,0.16541074000468925,0.06320119670905011
0.0,0.0,0.0,0.0,0.0,0.0,0.0,0.0,0.0,0.00013953845114300645,0.028554179703310777,0.0,0.012028437652118178,0.00038680371110230314,0.0002664377275822256,0.00021680517309205114,0.00396440300909391,0.0,0.004926108374384234,6.966660884463658e-06,0.0,0.0,0.02097388857735029,0.0,0.059270225082898864,0.04244577412116679
0.5555555555555556,0.11111109829629594,0.057489512640971296,1.0,0.0,0.0,0.01778459498240584,0.1111111111111111,0.03177570093176847,0.06510009144141443,0.11128899757093734,0.03053435114503817,0.0658581890574725,0.01766601758405397,0.009108223057718308,0.009179495246828028,0.033496748642298235,0.06578947368421052,0.18226600985221675,0.002993069912202298,0.16666666666666666,0.25,0.09706470858840288,0.16666666666666666,0.15237615416392197,0.15968586387434558
0.7407407411111111,0.22222219659259185,0.175303361960612,1.0,0.0,0.30000000000000004,0.049249647636008545,0.2222222222222222,0.08598130841881338,0.14169274960945974,0.19339166644941835,0.08396946564885496,0.12937756134358244,0.040846840469317226,0.032515270829016056,0.025953149894362995,0.08534242208725693,0.14473684210526316,0.270935960591133,0.011707016932035531,0.2333333333333333,0.25,0.16145568383453215,0.22222222222222224,0.27716262686033916,0.275056095736724
0.5555555555555556,0.11111109829629594,0.057489512640971296,1.0,0.0,0.0,0.01641654921200285,0.1111111111111111,0.028037383176472065,0.06070306185777874,0.11629449491661724,0.022900763358778626,0.06705803294298829,0.01548700312232375,0.007026061556983136,0.007928415696937523,0.027056930288704786,0.05263157894736842,0.1724137931034483,0.0026379675672912064,0.16666666666666666,0.25,0.09962955913127447,0.16666666666666666,0.1507248065693838,0.21391174270755423
0.888888888888889,0.44444450851852013,0.4109310605998934,1.0,0.0,0.0,0.2292062965858368,0.4444444444444445,0.25233644870573857,0.33988856732500206,0.3849097118097294,0.2595419847328244,0.31229912065854504,0.1252538078118499,0.13673189456960438,0.13203950075630635,0.2574454549867648,0.3421052631578947,0.5073891625615764,0.08058006439026871,0.41666666666666663,0.5,0.37175443757494575,0.5,0.4409146923532104,0.6082647718773373
0.0,0.0,0.0,0.0,0.0,0.0,0.0,0.0,0.001869158865899204,0.004886420235855532,0.04080525446321198,0.0038167938931297713,0.0249866808323523,0.0038773320278559084,0.002753189851682998,0.0016260387990743904,0.009214597788330232,0.013157894736842105,0.034482758620689655,0.0011676489948363369,0.0,0.0,0.04913999080937523,0.05555555555555555,0.029624471066352548,0.17445774121166793
0.5555555555555556,0.11111109829629594,0.057489512640971296,1.0,0.0,0.0,0.018879031593803275,0.12222222222222223,0.03925233644236128,0.07800355663528893,0.13007747115260643,0.04580152671755725,0.089378915544416,0.028569897152997126,0.0211867333747792,0.021869016419711885,0.04413740442581795,0.09210526315789473,0.23152709359605914,0.0075863881628939756,0.16666666666666666,0.25,0.12675511247768934,0.16666666666666666,0.13203628289436958,0.3148840688107704
0.5555555555555556,0.11111109829629594,0.057489512640971296,1.0,0.0,0.0,0.021957134571053808,0.11507936511111111,0.05794392524234132,0.12651091508937026,0.13861046446860142,0.0916030534351145,0.12180997709119595,0.08867716397186015,0.08797379042205711,0.05975885429385152,0.09981492452385524,0.17105263157894735,0.33004926108374383,0.04320226479154729,0.16666666666666666,0.25,0.18983081167102672,0.16666666666666666,0.09709805229604654,0.5344053851907256
0.8333333333333334,0.33333341022222424,0.29311721128025275,1.0,0.0,0.0,0.17765051466357862,0.3373015873333333,0.21495327103528444,0.2931364391220609,0.3178737461318194,0.282442748091603,0.2951853959521508,0.1776585102391417,0.20112101206864225,0.18248123002842825,0.2842624828332256,0.3421052631578947,0.5566502463054187,0.10956711457478259,0.4,0.5,0.3433361766343245,0.38888888888888884,0.30817781660656274,0.7643979057591623
0.5555555555555556,0.11111109829629594,0.057489512640971296,1.0,0.0,0.0,0.02093110024530363,0.1111111111111111,0.0467289719529541,0.08697826808421455,0.13734870991000508,0.06106870229007634,0.11009273003791434,0.04032293132325177,0.04183072323040943,0.03795432495029669,0.07549830687618882,0.11842105263157894,0.270935960591133,0.01076242929260283,0.16666666666666666,0.25,0.16679658701660913,0.16666666666666666,0.10526756506302545,0.49102468212415856
0.7407407411111111,0.22222219659259185,0.175303361960612,1.0,0.0,0.30000000000000004,0.049249647636008545,0.2222222222222222,0.08598130841881338,0.14222201192642545,0.2018872548076069,0.08396946564885496,0.1407170402472747,0.04404504658079498,0.03721246928565085,0.03038707747759429,0.08946445585236212,0.14473684210526316,0.270935960591133,0.013939103070435246,0.2333333333333333,0.25,0.1846442156927565,0.22222222222222224,0.2601271952839774,0.38406881077038146
0.9526909722222223,0.777777803407408,0.7643724549597671,1.0,0.035714286,0.0,0.630919907294302,0.8148148147777778,0.6635514020233233,0.8401319709399009,0.7138648413856261,0.7557251908396946,0.7013391016490814,0.521337762946599,0.582373664110838,0.4858465973293667,0.6465370338502531,0.763157894736842,0.852216748768473,0.5641159322263729,0.7666666666666666,0.75,0.7657255956508605,0.8333333333333333,0.6765801020465128,0.8902393418100225
0.7407407411111111,0.22222219659259185,0.175303361960612,1.0,0.0,0.0,0.05800514055181282,0.2222222222222222,0.08598130841881338,0.14201601224704155,0.22276919818537538,0.08396946564885496,0.16416904734362328,0.05589221027072939,0.04094259747180201,0.04833392716241578,0.09803838188513508,0.14473684210526316,0.31034482758620685,0.02821506285227648,0.2333333333333333,0.25,0.2159120849765382,0.2777777777777778,0.23012312012236652,0.28945400149588635
0.8333333333333334,0.33333341022222424,0.29311721128025275,1.0,0.0,0.0,0.1446708399307751,0.3333333333333333,0.18504672899291316,0.24967768471753007,0.32305171648580805,0.20610687022900762,0.27857776656847116,0.09113068577265686,0.13194588353710887,0.1535657070378599,0.2356292476428967,0.2763157894736842,0.47783251231527096,0.02185940962284964,0.4,0.25,0.3433950251060573,0.38888888888888884,0.30734359473913386,0.5660059835452507
0.5555555555555556,0.11111109829629594,0.057489512640971296,1.0,0.0,0.0,0.02024707736420627,0.12222222222222223,0.04299065419765769,0.08306620440025042,0.13263700020217867,0.05343511450381679,0.0969582481735612,0.033988286746470725,0.029041712306462596,0.029375493724948288,0.0546377939842906,0.10526315789473685,0.2413793103448276,0.009709167220845426,0.16666666666666666,0.25,0.14294514516450865,0.16666666666666666,0.12212261491397502,0.3045998504113687
0.0,0.0,0.0,0.0,0.0,0.0,0.0,0.0,0.001869158865899204,0.004894760952364463,0.04303112681833532,0.0038167938931297713,0.027173654243754158,0.004045193846561154,0.002871606619497321,0.0016260387990743904,0.009214597788330232,0.013157894736842105,0.034482758620689655,0.0013902755758260518,0.0,0.0,0.054086904875114784,0.05555555555555555,0.024831620462893694,0.2030665669409125
0.5555555555555556,0.11111109829629594,0.057489512640971296,1.0,0.0,0.0,0.01949465218925338,0.11507936511111111,0.05046728970825051,0.10370223122642064,0.1386875278190392,0.06870229007633588,0.11410744093052469,0.08322265275090981,0.061300413471880956,0.04045648404418433,0.08012669410171902,0.13157894736842102,0.29064039408866993,0.046145015042811294,0.16666666666666666,0.25,0.1813322926744269,0.16666666666666666,0.09886104815389599,0.5426327599102467
0.7758246522222223,0.33333341022222424,0.29311721128025275,1.0,0.166666667,0.4,0.08481883756798714,0.3558201057777778,0.18504672899291316,0.33038107596319277,0.32593115808014644,0.23664122137404578,0.2913465418960055,0.1720611311298822,0.1709839446598972,0.1595153571523037,0.16463747124967232,0.30263157894736836,0.44827586206896547,0.11964690678531326,0.4,0.5,0.36004205412828544,0.33333333333333326,0.3113085036899751,0.7363500373971579
0.5555555555555556,0.11111109829629594,0.057489512640971296,1.0,0.0,0.0,0.02154672084075374,0.11507936511111111,0.05794392524234132,0.11115013688650607,0.14749646465950111,0.08396946564885496,0.12844220776074972,0.09907866231554165,0.0796056721631783,0.052967279572556245,0.09456472974461892,0.15789473684210525,0.31034482758620685,0.052640573372335644,0.16666666666666666,0.25,0.19968354143746966,0.16666666666666666,0.10498600209898734,0.6331338818249814
0.7758246522222223,0.33333341022222424,0.29311721128025275,1.0,0.166666667,0.0,0.11595165059652307,0.3558201057777778,0.2000000000140988,0.36473664526858995,0.3255420777054974,0.282442748091603,0.3037473134768252,0.2293722346828173,0.21686057412396262,0.20309788032631945,0.19165582382641597,0.3421052631578947,0.5172413793103449,0.18175743963108648,0.4,0.5,0.38523805861288035,0.38888888888888884,0.28663039958913444,0.824607329842932
0.5555555555555556,0.11111109829629594,0.057489512640971296,1.0,0.0,0.0,0.018879031593803275,0.1111111111111111,0.03925233644236128,0.08410648916376717,0.13993824028945923,0.04580152671755725,0.1085391894962271,0.06969112109828461,0.037074316389867475,0.034379811942190426,0.06457622505942355,0.09210526315789473,0.23152709359605914,0.044033840867119894,0.16666666666666666,0.25,0.1832205416985962,0.16666666666666666,0.09767443645539095,0.6415482423335825
0.5555555555555556,0.11111109829629594,0.057489512640971296,1.0,0.0,0.0,0.01778459498240584,0.1111111111111111,0.03177570093176847,0.06690378358763707,0.1444022287480985,0.03053435114503817,0.10570975494967068,0.037318972556895806,0.01755528582847331,0.017222149512120432,0.04327327053569275,0.06578947368421052,0.19211822660098524,0.02329141994782039,0.16666666666666666,0.25,0.1678629666221667,0.16666666666666666,0.11382645114830242,0.3578908002991773
0.7407407411111111,0.22222219659259185,0.175303361960612,1.0,0.0,0.0,0.07051298756383687,0.24074074077777774,0.10841121495059182,0.16764566031495579,0.23889328460053288,0.1297709923664122,0.2055211240155548,0.0826743646000367,0.0921578495514965,0.09562915454597502,0.1439722563632189,0.19736842105263158,0.3694581280788177,0.03785702199376827,0.2833333333333333,0.25,0.272898554697893,0.2777777777777778,0.20898601047260712,0.7221391174270755
0.0,0.0,0.0,0.0,0.0,0.0,0.0,0.018518518555555558,0.0037383177552964067,0.012887573699150057,0.05195220745244407,0.007633587786259542,0.03956247506083925,0.013965316223633265,0.00954241787303749,0.0058537396761374014,0.01300729153910845,0.02631578947368421,0.04433497536945813,0.008523923727098691,0.0,0.0,0.08743672986766637,0.05555555555555555,0.007559983029463979,0.2926327599102468
0.888888888888889,0.44444450851852013,0.4109310605998934,1.0,0.0,0.0,0.2942471011337279,0.46825396822222215,0.2897196262587026,0.4263882759927702,0.4457985081635134,0.3740458015267175,0.43059185372871184,0.3594022677825221,0.30094634733611614,0.3293855943502284,0.3655152309514073,0.42105263157894735,0.6059113300492611,0.326127406959768,0.4666666666666667,0.5,0.5184184661427457,0.5,0.36062040148715485,0.9425953627524308
0.5555555555555556,0.11111109829629594,0.057489512640971296,1.0,0.0,0.0,0.018468617863503206,0.12962962966666663,0.03551401868706487,0.07442406926118647,0.13263762446800897,0.03816793893129771,0.09611291839152954,0.04274733617605106,0.023683353562864502,0.021869016419711885,0.045019782217781516,0.07894736842105263,0.21182266009852216,0.02461585253324989,0.16666666666666666,0.25,0.15138571887431676,0.16666666666666666,0.1149380491698952,0.3047868362004488
0.7407407411111111,0.22222219659259185,0.175303361960612,1.0,0.0,0.0,0.0656661968480114,0.2222222222222222,0.091588785040009,0.16798728317873138,0.23899676799346153,0.10687022900763359,0.19466407797358723,0.10321527132780214,0.06729032831048877,0.08169395361388461,0.12123449997040586,0.17105263157894735,0.33004926108374383,0.08164048243806878,0.2833333333333333,0.25,0.2910877531608755,0.2777777777777778,0.18398412640816375,0.7152206432311146
0.5555555555555556,0.11111109829629594,0.057489512640971296,1.0,0.0,0.0,0.02071612162623374,0.11640211644444445,0.05046728970825051,0.09871365656089254,0.15767741778344074,0.06870229007633588,0.13903400695793702,0.10181833871143706,0.06656009157563378,0.058329049084715645,0.08679108554684625,0.13157894736842102,0.29064039408866993,0.05762821917862543,0.16666666666666666,0.25,0.2232757816020553,0.16666666666666666,0.09042741746402136,0.46353777112939415
0.7033942744444445,0.33333341022222424,0.29311721128025275,1.0,0.333333333,0.0,0.07882549420617788,0.38677248677777776,0.2000000000140988,0.4085822373533229,0.35415405917097076,0.29770992366412213,0.343550492555478,0.25714013456053086,0.23709997335622726,0.2606751154448288,0.13658999056036178,0.35526315789473684,0.5270935960591133,0.20323789217206728,0.4,0.75,0.4365731912789428,0.38888888888888884,0.2599625140955933,0.8464846671652955
0.7407407411111111,0.22222219659259185,0.175303361960612,1.0,0.0,0.0,0.07387447145401282,0.22751322755555553,0.10841121495059182,0.18855573611754853,0.26549471185496804,0.1412213740458015,0.24235392486043592,0.15108164519775144,0.11457809092434156,0.12286613819534575,0.15937745831743813,0.21052631578947367,0.38916256157635465,0.10650931274333365,0.2333333333333333,0.5,0.32790515186211383,0.2777777777777778,0.17611013263813685,0.7672026925953628
0.5555555555555556,0.11111109829629594,0.057489512640971296,1.0,0.0,0.0,0.02024707736420627,0.1111111111111111,0.04299065419765769,0.08215184054173486,0.14351008797769071,0.05343511450381679,0.11320920578293288,0.04148871042505436,0.033166563051994835,0.027945688530545843,0.06499791731771618,0.10526315789473685,0.25123152709359603,0.016819312905138203,0.16666666666666666,0.25,0.17241157052124992,0.16666666666666666,0.09230799289917044,0.4771877337322364
0.7407407411111111,0.22222219659259185,0.175303361960612,1.0,0.0,0.0,0.060194013774607695,0.2222222222222222,0.091588785040009,0.14784131405991094,0.24336046958866292,0.09541984732824427,0.19158045798060022,0.06710603175014725,0.05177773172681252,0.05255671532008356,0.10968513742938295,0.15789473684210525,0.32019704433497537,0.03832456983994621,0.2333333333333333,0.25,0.26459744931410517,0.2777777777777778,0.20771950048567,0.43997756170531044
0.7552083333333334,0.33333341022222424,0.29311721128025275,1.0,0.166666667,0.0,0.10561313329124591,0.3888888888888889,0.17009345794822953,0.3055934969741839,0.3309804070862408,0.20610687022900762,0.28209167547573955,0.13236695018926872,0.1269723792889073,0.1580682783708072,0.1343133404079377,0.2763157894736842,0.44827586206896547,0.0933821567107087,0.4,0.5,0.36493457799225093,0.38888888888888884,0.2817925407795282,0.7152206432311146
0.7552083333333334,0.33333341022222424,0.29311721128025275,1.0,0.166666667,0.0,0.09453196257314397,0.3888888888888889,0.16261682243763673,0.29964268273389305,0.3259735108082218,0.19083969465648853,0.26714102612695945,0.12175634232914091,0.10598300719381865,0.11464523948850135,0.1155036956670799,0.2631578947368421,0.42857142857142855,0.09115053444579785,0.4,0.5,0.3381535300229783,0.38888888888888884,0.2900796331238068,0.5906881077038146
0.5555555555555556,0.11111109829629594,0.057489512640971296,1.0,0.0,0.0,0.02024707736420627,0.12222222222222223,0.04299065419765769,0.0872126732962264,0.1456645931505423,0.05343511450381679,0.11449427605780438,0.05932080049236704,0.03783415731667605,0.03366490935235593,0.06061204094670056,0.10526315789473685,0.25123152709359603,0.032874138679021184,0.16666666666666666,0.25,0.1804125233472299,0.16666666666666666,0.09477821072493217,0.5235602094240839
0.5555555555555556,0.11111109829629594,0.057489512640971296,1.0,0.0,0.0,0.018879031593803275,0.12222222222222223,0.03925233644236128,0.0793152401078514,0.15122995702225406,0.04580152671755725,0.11444133641858689,0.05188320049408577,0.029081184562400702,0.02437117552538627,0.05159991722454288,0.09210526315789473,0.23152709359605914,0.03052420265645277,0.16666666666666666,0.25,0.17347242625140172,0.16666666666666666,0.10926422398874586,0.4979431563201197
0.7407407411111111,0.22222219659259185,0.175303361960612,1.0,0.0,0.0,0.06722967772143629,0.2222222222222222,0.10280373832939622,0.1607428837156253,0.2620730567567113,0.11832061068702289,0.23050236213579783,0.07926804025532161,0.0843028706198131,0.08528332355674227,0.14512395218922813,0.18421052631578944,0.3694581280788177,0.03716007980645196,0.2833333333333333,0.25,0.306527962398002,0.2777777777777778,0.1877676069311242,0.7298055347793568
0.5555555555555556,0.11111109829629594,0.057489512640971296,1.0,0.0,0.0,0.0198366636339062,0.1111111111111111,0.03925233644236128,0.07586776106150608,0.14736754088877574,0.04580152671755725,0.11042213211312339,0.029850469832497485,0.022765623612303502,0.02437117552538627,0.05300926192292857,0.09210526315789473,0.23152709359605914,0.008175036259912248,0.16666666666666666,0.25,0.16562291921442215,0.16666666666666666,0.10493890048790291,0.35751682872101725
0.888888888888889,0.44444450851852013,0.4109310605998934,1.0,0.0,0.0,0.2560981677072445,0.4444444444444445,0.2803738316942266,0.34190494782935377,0.44757040482653243,0.29770992366412213,0.38566228678413056,0.12429128093632537,0.16090865133169524,0.17160522124380473,0.2977529992862032,0.3684210526315789,0.5665024630541873,0.04566641571031039,0.4666666666666667,0.5,0.4288000594879996,0.5,0.40594192057342554,0.5562827225130891
0.7407407411111111,0.22222219659259185,0.175303361960612,1.0,0.0,0.0,0.06894950669041197,0.24074074077777774,0.10280373832939622,0.16180946730630139,0.23872318349333677,0.11832061068702289,0.1894359705499408,0.07162793556138863,0.06450753426685218,0.06902558914088128,0.11563137596769633,0.18421052631578944,0.35960591133004927,0.03388919914284559,0.2833333333333333,0.25,0.25001746182247075,0.2777777777777778,0.2074128166623868,0.5329094988780854
0.0,0.0,0.0,0.0,0.0,0.0,0.0,0.0,0.0056074766211956124,0.015044702487322342,0.05921340902483041,0.011450381679389315,0.04537753512863456,0.010675977375508192,0.010627904911335447,0.005311726741933929,0.0184024386519938,0.039473684210526314,0.054187192118226604,0.004570828089177925,0.0,0.0,0.09334394894620582,0.05555555555555555,0.007065939464311638,0.3100224382946897
0.8333333333333334,0.33333341022222424,0.29311721128025275,1.0,0.0,0.0,0.1280490838536222,0.3518518518888889,0.16261682243763673,0.23104616613909587,0.3305650493437173,0.16030534351145037,0.26655920557703455,0.07043105997268297,0.08632582373664112,0.09780005557078297,0.1611075188554488,0.23684210526315785,0.4187192118226601,0.014467625460600014,0.35,0.25,0.33008520844840183,0.38888888888888884,0.30819840175511076,0.6142483171278983
0.7407407411111111,0.22222219659259185,0.175303361960612,1.0,0.0,0.0,0.06894950669041197,0.24074074077777774,0.10280373832939622,0.164223879101234,0.23670642937487352,0.11832061068702289,0.18972537028807518,0.06797645420895754,0.06836594728480219,0.07831572310543052,0.1215378450943372,0.18421052631578944,0.3694581280788177,0.026197717787897794,0.2833333333333333,0.25,0.24896275554019254,0.2777777777777778,0.2011252749338484,0.5009349289454001
0.7407407411111111,0.22222219659259185,0.175303361960612,1.0,0.0,0.30000000000000004,0.05800514055181282,0.2222222222222222,0.09719626168470259,0.15294478230451244,0.23522507540356047,0.10687022900763359,0.18102336819481057,0.04847821510452134,0.05386976129153222,0.05255671532008356,0.11461119200820244,0.17105263157894735,0.31034482758620685,0.008476127982984515,0.2833333333333333,0.25,0.23597293195973126,0.22222222222222224,0.23119947916085165,0.46148092744951386
0.7407407411111111,0.22222219659259185,0.175303361960612,1.0,0.0,0.0,0.07113837992141508,0.2222222222222222,0.10280373832939622,0.15857128635004078,0.2288626203848108,0.11832061068702289,0.17424618653474896,0.052525928333271944,0.05595192279226739,0.06438052217334009,0.12471888293152936,0.18421052631578944,0.3694581280788177,0.008767593732064186,0.2333333333333333,0.5,0.22119554193627872,0.2777777777777778,0.21333017461788378,0.38893044128646226
0.5555555555555556,0.11111109829629594,0.057489512640971296,1.0,0.0,0.0,0.02093110024530363,0.12962962966666663,0.0467289719529541,0.08999011908247873,0.15668843545829048,0.06106870229007634,0.1306840994074794,0.0386056104031265,0.04929097960271175,0.04599697921853579,0.07282946444365447,0.11842105263157894,0.270935960591133,0.006500165055430574,0.16666666666666666,0.25,0.20190854589245874,0.16666666666666666,0.09260560530105955,0.5157068062827226
0.5555555555555556,0.11111109829629594,0.057489512640971296,1.0,0.0,0.0,0.01778459498240584,0.1111111111111111,0.03177570093176847,0.06578596381837282,0.13393564516283535,0.03053435114503817,0.08895502609061706,0.02262780594942501,0.012266003532766908,0.013647636506960856,0.03725867758521959,0.06578947368421052,0.19211822660098524,0.007254024006317804,0.16666666666666666,0.25,0.13493153304185315,0.16666666666666666,0.1229439274509585,0.4100598354525056
0.5555555555555556,0.11111109829629594,0.057489512640971296,1.0,0.0,0.0,0.019152640744600567,0.1111111111111111,0.03551401868706487,0.07249355646118266,0.13094366626074588,0.03816793893129771,0.0882442113821248,0.02425423550131965,0.01693359779744812,0.018651954715362937,0.045133969754074084,0.07894736842105263,0.21182266009852216,0.005084289654005069,0.16666666666666666,0.25,0.13670097848385407,0.16666666666666666,0.11394961313876761,0.262341062079282
0.0,0.0,0.0,0.0,0.0,0.0,0.0,0.0,0.001869158865899204,0.005194183646173051,0.051924749027185996,0.0038167938931297713,0.03499314115488639,0.004028902197468738,0.003661051738259471,0.0022764543186452133,0.010527146483139314,0.013157894736842105,0.034482758620689655,0.0008455023793293405,0.0,0.0,0.07167077645040965,0.05555555555555555,0.016722118637444605,0.175018698578908
0.7407407411111111,0.22222219659259185,0.175303361960612,1.0,0.0,0.0,0.05472183070941226,0.2222222222222222,0.08037383177411976,0.13749907527696006,0.20679105708623502,0.07251908396946564,0.13411346624064527,0.03463577235905212,0.02640693922259392,0.03334302917617498,0.07943595296061606,0.13157894736842102,0.29064039408866993,0.004387045178651367,0.2333333333333333,0.25,0.18133988869567197,0.2777777777777778,0.23556597295879061,0.2017576664173523
0.7407407411111111,0.22222219659259185,0.175303361960612,1.0,0.0,0.0,0.05472183070941226,0.2222222222222222,0.08037383177411976,0.1357988099676347,0.21683066241627064,0.07251908396946564,0.14780679740508762,0.034539365279726446,0.02807464203597896,0.03482100504019876,0.07917237724835725,0.13157894736842102,0.29064039408866993,0.0033724881288235468,0.2333333333333333,0.25,0.19591839737831648,0.2777777777777778,0.22581384605937455,0.4366118175018699
0.7758246522222223,0.33333341022222424,0.29311721128025275,1.0,0.166666667,0.0,0.10328745543149034,0.3743386243333333,0.192523364503506,0.340293883059793,0.35153610409340563,0.25190839694656486,0.32704053074438744,0.09978796511196722,0.20503863347049944,0.19873962800891787,0.17961181410551438,0.3157894736842105,0.5073891625615764,0.015586824837991002,0.4,0.5,0.4081503856198218,0.38888888888888884,0.2765471658088358,0.692782348541511
0.7407407411111111,0.22222219659259185,0.175303361960612,1.0,0.0,0.0,0.06347732361700825,0.24074074077777774,0.091588785040009,0.15210123339857443,0.22241709113918817,0.09541984732824427,0.1652316400782115,0.06386032241936336,0.04940939637052607,0.05445696999398075,0.09415871018402444,0.15789473684210525,0.33004926108374383,0.033200876101528706,0.2833333333333333,0.25,0.23202802614298443,0.2777777777777778,0.19868994719037147,0.5117801047120418
0.5555555555555556,0.11111109829629594,0.057489512640971296,1.0,0.0,0.0,0.018468617863503206,0.12962962966666663,0.03551401868706487,0.0727981491372777,0.1346226363172286,0.03816793893129771,0.09222344433060635,0.02941189762925432,0.016844785221587374,0.015434893008067298,0.03531370281776339,0.07894736842105263,0.21182266009852216,0.012333674069579055,0.16666666666666666,0.25,0.1353577332304171,0.16666666666666666,0.11716333861801781,0.22251308900523564
0.5555555555555556,0.11111109829629594,0.057489512640971296,1.0,0.0,0.0,0.01778459498240584,0.1111111111111111,0.03177570093176847,0.06548760463041103,0.1469046029644544,0.03053435114503817,0.09756578532672598,0.025874225572434177,0.011081835854623683,0.011860380002907725,0.03301623128537795,0.06578947368421052,0.19211822660098524,0.012709602964772053,0.16666666666666666,0.25,0.14530008918069348,0.16666666666666666,0.12040497616309576,0.32442034405385195
0.7407407411111111,0.22222219659259185,0.175303361960612,1.0,0.0,0.0,0.0656661968480114,0.2222222222222222,0.091588785040009,0.16519740562528926,0.21991453098226732,0.10687022900763359,0.16241911339325965,0.05172894295319574,0.05513287348155166,0.0648028009832135,0.10938336374125097,0.17105263157894735,0.32019704433497537,0.01547664615466255,0.2833333333333333,0.25,0.22241367659129985,0.2777777777777778,0.20268416381033189,0.41062079281974573
0.5555555555555556,0.11111109829629594,0.057489512640971296,1.0,0.0,0.0,0.02024707736420627,0.12222222222222223,0.03925233644236128,0.0960512255810047,0.13050306026184033,0.05343511450381679,0.09307256708978273,0.029901655150085006,0.03197252730986708,0.03223510414322005,0.053571404924363776,0.10526315789473685,0.23152709359605914,0.00546298107843675,0.16666666666666666,0.25,0.1506427523771618,0.16666666666666666,0.0988268558732569,0.28347045624532535
0.888888888888889,0.44444450851852013,0.4109310605998934,1.0,0.0,0.5,0.24150567950055682,0.462962963,0.2710280373647306,0.3827369825828737,0.4154598007155365,0.31679389312977096,0.34722117745685344,0.11600578093782228,0.18507554002980156,0.1648500982294318,0.2751330905504711,0.381578947368421,0.5270935960591133,0.031009729451672477,0.4666666666666667,0.5,0.3848816826036117,0.4444444444444444,0.416540829769893,0.631077038145101
0.8388888888888889,0.44444450851852013,0.4109310605998934,1.0,0.1,0.0,0.1885557937947066,0.49999999999999994,0.25233644870573857,0.44166149227235163,0.3982807060773301,0.31679389312977096,0.32582196147705395,0.1086596881794576,0.17812842298469464,0.18824259165365412,0.2048744371019405,0.381578947368421,0.5172413793103449,0.028978319606174516,0.4666666666666667,0.5,0.39599752847254593,0.5,0.39247155760492153,0.4667165295437547
0.8845593277777778,0.5555556068148161,0.5287447563204857,1.0,0.066666667,0.0,0.2778435809160072,0.6296296296666666,0.3607476635858364,0.5297755240308385,0.492743865694312,0.4045801526717557,0.4050473465761704,0.13296561470644758,0.22884040380117826,0.20409894372573473,0.28048348477204965,0.4736842105263157,0.6157635467980296,0.02756413332046419,0.5333333333333333,0.5,0.4505695288923138,0.611111111111111,0.5214703099355789,0.48111443530291703
0.0,0.0,0.0,0.0,0.0,0.0,0.0,0.0,0.0056074766211956124,0.016366151598183,0.05273423741371998,0.011450381679389315,0.03890378145068539,0.008542626578777598,0.012522573196364606,0.006937765541597658,0.019284926619294807,0.039473684210526314,0.054187192118226604,0.0017182675108058626,0.0,0.0,0.08267245792954192,0.05555555555555555,0.00634022575278842,0.20830216903515333
0.7637152777777778,0.33333341022222424,0.29311721128025275,1.0,0.166666667,0.0,0.116127542183497,0.38148148144444444,0.18504672899291316,0.32310831035979204,0.33017711860713195,0.23664122137404578,0.28097810157642245,0.09605667702202392,0.1489189535904951,0.1786876864738226,0.14859974848304117,0.30263157894736836,0.47783251231527096,0.025569250859063575,0.4,0.5,0.33650540848481586,0.38888888888888884,0.29119192894704526,0.49439042632759916
0.6846257711111112,0.33333341022222424,0.29311721128025275,1.0,0.333333333,0.0,0.07262368675527289,0.4074074074444444,0.17757009348232036,0.40496568039920655,0.31886740323970536,0.26717557251908397,0.2704299542046781,0.09187706038128889,0.1690103318629918,0.198083099923464,0.10592052020297779,0.3289473684210526,0.46798029556650245,0.01931041898170919,0.4,0.5,0.3448662538566553,0.38888888888888884,0.2807381624928824,0.4261406133133882
0.5555555555555556,0.11111109829629594,0.057489512640971296,1.0,0.0,0.0,0.018879031593803275,0.12222222222222223,0.03925233644236128,0.08180411160485085,0.1320200427117118,0.04580152671755725,0.09120385705939439,0.028012533542087673,0.02612076536704264,0.021869016419711885,0.048321210145127455,0.09210526315789473,0.23152709359605914,0.004801705284941401,0.16666666666666666,0.25,0.14058895173269492,0.16666666666666666,0.10854339488874254,0.28403141361256545
0.8333333333333334,0.33333341022222424,0.29311721128025275,1.0,0.0,0.4,0.12066163670822092,0.3518518518888889,0.16261682243763673,0.23005339550158152,0.3063161843529971,0.16030534351145037,0.227791384798171,0.0628174164929736,0.07720773261493828,0.0888500127551024,0.1532322266865943,0.23684210526315785,0.3793103448275862,0.007147345428192436,0.35,0.5,0.26672989808950026,0.33333333333333326,0.3556904328603169,0.22718773373223639
0.6267146777777779,0.22222219659259185,0.175303361960612,1.0,0.333333333,0.0,0.04674807823032042,0.26666666666666666,0.10841121495059182,0.23661831103066008,0.2280326105467831,0.15267175572519082,0.18575415327132397,0.062306428428733004,0.10289430316666173,0.10605550719785677,0.06970550837791353,0.22368421052631576,0.38916256157635465,0.007736780569602519,0.33333333333333337,0.5,0.2500464753899914,0.2777777777777778,0.19280468811057644,0.3094614809274495
0.5555555555555556,0.11111109829629594,0.057489512640971296,1.0,0.0,0.0,0.01778459498240584,0.1111111111111111,0.03177570093176847,0.06855443181299209,0.13628073786956124,0.03053435114503817,0.09092615794133098,0.02374266592765748,0.015029061448434433,0.015434893008067298,0.03653054644696904,0.06578947368421052,0.19211822660098524,0.00766575879972048,0.16666666666666666,0.25,0.1458633037252553,0.16666666666666666,0.111841205466299,0.2845923709798055
0.7407407411111111,0.22222219659259185,0.175303361960612,1.0,0.0,0.0,0.06676063345940883,0.2222222222222222,0.09719626168470259,0.15103223371574157,0.21304264568696418,0.10687022900763359,0.15075643956154114,0.04098608431189302,0.045659532056405855,0.050023042401909384,0.10870472288156158,0.17105263157894735,0.29064039408866993,0.0017402643574137412,0.2833333333333333,0.25,0.18555436789259813,0.22222222222222224,0.25663679145220897,0.1918474195961107
0.7407407411111111,0.22222219659259185,0.175303361960612,1.0,0.0,0.0,0.06347732361700825,0.2222222222222222,0.091588785040009,0.1456228285752482,0.2025590369509136,0.09541984732824427,0.13834453457424106,0.03936575273739307,0.03727167766955801,0.044955696624494806,0.09401779787000783,0.15789473684210525,0.32019704433497537,0.0017764666877268195,0.2333333333333333,0.25,0.17021359244222792,0.2777777777777778,0.24442770495829935,0.20923709798055348
0.0,0.0,0.0,0.0,0.0,0.0,0.0,0.0,0.0037383177552964067,0.009817769868023851,0.0487890246765391,0.007633587786259542,0.032881935015106334,0.005129447794880226,0.006039255158530448,0.003685687945216889,0.013064385304629632,0.02631578947368421,0.04433497536945813,0.0005091923881903033,0.0,0.0,0.06662197397310539,0.05555555555555555,0.016987981064454538,0.22700074794315633
0.8388888888888889,0.44444450851852013,0.4109310605998934,1.0,0.1,0.0,0.14915607568589975,0.4814814814444444,0.2429906541412625,0.38678220490301685,0.4130063757392101,0.2595419847328244,0.3325712322350103,0.11742352747406334,0.12471259263645065,0.16402553945573642,0.17655416151584463,0.3421052631578947,0.5073891625615764,0.06946730209113867,0.41666666666666663,0.25,0.3897276914777237,0.5,0.4342063762323178,0.4051982049364249
0.7637152777777778,0.33333341022222424,0.29311721128025275,1.0,0.166666667,0.0,0.09765892431999379,0.36296296299999997,0.16261682243763673,0.31419595889173846,0.32293938572145464,0.20610687022900762,0.2610618327737451,0.09398354181729636,0.09926285562035585,0.11833351754195501,0.1205864233821335,0.2763157894736842,0.4187192118226601,0.05349602746412596,0.4,0.5,0.3328189525773126,0.38888888888888884,0.3171518946710284,0.45643231114435306
0.7407407411111111,0.22222219659259185,0.175303361960612,1.0,0.0,0.0,0.07442168978844049,0.24074074077777774,0.10280373832939622,0.17928591595821305,0.25550693964646676,0.1297709923664122,0.2213897526216011,0.07415309326033112,0.08594096924124456,0.10069650035285649,0.13736715337265953,0.19736842105263158,0.3399014778325123,0.032173492008293045,0.2833333333333333,0.5,0.29320937463007796,0.2777777777777778,0.2121554255473556,0.5925579655946149
0.5555555555555556,0.11111109829629594,0.057489512640971296,1.0,0.0,0.0,0.018879031593803275,0.12222222222222223,0.03925233644236128,0.0783199118446643,0.13473457150719448,0.04580152671755725,0.09687742835502144,0.029801231659434192,0.02355506873106565,0.02437117552538627,0.04676250181543611,0.09210526315789473,0.23152709359605914,0.008112635176568886,0.16666666666666666,0.25,0.14663566475785542,0.16666666666666666,0.11708064912300292,0.3672400897531788
0.5555555555555556,0.11111109829629594,0.057489512640971296,1.0,0.0,0.0,0.018468617863503206,0.12962962966666663,0.03551401868706487,0.07338265902733412,0.13461512349429078,0.03816793893129771,0.0932189137797817,0.026339853252718003,0.018176973859498503,0.017579600812931057,0.03930383155551718,0.07894736842105263,0.21182266009852216,0.0073315838248274355,0.16666666666666666,0.25,0.14102861134963315,0.16666666666666666,0.11844834034856588,0.3036649214659686
0.7407407411111111,0.22222219659259185,0.175303361960612,1.0,0.0,0.0,0.06347732361700825,0.24074074077777774,0.08598130841881338,0.16193589089930752,0.22426748047416234,0.09541984732824427,0.1637433525660928,0.04653251402245957,0.042896474140738335,0.05255671532008356,0.088146577317319,0.15789473684210525,0.2610837438423645,0.01608898363742446,0.2833333333333333,0.25,0.22799524636652108,0.22222222222222224,0.24176768508490853,0.4081899775617054
0.888888888888889,0.44444450851852013,0.4109310605998934,1.0,0.0,0.5,0.24150567950055682,0.4444444444444445,0.2897196262587026,0.34796869099967254,0.465107795601864,0.31679389312977096,0.4294908352581526,0.12370330081274124,0.22170579354036532,0.2053808362862025,0.35069424006358596,0.381578947368421,0.4975369458128079,0.027733010828947552,0.5166666666666666,0.5,0.4710875719710128,0.38888888888888884,0.458443469693079,0.6909124906507105
0.5555555555555556,0.11111109829629594,0.057489512640971296,1.0,0.0,0.0,0.018468617863503206,0.1111111111111111,0.03551401868706487,0.07135565488131934,0.13486334384709964,0.03816793893129771,0.09746785712510136,0.025196335070286638,0.020752538559460017,0.021869016419711885,0.04937025810045917,0.07894736842105263,0.21182266009852216,0.004748313104030724,0.16666666666666666,0.25,0.15067414192801368,0.16666666666666666,0.11535219444661537,0.38687359760658196
0.9259259255555556,0.5555556068148161,0.5287447563204857,1.0,0.0,0.6000000000000001,0.404632108300553,0.5555555555555556,0.4280373831341757,0.4732276675390521,0.5522152031267115,0.47328244274809156,0.5328220057015415,0.18151106968559327,0.3310636786168922,0.3226131171421162,0.49236164050596276,0.513157894736842,0.6847290640394089,0.05704713957982995,0.5833333333333334,0.5,0.5613802570980594,0.5555555555555555,0.5155878420623667,0.817875841436051
0.8333333333333334,0.33333341022222424,0.29311721128025275,1.0,0.0,0.0,0.16287562037277603,0.3333333333333333,0.192523364503506,0.25549568517886057,0.32170248435992355,0.2213740458015267,0.2735385627043995,0.08811470036513588,0.125393489051383,0.14392719937433712,0.23300415025327853,0.28947368421052627,0.5073891625615764,0.015151739406311279,0.4,0.5,0.33680455065746245,0.38888888888888884,0.29178785155246917,0.6086387434554974
0.9259259255555556,0.5555556068148161,0.5287447563204857,1.0,0.0,0.0,0.3879386926727658,0.5555555555555556,0.3943925233600061,0.47137526555264053,0.545088715751176,0.42748091603053434,0.5084240073230937,0.16743093293940292,0.2836772353631941,0.2837017661144474,0.44206816798427434,0.48684210526315785,0.6748768472906405,0.05868772351547214,0.5833333333333334,0.5,0.5612138434048524,0.611111111111111,0.48872352540556235,0.843679880329095
0.5555555555555556,0.11111109829629594,0.057489512640971296,1.0,0.0,0.0,0.02161512312640099,0.1111111111111111,0.05420560748704491,0.10528759581027586,0.14803964598148478,0.07633587786259542,0.12665857163796523,0.045637887019236864,0.06567196581702636,0.05439708478169213,0.09518653729832503,0.14473684210526316,0.3004926108374384,0.008420847956793868,0.16666666666666666,0.25,0.20268853654186236,0.16666666666666666,0.09362928031529469,0.6624906507105461
0.0,0.0,0.0,0.0,0.0,0.0,0.0,0.0,0.007476635510592815,0.021380703851621746,0.058128341783968016,0.015267175572519085,0.04885946226213386,0.011451636656318086,0.019528898625378686,0.011057063833882658,0.025621456473443743,0.05263157894736842,0.06403940886699508,0.0025864206100742527,0.0,0.0,0.10789858196557436,0.05555555555555555,0.004634100729063173,0.2567314884068811
0.7407407411111111,0.22222219659259185,0.175303361960612,1.0,0.0,0.0,0.05800514055181282,0.2222222222222222,0.08598130841881338,0.14415044451491923,0.22951946238399756,0.08396946564885496,0.17145470817248462,0.0410966923917047,0.04177151484650227,0.050023042401909384,0.09930857106343023,0.14473684210526316,0.31034482758620685,0.004664862948067624,0.2333333333333333,0.25,0.23250105848966512,0.2777777777777778,0.20603535621378416,0.48111443530291703
0.7407407411111111,0.22222219659259185,0.175303361960612,1.0,0.0,0.0,0.06676063345940883,0.2222222222222222,0.09719626168470259,0.1539428960937074,0.23222609977949188,0.10687022900763359,0.17996176365827835,0.04808225498527307,0.054817095434046795,0.06691419506204739,0.12078123684710211,0.17105263157894735,0.34975369458128075,0.004973184935409173,0.2833333333333333,0.25,0.23580008675699055,0.2777777777777778,0.20921802951980084,0.5807778608825729
0.888888888888889,0.44444450851852013,0.4109310605998934,1.0,0.0,0.0,0.2292062965858368,0.4444444444444445,0.25233644870573857,0.3483148346565965,0.41760751467966506,0.2595419847328244,0.35518910303763185,0.10912330282898115,0.1587672814470529,0.15133985220068596,0.28253203910974894,0.3421052631578947,0.5270935960591133,0.03256157490240746,0.41666666666666663,0.5,0.43678609964684806,0.5,0.3852025578617125,0.6896035901271504
0.5555555555555556,0.11111109829629594,0.057489512640971296,1.0,0.0,0.0,0.02120470939610092,0.1111111111111111,0.05046728970825051,0.09320141538134963,0.14737040519758948,0.06870229007633588,0.12315618840587575,0.039977457885288024,0.05116591175977185,0.04581825355634372,0.08188533320872834,0.13157894736842102,0.29064039408866993,0.006682564048186841,0.16666666666666666,0.25,0.1919078590032279,0.16666666666666666,0.09571500943427824,0.38462976813762156
0.7407407411111111,0.22222219659259185,0.175303361960612,1.0,0.0,0.0,0.07270186079484,0.2222222222222222,0.10841121495059182,0.18426779610586694,0.2288361993121783,0.1412213740458015,0.1905432748401357,0.0627994744334045,0.087204081431264,0.08169395361388461,0.15031358248030643,0.21052631578947367,0.38916256157635465,0.01306401617511998,0.2833333333333333,0.25,0.25793041661518257,0.2777777777777778,0.20219046914600242,0.649588631264024
0.7407407411111111,0.22222219659259185,0.175303361960612,1.0,0.0,0.0,0.08364622693343915,0.23333333333333334,0.12523364486117464,0.2057628993022216,0.24914151215403174,0.17557251908396945,0.23293368469841416,0.08144512884080138,0.1456230202196631,0.14123526669004066,0.18830085905913377,0.25,0.44827586206896547,0.016056001718852915,0.33333333333333337,0.5,0.3083285107289032,0.2777777777777778,0.17447239217568972,0.7700074794315632
0.5555555555555556,0.11111109829629594,0.057489512640971296,1.0,0.0,0.0,0.019152640744600567,0.1111111111111111,0.04299065419765769,0.08250342678983558,0.14095873619241034,0.05343511450381679,0.1088332951078669,0.03243044847499535,0.03273236823667565,0.026515883330250026,0.0636853686229071,0.10526315789473685,0.25123152709359603,0.006833790913662259,0.16666666666666666,0.25,0.16244895859826697,0.16666666666666666,0.11345905858184374,0.4396035901271504
0.5555555555555556,0.11111109829629594,0.057489512640971296,1.0,0.0,0.0,0.01778459498240584,0.1111111111111111,0.03177570093176847,0.06633273855485552,0.13864118792776897,0.03053435114503817,0.0970550525234349,0.026680533835987966,0.014318560841548497,0.014541264758987421,0.038571226280028674,0.06578947368421052,0.19211822660098524,0.012100790064670386,0.16666666666666666,0.25,0.1555515118278132,0.16666666666666666,0.11757573939062377,0.3491024682124159
0.888888888888889,0.44444450851852013,0.4109310605998934,1.0,0.0,0.0,0.3084037097664813,0.4444444444444445,0.3271028038116667,0.39448867199051874,0.4720184368857268,0.41221374045801523,0.4540591273978926,0.13554986448758524,0.29847933133998444,0.3081552078262379,0.42660508273761794,0.4473684210526315,0.6059113300492611,0.014109401640802212,0.5166666666666666,0.5,0.4787429344562432,0.4444444444444444,0.42546117710764014,0.8823859386686612
0.5555555555555556,0.11111109829629594,0.057489512640971296,0.0,0.0,0.2,0.014774894290802563,0.1111111111111111,0.03551401868706487,0.07190993673327645,0.14424208138444228,0.03816793893129771,0.10411673105178866,0.01575600928235417,0.020663725983599276,0.01650724691049918,0.04793478428519812,0.07894736842105263,0.06896551724137931,0.0027652296328371565,0.11666666666666667,0.0,0.15342358591113914,0.1111111111111111,0.1663538189288466,0.4354899027673897
0.0,0.0,0.0,0.0,0.0,0.0,0.0,0.0,0.0056074766211956124,0.015522305506722012,0.0599259219382095,0.011450381679389315,0.04811195566075645,0.008350115701169114,0.012937031883714735,0.006937765541597658,0.02037126169420742,0.039473684210526314,0.049261083743842374,0.001728859574086713,0.0,0.0,0.10424832192282306,0.05555555555555555,0.013444195406790455,0.35527299925205685
0.5555555555555556,0.11111109829629594,0.057489512640971296,1.0,0.0,0.0,0.01778459498240584,0.1111111111111111,0.03177570093176847,0.06626608969012457,0.13015787576743448,0.03053435114503817,0.08641459597724167,0.01955325967458267,0.013450171210910132,0.014541264758987421,0.04005949211634364,0.06578947368421052,0.19211822660098524,0.0023377554921374956,0.16666666666666666,0.25,0.130144598456696,0.16666666666666666,0.12602332611341233,0.3709798055347794
0.5555555555555556,0.11111109829629594,0.057489512640971296,1.0,0.0,0.0,0.02052068651500356,0.1111111111111111,0.0467289719529541,0.08932001993609381,0.16091628815563103,0.06106870229007634,0.1398491442723999,0.0410339005002813,0.05225139879806981,0.044388448347207836,0.08146010780560807,0.11842105263157894,0.270935960591133,0.00877882563265182,0.16666666666666666,0.25,0.21895160509971284,0.16666666666666666,0.09190850145700985,0.47475691847419604
0.8388888888888889,0.44444450851852013,0.4109310605998934,1.0,0.1,0.0,0.21336302369682586,0.49999999999999994,0.2803738316942266,0.4452744100546542,0.4364474623785089,0.3549618320610687,0.4169119174660537,0.13042477665098634,0.26648706790214827,0.2934137898082112,0.2761309698712256,0.4078947368421052,0.5862068965517242,0.025825439457242465,0.4666666666666667,0.5,0.5095198386517226,0.5,0.35971988846338493,0.7763649962602843
0.5555555555555556,0.11111109829629594,0.057489512640971296,1.0,0.0,0.0,0.01641654921200285,0.1111111111111111,0.028037383176472065,0.06106348497405484,0.12984417446165142,0.022900763358778626,0.0853568539558114,0.019791595053780767,0.009374660785300533,0.00935822089723334,0.029383385416365104,0.05263157894736842,0.1724137931034483,0.007842040824580747,0.16666666666666666,0.25,0.13212710112128548,0.16666666666666666,0.12669775140397693,0.3182498130142109
0.7637152777777778,0.33333341022222424,0.29311721128025275,1.0,0.166666667,0.0,0.10504637146539506,0.38148148144444444,0.17757009348232036,0.3164367915947671,0.33183895287767595,0.2213740458015267,0.29158027022747246,0.08677777667521668,0.148336737815408,0.15627042372096506,0.14704181327078203,0.28947368421052627,0.46798029556650245,0.014730102540046064,0.4,0.5,0.37353609247564235,0.38888888888888884,0.27861091417598,0.6379955123410621
0.5555555555555556,0.11111109829629594,0.057489512640971296,1.0,0.0,0.0,0.0198366636339062,0.12962962966666663,0.03925233644236128,0.07813454912889464,0.1377181604207447,0.04580152671755725,0.10154671682826247,0.026181814159768113,0.025133958968589953,0.02437117552538627,0.04742528335925393,0.09210526315789473,0.23152709359605914,0.0023984780723694784,0.16666666666666666,0.25,0.15472097609827107,0.16666666666666666,0.10362040427836147,0.6086387434554974
0.7062065977777778,0.33333341022222424,0.29311721128025275,1.0,0.333333333,0.0,0.08028474304326319,0.38544973544444444,0.2000000000140988,0.43600161228811063,0.34657559766852614,0.3129770992366412,0.338074473887502,0.10934154744745575,0.2584939360746815,0.27873501964016534,0.13873115014366294,0.3684210526315789,0.5270935960591133,0.019109910265244928,0.4,0.75,0.44218046644135595,0.38888888888888884,0.25739565074190274,0.819184741959611
0.5555555555555556,0.11111109829629594,0.057489512640971296,1.0,0.0,0.0,0.019152640744600567,0.1111111111111111,0.03551401868706487,0.06967344572772158,0.11814205239223914,0.03816793893129771,0.07153327316711877,0.019272599711524778,0.011693655821664348,0.01329018520615023,0.04005949211634364,0.07894736842105263,0.21182266009852216,0.0007993966067854901,0.16666666666666666,0.25,0.09763982512766142,0.16666666666666666,0.13506613763997904,0.20736724008975319
0.7407407411111111,0.22222219659259185,0.175303361960612,1.0,0.0,0.0,0.049249647636008545,0.2222222222222222,0.07476635515292415,0.1296579753910734,0.18107597451030316,0.06106870229007634,0.10018811170107246,0.026237804782693684,0.01412119956185796,0.01961896765491464,0.05777889949626623,0.11842105263157894,0.270935960591133,0.0004216098212426161,0.18333333333333332,0.25,0.12589734000119185,0.2777777777777778,0.27657682237877795,0.09760658189977561
0.5555555555555556,0.11111109829629594,0.057489512640971296,1.0,0.0,0.0,0.01778459498240584,0.1111111111111111,0.03177570093176847,0.0647661077271506,0.10964129838882623,0.03053435114503817,0.060634061134801256,0.015478635494658973,0.007292499284565361,0.008285866997748149,0.030871651252680068,0.06578947368421052,0.19211822660098524,0.00023773738826783687,0.16666666666666666,0.25,0.08366998722405412,0.16666666666666666,0.1508162185849699,0.13893044128646223
0.5555555555555556,0.11111109829629594,0.057489512640971296,1.0,0.0,0.0,0.01778459498240584,0.1111111111111111,0.03177570093176847,0.06475761562904242,0.10599310329859273,0.03053435114503817,0.05700077366961773,0.015384214501234264,0.0070556657489367165,0.008285866997748149,0.030871651252680068,0.06578947368421052,0.19211822660098524,9.002979915076272e-05,0.16666666666666666,0.25,0.07653708822355794,0.16666666666666666,0.15478147643663404,0.08002991772625281
0.5555555555555556,0.11111109829629594,0.057489512640971296,1.0,0.0,0.0,0.01641654921200285,0.1111111111111111,0.028037383176472065,0.0608663510098868,0.11630385684378831,0.022900763358778626,0.06604748042142172,0.01461463128619892,0.007854978931683394,0.008643318298558774,0.02857605598240288,0.05263157894736842,0.1724137931034483,0.0006723443969212197,0.16666666666666666,0.25,0.09663814998005789,0.16666666666666666,0.14808711634865518,0.14771877337322364
0.5555555555555556,0.11111109829629594,0.057489512640971296,1.0,0.0,0.0,0.01641654921200285,0.1111111111111111,0.028037383176472065,0.06033420486038252,0.10528526877344509,0.022900763358778626,0.05513680745305591,0.013105279683550611,0.005230073911799244,0.0064986104936950164,0.025621456473443743,0.05263157894736842,0.1724137931034483,7.991290664670032e-05,0.16666666666666666,0.25,0.07865686143336392,0.16666666666666666,0.15769340270412097,0.07834704562453254
0.5555555555555556,0.11111109829629594,0.057489512640971296,1.0,0.0,0.0,0.019152640744600567,0.11851851855555554,0.04299065419765769,0.08459927679467216,0.1290274318177298,0.05343511450381679,0.09002730407960413,0.028554497409023008,0.03110413767922871,0.02222646772052251,0.05396998753155151,0.10526315789473685,0.25123152709359603,0.0024586681395299243,0.16666666666666666,0.25,0.12721083365934274,0.16666666666666666,0.12698733908694054,0.21335078534031415
0.5555555555555556,0.11111109829629594,0.057489512640971296,1.0,0.0,0.0,0.02052068651500356,0.11851851855555554,0.0467289719529541,0.08987566308947895,0.12955853884961965,0.06106870229007634,0.09388344914442219,0.03171691859023371,0.038870304035051366,0.02830313983135647,0.06315782839521508,0.11842105263157894,0.2610837438423645,0.002533861005049129,0.16666666666666666,0.25,0.13900362692509002,0.16666666666666666,0.11975462502930767,0.23148840688107708
0.5555555555555556,0.11111109829629594,0.057489512640971296,1.0,0.0,0.0,0.019152640744600567,0.11851851855555554,0.04299065419765769,0.08460821536827434,0.13185614048179917,0.05343511450381679,0.09335648627197787,0.029177821089427354,0.03121268638305851,0.02222646772052251,0.05396998753155151,0.10526315789473685,0.25123152709359603,0.003260584897376888,0.16666666666666666,0.25,0.13579524699611795,0.16666666666666666,0.11958994384092358,0.29076290201944655
0.7407407411111111,0.22222219659259185,0.175303361960612,1.0,0.0,0.30000000000000004,0.047060774405005404,0.2222222222222222,0.08037383177411976,0.13672383093386634,0.20124041960425415,0.07251908396946564,0.12912317309848034,0.031550747031635566,0.02987062968116285,0.027219986344610016,0.07993020613962754,0.13157894736842102,0.25123152709359603,0.001217366647265275,0.2333333333333333,0.25,0.16926434045210637,0.22222222222222224,0.2647836256657028,0.14902767389678387
0.8333333333333334,0.33333341022222424,0.29311721128025275,1.0,0.0,0.0,0.13913025457172412,0.37037037033333325,0.17009345794822953,0.23568933261650607,0.31022539982091457,0.17557251908396945,0.2364496415339023,0.06788256590631886,0.08678962274391387,0.0888500127551024,0.16597416225639744,0.25,0.44827586206896547,0.0036840238522364913,0.35,0.5,0.2783658272121231,0.38888888888888884,0.32353468632420423,0.3659311892296186
0.5555555555555556,0.11111109829629594,0.057489512640971296,1.0,0.0,0.0,0.01641654921200285,0.1111111111111111,0.028037383176472065,0.06108024266435502,0.12815468500879723,0.022900763358778626,0.0791784285095966,0.017088971964423,0.008891125650058717,0.00935822089723334,0.028400338840897,0.05263157894736842,0.1724137931034483,0.003888398808735086,0.16666666666666666,0.25,0.11946631106359365,0.16666666666666666,0.13029247658177678,0.15089753178758417
0.8333333333333334,0.33333341022222424,0.29311721128025275,1.0,0.0,0.0,0.13913025457172412,0.3333333333333333,0.17009345794822953,0.23265690121574348,0.2940283793780598,0.17557251908396945,0.21450481710445654,0.06366020749053156,0.07593475236093432,0.07737559886013394,0.17404512272693448,0.25,0.42857142857142855,0.002258034468214419,0.35,0.5,0.25394737387935884,0.38888888888888884,0.34791936483303004,0.3511593118922962
0.0,0.0,0.0,0.0,0.0,0.0,0.0,0.0,0.001869158865899204,0.00474256841137205,0.043228814088352135,0.0038167938931297713,0.025545813057366005,0.002923349019054856,0.0024768840601162457,0.0013008310391416447,0.008558323440925691,0.013157894736842105,0.034482758620689655,0.00012142051183577554,0.0,0.0,0.04902901242355078,0.05555555555555555,0.026302935232842467,0.15725504861630518
0.5555555555555556,0.11111109829629594,0.057489512640971296,1.0,0.0,0.0,0.02052068651500356,0.1111111111111111,0.04299065419765769,0.08047290652947289,0.12028793837003786,0.05343511450381679,0.0808456103224668,0.026161210992590868,0.025133958968589953,0.02508607812700752,0.05974772253847985,0.10526315789473685,0.25123152709359603,0.0003196204734595047,0.16666666666666666,0.25,0.1175949561729292,0.16666666666666666,0.12309360590396018,0.18100224382946897
0.5555555555555556,0.11111109829629594,0.057489512640971296,0.0,0.0,0.2,0.01368045767940513,0.1111111111111111,0.028037383176472065,0.060949993483161574,0.11670626931146642,0.022900763358778626,0.06508374342574293,0.008698138796445137,0.007302367348549888,0.007928415696937523,0.028246553863061904,0.05263157894736842,0.054187192118226604,0.00027762143624587675,0.11666666666666667,0.0,0.09300460890716258,0.1111111111111111,0.18293149262563224,0.1722139117427076
0.5555555555555556,0.11111109829629594,0.057489512640971296,1.0,0.0,0.0,0.018468617863503206,0.1111111111111111,0.03551401868706487,0.07062025762633883,0.12740883928749136,0.03816793893129771,0.08339230460286333,0.020591628608910395,0.015867846887119216,0.015434893008067298,0.04339369572339863,0.07894736842105263,0.21182266009852216,0.0005008613230328651,0.16666666666666666,0.25,0.12167322176676348,0.16666666666666666,0.12705467694575012,0.1243455497382199
0.7407407411111111,0.22222219659259185,0.175303361960612,1.0,0.0,0.0,0.06347732361700825,0.2222222222222222,0.091588785040009,0.14642978357231154,0.22453570514736465,0.09541984732824427,0.16275634032198616,0.04074700484586379,0.04186032742236301,0.048756205972289184,0.0999242669966487,0.15789473684210525,0.33004926108374383,0.0008987490648652806,0.2833333333333333,0.25,0.20492730946742688,0.2777777777777778,0.221696118548126,0.21578160059835455
0.8333333333333334,0.33333341022222424,0.29311721128025275,1.0,0.0,0.0,0.09849929527201709,0.3333333333333333,0.1401869159058583,0.21027221054407305,0.2644316752230934,0.11450381679389313,0.1626770602320644,0.04499119234423917,0.03762692797300098,0.050754958666239414,0.11224967033084308,0.19736842105263158,0.3694581280788177,0.00030548260231080007,0.29999999999999993,0.25,0.19929125981832882,0.38888888888888884,0.37051557772393845,0.17782348541510845
0.0,0.0,0.0,0.0,0.0,0.0,0.0,0.0,0.0,0.00014961940240962313,0.03975486539525054,0.0,0.020191630744209616,0.00040616128403889347,0.00038485449539654823,0.00021680517309205114,0.00396440300909391,0.0,0.004926108374384234,2.3074881749164812e-05,0.0,0.0,0.03660617200006155,0.0,0.048431272120312174,0.068810770381451
0.5555555555555556,0.11111109829629594,0.057489512640971296,1.0,0.0,0.0,0.019152640744600567,0.1111111111111111,0.03551401868706487,0.06993638231866489,0.11566562744364724,0.03816793893129771,0.07039366196656752,0.019328434758162948,0.013381094763018445,0.015434893008067298,0.0426845895059618,0.07894736842105263,0.2019704433497537,0.00032092736426670077,0.16666666666666666,0.25,0.09932672124572535,0.16666666666666666,0.1408083473824065,0.07011967090501121
0.7407407411111111,0.22222219659259185,0.175303361960612,1.0,0.0,0.0,0.060194013774607695,0.2592592592222222,0.08598130841881338,0.14214149774474857,0.18464702950454714,0.08396946564885496,0.11635397152449642,0.03530030301715733,0.0293377542259984,0.038199235548652864,0.06666258090453722,0.14473684210526316,0.31034482758620685,0.0005167711566748367,0.2333333333333333,0.25,0.14243098080686512,0.2777777777777778,0.2444224714459567,0.15164547494390426
0.0,0.0,0.0,0.0,0.0,0.0,0.0,0.0,0.0,4.964131199824973e-06,0.0151785101379035,0.0,0.006236532847932444,0.0,5.9208383907161316e-05,0.0,0.0033081286616893696,0.0,0.0,2.0882865485949264e-14,0.0,0.0,0.01108922986749855,0.0,0.0625240741567765,0.018137621540762906
0.5555555555555556,0.11111109829629594,0.057489512640971296,0.0,0.0,0.2,0.012312411909002136,0.1111111111111111,0.02429906542117565,0.055923207731467,0.06008827586524605,0.015267175572519085,0.026052346681491482,0.0045412684231440435,0.0031676485390331266,0.0036390000872100056,0.01774616430458926,0.039473684210526314,0.024630541871921183,1.6774760845572368e-13,0.11666666666666667,0.0,0.03702148271134194,0.05555555555555555,0.21620232619156615,0.03702318623784592
0.5555555555555556,0.11111109829629594,0.057489512640971296,0.0,0.0,0.0,0.018468617863503206,0.1111111111111111,0.03551401868706487,0.07009927353848619,0.06740851382454348,0.03816793893129771,0.04077217731874681,0.012204658887199616,0.012848219307853993,0.014362539108582107,0.04137204081115272,0.07894736842105263,0.06896551724137931,9.448640805801711e-13,0.11666666666666667,0.25,0.054691713138714106,0.1111111111111111,0.1749022379894381,0.07049364248317129
0.8333333333333334,0.33333341022222424,0.29311721128025275,1.0,0.0,0.0,0.1280490838536222,0.3333333333333333,0.16261682243763673,0.22580171543545366,0.1774260230285834,0.16030534351145037,0.1268856302436645,0.05335990397194251,0.05648479824743184,0.07760508714274802,0.1516261311751155,0.23684210526315785,0.3694581280788177,8.250443602666384e-12,0.35,0.25,0.13719954724936081,0.33333333333333326,0.39063389697098266,0.12845923709798057
0.5555555555555556,0.11111109829629594,0.057489512640971296,1.0,0.0,0.0,0.018468617863503206,0.1111111111111111,0.03551401868706487,0.07055243614248405,0.07121601722807219,0.03816793893129771,0.0473098380004187,0.01986804935125519,0.015690221735397733,0.017579600812931057,0.04530968689557996,0.07894736842105263,0.2019704433497537,1.2700890358745434e-12,0.16666666666666666,0.25,0.06932053295821303,0.16666666666666666,0.14201693983275093,0.07759910246821242
0.8333333333333334,0.33333341022222424,0.29311721128025275,1.0,0.0,0.0,0.1280490838536222,0.3333333333333333,0.16261682243763673,0.2257883899329153,0.17015581647310218,0.16030534351145037,0.12179141565427898,0.052792245419049505,0.05586311021640665,0.07760508714274802,0.1516261311751155,0.23684210526315785,0.35960591133004927,3.11531272959735e-12,0.35,0.25,0.13117127538196438,0.33333333333333326,0.3932939168443735,0.11443530291697832
0.7407407411111111,0.22222219659259185,0.175303361960612,1.0,0.0,0.0,0.05800514055181282,0.2222222222222222,0.08598130841881338,0.1404859877036788,0.12845444025713731,0.08396946564885496,0.08438328911754145,0.03453256196765783,0.029890365809131906,0.038199235548652864,0.08731124512947055,0.14473684210526316,0.3004926108374384,2.1909891725030017e-11,0.2333333333333333,0.25,0.10388711183001224,0.2777777777777778,0.2613295075195105,0.08115183246073299
0.5555555555555556,0.11111109829629594,0.057489512640971296,1.0,0.0,0.0,0.018468617863503206,0.1111111111111111,0.03551401868706487,0.070921888818194,0.06957590864459226,0.03816793893129771,0.048428980507067995,0.0210033664570412,0.01755528582847331,0.019724308617794815,0.04793478428519812,0.07894736842105263,0.21182266009852216,3.7657626396053107e-13,0.16666666666666666,0.25,0.07315264057095631,0.16666666666666666,0.13851223106724575,0.09087509349289455
0.7407407411111111,0.22222219659259185,0.175303361960612,1.0,0.0,0.0,0.05800514055181282,0.2222222222222222,0.08598130841881338,0.1401813822163603,0.11497693861584098,0.08396946564885496,0.07608032048585736,0.031221220409115298,0.027403613685031133,0.03482100504019876,0.08337359904504331,0.14473684210526316,0.25123152709359603,6.418913590690978e-13,0.2333333333333333,0.25,0.09010083339241226,0.22222222222222224,0.2765848470977034,0.08283470456245325
0.5555555555555556,0.11111109829629594,0.057489512640971296,1.0,0.0,0.0,0.018468617863503206,0.1111111111111111,0.03551401868706487,0.0702417266736855,0.0676684577042197,0.03816793893129771,0.04166852032630085,0.019111171280731178,0.01364753249060067,0.015434893008067298,0.0426845895059618,0.07894736842105263,0.2019704433497537,1.4207195414845684e-12,0.16666666666666666,0.25,0.05824866485055211,0.16666666666666666,0.15439454542409597,0.05796559461480928
0.5555555555555556,0.11111109829629594,0.057489512640971296,0.0,0.0,0.0,0.018468617863503206,0.1111111111111111,0.03551401868706487,0.07023867150192739,0.06484188091826218,0.03816793893129771,0.040181116724600605,0.01248848816364612,0.013558719914739928,0.015434893008067298,0.0426845895059618,0.07894736842105263,0.06896551724137931,3.5603574046825496e-13,0.11666666666666667,0.25,0.05503794876266898,0.1111111111111111,0.16029480723927342,0.05703066566940912
0.5555555555555556,0.11111109829629594,0.057489512640971296,1.0,0.0,0.0,0.019152640744600567,0.1111111111111111,0.03551401868706487,0.07009760903810372,0.07325999386935929,0.03816793893129771,0.047262040940797154,0.01986804935125519,0.014358033097486605,0.01650724691049918,0.04399713820077088,0.07894736842105263,0.21182266009852216,3.936933669288396e-12,0.16666666666666666,0.25,0.0675438618687899,0.16666666666666666,0.1383883712751348,0.07068062827225131
0.5555555555555556,0.11111109829629594,0.057489512640971296,1.0,0.0,0.0,0.019152640744600567,0.1111111111111111,0.03551401868706487,0.07007928480534714,0.07779954785250025,0.03816793893129771,0.04779200616761391,0.019868049389099092,0.014002782794043638,0.01650724691049918,0.04399713820077088,0.07894736842105263,0.21182266009852216,4.9810769468705103e-11,0.16666666666666666,0.25,0.06740536160189253,0.16666666666666666,0.1420919535096632,0.059648466716529555
0.8333333333333334,0.33333341022222424,0.29311721128025275,1.0,0.0,0.0,0.1407132789365722,0.3333333333333333,0.17757009348232036,0.23990714189952259,0.16802920083978257,0.19083969465648853,0.1408204543182847,0.06528073358269562,0.08351342550105095,0.10973344603097958,0.18837749462976977,0.2631578947368421,0.438423645320197,4.707203299667967e-13,0.35,0.25,0.15026325639481514,0.38888888888888884,0.36664312749115185,0.11892296185489903
0.5555555555555556,0.11111109829629594,0.057489512640971296,1.0,0.0,0.0,0.0198366636339062,0.1111111111111111,0.03925233644236128,0.07580288554898115,0.0648886174140616,0.04580152671755725,0.049521483916463424,0.024409317774399232,0.023160346171684578,0.026873334631060657,0.05712262514886169,0.09210526315789473,0.23152709359605914,6.453147790703606e-14,0.16666666666666666,0.25,0.07388371148695946,0.16666666666666666,0.1362517026360155,0.09816753926701571
0.8333333333333334,0.33333341022222424,0.29311721128025275,1.0,0.0,0.0,0.1280490838536222,0.3333333333333333,0.16261682243763673,0.2281123849062183,0.1660721047987066,0.16030534351145037,0.1224751627290111,0.054495221077728515,0.060007697089907934,0.08012945819256902,0.15425122856473367,0.23684210526315785,0.3793103448275862,7.052246398369494e-13,0.35,0.25,0.13556791543879795,0.33333333333333326,0.3879965556510769,0.11574420344053854
0.888888888888889,0.44444450851852013,0.4109310605998934,1.0,0.0,0.0,0.21169531078706136,0.4444444444444445,0.25233644870573857,0.32024746106879987,0.2099955155771368,0.24045801526717556,0.1688728672599804,0.07332256308201321,0.0963419086809359,0.13421079030190247,0.22644140677923313,0.3289473684210526,0.4187192118226601,2.036935245672069e-13,0.41666666666666663,0.25,0.17569652978801664,0.38888888888888884,0.49978019248160604,0.12453253552729993
0.7407407411111111,0.22222219659259185,0.175303361960612,1.0,0.0,0.0,0.060194013774607695,0.2222222222222222,0.091588785040009,0.14614434864285644,0.10400620989567837,0.09541984732824427,0.07568770462509583,0.036424757143967854,0.035939489031646885,0.03925493260280324,0.09518653729832503,0.15789473684210525,0.3004926108374384,3.4405376785031056e-14,0.2333333333333333,0.25,0.08886117867513355,0.2777777777777778,0.273667338417051,0.0850785340314136
0.7407407411111111,0.22222219659259185,0.175303361960612,1.0,0.0,0.0,0.05800514055181282,0.2222222222222222,0.08598130841881338,0.14053017840659185,0.12008983801322572,0.08396946564885496,0.08093133349973732,0.03453256196765783,0.02975221291334853,0.038199235548652864,0.08731124512947055,0.14473684210526316,0.3004926108374384,1.7459444967789404e-12,0.2333333333333333,0.25,0.09850538938962765,0.2777777777777778,0.2615960677481662,0.09349289454001496
0.5555555555555556,0.11111109829629594,0.057489512640971296,1.0,0.0,0.0,0.018468617863503206,0.1111111111111111,0.03551401868706487,0.0727103057156844,0.06394981019748555,0.03816793893129771,0.04224423127516534,0.020246488386517193,0.01657834749400515,0.018651954715362937,0.04662223559038904,0.07894736842105263,0.2019704433497537,1.139999053176011e-13,0.16666666666666666,0.25,0.06582128495071268,0.16666666666666666,0.14208462659238336,0.09405385190725506
0.5555555555555556,0.11111109829629594,0.057489512640971296,0.0,0.0,0.2,0.01436448056050249,0.1111111111111111,0.03177570093176847,0.06585752478504928,0.06182528523661242,0.03053435114503817,0.03611266437702683,0.0105016832285206,0.010292390735861532,0.01096675175088116,0.03480929733710731,0.06578947368421052,0.06403940886699508,8.045038361355008e-14,0.11666666666666667,0.0,0.05067931033605169,0.1111111111111111,0.18274936639610573,0.06974569932685117
0.5555555555555556,0.11111109829629594,0.057489512640971296,1.0,0.0,0.0,0.018879031593803275,0.1111111111111111,0.03925233644236128,0.07578711449718717,0.06457767276729144,0.04580152671755725,0.047076862338537376,0.022138683562827215,0.02039728825601705,0.021869016419711885,0.05187243036962536,0.09210526315789473,0.21182266009852216,6.110805732499004e-14,0.16666666666666666,0.25,0.06672089227538835,0.16666666666666666,0.14259646409950094,0.08414360508601347
0.5555555555555556,0.11111109829629594,0.057489512640971296,0.0,0.0,0.0,0.018879031593803275,0.1111111111111111,0.03925233644236128,0.07563684520842995,0.0609804006684585,0.04580152671755725,0.04374324262098597,0.014475293098771639,0.019311801217719096,0.02061793686982138,0.05055988167481629,0.09210526315789473,0.07389162561576355,2.036935239864236e-14,0.16666666666666666,0.25,0.05949137189472863,0.1111111111111111,0.15266609074770843,0.05759162303664922
0.7407407411111111,0.22222219659259185,0.175303361960612,0.0,0.0,0.0,0.060194013774607695,0.2222222222222222,0.091588785040009,0.14588756649392623,0.10599492613421434,0.09541984732824427,0.07701077208656644,0.02554463488018524,0.03505136327303947,0.04305544195059762,0.09518653729832503,0.15789473684210525,0.09852216748768473,2.927024591196202e-14,0.2333333333333333,0.25,0.08802784717727868,0.16666666666666666,0.2825297682182054,0.09723261032161556
0.5555555555555556,0.11111109829629594,0.057489512640971296,1.0,0.0,0.0,0.018879031593803275,0.1111111111111111,0.03925233644236128,0.07790603359361181,0.06309843728224898,0.04580152671755725,0.04528591998288167,0.022517122598089218,0.02148277529431501,0.02312009597254908,0.053184979064434444,0.09210526315789473,0.21182266009852216,5.3747703073591094e-14,0.16666666666666666,0.25,0.06760180166545289,0.16666666666666666,0.1395966148246564,0.07460732984293195
0.0,0.0,0.0,0.0,0.0,0.0,0.0,0.0,0.001869158865899204,0.004423469159950344,0.031025489998689156,0.0038167938931297713,0.014356712938758738,0.0013252678054770425,0.0014506054057254506,0.0006504155195708225,0.007245774746116612,0.013157894736842105,0.004926108374384234,5.734229474927088e-07,0.0,0.0,0.02340115704797533,0.0,0.05519192336463205,0.030478683620044883
0.7407407411111111,0.22222219659259185,0.175303361960612,0.0,0.0,0.30000000000000004,0.03830528149740941,0.2222222222222222,0.06915887850823055,0.12479021727309844,0.15485315212023942,0.04961832061068702,0.07037816130619944,0.011547767475148017,0.009177299505609995,0.010328833699205463,0.04399713820077088,0.10526315789473685,0.04433497536945813,6.898192472822737e-06,0.18333333333333332,0.25,0.08542240426784203,0.1111111111111111,0.3709367010171157,0.028047868362004486
0.5555555555555556,0.11111109829629594,0.057489512640971296,0.0,0.0,0.0,0.01778459498240584,0.1111111111111111,0.03177570093176847,0.06460814725962732,0.10426346047005212,0.03053435114503817,0.05295798826450404,0.007394930013113999,0.006266220630174566,0.0064986104936950164,0.029559102557870986,0.06578947368421052,0.02955665024630542,1.607295963270608e-05,0.16666666666666666,0.25,0.06741326643028735,0.05555555555555555,0.19053508825795218,0.024869109947643978
0.5555555555555556,0.11111109829629594,0.057489512640971296,0.0,0.0,0.0,0.01778459498240584,0.1111111111111111,0.03177570093176847,0.06446857969999029,0.08698036427767512,0.03053435114503817,0.0393758990608441,0.007096897238483849,0.005634664535164846,0.0056049822416684505,0.028246553863061904,0.06578947368421052,0.02955665024630542,1.2290079889545225e-06,0.11666666666666667,0.25,0.04704073630935442,0.05555555555555555,0.21755850368997515,0.02898279730740464
0.5555555555555556,0.11111109829629594,0.057489512640971296,0.0,0.0,0.0,0.01641654921200285,0.1111111111111111,0.028037383176472065,0.06019257138202894,0.11504066317732901,0.022900763358778626,0.06107320254623917,0.006015429093435051,0.004677462328665739,0.005783707892073763,0.02430890777863466,0.05263157894736842,0.024630541871921183,5.982085125067221e-05,0.16666666666666666,0.25,0.08306648535925483,0.05555555555555555,0.1818198946040394,0.06862378459237098
0.5555555555555556,0.11111109829629594,0.057489512640971296,0.0,0.0,0.2,0.012312411909002136,0.1111111111111111,0.02429906542117565,0.05576348646150761,0.07930899790674292,0.015267175572519085,0.02991083592809834,0.003973892564210379,0.0023387311643328695,0.003102823135994066,0.016433615609780176,0.039473684210526314,0.019704433497536946,3.269366655853952e-07,0.11666666666666667,0.0,0.03938102233465099,0.05555555555555555,0.2466631125302846,0.017576664173522806
0.5555555555555556,0.11111109829629594,0.057489512640971296,0.0,0.0,0.0,0.01641654921200285,0.1111111111111111,0.028037383176472065,0.06053319296590015,0.12883109300311207,0.022900763358778626,0.07694379595659377,0.007023490359184781,0.006887908661199759,0.007213513095316269,0.026934005168252825,0.05263157894736842,0.02955665024630542,0.00022381912954947054,0.16666666666666666,0.25,0.10998494737261355,0.05555555555555555,0.16407235644824547,0.15164547494390426
0.5555555555555556,0.11111109829629594,0.057489512640971296,0.0,0.0,0.0,0.018879031593803275,0.1111111111111111,0.03925233644236128,0.07758133052133079,0.14748107073799133,0.04580152671755725,0.1100037807239906,0.01834948699661544,0.03006799096085339,0.029375493724948288,0.06237281992809801,0.09210526315789473,0.07881773399014778,0.001256556425549276,0.16666666666666666,0.25,0.1650791269992566,0.1111111111111111,0.13700707291748077,0.35826477187733735
0.8333333333333334,0.33333341022222424,0.29311721128025275,1.0,0.0,0.0,0.13332583179117094,0.3333333333333333,0.17009345794822953,0.23907126020577626,0.3354385118909367,0.17557251908396945,0.2706467802452963,0.07156536732743508,0.10263773350306404,0.12051939507810583,0.2015029815778606,0.25,0.438423645320197,0.006129025183289801,0.35,0.25,0.337756194295411,0.38888888888888884,0.31434847655944714,0.5918100224382947
0.9722222222222223,0.777777803407408,0.7643724549597671,1.0,0.0,0.0,0.7824434128033201,0.7777777777777777,0.6934579440186986,0.752929218585375,0.7970166904608609,0.7557251908396946,0.7709172954072933,0.2292850430102832,0.5444506942183013,0.6055128170067978,0.7527734333976746,0.763157894736842,0.8916256157635468,0.017571541623144265,0.7666666666666666,0.5,0.7665474471048308,0.8333333333333333,0.7121348403988075,0.46222887060583395
0.7407407411111111,0.22222219659259185,0.175303361960612,1.0,0.0,0.0,0.0656661968480114,0.2222222222222222,0.091588785040009,0.16645369667950013,0.23445143234039895,0.10687022900763359,0.17725376854053684,0.04254864709197241,0.06034321126538185,0.07747116545621684,0.1188124138048885,0.17105263157894735,0.270935960591133,0.002683993402964466,0.2833333333333333,0.25,0.25227609104944304,0.22222222222222224,0.24558012437616533,0.3831338818249813
0.5555555555555556,0.11111109829629594,0.057489512640971296,1.0,0.0,0.0,0.0198366636339062,0.1111111111111111,0.03925233644236128,0.07752720536828431,0.1423235100651291,0.04580152671755725,0.10342294170539366,0.024773186793271937,0.023061665531839307,0.02437117552538627,0.054497527759243526,0.09210526315789473,0.23152709359605914,0.0015398701543679495,0.16666666666666666,0.25,0.1581816521065837,0.16666666666666666,0.10572322953766453,0.43735976065819
0.5555555555555556,0.11111109829629594,0.057489512640971296,1.0,0.0,0.0,0.0198366636339062,0.1111111111111111,0.03925233644236128,0.07868484241995824,0.1450343210794542,0.04580152671755725,0.10714343734668404,0.026410739841573938,0.028982503922555435,0.030626573271892107,0.06106027123328893,0.09210526315789473,0.23152709359605914,0.0011624986297416777,0.16666666666666666,0.25,0.1743237083212045,0.16666666666666666,0.10663316288365138,0.33545250560957374
0.7407407411111111,0.22222219659259185,0.175303361960612,1.0,0.0,0.0,0.06931431889147502,0.2222222222222222,0.10841121495059182,0.18721021384635764,0.24197678283061208,0.1412213740458015,0.19459720741780082,0.05511851682933206,0.09339135754956236,0.09816282743468233,0.15031358248030643,0.21052631578947367,0.3793103448275862,0.002652486293979664,0.2833333333333333,0.25,0.2564305836222588,0.2777777777777778,0.22602807116460305,0.425205684367988
0.7407407411111111,0.22222219659259185,0.175303361960612,1.0,0.0,0.0,0.0725976287338756,0.2222222222222222,0.11962616823997906,0.1809780319350203,0.2586355812583081,0.15267175572519082,0.22359709747668874,0.06313217960322584,0.11513070250747506,0.11463170128494692,0.17393945898686988,0.22368421052631576,0.42857142857142855,0.002288978595684504,0.2833333333333333,0.25,0.28840755424080455,0.2777777777777778,0.19846316165552047,0.6284592370979807
0.7407407411111111,0.22222219659259185,0.175303361960612,1.0,0.0,0.0,0.06931431889147502,0.2222222222222222,0.10841121495059182,0.1842187550040437,0.2426822289723809,0.1412213740458015,0.195789409126849,0.05486613810735004,0.09282887790244432,0.09541801514103833,0.15031358248030643,0.21052631578947367,0.3793103448275862,0.0021737911057024594,0.2333333333333333,0.25,0.25616869759757643,0.2777777777777778,0.22546354963323545,0.5203814510097233
0.8333333333333334,0.33333341022222424,0.29311721128025275,1.0,0.0,0.0,0.15021142528982606,0.3333333333333333,0.192523364503506,0.2775689146156557,0.37760350592470143,0.23664122137404578,0.3391798290564172,0.09056038147678054,0.18355585817618442,0.20497108122367014,0.2723806110975509,0.30263157894736836,0.5073891625615764,0.005075992994224481,0.4,0.25,0.4033178797761158,0.38888888888888884,0.2953982772672971,0.605086013462977
0.7407407411111111,0.22222219659259185,0.175303361960612,1.0,0.0,0.0,0.06931431889147502,0.2222222222222222,0.11401869159528544,0.17512540796583873,0.24968931366124458,0.1412213740458015,0.20845605950517013,0.05937640987580849,0.1010785793935088,0.10090763975779318,0.16212652073358816,0.21052631578947367,0.4088669950738916,0.002395300453385224,0.2833333333333333,0.25,0.27183188916911677,0.2777777777777778,0.209210702602521,0.3790201944652207
0.5555555555555556,0.11111109829629594,0.057489512640971296,1.0,0.0,0.0,0.02154672084075374,0.1111111111111111,0.05794392524234132,0.10609926612192078,0.15619815396950332,0.08396946564885496,0.13188655490966214,0.04142810121861074,0.0745729595310696,0.06369081859687505,0.09912418338275228,0.15789473684210525,0.33004926108374383,0.001259111666671715,0.16666666666666666,0.25,0.19653284133833046,0.16666666666666666,0.1022610866725468,0.5519820493642484
0.5555555555555556,0.11111109829629594,0.057489512640971296,1.0,0.0,0.0,0.01949465218925338,0.1111111111111111,0.05046728970825051,0.09773795692216969,0.15175193133348647,0.06870229007633588,0.12028230007661012,0.034868382371929636,0.054886171881938485,0.04403099705229059,0.08206105035023423,0.13157894736842102,0.29064039408866993,0.0012048057748076898,0.16666666666666666,0.25,0.1742125422804291,0.16666666666666666,0.11909624917659406,0.37976813762154077
0.5555555555555556,0.11111109829629594,0.057489512640971296,0.0,0.0,0.2,0.01368045767940513,0.1111111111111111,0.028037383176472065,0.06133417932726559,0.12804710319737717,0.022900763358778626,0.07629626674587847,0.008798043106583471,0.008200361171141835,0.007928415696937523,0.028246553863061904,0.05263157894736842,0.054187192118226604,0.0004282332842137297,0.11666666666666667,0.0,0.1096722359018603,0.1111111111111111,0.17781172195116507,0.22700074794315633
0.5555555555555556,0.11111109829629594,0.057489512640971296,1.0,0.0,0.0,0.01778459498240584,0.1111111111111111,0.03177570093176847,0.06579328704485793,0.1350248690251915,0.03053435114503817,0.09089820859715061,0.019382754799811254,0.012581781580271767,0.013647636506960856,0.03725867758521959,0.06578947368421052,0.19211822660098524,0.0026549020307133847,0.16666666666666666,0.25,0.13623515049565596,0.16666666666666666,0.11964890807998485,0.18773373223635006
0.5555555555555556,0.11111109829629594,0.057489512640971296,1.0,0.0,0.0,0.02024707736420627,0.12222222222222223,0.04299065419765769,0.0848584850581448,0.14480934278219482,0.05343511450381679,0.1148946856633358,0.031204382899558417,0.03696576768603768,0.03509471453202493,0.06013414839840918,0.10526315789473685,0.25123152709359603,0.003353283937555472,0.16666666666666666,0.25,0.1784736400577114,0.16666666666666666,0.09421334029274175,0.4551234106207928
0.9259259255555556,0.5555556068148161,0.5287447563204857,1.0,0.0,0.0,0.4315044358484547,0.5706349206666665,0.43925233647055895,0.5102304216840989,0.5621845842166184,0.5190839694656488,0.5683355723053402,0.17991092783362456,0.4093963705260665,0.32161539045411297,0.5019423720831482,0.5394736842105263,0.7536945812807883,0.031268234678559235,0.5833333333333334,0.5,0.600028026106585,0.611111111111111,0.47908793138097744,0.8135751682872103
0.9526909722222223,0.777777803407408,0.7643724549597671,1.0,0.035714286,0.0,0.7247678469288907,0.8407407407777776,0.7233644860140739,0.8797259284514217,0.7699874489912623,0.8778625954198472,0.8121666442532912,0.2737262574733568,0.7392857495287999,0.6125811133831356,0.7149018343079162,0.8157894736842105,0.9408866995073892,0.05118048261121169,0.7666666666666666,0.75,0.8203119825584484,0.8333333333333333,0.6528126290933045,0.8006731488406882
0.5555555555555556,0.11111109829629594,0.057489512640971296,1.0,0.0,0.0,0.02161512312640099,0.12222222222222223,0.05420560748704491,0.10264349612239015,0.15800550398700297,0.07633587786259542,0.1412730046420222,0.04380810325174419,0.07548082141764607,0.060295031250960834,0.09406692197373412,0.14473684210526316,0.31034482758620685,0.003450782955732143,0.16666666666666666,0.25,0.2195807496769316,0.16666666666666666,0.09028122801924818,0.5151458489154825
0.8333333333333334,0.33333341022222424,0.29311721128025275,1.0,0.0,0.4,0.11881477492187059,0.3333333333333333,0.17009345794822953,0.23600925989128688,0.33112679330287736,0.17557251908396945,0.27349845146097745,0.06899759027846825,0.1035061231337024,0.09527568452096197,0.19242580431975378,0.25,0.4088669950738916,0.005881285415936371,0.35,0.25,0.325221330128648,0.33333333333333326,0.33701516741657084,0.5258040388930443
0.5555555555555556,0.11111109829629594,0.057489512640971296,1.0,0.0,0.0,0.019152640744600567,0.1111111111111111,0.04299065419765769,0.0842197980729388,0.14578394999591138,0.05343511450381679,0.11760313926843735,0.03173809104325171,0.040547874912420935,0.03223510414322005,0.06815890371601137,0.10526315789473685,0.25123152709359603,0.003046302561713852,0.16666666666666666,0.25,0.185294430275991,0.16666666666666666,0.10269267699040943,0.40407629020194463
0.7407407411111111,0.22222219659259185,0.175303361960612,1.0,0.0,0.0,0.06931431889147502,0.22619047622222221,0.10841121495059182,0.19082409909390682,0.23504295923941454,0.1412213740458015,0.20234525037556086,0.06212551666971139,0.11307814519869347,0.10914207666819203,0.15418200983925837,0.21052631578947367,0.38916256157635465,0.006504028556728443,0.2833333333333333,0.25,0.2791657673440186,0.2777777777777778,0.19291598747306488,0.6091997008227374
0.8949845677777778,0.5555556068148161,0.5287447563204857,1.0,0.066666667,0.0,0.3841928531229368,0.6187830687777778,0.43925233647055895,0.6122800440450732,0.5650939993270147,0.5877862595419847,0.5734831003535331,0.18314451871393345,0.4638088753367477,0.44764034231449057,0.43854178278239164,0.5789473684210525,0.7635467980295567,0.023575007207943564,0.5833333333333334,0.75,0.6010209929530075,0.611111111111111,0.46603869170565054,0.8262902019446523
0.5555555555555556,0.11111109829629594,0.057489512640971296,1.0,0.0,0.0,0.01949465218925338,0.11507936511111111,0.05046728970825051,0.10018540345894622,0.15025891152323756,0.06870229007633588,0.12954936242533086,0.03966284543161572,0.06694494607103033,0.04760551006039685,0.08213782964495234,0.13157894736842102,0.29064039408866993,0.003633495362642696,0.16666666666666666,0.25,0.2021951725862977,0.16666666666666666,0.09885232563332477,0.47513089005235604
0.5555555555555556,0.11111109829629594,0.057489512640971296,1.0,0.0,0.0,0.01949465218925338,0.11507936511111111,0.05046728970825051,0.09936110825309707,0.1459286993174913,0.06870229007633588,0.12244798618890351,0.038315676072475345,0.06258326178986945,0.04224374054823746,0.07938980713488221,0.13157894736842102,0.29064039408866993,0.0034369056068897317,0.16666666666666666,0.25,0.18396218556161628,0.16666666666666666,0.10950636115980217,0.43735976065819
0.5555555555555556,0.11111109829629594,0.057489512640971296,1.0,0.0,0.0,0.02154672084075374,0.13359788355555555,0.05794392524234132,0.1184318477741498,0.151230894966212,0.08396946564885496,0.13445375438334722,0.047276474909080796,0.09026318126646733,0.07012494199378619,0.09103181175162336,0.15789473684210525,0.33004926108374383,0.004215637933528905,0.16666666666666666,0.25,0.21331524048176087,0.16666666666666666,0.08601556655911216,0.5770381451009725
0.8502834466666667,0.44444450851852013,0.4109310605998934,1.0,0.1,0.0,0.18073838942758208,0.46825396822222215,0.2803738316942266,0.4207719458888173,0.43953382749275594,0.3358778625954198,0.38997667123957314,0.10881809613693516,0.21238047307498742,0.18203411597379593,0.24514776160309382,0.3947368421052631,0.5763546798029557,0.008489693115869843,0.4666666666666667,0.5,0.4640155924128318,0.5,0.39541593164893324,0.7264397905759161
0.7407407411111111,0.22222219659259185,0.175303361960612,1.0,0.0,0.0,0.06676063345940883,0.2222222222222222,0.09719626168470259,0.15346517001684187,0.22929819465690437,0.10687022900763359,0.17436473878103095,0.0445624345789365,0.051501425935245766,0.05635722466787793,0.11684359076267486,0.17105263157894735,0.3399014778325123,0.001687743779383253,0.2833333333333333,0.25,0.23153249249525631,0.2777777777777778,0.21786169850502973,0.46278982797307405
0.0,0.0,0.0,0.0,0.0,0.0,0.0,0.0,0.0037383177552964067,0.009966120697860709,0.05334251338556509,0.007633587786259542,0.03924708536646275,0.005250481643049958,0.006878040597215232,0.004119298290222316,0.014464792567566557,0.02631578947368421,0.04433497536945813,0.0004194205437803977,0.0,0.0,0.08159135616599919,0.05555555555555555,0.012986786428037106,0.32647718773373224
0.5555555555555556,0.11111109829629594,0.057489512640971296,1.0,0.0,0.0,0.0198366636339062,0.1111111111111111,0.03925233644236128,0.07565649631789861,0.13942685686436745,0.04580152671755725,0.10286080628975083,0.024051221388882604,0.023160346171684578,0.02312009597254908,0.05300926192292857,0.09210526315789473,0.22167487684729065,0.0010779973124888612,0.16666666666666666,0.25,0.1547385578913877,0.16666666666666666,0.1154293015284647,0.30235602094240843
0.5555555555555556,0.11111109829629594,0.057489512640971296,1.0,0.0,0.0,0.018468617863503206,0.12962962966666663,0.03551401868706487,0.07442124791604371,0.14005908774977294,0.03816793893129771,0.1002543446304579,0.023023256046385464,0.02181828946978892,0.021869016419711885,0.03988855847980306,0.07894736842105263,0.21182266009852216,0.001781604214994296,0.16666666666666666,0.25,0.15974870089681087,0.16666666666666666,0.10437961246887806,0.41062079281974573
0.7407407411111111,0.22222219659259185,0.175303361960612,1.0,0.0,0.0,0.06722967772143629,0.2222222222222222,0.10280373832939622,0.1592169133579944,0.21248679207766813,0.11832061068702289,0.16243242171031647,0.048765357236282524,0.0648430484423261,0.07134812262465187,0.1256019044761258,0.18421052631578944,0.3694581280788177,0.0022875797860346797,0.2833333333333333,0.25,0.20893989648321643,0.2777777777777778,0.21136656078689697,0.3941660433807031
0.5555555555555556,0.11111109829629594,0.057489512640971296,1.0,0.0,0.0,0.02052068651500356,0.11851851855555554,0.04299065419765769,0.10546712305735034,0.14590421697141426,0.06106870229007634,0.11775804018214243,0.033876404235363894,0.05213298203025549,0.055648164328635945,0.0700616390914102,0.11842105263157894,0.25123152709359603,0.003045748481092648,0.16666666666666666,0.25,0.2077939664232193,0.16666666666666666,0.09142562271818863,0.6271503365744204
0.7941358022222222,0.44444450851852013,0.4109310605998934,1.0,0.2,0.0,0.13800324541716352,0.5074074074444443,0.2616822430352346,0.49671773122279406,0.4560747210597162,0.3358778625954198,0.420657318039875,0.11549867225213215,0.2508067142307351,0.23816278175824546,0.19972579295517479,0.3947368421052631,0.5467980295566502,0.013943508328040222,0.4666666666666667,0.5,0.5037387606200748,0.5,0.36451134346355246,0.6980179506357518
0.888888888888889,0.44444450851852013,0.4109310605998934,1.0,0.0,0.0,0.22837244013095456,0.4518518518888888,0.2710280373647306,0.3399683630323528,0.44500364315254687,0.27862595419847325,0.3853021788440942,0.10451452795875633,0.18203617632256727,0.20562209069325402,0.2858636706988836,0.35526315789473684,0.5665024630541873,0.007657752446005249,0.4666666666666667,0.25,0.4374776599363317,0.5,0.4159019923632588,0.5039267015706805
0.7022955244444444,0.33333341022222424,0.29311721128025275,1.0,0.333333333,0.0,0.08505335971131328,0.38148148144444444,0.18504672899291316,0.40676265623976005,0.33985899592315366,0.26717557251908397,0.3028186983214607,0.08820947247429752,0.17923364615096166,0.20126877829170284,0.11174191953107758,0.3289473684210526,0.47783251231527096,0.009564285151905744,0.4,0.5,0.39337304361400904,0.38888888888888884,0.2806516350888162,0.5884442782348542
0.5555555555555556,0.11111109829629594,0.057489512640971296,1.0,0.0,0.0,0.019152640744600567,0.11851851855555554,0.04299065419765769,0.08743964956737202,0.14571273681981395,0.05343511450381679,0.11547084249138304,0.0318287125844502,0.04304449510050624,0.03795432495029669,0.06481144431217387,0.10526315789473685,0.25123152709359603,0.002195180295157025,0.16666666666666666,0.25,0.1773728737779005,0.16666666666666666,0.10507566961045922,0.5218773373223635
0.7407407411111111,0.22222219659259185,0.175303361960612,1.0,0.0,0.0,0.07223281653281255,0.24074074077777774,0.10280373832939622,0.15966424772684498,0.2277305246029957,0.11832061068702289,0.18023356701254073,0.0505534173432595,0.06551407679327394,0.07134812262465187,0.1167779731983006,0.18421052631578944,0.3694581280788177,0.0035626937187040815,0.2833333333333333,0.5,0.2245281190875691,0.2777777777777778,0.2075558659997544,0.4783096484667166
0.5555555555555556,0.11111109829629594,0.057489512640971296,1.0,0.0,0.0,0.018879031593803275,0.12222222222222223,0.03925233644236128,0.08024375949674145,0.14577908875753992,0.04580152671755725,0.11258425857674423,0.02801077501157862,0.03401521655466414,0.029375493724948288,0.05719263339862789,0.09210526315789473,0.23152709359605914,0.0017567560013836314,0.16666666666666666,0.25,0.18266411295316057,0.16666666666666666,0.10363087130304688,0.4080029917726253
0.5555555555555556,0.11111109829629594,0.057489512640971296,1.0,0.0,0.0,0.01641654921200285,0.1111111111111111,0.028037383176472065,0.061759685637328005,0.1286253314829668,0.022900763358778626,0.08469459417418305,0.016713662809202133,0.012552177388318186,0.01221783130371835,0.035397978366838265,0.05263157894736842,0.1724137931034483,0.0009711388336119056,0.16666666666666666,0.25,0.1314546539343137,0.16666666666666666,0.12884209586119888,0.24457741211667916
0.7637152777777778,0.33333341022222424,0.29311721128025275,1.0,0.166666667,0.0,0.08657775360189188,0.3925925925555555,0.15514018692704393,0.32226796922732803,0.32768988541251465,0.19083969465648853,0.26491404776678906,0.06880043841375082,0.11392679870136278,0.1394574766563219,0.1083253582448496,0.2631578947368421,0.4088669950738916,0.008173842513155288,0.4,0.25,0.36476535543501126,0.38888888888888884,0.2851175656212668,0.7040014958863128
0.9259259255555556,0.5555556068148161,0.5287447563204857,1.0,0.0,0.0,0.2706776269196499,0.5555555555555556,0.3271028038116667,0.42736028870083276,0.42491126934267454,0.2900763358778626,0.3017983329455953,0.09509035281353174,0.12724868508047407,0.1809358899343107,0.26450531892869644,0.4078947368421052,0.5665024630541873,0.002526224894269846,0.5333333333333333,0.25,0.3515488316788248,0.611111111111111,0.5547191627496735,0.3777112939416604
0.5555555555555556,0.11111109829629594,0.057489512640971296,1.0,0.0,0.0,0.01778459498240584,0.1111111111111111,0.03177570093176847,0.06693554740382635,0.12945142575264318,0.03053435114503817,0.08641485876767903,0.0193597024887295,0.01581850656719658,0.016328521260093865,0.04170154293049369,0.06578947368421052,0.19211822660098524,0.0009292211026371014,0.16666666666666666,0.25,0.14313516575652402,0.16666666666666666,0.11468614277579914,0.3771503365744204
0.5555555555555556,0.11111109829629594,0.057489512640971296,1.0,0.0,0.0,0.02052068651500356,0.1111111111111111,0.0467289719529541,0.0861044229008035,0.12038186307874325,0.06106870229007634,0.08367610754538347,0.028007350138309496,0.030462713520234466,0.029911670682057603,0.0636853686229071,0.11842105263157894,0.270935960591133,0.00025186259276038786,0.16666666666666666,0.25,0.11288745319015843,0.16666666666666666,0.12143772259872498,0.29151084517576664
0.5555555555555556,0.11111109829629594,0.057489512640971296,1.0,0.0,0.0,0.019152640744600567,0.1111111111111111,0.04299065419765769,0.08553095994569032,0.11237261385730805,0.05343511450381679,0.07448715856703086,0.02575390216786535,0.026979286933696476,0.026515883330250026,0.05843517384367077,0.10526315789473685,0.25123152709359603,0.0002827425310945594,0.16666666666666666,0.25,0.10834519457033,0.16666666666666666,0.1207999318945594,0.22606581899775618
0.5555555555555556,0.11111109829629594,0.057489512640971296,1.0,0.0,0.0,0.02120470939610092,0.1111111111111111,0.0467289719529541,0.10369752140236338,0.11846837550839458,0.06870229007633588,0.08481873545819067,0.030037365166793423,0.03782428925269152,0.03866922754013119,0.0702481120969525,0.13157894736842102,0.270935960591133,0.00042994448099166536,0.16666666666666666,0.25,0.12193802796909803,0.16666666666666666,0.10994841850235021,0.2969334330590875
0.5555555555555556,0.11111109829629594,0.057489512640971296,1.0,0.0,0.0,0.02120470939610092,0.1111111111111111,0.0467289719529541,0.10369752140236338,0.11846837550839458,0.06870229007633588,0.08481873545819067,0.030037365166793423,0.03782428925269152,0.03866922754013119,0.0702481120969525,0.13157894736842102,0.270935960591133,0.00042994448099166536,0.16666666666666666,0.25,0.12193802796909803,0.16666666666666666,0.10994841850235021,0.2486910994764398
0.5555555555555556,0.11111109829629594,0.057489512640971296,1.0,0.0,0.0,0.019152640744600567,0.1111111111111111,0.04299065419765769,0.08144105844027155,0.11929186815537392,0.05343511450381679,0.08146963417265388,0.025119777913082432,0.02545960508007934,0.02365627292376502,0.05581007645405261,0.10526315789473685,0.25123152709359603,0.0004527489125148485,0.16666666666666666,0.25,0.11681484808178075,0.16666666666666666,0.12352380061853135,0.27916978309648466
0.7407407411111111,0.22222219659259185,0.175303361960612,1.0,0.0,0.0,0.049249647636008545,0.2222222222222222,0.07476635515292415,0.13015770836094795,0.19869031119992614,0.06106870229007634,0.1210326043038654,0.02756882365050179,0.018621036738802214,0.023419476999762327,0.0636853686229071,0.11842105263157894,0.270935960591133,0.00024978098187547476,0.18333333333333332,0.25,0.15844253227923863,0.2777777777777778,0.2552275810287271,0.19109947643979058
0.5555555555555556,0.11111109829629594,0.057489512640971296,1.0,0.0,0.0,0.018468617863503206,0.1111111111111111,0.03551401868706487,0.07482967965411627,0.11500938962252892,0.03816793893129771,0.07173918576248779,0.020446000991780483,0.01657834749400515,0.017579600812931057,0.04530968689557996,0.07894736842105263,0.21182266009852216,0.0002902704617834495,0.16666666666666666,0.25,0.10733156956149446,0.16666666666666666,0.12207586220371341,0.1824981301421092
0.8333333333333334,0.33333341022222424,0.29311721128025275,1.0,0.0,0.0,0.109580465990119,0.3333333333333333,0.1401869159058583,0.23200654686634545,0.28175778806982893,0.1297709923664122,0.19093126743668382,0.04966668264827327,0.05401778225130012,0.07576918094076922,0.12764882038554032,0.21052631578947367,0.3694581280788177,0.0017599736743886965,0.29999999999999993,0.25,0.24138296811893162,0.38888888888888884,0.33223836625096304,0.3034779356768886
0.5555555555555556,0.11111109829629594,0.057489512640971296,1.0,0.0,0.0,0.01778459498240584,0.1111111111111111,0.03177570093176847,0.06506847142467181,0.12164509692072624,0.03053435114503817,0.07362149405941332,0.016191155174259876,0.009029278545842092,0.010073123498854593,0.033496748642298235,0.06578947368421052,0.19211822660098524,0.0001664872762329749,0.16666666666666666,0.25,0.10410277197804278,0.16666666666666666,0.13603294182008996,0.18418100224382947
0.5555555555555556,0.11111109829629594,0.057489512640971296,1.0,0.0,0.0,0.01778459498240584,0.1111111111111111,0.03177570093176847,0.06522746803257137,0.12964583562705095,0.03053435114503817,0.08165250230070077,0.01662322780060413,0.009976612688356673,0.01096675175088116,0.03480929733710731,0.06578947368421052,0.19211822660098524,0.00024844841541391336,0.16666666666666666,0.25,0.11680649759596287,0.16666666666666666,0.13401001484921904,0.2543006731488407
0.5555555555555556,0.11111109829629594,0.057489512640971296,1.0,0.0,0.0,0.018879031593803275,0.1111111111111111,0.03925233644236128,0.07624020877466006,0.1418799810393367,0.04580152671755725,0.10282426285172014,0.024250842568305106,0.023851110650601456,0.02437117552538627,0.05351448118377542,0.09210526315789473,0.23152709359605914,0.0008276470157705922,0.16666666666666666,0.25,0.1501254140535295,0.16666666666666666,0.12211528799669519,0.2905759162303665
0.7407407411111111,0.22222219659259185,0.175303361960612,1.0,0.0,0.0,0.06347732361700825,0.24074074077777774,0.091588785040009,0.14831664487375154,0.23131565236210377,0.09541984732824427,0.1696624057290058,0.040542101717138325,0.04319251606027414,0.048756205972289184,0.08945090641218559,0.15789473684210525,0.33004926108374383,0.0005582066988606598,0.2833333333333333,0.25,0.21610861781823754,0.2777777777777778,0.21656308964239068,0.3161929693343306
0.5555555555555556,0.11111109829629594,0.057489512640971296,1.0,0.0,0.0,0.0198366636339062,0.1111111111111111,0.03925233644236128,0.07527856609832745,0.1263165960800055,0.04580152671755725,0.08358204391733873,0.022650318909193716,0.01871971737864748,0.02061793686982138,0.05055988167481629,0.09210526315789473,0.23152709359605914,0.00018757109657162172,0.16666666666666666,0.25,0.11902610406235142,0.16666666666666666,0.12175557124833924,0.1492146596858639
0.5555555555555556,0.11111109829629594,0.057489512640971296,1.0,0.0,0.0,0.018468617863503206,0.1111111111111111,0.03551401868706487,0.06997339664483077,0.10796151338523648,0.03816793893129771,0.06306113875571476,0.018760635047509792,0.012315343852689542,0.01329018520615023,0.03814350094416231,0.07894736842105263,0.21182266009852216,4.1535334895789785e-05,0.16666666666666666,0.25,0.08465560905053028,0.16666666666666666,0.1378695557515603,0.09293193717277487
0.5555555555555556,0.11111109829629594,0.057489512640971296,1.0,0.0,0.0,0.0198366636339062,0.1111111111111111,0.03925233644236128,0.07450298029691135,0.11153824858045118,0.04580152671755725,0.06769572006901832,0.021047626037532192,0.015561936903598883,0.016864698211309804,0.04662223559038904,0.09210526315789473,0.22167487684729065,6.371567684686597e-05,0.16666666666666666,0.25,0.09157141578528451,0.16666666666666666,0.14034535599048759,0.0944278234854151
0.5555555555555556,0.11111109829629594,0.057489512640971296,1.0,0.0,0.0,0.01778459498240584,0.1481481481111111,0.03177570093176847,0.06723740257421357,0.09895859778464064,0.03053435114503817,0.05395572663236929,0.0168495461131448,0.010055557200232887,0.011860380002907725,0.024625898972577432,0.06578947368421052,0.19211822660098524,1.3796384945645473e-05,0.16666666666666666,0.25,0.07751870124868873,0.16666666666666666,0.13962417798966137,0.07236350037397159
0.7407407411111111,0.22222219659259185,0.175303361960612,1.0,0.0,0.0,0.049249647636008545,0.2222222222222222,0.07476635515292415,0.12996476837300416,0.17959417757808738,0.06106870229007634,0.09982380212456246,0.024677765434101412,0.016489534918144408,0.022152640549515306,0.06171654558069348,0.11842105263157894,0.22167487684729065,0.00012844348798881386,0.18333333333333332,0.25,0.12568042713002364,0.22222222222222224,0.2881543983833332,0.13668661181750189
0.5486968444444446,0.22222219659259185,0.175303361960612,1.0,0.333333333,0.0,0.0328330984240057,0.2962962963333333,0.07476635515292415,0.18496842779657333,0.16002544639382393,0.08396946564885496,0.09056313517083016,0.02981250115762136,0.023949791290446727,0.030611725913876082,0.024363223878731046,0.14473684210526316,0.270935960591133,2.07084422718255e-05,0.2833333333333333,0.25,0.11528545370050833,0.2777777777777778,0.24954642893029805,0.07535527299925206
0.5486968444444446,0.22222219659259185,0.175303361960612,1.0,0.333333333,0.0,0.03830528149740941,0.2962962963333333,0.08037383177411976,0.1900211495650658,0.1556960557260309,0.09541984732824427,0.09128275705136839,0.03312256608992234,0.029426566801859143,0.03771675805784128,0.030428188589217805,0.15789473684210525,0.28078817733990147,1.7835678890401575e-05,0.2833333333333333,0.5,0.11381730877369346,0.2777777777777778,0.25217400102716403,0.08395661929693343
0.5486968444444446,0.22222219659259185,0.175303361960612,1.0,0.333333333,0.0,0.0328330984240057,0.2962962963333333,0.07476635515292415,0.1851172736451113,0.16256640817058238,0.08396946564885496,0.09324665106213993,0.030298853370481042,0.025055014456713737,0.032032732342669124,0.025374051308603023,0.14473684210526316,0.270935960591133,4.450840450026766e-05,0.2833333333333333,0.25,0.11890158883230059,0.2777777777777778,0.24635503310371004,0.08900523560209424
0.7407407411111111,0.22222219659259185,0.175303361960612,1.0,0.0,0.0,0.060194013774607695,0.2592592592222222,0.08598130841881338,0.1416695984214603,0.1449768994395546,0.08396946564885496,0.08132545467393913,0.03075162089762469,0.025055014456713737,0.03313188977123828,0.06416085542694673,0.14473684210526316,0.25123152709359603,5.254950593440646e-06,0.2333333333333333,0.25,0.09543406456448975,0.22222222222222224,0.288308263646209,0.06731488406881078
0.5555555555555556,0.11111109829629594,0.057489512640971296,1.0,0.0,0.0,0.019152640744600567,0.1481481481111111,0.03551401868706487,0.07200902762467765,0.10396686775652884,0.03816793893129771,0.061277796879483315,0.019931823329818986,0.014180407945765122,0.01650724691049918,0.030585199969250586,0.07894736842105263,0.21182266009852216,9.330258922719874e-05,0.16666666666666666,0.25,0.08686388869295755,0.16666666666666666,0.12954478211841414,0.07180254300673149
0.7407407411111111,0.22222219659259185,0.175303361960612,0.0,0.0,0.6000000000000001,0.0328330984240057,0.2222222222222222,0.06915887850823055,0.12529256355824966,0.13228425086268258,0.04961832061068702,0.05978237985482272,0.014192196101858364,0.011239724878376113,0.014129343044053153,0.043091974484712504,0.10526315789473685,0.07389162561576355,1.1981972037161083e-06,0.2333333333333333,0.0,0.07365385413463005,0.16666666666666666,0.35808842821574915,0.0368362004487659
0.5555555555555556,0.11111109829629594,0.057489512640971296,1.0,0.0,0.0,0.019152640744600567,0.1111111111111111,0.03551401868706487,0.06985948186065735,0.08504934524192583,0.03816793893129771,0.045921507783071386,0.018356821334338337,0.0122265312768288,0.01329018520615023,0.03754005846679005,0.07894736842105263,0.19211822660098524,3.7828797431608555e-06,0.16666666666666666,0.25,0.06258948881676187,0.16666666666666666,0.15729181785702323,0.06114435302916979
0.0,0.0,0.0,0.0,0.0,0.0,0.0,0.0,0.001869158865899204,0.004431542409488565,0.024341837848555536,0.0038167938931297713,0.011158510924448757,0.0015138525294702953,0.0015295499176016657,0.000975623279503568,0.007245774746116612,0.013157894736842105,0.009852216748768471,7.463056868860324e-08,0.0,0.0,0.018778685347067926,0.0,0.052310002567910074,0.018137621540762906
0.0,0.0,0.0,0.0,0.0,0.0,0.0,0.0,0.001869158865899204,0.004431542409488565,0.024341837848555536,0.0038167938931297713,0.011158510924448757,0.0015138525294702953,0.0015295499176016657,0.000975623279503568,0.007245774746116612,0.013157894736842105,0.009852216748768471,7.463056868860324e-08,0.0,0.0,0.018778685347067926,0.0,0.052310002567910074,0.024869109947643978
0.7407407411111111,0.22222219659259185,0.175303361960612,1.0,0.0,0.30000000000000004,0.04377746456260483,0.2592592592222222,0.07476635515292415,0.13203933117927422,0.14359015522113366,0.06106870229007634,0.07263259133491674,0.024606992339112156,0.016252701382515763,0.017296434165250674,0.04197304507181852,0.11842105263157894,0.23152709359605914,1.3710799431094323e-05,0.2333333333333333,0.25,0.08972980298711446,0.22222222222222224,0.29935132359016153,0.07255048616305161
0.0,0.0,0.0,0.0,0.0,0.0,0.0,0.0,0.0037383177552964067,0.009458239005526253,0.012470293020213241,0.007633587786259542,0.009705881730586487,0.0032167317997270307,0.004805747160464589,0.002384856904307232,0.012495969525352934,0.02631578947368421,0.014778325123152709,2.9783752610652605e-16,0.0,0.0,0.02054428484475345,0.0,0.043693198946040374,0.043754674644727
0.8333333333333334,0.33333341022222424,0.29311721128025275,0.0,0.0,0.8,0.08530742534606259,0.3333333333333333,0.1476635514164511,0.21606369761203956,0.13535548886210297,0.1297709923664122,0.08709913815193554,0.031221220409115298,0.04145573679899741,0.03629719718568868,0.11487476772046125,0.21052631578947367,0.10837438423645321,5.956751748228603e-15,0.35,0.25,0.09246758813619943,0.22222222222222224,0.4804842324740139,0.07105459985041136
0.5555555555555556,0.11111109829629594,0.057489512640971296,0.0,0.0,0.0,0.018468617863503206,0.1111111111111111,0.03551401868706487,0.07008675984918739,0.05050223314051942,0.03816793893129771,0.0316774192595673,0.0105016832285206,0.012848219307853993,0.01221783130371835,0.04137204081115272,0.07894736842105263,0.0394088669950739,6.384678740201055e-16,0.16666666666666666,0.25,0.04131400907479516,0.05555555555555555,0.18685837138678307,0.04057591623036649
0.888888888888889,0.44444450851852013,0.4109310605998934,1.0,0.0,1.0,0.15916235330865225,0.4444444444444445,0.2336448598117665,0.3071808647279063,0.18808671568689717,0.20229007633587784,0.13109327258392137,0.05809039191271756,0.07015206686600156,0.07317342879496147,0.17722083072389258,0.30263157894736836,0.3399014778325123,2.704502253363211e-14,0.41666666666666663,0.25,0.13731838573665966,0.33333333333333326,0.5763276374111002,0.09480179506357518
0.0,0.0,0.0,0.0,0.0,0.0,0.0,0.0,0.0037383177552964067,0.009458239005526253,0.012470293020213241,0.007633587786259542,0.009705881730586487,0.0032167317997270307,0.004805747160464589,0.002384856904307232,0.012495969525352934,0.02631578947368421,0.014778325123152709,2.9783752610652605e-16,0.0,0.0,0.02054428484475345,0.0,0.043693198946040374,0.019072550486163048
0.5555555555555556,0.11111109829629594,0.057489512640971296,0.0,0.0,0.0,0.01778459498240584,0.1111111111111111,0.03177570093176847,0.06490244154226221,0.04648414921428094,0.03053435114503817,0.025521028957488947,0.007947219740502075,0.007766166355822651,0.008285866997748149,0.03218419994748915,0.06578947368421052,0.02955665024630542,1.711709645708232e-16,0.16666666666666666,0.25,0.03265426279376494,0.05555555555555555,0.19813449708039793,0.04468960359012715
0.0,0.0,0.0,0.0,0.0,0.0,0.0,0.0,0.0056074766211956124,0.014490466651188166,0.014440756694204658,0.011450381679389315,0.012562487568131782,0.0054873660112990524,0.008259569555048996,0.004227700876473674,0.016433615609780176,0.039473684210526314,0.04433497536945813,1.934232564324525e-15,0.0,0.0,0.025991217086777235,0.05555555555555555,0.033270833565933855,0.04693343305908751
0.0,0.0,0.0,0.0,0.0,0.0,0.0,0.0,0.0056074766211956124,0.014490466651188166,0.014440756694204658,0.011450381679389315,0.012562487568131782,0.0054873660112990524,0.008259569555048996,0.004227700876473674,0.016433615609780176,0.039473684210526314,0.04433497536945813,1.934232564324525e-15,0.0,0.0,0.025991217086777235,0.05555555555555555,0.033270833565933855,0.05441286462228871
0.5555555555555556,0.11111109829629594,0.057489512640971296,1.0,0.0,0.0,0.02024707736420627,0.1111111111111111,0.04299065419765769,0.08030408127297214,0.05968591696493293,0.05343511450381679,0.04252174012554161,0.023652439703875226,0.02242024137284506,0.020796662520226696,0.05581007645405261,0.10526315789473685,0.22167487684729065,2.65315094463252e-14,0.16666666666666666,0.25,0.05514356609653887,0.16666666666666666,0.1515523993211786,0.047494390426327596
0.7407407411111111,0.22222219659259185,0.175303361960612,0.0,0.0,0.30000000000000004,0.03830528149740941,0.2222222222222222,0.06915887850823055,0.12465344674342502,0.07674856696816999,0.04961832061068702,0.03475368845363613,0.011163951540229106,0.008634555986461017,0.00948427606767191,0.04202831515855726,0.10526315789473685,0.04433497536945813,7.360347798251154e-17,0.18333333333333332,0.25,0.03989110383297398,0.1111111111111111,0.38462338249578526,0.0362752430815258
0.5555555555555556,0.11111109829629594,0.057489512640971296,0.0,0.0,0.2,0.01368045767940513,0.1111111111111111,0.028037383176472065,0.0601822082352422,0.03949373118691607,0.022900763358778626,0.016877115181278553,0.005392756252483552,0.0037794685060737934,0.0036390000872100056,0.0216838103890165,0.05263157894736842,0.024630541871921183,1.3060284989027607e-17,0.11666666666666667,0.0,0.019061554811699397,0.05555555555555555,0.23933933535788848,0.022251308900523556
0.0,0.0,0.0,0.0,0.0,0.0,0.0,0.0,0.001869158865899204,0.004421134989902514,0.007551746839446399,0.0038167938931297713,0.0044921477280745,0.0013245366234170127,0.001411133149787343,0.0006504155195708225,0.007245774746116612,0.013157894736842105,0.004926108374384234,6.12785831038441e-18,0.0,0.0,0.007859772159025722,0.0,0.06006641676063729,0.013089005235602094
0.0,0.0,0.0,0.0,0.0,0.0,0.0,0.0,0.0,0.00013706963252238524,0.006017496640432565,0.0,0.0023266263570554894,0.00018921951763100188,0.00023683353562864505,0.00021680517309205114,0.00396440300909391,0.0,0.0,1.6277719552849125e-18,0.0,0.0,0.005090883128787789,0.0,0.072650920539931,0.006918474195961109
0.5555555555555556,0.11111109829629594,0.057489512640971296,1.0,0.0,0.0,0.01778459498240584,0.1111111111111111,0.03177570093176847,0.06834895687086165,0.13228916772870236,0.03053435114503817,0.0834633439881315,0.01834256765513862,0.014397505353424713,0.014541264758987421,0.04005949211634364,0.06578947368421052,0.19211822660098524,0.0005501958946986722,0.16666666666666666,0.25,0.1340782739884426,0.16666666666666666,0.13200627742360466,0.26308900523560214
0.5555555555555556,0.11111109829629594,0.057489512640971296,1.0,0.0,0.0,0.01641654921200285,0.1111111111111111,0.028037383176472065,0.06326443163239306,0.13164505828011358,0.022900763358778626,0.08015334008131415,0.015226601606325886,0.010410807503675856,0.010073123498854593,0.03218419994748915,0.05263157894736842,0.1724137931034483,0.0004377156457129098,0.16666666666666666,0.25,0.13134222373682977,0.16666666666666666,0.1363577684861612,0.23691099476439792
0.8333333333333334,0.33333341022222424,0.29311721128025275,1.0,0.0,0.0,0.12066163670822092,0.3333333333333333,0.15514018692704393,0.22568960677232988,0.3436708547655115,0.1450381679389313,0.2737271473285517,0.06296583055672014,0.08710540079141874,0.10491419218448474,0.1788328901678799,0.22368421052631576,0.4088669950738916,0.002034898139900037,0.29999999999999993,0.25,0.345775591771347,0.38888888888888884,0.30355034499313366,0.5525430067314885
0.5555555555555556,0.11111109829629594,0.057489512640971296,1.0,0.0,0.0,0.02024707736420627,0.1111111111111111,0.04299065419765769,0.08410631791169892,0.15070412946623918,0.05343511450381679,0.11457133458689388,0.02911779441419072,0.035880280647739723,0.03795432495029669,0.06893556340214342,0.10526315789473685,0.25123152709359603,0.0007060169905951955,0.16666666666666666,0.25,0.18082340004921219,0.16666666666666666,0.10217979278082329,0.4446522064323112
0.7407407411111111,0.22222219659259185,0.175303361960612,1.0,0.0,0.0,0.05472183070941226,0.2222222222222222,0.08037383177411976,0.13576435657888639,0.2138000150876604,0.07251908396946564,0.1375153925339104,0.02967164115330158,0.026920078549789315,0.03186505331215119,0.07746712991840245,0.13157894736842102,0.2413793103448276,0.000528688083720939,0.2333333333333333,0.25,0.17516948263341067,0.22222222222222224,0.2806530306921076,0.33807030665669413
0.5555555555555556,0.11111109829629594,0.057489512640971296,1.0,0.0,0.0,0.0198366636339062,0.1111111111111111,0.03551401868706487,0.08891735595024969,0.1508992594096492,0.04580152671755725,0.10958051715040296,0.023924337970700926,0.028193058803793282,0.035630891489134245,0.05581007645405261,0.09210526315789473,0.21182266009852216,0.000994527814199473,0.16666666666666666,0.25,0.19124285800903362,0.16666666666666666,0.10727653600098253,0.3358264771877338
0.5555555555555556,0.11111109829629594,0.057489512640971296,1.0,0.0,0.0,0.02093110024530363,0.1111111111111111,0.0467289719529541,0.0897704886971249,0.15569295705999536,0.06106870229007634,0.12214509339818458,0.03237057340243624,0.04419905858669588,0.04599697921853579,0.0768108555709979,0.11842105263157894,0.270935960591133,0.0009583639973679427,0.16666666666666666,0.25,0.19368204900777264,0.16666666666666666,0.0989043118559291,0.5039267015706805
0.8333333333333334,0.33333341022222424,0.29311721128025275,1.0,0.0,0.0,0.18257547942717947,0.3333333333333333,0.21495327103528444,0.30046328394983624,0.3986697483367387,0.282442748091603,0.3782592032987453,0.10669398735126032,0.23231396232373172,0.24352511187776127,0.31604623195471715,0.3421052631578947,0.5665024630541873,0.007658274517644011,0.4,0.5,0.45016139607944594,0.38888888888888884,0.2747855655542778,0.68754674644727
0.7407407411111111,0.22222219659259185,0.175303361960612,1.0,0.0,0.0,0.06347732361700825,0.2222222222222222,0.091588785040009,0.146450543331938,0.23901492578497568,0.09541984732824427,0.17707117756081076,0.041446953159152325,0.04541283045679269,0.05065646064618637,0.10699947555160676,0.15789473684210525,0.33004926108374383,0.0012707764587919497,0.2833333333333333,0.25,0.22808516728800005,0.2777777777777778,0.22404387218506816,0.3799551234106208
0.8333333333333334,0.33333341022222424,0.29311721128025275,1.0,0.0,0.0,0.109580465990119,0.3333333333333333,0.1476635514164511,0.2189737643116916,0.32319109310369504,0.1297709923664122,0.23437539824702894,0.05402515328577568,0.06151751087954055,0.07576918094076922,0.1463759363958792,0.21052631578947367,0.38916256157635465,0.0013103662637709626,0.29999999999999993,0.25,0.2921290133287614,0.38888888888888884,0.3319205176013487,0.48915482423335827
0.5555555555555556,0.11111109829629594,0.057489512640971296,1.0,0.0,0.0,0.0214001445073311,0.11640211644444445,0.05420560748704491,0.10146136723611834,0.15814011207926554,0.07633587786259542,0.1359813550927297,0.03845911067323982,0.0642904368591926,0.050465120478668614,0.08331638604497359,0.14473684210526316,0.31034482758620685,0.0013742556792123676,0.16666666666666666,0.25,0.20227151794722956,0.16666666666666666,0.09091692531847667,0.45699326851159316
0.7407407411111111,0.22222219659259185,0.175303361960612,1.0,0.0,0.0,0.0755161263752131,0.2222222222222222,0.10841121495059182,0.16363857866282586,0.233961727215856,0.1297709923664122,0.18252048323217565,0.0502469839789246,0.06302732466917316,0.07029242559996836,0.13259417510038385,0.19736842105263158,0.38916256157635465,0.000889639171525427,0.33333333333333337,0.5,0.24206992408760047,0.2777777777777778,0.2038749623187111,0.36106955871353774
0.5555555555555556,0.11111109829629594,0.057489512640971296,1.0,0.0,0.0,0.02093110024530363,0.1111111111111111,0.0467289719529541,0.0878222903082099,0.15182721871974697,0.06106870229007634,0.11642165412409095,0.02978067299668749,0.03567305130406466,0.03634579410843562,0.06893556340214342,0.11842105263157894,0.270935960591133,0.0005794738433714752,0.16666666666666666,0.25,0.17224584049178113,0.16666666666666666,0.10059648084674042,0.3805160807778609
0.888888888888889,0.44444450851852013,0.4109310605998934,1.0,0.0,0.0,0.2035652102288353,0.4444444444444445,0.25233644870573857,0.3254551767658074,0.4355046231875769,0.24045801526717556,0.3391347900741665,0.08684186180635527,0.1259066283785784,0.14361971161704074,0.24941100893839205,0.3289473684210526,0.5270935960591133,0.003258818412356552,0.4666666666666667,0.25,0.4064388228737871,0.5,0.4191059486194693,0.5800299177262529
0.9296485255555555,0.666666705111112,0.6465586056401263,1.0,0.047619048,0.0,0.4339962335084313,0.7333333333333332,0.514018691576487,0.6772551212152096,0.6643663252011209,0.5801526717557252,0.6363349479790995,0.18489302955755965,0.441171536556243,0.39177109570571533,0.47176280711347496,0.6184210526315789,0.7635467980295567,0.015657647364795167,0.65,0.5,0.6793294051576179,0.7222222222222221,0.5623956786539686,0.8363874345549738
0.8333333333333334,0.33333341022222424,0.29311721128025275,1.0,0.0,0.0,0.13174280742632286,0.3333333333333333,0.16261682243763673,0.22868825332104434,0.322858301213148,0.16030534351145037,0.24289860313537243,0.06091735829960841,0.06912578821161076,0.07576918094076922,0.1673767155128245,0.23684210526315785,0.42857142857142855,0.0014057944548375536,0.29999999999999993,0.5,0.2928787192863412,0.38888888888888884,0.3233836122679112,0.40276738967838444
0.5555555555555556,0.11111109829629594,0.057489512640971296,1.0,0.0,0.0,0.021810558237631176,0.13862433866666662,0.05794392524234132,0.11316468512445424,0.15548857541456906,0.08396946564885496,0.13825637318133732,0.04488559703004467,0.08582255247343024,0.06369081859687505,0.08538658320810937,0.15789473684210525,0.33004926108374383,0.002514231282602706,0.16666666666666666,0.25,0.22253692494476182,0.16666666666666666,0.08253179184297788,0.44296933433059094
0.5555555555555556,0.11111109829629594,0.057489512640971296,1.0,0.0,0.0,0.0214001445073311,0.11640211644444445,0.05046728970825051,0.11546624686117671,0.14637781428629487,0.07633587786259542,0.11934742840918922,0.036179042809084606,0.06014584998569131,0.050465120478668614,0.07806619126573726,0.14473684210526316,0.29064039408866993,0.0014447026567786813,0.16666666666666666,0.25,0.18456421880858218,0.16666666666666666,0.09312058291558276,0.5695587135377711
0.6583662266666667,0.22222219659259185,0.175303361960612,1.0,0.333333333,0.0,0.05413552537572171,0.2529100528888889,0.13644859815056187,0.3057408478313841,0.2651659133084658,0.2213740458015267,0.2595620262765008,0.08580585164469043,0.23563949988651728,0.24245445941055277,0.10748901977841878,0.30263157894736836,0.47783251231527096,0.006409838445715348,0.33333333333333337,0.5,0.375066404413569,0.2777777777777778,0.17031140096240804,0.7329842931937174
0.7815192744444445,0.33333341022222424,0.29311721128025275,1.0,0.166666667,0.0,0.10495516842333757,0.34973544977777776,0.192523364503506,0.3338751348748934,0.33425603497222056,0.25190839694656486,0.29078933932678963,0.08509141225739535,0.1600106575091033,0.15048188502977464,0.16296856088529824,0.3157894736842105,0.5073891625615764,0.0048861318004545,0.4,0.5,0.3581365093517438,0.38888888888888884,0.29137614858150884,0.6213537771129394
0.8333333333333334,0.33333341022222424,0.29311721128025275,1.0,0.0,0.0,0.16621756077152883,0.3386243386666666,0.2000000000140988,0.2857624543954489,0.34807369350167733,0.25190839694656486,0.3071387106555341,0.09040560702601225,0.1727996684330501,0.15425417188570212,0.24757864055856868,0.3157894736842105,0.5270935960591133,0.004847609931526056,0.4,0.5,0.3598914234639041,0.38888888888888884,0.2895168560965535,0.5087883320867614
0.8333333333333334,0.33333341022222424,0.29311721128025275,1.0,0.0,0.0,0.1169679131355203,0.3333333333333333,0.1476635514164511,0.240823393452592,0.30729018223793714,0.1450381679389313,0.21966020622251298,0.05571695068791893,0.07052705329741359,0.09114489552230934,0.1469802872094502,0.22368421052631576,0.38916256157635465,0.0025923333709325334,0.35,0.25,0.30343437340508395,0.38888888888888884,0.31415309209865244,0.5656320119670906
0.87063632,0.5555556068148161,0.5287447563204857,1.0,0.133333333,0.6000000000000001,0.26439261146673576,0.6084656084444444,0.4168224300327725,0.6876196188452304,0.57458115875628,0.564885496183206,0.5683352483523776,0.16781449062752415,0.4670850725796106,0.5290558744608505,0.38392265351880156,0.5657894736842105,0.6748768472906405,0.016183642585886268,0.6333333333333333,0.5,0.6464662058690417,0.5555555555555555,0.48264427746826405,0.8044128646222888
0.9092662011111112,0.666666705111112,0.6465586056401263,1.0,0.095238095,0.0,0.4259952386031661,0.7312169312222223,0.5794392523529192,0.8094035194814336,0.7048020580738205,0.7404580152671756,0.7332429573972917,0.2231911251311202,0.6478482686481739,0.6048029711100518,0.5323137243055192,0.6973684210526315,0.8423645320197045,0.023432441254198667,0.7000000000000001,0.5,0.7710696144390256,0.7222222222222221,0.5637898863420678,0.8799551234106209
0.7407407411111111,0.22222219659259185,0.175303361960612,1.0,0.0,0.30000000000000004,0.049249647636008545,0.23333333333333334,0.08598130841881338,0.14592384447977416,0.24163122645507634,0.08396946564885496,0.1817722674208277,0.038163801145907415,0.04840285384410433,0.03925493260280324,0.09004947135360405,0.14473684210526316,0.270935960591133,0.0018151169349270903,0.2333333333333333,0.25,0.24087202148041292,0.22222222222222224,0.23991048600489018,0.41529543754674647
0.7407407411111111,0.22222219659259185,0.175303361960612,1.0,0.0,0.0,0.05800514055181282,0.24074074077777774,0.08598130841881338,0.14412465656797577,0.22333286541896646,0.08396946564885496,0.16142152160188775,0.03868340138511737,0.041218903263368765,0.044955696624494806,0.08715816882292675,0.14473684210526316,0.31034482758620685,0.0014342143231414668,0.2333333333333333,0.25,0.21725329807644983,0.2777777777777778,0.22315138388022376,0.4244577412116679
0.5555555555555556,0.11111109829629594,0.057489512640971296,1.0,0.0,0.0,0.02052068651500356,0.12962962966666663,0.04299065419765769,0.08901160890535939,0.137855736866126,0.05343511450381679,0.10158768226282802,0.0292943378514283,0.03544608583242054,0.03509471453202493,0.06095822036225973,0.10526315789473685,0.25123152709359603,0.0009360997816126065,0.16666666666666666,0.25,0.16124104414529367,0.16666666666666666,0.09936695434702514,0.4102468212415857
0.5555555555555556,0.11111109829629594,0.057489512640971296,1.0,0.0,0.0,0.018468617863503206,0.1111111111111111,0.03551401868706487,0.07178456470640543,0.14409517855177623,0.03816793893129771,0.1015042351317272,0.022249568773544413,0.020486100831877792,0.019724308617794815,0.04972522552829858,0.07894736842105263,0.21182266009852216,0.0006969683764837605,0.16666666666666666,0.25,0.15593772067619965,0.16666666666666666,0.11657858083892508,0.4629768137621541
0.8333333333333334,0.33333341022222424,0.29311721128025275,1.0,0.0,0.0,0.15575201064887703,0.3481481481111111,0.17757009348232036,0.2926602188432794,0.35972403756213267,0.2213740458015267,0.3139981515376859,0.08484682355157859,0.17103328497981982,0.19028383146050534,0.2315253797092335,0.28947368421052627,0.458128078817734,0.006421548598158295,0.4,0.5,0.42109092748775206,0.38888888888888884,0.27656844875902953,0.7466342557965595
0.5555555555555556,0.11111109829629594,0.057489512640971296,1.0,0.0,0.0,0.021810558237631176,0.14391534388888888,0.05794392524234132,0.11705353705034902,0.1652123516812763,0.08396946564885496,0.1504533151791908,0.047744958063261275,0.09707214541579089,0.07655906542016422,0.08924334725935923,0.15789473684210525,0.33004926108374383,0.0030721528105288813,0.16666666666666666,0.25,0.24072539340530474,0.16666666666666666,0.0827372944276352,0.6922213911742707
0.7407407411111111,0.22222219659259185,0.175303361960612,1.0,0.0,0.30000000000000004,0.047060774405005404,0.2592592592222222,0.08037383177411976,0.1424690858696848,0.23220221337035019,0.07251908396946564,0.1675304029669258,0.034954371478741385,0.04013341622507081,0.03735467792890605,0.06946283888876369,0.13157894736842102,0.25123152709359603,0.002018295748274318,0.2333333333333333,0.25,0.2268505726561687,0.22222222222222224,0.2415011248562529,0.518511593118923
0.5555555555555556,0.11111109829629594,0.057489512640971296,1.0,0.0,0.0,0.018879031593803275,0.1111111111111111,0.03925233644236128,0.0762557115751227,0.14522822875981534,0.04580152671755725,0.10648704618267917,0.024260815118074527,0.024147152570137265,0.02437117552538627,0.05351448118377542,0.09210526315789473,0.23152709359605914,0.000841387085447663,0.16666666666666666,0.25,0.1579953236849108,0.16666666666666666,0.11638319637813033,0.34293193717277487
0.5555555555555556,0.11111109829629594,0.057489512640971296,1.0,0.0,0.0,0.02024707736420627,0.1111111111111111,0.04299065419765769,0.08336222767514079,0.14732097951705414,0.05343511450381679,0.11265855268577774,0.028151711309207912,0.032623819532845856,0.03366490935235593,0.061851265762485494,0.10526315789473685,0.25123152709359603,0.000939256346560282,0.16666666666666666,0.25,0.17140974257345773,0.16666666666666666,0.10392918150658167,0.35583395661929695
0.7407407411111111,0.22222219659259185,0.175303361960612,1.0,0.0,0.0,0.07270186079484,0.2296296296666666,0.11401869159528544,0.17490389764238604,0.25514636226069276,0.1412213740458015,0.21825058357272795,0.059093503725700706,0.09901615402074268,0.09541801514103833,0.14512671163910215,0.21052631578947367,0.3990147783251231,0.0026848127986807786,0.2833333333333333,0.25,0.28320119111275843,0.2777777777777778,0.2018450573313832,0.5792819745699327
0.5555555555555556,0.11111109829629594,0.057489512640971296,1.0,0.0,0.0,0.01778459498240584,0.1111111111111111,0.03177570093176847,0.06574298617273105,0.1397836016081916,0.03053435114503817,0.09369052630378648,0.0177976108274051,0.012423892556519338,0.013647636506960856,0.03725867758521959,0.06578947368421052,0.19211822660098524,0.0003033463878676034,0.16666666666666666,0.25,0.14041609348460238,0.16666666666666666,0.12094856364509249,0.2075542258788332
0.7407407411111111,0.22222219659259185,0.175303361960612,1.0,0.0,0.0,0.060194013774607695,0.24444444444444446,0.091588785040009,0.1547911824506266,0.23358432813226737,0.09541984732824427,0.17426499652000918,0.043208256945146004,0.05414606708309897,0.05825747934177512,0.08965893910633008,0.15789473684210525,0.33004926108374383,0.0010405608390559552,0.2333333333333333,0.25,0.24255404179331413,0.2777777777777778,0.20642752073866494,0.3949139865370232
0.8699845677777778,0.5555556068148161,0.5287447563204857,1.0,0.066666667,0.0,0.3073661270550224,0.7142857143333332,0.3943925233600061,0.5305049434120962,0.5718255855125973,0.45038167938931295,0.5360503934290396,0.14689810758801594,0.34460266240366305,0.25835499170341797,0.33408040137463213,0.5,0.6354679802955665,0.009532441863019783,0.5833333333333334,0.5,0.5791393612258395,0.5555555555555555,0.5091111960878449,0.6464098728496634
0.5555555555555556,0.11111109829629594,0.057489512640971296,1.0,0.0,0.0,0.019152640744600567,0.1111111111111111,0.03551401868706487,0.07360731559552777,0.14508913028016956,0.03816793893129771,0.10374507214302603,0.022577474125393723,0.021463039166345954,0.022941370322143766,0.04872577881439468,0.07894736842105263,0.21182266009852216,0.000621723646142738,0.16666666666666666,0.25,0.16666161010279268,0.16666666666666666,0.10608259738519768,0.38089005235602097
0.7159722222222222,0.33333341022222424,0.29311721128025275,1.0,0.166666667,0.0,0.10518317598743993,0.4666666666666666,0.17009345794822953,0.3038111556468891,0.3253517729455017,0.20610687022900762,0.2596114593371796,0.07101043904740535,0.11323603422244591,0.11085139301438854,0.1192682541175545,0.2763157894736842,0.438423645320197,0.0011718844507804442,0.35,0.5,0.3197617661245394,0.38888888888888884,0.29737166032132367,0.35751682872101725
0.8333333333333334,0.33333341022222424,0.29311721128025275,1.0,0.0,0.0,0.13913025457172412,0.3518518518888889,0.16261682243763673,0.24876972472770417,0.3051784732691344,0.17557251908396945,0.22697646195137636,0.06049190805363003,0.08418445385199878,0.08655512998789547,0.1522104598721274,0.25,0.3793103448275862,0.0005366122753422009,0.35,0.5,0.2763275754465541,0.33333333333333326,0.3280351580381167,0.3298429319371728
0.27708333333333335,0.11111109829629594,0.057489512640971296,1.0,1.0,0.0,0.008208274606001424,0.1518518518888889,0.03925233644236128,0.13877475006082005,0.14233906211337982,0.06106870229007634,0.10652702600515156,0.0285105392552236,0.041120222623523495,0.035655913465499886,0.004120780008091516,0.11842105263157894,0.23152709359605914,0.00045004543728120673,0.16666666666666666,0.25,0.17997987870451673,0.16666666666666666,0.0921115617359072,0.42352281226626776
0.7672839511111111,0.44444450851852013,0.4109310605998934,1.0,0.2,0.0,0.14331908041964128,0.625925925888889,0.2710280373647306,0.4875972629988975,0.43995390688945957,0.3549618320610687,0.3862526320057379,0.10928212192262662,0.22421228179243516,0.24197537821318074,0.16627108017063294,0.4078947368421052,0.5665024630541873,0.003024209345816589,0.4666666666666667,0.5,0.4465775265014331,0.5,0.37673961950271867,0.45213163799551237
0.5555555555555556,0.11111109829629594,0.057489512640971296,0.0,0.0,0.0,0.01778459498240584,0.1111111111111111,0.03177570093176847,0.06462070862062144,0.10003870437846382,0.03053435114503817,0.05074693022402205,0.009096287277258716,0.006503054165803211,0.0073922387457215815,0.029559102557870986,0.06578947368421052,0.059113300492610835,2.058126219720249e-05,0.11666666666666667,0.25,0.06499694824809664,0.1111111111111111,0.18606811102303306,0.05833956619296933
0.5555555555555556,0.11111109829629594,0.057489512640971296,0.0,0.0,0.2,0.012312411909002136,0.1111111111111111,0.02429906542117565,0.05576603606927183,0.09010522681493163,0.015267175572519085,0.03772780780377448,0.004260625111403701,0.0023979395482400306,0.003102823135994066,0.016433615609780176,0.039473684210526314,0.024630541871921183,3.645942919879015e-06,0.11666666666666667,0.0,0.050588566147102075,0.05555555555555555,0.22448383612267914,0.08077786088257292
0.49039780555555557,0.22222219659259185,0.175303361960612,1.0,0.333333333,0.0,0.03556918995660341,0.37037037033333325,0.07476635515292415,0.18306862602650717,0.1677614289138285,0.08396946564885496,0.09743620270078344,0.03035869835713685,0.024502402873580232,0.02901371801833102,0.024284052674024437,0.14473684210526316,0.270935960591133,0.00015607271730930358,0.2333333333333333,0.25,0.11993802490632813,0.2777777777777778,0.2507954938760928,0.09218399401645475
0.1234567900000001,0.11111109829629594,0.057489512640971296,1.0,1.0,0.0,0.008208274606001424,0.18518518522222222,0.028037383176472065,0.11124891115767116,0.09350203695725619,0.03816793893129771,0.04967739118142672,0.016104292100340097,0.011338405518221382,0.01097921241258282,0.0,0.07894736842105263,0.1724137931034483,3.528964638590503e-05,0.16666666666666666,0.25,0.075122988392718,0.16666666666666666,0.13592199135842442,0.061331338818249814
0.49039780555555557,0.22222219659259185,0.175303361960612,1.0,0.333333333,0.0,0.03556918995660341,0.37037037033333325,0.07476635515292415,0.1827625904754798,0.154419086490569,0.08396946564885496,0.08525154265003078,0.0288835036778698,0.022153803645262836,0.024968608900597745,0.02226239775390323,0.14473684210526316,0.2610837438423645,5.621889928527249e-05,0.2333333333333333,0.25,0.10617994607009716,0.2777777777777778,0.26301400069221925,0.06824981301421093
0.5555555555555556,0.11111109829629594,0.057489512640971296,1.0,0.0,0.0,0.018468617863503206,0.1111111111111111,0.03551401868706487,0.07060153162664348,0.08815102032113942,0.03816793893129771,0.0525068913419668,0.019111199777190536,0.014446845673347346,0.015434893008067298,0.0426845895059618,0.07894736842105263,0.2019704433497537,4.2621586246472926e-08,0.16666666666666666,0.25,0.07246341173935608,0.16666666666666666,0.14815584981075625,0.06488406881077037
0.5555555555555556,0.11111109829629594,0.057489512640971296,1.0,0.0,0.0,0.01778459498240584,0.1111111111111111,0.03177570093176847,0.0650606544867533,0.080844607377643,0.03053435114503817,0.0433010751054866,0.01608366637819634,0.008634555986461017,0.010073123498854593,0.033496748642298235,0.06578947368421052,0.19211822660098524,1.1536927361495033e-08,0.16666666666666666,0.25,0.05901182078408273,0.16666666666666666,0.15785354818180802,0.06095736724008975
0.8333333333333334,0.33333341022222424,0.29311721128025275,1.0,0.0,0.0,0.1169679131355203,0.3333333333333333,0.1476635514164511,0.2351485036821123,0.2203923668149016,0.1450381679389313,0.1467180909482724,0.05052175985833054,0.062237879550411004,0.08426024719122165,0.14440984321869202,0.22368421052631576,0.3399014778325123,2.755853568547048e-07,0.35,0.25,0.17900973534743087,0.33333333333333326,0.3832078918574922,0.1112565445026178
0.7407407411111111,0.22222219659259185,0.175303361960612,1.0,0.0,0.0,0.049249647636008545,0.2222222222222222,0.07476635515292415,0.12970361768403674,0.1253215493110551,0.06106870229007634,0.06395719730735135,0.026017686285492093,0.014358033097486605,0.01961896765491464,0.05777889949626623,0.11842105263157894,0.270935960591133,5.03242825560759e-09,0.18333333333333332,0.25,0.07734623750076462,0.2777777777777778,0.2980007285049181,0.04693343305908751
0.8333333333333334,0.33333341022222424,0.29311721128025275,1.0,0.0,0.0,0.168416205731827,0.3407407407777777,0.192523364503506,0.2888678803997953,0.24237693156204915,0.25190839694656486,0.1996860410558474,0.07947269005695685,0.13576482429912076,0.15081184770542486,0.22609616444468913,0.3157894736842105,0.4876847290640394,8.541434352204827e-07,0.4,0.5,0.20734484467852377,0.38888888888888884,0.34840677928254826,0.14753178758414362
0.5555555555555556,0.11111109829629594,0.057489512640971296,1.0,0.0,0.0,0.02120470939610092,0.11851851855555554,0.0467289719529541,0.10600832290716533,0.08990400409882641,0.06870229007633588,0.06484157164241286,0.029707547713874558,0.042185973533852394,0.04403099705229059,0.06548157048472324,0.13157894736842102,0.25123152709359603,1.1588278670225784e-07,0.16666666666666666,0.25,0.09835770976178727,0.16666666666666666,0.12687115511293223,0.11761406133133881
0.5555555555555556,0.11111109829629594,0.057489512640971296,0.0,0.0,0.0,0.018468617863503206,0.1111111111111111,0.03551401868706487,0.0703174851026333,0.08684800446952907,0.03816793893129771,0.04989591993065223,0.011920852317095228,0.012937031883714735,0.01329018520615023,0.04005949211634364,0.07894736842105263,0.06896551724137931,3.183781141302795e-08,0.11666666666666667,0.25,0.06625405658833047,0.1111111111111111,0.1721277786461532,0.07161555721765146
0.5555555555555556,0.11111109829629594,0.057489512640971296,1.0,0.0,0.0,0.01778459498240584,0.1111111111111111,0.03177570093176847,0.06479840290408295,0.0690523242219857,0.03053435114503817,0.03375072605477682,0.015326781495769699,0.0070556657489367165,0.008285866997748149,0.030871651252680068,0.06578947368421052,0.19211822660098524,9.072064542421317e-10,0.16666666666666666,0.25,0.0434082681788672,0.16666666666666666,0.17006507698147755,0.03702318623784592
0.5555555555555556,0.11111109829629594,0.057489512640971296,1.0,0.0,0.0,0.019152640744600567,0.1111111111111111,0.03551401868706487,0.06965526843185407,0.07003684912428498,0.03816793893129771,0.037851242669622226,0.018354293815709632,0.011160780366499897,0.01329018520615023,0.04005949211634364,0.07894736842105263,0.2019704433497537,9.123415851152008e-10,0.16666666666666666,0.25,0.048566267923348165,0.16666666666666666,0.1662208877153416,0.05235602094240838
0.5555555555555556,0.11111109829629594,0.057489512640971296,1.0,0.0,0.0,0.01641654921200285,0.1111111111111111,0.028037383176472065,0.060374767285379244,0.06403284939954294,0.022900763358778626,0.028639280191174673,0.013056146867914736,0.005230073911799244,0.0064986104936950164,0.025621456473443743,0.05263157894736842,0.1724137931034483,2.499097024892952e-10,0.16666666666666666,0.25,0.03928688875511964,0.16666666666666666,0.1773839695423538,0.031413612565445025
0.7407407411111111,0.22222219659259185,0.175303361960612,1.0,0.0,0.0,0.05472183070941226,0.2222222222222222,0.08037383177411976,0.13456020258500898,0.11085352373765307,0.07251908396946564,0.05785636119448846,0.026490732695403668,0.01781185549207101,0.024475174039179273,0.06762301470733434,0.13157894736842102,0.23152709359605914,3.406303479135148e-10,0.2333333333333333,0.25,0.065753283712422,0.22222222222222224,0.32186694039099223,0.042258788332086766
0.5555555555555556,0.11111109829629594,0.057489512640971296,1.0,0.0,0.0,0.01778459498240584,0.1111111111111111,0.03177570093176847,0.06494276682889877,0.06042311722257422,0.03053435114503817,0.029184616998928496,0.015326780965955049,0.007608277332070221,0.009179495246828028,0.03218419994748915,0.06578947368421052,0.18226600985221675,8.729722484210906e-11,0.16666666666666666,0.25,0.03885573831726193,0.16666666666666666,0.17800954871771968,0.041323859386686604
0.7407407411111111,0.22222219659259185,0.175303361960612,1.0,0.0,0.0,0.05472183070941226,0.2222222222222222,0.08037383177411976,0.1344132884423707,0.10432097276241546,0.07251908396946564,0.05352173887771158,0.026017683749950553,0.016785576837680213,0.022997198181048863,0.06565419166512071,0.13157894736842102,0.23152709359605914,1.2136025963346702e-10,0.2333333333333333,0.25,0.06066492326253387,0.22222222222222224,0.32649510980606694,0.049738219895287955
0.5555555555555556,0.11111109829629594,0.057489512640971296,0.0,0.0,0.2,0.01368045767940513,0.1111111111111111,0.028037383176472065,0.06047647794124439,0.055895519578309946,0.022900763358778626,0.02367314821487204,0.007663390464055574,0.004953768120232491,0.005783707892073763,0.02430890777863466,0.05263157894736842,0.054187192118226604,1.95134973175978e-11,0.11666666666666667,0.0,0.030635056200858032,0.1111111111111111,0.21377083635714045,0.020194465220643228
0.5555555555555556,0.11111109829629594,0.057489512640971296,1.0,0.0,0.0,0.01778459498240584,0.1111111111111111,0.03177570093176847,0.06567158120666641,0.05676558338335641,0.03053435114503817,0.03414829705785424,0.01684053706915916,0.010134501712109101,0.011860380002907725,0.03612184603191639,0.06578947368421052,0.19211822660098524,1.2136025898821677e-14,0.16666666666666666,0.25,0.050454182452609395,0.16666666666666666,0.1534567000122813,0.06787584143605085
0.7407407411111111,0.22222219659259185,0.175303361960612,1.0,0.0,0.0,0.049249647636008545,0.2222222222222222,0.07476635515292415,0.1304400576157321,0.10516810561468591,0.06106870229007634,0.060575075411432686,0.027436830056495262,0.0180289528997306,0.023419476999762327,0.0636853686229071,0.11842105263157894,0.270935960591133,1.3625213910090026e-13,0.18333333333333332,0.25,0.07798507907244097,0.2777777777777778,0.27994685542666387,0.0768511593118923
0.0,0.0,0.0,0.0,0.0,0.0,0.0,0.0,0.0,0.00014217974194835614,0.04048327287897363,0.0,0.020156255556725452,0.0003868546868403531,0.00029604191953580637,0.00021680517309205114,0.00396440300909391,0.0,0.004926108374384234,7.018012193194348e-06,0.0,0.0,0.03565233219309015,0.0,0.05302699375886208,0.06077038145100973
0.5555555555555556,0.11111109829629594,0.057489512640971296,0.0,0.0,0.2,0.01368045767940513,0.1111111111111111,0.028037383176472065,0.060498143724535824,0.117995220124275,0.022900763358778626,0.06362472457489937,0.007717655821263283,0.00536822680758262,0.005783707892073763,0.02430890777863466,0.05263157894736842,0.054187192118226604,8.436780385011682e-05,0.11666666666666667,0.0,0.08718191571643326,0.1111111111111111,0.19341107774068578,0.19296933433059088
0.5555555555555556,0.11111109829629594,0.057489512640971296,1.0,0.0,0.0,0.01778459498240584,0.1111111111111111,0.03177570093176847,0.06492687254533663,0.12441266667880928,0.03053435114503817,0.07233836379705669,0.015412322492919796,0.008160888915203727,0.009179495246828028,0.03218419994748915,0.06578947368421052,0.18226600985221675,0.00013406457341350432,0.16666666666666666,0.25,0.10324752099847227,0.16666666666666666,0.15452468543101816,0.1273373223635004
0.5555555555555556,0.11111109829629594,0.057489512640971296,1.0,0.0,0.0,0.01641654921200285,0.1111111111111111,0.028037383176472065,0.06048727257352218,0.12713842762359978,0.022900763358778626,0.0710849831979375,0.013505484904833035,0.005989914838607813,0.007213513095316269,0.026934005168252825,0.05263157894736842,0.1724137931034483,0.00011454080583409586,0.16666666666666666,0.25,0.10113032208820762,0.16666666666666666,0.15302510969441874,0.13313388182498131
0.7407407411111111,0.22222219659259185,0.175303361960612,1.0,0.0,0.0,0.06676063345940883,0.2222222222222222,0.09719626168470259,0.1596648812287708,0.2570229841523804,0.10687022900763359,0.1994455439343629,0.0478706205235835,0.06302732466917316,0.07324837729854905,0.126687705973743,0.17105263157894735,0.34975369458128075,0.002384028498776779,0.2833333333333333,0.25,0.2806481324933786,0.2777777777777778,0.19900221342682017,0.443343305908751
0.9523809522222223,0.666666705111112,0.6465586056401263,1.0,0.0,0.0,0.6529096143510611,0.7148148147777778,0.5794392523529192,0.6317048662597713,0.7795927692714593,0.6603053435114503,0.7902148033732033,0.2275093988447068,0.5571311564384183,0.4857108749513798,0.6776914150850545,0.6578947368421052,0.8620689655172414,0.03015105785804812,0.65,0.75,0.8175982011756434,0.7222222222222221,0.5503408063237576,0.8210545998504115
0.888888888888889,0.44444450851852013,0.4109310605998934,1.0,0.0,0.0,0.26360287588326736,0.4444444444444445,0.2803738316942266,0.36419947372060635,0.46963772085115063,0.31679389312977096,0.4049375161008317,0.10838833335108654,0.19423310340744251,0.1969369325403365,0.3281639306269369,0.381578947368421,0.5862068965517242,0.006520287579269783,0.4666666666666667,0.5,0.4784000282343991,0.5,0.3991404479328325,0.6544502617801049
0.5555555555555556,0.11111109829629594,0.057489512640971296,1.0,0.0,0.0,0.018879031593803275,0.1111111111111111,0.03925233644236128,0.07573389876670164,0.13883945104695922,0.04580152671755725,0.0939547266955856,0.02278124099091581,0.02039728825601705,0.02061793686982138,0.05055988167481629,0.09210526315789473,0.23152709359605914,0.00037172219598177953,0.16666666666666666,0.25,0.13523271980895898,0.16666666666666666,0.12263898813178958,0.28777112939416605
0.5555555555555556,0.11111109829629594,0.057489512640971296,1.0,0.0,0.0,0.01641654921200285,0.1111111111111111,0.028037383176472065,0.06080746060463277,0.13038565089923054,0.022900763358778626,0.07739259298034847,0.014307575011211987,0.007647749588008329,0.008643318298558774,0.029559102557870986,0.05263157894736842,0.1724137931034483,0.00018570841343293053,0.16666666666666666,0.25,0.11369854243037995,0.16666666666666666,0.1346118687686313,0.25392670157068065
0.8333333333333334,0.33333341022222424,0.29311721128025275,1.0,0.0,0.0,0.176771056728709,0.3333333333333333,0.21495327103528444,0.29935216340461,0.39994100028613105,0.282442748091603,0.37441458936407257,0.10436773921497842,0.22201170352388566,0.18661201902708088,0.30256931088112043,0.3421052631578947,0.5665024630541873,0.007664385494553992,0.45000000000000007,0.5,0.44315457058214747,0.38888888888888884,0.27516412294706755,0.6353777112939416
0.5555555555555556,0.11111109829629594,0.057489512640971296,1.0,0.0,0.0,0.018879031593803275,0.1111111111111111,0.03925233644236128,0.07709316329737262,0.14784203803237378,0.04580152671755725,0.10379646836123071,0.02457413535381702,0.024936597688899415,0.02061793686982138,0.05581007645405261,0.09210526315789473,0.23152709359605914,0.0007467519297589028,0.16666666666666666,0.25,0.15803534051137402,0.16666666666666666,0.116306089296281,0.43735976065819
0.5555555555555556,0.11111109829629594,0.057489512640971296,1.0,0.0,0.0,0.018879031593803275,0.1111111111111111,0.03925233644236128,0.0767683915499619,0.1514821346641505,0.04580152671755725,0.10894216387518732,0.024569631437326656,0.024837917049054147,0.02061793686982138,0.05581007645405261,0.09210526315789473,0.23152709359605914,0.0007406623492275594,0.16666666666666666,0.25,0.1611379667263056,0.16666666666666666,0.11696551185146314,0.31731488406881075
0.5555555555555556,0.11111109829629594,0.057489512640971296,1.0,0.0,0.0,0.018468617863503206,0.1111111111111111,0.03551401868706487,0.07057438141960898,0.12994741525622516,0.03816793893129771,0.08280267082982125,0.01936132637062981,0.014180407945765122,0.014362539108582107,0.04137204081115272,0.07894736842105263,0.21182266009852216,0.00037106370103282297,0.16666666666666666,0.25,0.11863993695237493,0.16666666666666666,0.12398016289481617,0.22344801795063574
0.93725094,0.666666705111112,0.6465586056401263,1.0,0.047619048,0.0,0.5080246841499436,0.6920634921111111,0.5532710281363383,0.7638831562476918,0.7032297312646547,0.7137404580152671,0.7137691245870963,0.21315974633248116,0.6047840374196986,0.6774468029745736,0.5957149116034609,0.6842105263157894,0.812807881773399,0.021034102515046876,0.7000000000000001,0.5,0.7671036780713166,0.7222222222222221,0.5733361617560038,0.8853777112939416
0.7407407411111111,0.22222219659259185,0.175303361960612,1.0,0.0,0.30000000000000004,0.056285311582837165,0.237037037,0.09719626168470259,0.16119505584646507,0.24452058058728932,0.10687022900763359,0.1927123267310782,0.04711973268886084,0.07360588926058596,0.06965900735569139,0.11323323869691933,0.17105263157894735,0.3004926108374384,0.0022694348010946904,0.2833333333333333,0.25,0.25413097553708947,0.22222222222222224,0.2353116242589347,0.5856394913986536
0.0,0.0,0.0,0.0,0.0,0.0,0.0,0.014814814777777768,0.007476635510592815,0.027643684292681187,0.061403925373857526,0.015267175572519085,0.051105245873065225,0.010373529579717062,0.024087944186230104,0.014959556950718253,0.022387720173668635,0.05263157894736842,0.06403940886699508,0.0007375804148485723,0.0,0.0,0.11566741130883673,0.05555555555555555,0.0,0.3917352281226627
0.5555555555555556,0.11111109829629594,0.057489512640971296,1.0,0.0,0.0,0.019348075855830746,0.12169312166666665,0.0467289719529541,0.09692377343195366,0.15912566866841144,0.06106870229007634,0.13388911813574597,0.03665674996062276,0.06172474022321561,0.05082257177358586,0.0766727605640018,0.11842105263157894,0.270935960591133,0.001966622638008915,0.16666666666666666,0.25,0.21559214361064843,0.16666666666666666,0.09940777574329832,0.5301047120418849
0.5555555555555556,0.11111109829629594,0.057489512640971296,1.0,0.0,0.0,0.02071612162623374,0.12169312166666665,0.05046728970825051,0.10068685958194723,0.1588861715549605,0.06870229007633588,0.13387818272911042,0.0378792557871184,0.06476410393044989,0.05118002306850312,0.07810823437926283,0.13157894736842102,0.28078817733990147,0.0020415108190963175,0.16666666666666666,0.25,0.21079121876714618,0.16666666666666666,0.10438065917134659,0.3777112939416604
0.5555555555555556,0.11111109829629594,0.057489512640971296,1.0,0.0,0.0,0.019348075855830746,0.11640211644444445,0.0467289719529541,0.09330575190226131,0.15428670813987355,0.06106870229007634,0.12306341499319423,0.033670152690511886,0.05189614849462684,0.04277991750534677,0.07266045649980601,0.11842105263157894,0.270935960591133,0.0016189242959616435,0.16666666666666666,0.25,0.1857673184018586,0.16666666666666666,0.11695888273582905,0.3707928197456994
0.7407407411111111,0.22222219659259185,0.175303361960612,1.0,0.0,0.0,0.08262996439444192,0.22751322755555553,0.11962616823997906,0.22077443876116346,0.27733420794693053,0.17557251908396945,0.2554594168714825,0.07136615005599492,0.1560436957873235,0.15812641935017865,0.18910733811904756,0.25,0.42857142857142855,0.004509234077236783,0.33333333333333337,0.5,0.34098585554159255,0.2777777777777778,0.1753024272332444,0.48335826477187743
0.7407407411111111,0.22222219659259185,0.175303361960612,1.0,0.0,0.0,0.07752259346464335,0.22751322755555553,0.13084112150586827,0.217626555142265,0.26234794799149885,0.18702290076335876,0.2405679887745414,0.07456288858089392,0.17248389038554526,0.14651375190185884,0.1992150290423745,0.2631578947368421,0.46798029556650245,0.003525115858001137,0.2833333333333333,0.25,0.30575196846158686,0.2777777777777778,0.19725317360188466,0.5817127898279733
0.8333333333333334,0.33333341022222424,0.29311721128025275,1.0,0.0,0.0,0.18626920299988012,0.34973544977777776,0.2299065420329721,0.3334974349087392,0.3746880289458591,0.3282442748091603,0.367321032256021,0.11448441465268246,0.294650522513988,0.2563764554094804,0.323174458945379,0.381578947368421,0.6059113300492611,0.005525588251699149,0.45000000000000007,0.5,0.4222668734415266,0.38888888888888884,0.28114881876137415,0.6116305160807778
0.5555555555555556,0.11111109829629594,0.057489512640971296,1.0,0.0,0.0,0.019348075855830746,0.11640211644444445,0.0467289719529541,0.09530800520037186,0.1537511462604868,0.06106870229007634,0.12210241271116193,0.033701571645316925,0.052014565262441165,0.04277991750534677,0.07266045649980601,0.11842105263157894,0.270935960591133,0.00165730648933034,0.16666666666666666,0.25,0.18530642108653186,0.16666666666666666,0.11171315886431388,0.41847419596110697
0.7407407411111111,0.22222219659259185,0.175303361960612,1.0,0.0,0.0,0.0656661968480114,0.23333333333333334,0.09719626168470259,0.1550953393708228,0.24082283774473684,0.10687022900763359,0.18160026821057954,0.04482790403696288,0.05671176371907596,0.058468618746711824,0.10327245594130176,0.17105263157894735,0.3399014778325123,0.001353465417188631,0.2833333333333333,0.25,0.2399140480766009,0.2777777777777778,0.22322918876371878,0.5489902767389678
0.0,0.0,0.0,0.0,0.0,0.0,0.0,0.0,0.001869158865899204,0.005338349563508427,0.05448025640381854,0.0038167938931297713,0.03701482461744929,0.0035701001950005145,0.004055774297640546,0.0022764543186452133,0.009605455122414737,0.013157894736842105,0.034482758620689655,0.00022758369399251748,0.0,0.0,0.07677015307027704,0.05555555555555555,0.017829529849163195,0.35340314136125656
0.5555555555555556,0.11111109829629594,0.057489512640971296,1.0,0.0,0.0,0.02093110024530363,0.1111111111111111,0.04299065419765769,0.09886515973605298,0.16201887604540688,0.06106870229007634,0.1292991468436257,0.03122329470915538,0.04384380828325291,0.03795432495029669,0.07085410963411601,0.11842105263157894,0.25123152709359603,0.0014995838544715192,0.16666666666666666,0.25,0.20584712916277748,0.16666666666666666,0.0889114433887481,0.5852655198204937
0.5555555555555556,0.11111109829629594,0.057489512640971296,1.0,0.0,0.0,0.01641654921200285,0.1111111111111111,0.028037383176472065,0.06093407845761861,0.13802035658968692,0.022900763358778626,0.0865328118810972,0.01447122650643042,0.00875297275427534,0.008643318298558774,0.02872444641135329,0.05263157894736842,0.1724137931034483,0.0004480673848689006,0.16666666666666666,0.25,0.1290075658135074,0.16666666666666666,0.1406782073754843,0.3290949887808527
0.888888888888889,0.44444450851852013,0.4109310605998934,1.0,0.0,0.0,0.24171414365531876,0.462962963,0.2616822430352346,0.3519876715766791,0.4837501817079704,0.27862595419847325,0.41696755760958776,0.1027049770558449,0.1829243020811747,0.16123128232992728,0.28627713062551136,0.35526315789473684,0.5467980295566502,0.00695009615046434,0.41666666666666663,0.5,0.49202244107010407,0.5,0.3842504075161611,0.8006731488406882
0.9722222222222223,0.777777803407408,0.7643724549597671,1.0,0.0,0.0,0.64735925728734,0.7777777777777777,0.6336448597929681,0.7249760648980323,0.7525123864204335,0.6335877862595419,0.6824398983535104,0.19620733186114214,0.4586281417448711,0.37121291467768486,0.6127185764672437,0.7105263157894737,0.8226600985221675,0.010492321579850427,0.7666666666666666,0.5,0.7483572189488948,0.8333333333333333,0.6985915571583283,0.612378459237098
0.5555555555555556,0.11111109829629594,0.057489512640971296,1.0,0.0,0.0,0.01778459498240584,0.1111111111111111,0.03177570093176847,0.06909022480361401,0.1420644289290715,0.03053435114503817,0.0968952077375805,0.01999178112915121,0.01834473094723546,0.018115777764146995,0.04447503074906226,0.06578947368421052,0.19211822660098524,0.0007400310704722301,0.16666666666666666,0.25,0.1578430062246441,0.16666666666666666,0.12044823986512887,0.29132385938668665
0.8083333333333333,0.44444450851852013,0.4109310605998934,1.0,0.1,0.0,0.19543510967060929,0.5740740741111112,0.25233644870573857,0.4086579878515133,0.45158142507158555,0.29770992366412213,0.3792518268250046,0.0983448202832209,0.18293417014515923,0.20982032012334723,0.21680494530325034,0.3684210526315789,0.5270935960591133,0.0037862745781810417,0.41666666666666663,0.5,0.4587012997336671,0.5,0.3925235438275258,0.5102842183994016
0.5555555555555556,0.11111109829629594,0.057489512640971296,1.0,0.0,0.0,0.018468617863503206,0.1111111111111111,0.03551401868706487,0.073411756801783,0.15954042120272494,0.03816793893129771,0.12047335147777663,0.02504468232527631,0.028479232659344562,0.027230785931871282,0.05623517698129007,0.07894736842105263,0.21182266009852216,0.0008717762764413983,0.16666666666666666,0.25,0.19038357126436614,0.16666666666666666,0.10556936427478869,0.27543006731488406
0.5555555555555556,0.11111109829629594,0.057489512640971296,1.0,0.0,0.0,0.01641654921200285,0.1111111111111111,0.028037383176472065,0.06315138286949307,0.13663502675572958,0.022900763358778626,0.08582781113763965,0.014947884170835991,0.009996348816325726,0.00935822089723334,0.03003699510616237,0.05263157894736842,0.1724137931034483,0.0006011042128060458,0.16666666666666666,0.25,0.14131326836324667,0.16666666666666666,0.12827513202407137,0.36462228870605834
0.5555555555555556,0.11111109829629594,0.057489512640971296,1.0,0.0,0.0,0.01641654921200285,0.1111111111111111,0.028037383176472065,0.060410810660251224,0.13090295403322294,0.022900763358778626,0.07711107389334859,0.013159000391298773,0.005920838390716126,0.0064986104936950164,0.024133190637128783,0.05263157894736842,0.1724137931034483,0.00016816954510699234,0.16666666666666666,0.25,0.11279373664214955,0.16666666666666666,0.1442607210244845,0.29730740463724753
0.5555555555555556,0.11111109829629594,0.057489512640971296,1.0,0.0,0.0,0.018468617863503206,0.12962962966666663,0.03551401868706487,0.07279657998028591,0.13435088495414182,0.03816793893129771,0.08884057053703127,0.020398622770887692,0.01693359779744812,0.017579600812931057,0.03559724966719002,0.07894736842105263,0.21182266009852216,0.0002225279864769519,0.16666666666666666,0.25,0.13249810961643643,0.16666666666666666,0.12913970826308802,0.2634629768137622
0.7542438266666667,0.33333341022222424,0.29311721128025275,1.0,0.166666667,0.0,0.08454522844181467,0.3851851852222222,0.16261682243763673,0.30049427368924675,0.3290236777755866,0.19083969465648853,0.2625362942616104,0.06716375165024444,0.11143017851327748,0.12993311139098787,0.11326841489693631,0.2631578947368421,0.4187192118226601,0.0014381461216799469,0.35,0.25,0.3274765250870137,0.38888888888888884,0.318193014726406,0.5329094988780854
0.6267146777777779,0.22222219659259185,0.175303361960612,1.0,0.333333333,0.30000000000000004,0.02704821917591701,0.25555555555555554,0.091588785040009,0.21658614810564306,0.22837821533897557,0.11832061068702289,0.17200844748125646,0.042072435985628445,0.06534631970553698,0.06604078618618815,0.045519881856193295,0.18421052631578944,0.29064039408866993,0.000666448239652762,0.2833333333333333,0.25,0.23771203399743066,0.22222222222222224,0.2282994155213416,0.43436798803290955
0.85361797,0.5555556068148161,0.5287447563204857,1.0,0.133333333,0.0,0.24071091011060364,0.6703703703333332,0.38317757002362285,0.6025410170109974,0.5418447945945535,0.47328244274809156,0.49092925526615533,0.1397102001136005,0.3032949465644335,0.35459840882671884,0.25884719427924424,0.513157894736842,0.6551724137931035,0.0038199791808374594,0.5333333333333333,0.5,0.5378809617910013,0.611111111111111,0.48396207587615975,0.5648840688107704
0.5555555555555556,0.11111109829629594,0.057489512640971296,1.0,0.0,0.0,0.02154672084075374,0.12962962966666663,0.05794392524234132,0.10777182511253355,0.15283293724095626,0.08396946564885496,0.12959938009373864,0.04104729690153445,0.07679327392758815,0.05511198737152663,0.08941174615436234,0.15789473684210525,0.33004926108374383,0.0008382695474946227,0.16666666666666666,0.25,0.19121136313837253,0.16666666666666666,0.09789249946967077,0.42576664173522816
0.0,0.0,0.0,0.0,0.0,0.0,0.0,0.037037036999999995,0.001869158865899204,0.007402779389257541,0.05028747384827076,0.0038167938931297713,0.03275497518593895,0.003643680399377734,0.004332080089207298,0.002601662079756633,0.0056856141994238414,0.013157894736842105,0.034482758620689655,6.68558093757477e-05,0.0,0.0,0.06773796449744594,0.05555555555555555,0.015884058860964417,0.23130142109199703
0.7407407411111111,0.22222219659259185,0.175303361960612,1.0,0.0,0.0,0.07051298756383687,0.237037037,0.10280373832939622,0.1824816459234113,0.23038205148134666,0.1297709923664122,0.18056233861455964,0.051509099429797166,0.0800793392344356,0.08802813585038627,0.11893064294112211,0.19736842105263158,0.35960591133004927,0.0006465935984740987,0.2833333333333333,0.25,0.2347953038775202,0.2777777777777778,0.20391683041745284,0.4016454749439043
0.5555555555555556,0.11111109829629594,0.057489512640971296,1.0,0.0,0.0,0.02161512312640099,0.12592592588888887,0.05420560748704491,0.10312453525135473,0.15352898128003029,0.07633587786259542,0.13047774651654898,0.039105231710347875,0.06650088319172662,0.06619297769076267,0.08100303821233645,0.14473684210526316,0.31034482758620685,0.0003623813929236669,0.16666666666666666,0.25,0.1954822805229877,0.16666666666666666,0.09277412439849497,0.43698578908002994
0.6658179011111112,0.33333341022222424,0.29311721128025275,1.0,0.333333333,0.0,0.07152925013566719,0.4888888888888889,0.192523364503506,0.40249090133512744,0.3559447775517872,0.282442748091603,0.3244135418789577,0.09239052619942505,0.21085092315738577,0.2006685792672842,0.10753834593589112,0.3421052631578947,0.4975369458128079,0.003646902162326104,0.45000000000000007,0.5,0.40619136816458157,0.38888888888888884,0.27739987941987565,0.5585265519820495
0.5555555555555556,0.11111109829629594,0.057489512640971296,1.0,0.0,0.0,0.019152640744600567,0.1111111111111111,0.03177570093176847,0.08126089577394535,0.12897115621039823,0.03816793893129771,0.08503646909458897,0.019579069254631445,0.01799934870777702,0.021869016419711885,0.04155031298619889,0.07894736842105263,0.19211822660098524,0.0001392404429914997,0.16666666666666666,0.25,0.13732784898930575,0.16666666666666666,0.10757275279958023,0.24532535527299926
0.888888888888889,0.44444450851852013,0.4109310605998934,1.0,0.0,0.0,0.23358404309709274,0.4444444444444445,0.2710280373647306,0.33630348667533294,0.4263784305376232,0.27862595419847325,0.3626555936897046,0.0987105427451127,0.16782616418484858,0.2128597224922631,0.29761181262325836,0.35526315789473684,0.5566502463054187,0.0004295923821848019,0.4666666666666667,0.25,0.40950600048589353,0.5,0.4062028983889156,0.5332834704562452
0.29899691333333334,0.11111109829629594,0.057489512640971296,1.0,1.0,0.0,0.008208274606001424,0.15555555555555556,0.04299065419765769,0.14728018700568976,0.15403557506159415,0.06870229007633588,0.12512755218272367,0.032966181116151676,0.057195298854317775,0.04333095693698058,0.005618559446730704,0.13157894736842102,0.2413793103448276,0.0013257468365909498,0.16666666666666666,0.25,0.21689906758263092,0.16666666666666666,0.0920595755133029,0.49513836948391926
0.7407407411111111,0.22222219659259185,0.175303361960612,1.0,0.0,0.0,0.06347732361700825,0.2592592592222222,0.08598130841881338,0.15896788391656327,0.20934104496399186,0.09541984732824427,0.14471343103377307,0.03794406369897043,0.04200834838213091,0.05065646064618637,0.08124526639636413,0.15789473684210525,0.3004926108374384,0.0001863194940068257,0.2833333333333333,0.25,0.19407633360048845,0.2777777777777778,0.20996293277658068,0.24644727000747946
0.5555555555555556,0.11111109829629594,0.057489512640971296,0.0,0.0,0.2,0.01436448056050249,0.1111111111111111,0.03177570093176847,0.06640342818403658,0.12179143884127254,0.03053435114503817,0.07318249521043678,0.010828259237570737,0.011476558414004757,0.010073123498854593,0.034633580195601435,0.06578947368421052,0.06403940886699508,6.152229127994909e-05,0.11666666666666667,0.0,0.10362794790182327,0.1111111111111111,0.16279607723826856,0.17408376963350786
0.5903978055555555,0.22222219659259185,0.175303361960612,1.0,0.333333333,0.0,0.04104137303000712,0.2814814814444444,0.091588785040009,0.21354974356974568,0.20567715257553726,0.11832061068702289,0.1497216298461174,0.0440377296891116,0.05997809289795435,0.07237948162867801,0.0454685941471985,0.18421052631578944,0.33004926108374383,7.42656320545572e-05,0.2333333333333333,0.5,0.19670723888756528,0.2777777777777778,0.19411446179954672,0.27056843679880327
0.0,0.0,0.0,0.0,0.0,0.0,0.0,0.0,0.0,0.00030073344755235376,0.041754865290176094,0.0,0.02228534027196927,0.000573865823481083,0.0006808964149323544,0.0004336103464787711,0.00462067735649845,0.0,0.004926108374384234,5.1351308730690356e-06,0.0,0.0,0.0419007655264578,0.0,0.03990936952225707,0.07965594614809274
0.5903978055555555,0.22222219659259185,0.175303361960612,1.0,0.333333333,0.0,0.03556918995660341,0.2814814814444444,0.08037383177411976,0.22146533130753024,0.1942885793509463,0.10687022900763359,0.13305567657831663,0.03786610302491615,0.050238313745226325,0.0657404000643887,0.036371147068342866,0.17105263157894735,0.29064039408866993,4.298994630110114e-05,0.2833333333333333,0.25,0.19989290489472425,0.2777777777777778,0.19451395324170734,0.2389678384442782
0.7656296300000001,0.44444450851852013,0.4109310605998934,1.0,0.2,0.0,0.13406848520399567,0.5666666666666667,0.2429906541412625,0.47582529237875415,0.3700361163845406,0.31679389312977096,0.2991926675956199,0.09257943740277402,0.16676041327451968,0.22326100873172697,0.14820251399461787,0.381578947368421,0.5073891625615764,0.0001112341238938976,0.4666666666666667,0.5,0.3459062371918473,0.5,0.38624646912367283,0.32872101720269264
0.5555555555555556,0.11111109829629594,0.057489512640971296,1.0,0.0,0.0,0.02024707736420627,0.15925925922222223,0.03925233644236128,0.10230881781322351,0.12398340150915398,0.05343511450381679,0.08824111130151312,0.026694352461672753,0.034360598794122586,0.03795432495029669,0.04657987103368812,0.10526315789473685,0.23152709359605914,2.0194415671431286e-05,0.16666666666666666,0.25,0.1415689871433079,0.16666666666666666,0.09492405126888251,0.18268511593118922
0.6320987655555557,0.22222219659259185,0.175303361960612,1.0,0.333333333,0.0,0.03830528149740941,0.25555555555555554,0.09719626168470259,0.22574263460487184,0.2029978541088715,0.1297709923664122,0.1550045549227143,0.049223747194329155,0.0779478374137778,0.09355373834666315,0.0562442242744395,0.19736842105263158,0.34975369458128075,4.445568382330415e-05,0.2833333333333333,0.25,0.22026724662382727,0.2777777777777778,0.194484994473411,0.33171278982797303
0.8347654322222222,0.44444450851852013,0.4109310605998934,1.0,0.1,0.0,0.2166202755506622,0.5037037036666667,0.2710280373647306,0.45036480963124415,0.39066341235584484,0.3549618320610687,0.3400682688982345,0.10782645201066195,0.21683096993200904,0.27279284580310703,0.2429629874967187,0.4078947368421052,0.5665024630541873,0.000129466063716671,0.4666666666666667,0.5,0.3770559604161272,0.5,0.3828104938202686,0.2556095736724009
0.7407407411111111,0.22222219659259185,0.175303361960612,1.0,0.0,0.0,0.06894950669041197,0.24444444444444446,0.10280373832939622,0.16254720195592345,0.19608287283830406,0.11832061068702289,0.14491568137821073,0.047321606261733415,0.062326692126271746,0.07599318959219305,0.10723732662199602,0.18421052631578944,0.34975369458128075,2.651370772383004e-05,0.2833333333333333,0.25,0.18479671132197187,0.2777777777777778,0.2243631164379738,0.19409124906507108
0.5555555555555556,0.11111109829629594,0.057489512640971296,1.0,0.0,0.0,0.0198366636339062,0.1481481481111111,0.03925233644236128,0.07890969176656157,0.12282223616056505,0.04580152671755725,0.08455929987669288,0.02442508570171075,0.025824723447506834,0.028124414180951157,0.047417980600825756,0.09210526315789473,0.22167487684729065,2.178185579532603e-05,0.16666666666666666,0.25,0.134719669762767,0.16666666666666666,0.1078836234327375,0.25336574420344055
0.8333333333333334,0.33333341022222424,0.29311721128025275,1.0,0.0,0.0,0.13332583179117094,0.3444444444444444,0.16261682243763673,0.2496077725640238,0.2787963508069085,0.17557251908396945,0.2049553244706195,0.06246646677726227,0.08548703829795633,0.10950395774836551,0.16020092425130528,0.25,0.42857142857142855,4.878374329415583e-05,0.35,0.25,0.2552897221095589,0.38888888888888884,0.3295479920059844,0.28721017202692595
0.888888888888889,0.44444450851852013,0.4109310605998934,1.0,0.0,0.0,0.3173866181260826,0.45555555555555544,0.3084112149176947,0.3999572681206852,0.42471012903790006,0.3931297709923664,0.3967418823359156,0.12510463622668647,0.2633884958110069,0.3539935425140062,0.3848216262576782,0.43421052631578944,0.645320197044335,0.00021896146691457633,0.4666666666666667,0.5,0.4240413382882961,0.5,0.38443602275391603,0.3692969334330591
0.8333333333333334,0.33333341022222424,0.29311721128025275,1.0,0.0,0.0,0.109580465990119,0.3333333333333333,0.1476635514164511,0.21526251193592597,0.25326913516079513,0.1297709923664122,0.1607767450779043,0.04314875028298773,0.04408064181888156,0.05924602494615872,0.12104794734565973,0.21052631578947367,0.29064039408866993,1.0715306421804055e-05,0.29999999999999993,0.25,0.18697633961106042,0.2777777777777778,0.40286915102660575,0.12920718025430067
0.5555555555555556,0.11111109829629594,0.057489512640971296,1.0,0.0,0.0,0.0198366636339062,0.1111111111111111,0.03925233644236128,0.07628921161711541,0.12374668371783197,0.04580152671755725,0.08555631462524209,0.02404440218237451,0.023949791290446727,0.026873334631060657,0.05495902019535009,0.09210526315789473,0.22167487684729065,1.8778660089726154e-05,0.16666666666666666,0.25,0.13031833960815303,0.16666666666666666,0.11641494635300947,0.20905011219147346
0.8333333333333334,0.33333341022222424,0.29311721128025275,1.0,0.0,0.0,0.122244661073069,0.3333333333333333,0.16261682243763673,0.22814734455616983,0.2998307180614313,0.16030534351145037,0.2209210983104829,0.05625681629962326,0.07161254033571154,0.08770257137149894,0.1582945383892255,0.23684210526315785,0.3793103448275862,0.00010001454762035817,0.35,0.25,0.25949764723444424,0.33333333333333326,0.3401723709625197,0.25317875841436055
0.5555555555555556,0.11111109829629594,0.057489512640971296,1.0,0.0,0.0,0.018468617863503206,0.1111111111111111,0.03551401868706487,0.07083573238198754,0.11225029999037815,0.03816793893129771,0.06958145221940121,0.019872503994983158,0.015334971431954765,0.01650724691049918,0.042807514626413766,0.07894736842105263,0.21182266009852216,6.572967517528365e-06,0.16666666666666666,0.25,0.09839915106679195,0.16666666666666666,0.13741354237609837,0.0843305908750935
0.7407407411111111,0.22222219659259185,0.175303361960612,1.0,0.0,0.0,0.06894950669041197,0.2222222222222222,0.091588785040009,0.18279882880754092,0.21324795445986122,0.11832061068702289,0.16170338267926293,0.04544108032876351,0.0671916476706435,0.09457345752129152,0.1249032706122073,0.18421052631578944,0.33004926108374383,4.832243737072513e-05,0.2833333333333333,0.25,0.2253248683969338,0.2777777777777778,0.20543699130260035,0.3068436798803291
0.5555555555555556,0.11111109829629594,0.057489512640971296,1.0,0.0,0.0,0.018468617863503206,0.1111111111111111,0.03551401868706487,0.07084361755927981,0.11470742420531276,0.03816793893129771,0.07275416987824251,0.019872515461685926,0.015601409159536993,0.01650724691049918,0.042807514626413766,0.07894736842105263,0.21182266009852216,6.590084620438595e-06,0.16666666666666666,0.25,0.10303426671887742,0.16666666666666666,0.1303517897216609,0.1368735976065819
0.7407407411111111,0.22222219659259185,0.175303361960612,1.0,0.0,0.0,0.0766105629619857,0.2222222222222222,0.11401869159528544,0.17231061301858783,0.2365843519254487,0.1412213740458015,0.20079339757991949,0.05777394883589998,0.09639124900085852,0.11188688896183603,0.16007850968604465,0.21052631578947367,0.3990147783251231,9.029751064027872e-05,0.2833333333333333,0.5,0.25818994994341016,0.2777777777777778,0.19318987461900033,0.47363500373971584
0.888888888888889,0.44444450851852013,0.4109310605998934,1.0,0.0,0.0,0.22107619602761078,0.4444444444444445,0.25233644870573857,0.33875078026178895,0.39094046997848914,0.2595419847328244,0.30986406774797465,0.08660732739313953,0.1310084174585788,0.17498278273625778,0.2562810652398183,0.3421052631578947,0.5172413793103449,8.24031027780806e-05,0.4666666666666667,0.25,0.3407911601301367,0.5,0.44864459008340124,0.281039640987285
0.5555555555555556,0.11111109829629594,0.057489512640971296,1.0,0.0,0.0,0.01641654921200285,0.1111111111111111,0.028037383176472065,0.060353645848356674,0.10229298391929025,0.022900763358778626,0.05379835329370103,0.013057227046453084,0.005506379703365996,0.0064986104936950164,0.025621456473443743,0.05263157894736842,0.1724137931034483,1.763061599753702e-06,0.16666666666666666,0.25,0.07511725797430369,0.16666666666666666,0.15799031730436436,0.07759910246821242
0.5555555555555556,0.11111109829629594,0.057489512640971296,1.0,0.0,0.0,0.02024707736420627,0.1111111111111111,0.03925233644236128,0.09309872000430419,0.12340255408845953,0.05343511450381679,0.0862849022964154,0.025176834674458137,0.02915026101029239,0.03509471453202493,0.05974772253847985,0.10526315789473685,0.23152709359605914,1.6363950382179993e-05,0.16666666666666666,0.25,0.1461454276572665,0.16666666666666666,0.10924991905500908,0.3167539267015707
0.5555555555555556,0.11111109829629594,0.057489512640971296,1.0,0.0,0.0,0.01641654921200285,0.1111111111111111,0.028037383176472065,0.06081633102601236,0.10672059859189877,0.022900763358778626,0.060888350109805686,0.014192606064865264,0.0077859024837917045,0.008643318298558774,0.029559102557870986,0.05263157894736842,0.1724137931034483,1.8315300113946224e-06,0.16666666666666666,0.25,0.09021450561819594,0.16666666666666666,0.14197193162660354,0.1368735976065819
0.5555555555555556,0.11111109829629594,0.057489512640971296,1.0,0.0,0.0,0.01641654921200285,0.1111111111111111,0.028037383176472065,0.06005320313714005,0.09587090121233155,0.022900763358778626,0.04816098133578951,0.012299560573886918,0.004193927193423922,0.00506880529045251,0.022996359083825583,0.05263157894736842,0.1724137931034483,4.844140123595122e-07,0.16666666666666666,0.25,0.0648453474427088,0.16666666666666666,0.16503253151272235,0.05534779356768886
0.5555555555555556,0.11111109829629594,0.057489512640971296,1.0,0.0,0.0,0.01641654921200285,0.1111111111111111,0.028037383176472065,0.06037200903769063,0.0923145123445328,0.022900763358778626,0.04823189133285499,0.013056243483400442,0.005851761942824437,0.0064986104936950164,0.025621456473443743,0.05263157894736842,0.1724137931034483,1.5867554397783312e-07,0.16666666666666666,0.25,0.0694781517673829,0.16666666666666666,0.16002615360568068,0.048055347793567696
0.5555555555555556,0.11111109829629594,0.057489512640971296,1.0,0.0,0.0,0.018468617863503206,0.1111111111111111,0.03551401868706487,0.07194972708597161,0.0958465419681798,0.03816793893129771,0.06095572464531411,0.021760347008855957,0.019331537345688148,0.019724308617794815,0.049576835099348175,0.07894736842105263,0.21182266009852216,1.4703591399887665e-07,0.16666666666666666,0.25,0.09303432584915897,0.16666666666666666,0.14269973874306385,0.11462228870605834
0.8737654322222222,0.5555556068148161,0.5287447563204857,1.0,0.066666667,0.6000000000000001,0.22287745633397374,0.6777777777777776,0.3271028038116667,0.5190517370342396,0.3483999563545471,0.35877862595419846,0.26019908595273017,0.0978268348055305,0.17981586192604873,0.23139266148784746,0.23610376064080868,0.4473684210526315,0.4975369458128079,8.336029117282066e-07,0.5333333333333333,0.25,0.29306014134617153,0.5555555555555555,0.599671893666194,0.16810022438294692
0.888888888888889,0.44444450851852013,0.4109310605998934,1.0,0.0,0.0,0.21169531078706136,0.4444444444444445,0.2429906541412625,0.3333955624131332,0.32686129304937545,0.24045801526717556,0.24179639872422212,0.08127107250490354,0.11319656196650779,0.15616494007651432,0.23382790552538,0.3289473684210526,0.5073891625615764,2.7216193627265887e-06,0.41666666666666663,0.25,0.2744666373784198,0.5,0.46494767883260585,0.1656694091249065
0.3330246911111111,0.11111109829629594,0.057489512640971296,1.0,1.0,0.0,0.008208274606001424,0.12962962966666663,0.0467289719529541,0.1496738307616338,0.08879833969106016,0.07633587786259542,0.0642579864108299,0.028950663172043048,0.04702132488627057,0.042796985398898056,0.005872010129481694,0.14473684210526316,0.23152709359605914,1.0869360347996117e-07,0.16666666666666666,0.25,0.09697392319830361,0.16666666666666666,0.13139918999184969,0.12097980553477938
0.8172839511111112,0.44444450851852013,0.4109310605998934,1.0,0.1,0.5,0.11455103231579,0.5629629629999999,0.2336448598117665,0.37973855713670235,0.2632128023703014,0.24045801526717556,0.17949945975154058,0.06471320559126978,0.10463108242793846,0.12149611164626717,0.14473948866835046,0.3289473684210526,0.3399014778325123,2.2594575841503751e-07,0.4666666666666667,0.25,0.19897653323527556,0.33333333333333326,0.5385392359909342,0.13275991024682124
0.5555555555555556,0.11111109829629594,0.057489512640971296,1.0,0.0,0.0,0.02161512312640099,0.11851851855555554,0.05046728970825051,0.11187902438411354,0.10431457043215929,0.07633587786259542,0.07913324602570401,0.033492133151817274,0.05227113492603887,0.05439708478169213,0.0746694113483868,0.14473684210526316,0.28078817733990147,3.509006096597173e-07,0.16666666666666666,0.25,0.11331178482095998,0.16666666666666666,0.1186904775196222,0.12658937920718025
0.0,0.0,0.0,0.0,0.0,0.0,0.0,0.007407407444444444,0.007476635510592815,0.023173650344529617,0.03144462166508939,0.015267175572519085,0.023255459205337146,0.00794725391354696,0.015936923335010903,0.009105817275464858,0.018644265240747523,0.05263157894736842,0.06403940886699508,3.8171139489813093e-08,0.0,0.0,0.04825995767407896,0.05555555555555555,0.01637740462447107,0.08320867614061332
0.5555555555555556,0.11111109829629594,0.057489512640971296,1.0,0.0,0.0,0.018879031593803275,0.1111111111111111,0.03925233644236128,0.0759795993816702,0.10419746753668567,0.04580152671755725,0.06808141721824239,0.022517640794660197,0.02039728825601705,0.02061793686982138,0.05055988167481629,0.09210526315789473,0.23152709359605914,7.36035425139895e-07,0.16666666666666666,0.25,0.09891524286256947,0.16666666666666666,0.13327522971630174,0.13014210919970085
0.7407407411111111,0.22222219659259185,0.175303361960612,1.0,0.0,0.0,0.0656661968480114,0.2222222222222222,0.09719626168470259,0.1514232122970994,0.1724292932183517,0.10687022900763359,0.12031698337106919,0.042101631346194004,0.045185864985148566,0.05424583055957717,0.10896829859382039,0.17105263157894735,0.34975369458128075,4.792788814864431e-07,0.2333333333333333,0.25,0.14343549289035226,0.2777777777777778,0.25458874362209294,0.12266267763649963
0.5555555555555556,0.11111109829629594,0.057489512640971296,1.0,0.0,0.0,0.018879031593803275,0.1111111111111111,0.03925233644236128,0.07643999806097337,0.11866906821662902,0.04580152671755725,0.08158464633866902,0.02365423649457074,0.02355506873106565,0.02437117552538627,0.054497527759243526,0.09210526315789473,0.23152709359605914,2.5162141278038273e-06,0.16666666666666666,0.25,0.11766194024314724,0.16666666666666666,0.12582270814027485,0.09648466716529544
0.5555555555555556,0.11111109829629594,0.057489512640971296,0.0,0.0,0.0,0.018879031593803275,0.12222222222222223,0.03925233644236128,0.07766390025073369,0.08063844049676475,0.04580152671755725,0.04836098820947056,0.01390765407333285,0.019410481857564364,0.018115777764146995,0.04123596303399468,0.09210526315789473,0.06896551724137931,2.6189167452652016e-08,0.11666666666666667,0.25,0.06311068471975302,0.1111111111111111,0.17855104279477935,0.07797307404637248
0.0,0.0,0.0,0.0,0.0,0.0,0.0,0.011111111111111127,0.0056074766211956124,0.016915594468034395,0.02785452862330478,0.011450381679389315,0.01884925751307197,0.005865818254083386,0.00991740430444951,0.0058537396761374014,0.013740479334208095,0.039473684210526314,0.04433497536945813,1.6244130661808313e-08,0.0,0.0,0.038686119933492455,0.05555555555555555,0.027015390713097442,0.06114435302916979
0.5555555555555556,0.11111109829629594,0.057489512640971296,0.0,0.0,0.0,0.018879031593803275,0.12222222222222223,0.03925233644236128,0.0778010884960118,0.08088868662309713,0.04580152671755725,0.049026419783935085,0.014191483501154968,0.020101246336481245,0.019366857316984187,0.042548511728803765,0.09210526315789473,0.06896551724137931,2.6189167452652016e-08,0.11666666666666667,0.25,0.06509938750257857,0.1111111111111111,0.17173386961715814,0.059648466716529555
0.5555555555555556,0.11111109829629594,0.057489512640971296,0.0,0.0,0.2,0.012312411909002136,0.1111111111111111,0.02429906542117565,0.05612359775086245,0.07224260693386005,0.015267175572519085,0.031111570761453978,0.004825101824576031,0.0038189407620119005,0.004175177038425945,0.017869089432916513,0.039473684210526314,0.024630541871921183,4.672969094492757e-09,0.11666666666666667,0.0,0.04476534387249789,0.05555555555555555,0.2188134999497583,0.028421839940164548
0.5555555555555556,0.11111109829629594,0.057489512640971296,0.0,0.0,0.0,0.01641654921200285,0.1111111111111111,0.028037383176472065,0.060405367894772105,0.07293005856156372,0.022900763358778626,0.03415354369350898,0.006528077710318467,0.005644532599149373,0.0064986104936950164,0.024431832899086625,0.05263157894736842,0.02955665024630542,4.7072033003132176e-09,0.11666666666666667,0.25,0.046819872862426413,0.05555555555555555,0.20218942244353388,0.0368362004487659
0.0,0.0,0.0,0.0,0.0,0.0,0.0,0.0,0.0,8.063662908425195e-06,0.020792925233666583,0.0,0.008366785223196942,6.811902634844269e-10,8.881257586074187e-05,0.0,0.0033081286616893696,0.0,0.0,5.871166298208285e-10,0.0,0.0,0.014396719195528351,0.0,0.06352960632822358,0.012154076290201946
0.5555555555555556,0.11111109829629594,0.057489512640971296,0.0,0.0,0.2,0.01368045767940513,0.1111111111111111,0.028037383176472065,0.06047897203370711,0.05966499427327268,0.022900763358778626,0.02568234554219002,0.007663390501899476,0.00502284456812418,0.005783707892073763,0.02430890777863466,0.05263157894736842,0.054187192118226604,5.477472931267184e-11,0.11666666666666667,0.0,0.033534323900175855,0.1111111111111111,0.21173848906405263,0.025617053103964102
0.0,0.0,0.0,0.0,0.0,0.0,0.0,0.0,0.0,0.00014198278028204614,0.015192118823961341,0.0,0.005690523341173592,0.00037843903526200377,0.00029604191953580637,0.00021680517309205114,0.00396440300909391,0.0,0.004926108374384234,4.60450068278737e-12,0.0,0.0,0.010847340033375825,0.0,0.060768405216206856,0.014210919970082274
0.0,0.0,0.0,0.0,0.0,0.0,0.0,0.0,0.0,0.00014195628632343582,0.013526498782911865,0.0,0.004918647535149565,0.00037843903526200377,0.00029604191953580637,0.00021680517309205114,0.00396440300909391,0.0,0.004926108374384234,1.6398184587355139e-12,0.0,0.0,0.00953381870631921,0.0,0.06163821496756619,0.010097232610321617
0.0,0.0,0.0,0.0,0.0,0.0,0.0,0.0,0.0,0.00028395736835323815,0.03403907354620069,0.0,0.014363243807325263,0.0005677581580470865,0.000562479647118032,0.0004336103464787711,0.00462067735649845,0.0,0.004926108374384234,8.199092294000219e-08,0.0,0.0,0.026092841552427685,0.0,0.056664284837049356,0.02636499626028422
0.5555555555555556,0.11111109829629594,0.057489512640971296,0.0,0.0,0.2,0.01436448056050249,0.1111111111111111,0.03177570093176847,0.06533542036878068,0.10226278737756865,0.03053435114503817,0.04900227216543061,0.009650864138800303,0.007845110867698867,0.008285866997748149,0.030871651252680068,0.06578947368421052,0.06403940886699508,9.859451276292547e-07,0.11666666666666667,0.0,0.06306125191955056,0.1111111111111111,0.20182865899270935,0.05665669409124907
0.8333333333333334,0.33333341022222424,0.29311721128025275,1.0,0.0,0.0,0.09849929527201709,0.3333333333333333,0.1401869159058583,0.20915239597145494,0.25298169010498306,0.11450381679389313,0.13470833895578085,0.0391729823262942,0.02839042008348382,0.04157542756794478,0.09912418338275228,0.19736842105263158,0.32019704433497537,8.661254072576438e-06,0.29999999999999993,0.25,0.15405902190726709,0.33333333333333326,0.4460567926803399,0.16080777860882572
0.5555555555555556,0.11111109829629594,0.057489512640971296,1.0,0.0,0.0,0.018468617863503206,0.1111111111111111,0.03551401868706487,0.06976640013025265,0.10555006049965159,0.03816793893129771,0.05474170516968138,0.017976731775067943,0.010983155214778413,0.01221783130371835,0.038746943421534556,0.07894736842105263,0.2019704433497537,1.3214403446697652e-06,0.16666666666666666,0.25,0.07026161946474489,0.16666666666666666,0.1678014084428417,0.05179506357516829
0.5555555555555556,0.11111109829629594,0.057489512640971296,1.0,0.0,0.0,0.018468617863503206,0.1111111111111111,0.03551401868706487,0.06977177178036909,0.12157007737129068,0.03816793893129771,0.06780338057412766,0.017986392491072305,0.011160780366499897,0.01221783130371835,0.038746943421534556,0.07894736842105263,0.2019704433497537,1.586755439778332e-05,0.16666666666666666,0.25,0.08931285072733994,0.16666666666666666,0.1614876991525897,0.13219895287958117
0.5555555555555556,0.11111109829629594,0.057489512640971296,1.0,0.0,0.0,0.018468617863503206,0.1111111111111111,0.03551401868706487,0.06990593762273267,0.10496953551328862,0.03816793893129771,0.05444871506009143,0.018355176070632535,0.011604843245803607,0.01329018520615023,0.04005949211634364,0.07894736842105263,0.2019704433497537,1.3214403446697652e-06,0.16666666666666666,0.25,0.07067702820924159,0.16666666666666666,0.17129739468777566,0.045811518324607337
0.5555555555555556,0.11111109829629594,0.057489512640971296,1.0,0.0,0.0,0.01641654921200285,0.1111111111111111,0.028037383176472065,0.060480945485021864,0.09878039152306708,0.022900763358778626,0.04594960086047245,0.013434804413875701,0.005851761942824437,0.007213513095316269,0.026934005168252825,0.05263157894736842,0.1724137931034483,3.543240302417634e-07,0.16666666666666666,0.25,0.06362993446444644,0.16666666666666666,0.1717104932620273,0.04001495886312641
0.5555555555555556,0.11111109829629594,0.057489512640971296,1.0,0.0,0.0,0.01641654921200285,0.1111111111111111,0.028037383176472065,0.06081146772872753,0.13194744244990397,0.022900763358778626,0.07509087344833702,0.014228222362698205,0.007924055379575082,0.008643318298558774,0.029559102557870986,0.05263157894736842,0.1724137931034483,5.868239273611281e-05,0.16666666666666666,0.25,0.10898484802627431,0.16666666666666666,0.15670077986311925,0.10957367240089755
0.5555555555555556,0.11111109829629594,0.057489512640971296,1.0,0.0,0.0,0.01778459498240584,0.1111111111111111,0.03177570093176847,0.06490210757894133,0.09759910132751354,0.03053435114503817,0.046585021177752484,0.015327007310342039,0.007766166355822651,0.008285866997748149,0.03218419994748915,0.06578947368421052,0.18226600985221675,3.543240302417634e-07,0.16666666666666666,0.25,0.06104196414996942,0.16666666666666666,0.17975963524512378,0.025804038893044133
0.5555555555555556,0.11111109829629594,0.057489512640971296,1.0,0.0,0.0,0.01778459498240584,0.1111111111111111,0.03177570093176847,0.06476007564539385,0.0942676989981072,0.03053435114503817,0.0454294112809661,0.015326841781108018,0.007134610260812931,0.008285866997748149,0.030871651252680068,0.06578947368421052,0.19211822660098524,9.551343423908399e-08,0.16666666666666666,0.25,0.05898734696540394,0.16666666666666666,0.16605655542778036,0.03702318623784592
0.7407407411111111,0.22222219659259185,0.175303361960612,1.0,0.0,0.0,0.049249647636008545,0.2222222222222222,0.07476635515292415,0.12965975545392025,0.1494485130065698,0.06106870229007634,0.07372757117044179,0.026017706531980475,0.014239616329672283,0.01961896765491464,0.05777889949626623,0.11842105263157894,0.270935960591133,4.3819783450189037e-08,0.18333333333333332,0.25,0.08931285987755452,0.2777777777777778,0.29388265209284675,0.07068062827225131
0.5555555555555556,0.11111109829629594,0.057489512640971296,1.0,0.0,0.0,0.019152640744600567,0.1111111111111111,0.03551401868706487,0.06977239290682735,0.08884371743004414,0.03816793893129771,0.04858331612414005,0.01911118066601926,0.0122265312768288,0.014362539108582107,0.04137204081115272,0.07894736842105263,0.21182266009852216,1.388197046019656e-08,0.16666666666666666,0.25,0.06645707639490062,0.16666666666666666,0.14766145734478098,0.06207928197456994
0.5555555555555556,0.11111109829629594,0.057489512640971296,1.0,0.0,0.0,0.01778459498240584,0.1111111111111111,0.03177570093176847,0.06475509094651558,0.08364067497389294,0.03053435114503817,0.039194781874115195,0.015326785961350313,0.0069767212370605005,0.008285866997748149,0.030871651252680068,0.06578947368421052,0.19211822660098524,7.908101544526249e-09,0.16666666666666666,0.25,0.05030762774711164,0.16666666666666666,0.16907629204952718,0.03365744203440539
0.7407407411111111,0.22222219659259185,0.175303361960612,1.0,0.0,0.0,0.060194013774607695,0.2222222222222222,0.08598130841881338,0.1400528508720714,0.15070583023007716,0.08396946564885496,0.08909588608783946,0.03405953553932731,0.027679919476597887,0.036510120309159254,0.08534242208725693,0.14473684210526316,0.3004926108374384,3.971167875173381e-08,0.2333333333333333,0.25,0.10795437194870523,0.2777777777777778,0.2612715899829178,0.08956619296933434
0.5555555555555556,0.11111109829629594,0.057489512640971296,1.0,0.0,0.0,0.01641654921200285,0.1111111111111111,0.028037383176472065,0.0601870946275897,0.07724951711879117,0.022900763358778626,0.032672870323961725,0.012677709157189358,0.004539309432882363,0.005783707892073763,0.02430890777863466,0.05263157894736842,0.1724137931034483,2.430628613252612e-09,0.16666666666666666,0.25,0.04335954360527257,0.16666666666666666,0.17895960565833402,0.021129394166043383
0.7407407411111111,0.22222219659259185,0.175303361960612,1.0,0.0,0.0,0.06347732361700825,0.2222222222222222,0.091588785040009,0.14757467458964138,0.1556942735810038,0.09541984732824427,0.09522701811965208,0.038790075742533126,0.03623553095118269,0.04685595129839199,0.09912418338275228,0.15789473684210525,0.33004926108374383,1.266665615357028e-07,0.2333333333333333,0.25,0.11644673449625817,0.2777777777777778,0.24878094052497013,0.08264771877337322
0.7407407411111111,0.22222219659259185,0.175303361960612,1.0,0.0,0.0,0.05472183070941226,0.2222222222222222,0.08037383177411976,0.13483167720273223,0.14449463760338926,0.07251908396946564,0.08054870700775615,0.02790988490559733,0.020634121791645695,0.027431125752493405,0.07156066079176159,0.13157894736842102,0.2413793103448276,9.517109218087881e-09,0.2333333333333333,0.25,0.0970492057911944,0.22222222222222224,0.2787728041577814,0.0549738219895288
0.8333333333333334,0.33333341022222424,0.29311721128025275,1.0,0.0,0.0,0.1280490838536222,0.3333333333333333,0.16261682243763673,0.22870880322063,0.22472125116808145,0.16030534351145037,0.14007131167725362,0.05733377757635722,0.058971550371532615,0.08012945819256902,0.15425122856473367,0.23684210526315785,0.42857142857142855,5.066662461428114e-07,0.35,0.25,0.15955209804337805,0.38888888888888884,0.3710811459577746,0.10415108451757668
0.5555555555555556,0.11111109829629594,0.057489512640971296,1.0,0.0,0.0,0.019152640744600567,0.1111111111111111,0.03551401868706487,0.07254764213474471,0.0914617507983734,0.03816793893129771,0.050284539333726716,0.020246528463211025,0.01506853370437254,0.017579600812931057,0.04530968689557996,0.07894736842105263,0.21182266009852216,5.836932092388463e-08,0.16666666666666666,0.25,0.07443138801018408,0.16666666666666666,0.13243193642747886,0.09068810770381452
0.5555555555555556,0.11111109829629594,0.057489512640971296,1.0,0.0,0.0,0.019152640744600567,0.1111111111111111,0.03551401868706487,0.06977175269426072,0.08453481885470827,0.03816793893129771,0.04792129838091852,0.01873273364569361,0.0122265312768288,0.014362539108582107,0.04137204081115272,0.07894736842105263,0.2019704433497537,2.0540523492275497e-09,0.16666666666666666,0.25,0.06458532618138792,0.16666666666666666,0.1478564929047529,0.07442034405385192
0.5555555555555556,0.11111109829629594,0.057489512640971296,0.0,0.0,0.0,0.01778459498240584,0.1111111111111111,0.03177570093176847,0.06490716121440276,0.07980719706413013,0.03053435114503817,0.03974443375334147,0.009650196420966485,0.007766166355822651,0.009179495246828028,0.03218419994748915,0.06578947368421052,0.059113300492610835,1.525133869301439e-09,0.11666666666666667,0.25,0.05254576877061042,0.1111111111111111,0.17110235912780375,0.04281974569932685
0.5555555555555556,0.11111109829629594,0.057489512640971296,1.0,0.0,0.0,0.018468617863503206,0.1111111111111111,0.03551401868706487,0.0708929813819218,0.10166493283356533,0.03816793893129771,0.056169308276721716,0.02024675934886644,0.015246158856094023,0.017579600812931057,0.04530968689557996,0.07894736842105263,0.21182266009852216,3.954050772263156e-07,0.16666666666666666,0.25,0.07898744092266136,0.16666666666666666,0.14332496901760694,0.07872101720269259
0.5555555555555556,0.11111109829629594,0.057489512640971296,1.0,0.0,0.0,0.018468617863503206,0.1111111111111111,0.03551401868706487,0.07029629777931884,0.09007496794964114,0.03816793893129771,0.04862079780354078,0.019489656372023774,0.01364753249060067,0.015434893008067298,0.0426845895059618,0.07894736842105263,0.21182266009852216,6.77837275245112e-08,0.16666666666666666,0.25,0.06618048130795302,0.16666666666666666,0.1516964953610147,0.07442034405385192
0.8333333333333334,0.33333341022222424,0.29311721128025275,1.0,0.0,0.0,0.1280490838536222,0.3333333333333333,0.15514018692704393,0.23890907708929063,0.23242143369094548,0.16030534351145037,0.14224571406692738,0.055631020125625937,0.05855709168418249,0.08265382927185691,0.1516261311751155,0.23684210526315785,0.4088669950738916,9.414406600626563e-07,0.35,0.25,0.1599013407468394,0.38888888888888884,0.366125358670046,0.10003739715781601
0.7407407411111111,0.22222219659259185,0.175303361960612,1.0,0.0,0.0,0.05800514055181282,0.2222222222222222,0.08037383177411976,0.15245831322129214,0.1556383044408084,0.08396946564885496,0.08587541812255634,0.032640489065000104,0.02781807237238126,0.036510120309159254,0.08140477600282968,0.14473684210526316,0.29064039408866993,2.2423404812401447e-07,0.2333333333333333,0.25,0.10621334841631398,0.2777777777777778,0.2521251549119654,0.07872101720269259
0.5555555555555556,0.11111109829629594,0.057489512640971296,1.0,0.0,0.0,0.018468617863503206,0.1111111111111111,0.03551401868706487,0.07023520035758823,0.1062789784185544,0.03816793893129771,0.05661019765755014,0.01835518027130583,0.012404156428550283,0.01221783130371835,0.04005949211634364,0.07894736842105263,0.2019704433497537,1.3282871858338572e-06,0.16666666666666666,0.25,0.0764193975425328,0.16666666666666666,0.14995687585829603,0.10919970082273747
0.5555555555555556,0.11111109829629594,0.057489512640971296,1.0,0.0,0.0,0.01641654921200285,0.1111111111111111,0.028037383176472065,0.060345091524306144,0.08229350673677242,0.022900763358778626,0.037020329887989076,0.013056157880490664,0.0054373032554743085,0.0064986104936950164,0.025621456473443743,0.05263157894736842,0.1724137931034483,1.8144129084843857e-08,0.16666666666666666,0.25,0.050984482315417606,0.16666666666666666,0.1699049315037905,0.029356768885564703
0.5555555555555556,0.11111109829629594,0.057489512640971296,1.0,0.0,0.0,0.018468617863503206,0.1111111111111111,0.03177570093176847,0.08024173148878819,0.09291662291869758,0.03816793893129771,0.04844103055376575,0.017975941556518417,0.013469907338879187,0.01650724691049918,0.04005949211634364,0.07894736842105263,0.19211822660098524,1.3505394196171555e-07,0.16666666666666666,0.25,0.06925437364972088,0.16666666666666666,0.13709325142072415,0.0549738219895288
0.5555555555555556,0.11111109829629594,0.057489512640971296,1.0,0.0,0.0,0.02052068651500356,0.1111111111111111,0.04299065419765769,0.08049342331161022,0.1078313225403011,0.05343511450381679,0.06421298571626853,0.024788743173162743,0.022854436188164243,0.02365627292376502,0.05712262514886169,0.10526315789473685,0.2413793103448276,1.34711599903511e-06,0.16666666666666666,0.25,0.08424624748976593,0.16666666666666666,0.1374746000200967,0.07423335826477187
0.8333333333333334,0.33333341022222424,0.29311721128025275,1.0,0.0,0.4,0.08003067740851388,0.3333333333333333,0.13271028037176746,0.20493516023035266,0.2529623342587483,0.09923664122137404,0.13311020733090717,0.036902260316866005,0.02810424622793254,0.03239589646965013,0.09124889121389779,0.18421052631578944,0.31034482758620685,8.627019866755978e-06,0.29999999999999993,0.25,0.16091306956258558,0.33333333333333326,0.4209624498978419,0.0731114435302917
0.0,0.0,0.0,0.0,0.0,0.0,0.0,0.0,0.0037383177552964067,0.009151337781830193,0.03899213771284438,0.007633587786259542,0.020676526883536158,0.003974067100293441,0.003868281081934535,0.0019512465587124674,0.011183420830543855,0.02631578947368421,0.04433497536945813,6.145039944772611e-07,0.0,0.0,0.035613229968349466,0.05555555555555555,0.030514517065437063,0.024682124158563953
0.5555555555555556,0.11111109829629594,0.057489512640971296,1.0,0.0,0.0,0.018468617863503206,0.1111111111111111,0.03551401868706487,0.06963540876961227,0.12178908960327588,0.03816793893129771,0.0681068784801619,0.017607890861993873,0.010716717487196189,0.010073123498854593,0.037434394726725474,0.07894736842105263,0.2019704433497537,1.586755439778332e-05,0.16666666666666666,0.25,0.08898314729133815,0.16666666666666666,0.1542347488472317,0.06637995512341062
0.5555555555555556,0.11111109829629594,0.057489512640971296,1.0,0.0,0.0,0.01641654921200285,0.1111111111111111,0.028037383176472065,0.06080908492832138,0.1322334669404026,0.022900763358778626,0.07538715572025947,0.014228221719351843,0.007854978931683394,0.008643318298558774,0.029559102557870986,0.05263157894736842,0.1724137931034483,5.86813657099382e-05,0.16666666666666666,0.25,0.10932821387430941,0.16666666666666666,0.15324352160952137,0.11256544502617802
0.8333333333333334,0.33333341022222424,0.29311721128025275,1.0,0.0,0.0,0.109580465990119,0.3333333333333333,0.1476635514164511,0.21878198020984516,0.33619022220856576,0.1297709923664122,0.23765387234463536,0.052853434886065885,0.05701767370259629,0.06957299742805684,0.1385006442270247,0.21052631578947367,0.38916256157635465,0.0023774861708734597,0.29999999999999993,0.25,0.30546306495931114,0.38888888888888884,0.33170036118213186,0.4330590875093493
0.5555555555555556,0.11111109829629594,0.057489512640971296,1.0,0.0,0.0,0.0198366636339062,0.1111111111111111,0.03925233644236128,0.07504152848493062,0.1433489836124564,0.04580152671755725,0.09622208485335351,0.02280558975844456,0.019015759298183287,0.02061793686982138,0.05055988167481629,0.09210526315789473,0.23152709359605914,0.0004056431588189825,0.16666666666666666,0.25,0.1371267897966934,0.16666666666666666,0.11607127904250447,0.3356394913986537
0.5555555555555556,0.11111109829629594,0.057489512640971296,1.0,0.0,0.0,0.0214001445073311,0.1111111111111111,0.05420560748704491,0.10195593920027796,0.17275023590475203,0.07633587786259542,0.14515853507094797,0.04017430730152846,0.06608642450437649,0.050465120478668614,0.0907683738569775,0.14473684210526316,0.31034482758620685,0.002445289411895289,0.16666666666666666,0.25,0.2193386684102464,0.16666666666666666,0.09546205633771365,0.45474943904263276
0.5555555555555556,0.11111109829629594,0.057489512640971296,1.0,0.0,0.0,0.018468617863503206,0.1111111111111111,0.03551401868706487,0.06999963681924609,0.13641587390941134,0.03816793893129771,0.08519434795683768,0.018951502326544224,0.012581781580271767,0.01329018520615023,0.04005949211634364,0.07894736842105263,0.21182266009852216,0.00032511095538899007,0.16666666666666666,0.25,0.12040936090396362,0.16666666666666666,0.13565892013799724,0.2389678384442782
0.5555555555555556,0.11111109829629594,0.057489512640971296,1.0,0.0,0.0,0.0198366636339062,0.1111111111111111,0.03925233644236128,0.08202885480131719,0.16260694012331933,0.04580152671755725,0.12356600974555246,0.02808740115821895,0.03292972951636619,0.033128732395246614,0.06631046601252526,0.09210526315789473,0.23152709359605914,0.001352898669911273,0.16666666666666666,0.25,0.20437749725054255,0.16666666666666666,0.09550148213069545,0.5046746447270007
0.7407407411111111,0.22222219659259185,0.175303361960612,1.0,0.0,0.0,0.05800514055181282,0.2222222222222222,0.08598130841881338,0.14109243302277683,0.22263871117472023,0.08396946564885496,0.14796056956529124,0.03632921464646214,0.03431125847419995,0.04157746608657383,0.09124889121389779,0.14473684210526316,0.31034482758620685,0.0006561115635473322,0.2333333333333333,0.25,0.20241230046232428,0.2777777777777778,0.2296098870119575,0.2905759162303665
0.5555555555555556,0.11111109829629594,0.057489512640971296,1.0,0.0,0.0,0.018879031593803275,0.1111111111111111,0.03925233644236128,0.07675822736931856,0.1524191035929804,0.04580152671755725,0.1083215526211565,0.02384264115727102,0.023259026811529845,0.018115777764146995,0.05169671322811949,0.09210526315789473,0.23152709359605914,0.0007909775597190936,0.16666666666666666,0.25,0.16119031334098344,0.16666666666666666,0.11372422320720804,0.3378833208676141
0.7402584877777778,0.33333341022222424,0.29311721128025275,1.0,0.166666667,0.0,0.10281841122692079,0.3888888888888889,0.17009345794822953,0.2996216125417641,0.3665370415068406,0.20610687022900762,0.298149319957062,0.0719688489225092,0.11205186654430267,0.10825024286064298,0.12770848913796704,0.2763157894736842,0.44827586206896547,0.00398304081126501,0.35,0.5,0.37792476422341814,0.38888888888888884,0.2926765019482622,0.5364622288706058
0.8443333333333334,0.44444450851852013,0.4109310605998934,1.0,0.1,0.0,0.2542480486312822,0.4740740741111111,0.33644859814116274,0.4645123126849071,0.5067864438029548,0.45038167938931295,0.49480749083530035,0.1490394222179607,0.36469404067615974,0.34607974092205485,0.36313673206045305,0.4736842105263157,0.6945812807881774,0.011181903070573278,0.5166666666666666,0.75,0.5430216058953753,0.5,0.38142535755356327,0.5895661929693343
0.8333333333333334,0.33333341022222424,0.29311721128025275,1.0,0.0,0.0,0.14774894290802562,0.3333333333333333,0.192523364503506,0.25700706416306685,0.4171765889216955,0.2213740458015267,0.3745815441455251,0.10108092243595995,0.15746469700109536,0.15425417188570212,0.24041010821635128,0.28947368421052627,0.5073891625615764,0.0286439601089121,0.4,0.25,0.44326093049370596,0.38888888888888884,0.29294724898679203,0.6127524308152581
0.6018518522222223,0.22222219659259185,0.175303361960612,1.0,0.333333333,0.0,0.0497968659458114,0.2592592592222222,0.11401869159528544,0.23494406313733454,0.28213040729623523,0.16412213740458012,0.24659351464934245,0.06516224678060882,0.1242487936291779,0.11114750864887496,0.08066696489670783,0.23684210526315785,0.4088669950738916,0.00451813548426319,0.33333333333333337,0.5,0.32774346874589333,0.2777777777777778,0.18350403887592526,0.6768885564697082
0.7407407411111111,0.22222219659259185,0.175303361960612,1.0,0.0,0.0,0.07168559822300968,0.2222222222222222,0.10841121495059182,0.18290195584437977,0.28913085993325827,0.1412213740458015,0.24958538622299684,0.059477975079184786,0.10370348441339294,0.09541801514103833,0.15523569985930805,0.21052631578947367,0.38916256157635465,0.0039355047336019815,0.2833333333333333,0.25,0.333232670211052,0.2777777777777778,0.18648330300222182,0.5570306656694091
0.5555555555555556,0.11111109829629594,0.057489512640971296,1.0,0.0,0.0,0.01641654921200285,0.1111111111111111,0.028037383176472065,0.061315801147928756,0.13916508036272407,0.022900763358778626,0.08587489158963561,0.01481211314975509,0.008891125650058717,0.00935822089723334,0.030871651252680068,0.05263157894736842,0.1724137931034483,0.0003841062487663019,0.16666666666666666,0.25,0.1368157008520616,0.16666666666666666,0.12742974533031137,0.28851907255048614
0.7402584877777778,0.33333341022222424,0.29311721128025275,1.0,0.166666667,0.0,0.07907304534378612,0.3888888888888889,0.1476635514164511,0.2796606964905717,0.3540600942867416,0.16030534351145037,0.26425565119499894,0.05760405945437551,0.07368483377246218,0.08988908533328362,0.09385112862542379,0.23684210526315785,0.38916256157635465,0.002931908791793755,0.35,0.25,0.3359257209013027,0.38888888888888884,0.31480728114149187,0.42576664173522816
0.5555555555555556,0.11111109829629594,0.057489512640971296,1.0,0.0,0.0,0.018468617863503206,0.12962962966666663,0.03551401868706487,0.07322595719714911,0.15808722872833525,0.03816793893129771,0.11316090555411498,0.02188258811539208,0.020042037952574084,0.018651954715362937,0.03989001262625107,0.07894736842105263,0.21182266009852216,0.0007158952706846892,0.16666666666666666,0.25,0.17250989721599003,0.16666666666666666,0.10725525305078881,0.3322737471952132
0.7407407411111111,0.22222219659259185,0.175303361960612,1.0,0.0,0.0,0.07806981179907102,0.2222222222222222,0.12523364486117464,0.18377443563025733,0.24896414906338576,0.16412213740458012,0.2190458919553606,0.0656841901629495,0.12569939903490335,0.11336486482585982,0.183783574197938,0.23684210526315785,0.44827586206896547,0.0012057324947592496,0.2833333333333333,0.5,0.2775053244123338,0.2777777777777778,0.19380498676968083,0.39472700074794315
0.5555555555555556,0.11111109829629594,0.057489512640971296,1.0,0.0,0.0,0.01949465218925338,0.1111111111111111,0.05046728970825051,0.09676140128455912,0.15411412439133915,0.06870229007633588,0.1265628695258243,0.03520171423679337,0.059504425826697065,0.03866922754013119,0.08178010988125282,0.13157894736842102,0.29064039408866993,0.001150910522242481,0.16666666666666666,0.25,0.19479816884395287,0.16666666666666666,0.1019247462793216,0.356394913986537
0.5555555555555556,0.11111109829629594,0.057489512640971296,1.0,0.0,0.0,0.020862697959656378,0.1111111111111111,0.05420560748704491,0.10077314970806348,0.14740300505974357,0.07633587786259542,0.12025417182496759,0.03751897698152932,0.06498120133810947,0.044567174009399906,0.0899363425190887,0.14473684210526316,0.31034482758620685,0.0007287199176981209,0.16666666666666666,0.25,0.18189356498940698,0.16666666666666666,0.10109087331271566,0.34517576664173527
0.7407407411111111,0.22222219659259185,0.175303361960612,1.0,0.0,0.0,0.07478650195667044,0.23333333333333334,0.11962616823997906,0.1989033227583438,0.24809450349584278,0.16412213740458012,0.20891565072397508,0.06215676752189697,0.11865360134995116,0.10069650035285649,0.15919575214749268,0.23684210526315785,0.42857142857142855,0.0016760685458302432,0.2833333333333333,0.25,0.2709126618032526,0.2777777777777778,0.19797086259448238,0.5016828721017204
0.5555555555555556,0.11111109829629594,0.057489512640971296,1.0,0.0,0.0,0.01949465218925338,0.1111111111111111,0.05046728970825051,0.09515113229242098,0.14506250729977677,0.06870229007633588,0.11286385603601014,0.033308236871187974,0.0518073359187661,0.03152020152391866,0.07812340426580698,0.13157894736842102,0.29064039408866993,0.0007071218995880508,0.16666666666666666,0.25,0.16048052918195038,0.16666666666666666,0.11661067971462707,0.36256544502617805
0.7407407411111111,0.22222219659259185,0.175303361960612,1.0,0.0,0.0,0.05472183070941226,0.2222222222222222,0.08037383177411976,0.13662400866976446,0.2290312664169487,0.07251908396946564,0.16415104981386675,0.03521665629659823,0.03615658643930648,0.04221088430138394,0.09124889121389779,0.13157894736842102,0.29064039408866993,0.00037267527627182117,0.2333333333333333,0.25,0.21982503438244314,0.2777777777777778,0.2237818476671095,0.3900523560209424
0.8333333333333334,0.33333341022222424,0.29311721128025275,1.0,0.0,0.0,0.16683318136697894,0.3333333333333333,0.192523364503506,0.27012451496038126,0.342897391977136,0.23664122137404578,0.29904234943270963,0.08498383922080258,0.15328063787165597,0.1829402065936564,0.2562785924768302,0.30263157894736836,0.5073891625615764,0.0006660981948982478,0.4,0.5,0.347023040523872,0.38888888888888884,0.2867908939676443,0.4783096484667166
0.7407407411111111,0.22222219659259185,0.175303361960612,1.0,0.0,0.0,0.06175749465624087,0.2222222222222222,0.09719626168470259,0.15454558554556194,0.23201780823149315,0.10687022900763359,0.17417554922168033,0.04615006243595059,0.06207999052665858,0.0626914069043796,0.12471888293152936,0.17105263157894735,0.34975369458128075,0.00042330253154940873,0.2333333333333333,0.25,0.22991029225577092,0.2777777777777778,0.2154518405216207,0.586387434554974
0.5555555555555556,0.11111109829629594,0.057489512640971296,1.0,0.0,0.0,0.01778459498240584,0.1111111111111111,0.03177570093176847,0.06736474116745614,0.14033036473263716,0.03053435114503817,0.09566971182070402,0.02046364688496058,0.019213120577873825,0.019903034268200132,0.046745160710841005,0.06578947368421052,0.19211822660098524,0.0003174880247789482,0.16666666666666666,0.25,0.1536188265914365,0.16666666666666666,0.1131213225853272,0.4482049364248317
0.5555555555555556,0.11111109829629594,0.057489512640971296,1.0,0.0,0.0,0.01778459498240584,0.1111111111111111,0.03177570093176847,0.06577310840929815,0.12964369859823094,0.03053435114503817,0.08139593918361873,0.017726250887003858,0.012818615115900413,0.013647636506960856,0.038746943421534556,0.06578947368421052,0.19211822660098524,0.000196121602988369,0.16666666666666666,0.25,0.12066906588685863,0.16666666666666666,0.1340162950640303,0.17763649962602843
0.5555555555555556,0.11111109829629594,0.057489512640971296,1.0,0.0,0.0,0.02024707736420627,0.1111111111111111,0.04299065419765769,0.08097731324281629,0.14237294707722248,0.05343511450381679,0.10745242936888084,0.02675874488530798,0.02991010193710096,0.03080529893408417,0.06237281992809801,0.10526315789473685,0.25123152709359603,0.0001054464890578906,0.16666666666666666,0.25,0.16105822923812232,0.16666666666666666,0.10719977781995602,0.3343305908750935
0.5555555555555556,0.11111109829629594,0.057489512640971296,1.0,0.0,0.0,0.019152640744600567,0.1111111111111111,0.03551401868706487,0.06969214209601582,0.1276045059346928,0.03816793893129771,0.08129773315180247,0.01878686007793147,0.0122265312768288,0.01329018520615023,0.04005949211634364,0.07894736842105263,0.21182266009852216,8.107686964459597e-05,0.16666666666666666,0.25,0.11713657024731997,0.16666666666666666,0.12820849196690748,0.24775617053103965
0.9259259255555556,0.5555556068148161,0.5287447563204857,1.0,0.0,0.0,0.38060987608371677,0.5555555555555556,0.37196261692221955,0.46792882238521794,0.5186523506661336,0.4045801526717557,0.42613708146515056,0.12166804860429221,0.21229166049912668,0.22982451064136605,0.3786970553770865,0.4736842105263157,0.6354679802955665,0.0008208123277495664,0.5333333333333333,0.5,0.4663236913934419,0.611111111111111,0.5088585918921031,0.4293193717277487
0.7407407411111111,0.22222219659259185,0.175303361960612,1.0,0.0,0.0,0.06347732361700825,0.2222222222222222,0.091588785040009,0.15017284089962332,0.2375339431797217,0.09541984732824427,0.1851016043206825,0.04457460135607627,0.05814263299683235,0.06965900735569139,0.12275005988931573,0.15789473684210525,0.33004926108374383,0.00017528307073442576,0.2833333333333333,0.25,0.25600881648599805,0.2777777777777778,0.19746216519477044,0.4181002243829469
0.8333333333333334,0.33333341022222424,0.29311721128025275,1.0,0.0,0.0,0.1354365309990235,0.3518518518888889,0.16261682243763673,0.24907707861462794,0.3109831771576979,0.17557251908396945,0.2401543063735628,0.06485104826331752,0.09590771386561671,0.1232732544105409,0.17111558917040787,0.25,0.42857142857142855,0.00026637498612076826,0.4,0.25,0.30229848793017244,0.38888888888888884,0.30284800763674125,0.449700822737472
0.7407407411111111,0.22222219659259185,0.175303361960612,1.0,0.0,0.0,0.049249647636008545,0.2222222222222222,0.07476635515292415,0.12972370184771762,0.19651352457859889,0.06106870229007634,0.11484160757861277,0.0260756928531585,0.01506853370437254,0.01961896765491464,0.05777889949626623,0.11842105263157894,0.270935960591133,0.00011203212323157252,0.18333333333333332,0.25,0.15039957558634634,0.2777777777777778,0.2624669242019941,0.30777860882572927
0.5555555555555556,0.11111109829629594,0.057489512640971296,1.0,0.0,0.0,0.02024707736420627,0.1111111111111111,0.04299065419765769,0.08331581775458605,0.14440087308170796,0.05343511450381679,0.10958704823768275,0.027491489974241133,0.03240672212518626,0.03366490935235593,0.06499791731771618,0.10526315789473685,0.25123152709359603,7.243666960859911e-05,0.16666666666666666,0.25,0.1701980312011719,0.16666666666666666,0.0997507452521576,0.35209424083769636
0.5555555555555556,0.11111109829629594,0.057489512640971296,0.0,0.0,0.0,0.018468617863503206,0.1111111111111111,0.03551401868706487,0.07027530977075253,0.12020763007345255,0.03816793893129771,0.07542261408311705,0.012496839669807991,0.01409159536990438,0.015434893008067298,0.0426845895059618,0.07894736842105263,0.06896551724137931,1.1536927361495098e-05,0.11666666666666667,0.25,0.10489947949862935,0.1111111111111111,0.14943840923554436,0.1379955123410621
0.888888888888889,0.44444450851852013,0.4109310605998934,1.0,0.0,0.5,0.1854288320478568,0.462962963,0.2336448598117665,0.33217724983859,0.38622048256756153,0.2213740458015267,0.29518162340539944,0.07733686283086731,0.12430800201308506,0.14796229070823294,0.2147081401529734,0.3157894736842105,0.44827586206896547,7.966214108906545e-05,0.41666666666666663,0.25,0.3589767720447949,0.4444444444444444,0.4336941898243773,0.31862378459237095
0.5555555555555556,0.11111109829629594,0.057489512640971296,1.0,0.0,0.0,0.018879031593803275,0.1111111111111111,0.03925233644236128,0.0762817418894971,0.12468244738094993,0.04580152671755725,0.0856212270796389,0.023280325633741265,0.022272220413077158,0.02312009597254908,0.053184979064434444,0.09210526315789473,0.23152709359605914,8.88377641040943e-06,0.16666666666666666,0.25,0.12183927861839161,0.16666666666666666,0.13088525907979504,0.23223635003739718
0.7407407411111111,0.22222219659259185,0.175303361960612,1.0,0.0,0.0,0.060194013774607695,0.2222222222222222,0.091588785040009,0.14625382124424566,0.199310509515974,0.09541984732824427,0.13572902326706882,0.03548681733903256,0.0366795938304864,0.04305544195059762,0.09518653729832503,0.15789473684210525,0.28078817733990147,1.198197203716108e-05,0.2333333333333333,0.25,0.16453369731541734,0.22222222222222224,0.27335437437895654,0.19876589379207182
0.5555555555555556,0.11111109829629594,0.057489512640971296,1.0,0.0,0.0,0.018879031593803275,0.1111111111111111,0.03925233644236128,0.07659215948899462,0.12702087043566557,0.04580152671755725,0.0895637995141581,0.02403728900442382,0.0243445138498278,0.025622255078223462,0.05581007645405261,0.09210526315789473,0.23152709359605914,8.90089351331966e-06,0.16666666666666666,0.25,0.13029681568433701,0.16666666666666666,0.12427358848683107,0.11518324607329844
0.5555555555555556,0.11111109829629594,0.057489512640971296,1.0,0.0,0.0,0.01778459498240584,0.1111111111111111,0.03177570093176847,0.06538049382599362,0.09752955749593423,0.03053435114503817,0.05559120297066915,0.016840593191668092,0.010213446223985317,0.011860380002907725,0.03612184603191639,0.06578947368421052,0.19211822660098524,8.661254072576432e-08,0.16666666666666666,0.25,0.07915031548076598,0.16666666666666666,0.15441617727511253,0.06731488406881078
0.7407407411111111,0.22222219659259185,0.175303361960612,1.0,0.0,0.0,0.060194013774607695,0.2222222222222222,0.08598130841881338,0.14048421626879873,0.16216499751564345,0.08396946564885496,0.10373995975872806,0.035478739595668794,0.03154820055853243,0.04157746608657383,0.09124889121389779,0.14473684210526316,0.3004926108374384,1.4104492798029611e-07,0.2333333333333333,0.25,0.12857260734176457,0.2777777777777778,0.27294162470552774,0.11574420344053854
0.5555555555555556,0.11111109829629594,0.057489512640971296,1.0,0.0,0.0,0.018879031593803275,0.12222222222222223,0.03925233644236128,0.08271761719854798,0.15854270688201294,0.04580152671755725,0.11844605717048765,0.02839673654445185,0.03519938423280737,0.034379811942190426,0.06018663102548476,0.09210526315789473,0.23152709359605914,0.0012559663990119603,0.16666666666666666,0.25,0.1889151230037409,0.16666666666666666,0.10769312358346264,0.3795811518324608
0.5555555555555556,0.11111109829629594,0.057489512640971296,1.0,0.0,0.0,0.018468617863503206,0.1111111111111111,0.03551401868706487,0.07369553123980987,0.14510315771880167,0.03816793893129771,0.09705749655426826,0.02177598282310026,0.020219663104295568,0.020796662520226696,0.04805770940565009,0.07894736842105263,0.21182266009852216,0.0005626612537220182,0.16666666666666666,0.25,0.15815367679460265,0.16666666666666666,0.11420814864849782,0.23522812266267762
0.8443333333333334,0.44444450851852013,0.4109310605998934,1.0,0.1,0.0,0.18503796180897988,0.4740740741111111,0.2710280373647306,0.410160459026484,0.475907087121131,0.31679389312977096,0.40384148043338547,0.10693949222013754,0.19423310340744251,0.1891704387599127,0.24079011652694318,0.381578947368421,0.5665024630541873,0.008736520028125071,0.4666666666666667,0.5,0.47530593203417426,0.5,0.4079449601973942,0.5426327599102467
0.9259259255555556,0.5555556068148161,0.5287447563204857,1.0,0.0,0.6000000000000001,0.42173268036902845,0.5666666666666667,0.4280373831341757,0.47763181048913206,0.5884029924497798,0.47328244274809156,0.5372993734912563,0.15266028630083908,0.3356227241777436,0.33433640911484613,0.4863302251438878,0.513157894736842,0.6748768472906405,0.005934978002003122,0.5333333333333333,0.75,0.5683868258856684,0.5555555555555555,0.5319111670592964,0.5860134629768139
0.7722222222222223,0.33333341022222424,0.29311721128025275,1.0,0.166666667,0.0,0.08970471534874166,0.35555555555555557,0.17009345794822953,0.3124451737865225,0.3538208485278494,0.20610687022900762,0.2856154990419052,0.07640499931877,0.1326563841439948,0.15443555840698936,0.14675085380260147,0.2763157894736842,0.44827586206896547,0.004818060334430067,0.4,0.25,0.3786060571326834,0.38888888888888884,0.30106058872129243,0.42782348541510845
0.8333333333333334,0.33333341022222424,0.29311721128025275,1.0,0.0,0.0,0.13728339278537383,0.3333333333333333,0.17757009348232036,0.24561042535006974,0.3362373656103106,0.19083969465648853,0.2583612548665657,0.07094874769454042,0.10507514530724217,0.11570014123161099,0.1987723001723856,0.2631578947368421,0.458128078817734,0.0019996624123882994,0.35,0.25,0.31700674212230623,0.38888888888888884,0.32111750142351536,0.4192221391174271
0.5555555555555556,0.11111109829629594,0.057489512640971296,1.0,0.0,0.0,0.018879031593803275,0.12222222222222223,0.03925233644236128,0.07858131135025001,0.15134116081165977,0.04580152671755725,0.10539605062122497,0.024711645794235702,0.02464055576936361,0.02061793686982138,0.048373692772203034,0.09210526315789473,0.23152709359605914,0.0009340746571672972,0.16666666666666666,0.25,0.15358131042627404,0.16666666666666666,0.1270494434334074,0.19633507853403143
0.8333333333333334,0.33333341022222424,0.29311721128025275,1.0,0.0,0.0,0.1407132789365722,0.3444444444444444,0.17757009348232036,0.24619310410668796,0.3969023358802531,0.19083969465648853,0.3363803361390297,0.08228248780013499,0.1327649328478246,0.14553361732316875,0.2155062855262122,0.2631578947368421,0.46798029556650245,0.010475269350760227,0.4,0.25,0.4130908527465832,0.38888888888888884,0.30071168789844477,0.5777860882572925
0.5555555555555556,0.11111109829629594,0.057489512640971296,1.0,0.0,0.0,0.018879031593803275,0.12222222222222223,0.03925233644236128,0.07883895760312762,0.15087881058314073,0.04580152671755725,0.10562550685194604,0.02511154474480689,0.025726042807661564,0.021869016419711885,0.049686241467012116,0.09210526315789473,0.23152709359605914,0.0009584004567971414,0.16666666666666666,0.25,0.1563092175241786,0.16666666666666666,0.11673244610180089,0.3406881077038145
0.7407407411111111,0.22222219659259185,0.175303361960612,1.0,0.0,0.0,0.07817404383541063,0.2222222222222222,0.11962616823997906,0.17929407339579093,0.27174498908539696,0.15267175572519082,0.23572107633873474,0.06583436926635651,0.12716974056859784,0.13827931499145998,0.18643103809984102,0.22368421052631576,0.4187192118226601,0.0014049521222033413,0.2833333333333333,0.5,0.3132427650932721,0.2777777777777778,0.20295735315462166,0.4588631264023934
0.8333333333333334,0.33333341022222424,0.29311721128025275,1.0,0.0,0.0,0.1446708399307751,0.3333333333333333,0.18504672899291316,0.2477150847704601,0.34618794867567776,0.20610687022900762,0.27390827087083114,0.06780523400872165,0.115841203114361,0.12465018407675843,0.2148743187931063,0.2763157894736842,0.35960591133004927,0.0011132594003390808,0.35,0.25,0.3161844289602613,0.2777777777777778,0.37932008998850025,0.39023934181002246
0.0,0.0,0.0,0.0,0.0,0.0,0.0,0.0,0.007476635510592815,0.021467425550380226,0.063673448950586,0.015267175572519085,0.05004750800718724,0.00914774060537101,0.019459822177487,0.010406648313427828,0.025026644686265188,0.05263157894736842,0.06403940886699508,0.00026915497480441874,0.0,0.0,0.10887804494212165,0.05555555555555555,0.006959524713343074,0.1824981301421092
0.8333333333333334,0.33333341022222424,0.29311721128025275,1.0,0.0,0.4,0.10773360420376868,0.3333333333333333,0.16261682243763673,0.23440925948690536,0.34748143262674736,0.16030534351145037,0.2670142398403461,0.06405128623819568,0.10601261138577223,0.09802954385339704,0.18827191061391294,0.23684210526315785,0.3793103448275862,0.0016849509528724198,0.35,0.25,0.3366765507402833,0.33333333333333326,0.3497734238056427,0.44857890800299177
0.5555555555555556,0.11111109829629594,0.057489512640971296,1.0,0.0,0.0,0.02052068651500356,0.12962962966666663,0.04299065419765769,0.08623006736226246,0.15199908033899584,0.05343511450381679,0.11055582819549169,0.02807801893550064,0.03446914749795238,0.03366490935235593,0.05797815554480216,0.10526315789473685,0.2413793103448276,0.0008410127344070162,0.16666666666666666,0.25,0.17505535091575108,0.16666666666666666,0.1089858011321134,0.4066940912490651
0.5555555555555556,0.11111109829629594,0.057489512640971296,1.0,0.0,0.0,0.02052068651500356,0.12962962966666663,0.04299065419765769,0.08694468132679797,0.14706026457636479,0.05343511450381679,0.10589862339933143,0.029230061230137862,0.03544608583242054,0.03795432495029669,0.060603252934420315,0.10526315789473685,0.25123152709359603,0.0008502460420588525,0.16666666666666666,0.25,0.17222143812872295,0.16666666666666666,0.10296656413634486,0.3304038893044129
0.5555555555555556,0.11111109829629594,0.057489512640971296,1.0,0.0,0.0,0.01641654921200285,0.1111111111111111,0.028037383176472065,0.06056196139604067,0.1374651633011783,0.022900763358778626,0.07950157007158283,0.013589896829121427,0.0066116028696330065,0.007213513095316269,0.025744381593895704,0.05263157894736842,0.1724137931034483,0.000250612873076912,0.16666666666666666,0.25,0.11397708335662698,0.16666666666666666,0.14857976431051617,0.17165295437546746
0.5555555555555556,0.11111109829629594,0.057489512640971296,1.0,0.0,0.0,0.021751927705903774,0.1111111111111111,0.06542056075293415,0.11883128960657532,0.174827694209432,0.09923664122137404,0.15119884377627024,0.04720107130974387,0.10661456328882837,0.08942731224345339,0.11237259545129505,0.18421052631578944,0.35960591133004927,0.0016868393116654765,0.16666666666666666,0.25,0.22010487463915931,0.16666666666666666,0.10185810622215771,0.43623784592370984
0.5555555555555556,0.11111109829629594,0.057489512640971296,1.0,0.0,0.0,0.0198366636339062,0.1111111111111111,0.03925233644236128,0.07642513678034507,0.16934707545432376,0.04580152671755725,0.12822445373255453,0.026280191317023555,0.028291739443638553,0.029375493724948288,0.057575052388654624,0.09210526315789473,0.23152709359605914,0.001499685530062806,0.16666666666666666,0.25,0.2002498403262856,0.16666666666666666,0.10123078254267753,0.3924831712789828
0.5555555555555556,0.11111109829629594,0.057489512640971296,1.0,0.0,0.0,0.01778459498240584,0.1111111111111111,0.03177570093176847,0.06569813416666592,0.13604627814870124,0.03053435114503817,0.08367424969186855,0.01744804695544091,0.011792336461509617,0.01275400825493429,0.036244771152368356,0.06578947368421052,0.19211822660098524,0.000348135855197657,0.16666666666666666,0.25,0.13038530536115253,0.16666666666666666,0.12457154978954305,0.3262902019446522
0.5555555555555556,0.11111109829629594,0.057489512640971296,1.0,0.0,0.0,0.01641654921200285,0.1111111111111111,0.028037383176472065,0.06034503269725977,0.130829740322072,0.022900763358778626,0.07178741054808996,0.013099663648267324,0.0054373032554743085,0.0064986104936950164,0.025621456473443743,0.05263157894736842,0.1724137931034483,7.075577010281451e-05,0.16666666666666666,0.25,0.10084374075928566,0.16666666666666666,0.15358021090356944,0.16080777860882572
0.5555555555555556,0.11111109829629594,0.057489512640971296,1.0,0.0,0.0,0.018468617863503206,0.1111111111111111,0.03551401868706487,0.06977782294823423,0.13090288295345015,0.03816793893129771,0.07759277919891822,0.01837634209018693,0.011338405518221382,0.01221783130371835,0.038746943421534556,0.07894736842105263,0.21182266009852216,3.304627887849026e-05,0.16666666666666666,0.25,0.1077523240796058,0.16666666666666666,0.14231699454039992,0.14584891548242335
0.8333333333333334,0.33333341022222424,0.29311721128025275,1.0,0.0,0.0,0.09849929527201709,0.3333333333333333,0.1401869159058583,0.21000324335294293,0.3111579272940889,0.11450381679389313,0.19760509909586063,0.044903828746851344,0.037804553124722466,0.050754958666239414,0.11224967033084308,0.19736842105263158,0.3694581280788177,0.00012322328511428098,0.29999999999999993,0.25,0.24113939696226278,0.38888888888888884,0.36306898746190003,0.22587883320867613
0.5555555555555556,0.11111109829629594,0.057489512640971296,1.0,0.0,0.0,0.018468617863503206,0.1111111111111111,0.03551401868706487,0.07012276409317966,0.13148562892517635,0.03816793893129771,0.08021303025442311,0.019124990322698904,0.013292282187157703,0.014362539108582107,0.04137204081115272,0.07894736842105263,0.21182266009852216,2.0507658654688498e-05,0.16666666666666666,0.25,0.11620644309549008,0.16666666666666666,0.13173169247602357,0.18006731488406882
0.5555555555555556,0.11111109829629594,0.057489512640971296,1.0,0.0,0.0,0.02052068651500356,0.1111111111111111,0.04299065419765769,0.08042747854126067,0.15344737655019847,0.05343511450381679,0.10978652790943774,0.026410478075293245,0.026870738229866683,0.026515883330250026,0.05957200539697398,0.10526315789473685,0.25123152709359603,0.00014602668961128954,0.16666666666666666,0.25,0.15925218003327216,0.16666666666666666,0.11183527415231054,0.2253178758414361
0.5555555555555556,0.11111109829629594,0.057489512640971296,1.0,0.0,0.0,0.02052068651500356,0.1111111111111111,0.04299065419765769,0.07974730986041365,0.13757852884280325,0.05343511450381679,0.09160420497491567,0.024822124939868073,0.022637338780504654,0.02365627292376502,0.05389408528187128,0.10526315789473685,0.25123152709359603,4.6972411464195286e-05,0.16666666666666666,0.25,0.12983649523547353,0.16666666666666666,0.1207465500686637,0.21054599850411368
0.5555555555555556,0.11111109829629594,0.057489512640971296,1.0,0.0,0.0,0.018468617863503206,0.1111111111111111,0.03551401868706487,0.07058232010772564,0.13352180069837238,0.03816793893129771,0.08471905698425339,0.020260479996684996,0.015423784007815506,0.017579600812931057,0.04530968689557996,0.07894736842105263,0.21182266009852216,2.0432685743941693e-05,0.16666666666666666,0.25,0.12662570505603646,0.16666666666666666,0.12845586265030645,0.2094240837696335
0.8333333333333334,0.33333341022222424,0.29311721128025275,1.0,0.0,0.0,0.14651770171712541,0.3518518518888889,0.17757009348232036,0.2411868034141013,0.37655843393278465,0.19083969465648853,0.30677170784370766,0.07211736853290268,0.10280549059080099,0.10789753979953388,0.18757671008861934,0.2631578947368421,0.46798029556650245,0.0010449892047498608,0.4,0.5,0.3574447709268902,0.38888888888888884,0.30150683287371466,0.530665669409125
0.8333333333333334,0.33333341022222424,0.29311721128025275,1.0,0.0,0.0,0.109580465990119,0.37037037033333325,0.1476635514164511,0.2186361511865462,0.31748129101317696,0.1297709923664122,0.21695472978116037,0.05291998244431912,0.05870511264395039,0.07370378642670947,0.12348028475274231,0.21052631578947367,0.38916256157635465,0.0002531035827213795,0.29999999999999993,0.25,0.2670755779176695,0.38888888888888884,0.3435772940926904,0.3412490650710546
0.8333333333333334,0.33333341022222424,0.29311721128025275,1.0,0.0,0.0,0.1280490838536222,0.3333333333333333,0.16261682243763673,0.22620510434481114,0.3285691890729485,0.16030534351145037,0.23841368652116368,0.057396940981381525,0.06373782527605909,0.08012945819256902,0.15687632595435183,0.23684210526315785,0.4187192118226601,0.00012237513266507907,0.35,0.25,0.2779742321109159,0.38888888888888884,0.3393318688802796,0.3513462976813762
0.5555555555555556,0.11111109829629594,0.057489512640971296,1.0,0.0,0.0,0.0198366636339062,0.1111111111111111,0.03925233644236128,0.07582951345899527,0.14115252025577535,0.04580152671755725,0.09842842007648377,0.02442277639102977,0.023949791290446727,0.026873334631060657,0.05712262514886169,0.09210526315789473,0.23152709359605914,1.853816479383742e-05,0.16666666666666666,0.25,0.14609922565511946,0.16666666666666666,0.11332577846751596,0.24382946896035906
0.7407407411111111,0.22222219659259185,0.175303361960612,1.0,0.0,0.0,0.07223281653281255,0.2222222222222222,0.10280373832939622,0.15734708401161732,0.2586979949645667,0.11832061068702289,0.20160069788297968,0.04936874648912883,0.06417202009137828,0.07599318959219305,0.13233059938812503,0.18421052631578944,0.3694581280788177,0.0002667609767913939,0.2833333333333333,0.5,0.2555080232277767,0.2777777777777778,0.20495306586131057,0.27842183994016456
0.8333333333333334,0.33333341022222424,0.29311721128025275,1.0,0.0,0.4,0.09849929527201709,0.3333333333333333,0.1476635514164511,0.21593425283623544,0.3100974830136366,0.1297709923664122,0.20572384047658626,0.0471426057712155,0.04820549256441379,0.054426771099663894,0.12800025466855205,0.21052631578947367,0.34975369458128075,4.8656220877474625e-05,0.35,0.25,0.24474761416994034,0.33333333333333326,0.37826047818951186,0.24289454001495886
0.7407407411111111,0.22222219659259185,0.175303361960612,1.0,0.0,0.0,0.06722967772143629,0.2222222222222222,0.10280373832939622,0.161651212529244,0.22392167480435116,0.11832061068702289,0.16795707230509607,0.049209487384417064,0.06870146146027611,0.07134812262465187,0.13233059938812503,0.18421052631578944,0.3694581280788177,1.933924521003619e-05,0.2833333333333333,0.25,0.21427266671953088,0.2777777777777778,0.2136818666473143,0.318436798803291
0.7407407411111111,0.22222219659259185,0.175303361960612,1.0,0.0,0.0,0.06722967772143629,0.2222222222222222,0.09719626168470259,0.1701640907904474,0.24353507035451694,0.11832061068702289,0.18375599608857113,0.046950187384107236,0.06551407679327394,0.07367065610842245,0.1286565290159566,0.18421052631578944,0.34975369458128075,0.00019092707576820147,0.2833333333333333,0.25,0.23750319017162738,0.2777777777777778,0.20754609677671465,0.3584517576664174
0.5555555555555556,0.11111109829629594,0.057489512640971296,1.0,0.0,0.0,0.02093110024530363,0.1111111111111111,0.0467289719529541,0.08570328153322124,0.14063946285052814,0.06106870229007634,0.09986362352142801,0.028593141976016118,0.03389679978684982,0.03473726323710768,0.06893556340214342,0.11842105263157894,0.25123152709359603,2.7283977354790394e-05,0.16666666666666666,0.25,0.14410232869564604,0.16666666666666666,0.12495499179385267,0.19016454749439043
0.0,0.0,0.0,0.0,0.0,0.0,0.0,0.0,0.0037383177552964067,0.009455969240200257,0.050202563393934946,0.007633587786259542,0.0313687926172011,0.0043546796623105686,0.004904427800309857,0.002818467252259347,0.012495969525352934,0.02631578947368421,0.04433497536945813,3.4747718907767136e-06,0.0,0.0,0.059394699760255625,0.05555555555555555,0.021794787700827323,0.09966342557965596
0.5555555555555556,0.11111109829629594,0.057489512640971296,1.0,0.0,0.0,0.018468617863503206,0.1111111111111111,0.03551401868706487,0.0702465811687012,0.12977439524270867,0.03816793893129771,0.07961993849578666,0.01912183830397421,0.01409159536990438,0.014362539108582107,0.0426845895059618,0.07894736842105263,0.2019704433497537,1.5816203089052627e-05,0.16666666666666666,0.25,0.11749387235903955,0.16666666666666666,0.13636369980014962,0.17183994016454748
0.9259259255555556,0.5555556068148161,0.5287447563204857,1.0,0.0,0.0,0.3948603528211267,0.5740740741111112,0.38317757002362285,0.48558416033756824,0.4804914625667735,0.42748091603053434,0.405058486672704,0.13040633883628105,0.2584149915628053,0.2874432421668668,0.3961183041954962,0.48684210526315785,0.645320197044335,7.505473049871881e-05,0.5333333333333333,0.5,0.44426770241156205,0.611111111111111,0.5181459828954862,0.4878459237097981
0.7407407411111111,0.22222219659259185,0.175303361960612,1.0,0.0,0.0,0.06347732361700825,0.2222222222222222,0.091588785040009,0.15056476751151474,0.21267167417210175,0.09541984732824427,0.14478682670725332,0.04021618086174603,0.04363657893957785,0.05255671532008356,0.10503065250939314,0.15789473684210525,0.33004926108374383,1.182791811096901e-05,0.2833333333333333,0.25,0.19135258855743129,0.2777777777777778,0.22100041030736767,0.2543006731488407
0.5555555555555556,0.11111109829629594,0.057489512640971296,1.0,0.0,0.0,0.02052068651500356,0.1111111111111111,0.0467289719529541,0.08784560769350916,0.12589463203918222,0.06106870229007634,0.09178599565702325,0.030469693088110858,0.039936054945380266,0.03473726323710768,0.0713849436502557,0.11842105263157894,0.270935960591133,6.829724061181816e-06,0.16666666666666666,0.25,0.13314556694620636,0.16666666666666666,0.11248388078198446,0.21540762902019447
0.7407407411111111,0.22222219659259185,0.175303361960612,1.0,0.0,0.30000000000000004,0.06175749465624087,0.23333333333333334,0.10280373832939622,0.1824828969785969,0.20476500851487772,0.1297709923664122,0.1532476262643816,0.04731928003482757,0.07670446135172741,0.06670305565711068,0.12492928228222544,0.19736842105263158,0.32019704433497537,1.9985415844897375e-05,0.2833333333333333,0.25,0.19690943680339432,0.22222222222222224,0.23516229470675587,0.22943156320119673
0.888888888888889,0.44444450851852013,0.4109310605998934,1.0,0.0,0.0,0.22837244013095456,0.4444444444444445,0.2710280373647306,0.3381506944514301,0.3785406752160792,0.27862595419847325,0.2953019330772049,0.09254149082873757,0.15332011012759408,0.18029037939672227,0.28506680532313194,0.35526315789473684,0.5172413793103449,2.3553304775505743e-05,0.4666666666666667,0.25,0.3245503764581669,0.4444444444444444,0.4499351742271149,0.2823485415108452
0.5555555555555556,0.11111109829629594,0.057489512640971296,1.0,0.0,0.0,0.02161512312640099,0.1111111111111111,0.05046728970825051,0.11035496194011021,0.13555440045545197,0.07633587786259542,0.10614414285957036,0.034260622753728515,0.05572495732062327,0.050465120478668614,0.08319788190353743,0.14473684210526316,0.28078817733990147,1.5165753178463883e-05,0.16666666666666666,0.25,0.1590017275794579,0.16666666666666666,0.10217351256601204,0.31151832460732987
0.7637152777777778,0.33333341022222424,0.29311721128025275,1.0,0.166666667,0.0,0.13802604619819855,0.36296296299999997,0.2000000000140988,0.365990418873822,0.3095405575419702,0.29770992366412213,0.27485551756715126,0.09030288448037832,0.19417389502353535,0.2149001878211564,0.18830114440722,0.35526315789473684,0.5073891625615764,7.664148593849714e-05,0.45000000000000007,0.75,0.31283466350865957,0.38888888888888884,0.2926621970145255,0.4971952131637996
0.5555555555555556,0.11111109829629594,0.057489512640971296,1.0,0.0,0.0,0.02024707736420627,0.1111111111111111,0.04299065419765769,0.08525465723975884,0.12580065324804107,0.05343511450381679,0.08638677438734717,0.02706184639668862,0.03110413767922871,0.03366490935235593,0.06499791731771618,0.10526315789473685,0.2413793103448276,4.604500682851901e-06,0.16666666666666666,0.25,0.13494644685066276,0.16666666666666666,0.11373713253765338,0.19091249065071056
0.8333333333333334,0.33333341022222424,0.29311721128025275,1.0,0.0,0.0,0.109580465990119,0.3333333333333333,0.1476635514164511,0.21858062237659828,0.29342492137863757,0.1297709923664122,0.19167390914713656,0.05110322984656665,0.053080316172770065,0.06750760294346397,0.13587554683740655,0.21052631578947367,0.38916256157635465,2.8014021793911714e-05,0.29999999999999993,0.25,0.24797417542416134,0.38888888888888884,0.3415184303370661,0.22438294689603588
0.7407407411111111,0.22222219659259185,0.175303361960612,1.0,0.0,0.0,0.05472183070941226,0.2222222222222222,0.08037383177411976,0.1376807754643998,0.18635772133251527,0.07251908396946564,0.11568954947906537,0.03264215767839438,0.02833121169957666,0.03482100504019876,0.08140477600282968,0.13157894736842102,0.29064039408866993,3.235132450033492e-06,0.2333333333333333,0.25,0.15395089770002415,0.2777777777777778,0.24109465539763536,0.13294689603590126
0.8388888888888889,0.44444450851852013,0.4109310605998934,1.0,0.1,0.5,0.14040058274547065,0.4814814814444444,0.2336448598117665,0.4047272081030884,0.36097163282396777,0.2595419847328244,0.2717269613871547,0.07932062681912498,0.13558719914739928,0.14395998192452844,0.17924072146568876,0.3421052631578947,0.438423645320197,7.794683620643129e-05,0.41666666666666663,0.5,0.33902831404114675,0.4444444444444444,0.43487591691136246,0.3992146596858639
0.0,0.0,0.0,0.0,0.0,0.0,0.0,0.0,0.001869158865899204,0.005939546289955855,0.0437343014978009,0.0038167938931297713,0.027480370399898122,0.0037858578256670713,0.0046478581367121585,0.002926869838510704,0.011244883393394932,0.013157894736842105,0.034482758620689655,2.0027010404969236e-06,0.0,0.0,0.05955344641312101,0.05555555555555555,0.01785918641910525,0.1336948391922214
0.5555555555555556,0.11111109829629594,0.057489512640971296,0.0,0.0,0.0,0.018879031593803275,0.1111111111111111,0.03925233644236128,0.07593112868431856,0.11864006148849486,0.04580152671755725,0.07623759526202975,0.015044576517506446,0.02148277529431501,0.021869016419711885,0.05187243036962536,0.09210526315789473,0.07881773399014778,2.1054036579583045e-06,0.11666666666666667,0.25,0.10647160865588043,0.1111111111111111,0.1576030373910034,0.11780104712041886
0.7407407411111111,0.22222219659259185,0.175303361960612,1.0,0.0,0.0,0.07113837992141508,0.2222222222222222,0.10280373832939622,0.15918603107598853,0.19846524946119443,0.11832061068702289,0.1437709603921899,0.047780941144207195,0.06132014959985001,0.07599318959219305,0.13062535205817022,0.18421052631578944,0.35960591133004927,4.7585546090439725e-06,0.2333333333333333,0.5,0.17839603196716872,0.2777777777777778,0.23058297140687978,0.16267763649962602
0.5555555555555556,0.11111109829629594,0.057489512640971296,1.0,0.0,0.0,0.02093110024530363,0.1111111111111111,0.0467289719529541,0.08825196322902606,0.1308000057988733,0.06106870229007634,0.0926678866057267,0.02933377271265874,0.03579146807187898,0.03795432495029669,0.0702481120969525,0.11842105263157894,0.2610837438423645,6.1279228418623824e-06,0.16666666666666666,0.25,0.13387732338956942,0.16666666666666666,0.11398066531200107,0.13257292445774121
0.7637152777777778,0.33333341022222424,0.29311721128025275,1.0,0.166666667,0.0,0.10504637146539506,0.36296296299999997,0.17757009348232036,0.3142237560219804,0.2975336989743459,0.2213740458015267,0.24086519580480356,0.0749954724783748,0.12934071464519376,0.1394574766563219,0.14691992598258305,0.28947368421052627,0.458128078817734,0.000115123300846131,0.4,0.5,0.29472947039540903,0.38888888888888884,0.2996594030167361,0.4655946148092745
0.7407407411111111,0.22222219659259185,0.175303361960612,1.0,0.0,0.0,0.06347732361700825,0.2222222222222222,0.091588785040009,0.14723779222713831,0.18294231352819873,0.09541984732824427,0.11721092519683465,0.037371672614565865,0.034163237514432045,0.04115518727670043,0.09518653729832503,0.15789473684210525,0.32019704433497537,1.4155844106760308e-06,0.2333333333333333,0.25,0.14384862630387804,0.2777777777777778,0.24955061574017218,0.12041884816753926
0.5555555555555556,0.11111109829629594,0.057489512640971296,1.0,0.0,0.0,0.019152640744600567,0.1111111111111111,0.03551401868706487,0.0721194885204455,0.10774911672282574,0.03816793893129771,0.0641566774937258,0.019868618599252028,0.014802095976790315,0.01650724691049918,0.04399713820077088,0.07894736842105263,0.21182266009852216,8.387380426012756e-07,0.16666666666666666,0.25,0.09786700217227555,0.16666666666666666,0.126457009836212,0.18137621540762902
0.8333333333333334,0.33333341022222424,0.29311721128025275,1.0,0.0,0.4,0.12066163670822092,0.3333333333333333,0.16261682243763673,0.23039121726665143,0.24574029661100877,0.16030534351145037,0.1597212381389331,0.054495930575231825,0.06042215577725806,0.07049095055851312,0.15425122856473367,0.23684210526315785,0.3793103448275862,1.2255845683724765e-06,0.35,0.5,0.18708170038634522,0.33333333333333326,0.3794697684415019,0.15276738967838444
0.5555555555555556,0.11111109829629594,0.057489512640971296,1.0,0.0,0.0,0.01778459498240584,0.1111111111111111,0.03177570093176847,0.06540728706179574,0.1111861250519978,0.03053435114503817,0.06460913095321176,0.01684111854073684,0.010213446223985317,0.011860380002907725,0.03612184603191639,0.06578947368421052,0.19211822660098524,8.96936192496058e-07,0.16666666666666666,0.25,0.09249848391125215,0.16666666666666666,0.14383645762390168,0.0805908750934929
0.7407407411111111,0.22222219659259185,0.175303361960612,1.0,0.0,0.0,0.06347732361700825,0.2222222222222222,0.091588785040009,0.15008113685506844,0.18225025356189467,0.09541984732824427,0.11913277120663748,0.03973714580547705,0.0414162645430593,0.05065646064618637,0.10503065250939314,0.15789473684210525,0.32019704433497537,1.7801787026639323e-06,0.2833333333333333,0.25,0.15580351285050997,0.2777777777777778,0.23919558821887527,0.12565445026178013
0.8333333333333334,0.33333341022222424,0.29311721128025275,1.0,0.0,0.4,0.109580465990119,0.3333333333333333,0.15514018692704393,0.2230850535009871,0.2416973316738809,0.1450381679389313,0.1514336823992648,0.04995443100152505,0.05177773172681252,0.05924602494615872,0.1385006442270247,0.22368421052631576,0.35960591133004927,8.507200146384367e-07,0.35,0.25,0.1753005326780783,0.33333333333333326,0.3994562031775096,0.12976813762154077
0.0,0.0,0.0,0.0,0.0,0.0,0.0,0.0,0.0037383177552964067,0.009835233308577801,0.03666800272259429,0.007633587786259542,0.02200666578274034,0.004730555529986742,0.005693872919072007,0.003685687945216889,0.013808518220162016,0.02631578947368421,0.04433497536945813,8.798190895858274e-08,0.0,0.0,0.04432852758819877,0.05555555555555555,0.022061347929482972,0.10732984293193717
0.5555555555555556,0.11111109829629594,0.057489512640971296,1.0,0.0,0.0,0.01778459498240584,0.1111111111111111,0.03177570093176847,0.0653810855825043,0.11429657539272185,0.03053435114503817,0.06819231479566891,0.016463792343301926,0.010371335247737748,0.011860380002907725,0.03612184603191639,0.06578947368421052,0.18226600985221675,2.636033848175438e-06,0.16666666666666666,0.25,0.09823459090484819,0.16666666666666666,0.14867361863186218,0.13631264023934184
0.5555555555555556,0.11111109829629594,0.057489512640971296,1.0,0.0,0.0,0.018468617863503206,0.1111111111111111,0.03551401868706487,0.07013669146176557,0.0989937106773112,0.03816793893129771,0.0556575312719097,0.01873281989194974,0.012937031883714735,0.01329018520615023,0.04137204081115272,0.07894736842105263,0.2019704433497537,1.3145935035056726e-07,0.16666666666666666,0.25,0.07492644678695998,0.16666666666666666,0.15759012806055805,0.07479431563201197
0.7407407411111111,0.22222219659259185,0.175303361960612,1.0,0.0,0.0,0.06347732361700825,0.2222222222222222,0.091588785040009,0.14775384216379697,0.18335703464319236,0.09541984732824427,0.1190017251572803,0.03879086554479971,0.03860386630746914,0.04685595129839199,0.1010930064249659,0.15789473684210525,0.32019704433497537,1.4754942708618362e-06,0.2833333333333333,0.25,0.14791466600220918,0.2777777777777778,0.25564486641285294,0.16417352281226627
0.0,0.0,0.0,0.0,0.0,0.0,0.0,0.0,0.0037383177552964067,0.009644092208135696,0.03589168695696296,0.007633587786259542,0.021203028875639865,0.004541314933301476,0.005249810039768298,0.003252077597264774,0.013152243872757475,0.02631578947368421,0.04433497536945813,6.110805738952144e-08,0.0,0.0,0.04161429544399777,0.05555555555555555,0.026275372067837477,0.05665669409124907
0.5555555555555556,0.11111109829629594,0.057489512640971296,1.0,0.0,0.0,0.01641654921200285,0.1111111111111111,0.028037383176472065,0.06034248413530971,0.09213294833630277,0.022900763358778626,0.04470626073184797,0.013056169271505625,0.00536822680758262,0.0064986104936950164,0.025621456473443743,0.05263157894736842,0.1724137931034483,3.697294228609699e-08,0.16666666666666666,0.25,0.06259899800516404,0.16666666666666666,0.17040944209362824,0.06787584143605085
0.5555555555555556,0.11111109829629594,0.057489512640971296,1.0,0.0,0.0,0.01778459498240584,0.1111111111111111,0.03177570093176847,0.06526339532207195,0.10281286910328861,0.03053435114503817,0.056241448497384564,0.016462268747745964,0.009502945617099382,0.01096675175088116,0.03480929733710731,0.06578947368421052,0.19211822660098524,2.6531509510856674e-07,0.16666666666666666,0.25,0.07858770244948388,0.16666666666666666,0.1554841626938493,0.0912490650710546
0.5555555555555556,0.11111109829629594,0.057489512640971296,1.0,0.0,0.0,0.01641654921200285,0.1111111111111111,0.028037383176472065,0.060050298824074144,0.09057572752406,0.022900763358778626,0.04293663722147481,0.012299278144834901,0.004124850745532234,0.00506880529045251,0.022996359083825583,0.05263157894736842,0.1724137931034483,1.5747734677411643e-08,0.16666666666666666,0.25,0.05724736061403172,0.16666666666666666,0.17406871392365492,0.05890052356020943
0.5555555555555556,0.11111109829629594,0.057489512640971296,1.0,0.0,0.0,0.01641654921200285,0.1111111111111111,0.028037383176472065,0.060197518693051094,0.09227340093712663,0.022900763358778626,0.045701900159837494,0.012677723272965373,0.004815615224449115,0.005783707892073763,0.02430890777863466,0.05263157894736842,0.1724137931034483,2.567565436534511e-08,0.16666666666666666,0.25,0.06255563559162336,0.16666666666666666,0.16882299005213974,0.09554973821989529
0.7407407411111111,0.22222219659259185,0.175303361960612,1.0,0.0,0.0,0.05472183070941226,0.2222222222222222,0.08037383177411976,0.1345425680666891,0.1520702796081812,0.07251908396946564,0.08520449474771692,0.026963802946974473,0.018709849314662956,0.024475174039179273,0.06762301470733434,0.13157894736842102,0.2413793103448276,3.4576547878664774e-08,0.2333333333333333,0.25,0.10145573150479958,0.22222222222222224,0.30590228543995,0.061892296185489915
0.5555555555555556,0.11111109829629594,0.057489512640971296,1.0,0.0,0.0,0.02024707736420627,0.1111111111111111,0.04299065419765769,0.07997814518579965,0.09254679743640312,0.05343511450381679,0.060271922776472905,0.023652459269173344,0.022637338780504654,0.02222646772052251,0.05581007645405261,0.10526315789473685,0.22167487684729065,2.7387364656368123e-08,0.16666666666666666,0.25,0.07875933141241953,0.16666666666666666,0.14976149139750133,0.09480179506357518
0.888888888888889,0.44444450851852013,0.4109310605998934,1.0,0.0,0.0,0.24633242560979446,0.4444444444444445,0.3084112149176947,0.3662292742865265,0.46211954529741933,0.3549618320610687,0.39907924979087006,0.11685636554671633,0.2574281851643526,0.2743795927543733,0.3642590197341866,0.4078947368421052,0.6354679802955665,0.0020525508369603285,0.4666666666666667,0.25,0.4353097816980099,0.5,0.4498095699308898,0.43885564697083024
1.0,0.9999999999999998,1.0000000000000002,1.0,0.0,1.0,0.9100766616075131,1.0,1.0000000000000002,0.9999999999999999,0.9999999999999999,0.9083969465648855,0.8886959806112698,0.2680007508654312,0.7131748522257418,0.8333599017684442,0.8630275237616374,1.0,1.0,0.0072507630270423765,0.9999999999999999,0.25,0.8970144911396721,1.0,1.0,0.4863500373971578
0.5555555555555556,0.11111109829629594,0.057489512640971296,1.0,0.0,0.0,0.018879031593803275,0.1111111111111111,0.03925233644236128,0.0767877790271117,0.1473507933611587,0.04580152671755725,0.1017438240012918,0.02494860581244794,0.028094378163948015,0.028124414180951157,0.05843517384367077,0.09210526315789473,0.23152709359605914,0.0002194097638397953,0.16666666666666666,0.25,0.14944886629443654,0.16666666666666666,0.13735004242634008,0.13406881077038146
0.5555555555555556,0.11111109829629594,0.057489512640971296,1.0,0.0,0.0,0.02093110024530363,0.1111111111111111,0.0467289719529541,0.08968436964877455,0.15329328229878447,0.06106870229007634,0.11690317143916458,0.03267217247300299,0.04881731253145446,0.05243110261544693,0.08206105035023423,0.11842105263157894,0.25123152709359603,0.00038989371243127987,0.16666666666666666,0.25,0.18802606515452258,0.16666666666666666,0.12200852434490383,0.2634629768137622
0.5555555555555556,0.11111109829629594,0.057489512640971296,1.0,0.0,0.0,0.018879031593803275,0.1111111111111111,0.03925233644236128,0.07678775288175779,0.14768556209350164,0.04580152671755725,0.10196554767549909,0.024948605661072328,0.028094378163948015,0.028124414180951157,0.05843517384367077,0.09210526315789473,0.23152709359605914,0.00021940959266876617,0.16666666666666666,0.25,0.14964256208272653,0.16666666666666666,0.13570113713756188,0.22830964846671653
0.7407407411111111,0.22222219659259185,0.175303361960612,1.0,0.0,0.0,0.06722967772143629,0.2296296296666666,0.10280373832939622,0.1620127558867849,0.26986861957840974,0.11832061068702289,0.21853715161717488,0.05328218496905615,0.08212202847923267,0.0968959910050621,0.1373400944200378,0.18421052631578944,0.3694581280788177,0.0011640494392653447,0.2833333333333333,0.25,0.29825536236706496,0.2777777777777778,0.2006528632197126,0.42483171278982795
0.5555555555555556,0.11111109829629594,0.057489512640971296,1.0,0.0,0.0,0.019699859054403416,0.1111111111111111,0.05794392524234132,0.10855684895096307,0.15602518237264362,0.08396946564885496,0.12286303168822921,0.03839971182836269,0.07782942064596347,0.059401402998934275,0.09256143990870687,0.15789473684210525,0.32019704433497537,0.0004230634056217528,0.16666666666666666,0.25,0.17455951405173828,0.16666666666666666,0.11990221007737228,0.31413612565445026
0.5555555555555556,0.11111109829629594,0.057489512640971296,1.0,0.0,0.0,0.021751927705903774,0.1111111111111111,0.06542056075293415,0.11874226554794967,0.16301220453811155,0.09923664122137404,0.1378957560253257,0.04527788087897269,0.1049369924114588,0.08692515314956575,0.11126662375537498,0.18421052631578944,0.34975369458128075,0.00046304707513873027,0.16666666666666666,0.25,0.19916064864817296,0.16666666666666666,0.11184783458193309,0.34966342557965596
0.0,0.0,0.0,0.0,0.0,0.0,0.0,0.0,0.014953271021185629,0.04552872695816221,0.06373086080414002,0.03053435114503817,0.053604842474578696,0.014220810785568213,0.052054037518379274,0.024282179397801817,0.038090669074130015,0.10526315789473685,0.10344827586206898,0.00019035262579453414,0.0,0.0,0.10789141842208555,0.05555555555555555,0.008631806357252109,0.3343305908750935
0.8333333333333334,0.33333341022222424,0.29311721128025275,1.0,0.0,0.0,0.14651770171712541,0.3333333333333333,0.20747663552469164,0.26881668365711586,0.3544477056794204,0.25190839694656486,0.29432229172790714,0.0863296977806565,0.1765297966192013,0.17880941759500374,0.256630026759842,0.3157894736842105,0.5369458128078818,0.0009964589657498054,0.35,0.25,0.32787266910406676,0.38888888888888884,0.3355044268536403,0.3348915482423336
0.5555555555555556,0.11111109829629594,0.057489512640971296,1.0,0.0,0.0,0.019699859054403416,0.1111111111111111,0.05794392524234132,0.10820690297521685,0.15491509196134629,0.08396946564885496,0.1216248955333046,0.038388244293028374,0.07738535776665977,0.059401402998934275,0.09256143990870687,0.15789473684210525,0.32019704433497537,0.000409855335503132,0.16666666666666666,0.25,0.17098483431124434,0.16666666666666666,0.12360474560943202,0.29730740463724753
0.5555555555555556,0.11111109829629594,0.057489512640971296,1.0,0.0,0.0,0.019699859054403416,0.1111111111111111,0.05794392524234132,0.10821295815203627,0.15567939627552352,0.08396946564885496,0.12262466817910789,0.038387504520402245,0.07768139968619557,0.059401402998934275,0.09256143990870687,0.15789473684210525,0.32019704433497537,0.0004090030749492316,0.16666666666666666,0.25,0.17176923553196524,0.16666666666666666,0.12285740004689227,0.2836574420344054
0.5555555555555556,0.11111109829629594,0.057489512640971296,1.0,0.0,0.0,0.021751927705903774,0.1111111111111111,0.06542056075293415,0.11885020315560954,0.1598762406795347,0.09923664122137404,0.13479545399862736,0.045045057199415865,0.1037626927973001,0.0819208349323236,0.110937121636034,0.18421052631578944,0.34975369458128075,0.0006208600883009169,0.16666666666666666,0.25,0.1973869957360395,0.16666666666666666,0.11228849632118976,0.39697083021690355
0.5555555555555556,0.11111109829629594,0.057489512640971296,1.0,0.0,0.0,0.019699859054403416,0.1111111111111111,0.05794392524234132,0.1080167158315885,0.15369242715719905,0.08396946564885496,0.11992372725934738,0.03800662285038714,0.07605316912874864,0.05725669517049701,0.09124889121389779,0.15789473684210525,0.32019704433497537,0.00040796817490727907,0.16666666666666666,0.25,0.16478916425471055,0.16666666666666666,0.13029561668918244,0.20026178010471207
0.8845593277777778,0.5555556068148161,0.5287447563204857,1.0,0.066666667,0.0,0.35520331178795866,0.6111111111111112,0.40560747669638925,0.5231499009072567,0.5831881883515209,0.47328244274809156,0.5185754224443198,0.14271469838264514,0.28257201219692707,0.37784751960438173,0.3676360959592913,0.513157894736842,0.6945812807881774,0.0020254661026834135,0.5333333333333333,0.5,0.5504249111974175,0.611111111111111,0.49694851340337404,0.45699326851159316
0.8333333333333334,0.33333341022222424,0.29311721128025275,1.0,0.0,0.0,0.1499475878683238,0.3407407407777777,0.192523364503506,0.25427303814039126,0.3474610291264707,0.2213740458015267,0.28141296391402054,0.07973218006469439,0.13106762584248596,0.16458114436760024,0.22358145835927548,0.28947368421052627,0.4975369458128079,0.0004377548438785742,0.4,0.25,0.3231865102811718,0.38888888888888884,0.32832369901861175,0.3775243081525804
0.7407407411111111,0.22222219659259185,0.175303361960612,1.0,0.0,0.0,0.06175749465624087,0.2296296296666666,0.09719626168470259,0.15604822283068123,0.24754388609647304,0.10687022900763359,0.18332704943054795,0.04565448989659188,0.06081687833663914,0.06902558914088128,0.11174539487126073,0.17105263157894735,0.34975369458128075,0.00038672225560407235,0.2333333333333333,0.25,0.24628694805154056,0.2777777777777778,0.22072791876472359,0.4048242333582648
0.8333333333333334,0.33333341022222424,0.29311721128025275,1.0,0.0,0.0,0.12620222206727189,0.3407407407777777,0.17009345794822953,0.23810143516662827,0.34944190856252494,0.17557251908396945,0.2724298589065294,0.06734851622139625,0.11045324017880932,0.13153483237837926,0.19208028968385754,0.25,0.3990147783251231,0.0005776857908014727,0.35,0.25,0.3304126603775694,0.33333333333333326,0.3481841805575715,0.37789827973074047
0.7542438266666667,0.33333341022222424,0.29311721128025275,1.0,0.166666667,0.0,0.10301384630531787,0.3777777777777778,0.17009345794822953,0.3196788656813794,0.37123235135985144,0.2213740458015267,0.30501804470328386,0.07456321808776194,0.12983411784442012,0.14660334886203502,0.1437712837372489,0.28947368421052627,0.44827586206896547,0.0014785031152113963,0.4,0.5,0.39081820599144385,0.38888888888888884,0.28733587705293245,0.505422587883321
0.6267146777777779,0.22222219659259185,0.175303361960612,1.0,0.333333333,0.0,0.04674807823032042,0.24814814811111108,0.10841121495059182,0.2294064179989462,0.2550901458865052,0.15267175572519082,0.20523785339542455,0.05618565121748127,0.09539457453842132,0.11405845140019051,0.07202035183353743,0.22368421052631576,0.38916256157635465,0.0005766551700352476,0.33333333333333337,0.5,0.27982484588281825,0.2777777777777778,0.19479656290821395,0.3674270755422588
0.5555555555555556,0.11111109829629594,0.057489512640971296,1.0,0.0,0.0,0.018468617863503206,0.1111111111111111,0.03551401868706487,0.07158891126647943,0.14405397803711872,0.03816793893129771,0.09598265353454266,0.021801769015616652,0.020042037952574084,0.021869016419711885,0.049576835099348175,0.07894736842105263,0.21182266009852216,5.9157392341871695e-05,0.16666666666666666,0.25,0.14300528282592234,0.16666666666666666,0.12303499056572176,0.2675766641735228
0.888888888888889,0.44444450851852013,0.4109310605998934,1.0,0.0,0.0,0.22420315777446057,0.4444444444444445,0.2616822430352346,0.32543553872901576,0.4175607421289085,0.2595419847328244,0.3167447802976681,0.08534294959587027,0.1270019834808609,0.1648500982294318,0.26007887944781255,0.3421052631578947,0.4876847290640394,0.00018337980275302278,0.41666666666666663,0.25,0.34848710339725675,0.4444444444444444,0.46784076445565886,0.35377711293941666
0.5555555555555556,0.11111109829629594,0.057489512640971296,1.0,0.0,0.0,0.0198366636339062,0.1111111111111111,0.03925233644236128,0.07570250482011931,0.14214511580270733,0.04580152671755725,0.09602584863519727,0.024075505291960717,0.023259026811529845,0.025622255078223462,0.054827029878584496,0.09210526315789473,0.23152709359605914,6.158220114013488e-05,0.16666666666666666,0.25,0.1414199202422022,0.16666666666666666,0.12475856063058938,0.18455497382198954
0.5555555555555556,0.11111109829629594,0.057489512640971296,1.0,0.0,0.0,0.01778459498240584,0.1111111111111111,0.03177570093176847,0.06717168701146684,0.1455129516663592,0.03053435114503817,0.09572840472558859,0.01998415111701006,0.019213120577873825,0.019009406016173562,0.04563918901492093,0.06578947368421052,0.19211822660098524,0.00016982528247149888,0.16666666666666666,0.25,0.15708324466814239,0.16666666666666666,0.12367313017071019,0.2212041884816754
0.5555555555555556,0.11111109829629594,0.057489512640971296,1.0,0.0,0.0,0.0198366636339062,0.1111111111111111,0.03925233644236128,0.0771476390596153,0.1516975810608691,0.04580152671755725,0.10822352504651034,0.0264425797341179,0.03125215863899662,0.033128732395246614,0.06270232204743899,0.09210526315789473,0.23152709359605914,0.0001885722759208411,0.16666666666666666,0.25,0.17111492517837348,0.16666666666666666,0.11463555215648624,0.224756918474196
0.5555555555555556,0.11111109829629594,0.057489512640971296,0.0,0.0,0.0,0.018468617863503206,0.1111111111111111,0.03551401868706487,0.07037410513250314,0.14005521750765348,0.03816793893129771,0.08929386895024105,0.012536692857548012,0.015423784007815506,0.015434893008067298,0.04170154293049369,0.07894736842105263,0.06896551724137931,6.614527843394404e-05,0.11666666666666667,0.25,0.12597895847128204,0.1111111111111111,0.16204803387408312,0.16810022438294692
0.5555555555555556,0.11111109829629594,0.057489512640971296,1.0,0.0,0.0,0.0198366636339062,0.1111111111111111,0.03925233644236128,0.07543425549325705,0.14576068733752923,0.04580152671755725,0.09919434658155572,0.022964776278549363,0.021976178493541353,0.02312009597254908,0.05220193248896634,0.09210526315789473,0.22167487684729065,9.700073931095394e-05,0.16666666666666666,0.25,0.14648494475715904,0.16666666666666666,0.12398225629975324,0.21447270007479433
0.8333333333333334,0.33333341022222424,0.29311721128025275,1.0,0.0,0.0,0.14651770171712541,0.3518518518888889,0.17009345794822953,0.2525782979544099,0.388640375403555,0.19083969465648853,0.3221276280094145,0.07157397757236537,0.11006838568341278,0.10789753979953388,0.1886975398882666,0.2631578947368421,0.44827586206896547,0.0021290930437019464,0.4,0.5,0.3816865804586627,0.38888888888888884,0.2939430119351994,0.47774869109947643
0.5555555555555556,0.11111109829629594,0.057489512640971296,1.0,0.0,0.0,0.0198366636339062,0.12962962966666663,0.03551401868706487,0.08946238923185817,0.1675187749313397,0.04580152671755725,0.12564815385664393,0.025007155137378723,0.03006799096085339,0.031877652848302795,0.050895621445570575,0.09210526315789473,0.21182266009852216,0.0008389051055256795,0.16666666666666666,0.25,0.2035234461075484,0.16666666666666666,0.09443279891031298,0.29001495886312645
0.5555555555555556,0.11111109829629594,0.057489512640971296,1.0,0.0,0.0,0.018468617863503206,0.1111111111111111,0.03551401868706487,0.0706189272635796,0.13457704121835978,0.03816793893129771,0.0837266064087358,0.019502004156554113,0.014713283400929573,0.015434893008067298,0.0426845895059618,0.07894736842105263,0.21182266009852216,1.8255903766847727e-05,0.16666666666666666,0.25,0.12162756145731907,0.16666666666666666,0.12518107952705793,0.17707554225878835
0.8333333333333334,0.33333341022222424,0.29311721128025275,1.0,0.0,0.4,0.1037760432095658,0.3333333333333333,0.15514018692704393,0.22200135481302266,0.2970280019310746,0.1450381679389313,0.19758002657749615,0.05112408539473652,0.05868537651598133,0.06544220842940422,0.14375083900626104,0.22368421052631576,0.35960591133004927,6.107125561826452e-05,0.35,0.25,0.23544463181335742,0.33333333333333326,0.38639510087420587,0.3004861630516081
0.5555555555555556,0.11111109829629594,0.057489512640971296,0.0,0.0,0.0,0.018879031593803275,0.1111111111111111,0.03925233644236128,0.07577601501008252,0.13212356009931436,0.04580152671755725,0.0848466810713798,0.015055592802135113,0.020693330175552856,0.021869016419711885,0.05187243036962536,0.09210526315789473,0.07881773399014778,1.6346833279269762e-05,0.11666666666666667,0.25,0.11825384463910651,0.1111111111111111,0.1560130963412864,0.15706806282722513
0.5555555555555556,0.11111109829629594,0.057489512640971296,1.0,0.0,0.0,0.02093110024530363,0.1111111111111111,0.0467289719529541,0.08605509141124926,0.13931328271906163,0.06106870229007634,0.09871816598627674,0.028969020454921633,0.03401521655466414,0.03634579410843562,0.06893556340214342,0.11842105263157894,0.2610837438423645,2.3831800039855188e-05,0.16666666666666666,0.25,0.13950087851301185,0.16666666666666666,0.11717206113858902,0.16473448017950637
0.7407407411111111,0.22222219659259185,0.175303361960612,1.0,0.0,0.0,0.049249647636008545,0.2222222222222222,0.07476635515292415,0.12998722069569305,0.21210074650027327,0.06106870229007634,0.1249505028828656,0.026985867078047357,0.01743686906065899,0.022152640549515306,0.06171654558069348,0.11842105263157894,0.270935960591133,4.197233453308796e-05,0.18333333333333332,0.25,0.1618068804865657,0.2777777777777778,0.2633887201759577,0.11667913238593869
0.5555555555555556,0.11111109829629594,0.057489512640971296,0.0,0.0,0.2,0.012312411909002136,0.1111111111111111,0.02429906542117565,0.05562161523473563,0.06250343056479325,0.015267175572519085,0.020029903557491114,0.003689780707336246,0.0018650640930755796,0.0025666461847781265,0.015121066914971098,0.039473684210526314,0.019704433497536946,1.4566654576599377e-10,0.11666666666666667,0.0,0.024947110614531164,0.05555555555555555,0.24985625286098673,0.014584891548242336
0.0,0.0,0.0,0.0,0.0,0.0,0.0,0.0,0.0,0.0,0.016932997922376354,0.0,0.004830839056706112,3.7843903358258935e-11,0.0,0.0,0.0033081286616893696,0.0,0.0,1.814412908477939e-11,0.0,0.0,0.007152031973244688,0.0,0.07634578025388813,0.007479431563201196
0.5555555555555556,0.11111109829629594,0.057489512640971296,0.0,0.0,0.0,0.01641654921200285,0.1111111111111111,0.028037383176472065,0.059903213167914,0.06755660441051368,0.022900763358778626,0.025111578040913764,0.005392756744454297,0.003365009818723665,0.004353902688831258,0.0216838103890165,0.05263157894736842,0.024630541871921183,5.477472931272992e-10,0.11666666666666667,0.25,0.02976933655313794,0.05555555555555555,0.2240477100941195,0.017015706806282727
0.5555555555555556,0.11111109829629594,0.057489512640971296,0.0,0.0,0.0,0.01641654921200285,0.1111111111111111,0.028037383176472065,0.060040282887587615,0.07275024167354519,0.022900763358778626,0.028347137261037814,0.005676587383281327,0.003848544953965481,0.00506880529045251,0.022996359083825583,0.05263157894736842,0.024630541871921183,2.0540523492275497e-09,0.11666666666666667,0.25,0.035324246330341355,0.05555555555555555,0.21052187189478266,0.025617053103964102
0.7407407411111111,0.22222219659259185,0.175303361960612,1.0,0.0,0.0,0.05800514055181282,0.2222222222222222,0.08598130841881338,0.1414571451100631,0.2314301325169768,0.08396946564885496,0.1552956361799989,0.037497155694785365,0.039837374305535,0.0466448118934553,0.09715536034053866,0.14473684210526316,0.31034482758620685,0.00021695910821613765,0.2333333333333333,0.25,0.19936621149245043,0.2777777777777778,0.25323814853684956,0.26196709050112194
0.5555555555555556,0.11111109829629594,0.057489512640971296,1.0,0.0,0.0,0.02052068651500356,0.1111111111111111,0.04299065419765769,0.0816024237300862,0.14964676324898968,0.05343511450381679,0.10796782450886933,0.02905744421142284,0.035988829351569517,0.039384130159432575,0.0702481120969525,0.10526315789473685,0.25123152709359603,0.0001379919215052275,0.16666666666666666,0.25,0.1608479474015337,0.16666666666666666,0.1177125085131801,0.23560209424083772
0.5555555555555556,0.11111109829629594,0.057489512640971296,1.0,0.0,0.0,0.01778459498240584,0.1111111111111111,0.03177570093176847,0.06628215662017387,0.14204752430485523,0.03053435114503817,0.09026047913080289,0.01881128642546246,0.016213229126577657,0.016328521260093865,0.0426845895059618,0.06578947368421052,0.19211822660098524,0.00011687797506545867,0.16666666666666666,0.25,0.13881375149409333,0.16666666666666666,0.13217549432268583,0.2253178758414361
0.5555555555555556,0.11111109829629594,0.057489512640971296,1.0,0.0,0.0,0.01778459498240584,0.1111111111111111,0.03177570093176847,0.06658486866096058,0.1421228348693025,0.03053435114503817,0.09146032017304603,0.019566726389808567,0.017634230340349527,0.018115777764146995,0.04530968689557996,0.06578947368421052,0.19211822660098524,0.00011346208600869315,0.16666666666666666,0.25,0.1398848723378966,0.16666666666666666,0.130310270523742,0.12060583395661928
0.5555555555555556,0.11111109829629594,0.057489512640971296,1.0,0.0,0.0,0.01641654921200285,0.1111111111111111,0.028037383176472065,0.0615104810220255,0.13566590350100238,0.022900763358778626,0.08078341638406838,0.015775376770393486,0.011792336461509617,0.011502928702097098,0.03480929733710731,0.05263157894736842,0.1724137931034483,0.00010931221557913697,0.16666666666666666,0.25,0.12277335755481697,0.16666666666666666,0.14855115444304268,0.22157816005983544
0.5555555555555556,0.11111109829629594,0.057489512640971296,0.0,0.0,0.2,0.012312411909002136,0.1111111111111111,0.02429906542117565,0.05592713842397709,0.12296481033808442,0.015267175572519085,0.062182892342167104,0.004551597765235905,0.0032268569229402886,0.0036390000872100056,0.01774616430458926,0.039473684210526314,0.024630541871921183,1.172521549350763e-05,0.11666666666666667,0.0,0.08725018983259078,0.05555555555555555,0.2081005001842196,0.11929693343305908
0.7407407411111111,0.22222219659259185,0.175303361960612,1.0,0.0,0.0,0.05472183070941226,0.2222222222222222,0.08037383177411976,0.13537908901433907,0.22472562205903512,0.07251908396946564,0.14330453476938373,0.03174289411579945,0.025765515063599673,0.03186505331215119,0.07746712991840245,0.13157894736842102,0.29064039408866993,8.815633223723805e-05,0.2333333333333333,0.25,0.18851488942840286,0.2777777777777778,0.24574899237442366,0.1611817501869858
0.0,0.0,0.0,0.0,0.0,0.0,0.0,0.0,0.0,5.0017805094948464e-06,0.04282314328268523,0.0,0.020404903517436828,1.7100903125419863e-06,5.9208383907161316e-05,0.0,0.0033081286616893696,0.0,0.0,1.4635122988246749e-06,0.0,0.0,0.03470972821161588,0.0,0.058832005649402136,0.032909498878085267
0.5555555555555556,0.11111109829629594,0.057489512640971296,1.0,0.0,0.0,0.019152640744600567,0.1111111111111111,0.03551401868706487,0.06980059668447411,0.1347002543989363,0.03816793893129771,0.08259483772601564,0.019140255493752076,0.013025844459575477,0.014362539108582107,0.04137204081115272,0.07894736842105263,0.21182266009852216,4.30541354370145e-05,0.16666666666666666,0.25,0.11768340892988813,0.16666666666666666,0.13642929315484498,0.1286462228870606
0.5555555555555556,0.11111109829629594,0.057489512640971296,1.0,0.0,0.0,0.01778459498240584,0.1111111111111111,0.03177570093176847,0.06508463012491339,0.129593198995042,0.03053435114503817,0.07462695453701686,0.016108598736561376,0.009187167569594522,0.010073123498854593,0.033496748642298235,0.06578947368421052,0.19211822660098524,3.865127422644512e-05,0.16666666666666666,0.25,0.10375149515669813,0.16666666666666666,0.15147773454508917,0.1419222139117427
0.8333333333333334,0.33333341022222424,0.29311721128025275,1.0,0.0,0.0,0.1280490838536222,0.3333333333333333,0.16261682243763673,0.22634818296402767,0.3096466734618448,0.16030534351145037,0.2149269837794885,0.05852648931388962,0.06435951330708428,0.08517820032167793,0.15950142334397,0.23684210526315785,0.42857142857142855,0.00011010696266725896,0.35,0.25,0.2515941504057224,0.38888888888888884,0.35462942545803705,0.21353777112939418
0.5555555555555556,0.11111109829629594,0.057489512640971296,1.0,0.0,0.0,0.01641654921200285,0.1111111111111111,0.028037383176472065,0.06033933876208053,0.11726452263569924,0.022900763358778626,0.05999096575686884,0.01306249972399968,0.00536822680758262,0.0064986104936950164,0.025621456473443743,0.05263157894736842,0.1724137931034483,1.033873015777899e-05,0.16666666666666666,0.25,0.0828380043503014,0.16666666666666666,0.16516685832951872,0.04824233358264772
0.7407407411111111,0.22222219659259185,0.175303361960612,1.0,0.0,0.0,0.05472183070941226,0.2222222222222222,0.08037383177411976,0.13483111490332036,0.1854428010401517,0.07251908396946564,0.10507638651031492,0.030276684525327106,0.020634121791645695,0.027431125752493405,0.07156066079176159,0.13157894736842102,0.29064039408866993,2.8756732889186593e-06,0.2333333333333333,0.25,0.12873485572298357,0.2777777777777778,0.2712588760369332,0.12602842183994017
0.5555555555555556,0.11111109829629594,0.057489512640971296,1.0,0.0,0.0,0.01778459498240584,0.1111111111111111,0.03177570093176847,0.06490723694877798,0.10464157704728898,0.03053435114503817,0.05382653507863491,0.01570554803217282,0.007766166355822651,0.009179495246828028,0.03218419994748915,0.06578947368421052,0.19211822660098524,5.118013770158804e-07,0.16666666666666666,0.25,0.07194438737536064,0.16666666666666666,0.15918320921768064,0.04861630516080778
0.7407407411111111,0.22222219659259185,0.175303361960612,1.0,0.0,0.0,0.060194013774607695,0.2222222222222222,0.08598130841881338,0.14016263573613777,0.19859784208134978,0.08396946564885496,0.1223572625699374,0.03501101123814414,0.028923295538648273,0.038199235548652864,0.08731124512947055,0.14473684210526316,0.31034482758620685,9.482875012267485e-06,0.2333333333333333,0.25,0.15121647778159655,0.2777777777777778,0.2560677342101444,0.10545998504113688
0.5555555555555556,0.11111109829629594,0.057489512640971296,1.0,0.0,0.0,0.019152640744600567,0.1111111111111111,0.03551401868706487,0.06961968033474522,0.1088989288804648,0.03816793893129771,0.06011081095886282,0.01873329430312435,0.011338405518221382,0.01329018520615023,0.04005949211634364,0.07894736842105263,0.21182266009852216,8.370263323102526e-07,0.16666666666666666,0.25,0.08228431840267027,0.16666666666666666,0.14681083713867832,0.06469708302169035
0.5555555555555556,0.11111109829629594,0.057489512640971296,1.0,0.0,0.0,0.01641654921200285,0.1111111111111111,0.028037383176472065,0.06019465638685381,0.09622828361382721,0.022900763358778626,0.04484970157149243,0.01267779127846001,0.0047465387765574275,0.005783707892073763,0.02430890777863466,0.05263157894736842,0.1724137931034483,1.3676565225273857e-07,0.16666666666666666,0.25,0.06039868119845516,0.16666666666666666,0.16994505509841795,0.040949887808526556
0.7407407411111111,0.22222219659259185,0.175303361960612,1.0,0.0,0.0,0.06894950669041197,0.2222222222222222,0.09719626168470259,0.15038403862397356,0.2161861264890454,0.10687022900763359,0.1462197712685875,0.0421211446467936,0.04187019548634754,0.05424583055957717,0.10896829859382039,0.17105263157894735,0.34975369458128075,3.262417112072399e-05,0.2333333333333333,0.5,0.17868852990877948,0.2777777777777778,0.23961252470217825,0.16903515332834707
0.5555555555555556,0.11111109829629594,0.057489512640971296,1.0,0.0,0.0,0.019152640744600567,0.1111111111111111,0.03551401868706487,0.06992135396922497,0.11277742243442719,0.03816793893129771,0.06436275400826463,0.019112319843203204,0.013025844459575477,0.015434893008067298,0.0426845895059618,0.07894736842105263,0.2019704433497537,1.7014400292768736e-06,0.16666666666666666,0.25,0.08825547755206466,0.16666666666666666,0.1459350960733306,0.07572924457741212
0.7407407411111111,0.22222219659259185,0.175303361960612,1.0,0.0,0.0,0.049249647636008545,0.2222222222222222,0.07476635515292415,0.12966482155200046,0.17891726790479667,0.06106870229007634,0.09402679468940446,0.0260188100602073,0.014476449865300927,0.01961896765491464,0.05777889949626623,0.11842105263157894,0.270935960591133,2.1567549666889945e-06,0.18333333333333332,0.25,0.1201733413606178,0.2777777777777778,0.28016317393682943,0.09255796559461481
0.5555555555555556,0.11111109829629594,0.057489512640971296,1.0,0.0,0.0,0.01641654921200285,0.1111111111111111,0.028037383176472065,0.06034162499897952,0.08991819275462427,0.022900763358778626,0.04140197001470575,0.013056169385037336,0.00536822680758262,0.0064986104936950164,0.025621456473443743,0.05263157894736842,0.1724137931034483,3.697294228609699e-08,0.16666666666666666,0.25,0.05687505431624559,0.16666666666666666,0.17118818873022434,0.03459237097980554
0.5555555555555556,0.11111109829629594,0.057489512640971296,1.0,0.0,0.0,0.018468617863503206,0.1111111111111111,0.03551401868706487,0.06992115474162802,0.08598601542968184,0.03816793893129771,0.04498896965768155,0.018354300589768363,0.01178246839752509,0.01329018520615023,0.04005949211634364,0.07894736842105263,0.2019704433497537,1.1074765582918823e-08,0.16666666666666666,0.25,0.05835885054237514,0.16666666666666666,0.1630619396652785,0.048055347793567696
0.8333333333333334,0.33333341022222424,0.29311721128025275,1.0,0.0,0.0,0.109580465990119,0.3333333333333333,0.1476635514164511,0.21462789342924524,0.19188605264262126,0.1297709923664122,0.10744254895790982,0.04370971568741528,0.03676840640634714,0.053049841433446356,0.11749986511007941,0.21052631578947367,0.33004926108374383,1.3128817932146437e-08,0.29999999999999993,0.25,0.12230443521589154,0.33333333333333326,0.4240627826096665,0.06787584143605085
0.7407407411111111,0.22222219659259185,0.175303361960612,0.0,0.0,0.0,0.05800514055181282,0.2222222222222222,0.08598130841881338,0.13983975987549177,0.12810602266321275,0.08396946564885496,0.0702268777428761,0.022138685038739447,0.023949791290446727,0.03144277450227779,0.07943595296061606,0.14473684210526316,0.09359605911330049,2.1567549666889305e-09,0.2333333333333333,0.25,0.0790277953500688,0.16666666666666666,0.31300137048243215,0.056282722513088995
0.5555555555555556,0.11111109829629594,0.057489512640971296,1.0,0.0,0.0,0.018468617863503206,0.1111111111111111,0.03551401868706487,0.06992362242728326,0.08172934864069271,0.03816793893129771,0.04291134978515006,0.018354297297348755,0.011871280973385832,0.01329018520615023,0.04005949211634364,0.07894736842105263,0.2019704433497537,6.1108057389520874e-09,0.16666666666666666,0.25,0.05627643285690039,0.16666666666666666,0.16399524936639615,0.056843679880329095
0.5555555555555556,0.11111109829629594,0.057489512640971296,1.0,0.0,0.0,0.018468617863503206,0.1111111111111111,0.03551401868706487,0.06992362303734154,0.08500395720152551,0.03816793893129771,0.04473904217282662,0.01835430036270494,0.011871280973385832,0.01329018520615023,0.04005949211634364,0.07894736842105263,0.2019704433497537,1.0732423524714219e-08,0.16666666666666666,0.25,0.058728883490337745,0.16666666666666666,0.16189312190873872,0.06114435302916979
0.5555555555555556,0.11111109829629594,0.057489512640971296,0.0,0.0,0.0,0.01778459498240584,0.1111111111111111,0.03177570093176847,0.06505420294636827,0.0704213788482652,0.03053435114503817,0.03371713781910875,0.008514878596146308,0.008318777938956157,0.010073123498854593,0.033496748642298235,0.06578947368421052,0.034482758620689655,2.8756732889180144e-10,0.11666666666666667,0.25,0.044647157233053604,0.05555555555555555,0.1890697048019918,0.03459237097980554
0.5555555555555556,0.11111109829629594,0.057489512640971296,0.0,0.0,0.0,0.01778459498240584,0.1111111111111111,0.03177570093176847,0.06491713270378763,0.0701711327219328,0.03053435114503817,0.03305170624464422,0.008231049281855904,0.007766166355822651,0.009179495246828028,0.03218419994748915,0.06578947368421052,0.034482758620689655,2.8756732889180144e-10,0.11666666666666667,0.25,0.042658454450228055,0.05555555555555555,0.19663003673227863,0.03982797307404638
0.5555555555555556,0.11111109829629594,0.057489512640971296,1.0,0.0,0.0,0.01641654921200285,0.1111111111111111,0.028037383176472065,0.060486017422231114,0.0833539958283858,0.022900763358778626,0.03821664825696927,0.013434596234562403,0.005989914838607813,0.007213513095316269,0.026934005168252825,0.05263157894736842,0.1724137931034483,1.696304898403798e-08,0.16666666666666666,0.25,0.05383100436675534,0.16666666666666666,0.17302864057074596,0.041323859386686604
0.5555555555555556,0.11111109829629594,0.057489512640971296,1.0,0.0,0.0,0.01641654921200285,0.1111111111111111,0.028037383176472065,0.060486044874852735,0.08937437635032316,0.022900763358778626,0.0419679822904685,0.013434607701265174,0.005989914838607813,0.007213513095316269,0.026934005168252825,0.05263157894736842,0.1724137931034483,3.5432403024176274e-08,0.16666666666666666,0.25,0.05873744233241771,0.16666666666666666,0.16827172675204038,0.046185489902767385
0.5555555555555556,0.11111109829629594,0.057489512640971296,0.0,0.0,0.0,0.01641654921200285,0.1111111111111111,0.028037383176472065,0.06005270323797285,0.06460938052679034,0.022900763358778626,0.02635050622094873,0.005676585604617861,0.004124850745532234,0.00506880529045251,0.022996359083825583,0.05263157894736842,0.024630541871921183,7.7026963095971e-11,0.11666666666666667,0.25,0.033351516061335414,0.05555555555555555,0.21211774425848806,0.02412116679132386
0.5555555555555556,0.11111109829629594,0.057489512640971296,0.0,0.0,0.2,0.012312411909002136,0.1111111111111111,0.02429906542117565,0.055771051881121275,0.06392192889908667,0.015267175572519085,0.023308533288893717,0.003973609945938844,0.0025163563160543537,0.003102823135994066,0.016433615609780176,0.039473684210526314,0.019704433497536946,7.668462103776639e-11,0.11666666666666667,0.0,0.03130031544936523,0.05555555555555555,0.2305348230933268,0.024495138369483915
0.5555555555555556,0.11111109829629594,0.057489512640971296,0.0,0.0,0.2,0.012312411909002136,0.1111111111111111,0.02429906542117565,0.05562413686697115,0.05939076954012233,0.015267175572519085,0.020139300491649116,0.0036897805938045343,0.0019242724769827407,0.0025666461847781265,0.015121066914971098,0.039473684210526314,0.019704433497536946,2.0540523492211606e-11,0.11666666666666667,0.0,0.0255420645839292,0.05555555555555555,0.2411417570087197,0.012154076290201946
0.0,0.0,0.0,0.0,0.0,0.0,0.0,0.0,0.0,2.66682610161606e-08,0.015378667172488182,0.0,0.0046662453764443595,0.0,0.0,0.0,0.0033081286616893696,0.0,0.0,2.5504483335597564e-12,0.0,0.0,0.007223550688331705,0.0,0.0730591345026628,0.009536275243081531
0.8333333333333334,0.33333341022222424,0.29311721128025275,1.0,0.0,0.0,0.1280490838536222,0.3333333333333333,0.16261682243763673,0.22611997010479226,0.2946423036164849,0.16030534351145037,0.1994494088553109,0.05792423299398318,0.06042215577725806,0.08265382927185691,0.15687632595435183,0.23684210526315785,0.42857142857142855,4.420423358155287e-05,0.35,0.25,0.22954573226101083,0.38888888888888884,0.3661169850502975,0.18511593118922964
0.5555555555555556,0.11111109829629594,0.057489512640971296,1.0,0.0,0.0,0.018468617863503206,0.1111111111111111,0.03551401868706487,0.07024405761913971,0.11897169446970347,0.03816793893129771,0.06948888174691155,0.019493621504859636,0.013736345066461412,0.015434893008067298,0.0426845895059618,0.07894736842105263,0.21182266009852216,5.90540050402939e-06,0.16666666666666666,0.25,0.0957798842986003,0.16666666666666666,0.1500919004767381,0.06282722513089006
0.5555555555555556,0.11111109829629594,0.057489512640971296,1.0,0.0,0.0,0.018468617863503206,0.1111111111111111,0.03551401868706487,0.0702497862404885,0.12074259859125804,0.03816793893129771,0.07192679904237187,0.019493621921142575,0.013913970218182897,0.015434893008067298,0.0426845895059618,0.07894736842105263,0.21182266009852216,5.90540050402939e-06,0.16666666666666666,0.25,0.09990400081176164,0.16666666666666666,0.1423620027465473,0.11256544502617802
0.7407407411111111,0.22222219659259185,0.175303361960612,1.0,0.0,0.0,0.05472183070941226,0.2222222222222222,0.08037383177411976,0.13452165221929965,0.16905289224208275,0.07251908396946564,0.0904332057428202,0.026491119081658673,0.018196709987467558,0.022997198181048863,0.06762301470733434,0.13157894736842102,0.23152709359605914,6.145039944772611e-07,0.2333333333333333,0.25,0.10716413364661005,0.22222222222222224,0.29269987830339306,0.08283470456245325
0.7407407411111111,0.22222219659259185,0.175303361960612,0.0,0.0,0.30000000000000004,0.04377746456260483,0.2222222222222222,0.07476635515292415,0.1298015315987551,0.15525850615735381,0.06106870229007634,0.07534910512902383,0.01646218734550948,0.013765949258414992,0.015185040083470096,0.05581007645405261,0.11842105263157894,0.07881773399014778,1.4087375695119382e-07,0.2333333333333333,0.25,0.08998575057290813,0.16666666666666666,0.32514521252246925,0.050299177262528055
0.5555555555555556,0.11111109829629594,0.057489512640971296,1.0,0.0,0.0,0.01778459498240584,0.1111111111111111,0.03177570093176847,0.06490704504188016,0.09596504276585091,0.03053435114503817,0.04794838752577295,0.015326864828045265,0.007766166355822651,0.009179495246828028,0.03218419994748915,0.06578947368421052,0.18226600985221675,1.3163052137966953e-07,0.16666666666666666,0.25,0.06367227774555649,0.16666666666666666,0.16457268022820903,0.03571428571428571
0.0,0.0,0.0,0.0,0.0,0.0,0.0,0.0,0.001869158865899204,0.004567968692001878,0.030890094878218102,0.0038167938931297713,0.01444841630315595,0.0017029871253817844,0.0018058557091684185,0.000975623279503568,0.007902049093521154,0.013157894736842105,0.009852216748768471,8.781073792947986e-09,0.0,0.0,0.025569760386236512,0.0,0.04320473779405362,0.030478683620044883
0.5555555555555556,0.11111109829629594,0.057489512640971296,0.0,0.0,0.0,0.01778459498240584,0.1111111111111111,0.03177570093176847,0.06475752568902488,0.0874562109068139,0.03053435114503817,0.040862969973916155,0.00794723801910748,0.0069767212370605005,0.0073922387457215815,0.030871651252680068,0.06578947368421052,0.034482758620689655,1.8828813201253062e-08,0.11666666666666667,0.25,0.051962102321224495,0.05555555555555555,0.1824172128127547,0.03347045624532535
0.5555555555555556,0.11111109829629594,0.057489512640971296,0.0,0.0,0.0,0.01641654921200285,0.1111111111111111,0.028037383176472065,0.0601871158053264,0.08063595528007236,0.022900763358778626,0.0341215352753164,0.005960419422332787,0.004539309432882363,0.005783707892073763,0.02430890777863466,0.05263157894736842,0.024630541871921183,5.03242825560759e-09,0.11666666666666667,0.25,0.04474878331048496,0.05555555555555555,0.18946117152522696,0.02786088257292446
0.7407407411111111,0.22222219659259185,0.175303361960612,1.0,0.0,0.0,0.06347732361700825,0.2222222222222222,0.091588785040009,0.14557778936844892,0.21717233103727912,0.09541984732824427,0.14426157686153682,0.038830610007004905,0.03727167766955801,0.04685595129839199,0.09912418338275228,0.15789473684210525,0.33004926108374383,6.889633921367623e-05,0.2333333333333333,0.25,0.184385868870334,0.2777777777777778,0.24061840577444815,0.29020194465220644
0.7407407411111111,0.22222219659259185,0.175303361960612,1.0,0.0,0.0,0.0656661968480114,0.2222222222222222,0.091588785040009,0.1448868570811441,0.20029495149187176,0.09541984732824427,0.12692813215187987,0.037857615394233296,0.03268302791675302,0.04305544195059762,0.09518653729832503,0.15789473684210525,0.33004926108374383,2.3467890431983695e-05,0.2333333333333333,0.5,0.15597776080632858,0.2777777777777778,0.24731695267230125,0.13332086761406134
0.5555555555555556,0.11111109829629594,0.057489512640971296,1.0,0.0,0.0,0.018468617863503206,0.1111111111111111,0.03551401868706487,0.0702475328595843,0.12685287596811123,0.03816793893129771,0.07623412457819972,0.01949960224184121,0.013825157642322153,0.015434893008067298,0.0426845895059618,0.07894736842105263,0.21182266009852216,1.4703591399887671e-05,0.16666666666666666,0.25,0.10592294484968762,0.16666666666666666,0.1432112273493586,0.14229618548990275
0.7407407411111111,0.22222219659259185,0.175303361960612,1.0,0.0,0.0,0.05472183070941226,0.2222222222222222,0.08037383177411976,0.13514386937455228,0.18593280799619338,0.07251908396946564,0.10796860980532999,0.031224935772187885,0.022943248764024985,0.03038707747759429,0.07549830687618882,0.13157894736842102,0.29064039408866993,6.761255649540896e-06,0.2333333333333333,0.25,0.13461955271521764,0.2777777777777778,0.2627987288845222,0.13949139865370233
0.7407407411111111,0.22222219659259185,0.175303361960612,1.0,0.0,0.0,0.05472183070941226,0.2222222222222222,0.08037383177411976,0.13483721260991546,0.19241987873335442,0.07251908396946564,0.10954662700035159,0.030285146876282407,0.020377552128047996,0.027431125752493405,0.07156066079176159,0.13157894736842102,0.29064039408866993,1.8429813532415664e-05,0.2333333333333333,0.25,0.1401610681564906,0.2777777777777778,0.2674980740674579,0.1112565445026178
0.5555555555555556,0.11111109829629594,0.057489512640971296,1.0,0.0,0.0,0.01641654921200285,0.1111111111111111,0.028037383176472065,0.06034698375072131,0.11592484919403793,0.022900763358778626,0.060311513083461055,0.013058563806657342,0.005506379703365996,0.0064986104936950164,0.025621456473443743,0.05263157894736842,0.1724137931034483,3.936933669352927e-06,0.16666666666666666,0.25,0.08380824417919082,0.16666666666666666,0.1587073084953164,0.035901271503365736
0.5555555555555556,0.11111109829629594,0.057489512640971296,1.0,0.0,0.0,0.01641654921200285,0.1111111111111111,0.028037383176472065,0.060344426735106815,0.10666998206763438,0.022900763358778626,0.05255011496540608,0.013057117034225534,0.0054373032554743085,0.0064986104936950164,0.025621456473443743,0.05263157894736842,0.1724137931034483,1.5781968883232167e-06,0.16666666666666666,0.25,0.07259833823465077,0.16666666666666666,0.17027860428506036,0.0362752430815258
0.5555555555555556,0.11111109829629594,0.057489512640971296,1.0,0.0,0.0,0.01641654921200285,0.1111111111111111,0.028037383176472065,0.06069780646733608,0.1107550190192423,0.022900763358778626,0.05885847381506633,0.01381400869071091,0.007164214452766511,0.007928415696937523,0.026758288026746943,0.05263157894736842,0.1724137931034483,1.5816203089052627e-06,0.16666666666666666,0.25,0.08487192692269994,0.16666666666666666,0.15159845422979445,0.07011967090501121
0.5555555555555556,0.11111109829629594,0.057489512640971296,1.0,0.0,0.0,0.01641654921200285,0.1111111111111111,0.028037383176472065,0.06004774337718086,0.09756353774787804,0.022900763358778626,0.044400544841586856,0.012299524773554182,0.004055774297640546,0.00506880529045251,0.022996359083825583,0.05263157894736842,0.1724137931034483,4.2108073159166084e-07,0.16666666666666666,0.25,0.058451772180183846,0.16666666666666666,0.17994176147465024,0.02786088257292446
0.5555555555555556,0.11111109829629594,0.057489512640971296,1.0,0.0,0.0,0.01641654921200285,0.1111111111111111,0.028037383176472065,0.0600427784616204,0.09069676762085928,0.022900763358778626,0.03970034604519919,0.012299337219168307,0.0039176214018571695,0.00506880529045251,0.022996359083825583,0.05263157894736842,0.1724137931034483,1.1297287920751872e-07,0.16666666666666666,0.25,0.05145154331601595,0.16666666666666666,0.18453155179921177,0.05179506357516829
0.5555555555555556,0.11111109829629594,0.057489512640971296,1.0,0.0,0.0,0.01641654921200285,0.1111111111111111,0.028037383176472065,0.06004769413676428,0.0854748323671379,0.022900763358778626,0.03714217897964085,0.012299287492279072,0.004055774297640546,0.00506880529045251,0.022996359083825583,0.05263157894736842,0.1724137931034483,3.098195626751644e-08,0.16666666666666666,0.25,0.048229071066030194,0.16666666666666666,0.18327795114272,0.02543006731488407
0.5555555555555556,0.11111109829629594,0.057489512640971296,1.0,0.0,0.0,0.01641654921200285,0.1111111111111111,0.028037383176472065,0.06033995187063021,0.08173356346518881,0.022900763358778626,0.03691319809006778,0.013056153717661277,0.005299150359690932,0.0064986104936950164,0.025621456473443743,0.05263157894736842,0.1724137931034483,1.1382873435302965e-08,0.16666666666666666,0.25,0.05192908203424214,0.16666666666666666,0.17830262540891179,0.04057591623036649
0.5555555555555556,0.11111109829629594,0.057489512640971296,1.0,0.0,0.0,0.018468617863503206,0.1111111111111111,0.03551401868706487,0.0699892239091357,0.08436702320448936,0.03816793893129771,0.04513100083878151,0.018354302973934283,0.012315343852689542,0.01221783130371835,0.038571226280028674,0.07894736842105263,0.2019704433497537,1.4600888782426226e-08,0.16666666666666666,0.25,0.06056742540934006,0.16666666666666666,0.16530432525372069,0.0600224382946896
0.8333333333333334,0.33333341022222424,0.29311721128025275,1.0,0.0,0.4,0.09849929527201709,0.3518518518888889,0.1476635514164511,0.2182331028639993,0.21085068198894114,0.1297709923664122,0.12314642517376026,0.047115705681242716,0.046893040054471716,0.050754958666239414,0.10988289851120644,0.21052631578947367,0.34975369458128075,8.25044360273091e-08,0.35,0.25,0.14045567810193954,0.33333333333333326,0.4223995723871516,0.08769633507853404
0.7487654322222222,0.33333341022222424,0.29311721128025275,1.0,0.166666667,0.0,0.10066862495413914,0.38148148144444444,0.17009345794822953,0.29660362697195586,0.22913447012642363,0.20610687022900762,0.15763660121108156,0.06301025797492328,0.0826845081263507,0.09122294827310731,0.11061073668858833,0.2763157894736842,0.42857142857142855,2.99549300929027e-07,0.35,0.5,0.17075029282136603,0.38888888888888884,0.3763575731017004,0.11499626028421842
0.5555555555555556,0.11111109829629594,0.057489512640971296,1.0,0.0,0.0,0.018468617863503206,0.1111111111111111,0.03551401868706487,0.0700370936119516,0.08403109659294962,0.03816793893129771,0.044697775261304334,0.01835430183861718,0.012315343852689542,0.01221783130371835,0.038571226280028674,0.07894736842105263,0.2019704433497537,1.2906295594313444e-08,0.16666666666666666,0.25,0.05953032566773126,0.16666666666666666,0.16122776803956818,0.06282722513089006
0.0,0.0,0.0,0.0,0.0,0.0,0.0,0.0,0.0037383177552964067,0.009501554361989628,0.029441368067812397,0.007633587786259542,0.01665134203071231,0.004352053371093657,0.004904427800309857,0.002818467252259347,0.011751836609820553,0.02631578947368421,0.04433497536945813,5.888283401119095e-09,0.0,0.0,0.03235002200403348,0.05555555555555555,0.03098623097792713,0.03534031413612565
0.5555555555555556,0.11111109829629594,0.057489512640971296,1.0,0.0,0.0,0.01778459498240584,0.1111111111111111,0.03177570093176847,0.06491245869886525,0.10475885146134463,0.03053435114503817,0.0546050598802674,0.01570599334138561,0.007924055379575082,0.009179495246828028,0.03218419994748915,0.06578947368421052,0.19211822660098524,1.2067557551712232e-06,0.16666666666666666,0.25,0.07411724915632584,0.16666666666666666,0.15427173233445357,0.06974569932685117
0.5555555555555556,0.11111109829629594,0.057489512640971296,1.0,0.0,0.0,0.0198366636339062,0.1111111111111111,0.03925233644236128,0.07485605508716262,0.10848135478821537,0.04580152671755725,0.06528349529260626,0.022139558968003577,0.017535549700504256,0.019366857316984187,0.049247332980007205,0.09210526315789473,0.23152709359605914,1.2409899609916836e-06,0.16666666666666666,0.25,0.08829332977354795,0.16666666666666666,0.13545760436321413,0.09311892296185491
0.5555555555555556,0.11111109829629594,0.057489512640971296,1.0,0.0,0.0,0.01641654921200285,0.1111111111111111,0.028037383176472065,0.06019230469941886,0.09731006006723933,0.022900763358778626,0.046243363491094466,0.012677905037234009,0.004677462328665739,0.005783707892073763,0.02430890777863466,0.05263157894736842,0.1724137931034483,3.2351324500334915e-07,0.16666666666666666,0.25,0.06295356156679338,0.16666666666666666,0.1652942071298581,0.043754674644727
0.8333333333333334,0.33333341022222424,0.29311721128025275,1.0,0.0,0.0,0.109580465990119,0.3333333333333333,0.1476635514164511,0.21754022806404857,0.2335398136519728,0.1297709923664122,0.1418185533958088,0.04938674966660212,0.0465180536230597,0.06337681394481136,0.13062535205817022,0.21052631578947367,0.3793103448275862,9.243235571524262e-07,0.29999999999999993,0.25,0.16985857100050358,0.38888888888888884,0.38105447597887615,0.09985041136873599
0.5555555555555556,0.11111109829629594,0.057489512640971296,1.0,0.0,0.0,0.01641654921200285,0.1111111111111111,0.028037383176472065,0.060197356679007885,0.09291522244114596,0.022900763358778626,0.04453145850508286,0.012677762062966488,0.004815615224449115,0.005783707892073763,0.02430890777863466,0.05263157894736842,0.1724137931034483,8.900893513319654e-08,0.16666666666666666,0.25,0.06078687389730763,0.16666666666666666,0.1641519058358547,0.047494390426327596
0.5555555555555556,0.11111109829629594,0.057489512640971296,1.0,0.0,0.0,0.01778459498240584,0.1111111111111111,0.03177570093176847,0.06521752591313415,0.09113491776210905,0.03053435114503817,0.04957893151939986,0.016462120021205104,0.009424001105223167,0.01096675175088116,0.03480929733710731,0.06578947368421052,0.19211822660098524,3.3891863762255566e-08,0.16666666666666666,0.25,0.07147944830112672,0.16666666666666666,0.15185629193787892,0.05104712041884818
0.7407407411111111,0.22222219659259185,0.175303361960612,1.0,0.0,0.0,0.06347732361700825,0.2222222222222222,0.091588785040009,0.1455595928121707,0.15981484217785658,0.09541984732824427,0.1044875432699867,0.03879004259127363,0.03608750999141479,0.04305544195059762,0.09912418338275228,0.15789473684210525,0.33004926108374383,7.035129296104572e-08,0.2833333333333333,0.25,0.12822846872872748,0.2777777777777778,0.25393909028995054,0.10265519820493643
0.7407407411111111,0.22222219659259185,0.175303361960612,1.0,0.0,0.0,0.060194013774607695,0.2222222222222222,0.08598130841881338,0.14022802456911151,0.16802168801684475,0.08396946564885496,0.10564712864085082,0.03500568694151313,0.029475907121781778,0.038199235548652864,0.08507884637499812,0.14473684210526316,0.31034482758620685,1.3385574475799946e-07,0.2833333333333333,0.25,0.1297928704710101,0.2777777777777778,0.2531240579677783,0.1075168287210172
0.8333333333333334,0.33333341022222424,0.29311721128025275,1.0,0.0,0.0,0.13913025457172412,0.3333333333333333,0.17009345794822953,0.2334116082090215,0.22108231035521825,0.17557251908396945,0.15540671692336377,0.06073953426251942,0.0687705379081678,0.07508071609292702,0.17000181290244265,0.25,0.42857142857142855,1.3008998211774884e-07,0.35,0.5,0.17374021492000497,0.38888888888888884,0.36850521118269014,0.11817501869857891
0.7407407411111111,0.22222219659259185,0.175303361960612,1.0,0.0,0.0,0.06347732361700825,0.24074074077777774,0.091588785040009,0.14778424999478015,0.1619659556093777,0.09541984732824427,0.10851416051467058,0.039263073333809156,0.03860386630746914,0.044955696624494806,0.08641543789053215,0.15789473684210525,0.33004926108374383,3.95405077226315e-08,0.2833333333333333,0.25,0.13227335694215975,0.2777777777777778,0.24012820011834718,0.12023186237845923
0.5555555555555556,0.11111109829629594,0.057489512640971296,1.0,0.0,0.0,0.01778459498240584,0.1111111111111111,0.03177570093176847,0.06506276188943139,0.10469263653245604,0.03053435114503817,0.05714685084052963,0.01608384254156725,0.008634555986461017,0.010073123498854593,0.033496748642298235,0.06578947368421052,0.19211822660098524,2.8414390830981987e-07,0.16666666666666666,0.25,0.07869991351192086,0.16666666666666666,0.14999246374222652,0.06787584143605085
0.7407407411111111,0.22222219659259185,0.175303361960612,1.0,0.0,0.0,0.06676063345940883,0.2222222222222222,0.09719626168470259,0.15274947319889767,0.16244332581799342,0.10687022900763359,0.10705947903118844,0.03973622419289447,0.04265964060510969,0.050023042401909384,0.10896829859382039,0.17105263157894735,0.3004926108374384,1.7630615997537018e-07,0.2833333333333333,0.25,0.12665620591118612,0.22222222222222224,0.26039689562003865,0.09685863874345549
0.5555555555555556,0.11111109829629594,0.057489512640971296,1.0,0.0,0.0,0.018468617863503206,0.1111111111111111,0.03551401868706487,0.07074622228123226,0.08928768838659763,0.03816793893129771,0.05547011747140147,0.020624939456140516,0.016489534918144408,0.01650724691049918,0.04662223559038904,0.07894736842105263,0.21182266009852216,1.7459444968434653e-08,0.16666666666666666,0.25,0.08161742603394001,0.16666666666666666,0.13810750611274242,0.09536275243081527
0.8333333333333334,0.33333341022222424,0.29311721128025275,1.0,0.0,0.4,0.09849929527201709,0.3333333333333333,0.1476635514164511,0.2183194682887348,0.21408039697735798,0.1297709923664122,0.1332233460375717,0.04825103145328263,0.0500804247214739,0.054426771099663894,0.13325044944778838,0.21052631578947367,0.34975369458128075,9.73963155592093e-08,0.35,0.25,0.15802917779988668,0.33333333333333326,0.40387224089229296,0.10676888556469707
0.7253086422222222,0.33333341022222424,0.29311721128025275,1.0,0.166666667,0.0,0.08577646963271487,0.4074074074444444,0.1476635514164511,0.2757297373850186,0.2143882748924833,0.16030534351145037,0.14661096479829988,0.054495230349484884,0.06166553183930845,0.06868923769244988,0.0857564064033393,0.23684210526315785,0.38916256157635465,1.848647114304846e-08,0.29999999999999993,0.5,0.17173747001642548,0.38888888888888884,0.3473042526823496,0.10919970082273747
0.5555555555555556,0.11111109829629594,0.057489512640971296,1.0,0.0,0.0,0.0198366636339062,0.1111111111111111,0.03925233644236128,0.07551461105978668,0.09209864358974418,0.04580152671755725,0.06017245045909922,0.02327400589107191,0.021088052734933933,0.02437117552538627,0.05300926192292857,0.09210526315789473,0.22167487684729065,7.291885839757965e-09,0.16666666666666666,0.25,0.0875673191444648,0.16666666666666666,0.13060474281822548,0.09143605086013464
0.5555555555555556,0.11111109829629594,0.057489512640971296,1.0,0.0,0.0,0.01641654921200285,0.1111111111111111,0.028037383176472065,0.060197296457542654,0.10868321361677967,0.022900763358778626,0.054802273772511345,0.012678350157227285,0.004815615224449115,0.005783707892073763,0.02430890777863466,0.05263157894736842,0.1724137931034483,1.050990118688129e-06,0.16666666666666666,0.25,0.0749315462435141,0.16666666666666666,0.16095702100103831,0.04955123410620793
0.575274348888889,0.22222219659259185,0.175303361960612,1.0,0.333333333,0.0,0.04541911948380512,0.27777777777777773,0.09719626168470259,0.20891678981618592,0.1448772631105587,0.1297709923664122,0.10469657982431127,0.04446658963295381,0.05681044435892123,0.06047665035431716,0.049940691841976116,0.19736842105263158,0.3399014778325123,5.237833490530351e-09,0.2833333333333333,0.5,0.12796802956283612,0.2777777777777778,0.23094164145276724,0.09741959611069559
0.5555555555555556,0.11111109829629594,0.057489512640971296,1.0,0.0,0.0,0.0198366636339062,0.12962962966666663,0.03925233644236128,0.07680595980902635,0.08690884566458315,0.04580152671755725,0.05485808884807207,0.02176024713879455,0.017930272259885333,0.015613618658472612,0.0394622872903847,0.09210526315789473,0.22167487684729065,3.714411331519871e-09,0.16666666666666666,0.25,0.07525036691798617,0.16666666666666666,0.1386235304297342,0.08414360508601347
0.575274348888889,0.22222219659259185,0.175303361960612,1.0,0.333333333,0.0,0.034474753345205986,0.27777777777777773,0.08037383177411976,0.1933692137790747,0.14321624213683493,0.09541984732824427,0.09311869602322607,0.03547866228057389,0.03712365670979011,0.04355755177843041,0.0357891074825057,0.15789473684210525,0.29064039408866993,5.186482181799661e-09,0.2833333333333333,0.25,0.12481533590896668,0.2777777777777778,0.23379285897707863,0.11649214659685864
0.8333333333333334,0.33333341022222424,0.29311721128025275,1.0,0.0,0.0,0.1280490838536222,0.3333333333333333,0.16261682243763673,0.22606824683826024,0.20320052829453922,0.16030534351145037,0.13887507290704149,0.05449522399170909,0.058971550371532615,0.07508071609292702,0.15425122856473367,0.23684210526315785,0.3793103448275862,4.96395984396667e-09,0.35,0.25,0.15356188865092746,0.33333333333333326,0.38425947893755513,0.12827225130890052
0.888888888888889,0.44444450851852013,0.4109310605998934,1.0,0.0,0.5,0.17292098506045758,0.4814814814444444,0.2336448598117665,0.31153964801629885,0.24633439010790587,0.20229007633587784,0.16374987639723795,0.06934895468767441,0.0819542713914957,0.10067642963708934,0.16923850685047284,0.30263157894736836,0.44827586206896547,2.944141700559515e-09,0.41666666666666663,0.25,0.18175136696130215,0.4444444444444444,0.5117436527962309,0.11854899027673896
0.7407407411111111,0.22222219659259185,0.175303361960612,1.0,0.0,0.30000000000000004,0.03830528149740941,0.2222222222222222,0.06915887850823055,0.12566626136792633,0.1412597729369433,0.04961832061068702,0.0744733323626606,0.022233297560159904,0.015256026920078552,0.014551621859819931,0.04982441932208184,0.10526315789473685,0.21182266009852216,7.069363501924974e-09,0.18333333333333332,0.25,0.09772829522805458,0.22222222222222224,0.29808760480980717,0.06974569932685117
0.5555555555555556,0.11111109829629594,0.057489512640971296,1.0,0.0,0.0,0.019152640744600567,0.1481481481111111,0.03551401868706487,0.07223431577747111,0.08089034257577402,0.03816793893129771,0.04939877152490335,0.02024648914339526,0.015423784007815506,0.017579600812931057,0.034241465172107376,0.07894736842105263,0.21182266009852216,1.1280170817841002e-09,0.16666666666666666,0.25,0.07349148727072437,0.16666666666666666,0.12949454039992409,0.07872101720269259
0.0,0.0,0.0,0.0,0.0,0.0,0.0,0.0,0.0056074766211956124,0.014578519497066456,0.02483374335562895,0.011450381679389315,0.017164645178188064,0.0058658051979366705,0.00849640309067764,0.004769713810677145,0.015475620021064413,0.039473684210526314,0.054187192118226604,1.6312599073442847e-10,0.0,0.0,0.03455566796286632,0.05555555555555555,0.02241338885973629,0.04768137621540762
0.5555555555555556,0.11111109829629594,0.057489512640971296,1.0,0.0,0.0,0.018879031593803275,0.1111111111111111,0.03925233644236128,0.07536934825770267,0.07756136622991609,0.04580152671755725,0.04800954967784539,0.021381805946430042,0.017831591620040065,0.016864698211309804,0.04601879311301679,0.09210526315789473,0.22167487684729065,6.55585041461749e-10,0.16666666666666666,0.25,0.06430625232649699,0.16666666666666666,0.15007096642736723,0.04599850411368736
0.7407407411111111,0.22222219659259185,0.175303361960612,1.0,0.0,0.0,0.06894950669041197,0.2222222222222222,0.10280373832939622,0.15794666146914457,0.13003649520882515,0.11832061068702289,0.09172990044834871,0.04304744063949195,0.0477318254931565,0.05509038820879085,0.11200078096218925,0.18421052631578944,0.3399014778325123,6.145039944771966e-10,0.2833333333333333,0.25,0.10141221938031698,0.2777777777777778,0.2645275324617326,0.06787584143605085
0.5555555555555556,0.11111109829629594,0.057489512640971296,1.0,0.0,0.0,0.018879031593803275,0.1111111111111111,0.03925233644236128,0.07758852764005872,0.07508468529112813,0.04580152671755725,0.046644263850627296,0.02213868382773454,0.01980520441694544,0.019366857316984187,0.04864389050263495,0.09210526315789473,0.22167487684729065,3.577474508237449e-10,0.16666666666666666,0.25,0.06502386839762783,0.16666666666666666,0.1469039936583787,0.057778608825729244
0.5555555555555556,0.11111109829629594,0.057489512640971296,1.0,0.0,0.0,0.01641654921200285,0.1111111111111111,0.028037383176472065,0.06050353899262195,0.07852944028538894,0.022900763358778626,0.03925839268859632,0.013434586584367003,0.006266220630174566,0.007213513095316269,0.026934005168252825,0.05263157894736842,0.1724137931034483,1.3197286343786773e-09,0.16666666666666666,0.25,0.056036463845894134,0.16666666666666666,0.16215444862505163,0.04431563201196709
0.5555555555555556,0.11111109829629594,0.057489512640971296,1.0,0.0,0.0,0.01778459498240584,0.1111111111111111,0.03177570093176847,0.06572048147218318,0.07231267871302687,0.03053435114503817,0.041978168977222896,0.017597415253214878,0.011634447437757187,0.013647636506960856,0.038746943421534556,0.06578947368421052,0.19211822660098524,1.7972958055735174e-10,0.16666666666666666,0.25,0.06485179428095061,0.16666666666666666,0.14706239463195153,0.06469708302169035
0.8333333333333334,0.33333341022222424,0.29311721128025275,1.0,0.0,0.0,0.109580465990119,0.3333333333333333,0.1476635514164511,0.21703501119333798,0.1688793839414317,0.1297709923664122,0.10162026876594775,0.04257439161835102,0.0412682435832914,0.05718063043209898,0.12275005988931573,0.21052631578947367,0.29064039408866993,2.3279259957906509e-10,0.29999999999999993,0.25,0.11615908425438043,0.2777777777777778,0.4321747267408756,0.08077786088257292
0.5555555555555556,0.11111109829629594,0.057489512640971296,1.0,0.0,0.0,0.018468617863503206,0.1111111111111111,0.03551401868706487,0.07234518000889895,0.06986717037515885,0.03816793893129771,0.04035607740270353,0.019111171356418988,0.014713283400929573,0.01650724691049918,0.04399713820077088,0.07894736842105263,0.19211822660098524,1.2786475873935446e-10,0.16666666666666666,0.25,0.059879185254226926,0.16666666666666666,0.15424102906204296,0.07460732984293195
0.5555555555555556,0.11111109829629594,0.057489512640971296,1.0,0.0,0.0,0.02052068651500356,0.1111111111111111,0.04299065419765769,0.08185976660970704,0.09705046901107281,0.05343511450381679,0.06115902920062158,0.024787851305888342,0.02350572841114302,0.02365627292376502,0.05712262514886169,0.10526315789473685,0.2413793103448276,1.2906295594313502e-07,0.16666666666666666,0.25,0.08414340314101396,0.16666666666666666,0.1368797241171414,0.08227374719521317
0.5555555555555556,0.11111109829629594,0.057489512640971296,1.0,0.0,0.0,0.018468617863503206,0.1111111111111111,0.03551401868706487,0.06998620516657075,0.0986716435913172,0.03816793893129771,0.054358202152071294,0.01873296127677332,0.012315343852689542,0.01329018520615023,0.04005949211634364,0.07894736842105263,0.21182266009852216,3.406303479135793e-07,0.16666666666666666,0.25,0.07566137600426553,0.16666666666666666,0.1475020096687396,0.06488406881077037
0.5555555555555556,0.11111109829629594,0.057489512640971296,0.0,0.0,0.0,0.01778459498240584,0.1111111111111111,0.03177570093176847,0.06541028976854366,0.08920316114494971,0.03053435114503817,0.04766676640259572,0.010501702793818722,0.010055557200232887,0.011860380002907725,0.03612184603191639,0.06578947368421052,0.059113300492610835,2.824321980187963e-08,0.11666666666666667,0.25,0.06712883405863891,0.1111111111111111,0.1694506626324428,0.06226626776364996
0.5555555555555556,0.11111109829629594,0.057489512640971296,1.0,0.0,0.0,0.01641654921200285,0.1111111111111111,0.028037383176472065,0.06049191529117101,0.1026813009589884,0.022900763358778626,0.05064725571265476,0.013435145992948929,0.005989914838607813,0.007213513095316269,0.026934005168252825,0.05263157894736842,0.1724137931034483,9.054947439511732e-07,0.16666666666666666,0.25,0.07136864662357452,0.16666666666666666,0.1576665373407617,0.06712789827973074
0.5555555555555556,0.11111109829629594,0.057489512640971296,0.0,0.0,0.0,0.01641654921200285,0.1111111111111111,0.028037383176472065,0.06005845905048973,0.08061883278090047,0.022900763358778626,0.036160367763037576,0.005960419422332787,0.0042630036413156104,0.00506880529045251,0.022996359083825583,0.05263157894736842,0.02955665024630542,5.03242825560759e-09,0.11666666666666667,0.25,0.04734806162802322,0.05555555555555555,0.20016579767101722,0.04338070306656694
0.5555555555555556,0.11111109829629594,0.057489512640971296,1.0,0.0,0.0,0.018468617863503206,0.1111111111111111,0.03551401868706487,0.0707449085643484,0.08480026317564,0.03816793893129771,0.052950616546304036,0.020624930827730516,0.016489534918144408,0.01650724691049918,0.04662223559038904,0.07894736842105263,0.21182266009852216,4.912608535235979e-09,0.16666666666666666,0.25,0.07825320472078125,0.16666666666666666,0.13954776870945773,0.07404637247569185
0.5555555555555556,0.11111109829629594,0.057489512640971296,1.0,0.0,0.0,0.02052068651500356,0.1111111111111111,0.04299065419765769,0.07958131405411537,0.08641680572402649,0.05343511450381679,0.054120159289482356,0.023274011454125727,0.021334754334547106,0.019366857316984187,0.054497527759243526,0.10526315789473685,0.22167487684729065,1.5028816355181977e-08,0.16666666666666666,0.25,0.06897269890090353,0.16666666666666666,0.15619661817410435,0.0600224382946896
0.0,0.0,0.0,0.0,0.0,0.0,0.0,0.0,0.0037383177552964067,0.009503878248198261,0.029807953754667486,0.007633587786259542,0.01792635501989759,0.004352054165815632,0.005003108440155126,0.002818467252259347,0.012495969525352934,0.02631578947368421,0.04433497536945813,6.932426678643133e-09,0.0,0.0,0.0356502836867043,0.05555555555555555,0.02681547054160574,0.06993268511593119
0.8333333333333334,0.33333341022222424,0.29311721128025275,1.0,0.0,0.0,0.13913025457172412,0.3333333333333333,0.17009345794822953,0.2333064829699328,0.195892397074797,0.17557251908396945,0.1401051920366694,0.0607394675815614,0.06703375864689107,0.07737559886013394,0.17000181290244265,0.25,0.42857142857142855,4.536032271210916e-09,0.35,0.5,0.1519156622984913,0.38888888888888884,0.3812156681590318,0.11368735976065819
0.7407407411111111,0.22222219659259185,0.175303361960612,1.0,0.0,0.0,0.06347732361700825,0.2222222222222222,0.091588785040009,0.14717358037084735,0.12922833003922024,0.09541984732824427,0.08345351389408012,0.03737085533762531,0.033571153675360434,0.03735467792890605,0.09518653729832503,0.15789473684210525,0.32019704433497537,1.0167559128676043e-09,0.2333333333333333,0.25,0.09719816646586416,0.2777777777777778,0.2753438068708341,0.10209424083769633
0.7407407411111111,0.22222219659259185,0.175303361960612,1.0,0.0,0.0,0.05800514055181282,0.2222222222222222,0.08598130841881338,0.1423032828417962,0.12744613659549708,0.08396946564885496,0.07759929125814276,0.03216731856492886,0.02837068395551477,0.03313188977123828,0.08534242208725693,0.14473684210526316,0.2610837438423645,8.336029117281422e-10,0.2333333333333333,0.25,0.09319355073085342,0.22222222222222224,0.2921838539864013,0.07591623036649216
0.5555555555555556,0.11111109829629594,0.057489512640971296,0.0,0.0,0.2,0.01436448056050249,0.1111111111111111,0.03177570093176847,0.06581410493432133,0.07862920177659338,0.03053435114503817,0.04279839334383981,0.010501683606959635,0.010292390735861532,0.01096675175088116,0.03480929733710731,0.06578947368421052,0.06403940886699508,5.665761063285523e-10,0.11666666666666667,0.0,0.05973989640672734,0.1111111111111111,0.1817647682740295,0.05516080777860882
0.7407407411111111,0.22222219659259185,0.175303361960612,1.0,0.0,0.0,0.05800514055181282,0.2222222222222222,0.08598130841881338,0.14043233212118897,0.1363253759668519,0.08396946564885496,0.08582926886164355,0.03405951408183401,0.028785142642864896,0.036510120309159254,0.08246843532898494,0.14473684210526316,0.3004926108374384,1.6004491221064512e-09,0.2333333333333333,0.25,0.1060169798251636,0.2777777777777778,0.257940284926368,0.09517576664173523
0.5555555555555556,0.11111109829629594,0.057489512640971296,1.0,0.0,0.0,0.01778459498240584,0.1111111111111111,0.03177570093176847,0.06539624247993439,0.0707985399691364,0.03053435114503817,0.03888450101316225,0.016840537220534774,0.009897668176480457,0.011860380002907725,0.03612184603191639,0.06578947368421052,0.19211822660098524,2.0540523492269688e-10,0.16666666666666666,0.25,0.0558095142302829,0.16666666666666666,0.1627364151975616,0.06376215407629021
0.7407407411111111,0.22222219659259185,0.175303361960612,1.0,0.0,0.30000000000000004,0.04377746456260483,0.2222222222222222,0.07476635515292415,0.13224001245791253,0.11786254303250566,0.06106870229007634,0.062031858742390575,0.025071586275327254,0.01755528582847331,0.018352131204667617,0.06171654558069348,0.11842105263157894,0.23152709359605914,3.0126101121998553e-10,0.2333333333333333,0.25,0.0804646868543616,0.22222222222222224,0.3064033070215593,0.07068062827225131
0.5555555555555556,0.11111109829629594,0.057489512640971296,0.0,0.0,0.2,0.01368045767940513,0.1111111111111111,0.028037383176472065,0.06068356413438647,0.06853787973102807,0.022900763358778626,0.03267381601444874,0.007947219816189881,0.005920838390716126,0.0064986104936950164,0.025621456473443743,0.05263157894736842,0.054187192118226604,1.329998896124235e-10,0.11666666666666667,0.0,0.04517462121770942,0.1111111111111111,0.19862958734801883,0.04786836200448767
0.5555555555555556,0.11111109829629594,0.057489512640971296,1.0,0.0,0.0,0.019152640744600567,0.1111111111111111,0.03551401868706487,0.07170923506126212,0.07000442799170445,0.03816793893129771,0.03940055769649199,0.018354293361582792,0.012581781580271767,0.01329018520615023,0.04137204081115272,0.07894736842105263,0.19211822660098524,2.2594575841497302e-10,0.16666666666666666,0.25,0.05633929654352344,0.16666666666666666,0.1598223955251376,0.06282722513089006
0.0,0.0,0.0,0.0,0.0,0.0,0.0,0.0,0.0,0.00029167573828742244,0.023121564003141137,0.0,0.010775885101472926,0.0005676586285808124,0.0006512922229787738,0.0004336103464787711,0.00462067735649845,0.0,0.004926108374384234,4.707203300306829e-11,0.0,0.0,0.022037029309158497,0.0,0.04781441546551743,0.03814510097232611
0.5555555555555556,0.11111109829629594,0.057489512640971296,1.0,0.0,0.0,0.01778459498240584,0.1111111111111111,0.03177570093176847,0.06522954972565145,0.07587068902375775,0.03053435114503817,0.042906906740678485,0.016462098223116672,0.009739779152728027,0.01096675175088116,0.03480929733710731,0.06578947368421052,0.19211822660098524,3.115312729661236e-10,0.16666666666666666,0.25,0.061670442910565705,0.16666666666666666,0.14519507742807064,0.05291697830964846
0.8333333333333334,0.33333341022222424,0.29311721128025275,1.0,0.0,0.4,0.08003067740851388,0.3333333333333333,0.13271028037176746,0.20460091148935108,0.18434428736053887,0.09923664122137404,0.09549677592580977,0.03405951729856581,0.027433217876984713,0.03239589646965013,0.09124889121389779,0.18421052631578944,0.2610837438423645,7.000895090284054e-09,0.29999999999999993,0.25,0.11263396175700713,0.2777777777777778,0.47476574798754007,0.06338818249813015
0.0,0.0,0.0,0.0,0.0,0.0,0.0,0.0,0.0037383177552964067,0.009146035068296948,0.023853436883321484,0.007633587786259542,0.013144877132815435,0.0037843907689029755,0.003868281081934535,0.0019512465587124674,0.011183420830543855,0.02631578947368421,0.0394088669950739,5.819814989477594e-10,0.0,0.0,0.023294569623467022,0.05555555555555555,0.04137475297821741,0.037397157816005985
0.5555555555555556,0.11111109829629594,0.057489512640971296,1.0,0.0,0.0,0.0198366636339062,0.1111111111111111,0.03925233644236128,0.07419508703133598,0.07452140333050827,0.04580152671755725,0.04182712343827445,0.019489611186402966,0.013687004746538778,0.011860380002907725,0.04399713820077088,0.09210526315789473,0.2019704433497537,1.256395353610826e-09,0.16666666666666666,0.25,0.04997412415144608,0.16666666666666666,0.1750763395000391,0.05983545250560958
0.5555555555555556,0.11111109829629594,0.057489512640971296,0.0,0.0,0.2,0.01436448056050249,0.1111111111111111,0.03177570093176847,0.06519369468447891,0.07209711127466624,0.03053435114503817,0.03418257398304113,0.009082537451790542,0.007450388308317791,0.0064986104936950164,0.029559102557870986,0.06578947368421052,0.059113300492610835,9.294586880254308e-10,0.11666666666666667,0.0,0.042311234565394214,0.1111111111111111,0.20981011421617335,0.03982797307404638
0.7407407411111111,0.22222219659259185,0.175303361960612,1.0,0.0,0.30000000000000004,0.03830528149740941,0.2222222222222222,0.06915887850823055,0.12509677067643601,0.1176477754991239,0.04961832061068702,0.05490685469172979,0.020814147204317526,0.011348273582205907,0.012017948962272576,0.04793478428519812,0.10526315789473685,0.21182266009852216,4.655851991581947e-10,0.18333333333333332,0.25,0.0686566276224641,0.22222222222222224,0.3367283709401901,0.048055347793567696
0.0,0.0,0.0,0.0,0.0,0.0,0.0,0.0,0.0,0.00028157047184165784,0.020618536161918347,0.0,0.008309308132564317,0.0005676586285808124,0.0005328754551644514,0.0004336103464787711,0.00462067735649845,0.0,0.004926108374384234,7.736930515417559e-11,0.0,0.0,0.016404400648263838,0.0,0.0609784435115612,0.019259536275243086
0.0,0.0,0.0,0.0,0.0,0.0,0.0,0.0,0.0,5.272646375065193e-08,0.017460754933672003,0.0,0.005359316509600996,0.0,0.0,0.0,0.0033081286616893696,0.0,0.0,2.7216193626620574e-12,0.0,0.0,0.008281627422765921,0.0,0.07343908749874395,0.003926701570680632
0.5555555555555556,0.11111109829629594,0.057489512640971296,0.0,0.0,0.2,0.012312411909002136,0.1111111111111111,0.02429906542117565,0.055626576751400064,0.06394541355299103,0.015267175572519085,0.0217577629567316,0.0036897805938045343,0.001983480860889902,0.0025666461847781265,0.015121066914971098,0.039473684210526314,0.019704433497536946,2.1738720695927714e-11,0.11666666666666667,0.0,0.027751762442457494,0.05555555555555555,0.24137412495673632,0.0218773373223635
0.5555555555555556,0.11111109829629594,0.057489512640971296,0.0,0.0,0.0,0.01641654921200285,0.1111111111111111,0.028037383176472065,0.06019457246026769,0.06962032320114832,0.022900763358778626,0.028345710324144287,0.006244244157510867,0.0046083858807740505,0.005783707892073763,0.02430890777863466,0.05263157894736842,0.02955665024630542,8.181975191083543e-11,0.11666666666666667,0.25,0.036740384056676116,0.05555555555555555,0.21315711980975133,0.03571428571428571
0.5555555555555556,0.11111109829629594,0.057489512640971296,0.0,0.0,0.0,0.018468617863503206,0.1111111111111111,0.03551401868706487,0.06961452089775153,0.07601494336228243,0.03816793893129771,0.03728237843702997,0.011069342122008738,0.010183842032031737,0.010073123498854593,0.037434394726725474,0.07894736842105263,0.06403940886699508,4.6045006828512565e-10,0.11666666666666667,0.25,0.044874619831519906,0.1111111111111111,0.1902273577322005,0.03926701570680628
0.8333333333333334,0.33333341022222424,0.29311721128025275,1.0,0.0,0.4,0.08003067740851388,0.3333333333333333,0.13271028037176746,0.2042853336684993,0.19047680343498996,0.09923664122137404,0.09233250261941567,0.032924198073521205,0.02441359029771949,0.02964203713721506,0.08599869643466147,0.18421052631578944,0.2610837438423645,3.4405376849561893e-09,0.29999999999999993,0.25,0.10697286755089239,0.2777777777777778,0.46834073933479964,0.05366492146596859
0.5555555555555556,0.11111109829629594,0.057489512640971296,1.0,0.0,0.0,0.018468617863503206,0.1111111111111111,0.03551401868706487,0.06976398604257295,0.08043175030393633,0.03816793893129771,0.04220671633848072,0.017597415555966105,0.011160780366499897,0.011145477401286472,0.038746943421534556,0.07894736842105263,0.19211822660098524,6.521616208797029e-10,0.16666666666666666,0.25,0.05356697761159784,0.16666666666666666,0.16757078499893935,0.038706058339566196
0.0,0.0,0.0,0.0,0.0,0.0,0.0,0.0,0.0037383177552964067,0.00914092670189462,0.025417656992897414,0.007633587786259542,0.012977236839619415,0.003784390579683458,0.003769600442089267,0.0019512465587124674,0.011183420830543855,0.02631578947368421,0.0394088669950739,2.8585561860077846e-10,0.0,0.0,0.022258248103410178,0.05555555555555555,0.04086431107439126,0.02973074046372476
0.5555555555555556,0.11111109829629594,0.057489512640971296,1.0,0.0,0.0,0.018468617863503206,0.1111111111111111,0.03551401868706487,0.06975894086077594,0.0847396115266466,0.03816793893129771,0.04231635895197837,0.017597419983702817,0.010983155214778413,0.011145477401286472,0.038746943421534556,0.07894736842105263,0.19211822660098524,7.360354251398886e-09,0.16666666666666666,0.25,0.0530659438454431,0.16666666666666666,0.17708670604128757,0.04431563201196709
0.5555555555555556,0.11111109829629594,0.057489512640971296,1.0,0.0,0.0,0.01778459498240584,0.1111111111111111,0.03177570093176847,0.06519859536961989,0.07919101681552622,0.03053435114503817,0.04164177313322526,0.016462098260960574,0.009187167569594522,0.01096675175088116,0.03480929733710731,0.06578947368421052,0.19211822660098524,3.218015347122617e-10,0.16666666666666666,0.25,0.05839742695717096,0.16666666666666666,0.15987612625185615,0.04543754674644726
0.5555555555555556,0.11111109829629594,0.057489512640971296,1.0,0.0,0.0,0.01778459498240584,0.1111111111111111,0.03177570093176847,0.0648996122663621,0.08768442848444179,0.03053435114503817,0.04087537849167805,0.015326798260618961,0.0076872218439464355,0.008285866997748149,0.03218419994748915,0.06578947368421052,0.18226600985221675,2.721619362726582e-08,0.16666666666666666,0.25,0.0531103845907843,0.16666666666666666,0.18221345473221168,0.03908002991772626
0.7407407411111111,0.22222219659259185,0.175303361960612,1.0,0.0,0.0,0.05472183070941226,0.2222222222222222,0.08037383177411976,0.13483078285732544,0.1366469784589689,0.07251908396946564,0.07798426294828618,0.030275123350774938,0.020634121791645695,0.027431125752493405,0.07156066079176159,0.13157894736842102,0.29064039408866993,9.602694732638452e-10,0.2333333333333333,0.25,0.09458926536294796,0.2777777777777778,0.27728683555327294,0.07460732984293195
0.7407407411111111,0.22222219659259185,0.175303361960612,1.0,0.0,0.0,0.060194013774607695,0.2222222222222222,0.08598130841881338,0.13968843213565627,0.13331943091955756,0.08396946564885496,0.0806138586186907,0.033113415736800926,0.024778708665146983,0.03313188977123828,0.08140477600282968,0.14473684210526316,0.3004926108374384,2.7729706714566336e-10,0.18333333333333332,0.25,0.09426208124125313,0.2777777777777778,0.274413986177945,0.07180254300673149
0.7407407411111111,0.22222219659259185,0.175303361960612,1.0,0.0,0.0,0.05472183070941226,0.2222222222222222,0.08037383177411976,0.13452978847914085,0.12341723978759588,0.07251908396946564,0.06759136681745771,0.026963781300261655,0.01806842515566871,0.024475174039179273,0.06762301470733434,0.13157894736842102,0.2413793103448276,6.675670134983292e-11,0.2333333333333333,0.25,0.07927254619605256,0.22222222222222224,0.3038284189489433,0.06768885564697083
0.5555555555555556,0.11111109829629594,0.057489512640971296,1.0,0.0,0.0,0.01778459498240584,0.1111111111111111,0.03177570093176847,0.0652200199184457,0.057123989745636414,0.03053435114503817,0.03158903039198799,0.01570521996337315,0.008160888915203727,0.009179495246828028,0.03218419994748915,0.06578947368421052,0.19211822660098524,2.5675654300813695e-14,0.16666666666666666,0.25,0.045534340967223225,0.16666666666666666,0.15406902095637903,0.0549738219895288
0.5555555555555556,0.11111109829629594,0.057489512640971296,1.0,0.0,0.0,0.019152640744600567,0.1111111111111111,0.03551401868706487,0.06979433774819638,0.06594017775306105,0.03816793893129771,0.04176946244837072,0.019111171280731178,0.01267059415613251,0.014362539108582107,0.04137204081115272,0.07894736842105263,0.21182266009852216,3.115312729016566e-13,0.16666666666666666,0.25,0.05715738922366286,0.16666666666666666,0.14346418044592318,0.0830216903515333
0.0,0.0,0.0,0.0,0.0,0.0,0.0,0.0,0.0,0.0002922335058379577,0.015450358334303867,0.0,0.007951387929994884,0.0005676585528930052,0.0006512922229787738,0.0004336103464787711,0.00462067735649845,0.0,0.004926108374384234,6.692787173368498e-15,0.0,0.0,0.017666205466244186,0.0,0.04835870074915985,0.02673896783844428
0.8333333333333334,0.33333341022222424,0.29311721128025275,0.0,0.0,0.4,0.09849929527201709,0.3333333333333333,0.1476635514164511,0.21587763611811042,0.3058332091437501,0.1297709923664122,0.197269259195287,0.03330214831692526,0.04708053327017773,0.052590864897685094,0.1253751572789339,0.21052631578947367,0.10837438423645321,0.0002875330946860455,0.35,0.25,0.22887877345668597,0.22222222222222224,0.4569780862371186,0.1430441286462229
0.5555555555555556,0.11111109829629594,0.057489512640971296,0.0,0.0,0.2,0.01436448056050249,0.1111111111111111,0.03177570093176847,0.0663772844859773,0.1382097883046477,0.03053435114503817,0.08574527677424461,0.011173604952360087,0.013371226699033918,0.013647636506960856,0.038746943421534556,0.06578947368421052,0.059113300492610835,0.00014805147171454067,0.11666666666666667,0.0,0.12452484552443288,0.1111111111111111,0.17979417642658574,0.22456993268511594
0.5555555555555556,0.11111109829629594,0.057489512640971296,0.0,0.0,0.2,0.01436448056050249,0.1111111111111111,0.03177570093176847,0.06551243487303998,0.12339027634539303,0.03053435114503817,0.0682072201313573,0.008261010640872727,0.009029278545842092,0.008285866997748149,0.03218419994748915,0.06578947368421052,0.034482758620689655,3.0591515150134165e-05,0.11666666666666667,0.0,0.09236663007479994,0.05555555555555555,0.2055880653588934,0.09367988032909498
0.0,0.0,0.0,0.0,0.0,0.0,0.0,0.0,0.0037383177552964067,0.009454550157540015,0.04950001916114946,0.007633587786259542,0.03015720020054077,0.003237205351534705,0.004855087480387223,0.002818467252259347,0.012495969525352934,0.02631578947368421,0.014778325123152709,1.434413223877284e-05,0.0,0.0,0.05662576560183102,0.0,0.038503648107003685,0.12471952131637995
0.5555555555555556,0.11111109829629594,0.057489512640971296,0.0,0.0,0.0,0.018468617863503206,0.1111111111111111,0.03551401868706487,0.06993858977089737,0.12417966821385733,0.03816793893129771,0.0716423051588727,0.010249586027336914,0.012137718700968058,0.01221783130371835,0.04005949211634364,0.07894736842105263,0.0394088669950739,3.0736325840754706e-05,0.11666666666666667,0.25,0.09589949934530205,0.05555555555555555,0.1871664508133576,0.11724008975317876
0.0,0.0,0.0,0.0,0.0,0.0,0.0,0.0,0.0,0.00030036288073595485,0.04864410177609388,0.0,0.02651607775670153,0.0005826177559861666,0.0007401047988395157,0.0004336103464787711,0.00462067735649845,0.0,0.004926108374384234,1.2307196992455454e-05,0.0,0.0,0.05011373757132749,0.0,0.04718813848850584,0.035901271503365736
0.5555555555555556,0.11111109829629594,0.057489512640971296,0.0,0.0,0.2,0.01368045767940513,0.1111111111111111,0.028037383176472065,0.06121449077743227,0.1226525265071899,0.022900763358778626,0.07201946589022461,0.009959996606022495,0.006956985109091447,0.007213513095316269,0.025445739331937865,0.05263157894736842,0.054187192118226604,0.0025666419688325105,0.11666666666666667,0.0,0.10196050018706977,0.1111111111111111,0.1762137561825226,0.23522812266267762
0.5555555555555556,0.11111109829629594,0.057489512640971296,1.0,0.0,0.0,0.01778459498240584,0.1111111111111111,0.03177570093176847,0.06523594897532861,0.13926263786590226,0.03053435114503817,0.08988688920250078,0.017179310168315788,0.009897668176480457,0.01096675175088116,0.03480929733710731,0.06578947368421052,0.19211822660098524,0.0010966843960780175,0.16666666666666666,0.25,0.12832342408147424,0.16666666666666666,0.1334140922437952,0.25635751682872104
0.5555555555555556,0.11111109829629594,0.057489512640971296,1.0,0.0,0.0,0.018468617863503206,0.1111111111111111,0.03551401868706487,0.07121697486929712,0.16702761679202188,0.03816793893129771,0.12100952472662926,0.025108708533457112,0.01977560022499186,0.020796662520226696,0.049247332980007205,0.07894736842105263,0.21182266009852216,0.005163786101537964,0.16666666666666666,0.25,0.1860171358811497,0.16666666666666666,0.11466346422231405,0.29076290201944655
0.5555555555555556,0.11111109829629594,0.057489512640971296,1.0,0.0,0.0,0.01778459498240584,0.1111111111111111,0.03177570093176847,0.06532353425512744,0.15596887483092142,0.03053435114503817,0.10284463879832635,0.020792816677314495,0.010055557200232887,0.01096675175088116,0.03289330616492598,0.06578947368421052,0.19211822660098524,0.00638610626721443,0.16666666666666666,0.25,0.14959407031073785,0.16666666666666666,0.12268469413958266,0.25635751682872104
0.5555555555555556,0.11111109829629594,0.057489512640971296,1.0,0.0,0.0,0.01778459498240584,0.1111111111111111,0.03177570093176847,0.06492935138634287,0.1256603551684623,0.03053435114503817,0.07071475005530907,0.015724673016478334,0.008397722450832371,0.009179495246828028,0.03218419994748915,0.06578947368421052,0.19211822660098524,3.032722708120021e-05,0.16666666666666666,0.25,0.09738637531539435,0.16666666666666666,0.14833483593287705,0.19895287958115185
0.5555555555555556,0.11111109829629594,0.057489512640971296,1.0,0.0,0.0,0.01778459498240584,0.1111111111111111,0.03177570093176847,0.06491731441399742,0.10995593918377967,0.03053435114503817,0.057650255282311866,0.015707329988058155,0.007924055379575082,0.009179495246828028,0.03218419994748915,0.06578947368421052,0.19211822660098524,3.2864837587641825e-06,0.16666666666666666,0.25,0.07768473172419374,0.16666666666666666,0.1521151763484319,0.09854151084517579
0.0,0.0,0.0,0.0,0.0,0.0,0.0,0.0,0.001869158865899204,0.005049622759690953,0.050084938216652844,0.0038167938931297713,0.03372260395283709,0.005898400189887689,0.003384745946692718,0.0019512465587124674,0.009870872135734773,0.013157894736842105,0.034482758620689655,0.0034455254375732654,0.0,0.0,0.06913169348261032,0.05555555555555555,0.018669334129757603,0.3053477935676889
0.5555555555555556,0.11111109829629594,0.057489512640971296,1.0,0.0,0.0,0.01641654921200285,0.1111111111111111,0.028037383176472065,0.0604950826264975,0.13505875089860925,0.022900763358778626,0.08304583859482699,0.01568909955794419,0.006197144182282878,0.007213513095316269,0.026934005168252825,0.05263157894736842,0.1724137931034483,0.0035507158547716192,0.16666666666666666,0.25,0.12030400150540835,0.16666666666666666,0.14086626491899923,0.11630516080777861
0.5555555555555556,0.11111109829629594,0.057489512640971296,1.0,0.0,0.0,0.01641654921200285,0.1111111111111111,0.028037383176472065,0.060508983675427064,0.12800461758103104,0.022900763358778626,0.0768415089794374,0.013848089547846077,0.006404373525957943,0.007213513095316269,0.026934005168252825,0.05263157894736842,0.1724137931034483,0.0006651351866885181,0.16666666666666666,0.25,0.11170618119029611,0.16666666666666666,0.1382156653678252,0.20474943904263276
0.5555555555555556,0.11111109829629594,0.057489512640971296,1.0,0.0,0.0,0.018468617863503206,0.1111111111111111,0.03551401868706487,0.07000402296382166,0.13404379046172926,0.03816793893129771,0.08729523252809768,0.018954368510265593,0.012848219307853993,0.01329018520615023,0.04005949211634364,0.07894736842105263,0.21182266009852216,0.0003293522311480869,0.16666666666666666,0.25,0.12309899116006062,0.16666666666666666,0.12944360087978835,0.2529917726252805
0.5555555555555556,0.11111109829629594,0.057489512640971296,1.0,0.0,0.0,0.0198366636339062,0.1111111111111111,0.03925233644236128,0.07727329171328515,0.13937046897159777,0.04580152671755725,0.09829129754182972,0.023593258764194595,0.02128541401462447,0.02312009597254908,0.053184979064434444,0.09210526315789473,0.23152709359605914,0.00044431856816053107,0.16666666666666666,0.25,0.1475720401966656,0.16666666666666666,0.11286453157971127,0.3943530291697831
0.5555555555555556,0.11111109829629594,0.057489512640971296,1.0,0.0,0.0,0.018468617863503206,0.1111111111111111,0.03551401868706487,0.07048852216892554,0.13346929592449258,0.03816793893129771,0.08826154738140556,0.020039450293974304,0.014979721128511798,0.014362539108582107,0.04399713820077088,0.07894736842105263,0.21182266009852216,0.00025090266562918215,0.16666666666666666,0.25,0.13023781531904233,0.16666666666666666,0.12206993088972501,0.2959985041136874
0.5555555555555556,0.11111109829629594,0.057489512640971296,1.0,0.0,0.0,0.01641654921200285,0.1111111111111111,0.028037383176472065,0.06084456940267749,0.14250327544606595,0.022900763358778626,0.0906207517233418,0.014416477428447842,0.008407590514816899,0.008643318298558774,0.029559102557870986,0.05263157894736842,0.1724137931034483,0.0003594126025949166,0.16666666666666666,0.25,0.13572287086395213,0.16666666666666666,0.12875417285384128,0.4224008975317876
0.5555555555555556,0.11111109829629594,0.057489512640971296,1.0,0.0,0.0,0.018468617863503206,0.12962962966666663,0.03551401868706487,0.072660066633744,0.1517450927382482,0.03816793893129771,0.10221493194089666,0.02056371729199149,0.01657834749400515,0.017579600812931057,0.03595236654182383,0.07894736842105263,0.21182266009852216,0.0004609469777826741,0.16666666666666666,0.25,0.15421098462462796,0.16666666666666666,0.1143668985228935,0.29655946148092743
0.5555555555555556,0.11111109829629594,0.057489512640971296,1.0,0.0,0.0,0.018468617863503206,0.12962962966666663,0.03551401868706487,0.07229756600764448,0.1441409307472442,0.03816793893129771,0.0932508152471809,0.019767325152946956,0.014535658249208088,0.015434893008067298,0.03332726915220567,0.07894736842105263,0.21182266009852216,0.00040826652601100446,0.16666666666666666,0.25,0.13572049266442215,0.16666666666666666,0.12649329552178817,0.2668287210172027
0.5555555555555556,0.11111109829629594,0.057489512640971296,1.0,0.0,0.0,0.018468617863503206,0.1111111111111111,0.03551401868706487,0.07135045012571217,0.15738223121324801,0.03816793893129771,0.10946233297283837,0.021268168840580123,0.018265786435359248,0.017579600812931057,0.0449582526125682,0.07894736842105263,0.21182266009852216,0.00038070610744421376,0.16666666666666666,0.25,0.16842644019335312,0.16666666666666666,0.11133529927316979,0.3053477935676889
0.5555555555555556,0.11111109829629594,0.057489512640971296,1.0,0.0,0.0,0.01641654921200285,0.1111111111111111,0.028037383176472065,0.06054360927490657,0.13767177880873827,0.022900763358778626,0.08117878224267498,0.013539094037710748,0.006335297078066254,0.007213513095316269,0.025445739331937865,0.05263157894736842,0.1724137931034483,0.00016926555320633435,0.16666666666666666,0.25,0.11706381737815455,0.16666666666666666,0.13973931526120115,0.1531413612565445
0.7159722222222222,0.33333341022222424,0.29311721128025275,1.0,0.166666667,0.0,0.09410200526933801,0.45555555555555544,0.16261682243763673,0.29124384876351617,0.3550059971188937,0.19083969465648853,0.27891379687825235,0.06542803094853691,0.09622349191312157,0.10672169641184197,0.11422534254090694,0.2631578947368421,0.42857142857142855,0.0014031592768445238,0.4,0.25,0.3392445740738867,0.38888888888888884,0.30326738642580414,0.44727000747943163
0.5555555555555556,0.11111109829629594,0.057489512640971296,1.0,0.0,0.0,0.02052068651500356,0.1111111111111111,0.04299065419765769,0.08012894112913618,0.13425740887211807,0.05343511450381679,0.08976582756871147,0.025195835757823512,0.025025410264760156,0.02508607812700752,0.056519182671489435,0.10526315789473685,0.2413793103448276,4.0282534133790046e-05,0.16666666666666666,0.25,0.12982828378254896,0.16666666666666666,0.12572990052139738,0.16641735228122664
0.5555555555555556,0.11111109829629594,0.057489512640971296,1.0,0.0,0.0,0.018468617863503206,0.1111111111111111,0.03551401868706487,0.07029877958346523,0.13314595764372206,0.03816793893129771,0.08262115101767686,0.019513729484559247,0.014446845673347346,0.015434893008067298,0.040768598333780465,0.07894736842105263,0.21182266009852216,3.5524835379891585e-05,0.16666666666666666,0.25,0.1192100112533018,0.16666666666666666,0.13105587158216753,0.17707554225878835
0.5555555555555556,0.11111109829629594,0.057489512640971296,1.0,0.0,0.0,0.018468617863503206,0.12962962966666663,0.03551401868706487,0.07279123831017528,0.10476545054865295,0.03816793893129771,0.06073663687781321,0.020625225480363364,0.016489534918144408,0.01650724691049918,0.03756355752484172,0.07894736842105263,0.21182266009852216,4.313509933377989e-07,0.16666666666666666,0.25,0.08621001555172844,0.16666666666666666,0.1447048717719696,0.0824607329842932
0.8293209877777779,0.44444450851852013,0.4109310605998934,1.0,0.1,0.0,0.14133867131877526,0.49999999999999994,0.2336448598117665,0.3743041425707544,0.28088786590925724,0.24045801526717556,0.18634082758352719,0.07464716926252489,0.09330254497370162,0.12717111949485763,0.1461866430644544,0.3289473684210526,0.47783251231527096,1.6158545147257225e-07,0.41666666666666663,0.25,0.2054218676519135,0.5,0.5022626218361674,0.09891548242333584
0.616975308888889,0.22222219659259185,0.175303361960612,1.0,0.333333333,0.30000000000000004,0.02626647873920456,0.25185185188888887,0.08598130841881338,0.20360459789492555,0.15277710459452737,0.10687022900763359,0.09483862862283017,0.03595175338413554,0.0437648637713767,0.046948193411817336,0.041059167239971404,0.17105263157894735,0.270935960591133,7.120714810655723e-08,0.2833333333333333,0.25,0.12304231227975496,0.22222222222222224,0.27196505130237697,0.09592370979805534
0.5555555555555556,0.11111109829629594,0.057489512640971296,1.0,0.0,0.0,0.02024707736420627,0.12222222222222223,0.04299065419765769,0.08229339784995729,0.09053474127886238,0.05343511450381679,0.05747018622107743,0.02478776963874453,0.024048471930291995,0.02365627292376502,0.048959873869187896,0.10526315789473685,0.2413793103448276,1.7459444968434653e-08,0.16666666666666666,0.25,0.07569586737712082,0.16666666666666666,0.14436713577545301,0.08582647718773373
0.5555555555555556,0.11111109829629594,0.057489512640971296,1.0,0.0,0.0,0.018879031593803275,0.12222222222222223,0.03925233644236128,0.07775603604223316,0.08709998999001071,0.04580152671755725,0.05119783545080307,0.022517135010889568,0.0196078431372549,0.02061793686982138,0.04239713039514249,0.09210526315789473,0.23152709359605914,1.7459444968434653e-08,0.16666666666666666,0.25,0.06889960263845624,0.16666666666666666,0.1497262524143937,0.05291697830964846
0.5555555555555556,0.11111109829629594,0.057489512640971296,1.0,0.0,0.0,0.018879031593803275,0.12222222222222223,0.03925233644236128,0.0777082862594406,0.08816058621635406,0.04580152671755725,0.05258571824510917,0.022517134859513954,0.0196078431372549,0.02061793686982138,0.04239713039514249,0.09210526315789473,0.23152709359605914,1.7288273939332354e-08,0.16666666666666666,0.25,0.07107294123794222,0.16666666666666666,0.14834774526332245,0.06207928197456994
0.0,0.0,0.0,0.0,0.0,0.0,0.0,0.037037036999999995,0.001869158865899204,0.007117654369397708,0.029607550516232248,0.0038167938931297713,0.0158665747146733,0.003405956426285008,0.003661051738259471,0.0022764543186452133,0.005356219430815515,0.013157894736842105,0.034482758620689655,7.103597707745434e-09,0.0,0.0,0.034072179153918546,0.05555555555555555,0.028236543593064406,0.03421839940164548
0.5555555555555556,0.11111109829629594,0.057489512640971296,1.0,0.0,0.0,0.01641654921200285,0.1111111111111111,0.028037383176472065,0.06059715513406108,0.07909046314540515,0.022900763358778626,0.03722199432528352,0.013434589157752445,0.006335297078066254,0.007213513095316269,0.025744381593895704,0.05263157894736842,0.1724137931034483,5.511707137094033e-09,0.16666666666666666,0.25,0.05470850408466162,0.16666666666666666,0.1646665345495551,0.049738219895287955
0.5555555555555556,0.11111109829629594,0.057489512640971296,1.0,0.0,0.0,0.01641654921200285,0.1111111111111111,0.028037383176472065,0.06055134490077432,0.08183093142230631,0.022900763358778626,0.04054639114830774,0.013434588627937795,0.006404373525957943,0.007213513095316269,0.025744381593895704,0.05263157894736842,0.1724137931034483,4.638734888672298e-09,0.16666666666666666,0.25,0.05818611908771463,0.16666666666666666,0.16151247111101186,0.04562453253552731
0.0,0.0,0.0,0.0,0.0,0.0,0.0,0.0,0.001869158865899204,0.004437359489284837,0.02640890202414703,0.0038167938931297713,0.013770665162906624,0.0024598542211737694,0.0016479666854159883,0.0006504155195708225,0.007245774746116612,0.013157894736842105,0.034482758620689655,7.052246399014163e-10,0.0,0.0,0.025187699405667514,0.05555555555555555,0.03549647191487937,0.041884816753926704
0.5555555555555556,0.11111109829629594,0.057489512640971296,1.0,0.0,0.0,0.01778459498240584,0.1111111111111111,0.03177570093176847,0.06476584705797189,0.0677317042799895,0.03053435114503817,0.034598497564719666,0.014948341968536947,0.007371443796441577,0.0073922387457215815,0.030871651252680068,0.06578947368421052,0.18226600985221675,1.4395483547497076e-10,0.16666666666666666,0.25,0.046157860026102254,0.16666666666666666,0.173078882289236,0.05011219147344802
0.0,0.0,0.0,0.0,0.0,0.0,0.0,0.0,0.001869158865899204,0.00461702469667688,0.019602290108278915,0.0038167938931297713,0.010222524604100152,0.002649073284677928,0.0019242724769827407,0.000975623279503568,0.007902049093521154,0.013157894736842105,0.034482758620689655,2.995493009283817e-11,0.0,0.0,0.019760033670762137,0.05555555555555555,0.0377632805609209,0.01963350785340314
0.0,0.0,0.0,0.0,0.0,0.0,0.0,0.0,0.001869158865899204,0.00442848610476515,0.019779063442839383,0.0038167938931297713,0.009483467990253264,0.0024598537670469274,0.0015295499176016657,0.0006504155195708225,0.007245774746116612,0.013157894736842105,0.034482758620689655,4.638734888665908e-11,0.0,0.0,0.016651708937246844,0.05555555555555555,0.04569554076836335,0.03702318623784592
0.7407407411111111,0.22222219659259185,0.175303361960612,1.0,0.0,0.0,0.05472183070941226,0.2592592592222222,0.08037383177411976,0.13761842690033235,0.24572508193414333,0.07251908396946564,0.16893770378227296,0.05045504756556524,0.026791793717990467,0.03186505331215119,0.06195434876930633,0.13157894736842102,0.29064039408866993,0.030670760660938393,0.2333333333333333,0.25,0.22482716908649458,0.2777777777777778,0.22596038440497063,0.37135377711293943
0.5555555555555556,0.11111109829629594,0.057489512640971296,0.0,0.0,0.0,0.018468617863503206,0.1111111111111111,0.03551401868706487,0.07009745077156126,0.13588242639572867,0.03816793893129771,0.09215089995353504,0.023248042399867497,0.01409159536990438,0.01221783130371835,0.04005949211634364,0.07894736842105263,0.06403940886699508,0.014037082394519576,0.11666666666666667,0.25,0.12915092952858045,0.1111111111111111,0.16650000837361978,0.28440538519072556
0.0,0.0,0.0,0.0,0.0,0.0,0.0,0.0,0.0037383177552964067,0.009742392812638695,0.05547652131525134,0.007633587786259542,0.040744213385104214,0.012420888544874855,0.00628595675814362,0.003252077597264774,0.013152243872757475,0.02631578947368421,0.0394088669950739,0.008737651982140522,0.0,0.0,0.08336660405287409,0.05555555555555555,0.018417427735661573,0.31264023934181
0.0,0.0,0.0,0.0,0.0,0.0,0.0,0.0,0.001869158865899204,0.00496075644470062,0.05386144259812696,0.0038167938931297713,0.03614566341198701,0.003155894318857346,0.0031084401551259655,0.0016260387990743904,0.008619786003776771,0.013157894736842105,0.034482758620689655,0.00018175881310742402,0.0,0.0,0.07199748815240242,0.05555555555555555,0.019122207397813923,0.21447270007479433
0.5555555555555556,0.11111109829629594,0.057489512640971296,1.0,0.0,0.0,0.01778459498240584,0.1111111111111111,0.03177570093176847,0.06545392749722101,0.13973741572309567,0.03053435114503817,0.08865419679535716,0.01701519289033275,0.010766057807118822,0.011860380002907725,0.034932222457559274,0.06578947368421052,0.19211822660098524,0.0002685945608551378,0.16666666666666666,0.25,0.12907867033447792,0.16666666666666666,0.13269849665613453,0.20774121166791323
0.27708333333333335,0.11111109829629594,0.057489512640971296,1.0,1.0,0.0,0.008208274606001424,0.14074074077777776,0.03925233644236128,0.13468717540475003,0.15134778925800463,0.06106870229007634,0.11179628233807357,0.027062800365808708,0.03662038544657924,0.03315202873229518,0.00453270927193261,0.11842105263157894,0.23152709359605914,0.0005556648090784907,0.16666666666666666,0.25,0.18446551233796385,0.16666666666666666,0.09609740473611933,0.35676888556469716
0.5555555555555556,0.11111109829629594,0.057489512640971296,1.0,0.0,0.0,0.018468617863503206,0.12962962966666663,0.03551401868706487,0.07279287195904013,0.14688664914098376,0.03816793893129771,0.09850432141934555,0.02076701909378314,0.017377660676751828,0.018651954715362937,0.037209719597656135,0.07894736842105263,0.21182266009852216,0.00020660411681059393,0.16666666666666666,0.25,0.14601296020238833,0.16666666666666666,0.11580855672290019,0.3657442034405385
0.5555555555555556,0.11111109829629594,0.057489512640971296,1.0,0.0,0.0,0.01778459498240584,0.1111111111111111,0.03177570093176847,0.06579968350569734,0.13971214480359767,0.03053435114503817,0.08957922136055285,0.01767792698480586,0.012976504139652843,0.013647636506960856,0.03725867758521959,0.06578947368421052,0.19211822660098524,0.00012259748383188296,0.16666666666666666,0.25,0.1371662383360689,0.16666666666666666,0.12018307523976468,0.28590127150336575
0.5555555555555556,0.11111109829629594,0.057489512640971296,1.0,0.0,0.0,0.018468617863503206,0.1111111111111111,0.03551401868706487,0.07025338453839891,0.12296259089793367,0.03816793893129771,0.07283758727720291,0.019117504420142387,0.01409159536990438,0.014362539108582107,0.0426845895059618,0.07894736842105263,0.2019704433497537,9.380172394806104e-06,0.16666666666666666,0.25,0.10136201881834912,0.16666666666666666,0.14667232351200776,0.09330590875093493
0.0,0.0,0.0,0.0,0.0,0.0,0.0,0.0,0.0037383177552964067,0.009617023923210177,0.04745262244963701,0.007633587786259542,0.029189696486176208,0.0045446031522349654,0.005447171319458835,0.003252077597264774,0.013152243872757475,0.02631578947368421,0.04433497536945813,4.34774413919845e-06,0.0,0.0,0.0567275440765058,0.05555555555555555,0.023396242477698254,0.1056469708302169
0.5555555555555556,0.11111109829629594,0.057489512640971296,1.0,0.0,0.0,0.01778459498240584,0.1111111111111111,0.03177570093176847,0.06505463408325463,0.11487675940220392,0.03053435114503817,0.062025189261067176,0.016085400083104683,0.008634555986461017,0.010073123498854593,0.033496748642298235,0.06578947368421052,0.19211822660098524,2.704502259816359e-06,0.16666666666666666,0.25,0.0854211379285135,0.16666666666666666,0.15196305558967033,0.11649214659685864
0.5555555555555556,0.11111109829629594,0.057489512640971296,1.0,0.0,0.0,0.01778459498240584,0.1111111111111111,0.03177570093176847,0.06489969880748361,0.1116425988375649,0.03053435114503817,0.05827652643717067,0.015706656253043683,0.0076872218439464355,0.009179495246828028,0.03218419994748915,0.06578947368421052,0.19211822660098524,2.242340481240145e-06,0.16666666666666666,0.25,0.08060821695223543,0.16666666666666666,0.1531657167260263,0.06974569932685117
0.5555555555555556,0.11111109829629594,0.057489512640971296,1.0,0.0,0.0,0.01778459498240584,0.1111111111111111,0.03177570093176847,0.06490492892408406,0.12018246680375537,0.03053435114503817,0.06547561470931014,0.015710053840858357,0.007845110867698867,0.009179495246828028,0.03218419994748915,0.06578947368421052,0.19211822660098524,7.531525280501251e-06,0.16666666666666666,0.25,0.08939243106688394,0.16666666666666666,0.1494457361528242,0.0850785340314136
0.5555555555555556,0.11111109829629594,0.057489512640971296,1.0,0.0,0.0,0.01778459498240584,0.1111111111111111,0.03177570093176847,0.06524971825167436,0.12975720526925977,0.03053435114503817,0.08490264573395782,0.02087278761952409,0.010292390735861532,0.01096675175088116,0.03480929733710731,0.06578947368421052,0.19211822660098524,0.006499026768087044,0.16666666666666666,0.25,0.12655795077280288,0.16666666666666666,0.1274503304788594,0.2924457741211668
0.5555555555555556,0.11111109829629594,0.057489512640971296,1.0,0.0,0.0,0.019152640744600567,0.1111111111111111,0.03551401868706487,0.06980765566858213,0.12522812576625475,0.03816793893129771,0.08053044424311975,0.019634506183404524,0.012937031883714735,0.014362539108582107,0.04137204081115272,0.07894736842105263,0.21182266009852216,0.000771050684366149,0.16666666666666666,0.25,0.11800333777089703,0.16666666666666666,0.12260340024785915,0.2716903515332835
0.7407407411111111,0.22222219659259185,0.175303361960612,1.0,0.0,0.0,0.05472183070941226,0.2222222222222222,0.08037383177411976,0.1353910751775467,0.2030980740131031,0.07251908396946564,0.13317269307141613,0.032393906363906544,0.024995806072806576,0.03186505331215119,0.07523473116393001,0.13157894736842102,0.29064039408866993,0.0012639448518494477,0.2333333333333333,0.25,0.17539355056942854,0.2777777777777778,0.24203075630533566,0.293567688855647
0.5555555555555556,0.11111109829629594,0.057489512640971296,1.0,0.0,0.0,0.01778459498240584,0.1111111111111111,0.03177570093176847,0.06491852921429228,0.11395126161554096,0.03053435114503817,0.06615593194813342,0.015853003358467434,0.008081944403327513,0.009179495246828028,0.03218419994748915,0.06578947368421052,0.19211822660098524,0.0002302341062071375,0.16666666666666666,0.25,0.09092680499492616,0.16666666666666666,0.14506354181785702,0.10957367240089755
0.5555555555555556,0.11111109829629594,0.057489512640971296,1.0,0.0,0.0,0.02052068651500356,0.11851851855555554,0.0467289719529541,0.08971800503654948,0.15258126282324813,0.06106870229007634,0.12155254707186927,0.031088451847652354,0.043488557979809946,0.03152020152391866,0.061280943797615395,0.11842105263157894,0.25123152709359603,0.001272371601612154,0.16666666666666666,0.25,0.18441705666315195,0.16666666666666666,0.11130982951310192,0.5007479431563202
0.0,0.0,0.0,0.0,0.0,0.0,0.0,0.0,0.001869158865899204,0.004850993019824501,0.05146190433068257,0.0038167938931297713,0.033640760774865344,0.002979598986251287,0.002713717595744891,0.0013008310391416447,0.007280995990179707,0.013157894736842105,0.034482758620689655,0.00020185086850345213,0.0,0.0,0.06578439140308631,0.05555555555555555,0.019591479004544082,0.1781974569932685
0.5555555555555556,0.11111109829629594,0.057489512640971296,0.0,0.0,0.2,0.015048503441599855,0.11851851855555554,0.03925233644236128,0.08014890624430554,0.14685391330013403,0.04580152671755725,0.10801630497029453,0.01701900555008131,0.029179865202245973,0.019366857316984187,0.04677246566133912,0.09210526315789473,0.08374384236453203,0.0006951729635595065,0.11666666666666667,0.0,0.1586569666343043,0.1111111111111111,0.15109219913584243,0.3678010471204189
0.8333333333333334,0.33333341022222424,0.29311721128025275,1.0,0.0,0.4,0.11881477492187059,0.3333333333333333,0.16261682243763673,0.24612945498556474,0.3005998063533575,0.17557251908396945,0.21527808948096513,0.05856759755684618,0.08071089532944532,0.08265382927185691,0.17000181290244265,0.25,0.38916256157635465,0.00017089304735103903,0.35,0.25,0.25555366936698065,0.33333333333333326,0.3432399069969967,0.3692969334330591
0.5555555555555556,0.11111109829629594,0.057489512640971296,1.0,0.0,0.0,0.019152640744600567,0.1111111111111111,0.04299065419765769,0.08275824943163976,0.13986422873361265,0.05343511450381679,0.10048827106469359,0.02716979526108733,0.03197252730986708,0.026515883330250026,0.0636853686229071,0.10526315789473685,0.25123152709359603,0.00014829795799644796,0.16666666666666666,0.25,0.15119005592420898,0.16666666666666666,0.11057050866948767,0.34367988032909497
0.5555555555555556,0.11111109829629594,0.057489512640971296,1.0,0.0,0.0,0.02120470939610092,0.1111111111111111,0.0467289719529541,0.1041229023890293,0.1387025714923934,0.06870229007633588,0.10454664250554703,0.03205472163661126,0.04654765781501328,0.04581825355634372,0.07663513842949203,0.13157894736842102,0.270935960591133,0.00010207613149486628,0.16666666666666666,0.25,0.16525909341944772,0.16666666666666666,0.09749545033327006,0.2516828721017203
0.7407407411111111,0.22222219659259185,0.175303361960612,1.0,0.0,0.0,0.05800514055181282,0.2222222222222222,0.08598130841881338,0.1440797045995074,0.20076241534346267,0.08396946564885496,0.13142816892967882,0.03645457227414144,0.037765080868784356,0.043266581355534316,0.09116970320856789,0.14473684210526316,0.3004926108374384,5.203239825548841e-05,0.2333333333333333,0.25,0.17979882970481076,0.2777777777777778,0.22583129110051697,0.24719521316379955
0.5555555555555556,0.11111109829629594,0.057489512640971296,1.0,0.0,0.0,0.0198366636339062,0.1111111111111111,0.03551401868706487,0.0870420232683235,0.13569214481391967,0.04580152671755725,0.08899676363451911,0.021416829646577665,0.021877497853696082,0.026873334631060657,0.05055988167481629,0.09210526315789473,0.2019704433497537,5.640872795654694e-05,0.16666666666666666,0.25,0.14541452977266037,0.16666666666666666,0.11232164189936028,0.26439790575916233
0.0,0.0,0.0,0.0,0.0,0.0,0.0,0.0,0.0037383177552964067,0.010258637880788846,0.04799960241889657,0.007633587786259542,0.03100555675563921,0.004929229135908853,0.006532658357756791,0.004119298290222316,0.014464792567566557,0.02631578947368421,0.04433497536945813,1.2255845683724765e-05,0.0,0.0,0.06252378275449462,0.05555555555555555,0.014327961191063665,0.12565445026178013
0.5555555555555556,0.11111109829629594,0.057489512640971296,1.0,0.0,0.0,0.02024707736420627,0.12222222222222223,0.04299065419765769,0.08574820587476556,0.12099867840966456,0.05343511450381679,0.08274707493069694,0.026314438271051302,0.029801553233271164,0.026515883330250026,0.0546377939842906,0.10526315789473685,0.2413793103448276,1.74058684363257e-05,0.16666666666666666,0.25,0.12293593269103781,0.16666666666666666,0.11259866915270134,0.2658937920718026
0.5555555555555556,0.11111109829629594,0.057489512640971296,1.0,0.0,0.0,0.0198366636339062,0.12962962966666663,0.03925233644236128,0.08055966090992381,0.12342828393605552,0.04580152671755725,0.08414217874975391,0.024804604801979387,0.025726042807661564,0.025622255078223462,0.04980422111398983,0.09210526315789473,0.23152709359605914,2.3157386185192124e-05,0.16666666666666666,0.25,0.13096616398744765,0.16666666666666666,0.10823217535476237,0.24588631264023936
0.0,0.0,0.0,0.0,0.0,0.0,0.0,0.011111111111111127,0.0056074766211956124,0.017521967800257943,0.044189765229495706,0.011450381679389315,0.030725734587777453,0.0064371043721928,0.010923946830871252,0.005311726741933929,0.014534925685340285,0.039473684210526314,0.054187192118226604,4.34774413919845e-06,0.0,0.0,0.06287350670887429,0.05555555555555555,0.009421368919356465,0.23578908002991772
0.5555555555555556,0.11111109829629594,0.057489512640971296,0.0,0.0,0.2,0.012312411909002136,0.1111111111111111,0.02429906542117565,0.056085245479784746,0.10469999534921955,0.015267175572519085,0.05098266961122304,0.004825430044751313,0.0039373575298262235,0.004175177038425945,0.01905871299939834,0.039473684210526314,0.024630541871921183,3.7657626402506254e-07,0.11666666666666667,0.0,0.07290783413532037,0.05555555555555555,0.2048023407058403,0.08208676140613315
0.0,0.0,0.0,0.0,0.0,0.0,0.0,0.0,0.0,7.558621821668332e-06,0.03494233212019493,0.0,0.01595953860088977,5.487366011277042e-08,8.881257586074187e-05,0.0,0.0033081286616893696,0.0,0.0,4.724320403223506e-08,0.0,0.0,0.027387534827143026,0.0,0.05763422912456598,0.02898279730740464
0.5555555555555556,0.11111109829629594,0.057489512640971296,0.0,0.0,0.0,0.01778459498240584,0.1111111111111111,0.03177570093176847,0.06490194417047923,0.09254797591843257,0.03053435114503817,0.04396934115258379,0.009650304654530572,0.007608277332070221,0.009179495246828028,0.03218419994748915,0.06578947368421052,0.059113300492610835,1.6107193838526535e-07,0.11666666666666667,0.25,0.05734867419064874,0.1111111111111111,0.17661289872386038,0.045811518324607337
0.7407407411111111,0.22222219659259185,0.175303361960612,1.0,0.0,0.0,0.05472183070941226,0.2222222222222222,0.08037383177411976,0.13451383554283466,0.16463151765242307,0.07251908396946564,0.08461788538049202,0.0264913640830901,0.01768357066027216,0.024475174039179273,0.06762301470733434,0.13157894736842102,0.23152709359605914,1.0047739408305078e-06,0.2333333333333333,0.25,0.09928427168781118,0.22222222222222224,0.3055802499804616,0.05590875093492895
0.5555555555555556,0.11111109829629594,0.057489512640971296,0.0,0.0,0.0,0.01641654921200285,0.1111111111111111,0.028037383176472065,0.06018958322952811,0.08488529312640539,0.022900763358778626,0.036175842653835194,0.006244270648243335,0.0046083858807740505,0.005783707892073763,0.02430890777863466,0.05263157894736842,0.02955665024630542,2.875673288918653e-08,0.11666666666666667,0.25,0.04765258941549392,0.05555555555555555,0.19012024517958626,0.02393418100224383
0.7407407411111111,0.22222219659259185,0.175303361960612,1.0,0.0,0.0,0.05472183070941226,0.2222222222222222,0.08037383177411976,0.1343719111538431,0.15422720767415626,0.07251908396946564,0.07739195881476353,0.0260178645302777,0.016785576837680213,0.022997198181048863,0.06565419166512071,0.13157894736842102,0.23152709359605914,2.8927903918288893e-07,0.2333333333333333,0.25,0.08929281778481753,0.22222222222222224,0.31804787198410134,0.04543754674644726
0.5555555555555556,0.11111109829629594,0.057489512640971296,1.0,0.0,0.0,0.01778459498240584,0.1111111111111111,0.03177570093176847,0.064904468330099,0.10825755394284388,0.03053435114503817,0.054925339051514185,0.015328551720044945,0.0076872218439464355,0.009179495246828028,0.03218419994748915,0.06578947368421052,0.18226600985221675,2.772970671457279e-06,0.16666666666666666,0.25,0.07291791251743705,0.16666666666666666,0.16619158004622236,0.06413612565445026
0.5555555555555556,0.11111109829629594,0.057489512640971296,0.0,0.0,0.0,0.01641654921200285,0.1111111111111111,0.028037383176472065,0.060045138166963885,0.07843451479408599,0.022900763358778626,0.031762401243266555,0.005676592530052206,0.003986697849748858,0.00506880529045251,0.022996359083825583,0.05263157894736842,0.024630541871921183,7.668462103783027e-09,0.11666666666666667,0.25,0.040324813124139255,0.05555555555555555,0.19884416135407013,0.02299925205684368
0.5555555555555556,0.11111109829629594,0.057489512640971296,1.0,0.0,0.0,0.01778459498240584,0.1111111111111111,0.03177570093176847,0.06490452079510922,0.08813472760105381,0.03053435114503817,0.042271061270515234,0.015326820399302525,0.0076872218439464355,0.009179495246828028,0.03218419994748915,0.06578947368421052,0.18226600985221675,6.196391253503295e-08,0.16666666666666666,0.25,0.05553050677740782,0.16666666666666666,0.17403835955206715,0.06862378459237098
0.5555555555555556,0.11111109829629594,0.057489512640971296,0.0,0.0,0.2,0.01368045767940513,0.1111111111111111,0.028037383176472065,0.06047592775584651,0.08549934252703904,0.022900763358778626,0.03651850088941676,0.007663420095832032,0.004953768120232491,0.005783707892073763,0.02430890777863466,0.05263157894736842,0.054187192118226604,4.621617785762125e-08,0.11666666666666667,0.0,0.04799687062077387,0.1111111111111111,0.21043255328413368,0.012715033657442032
0.0,0.0,0.0,0.0,0.0,0.0,0.0,0.0,0.0,0.00014195149300852417,0.026828524037965117,0.0,0.010237910632979106,0.00037844365221823386,0.00029604191953580637,0.00021680517309205114,0.00396440300909391,0.0,0.004926108374384234,3.8342310518914815e-09,0.0,0.0,0.01793152282139087,0.0,0.059986169571382336,0.012902019446522063
0.5555555555555556,0.11111109829629594,0.057489512640971296,1.0,0.0,0.0,0.01641654921200285,0.1111111111111111,0.028037383176472065,0.06039657887259439,0.07774617724457697,0.022900763358778626,0.03532682261270696,0.013056149554831887,0.005506379703365996,0.0064986104936950164,0.025621456473443743,0.05263157894736842,0.1724137931034483,4.587383579941606e-09,0.16666666666666666,0.25,0.05169803857905287,0.16666666666666666,0.16834534482566127,0.04955123410620793
0.5555555555555556,0.11111109829629594,0.057489512640971296,0.0,0.0,0.2,0.01436448056050249,0.1111111111111111,0.03177570093176847,0.06554181126981057,0.06458154816011907,0.03053435114503817,0.0328821926464834,0.009650195437024995,0.008792445010213448,0.009179495246828028,0.03218419994748915,0.06578947368421052,0.059113300492610835,3.081078523834968e-11,0.11666666666666667,0.0,0.04308960001916425,0.1111111111111111,0.19690462167985978,0.06114435302916979
0.5555555555555556,0.11111109829629594,0.057489512640971296,0.0,0.0,0.0,0.018468617863503206,0.1111111111111111,0.03551401868706487,0.06983085069362502,0.06512069441732181,0.03816793893129771,0.035651846099534285,0.011353171095704013,0.011249592942360638,0.01221783130371835,0.038746943421534556,0.07894736842105263,0.06403940886699508,3.0981956267451975e-11,0.11666666666666667,0.25,0.04461648067699475,0.1111111111111111,0.18691489332008443,0.05235602094240838
0.5555555555555556,0.11111109829629594,0.057489512640971296,1.0,0.0,0.0,0.01641654921200285,0.1111111111111111,0.028037383176472065,0.06034903502803965,0.10882876644883417,0.022900763358778626,0.05838243587230714,0.013797923517956135,0.005575456151257685,0.0064986104936950164,0.025621456473443743,0.05263157894736842,0.1724137931034483,0.0011955895842587637,0.16666666666666666,0.25,0.08256336759395533,0.16666666666666666,0.15752139459845704,0.11256544502617802
0.5555555555555556,0.11111109829629594,0.057489512640971296,1.0,0.0,0.0,0.01778459498240584,0.1111111111111111,0.03177570093176847,0.06538367789434663,0.10297257299097136,0.03053435114503817,0.05868956974508284,0.016979353464844624,0.010371335247737748,0.011860380002907725,0.03612184603191639,0.06578947368421052,0.18226600985221675,0.0007925471980559615,0.16666666666666666,0.25,0.09042367136365827,0.16666666666666666,0.15066793573525966,0.10022438294689603
0.5555555555555556,0.11111109829629594,0.057489512640971296,0.0,0.0,0.0,0.01641654921200285,0.1111111111111111,0.028037383176472065,0.06005357396540997,0.10509162686962555,0.022900763358778626,0.05229320162403707,0.006452338208493849,0.004124850745532234,0.00506880529045251,0.022996359083825583,0.05263157894736842,0.02955665024630542,0.0005298931277658191,0.11666666666666667,0.25,0.06932889559954533,0.05555555555555555,0.19975758370828545,0.04768137621540762
0.5555555555555556,0.11111109829629594,0.057489512640971296,1.0,0.0,0.0,0.018879031593803275,0.1111111111111111,0.03925233644236128,0.07662390291180785,0.12573287044358528,0.04580152671755725,0.08563106331052757,0.022530120162443094,0.022272220413077158,0.02061793686982138,0.05038416453331041,0.09210526315789473,0.22167487684729065,1.844265135959834e-05,0.16666666666666666,0.25,0.12800136387846683,0.16666666666666666,0.1164543721459913,0.2129768137621541
0.0,0.0,0.0,0.0,0.0,0.0,0.0,0.0,0.0056074766211956124,0.015086525118378574,0.04814311505544468,0.011450381679389315,0.03438128994662264,0.006058678128170188,0.009798987536635188,0.005311726741933929,0.016345757041652333,0.039473684210526314,0.054187192118226604,4.45044675665983e-06,0.0,0.0,0.06902467606517469,0.05555555555555555,0.00919179217792268,0.11742707554225879
0.5555555555555556,0.11111109829629594,0.057489512640971296,1.0,0.0,0.0,0.018468617863503206,0.1111111111111111,0.03551401868706487,0.07170789737780375,0.12709505351009426,0.03816793893129771,0.08396342171088318,0.021029621611210088,0.018532224162941473,0.019724308617794815,0.046446518448883166,0.07894736842105263,0.21182266009852216,3.805679724237282e-05,0.16666666666666666,0.25,0.1307378323872272,0.16666666666666666,0.11414115969051103,0.25317875841436055
0.8333333333333334,0.33333341022222424,0.29311721128025275,0.0,0.0,0.0,0.13174280742632286,0.3333333333333333,0.16261682243763673,0.2251819051343328,0.2361800913836789,0.16030534351145037,0.15247424105755203,0.03838168238722035,0.05234021137393055,0.05924602494615872,0.1463759363958792,0.23684210526315785,0.11822660098522167,0.0007813697298555812,0.29999999999999993,0.5,0.16489167352092599,0.22222222222222224,0.4384427300233345,0.09667165295437546
0.5555555555555556,0.11111109829629594,0.057489512640971296,1.0,0.0,0.0,0.01778459498240584,0.1111111111111111,0.03177570093176847,0.06571739588466333,0.11307486913536517,0.03053435114503817,0.06864777157443884,0.01759899444146512,0.011871280973385832,0.013647636506960856,0.038746943421534556,0.06578947368421052,0.19211822660098524,2.4135115103424464e-06,0.16666666666666666,0.25,0.09996994172393976,0.16666666666666666,0.14161744839059032,0.0731114435302917
0.5555555555555556,0.11111109829629594,0.057489512640971296,0.0,0.0,0.2,0.01368045767940513,0.1111111111111111,0.028037383176472065,0.060804730332472856,0.109065073728715,0.022900763358778626,0.059513084434267616,0.008232296352008802,0.0066116028696330065,0.007213513095316269,0.026934005168252825,0.05263157894736842,0.054187192118226604,1.917115525945773e-06,0.11666666666666667,0.0,0.08382475949381242,0.1111111111111111,0.19025910770707966,0.08881824981301421
0.7407407411111111,0.22222219659259185,0.175303361960612,1.0,0.0,0.0,0.06347732361700825,0.2222222222222222,0.091588785040009,0.14705649929716166,0.1712918664535799,0.09541984732824427,0.10821902768395267,0.036425373318405056,0.032535006956985114,0.03925493260280324,0.09321771425611142,0.15789473684210525,0.31034482758620685,1.0766657730534743e-06,0.2333333333333333,0.25,0.12823974117187226,0.2777777777777778,0.26877260877332054,0.1243455497382199
0.7407407411111111,0.22222219659259185,0.175303361960612,1.0,0.0,0.0,0.05472183070941226,0.2222222222222222,0.08037383177411976,0.13715067954639962,0.15663075679805322,0.07251908396946564,0.08876373656215177,0.02885614711473268,0.023071533595823836,0.03038707747759429,0.07549830687618882,0.13157894736842102,0.2413793103448276,2.670268053995898e-07,0.2333333333333333,0.25,0.11143315854858983,0.22222222222222224,0.2850969804727188,0.07965594614809274
0.8333333333333334,0.33333341022222424,0.29311721128025275,1.0,0.0,0.4,0.109580465990119,0.3333333333333333,0.15514018692704393,0.22280987530672827,0.22368836678183818,0.1450381679389313,0.139866331019166,0.04881886325556598,0.04940939637052607,0.05924602494615872,0.13587554683740655,0.22368421052631576,0.34975369458128075,4.090987595544997e-07,0.35,0.25,0.15651005890810535,0.33333333333333326,0.4143441501892439,0.09835452505609574
0.5555555555555556,0.11111109829629594,0.057489512640971296,0.0,0.0,0.0,0.01778459498240584,0.1111111111111111,0.03177570093176847,0.06495300369362605,0.08679751413761486,0.03053435114503817,0.044010192586069086,0.009650224463299,0.007845110867698867,0.009179495246828028,0.03218419994748915,0.06578947368421052,0.059113300492610835,4.313509933377983e-08,0.11666666666666667,0.25,0.058095811624235515,0.1111111111111111,0.1785283642412942,0.04712041884816755
0.5555555555555556,0.11111109829629594,0.057489512640971296,1.0,0.0,0.0,0.0198366636339062,0.1111111111111111,0.03925233644236128,0.07692099622888346,0.08933877053488067,0.04580152671755725,0.052896580960576936,0.02138185839808033,0.01812763353957587,0.02061793686982138,0.05055988167481629,0.09210526315789473,0.2019704433497537,7.634227897962625e-08,0.16666666666666666,0.25,0.07506243660434539,0.16666666666666666,0.15164834704746172,0.07591623036649216
0.0,0.0,0.0,0.0,0.0,0.0,0.0,0.0,0.0037383177552964067,0.009640117329977438,0.03193228092834686,0.007633587786259542,0.019123031383918878,0.004541290751047124,0.005200469719845663,0.003252077597264774,0.013152243872757475,0.02631578947368421,0.04433497536945813,2.9270245976493435e-08,0.0,0.0,0.03782590747252992,0.05555555555555555,0.02964680071901482,0.03178758414360509
0.8333333333333334,0.33333341022222424,0.29311721128025275,1.0,0.0,0.0,0.1169679131355203,0.3333333333333333,0.15514018692704393,0.22249773995747749,0.20809353468884156,0.1450381679389313,0.12700160154460058,0.045980428841370054,0.04783050613300177,0.06360630222742542,0.13587554683740655,0.22368421052631576,0.3004926108374384,1.3505394196171555e-07,0.35,0.25,0.14315724114446446,0.2777777777777778,0.4250163285585093,0.08395661929693343
0.5555555555555556,0.11111109829629594,0.057489512640971296,1.0,0.0,0.0,0.018468617863503206,0.1111111111111111,0.03551401868706487,0.07057897785998138,0.09244074744559307,0.03816793893129771,0.05465784041200722,0.019868092455461304,0.015423784007815506,0.01650724691049918,0.04530968689557996,0.07894736842105263,0.2019704433497537,6.367562282605596e-08,0.16666666666666666,0.25,0.07696821772505315,0.16666666666666666,0.15631908236292386,0.07535527299925206
0.5555555555555556,0.11111109829629594,0.057489512640971296,0.0,0.0,0.0,0.01641654921200285,0.1111111111111111,0.028037383176472065,0.06005080186068376,0.07886275394267368,0.022900763358778626,0.03455212180690835,0.005960421882186515,0.004055774297640546,0.00506880529045251,0.022996359083825583,0.05263157894736842,0.02955665024630542,7.754047618334178e-09,0.11666666666666667,0.25,0.044423869969837854,0.05555555555555555,0.20588742226489665,0.03571428571428571
0.5555555555555556,0.11111109829629594,0.057489512640971296,0.0,0.0,0.2,0.012312411909002136,0.1111111111111111,0.02429906542117565,0.05562411516632737,0.07192795944298598,0.015267175572519085,0.026782814231893454,0.003689782372468,0.0019242724769827407,0.0025666461847781265,0.015121066914971098,0.039473684210526314,0.019704433497536946,2.0882865550480097e-09,0.11666666666666667,0.0,0.03447962659053086,0.05555555555555555,0.23692738396954238,0.03010471204188482
0.0,0.0,0.0,0.0,0.0,0.0,0.0,0.0,0.0,2.6493958638074133e-08,0.020942477590615655,0.0,0.007403637827056128,3.0275122860079495e-10,0.0,0.0,0.0033081286616893696,0.0,0.0,2.618916745264563e-10,0.0,0.0,0.011566776140947777,0.0,0.07131672379336143,0.0071054599850411335
0.0,0.0,0.0,0.0,0.0,0.0,0.0,0.0,0.001869158865899204,0.004613916885606223,0.027425662633532716,0.0038167938931297713,0.01345132027045989,0.002650017982041653,0.0018848002210446332,0.000975623279503568,0.00694405350480539,0.013157894736842105,0.034482758620689655,1.3676565225273863e-06,0.0,0.0,0.024384665342779326,0.05555555555555555,0.03615135875936451,0.017389678384442782
0.5555555555555556,0.11111109829629594,0.057489512640971296,0.0,0.0,0.2,0.012312411909002136,0.1111111111111111,0.02429906542117565,0.05592644234750424,0.07768311660937212,0.015267175572519085,0.03380307949094488,0.004541273380695405,0.0031084401551259655,0.0036390000872100056,0.01774616430458926,0.039473684210526314,0.024630541871921183,5.699995269106564e-09,0.11666666666666667,0.0,0.04730503258450185,0.05555555555555555,0.21506176940167698,0.043941660433807025
0.5555555555555556,0.11111109829629594,0.057489512640971296,1.0,0.0,0.0,0.01778459498240584,0.1111111111111111,0.03177570093176847,0.06490224972251551,0.08911339975365871,0.03053435114503817,0.04560647353636958,0.015326786453321061,0.007608277332070221,0.009179495246828028,0.03218419994748915,0.06578947368421052,0.18226600985221675,8.763956690037755e-09,0.16666666666666666,0.25,0.060676562688045825,0.16666666666666666,0.17337858809606216,0.03851907255048616
0.5555555555555556,0.11111109829629594,0.057489512640971296,0.0,0.0,0.2,0.01368045767940513,0.1111111111111111,0.028037383176472065,0.060478673366614055,0.08326272785495488,0.022900763358778626,0.03902748152568203,0.007663394021382504,0.00502284456812418,0.005783707892073763,0.02430890777863466,0.05263157894736842,0.054187192118226604,5.580175548734954e-09,0.11666666666666667,0.0,0.052208970829068994,0.1111111111111111,0.20537802706353903,0.04655946148092745
0.888888888888889,0.44444450851852013,0.4109310605998934,1.0,0.0,0.5,0.13789901338082391,0.4444444444444445,0.21495327103528444,0.2952279552730297,0.25585482465716647,0.16412213740458012,0.14933803300051066,0.04948091873316106,0.05213298203025549,0.06497077942668011,0.14440711335366557,0.2763157894736842,0.31034482758620685,2.5846825394447408e-08,0.41666666666666663,0.25,0.170809921663692,0.33333333333333326,0.5806857575892908,0.0830216903515333
0.5555555555555556,0.11111109829629594,0.057489512640971296,0.0,0.0,0.0,0.018468617863503206,0.1111111111111111,0.03551401868706487,0.0701250392618788,0.08251700472050351,0.03816793893129771,0.04506989246444469,0.011920842591212023,0.01267059415613251,0.014362539108582107,0.04137204081115272,0.07894736842105263,0.06403940886699508,1.8144129084843857e-08,0.11666666666666667,0.25,0.05949180242491626,0.1111111111111111,0.17788708452890017,0.045811518324607337
0.5555555555555556,0.11111109829629594,0.057489512640971296,0.0,0.0,0.0,0.018468617863503206,0.1111111111111111,0.03551401868706487,0.06998791550847377,0.0822667585941711,0.03816793893129771,0.04440446088998018,0.011637013201233809,0.012048906125107317,0.01329018520615023,0.04005949211634364,0.07894736842105263,0.06403940886699508,1.8144129084843857e-08,0.11666666666666667,0.25,0.0575030996588801,0.1111111111111111,0.18496000200966872,0.042258788332086766
0.5555555555555556,0.11111109829629594,0.057489512640971296,1.0,0.0,0.0,0.018879031593803275,0.1111111111111111,0.03925233644236128,0.07524829622766183,0.08826522130762962,0.04580152671755725,0.053624227662896956,0.020624940894208854,0.017732910980194794,0.016864698211309804,0.04793478428519812,0.09210526315789473,0.2019704433497537,1.968466834676457e-08,0.16666666666666666,0.25,0.07059408784374942,0.16666666666666666,0.15854611631516075,0.055534779356768885
0.5555555555555556,0.11111109829629594,0.057489512640971296,0.0,0.0,0.0,0.01641654921200285,0.1111111111111111,0.028037383176472065,0.06020290367729805,0.07478757441636287,0.022900763358778626,0.03333659417227906,0.006244247071491437,0.004815615224449115,0.005783707892073763,0.02430890777863466,0.05263157894736842,0.02955665024630542,3.2693666558538877e-09,0.11666666666666667,0.25,0.04418679474357124,0.05555555555555555,0.20576286467114008,0.031226626776364994
0.5555555555555556,0.11111109829629594,0.057489512640971296,0.0,0.0,0.2,0.012312411909002136,0.1111111111111111,0.02429906542117565,0.055921198548168516,0.07410012227358839,0.015267175572519085,0.03029462124022406,0.0045412712614368075,0.0031084401551259655,0.0036390000872100056,0.01774616430458926,0.039473684210526314,0.024630541871921183,3.252249552943658e-09,0.11666666666666667,0.0,0.042132310463773734,0.05555555555555555,0.22305927406299197,0.02281226626776365
0.5555555555555556,0.11111109829629594,0.057489512640971296,0.0,0.0,0.2,0.012312411909002136,0.1111111111111111,0.02429906542117565,0.05562666451263809,0.06819144258439518,0.015267175572519085,0.025360477753474654,0.003689781350682606,0.001983480860889902,0.0025666461847781265,0.015121066914971098,0.039473684210526314,0.019704433497536946,8.763956690037174e-10,0.11666666666666667,0.0,0.032815639822715986,0.05555555555555555,0.23661232652651087,0.025617053103964102
0.0,0.0,0.0,0.0,0.0,0.0,0.0,0.0,0.0,5.342367317973107e-08,0.019241116270498793,0.0,0.006738122099441177,1.1353171050845767e-10,0.0,0.0,0.0033081286616893696,0.0,0.0,1.1023414274181743e-10,0.0,0.0,0.01063691760248107,0.0,0.07130172105797897,0.006918474195961109
0.7407407411111111,0.22222219659259185,0.175303361960612,0.0,0.0,0.0,0.05800514055181282,0.2222222222222222,0.08598130841881338,0.14016506681829752,0.15619988718280275,0.08396946564885496,0.0914200789496089,0.020746551445624414,0.026574696310330877,0.03144277450227779,0.08337359904504331,0.14473684210526316,0.06403940886699508,0.0001348742123811582,0.2333333333333333,0.25,0.10792782393588227,0.1111111111111111,0.3169345294583943,0.09199700822737472
0.5555555555555556,0.11111109829629594,0.057489512640971296,0.0,0.0,0.2,0.01436448056050249,0.1111111111111111,0.03177570093176847,0.06579981806711888,0.09351972139868951,0.03053435114503817,0.04958358414265458,0.008881464920823905,0.009976612688356673,0.009179495246828028,0.03480929733710731,0.06578947368421052,0.034482758620689655,8.309942652446876e-05,0.11666666666666667,0.0,0.06815417862871877,0.05555555555555555,0.2000126302097871,0.06451009723261032
0.7407407411111111,0.22222219659259185,0.175303361960612,0.0,0.0,0.6000000000000001,0.03611640826640627,0.2222222222222222,0.07476635515292415,0.13072479856034266,0.1531571604133905,0.06106870229007634,0.07996570942015715,0.015437733311757114,0.017318452292844667,0.018352131204667617,0.05974772253847985,0.11842105263157894,0.054187192118226604,0.00013349970901746673,0.2333333333333333,0.0,0.09797113339377335,0.1111111111111111,0.3614675326850291,0.08040388930441286
0.5555555555555556,0.11111109829629594,0.057489512640971296,1.0,0.0,0.0,0.019152640744600567,0.1111111111111111,0.03551401868706487,0.06952376375076486,0.13438737926674377,0.03816793893129771,0.08499651369081086,0.024303541944784908,0.011427218094082123,0.010073123498854593,0.038746943421534556,0.07894736842105263,0.19211822660098524,0.009527953587465691,0.16666666666666666,0.25,0.11713804595027366,0.16666666666666666,0.15446781459689396,0.23466716529543757
0.7407407411111111,0.22222219659259185,0.175303361960612,1.0,0.0,0.30000000000000004,0.03830528149740941,0.2222222222222222,0.06915887850823055,0.12510184165498225,0.20062850311187397,0.04961832061068702,0.11238198638670965,0.0242796659611429,0.011565370989865499,0.012017948962272576,0.04793478428519812,0.10526315789473685,0.21182266009852216,0.0056966574340391336,0.18333333333333332,0.25,0.14516454305637314,0.22222222222222224,0.3136527683186888,0.20531039640987286
0.0,0.0,0.0,0.0,0.0,0.0,0.0,0.0,0.001869158865899204,0.004428532556343956,0.043612613956984556,0.0038167938931297713,0.024025516226470606,0.0028540571722935155,0.0015295499176016657,0.0006504155195708225,0.007245774746116612,0.013157894736842105,0.034482758620689655,0.0005681786095030726,0.0,0.0,0.04172557170708264,0.05555555555555555,0.039541279154152786,0.08638743455497383
0.0,0.0,0.0,0.0,0.0,0.0,0.0,0.0,0.001869158865899204,0.0047574495624693736,0.05310688084845465,0.0038167938931297713,0.03398268939581396,0.006099718062880887,0.0025163563160543537,0.0013008310391416447,0.008558323440925691,0.013157894736842105,0.034482758620689655,0.0041957981842297735,0.0,0.0,0.06538462865245881,0.05555555555555555,0.026920489689282873,0.22569184741959614
0.5555555555555556,0.11111109829629594,0.057489512640971296,1.0,0.0,0.0,0.01778459498240584,0.1111111111111111,0.03177570093176847,0.065520019378762,0.06506227302496634,0.03053435114503817,0.04089676870181695,0.01684053706915916,0.011160780366499897,0.01275400825493429,0.037434394726725474,0.06578947368421052,0.18226600985221675,1.4344132232319691e-13,0.16666666666666666,0.25,0.060750699640493504,0.16666666666666666,0.14884702234081748,0.061892296185489915
0.5555555555555556,0.11111109829629594,0.057489512640971296,0.0,0.0,0.0,0.01641654921200285,0.1111111111111111,0.028037383176472065,0.06049991036610097,0.054846841060532,0.022900763358778626,0.029838301110083888,0.006811902634716064,0.006197144182282878,0.007213513095316269,0.026934005168252825,0.05263157894736842,0.02955665024630542,3.628825752437307e-15,0.16666666666666666,0.25,0.042917197871491994,0.05555555555555555,0.17306597295879061,0.03758414360508602
0.5555555555555556,0.11111109829629594,0.057489512640971296,0.0,0.0,0.0,0.01778459498240584,0.1111111111111111,0.03177570093176847,0.06522278940863652,0.05603359255195896,0.03053435114503817,0.033812391929261554,0.008798707569841583,0.009424001105223167,0.01096675175088116,0.03480929733710731,0.06578947368421052,0.034482758620689655,3.902699399000989e-15,0.11666666666666667,0.25,0.04739005792292309,0.05555555555555555,0.16655373910033833,0.05534779356768886
0.5555555555555556,0.11111109829629594,0.057489512640971296,0.0,0.0,0.0,0.01778459498240584,0.1111111111111111,0.03177570093176847,0.06522276308898023,0.05564944861602074,0.03053435114503817,0.03342716813990047,0.008798707569841583,0.009424001105223167,0.01096675175088116,0.03480929733710731,0.06578947368421052,0.034482758620689655,3.902699399000989e-15,0.11666666666666667,0.25,0.046800797888606784,0.05555555555555555,0.172531456898188,0.04506357516828721
0.5555555555555556,0.11111109829629594,0.057489512640971296,0.0,0.0,0.0,0.01778459498240584,0.1111111111111111,0.03177570093176847,0.0652064786295862,0.061714723740515634,0.03053435114503817,0.03562143343915555,0.010217853952074096,0.009266112081470736,0.01096675175088116,0.03480929733710731,0.06578947368421052,0.059113300492610835,1.0304495945505383e-13,0.16666666666666666,0.25,0.04982380783471145,0.1111111111111111,0.16578964629830184,0.041697830964846666
0.5555555555555556,0.11111109829629594,0.057489512640971296,0.0,0.0,0.0,0.01778459498240584,0.1111111111111111,0.03177570093176847,0.06489717604228273,0.05669367898222244,0.03053435114503817,0.030362796575104958,0.008231049016948577,0.007608277332070221,0.009179495246828028,0.03218419994748915,0.06578947368421052,0.034482758620689655,1.8486471078517045e-14,0.16666666666666666,0.25,0.03948936634851625,0.05555555555555555,0.18311920126832432,0.03365744203440539
0.5555555555555556,0.11111109829629594,0.057489512640971296,1.0,0.0,0.0,0.01641654921200285,0.1111111111111111,0.028037383176472065,0.060491850450693246,0.06744064033661666,0.022900763358778626,0.0340451701059175,0.013434585751801129,0.006128067734391189,0.007213513095316269,0.026934005168252825,0.05263157894736842,0.1724137931034483,3.919816566378165e-12,0.16666666666666666,0.25,0.04900488896574847,0.16666666666666666,0.16599305547802207,0.061331338818249814
0.5555555555555556,0.11111109829629594,0.057489512640971296,0.0,0.0,0.0,0.01641654921200285,0.1111111111111111,0.028037383176472065,0.060344369825386435,0.05873090201495611,0.022900763358778626,0.029133972974286413,0.006528073358269562,0.0054373032554743085,0.0064986104936950164,0.025621456473443743,0.05263157894736842,0.02955665024630542,6.350445173242226e-14,0.11666666666666667,0.25,0.0404320872680538,0.05555555555555555,0.18061723346768344,0.05347793567688856
0.5555555555555556,0.11111109829629594,0.057489512640971296,1.0,0.0,0.0,0.01778459498240584,0.1111111111111111,0.03177570093176847,0.06490774660887733,0.06957976961543703,0.03053435114503817,0.036131735608865956,0.015326780928111143,0.007766166355822651,0.009179495246828028,0.03218419994748915,0.06578947368421052,0.18226600985221675,1.4292780929977616e-11,0.16666666666666666,0.25,0.04852781949403064,0.16666666666666666,0.16678471144506352,0.02991772625280479
0.5555555555555556,0.11111109829629594,0.057489512640971296,0.0,0.0,0.2,0.01368045767940513,0.1111111111111111,0.028037383176472065,0.060478537497924756,0.06655082562601879,0.022900763358778626,0.030002472855120716,0.007663390464055574,0.00502284456812418,0.005783707892073763,0.02430890777863466,0.05263157894736842,0.054187192118226604,1.0646838010098603e-11,0.11666666666666667,0.0,0.03978863798410695,0.1111111111111111,0.20382820960844955,0.03534031413612565
0.0,0.0,0.0,0.0,0.0,0.0,0.0,0.0,0.0,0.00014197877132779424,0.018107278519180384,0.0,0.0072272581114686835,0.00037843903526200377,0.00029604191953580637,0.00021680517309205114,0.00396440300909391,0.0,0.004926108374384234,8.849542203943656e-13,0.0,0.0,0.013671641703648261,0.0,0.05732300959058581,0.016828721017202695
0.7407407411111111,0.22222219659259185,0.175303361960612,1.0,0.0,0.30000000000000004,0.03830528149740941,0.2222222222222222,0.06915887850823055,0.12480285253829301,0.15009107106185754,0.04961832061068702,0.06570082509774426,0.019868123828057332,0.009720043024758974,0.010328833699205463,0.04399713820077088,0.10526315789473685,0.21182266009852216,1.271800746230097e-07,0.18333333333333332,0.25,0.08035547753240681,0.22222222222222224,0.3418816360936506,0.05086013462976813
0.0,0.0,0.0,0.0,0.0,0.0,0.0,0.0,0.001869158865899204,0.00442360276270895,0.029667260100701226,0.0038167938931297713,0.012916818312695252,0.0024598623954569312,0.0014506054057254506,0.0006504155195708225,0.007245774746116612,0.013157894736842105,0.034482758620689655,1.2683773256480452e-08,0.0,0.0,0.021360641737583362,0.05555555555555555,0.04809283832214989,0.01720269259536275
0.0,0.0,0.0,0.0,0.0,0.0,0.0,0.0,0.0,2.66682610161606e-08,0.030857685077195524,0.0,0.012750224909906946,2.0563620298066302e-05,0.0,0.0,0.0033081286616893696,0.0,0.0,1.7564886322361736e-05,0.0,0.0,0.020415348482862472,0.0,0.06957256857994573,0.011219147344801797
0.5555555555555556,0.11111109829629594,0.057489512640971296,0.0,0.0,0.2,0.012312411909002136,0.1111111111111111,0.02429906542117565,0.055624144013367904,0.09457082332466178,0.015267175572519085,0.040317827010454874,0.003811041656771038,0.0019242724769827407,0.0025666461847781265,0.015121066914971098,0.039473684210526314,0.019704433497536946,0.00014088676594940563,0.11666666666666667,0.0,0.053061916374302125,0.05555555555555555,0.23307237877789816,0.08601346297681377
0.0,0.0,0.0,0.0,0.0,0.0,0.0,0.0,0.0,0.00045290324208685506,0.05038434270176653,0.0,0.03139721831890292,0.0010435427257544034,0.0010953551022824832,0.0006504155195708225,0.005276951703902991,0.0,0.004926108374384234,0.00022984400743181335,0.0,0.0,0.06212415416783892,0.0,0.041505939687608184,0.13107703814510097
0.5555555555555556,0.11111109829629594,0.057489512640971296,0.0,0.0,0.0,0.01641654921200285,0.1111111111111111,0.028037383176472065,0.06004771627316394,0.05404162106585908,0.022900763358778626,0.024505952570461502,0.005676585528930054,0.004055774297640546,0.00506880529045251,0.022996359083825583,0.05263157894736842,0.024630541871921183,1.6980166022416798e-14,0.11666666666666667,0.25,0.031238321603965537,0.05555555555555555,0.19381336038942915,0.02879581151832461
0.5555555555555556,0.11111109829629594,0.057489512640971296,0.0,0.0,0.0,0.01641654921200285,0.1111111111111111,0.028037383176472065,0.06004031034020921,0.0500682066562311,0.022900763358778626,0.021490066613285994,0.005676585528930054,0.003848544953965481,0.00506880529045251,0.022996359083825583,0.05263157894736842,0.024630541871921183,4.536032206679503e-15,0.11666666666666667,0.25,0.026458716206365016,0.05555555555555555,0.2074449155380888,0.026551982049364244
0.5555555555555556,0.11111109829629594,0.057489512640971296,0.0,0.0,0.0,0.01641654921200285,0.1111111111111111,0.028037383176472065,0.05990321342936755,0.046466600236472505,0.022900763358778626,0.018807074861916385,0.005392756252483552,0.003365009818723665,0.004353902688831258,0.0216838103890165,0.05263157894736842,0.024630541871921183,1.2118908215128142e-15,0.11666666666666667,0.25,0.021535727047166275,0.05555555555555555,0.22239182678888436,0.02281226626776365
0.5555555555555556,0.11111109829629594,0.057489512640971296,0.0,0.0,0.2,0.012312411909002136,0.1111111111111111,0.02429906542117565,0.05562161523473563,0.042871347730313286,0.015267175572519085,0.014292625007692426,0.0036897805938045343,0.0018650640930755796,0.0025666461847781265,0.015121066914971098,0.039473684210526314,0.019704433497536946,3.2180147018084824e-16,0.11666666666666667,0.0,0.01742763197209108,0.05555555555555555,0.24863405327855126,0.01832460732984293
0.0,0.0,0.0,0.0,0.0,0.0,0.0,0.0,0.0,0.0,0.00778034608454975,0.0,0.0022295904824509456,0.0,0.0,0.0,0.0033081286616893696,0.0,0.0,4.022512730756281e-17,0.0,0.0,0.0034012616520530496,0.0,0.07588697567184341,0.008788332086761406
0.0,0.0,0.0,0.0,0.0,0.0,0.0,0.0,0.0,0.0001394575748481508,0.009815664900472698,0.0,0.0037105651321129966,0.00018921951763100188,0.0002664377275822256,0.00021680517309205114,0.00396440300909391,0.0,0.0,1.7630609544389224e-16,0.0,0.0,0.007492430801244817,0.0,0.06786853696115758,0.012154076290201946
0.5555555555555556,0.11111109829629594,0.057489512640971296,0.0,0.0,0.2,0.01368045767940513,0.1111111111111111,0.028037383176472065,0.06032407911340948,0.04792225268908454,0.022900763358778626,0.020550586682809537,0.005676585528930054,0.0042630036413156104,0.00506880529045251,0.022996359083825583,0.05263157894736842,0.024630541871921183,1.4121609255625066e-15,0.11666666666666667,0.0,0.025126013276107584,0.05555555555555555,0.22941310694787143,0.030852655198204938
0.7407407411111111,0.22222219659259185,0.175303361960612,0.0,0.0,0.0,0.049249647636008545,0.2222222222222222,0.07476635515292415,0.12921875697583915,0.09116620213339632,0.06106870229007634,0.044511007243915796,0.013434585751801129,0.011160780366499897,0.015818458307120264,0.05187243036962536,0.11842105263157894,0.049261083743842374,7.959452788725526e-15,0.18333333333333332,0.25,0.04894775764510836,0.1111111111111111,0.36006530027800415,0.04057591623036649
0.5555555555555556,0.11111109829629594,0.057489512640971296,0.0,0.0,0.2,0.01368045767940513,0.1111111111111111,0.028037383176472065,0.06032407911340948,0.04792225268908454,0.022900763358778626,0.020550586682809537,0.005676585528930054,0.0042630036413156104,0.00506880529045251,0.022996359083825583,0.05263157894736842,0.024630541871921183,1.4121609255625066e-15,0.11666666666666667,0.0,0.025126013276107584,0.05555555555555555,0.22941310694787143,0.02786088257292446
0.0,0.0,0.0,0.0,0.0,0.0,0.0,0.0,0.0,0.0001394575748481508,0.009815664900472698,0.0,0.0037105651321129966,0.00018921951763100188,0.0002664377275822256,0.00021680517309205114,0.00396440300909391,0.0,0.0,1.7630609544389224e-16,0.0,0.0,0.007492430801244817,0.0,0.06786853696115758,0.010471204188481673
0.0,0.0,0.0,0.0,0.0,0.0,0.0,0.0,0.0,0.00013706919676648166,0.0034941338033517948,0.0,0.0013377346544216264,0.00018921951763100188,0.00023683353562864505,0.00021680517309205114,0.00396440300909391,0.0,0.0,4.717867255426356e-20,0.0,0.0,0.0034155476000017875,0.0,0.07385462837875556,0.0071054599850411335
0.5555555555555556,0.11111109829629594,0.057489512640971296,0.0,0.0,0.2,0.01368045767940513,0.1111111111111111,0.028037383176472065,0.06018215350430131,0.033880504359527976,0.022900763358778626,0.01431447717887284,0.005392756252483552,0.0037794685060737934,0.0036390000872100056,0.0216838103890165,0.05263157894736842,0.024630541871921183,3.7993515312913705e-19,0.11666666666666667,0.0,0.01543803127619123,0.05555555555555555,0.24135912222135392,0.016080777860882578
0.7407407411111111,0.22222219659259185,0.175303361960612,0.0,0.0,0.30000000000000004,0.03830528149740941,0.2222222222222222,0.06915887850823055,0.12464831876800722,0.06720903462315406,0.04961832061068702,0.02940869878824701,0.011163951540229106,0.008417458578801426,0.00948427606767191,0.04202831515855726,0.10526315789473685,0.04433497536945813,2.139573332300793e-18,0.18333333333333332,0.25,0.03285094895612382,0.1111111111111111,0.39058539975660683,0.027673896783844423
0.0,0.0,0.0,0.0,0.0,0.0,0.0,0.0,0.001869158865899204,0.004421080956171053,0.004745133168216939,0.0038167938931297713,0.003210828724298547,0.0013245366234170127,0.001411133149787343,0.0006504155195708225,0.007245774746116612,0.013157894736842105,0.004926108374384234,1.7795333878842165e-19,0.0,0.0,0.005527989113917059,0.0,0.06142154755657775,0.011967090501121914
0.5555555555555556,0.11111109829629594,0.057489512640971296,0.0,0.0,0.0,0.01778459498240584,0.1111111111111111,0.03177570093176847,0.06460562240279813,0.03905736473590582,0.03053435114503817,0.019875030626220227,0.00737956118760907,0.006187276118298351,0.0064986104936950164,0.029559102557870986,0.06578947368421052,0.02955665024630542,4.981012415398993e-18,0.16666666666666666,0.25,0.02204853436922602,0.05555555555555555,0.20516763986736192,0.029169783096484665
0.5555555555555556,0.11111109829629594,0.057489512640971296,0.0,0.0,0.0,0.01641654921200285,0.1111111111111111,0.028037383176472065,0.06018456750482981,0.041268494219032115,0.022900763358778626,0.019021371226154368,0.005960414805376558,0.004470232984990674,0.005783707892073763,0.02430890777863466,0.05263157894736842,0.024630541871921183,1.8486406611570556e-17,0.16666666666666666,0.25,0.02427931509443862,0.05555555555555555,0.20075858016903547,0.023560209424083774
0.0,0.0,0.0,0.0,0.0,0.0,0.0,0.0,0.0,0.0,0.0,0.0,0.0,0.0,0.0,0.0,0.0033081286616893696,0.0,0.0,0.0,0.0,0.0,0.0,0.0,0.0770561423292061,0.005422587883320867
0.5555555555555556,0.11111109829629594,0.057489512640971296,0.0,0.0,0.2,0.012312411909002136,0.1111111111111111,0.02429906542117565,0.05562161523473563,0.026055073096218337,0.015267175572519085,0.009089964269368764,0.0036897805938045343,0.0018650640930755796,0.0025666461847781265,0.015121066914971098,0.039473684210526314,0.019704433497536946,4.524050299173821e-22,0.11666666666666667,0.0,0.01046276470815768,0.05555555555555555,0.25128569953219376,0.015332834704562454
0.5555555555555556,0.11111109829629594,0.057489512640971296,0.0,0.0,0.0,0.01641654921200285,0.1111111111111111,0.028037383176472065,0.059903212993611676,0.028173587695727073,0.022900763358778626,0.01260831894859191,0.005392756252483552,0.003365009818723665,0.004353902688831258,0.0216838103890165,0.05263157894736842,0.024630541871921183,1.886818253794666e-21,0.11666666666666667,0.25,0.013159961335446642,0.05555555555555555,0.2265228125314011,0.016267763649962602
0.5555555555555556,0.11111109829629594,0.057489512640971296,0.0,0.0,0.0,0.01641654921200285,0.1111111111111111,0.028037383176472065,0.06004025595787307,0.029997508056482755,0.022900763358778626,0.01388093222854652,0.005676585528930054,0.003848544953965481,0.00506880529045251,0.022996359083825583,0.05263157894736842,0.024630541871921183,7.210237258876232e-21,0.11666666666666667,0.25,0.016010292125823625,0.05555555555555555,0.2143852507061753,0.020381451009723266
0.5555555555555556,0.11111109829629594,0.057489512640971296,0.0,0.0,0.0,0.01641654921200285,0.1111111111111111,0.028037383176472065,0.06004264372589646,0.031757892886740254,0.022900763358778626,0.014722519723452218,0.005676585528930054,0.0039176214018571695,0.00506880529045251,0.022996359083825583,0.05263157894736842,0.024630541871921183,2.715166214929432e-20,0.11666666666666667,0.25,0.01731543862245477,0.05555555555555555,0.20607059519689175,0.022251308900523556
0.5555555555555556,0.11111109829629594,0.057489512640971296,0.0,0.0,0.0,0.01641654921200285,0.1111111111111111,0.028037383176472065,0.060042669784099195,0.03353976595641515,0.022900763358778626,0.015446293412432924,0.005676585528930054,0.0039176214018571695,0.00506880529045251,0.022996359083825583,0.05263157894736842,0.024630541871921183,1.0178223083789763e-19,0.11666666666666667,0.25,0.01833576002694383,0.05555555555555555,0.2026297352819677,0.023373223635003736
0.5555555555555556,0.11111109829629594,0.057489512640971296,0.0,0.0,0.0,0.01641654921200285,0.1111111111111111,0.028037383176472065,0.06004266995840157,0.03539443398466671,0.022900763358778626,0.01616541679394657,0.005676585528930054,0.0039176214018571695,0.00506880529045251,0.022996359083825583,0.05263157894736842,0.024630541871921183,3.8164686342016e-19,0.11666666666666667,0.25,0.019320366565758397,0.05555555555555555,0.19951300423146917,0.028421839940164548
0.5555555555555556,0.11111109829629594,0.057489512640971296,0.0,0.0,0.0,0.01641654921200285,0.1111111111111111,0.028037383176472065,0.06004266995840157,0.03736466227129474,0.022900763358778626,0.016947723598463384,0.005676585528930054,0.0039176214018571695,0.00506880529045251,0.022996359083825583,0.05263157894736842,0.024630541871921183,1.4257901409441972e-18,0.11666666666666667,0.25,0.02038513079747234,0.05555555555555555,0.19828940904574227,0.02393418100224383
0.5555555555555556,0.11111109829629594,0.057489512640971296,0.0,0.0,0.0,0.01641654921200285,0.1111111111111111,0.028037383176472065,0.06004266995840157,0.03949537374775171,0.022900763358778626,0.017857292056472473,0.005676585528930054,0.0039176214018571695,0.00506880529045251,0.022996359083825583,0.05263157894736842,0.024630541871921183,5.323354473603595e-18,0.11666666666666667,0.25,0.02162997781660167,0.05555555555555555,0.1965344379068184,0.02412116679132386
0.5555555555555556,0.11111109829629594,0.057489512640971296,0.0,0.0,0.0,0.01641654921200285,0.1111111111111111,0.028037383176472065,0.0600426702198551,0.04184205441780664,0.022900763358778626,0.018979136508372914,0.005676585528930054,0.0039176214018571695,0.00506880529045251,0.022996359083825583,0.05263157894736842,0.024630541871921183,2.0026945873491266e-17,0.11666666666666667,0.25,0.023188983131696525,0.05555555555555555,0.1950086946085054,0.02543006731488407
0.5555555555555556,0.11111109829629594,0.057489512640971296,0.0,0.0,0.0,0.01641654921200285,0.1111111111111111,0.028037383176472065,0.06004269732387202,0.0444821096389198,0.022900763358778626,0.02045426426121317,0.005676585528930054,0.0039176214018571695,0.00506880529045251,0.022996359083825583,0.05263157894736842,0.024630541871921183,7.463050415712533e-17,0.11666666666666667,0.25,0.025301515751528038,0.05555555555555555,0.19235216374334302,0.030852655198204938
0.0,0.0,0.0,0.0,0.0,0.0,0.0,0.0,0.0,2.3879423257655574e-06,0.02433028171970373,0.0,0.008741689373861012,4.760763063589232e-08,2.9604191953580658e-05,0.0,0.0033081286616893696,0.0,0.0,4.073870492634761e-08,0.0,0.0,0.01361173367064687,0.0,0.0743601856710619,0.009723261032161555
0.0,0.0,0.0,0.0,0.0,0.0,0.0,0.0,0.0,0.00015542733133200315,0.04440953667586528,0.0,0.024102068472915895,0.00042123329980846627,0.00038485449539654823,0.00021680517309205114,0.00396440300909391,0.0,0.004926108374384234,3.5597754238289166e-05,0.0,0.0,0.04393640694567686,0.0,0.04638566659595611,0.09012715033657442
0.5555555555555556,0.11111109829629594,0.057489512640971296,1.0,0.0,0.0,0.01778459498240584,0.1111111111111111,0.03177570093176847,0.06547940056695195,0.1304274525015316,0.03053435114503817,0.08349143164916253,0.01703737168843332,0.010923946830871252,0.011860380002907725,0.034633580195601435,0.06578947368421052,0.19211822660098524,0.0003018150918412542,0.16666666666666666,0.25,0.12490596193422795,0.16666666666666666,0.12515386526287586,0.281039640987285
0.0,0.0,0.0,0.0,0.0,0.0,0.0,0.0,0.0,0.0006570849478606811,0.05155054029223825,0.0,0.03206851593789353,0.0010182304524418693,0.0014802095976790316,0.0008672206926628736,0.005441702760948381,0.0,0.004926108374384234,5.807627612206155e-05,0.0,0.0,0.06467351725899949,0.0,0.03503278272131477,0.19577412116679135
0.5555555555555556,0.11111109829629594,0.057489512640971296,1.0,0.0,0.0,0.01641654921200285,0.1111111111111111,0.028037383176472065,0.06004519690685908,0.07248795782714701,0.022900763358778626,0.029970202907308504,0.012299269781332223,0.003986697849748858,0.00506880529045251,0.022996359083825583,0.05263157894736842,0.1724137931034483,1.8486471143047883e-09,0.16666666666666666,0.25,0.04055845670094327,0.16666666666666666,0.18154426295398973,0.02543006731488407
0.5555555555555556,0.11111109829629594,0.057489512640971296,1.0,0.0,0.0,0.01641654921200285,0.1111111111111111,0.028037383176472065,0.06004778015497869,0.07643261737827035,0.022900763358778626,0.03220749704652977,0.012299271673527398,0.004055774297640546,0.00506880529045251,0.022996359083825583,0.05263157894736842,0.1724137931034483,4.998194049787129e-09,0.16666666666666666,0.25,0.0419379863495569,0.16666666666666666,0.17938945147208235,0.045250560957367236
0.5555555555555556,0.11111109829629594,0.057489512640971296,1.0,0.0,0.0,0.01778459498240584,0.1111111111111111,0.028037383176472065,0.07520370950978791,0.08625547421256181,0.03053435114503817,0.04063294179510528,0.01456994043658334,0.008713500498337232,0.011860380002907725,0.030871651252680068,0.06578947368421052,0.1724137931034483,7.103597707745491e-08,0.16666666666666666,0.25,0.06591569913122777,0.16666666666666666,0.14011961715810511,0.05665669409124907
0.0,0.0,0.0,0.0,0.0,0.0,0.0,0.0,0.0037383177552964067,0.009885050665959322,0.0573205840353794,0.007633587786259542,0.039093527339424644,0.004823662242485894,0.006680679317524695,0.003685687945216889,0.013808518220162016,0.02631578947368421,0.04433497536945813,0.00012007750394143888,0.0,0.0,0.0794677317400111,0.05555555555555555,0.015650295309656448,0.27056843679880327
0.5555555555555556,0.11111109829629594,0.057489512640971296,1.0,0.0,0.0,0.01778459498240584,0.1111111111111111,0.03177570093176847,0.06505248493516141,0.11313505000963177,0.03053435114503817,0.06395371012996699,0.016096782923782908,0.008555611474584801,0.010073123498854593,0.033496748642298235,0.06578947368421052,0.19211822660098524,2.0481640658264946e-05,0.16666666666666666,0.25,0.08985577761762659,0.16666666666666666,0.14756760302343497,0.16828721017202694
0.5555555555555556,0.11111109829629594,0.057489512640971296,1.0,0.0,0.0,0.018468617863503206,0.1111111111111111,0.03551401868706487,0.07007536021341962,0.11094397017313078,0.03816793893129771,0.06573102667407786,0.018358892077051485,0.012848219307853993,0.014362539108582107,0.04137204081115272,0.07894736842105263,0.19211822660098524,6.932426678643197e-06,0.16666666666666666,0.25,0.09056946698750244,0.16666666666666666,0.14835262987484232,0.08900523560209424
0.5555555555555556,0.11111109829629594,0.057489512640971296,0.0,0.0,0.2,0.01436448056050249,0.1111111111111111,0.03177570093176847,0.06550227923321228,0.10086389830435194,0.03053435114503817,0.054620607538259466,0.00965116181894544,0.008871389522089662,0.009179495246828028,0.03218419994748915,0.06578947368421052,0.059113300492610835,1.4361249341683066e-06,0.11666666666666667,0.0,0.07351765523903901,0.1111111111111111,0.18736078857168376,0.1080777860882573
0.5555555555555556,0.11111109829629594,0.057489512640971296,0.0,0.0,0.0,0.0198366636339062,0.1111111111111111,0.03925233644236128,0.07450386217969948,0.10251954708945372,0.04580152671755725,0.06137111867068247,0.013341047467426164,0.015463256263753616,0.015613618658472612,0.04662223559038904,0.09210526315789473,0.06896551724137931,1.449818616496491e-06,0.16666666666666666,0.25,0.07954680114500494,0.1111111111111111,0.16125428450210455,0.14154824233358265
0.0,0.0,0.0,0.0,0.0,0.0,0.0,0.0,0.0,0.00028660362677584983,0.03298445523176028,0.0,0.01583219539307543,0.0005678033436678966,0.0005920838390716125,0.0004336103464787711,0.00462067735649845,0.0,0.004926108374384234,1.2016206242981538e-07,0.0,0.0,0.029765852268954826,0.0,0.05057910558576262,0.01832460732984293
0.7407407411111111,0.22222219659259185,0.175303361960612,0.0,0.0,0.30000000000000004,0.03830528149740941,0.2222222222222222,0.06915887850823055,0.12509941405886968,0.1514223818137329,0.04961832061068702,0.07368719430617526,0.012678037831491483,0.011456822286035704,0.012017948962272576,0.04793478428519812,0.10526315789473685,0.049261083743842374,4.193690213006378e-07,0.18333333333333332,0.25,0.09209592134607021,0.1111111111111111,0.33646774202552276,0.0680628272251309
0.0,0.0,0.0,0.0,0.0,0.0,0.0,0.0,0.0,0.00014719694821666018,0.036441435431864275,0.0,0.018182788928893745,0.0003786307524772676,0.00035525030344296746,0.00021680517309205114,0.00396440300909391,0.0,0.004926108374384234,1.6124310941436765e-07,0.0,0.0,0.032964329902875185,0.0,0.05158638226132392,0.07124158563949141
0.5555555555555556,0.11111109829629594,0.057489512640971296,1.0,0.0,0.0,0.01641654921200285,0.1111111111111111,0.028037383176472065,0.06019542262002639,0.09504017388065564,0.022900763358778626,0.045718995381529154,0.012677751012546657,0.0047465387765574275,0.005783707892073763,0.02430890777863466,0.05263157894736842,0.1724137931034483,7.154949016476182e-08,0.16666666666666666,0.25,0.06184597953559429,0.16666666666666666,0.17143241930621772,0.050299177262528055
0.5555555555555556,0.11111109829629594,0.057489512640971296,1.0,0.0,0.0,0.01641654921200285,0.1111111111111111,0.028037383176472065,0.060047719672059935,0.08957555837583382,0.022900763358778626,0.041200882800350794,0.012299280529000825,0.004055774297640546,0.00506880529045251,0.022996359083825583,0.05263157894736842,0.1724137931034483,1.968466834676457e-08,0.16666666666666666,0.25,0.05475371621827529,0.16666666666666666,0.17889994361762707,0.035153328347045626
0.5555555555555556,0.11111109829629594,0.057489512640971296,1.0,0.0,0.0,0.01641654921200285,0.1111111111111111,0.028037383176472065,0.06018961303523157,0.08797155471141813,0.022900763358778626,0.04087482037398674,0.012677712033326025,0.0046083858807740505,0.005783707892073763,0.02430890777863466,0.05263157894736842,0.1724137931034483,7.154949016476124e-09,0.16666666666666666,0.25,0.054893319279106435,0.16666666666666666,0.17876422119753926,0.03365744203440539
0.0,0.0,0.0,0.0,0.0,0.0,0.0,0.0,0.0,0.00014197981714195174,0.025516196736123757,0.0,0.010853286881755433,0.0003784396029205563,0.00029604191953580637,0.00021680517309205114,0.00396440300909391,0.0,0.004926108374384234,4.672969094492177e-10,0.0,0.0,0.019571779624208772,0.0,0.05765132526488553,0.01065818997756171
0.5555555555555556,0.11111109829629594,0.057489512640971296,0.0,0.0,0.0,0.018879031593803275,0.1111111111111111,0.03925233644236128,0.07494827227786399,0.0790072931153602,0.04580152671755725,0.046029082951405495,0.013056148911485528,0.015660617543444152,0.014362539108582107,0.04530968689557996,0.09210526315789473,0.06896551724137931,2.978375906379976e-09,0.11666666666666667,0.25,0.05682125370728825,0.1111111111111111,0.17325996181629394,0.05160807778608825
0.5555555555555556,0.11111109829629594,0.057489512640971296,0.0,0.0,0.0,0.018879031593803275,0.1111111111111111,0.03925233644236128,0.07480868075165248,0.07850990622465152,0.04580152671755725,0.044951576544293284,0.01277231959719512,0.014871172424682002,0.013111459555744918,0.04399713820077088,0.09210526315789473,0.06896551724137931,2.978375906379976e-09,0.11666666666666667,0.25,0.054074726560727406,0.1111111111111111,0.18759559882546029,0.049738219895287955
0.0,0.0,0.0,0.0,0.0,0.0,0.0,0.0,0.0056074766211956124,0.014170427735746172,0.026790261487248168,0.011450381679389315,0.01714455168048333,0.005108928414105382,0.007193818644720092,0.003685687945216889,0.015121066914971098,0.039473684210526314,0.04433497536945813,1.8486471143047883e-09,0.0,0.0,0.030776048835100198,0.05555555555555555,0.03365218216530644,0.03646222887060584
0.5555555555555556,0.11111109829629594,0.057489512640971296,0.0,0.0,0.0,0.01641654921200285,0.1111111111111111,0.028037383176472065,0.060488733837353426,0.07171106157670484,0.022900763358778626,0.03359054514520919,0.0068119031266868114,0.005920838390716126,0.007213513095316269,0.026934005168252825,0.05263157894736842,0.02955665024630542,5.357653210901382e-10,0.11666666666666667,0.25,0.04673530253311545,0.05555555555555555,0.19090352752687934,0.03982797307404638
0.5555555555555556,0.11111109829629594,0.057489512640971296,0.0,0.0,0.2,0.012312411909002136,0.1111111111111111,0.02429906542117565,0.056067543419300564,0.07045543533068994,0.015267175572519085,0.02938938381975677,0.0048250981537173885,0.003582107226383256,0.004175177038425945,0.01905871299939834,0.039473684210526314,0.024630541871921183,5.340536107991151e-10,0.11666666666666667,0.0,0.04180957505887786,0.05555555555555555,0.22584280482767094,0.043193717277486915
0.5555555555555556,0.11111109829629594,0.057489512640971296,0.0,0.0,0.0,0.01641654921200285,0.1111111111111111,0.028037383176472065,0.06004779592934223,0.06590990704114179,0.022900763358778626,0.028299552893647256,0.005676585642461764,0.004055774297640546,0.00506880529045251,0.022996359083825583,0.05263157894736842,0.024630541871921183,1.4463951959137997e-10,0.11666666666666667,0.25,0.03603657253650806,0.05555555555555555,0.20460800294751413,0.025617053103964102
0.5555555555555556,0.11111109829629594,0.057489512640971296,0.0,0.0,0.0,0.01641654921200285,0.1111111111111111,0.028037383176472065,0.05990329404420883,0.060848072279632265,0.022900763358778626,0.024373027336611966,0.005392756290327455,0.003365009818723665,0.004353902688831258,0.0216838103890165,0.05263157894736842,0.024630541871921183,3.9026994635260134e-11,0.11666666666666667,0.25,0.029071381808292218,0.05555555555555555,0.22186010193486438,0.02636499626028422
0.5555555555555556,0.11111109829629594,0.057489512640971296,0.0,0.0,0.2,0.012312411909002136,0.1111111111111111,0.02429906542117565,0.05562161584479386,0.056029893828421565,0.015267175572519085,0.019009877663231062,0.0036897805938045343,0.0018650640930755796,0.0025666461847781265,0.015121066914971098,0.039473684210526314,0.019704433497536946,1.0475666980996301e-11,0.11666666666666667,0.0,0.023730022744057,0.05555555555555555,0.24711633469916378,0.015332834704562454
0.0,0.0,0.0,0.0,0.0,0.0,0.0,0.0,0.0,0.0,0.01383494791157331,0.0,0.004268728587242572,0.0,0.0,0.0,0.0033081286616893696,0.0,0.0,1.3163052137321646e-12,0.0,0.0,0.006485185703127531,0.0,0.07587092623399244,0.005048616305160812
0.0,0.0,0.0,0.0,0.0,0.0,0.0,0.0,0.0,0.0,0.008849136572521878,0.0,0.0020529207118861123,0.0,0.0,0.0,0.0033081286616893696,0.0,0.0,4.347744074666972e-15,0.0,0.0,0.0029458056503336664,0.0,0.07706137584154876,0.008414360508601344
0.5555555555555556,0.11111109829629594,0.057489512640971296,0.0,0.0,0.2,0.012312411909002136,0.1111111111111111,0.02429906542117565,0.05562161523473563,0.044829296213591524,0.015267175572519085,0.013595947333736196,0.0036897805938045343,0.0018650640930755796,0.0025666461847781265,0.015121066914971098,0.039473684210526314,0.019704433497536946,3.491888987233796e-14,0.11666666666666667,0.0,0.01638899574995658,0.05555555555555555,0.25124069132604643,0.016267763649962602
0.5555555555555556,0.11111109829629594,0.057489512640971296,0.0,0.0,0.0,0.01641654921200285,0.1111111111111111,0.028037383176472065,0.059903212993611676,0.04813005028416967,0.022900763358778626,0.017571348747208497,0.005392756252483552,0.003365009818723665,0.004353902688831258,0.0216838103890165,0.05263157894736842,0.024630541871921183,1.3094583719872893e-13,0.11666666666666667,0.25,0.019693787275732413,0.05555555555555555,0.22653258175444085,0.01944652206432311
0.5555555555555556,0.11111109829629594,0.057489512640971296,0.0,0.0,0.0,0.01641654921200285,0.1111111111111111,0.028037383176472065,0.06004025595787307,0.05125790229244845,0.022900763358778626,0.019369263965236434,0.005676585528930054,0.003848544953965481,0.00506880529045251,0.022996359083825583,0.05263157894736842,0.024630541871921183,4.895491431680498e-13,0.11666666666666667,0.25,0.023240472379663722,0.05555555555555555,0.2142875584757779,0.022064323111443532
0.5555555555555556,0.11111109829629594,0.057489512640971296,0.0,0.0,0.0,0.01641654921200285,0.1111111111111111,0.028037383176472065,0.06004264372589646,0.05446247306878835,0.022900763358778626,0.020818966904081818,0.005676585528930054,0.0039176214018571695,0.00506880529045251,0.022996359083825583,0.05263157894736842,0.024630541871921183,1.831530011330091e-12,0.11666666666666667,0.25,0.02535325007414129,0.05555555555555555,0.20605559246150923,0.02786088257292446
0.5555555555555556,0.11111109829629594,0.057489512640971296,0.0,0.0,0.0,0.01641654921200285,0.1111111111111111,0.028037383176472065,0.060042669784099195,0.05785143919763973,0.022900763358778626,0.022252812911493277,0.005676585528930054,0.0039176214018571695,0.00506880529045251,0.022996359083825583,0.05263157894736842,0.024630541871921183,6.863958266937746e-12,0.11666666666666667,0.25,0.027319060144997846,0.05555555555555555,0.20238445800350574,0.021503365744203445
0.5555555555555556,0.11111109829629594,0.057489512640971296,0.0,0.0,0.0,0.01641654921200285,0.1111111111111111,0.028037383176472065,0.06004266995840157,0.061504213782507824,0.022900763358778626,0.02381006560933595,0.005676585566773957,0.0039176214018571695,0.00506880529045251,0.022996359083825583,0.05263157894736842,0.024630541871921183,2.5675654365280642e-11,0.11666666666666667,0.25,0.029424159583824903,0.05555555555555555,0.1993465785389708,0.020194465220643228
0.5555555555555556,0.11111109829629594,0.057489512640971296,0.0,0.0,0.0,0.01641654921200285,0.1111111111111111,0.028037383176472065,0.0600426702198551,0.06549925086503644,0.022900763358778626,0.02559623595001764,0.005676585604617861,0.0039176214018571695,0.00506880529045251,0.022996359083825583,0.05263157894736842,0.024630541871921183,9.602694732632643e-11,0.11666666666666667,0.25,0.0318407074951642,0.05555555555555555,0.19764603592841112,0.02318623784592371
0.5555555555555556,0.11111109829629594,0.057489512640971296,0.0,0.0,0.0,0.01641654921200285,0.1111111111111111,0.028037383176472065,0.060042696713813765,0.06992843547349539,0.022900763358778626,0.02773539956496582,0.005676585869525186,0.0039176214018571695,0.00506880529045251,0.022996359083825583,0.05263157894736842,0.024630541871921183,3.59459161114768e-10,0.11666666666666667,0.25,0.034768090815349616,0.05555555555555555,0.1957556912702223,0.02543006731488407
0.5555555555555556,0.11111109829629594,0.057489512640971296,0.0,0.0,0.0,0.01641654921200285,0.1111111111111111,0.028037383176472065,0.06018722500575463,0.07290658163372161,0.022900763358778626,0.03154458794377281,0.0062442443467303835,0.004539309432882363,0.005783707892073763,0.02430890777863466,0.05263157894736842,0.02955665024630542,2.7216193627259437e-10,0.11666666666666667,0.25,0.041573893586579015,0.05555555555555555,0.19438555773889937,0.0349663425579656
0.0,0.0,0.0,0.0,0.0,0.0,0.0,0.0,0.0,1.7430235033089048e-10,0.01643625899075555,0.0,0.005017475492326418,0.0,0.0,0.0,0.0033081286616893696,0.0,0.0,2.413511510277915e-12,0.0,0.0,0.007673792503237744,0.0,0.07374298011544433,0.008414360508601344
0.5555555555555556,0.11111109829629594,0.057489512640971296,0.0,0.0,0.2,0.012312411909002136,0.1111111111111111,0.02429906542117565,0.05562164216445015,0.06170314185812298,0.015267175572519085,0.02082800239992545,0.0036897805938045343,0.0018650640930755796,0.0025666461847781265,0.015121066914971098,0.039473684210526314,0.019704433497536946,1.9342326288495498e-11,0.11666666666666667,0.0,0.02622226403415849,0.05555555555555555,0.24348043922426787,0.015519820493642485
0.5555555555555556,0.11111109829629594,0.057489512640971296,0.0,0.0,0.0,0.01641654921200285,0.1111111111111111,0.028037383176472065,0.059905707870435004,0.06709789624774216,0.022900763358778626,0.026689173016383187,0.005392756328171358,0.0034340862666153524,0.004353902688831258,0.0216838103890165,0.05263157894736842,0.024630541871921183,7.257651633931116e-11,0.11666666666666667,0.25,0.03238144410950197,0.05555555555555555,0.21478369544586734,0.028047868362004486
0.5555555555555556,0.11111109829629594,0.057489512640971296,0.0,0.0,0.0,0.01641654921200285,0.1111111111111111,0.028037383176472065,0.06004511115009817,0.043876867434187214,0.022900763358778626,0.02010432661730077,0.005676585528930054,0.003986697849748858,0.00506880529045251,0.022996359083825583,0.05263157894736842,0.024630541871921183,6.932420225495401e-17,0.16666666666666666,0.25,0.02490641433846521,0.05555555555555555,0.1956932380229326,0.019259536275243086
0.5555555555555556,0.11111109829629594,0.057489512640971296,0.0,0.0,0.0,0.01641654921200285,0.1111111111111111,0.028037383176472065,0.0600427784616204,0.04688055853158608,0.022900763358778626,0.021917213775643256,0.005676585528930054,0.0039176214018571695,0.00506880529045251,0.022996359083825583,0.05263157894736842,0.024630541871921183,2.584681894129968e-16,0.16666666666666666,0.25,0.027463155675764038,0.05555555555555555,0.19162051871783137,0.023560209424083774
0.5555555555555556,0.11111109829629594,0.057489512640971296,0.0,0.0,0.0,0.01641654921200285,0.1111111111111111,0.028037383176472065,0.06005032706105637,0.05042943148602212,0.022900763358778626,0.024745118281293367,0.005676585528930054,0.004124850745532234,0.00506880529045251,0.022996359083825583,0.05263157894736842,0.024630541871921183,9.688279601875465e-16,0.16666666666666666,0.25,0.03197802839174491,0.05555555555555555,0.1841411317784452,0.052543006731488415
0.5555555555555556,0.11111109829629594,0.057489512640971296,0.0,0.0,0.0,0.01641654921200285,0.1111111111111111,0.028037383176472065,0.060045220350526396,0.04753638944675895,0.022900763358778626,0.022563806173057567,0.005676585528930054,0.003986697849748858,0.00506880529045251,0.022996359083825583,0.05263157894736842,0.024630541871921183,2.790087129052729e-16,0.11666666666666667,0.25,0.02852484518354121,0.05555555555555555,0.1879790408297699,0.021129394166043383
0.5555555555555556,0.11111109829629594,0.057489512640971296,0.0,0.0,0.0,0.01641654921200285,0.1111111111111111,0.028037383176472065,0.060194857357474346,0.051221590314915744,0.022900763358778626,0.02601916927941961,0.005960414805376558,0.0047465387765574275,0.005783707892073763,0.02430890777863466,0.05263157894736842,0.024630541871921183,1.044143212992559e-15,0.11666666666666667,0.25,0.03499881977178779,0.05555555555555555,0.1804012638583407,0.034779356768885564
0.5555555555555556,0.11111109829629594,0.057489512640971296,0.0,0.0,0.0,0.01641654921200285,0.1111111111111111,0.028037383176472065,0.060192443356945846,0.050406026153023586,0.022900763358778626,0.025117821378711453,0.005960414805376558,0.004677462328665739,0.005783707892073763,0.02430890777863466,0.05263157894736842,0.024630541871921183,1.044143212992559e-15,0.11666666666666667,0.25,0.0335276281760977,0.05555555555555555,0.19513360110308486,0.039640987284966345
0.0,0.0,0.0,0.0,0.0,0.0,0.0,0.0,0.0,4.949751255145518e-06,0.04085095721188152,0.0,0.020813920378211788,0.0003700029858196537,5.9208383907161316e-05,0.0,0.0033081286616893696,0.0,0.0,0.0003102014452410924,0.0,0.0,0.03575647988497417,0.0,0.06007618598367703,0.01364996260284218
0.5555555555555556,0.11111109829629594,0.057489512640971296,0.0,0.0,0.2,0.012312411909002136,0.1111111111111111,0.02429906542117565,0.05592230292791858,0.11887744629652498,0.015267175572519085,0.06378403167345582,0.006845797110626368,0.0031084401551259655,0.0036390000872100056,0.01774616430458926,0.039473684210526314,0.024630541871921183,0.0024881047637467057,0.11666666666666667,0.0,0.08965226458930696,0.05555555555555555,0.21126677515156256,0.23803290949887812
0.5555555555555556,0.11111109829629594,0.057489512640971296,0.0,0.0,0.0,0.01641654921200285,0.1111111111111111,0.028037383176472065,0.06036277772327561,0.11675627032610446,0.022900763358778626,0.06040315248065692,0.006530790058571996,0.005713609047041061,0.0064986104936950164,0.025621456473443743,0.05263157894736842,0.02955665024630542,2.90990749473912e-06,0.11666666666666667,0.25,0.08351704274743259,0.05555555555555555,0.19250358670045886,0.11293941660433807
0.0,0.0,0.0,0.0,0.0,0.0,0.0,0.0,0.0,2.414784889132049e-06,0.028908762179844845,0.0,0.011630632252733194,5.318960640604206e-07,2.9604191953580658e-05,0.0,0.0033081286616893696,0.0,0.0,4.5531493741212106e-07,0.0,0.0,0.0187221123741999,0.0,0.06560521732334454,0.005983545250560954
0.5555555555555556,0.11111109829629594,0.057489512640971296,0.0,0.0,0.2,0.01368045767940513,0.1111111111111111,0.028037383176472065,0.06063830870551018,0.08566162176880714,0.022900763358778626,0.04056681312762642,0.006266398016479007,0.005851761942824437,0.0064986104936950164,0.025621456473443743,0.05263157894736842,0.024630541871921183,2.3906601779572894e-05,0.11666666666666667,0.0,0.0555978440291189,0.05555555555555555,0.2091636009914366,0.04955123410620793
0.5555555555555556,0.11111109829629594,0.057489512640971296,0.0,0.0,0.0,0.019152640744600567,0.1111111111111111,0.03551401868706487,0.06977194277098381,0.08744345620817075,0.03816793893129771,0.04784905801530491,0.010242794673941812,0.012137718700968058,0.014362539108582107,0.04137204081115272,0.07894736842105263,0.034482758620689655,2.4152061035305592e-05,0.16666666666666666,0.25,0.06340439122842013,0.05555555555555555,0.1772349888909978,0.04113687359760658
0.0,0.0,0.0,0.0,0.0,0.0,0.0,0.0,0.0,0.00029152853994479644,0.02983315616974678,0.0,0.013807814642567678,0.0003908761314046611,0.0006512922229787738,0.0004336103464787711,0.00462067735649845,0.0,0.0,1.0355847260689221e-05,0.0,0.0,0.026472876742648095,0.0,0.05545499458505926,0.0349663425579656
0.0,0.0,0.0,0.0,0.0,0.0,0.0,0.0,0.001869158865899204,0.004583054212615789,0.0300806842673775,0.0038167938931297713,0.015192641369093113,0.0015280847133328146,0.001963744732920848,0.0013008310391416447,0.007902049093521154,0.013157894736842105,0.004926108374384234,1.1091882685829117e-05,0.0,0.0,0.027583781057258935,0.0,0.053189232641486284,0.03908002991772626
0.0,0.0,0.0,0.0,0.0,0.0,0.0,0.0,0.001869158865899204,0.004583054212615789,0.0300806842673775,0.0038167938931297713,0.015192641369093113,0.0015280847133328146,0.001963744732920848,0.0013008310391416447,0.007902049093521154,0.013157894736842105,0.004926108374384234,1.1091882685829117e-05,0.0,0.0,0.027583781057258935,0.0,0.053189232641486284,0.04506357516828721
0.0,0.0,0.0,0.0,0.0,0.0,0.0,0.0,0.0,0.000144555395957785,0.02662565412538693,0.0,0.011371784739780417,0.00019275073226903165,0.0003256461114893869,0.00021680517309205114,0.00396440300909391,0.0,0.0,2.97837590638004e-06,0.0,0.0,0.02057812421864972,0.0,0.05989859546484755,0.025617053103964102
0.7407407411111111,0.22222219659259185,0.175303361960612,0.0,0.0,0.0,0.049249647636008545,0.2222222222222222,0.07476635515292415,0.1295152728291976,0.13298045199835584,0.06106870229007634,0.06440591311128663,0.014199954518364177,0.013292282187157703,0.018352131204667617,0.05581007645405261,0.11842105263157894,0.049261083743842374,1.0424315672330142e-05,0.18333333333333332,0.25,0.07624648506472823,0.1111111111111111,0.34254838556611256,0.06020942408376963
0.0,0.0,0.0,0.0,0.0,0.0,0.0,0.0,0.0,4.941994800167215e-06,0.021726062035617492,0.0,0.008331235541112673,4.919707458257705e-10,5.9208383907161316e-05,0.0,0.0033081286616893696,0.0,0.0,4.0909875955443526e-10,0.0,0.0,0.013862634955077861,0.0,0.06535854444159123,0.017576664173522806
0.0,0.0,0.0,0.0,0.0,0.0,0.0,0.0,0.0,7.378393181878273e-06,0.020004997711535202,0.0,0.007810344265080165,7.568780671651787e-11,8.881257586074187e-05,0.0,0.0033081286616893696,0.0,0.0,6.709904340803752e-11,0.0,0.0,0.013270832134895,0.0,0.0659370220058727,0.03216155572176515
0.0,0.0,0.0,0.0,0.0,0.0,0.0,0.0,0.0,2.4679471087862836e-06,0.01732572551348107,0.0,0.005720646912773001,0.0,2.9604191953580658e-05,0.0,0.0033081286616893696,0.0,0.0,9.568460526754104e-12,0.0,0.0,0.009295450160183112,0.0,0.06871252805162614,0.011406133133881828
0.5555555555555556,0.11111109829629594,0.057489512640971296,0.0,0.0,0.0,0.01641654921200285,0.1111111111111111,0.028037383176472065,0.060045137818359184,0.07491309150870414,0.022900763358778626,0.030427032986756673,0.0056765867399349666,0.003986697849748858,0.00506880529045251,0.022996359083825583,0.05263157894736842,0.024630541871921183,1.3454042887440228e-09,0.11666666666666667,0.25,0.0385818747792312,0.05555555555555555,0.19318568780912615,0.03552729992520569
0.0,0.0,0.0,0.0,0.0,0.0,0.0,0.0,0.0,0.00028712418077264656,0.017108174022333077,0.0,0.007369885826604104,0.0005676585528930052,0.0005920838390716125,0.0004336103464787711,0.00462067735649845,0.0,0.004926108374384234,2.567565436469986e-12,0.0,0.0,0.015554270800342879,0.0,0.05475754184018669,0.01720269259536275
0.5555555555555556,0.11111109829629594,0.057489512640971296,0.0,0.0,0.2,0.012312411909002136,0.1111111111111111,0.02429906542117565,0.055918595603882265,0.058856832194092656,0.015267175572519085,0.02329802295794848,0.0045412684231440435,0.0030492317712188044,0.0036390000872100056,0.01774616430458926,0.039473684210526314,0.024630541871921183,5.494590034119335e-12,0.11666666666666667,0.0,0.032613129305336316,0.05555555555555555,0.22462165194770395,0.029356768885564703
0.0,0.0,0.0,0.0,0.0,0.0,0.0,0.0,0.0,4.91462932969422e-06,0.014883652182892115,0.0,0.005424349532909175,0.0,5.9208383907161316e-05,0.0,0.0033081286616893696,0.0,0.0,6.846841163446732e-13,0.0,0.0,0.009288578987036571,0.0,0.06590213192358793,0.017015706806282727
0.0,0.0,0.0,0.0,0.0,0.0,0.0,0.0,0.0,0.00014513416694264536,0.01892544893940691,0.0,0.008008094120646804,0.00037843903526200377,0.0003256461114893869,0.00021680517309205114,0.00396440300909391,0.0,0.004926108374384234,1.1057648479944124e-11,0.0,0.0,0.01541804368179644,0.0,0.05515214867082743,0.02879581151832461
0.5555555555555556,0.11111109829629594,0.057489512640971296,0.0,0.0,0.2,0.012312411909002136,0.1111111111111111,0.02429906542117565,0.055624197088436356,0.07332926368326392,0.015267175572519085,0.027599162150086027,0.003689781729121641,0.0019242724769827407,0.0025666461847781265,0.015121066914971098,0.039473684210526314,0.019704433497536946,1.3368457372889077e-09,0.11666666666666667,0.0,0.03582395719373107,0.05555555555555555,0.23358386738419284,0.033844427823485415
0.0,0.0,0.0,0.0,0.0,0.0,0.0,0.0,0.0,2.7104016891987825e-08,0.02153462721024909,0.0,0.007627892592847282,1.8921951722497554e-10,0.0,0.0,0.0033081286616893696,0.0,0.0,1.667205823455768e-10,0.0,0.0,0.012100467073276158,0.0,0.06963362622394409,0.010845175766641735
0.0,0.0,0.0,0.0,0.0,0.0,0.0,0.0,0.0,1.7430235033089048e-10,0.007337920340447467,0.0,0.002541280102650846,0.0,0.0,0.0,0.0033081286616893696,0.0,0.0,9.260288142956521e-18,0.0,0.0,0.004102077976240999,0.0,0.0738992876840801,0.0071054599850411335
0.5555555555555556,0.11111109829629594,0.057489512640971296,0.0,0.0,0.2,0.012312411909002136,0.1111111111111111,0.02429906542117565,0.05562164260020605,0.04220403743184037,0.015267175572519085,0.015364612391059258,0.0036897805938045343,0.0018650640930755796,0.0025666461847781265,0.015121066914971098,0.039473684210526314,0.019704433497536946,7.428816209892074e-17,0.11666666666666667,0.0,0.019071405999864552,0.05555555555555555,0.24372327419696993,0.020007479431563203
0.5555555555555556,0.11111109829629594,0.057489512640971296,0.0,0.0,0.0,0.01641654921200285,0.1111111111111111,0.028037383176472065,0.0599057633857365,0.046163942049007395,0.022900763358778626,0.02069865598432413,0.005392756252483552,0.0034340862666153524,0.004353902688831258,0.0216838103890165,0.05263157894736842,0.024630541871921183,2.790087129052729e-16,0.11666666666666667,0.25,0.024608203523346944,0.05555555555555555,0.21529413734969355,0.019820493642483172
0.0,0.0,0.0,0.0,0.0,0.0,0.0,0.0,0.0,0.00015348856618679907,0.04213937338118198,0.0,0.022710499768047843,0.0006377941673273669,0.00035525030344296746,0.00021680517309205114,0.00396440300909391,0.0,0.004926108374384234,0.00021332976888608154,0.0,0.0,0.04114043014237148,0.0,0.04565820838031864,0.07161555721765146
0.0,0.0,0.0,0.0,0.0,0.0,0.0,0.0,0.0,0.0002867101255175364,0.042789178997936744,0.0,0.02111251613487106,0.0003830153092959092,0.0005920838390716125,0.0004336103464787711,0.00462067735649845,0.0,0.0,3.817113948981316e-06,0.0,0.0,0.03864815821164322,0.0,0.05822352261435573,0.04057591623036649
0.5555555555555556,0.11111109829629594,0.057489512640971296,0.0,0.0,0.0,0.01641654921200285,0.1111111111111111,0.028037383176472065,0.06019987848554578,0.11090629325793282,0.022900763358778626,0.05382525650653741,0.0059679566412224865,0.0047465387765574275,0.005783707892073763,0.02430890777863466,0.05263157894736842,0.024630541871921183,8.216209396910456e-06,0.11666666666666667,0.25,0.07220045529067329,0.05555555555555555,0.21123956088738038,0.04917726252804787
0.5555555555555556,0.11111109829629594,0.057489512640971296,0.0,0.0,0.2,0.012312411909002136,0.1111111111111111,0.02429906542117565,0.05562663287675984,0.0999276679870737,0.015267175572519085,0.04163850904338538,0.003691654131936406,0.001983480860889902,0.0025666461847781265,0.015121066914971098,0.039473684210526314,0.019704433497536946,2.1909891725094547e-06,0.11666666666666667,0.0,0.05485917418730716,0.05555555555555555,0.24034591423180413,0.024495138369483915
0.0,0.0,0.0,0.0,0.0,0.0,0.0,0.0,0.0,5.316221965423473e-08,0.03333385455066215,0.0,0.013359350243113743,3.1841860426932295e-07,0.0,0.0,0.0033081286616893696,0.0,0.0,2.721619362726588e-07,0.0,0.0,0.021278750003470466,0.0,0.07289026650440456,0.0
0.0,0.0,0.0,0.0,0.0,0.0,0.0,0.0,0.0,8.087629482789183e-08,0.03520655108765284,0.0,0.01477128003495053,1.128883642185878e-07,0.0,0.0,0.0033081286616893696,0.0,0.0,9.654046041369779e-08,0.0,0.0,0.023962920368506134,0.0,0.0675433613942635,0.024682124158563953
0.5555555555555556,0.11111109829629594,0.057489512640971296,0.0,0.0,0.2,0.012312411909002136,0.1111111111111111,0.02429906542117565,0.05562929578105777,0.1045212008767729,0.015267175572519085,0.045744287783931886,0.0036904447164675157,0.002042689244797063,0.0025666461847781265,0.015121066914971098,0.039473684210526314,0.019704433497536946,7.736930515424011e-07,0.11666666666666667,0.0,0.06100383601174068,0.05555555555555555,0.2281727645226479,0.06637995512341062
0.0,0.0,0.0,0.0,0.0,0.0,0.0,0.0,0.0,0.0,0.01640277526707938,0.0,0.005028204533977463,7.568780671651787e-11,0.0,0.0,0.0033081286616893696,0.0,0.0,4.96395984396028e-11,0.0,0.0,0.00752365098078551,0.0,0.07670340359730704,0.006170531039640985
0.5555555555555556,0.11111109829629594,0.057489512640971296,0.0,0.0,0.2,0.012312411909002136,0.1111111111111111,0.02429906542117565,0.05562161549618916,0.061493379267870726,0.015267175572519085,0.02059834190386738,0.003689780934399667,0.0018650640930755796,0.0025666461847781265,0.015121066914971098,0.039473684210526314,0.019704433497536946,3.954050772262512e-10,0.11666666666666667,0.0,0.02574644607674266,0.05555555555555555,0.24935069556868045,0.009910246821241586
0.5555555555555556,0.11111109829629594,0.057489512640971296,0.0,0.0,0.0,0.01641654921200285,0.1111111111111111,0.028037383176472065,0.059903239487570314,0.06663592459627367,0.022900763358778626,0.025939911704100104,0.0053927575770201745,0.003365009818723665,0.004353902688831258,0.0216838103890165,0.05263157894736842,0.024630541871921183,1.4720708502797253e-09,0.11666666666666667,0.25,0.030955866081609773,0.05555555555555555,0.22483064354058974,0.015519820493642485
0.5555555555555556,0.11111109829629594,0.057489512640971296,0.0,0.0,0.0,0.01641654921200285,0.1111111111111111,0.028037383176472065,0.06004269706241849,0.07198095868485015,0.022900763358778626,0.02959364617197451,0.005676590448637511,0.0039176214018571695,0.00506880529045251,0.022996359083825583,0.05263157894736842,0.024630541871921183,5.460355828363343e-09,0.11666666666666667,0.25,0.03719956779704906,0.05555555555555555,0.2100819079571717,0.0218773373223635
0.5555555555555556,0.11111109829629594,0.057489512640971296,0.0,0.0,0.0,0.01641654921200285,0.1111111111111111,0.028037383176472065,0.060184622671526605,0.07792536832155275,0.022900763358778626,0.03380260941178108,0.005960433273201478,0.004470232984990674,0.005783707892073763,0.02430890777863466,0.05263157894736842,0.024630541871921183,2.0198181434071472e-08,0.11666666666666667,0.25,0.04417079781798652,0.05555555555555555,0.1998493446246944,0.03459237097980554
0.5555555555555556,0.11111109829629594,0.057489512640971296,0.0,0.0,0.0,0.01778459498240584,0.1111111111111111,0.03177570093176847,0.06461321605939407,0.08488590760589015,0.03053435114503817,0.040812254725938066,0.0073796325612111215,0.006424109653926996,0.0064986104936950164,0.029559102557870986,0.06578947368421052,0.02955665024630542,7.531525280501245e-08,0.11666666666666667,0.25,0.05102858483860736,0.05555555555555555,0.19002290185001175,0.043941660433807025
0.0,0.0,0.0,0.0,0.0,0.0,0.0,0.0,0.001869158865899204,0.004428513644537946,0.029729568732513145,0.0038167938931297713,0.01453613756774962,0.0013245810143158489,0.0015295499176016657,0.0006504155195708225,0.007245774746116612,0.013157894736842105,0.004926108374384234,3.509006096597167e-08,0.0,0.0,0.024844742076936904,0.0,0.04635461442272268,0.024495138369483915
0.5555555555555556,0.11111109829629594,0.057489512640971296,0.0,0.0,0.0,0.01641654921200285,0.1111111111111111,0.028037383176472065,0.06034233153359392,0.10683156699394102,0.022900763358778626,0.05574316121299597,0.006529991665739305,0.00536822680758262,0.0064986104936950164,0.025621456473443743,0.05263157894736842,0.02955665024630542,2.071169452137844e-06,0.11666666666666667,0.25,0.07679657768112369,0.05555555555555555,0.18207075429566694,0.043754674644727
0.5555555555555556,0.11111109829629594,0.057489512640971296,0.0,0.0,0.0,0.01641654921200285,0.1111111111111111,0.028037383176472065,0.05990828824256572,0.09625554734231642,0.022900763358778626,0.04488855177847573,0.0053932555271027725,0.003503162714507041,0.004353902688831258,0.0216838103890165,0.05263157894736842,0.024630541871921183,5.563058445824786e-07,0.11666666666666667,0.25,0.05755882642997818,0.05555555555555555,0.20757261323925108,0.06338818249813015
0.5555555555555556,0.11111109829629594,0.057489512640971296,0.0,0.0,0.2,0.012312411909002136,0.1111111111111111,0.02429906542117565,0.05562166970422297,0.08715114991398713,0.015267175572519085,0.03514142612055947,0.003689907560100865,0.0018650640930755796,0.0025666461847781265,0.015121066914971098,0.039473684210526314,0.019704433497536946,1.4926113737720656e-07,0.11666666666666667,0.0,0.04568234698069895,0.05555555555555555,0.23868863532327755,0.021129394166043383
0.0,0.0,0.0,0.0,0.0,0.0,0.0,0.0,0.0,3.4860470066178095e-10,0.027670428406371475,0.0,0.010806686865640309,2.172240062391778e-08,0.0,0.0,0.0033081286616893696,0.0,0.0,1.865764217215076e-08,0.0,0.0,0.017031254313962838,0.0,0.07173366027666439,0.005796559461480923
0.5555555555555556,0.11111109829629594,0.057489512640971296,0.0,0.0,0.0,0.01778459498240584,0.1111111111111111,0.03177570093176847,0.06475020376980747,0.07386494093851369,0.03053435114503817,0.034403430060267484,0.0076651792318435455,0.006818832213308071,0.008285866997748149,0.030871651252680068,0.06578947368421052,0.02955665024630542,1.8486471143048527e-06,0.11666666666666667,0.25,0.042993406012784036,0.05555555555555555,0.20047317929594605,0.05516080777860882
0.5555555555555556,0.11111109829629594,0.057489512640971296,0.0,0.0,0.2,0.01368045767940513,0.1111111111111111,0.028037383176472065,0.060329095622468326,0.07307554907004937,0.022900763358778626,0.030968345032752077,0.005678268068880828,0.004401156537098987,0.00506880529045251,0.022996359083825583,0.05263157894736842,0.024630541871921183,1.8486471143048527e-06,0.11666666666666667,0.0,0.03947696394621349,0.05555555555555555,0.22113787723156964,0.02169035153328347
0.5555555555555556,0.11111109829629594,0.057489512640971296,0.0,0.0,0.0,0.01641654921200285,0.1111111111111111,0.028037383176472065,0.06004760524256089,0.06788487912999504,0.022900763358778626,0.02770526402717696,0.005677036968855218,0.003986697849748858,0.00506880529045251,0.022996359083825583,0.05263157894736842,0.024630541871921183,4.946842741056502e-07,0.11666666666666667,0.25,0.03472544198423042,0.05555555555555555,0.21862509350542053,0.02169035153328347
0.0,0.0,0.0,0.0,0.0,0.0,0.0,0.0,0.0,0.0001395107370678328,0.021278471676432438,0.0,0.008052519895190841,0.00018949222079981147,0.0002664377275822256,0.00021680517309205114,0.00396440300909391,0.0,0.0,2.2936917899708354e-07,0.0,0.0,0.014303084747609844,0.0,0.0646234104078511,0.009162303664921469
0.5555555555555556,0.11111109829629594,0.057489512640971296,0.0,0.0,0.2,0.012312411909002136,0.1111111111111111,0.02429906542117565,0.05562408231033264,0.06242381452338609,0.015267175572519085,0.02155460209604838,0.0036898936335443677,0.0019242724769827407,0.0025666461847781265,0.015121066914971098,0.039473684210526314,0.019704433497536946,1.3180169240877185e-07,0.11666666666666667,0.0,0.027293789888284896,0.05555555555555555,0.24572980282916695,0.015145848915482422
0.0,0.0,0.0,0.0,0.0,0.0,0.0,0.0,0.0,2.6232505112577797e-08,0.016770873716924213,0.0,0.0053292472046257335,1.922470299099699e-08,0.0,0.0,0.0033081286616893696,0.0,0.0,1.6415301690910615e-08,0.0,0.0,0.008148810144271575,0.0,0.07485806714526555,0.015519820493642485
0.0,0.0,0.0,0.0,0.0,0.0,0.0,0.0,0.0,4.99594138045345e-06,0.023174197029654377,0.0,0.009542838597530755,8.325658773511435e-10,5.9208383907161316e-05,0.0,0.0033081286616893696,0.0,0.0,7.172066119385773e-10,0.0,0.0,0.016156304500622144,0.0,0.06163402815769203,0.02169035153328347
0.0,0.0,0.0,0.0,0.0,0.0,0.0,0.0,0.0,8.56696097117915e-08,0.01833783554845942,0.0,0.006640582191079554,1.8921951722497554e-10,0.0,0.0,0.0033081286616893696,0.0,0.0,1.5867554397776867e-10,0.0,0.0,0.010683399114301858,0.0,0.0703380569852736,0.010097232610321617
0.5555555555555556,0.11111109829629594,0.057489512640971296,0.0,0.0,0.2,0.012312411909002136,0.1111111111111111,0.02429906542117565,0.055629851021224114,0.06632516898049336,0.015267175572519085,0.025431577117643194,0.0036897816534338336,0.002042689244797063,0.0025666461847781265,0.015121066914971098,0.039473684210526314,0.019704433497536946,1.261530484483895e-09,0.11666666666666667,0.0,0.033222312479600176,0.05555555555555555,0.23411943014726405,0.04038893044128647
