0.23584312342570288,0.015151515,0.9413787044385444,0.9345579390910614,0.12162162162162163,0.5555555555555557,0.3333333333333333,0.34411215858700145,0.5159525463662175,0.03340760978856055,0.8102712265718435,0.006389885447856262,0.4668831800174325,0.009117172968071505,0.4097440789345154,0.01429260895349475,0.4264168818871062,0.03270058103544051,0.09090909090909091,0.012199707924885193,0.3055555661111109,0.3199636706089296,0.29169771097537506,0.020455606652801238,0.32653061224489793,0.11727493917274939
0.02029016834139275,0.0,0.11472100916296857,0.5184017594819107,0.0,0.7500000000000001,0.3333333333333333,0.03143259606528748,0.5253277351537485,0.000987764012245824,0.7256205307907918,0.0011409314740071545,0.4524398930427503,0.00301869040594986,0.37645174480056026,0.002582380320126739,0.42305182661667556,0.019851693623028962,0.09090909090909091,0.00339883175733038,0.02777778833333313,0.02765824055688775,0.008376795365525078,0.005434067460058971,0.3877551020408163,0.05936739659367395
0.01939927829130827,0.0,0.05767174900450189,0.007101393517242149,0.0,0.40000000280000025,0.0,0.007927874403837513,0.3338820757566603,0.0,0.5463303265414297,8.27062291944646e-05,0.28165662008746556,0.00017184894944460245,0.23300051073112277,0.0005561097076950561,0.2578019117551626,0.0035973939760772975,0.0,0.00033967449102683057,0.0,0.00040288769532897256,0.0,0.0006546982603963065,0.2789115646258503,0.019951338199513384
0.01939927829130827,0.0,0.43127483141325706,0.5184017594819107,0.0033783783783783786,0.40000000280000025,0.0,0.04700969996108724,0.3342785295716787,0.0006633159790642845,0.5468617430129625,0.0001255835282434343,0.2836788898332126,0.000334755420749617,0.23643460853523451,0.00105224501028172,0.25879287157764924,0.0036414855761786476,0.0,0.0004233731108857103,0.02777778833333313,0.02699347585294729,0.008376795365525078,0.0010693653447751425,0.2789115646258503,0.032116788321167884
0.349201624846502,0.032967033,0.8621129585322583,0.939439472984633,0.0945945945945946,0.7500000000000001,0.3333333333333333,0.35614342096778906,0.675957530357035,0.08944562307945604,0.862248127628936,0.06181784902411969,0.6433581377827735,0.05746698110036455,0.5435296081932262,0.05997694166629507,0.6098016739783583,0.19919034326060467,0.2727272727272727,0.07549689353551607,0.3611111216666664,0.4144284006733109,0.348361894097345,0.10544761885128827,0.8707482993197279,0.3133819951338199
0.01939927829130827,0.0,0.05767174900450189,0.007101393517242149,0.0,0.40000000280000025,0.0,0.007927874403837513,0.3338820757566603,0.0,0.5463303265414297,8.27062291944646e-05,0.28165662008746556,0.00017184894944460245,0.23300051073112277,0.0005561097076950561,0.2578019117551626,0.0035973939760772975,0.0,0.00033967449102683057,0.0,0.00040288769532897256,0.0,0.0006546982603963065,0.2789115646258503,0.011192214111922144
0.01939927829130827,0.0,0.05767174900450189,0.007101393517242149,0.0,0.40000000280000025,0.0,0.007927874403837513,0.3338820757566603,0.0,0.5463303265414297,8.27062291944646e-05,0.28165662008746556,0.00017184894944460245,0.23300051073112277,0.0005561097076950561,0.2578019117551626,0.0035973939760772975,0.0,0.00033967449102683057,0.0,0.00040288769532897256,0.0,0.0006546982603963065,0.2789115646258503,0.012652068126520678
0.01939927829130827,0.0,0.05767174900450189,0.007101393517242149,0.0,0.40000000280000025,0.0,0.007927874403837513,0.3338820757566603,0.0,0.5463303265414297,8.27062291944646e-05,0.28165662008746556,0.00017184894944460245,0.23300051073112277,0.0005561097076950561,0.2578019117551626,0.0035973939760772975,0.0,0.00033967449102683057,0.0,0.00040288769532897256,0.0,0.0006546982603963065,0.2789115646258503,0.04233576642335766
0.01939927829130827,0.0,0.15500967758404816,0.5184017594819107,0.0,0.40000000280000025,0.3333333333333333,0.035986897337346724,0.40485863589681625,0.0009709407809341231,0.6984750723649579,0.00023298433151786754,0.34656022180926754,0.0012107686706790647,0.29520403859420913,0.0014819653852498813,0.32078764891026773,0.005066917854797655,0.09090909090909091,0.001219842371130853,0.02777778833333313,0.02699347585294729,0.008376795365525078,0.0025765118620686847,0.2857142857142857,0.03649635036496351
0.23584312342570288,1.0,0.12263485477620545,0.4361922544678273,0.0,0.5555555555555557,0.3333333333333333,0.03144940586655649,0.4617101129704585,0.0003460779020603088,0.7021335923993846,0.0011730683067038956,0.4040537365715435,0.002146743279311105,0.33172882632727646,0.0032152882692582834,0.3774689690993939,0.025513756959331623,0.09090909090909091,0.0026086230382714594,0.02777778833333313,0.02787008865022891,0.008376795365525078,0.004945437940273703,0.31972789115646255,0.06277372262773723
0.021379030761399118,0.0,0.3308820474043585,0.6888352151443338,0.0,0.7500000000000001,0.3333333333333333,0.05368056052346491,0.49434014982178465,0.003663101484825679,0.7741786378957761,0.0017983026267971275,0.435152063284684,0.0028928113398013293,0.35547479060557036,0.0027720148849812226,0.3999410139180101,0.022349783724661558,0.1818181818181818,0.002539757085223014,0.05555555555555555,0.05432269146529735,0.03670888692651007,0.006276716272244362,0.31292517006802717,0.08369829683698296
0.01939927829130827,0.0,0.05767174900450189,0.007101393517242149,0.0,0.40000000280000025,0.0,0.007927874403837513,0.3338820757566603,0.0,0.5463303265414297,8.27062291944646e-05,0.28165662008746556,0.00017184894944460245,0.23300051073112277,0.0005561097076950561,0.2578019117551626,0.0035973939760772975,0.0,0.00033967449102683057,0.0,0.00040288769532897256,0.0,0.0006546982603963065,0.2789115646258503,0.017518248175182473
0.01939927829130827,0.0,0.05767174900450189,0.007101393517242149,0.0,0.40000000280000025,0.0,0.007927874403837513,0.3338820757566603,0.0,0.5463303265414297,8.27062291944646e-05,0.28165662008746556,0.00017184894944460245,0.23300051073112277,0.0005561097076950561,0.2578019117551626,0.0035973939760772975,0.0,0.00033967449102683057,0.0,0.00040288769532897256,0.0,0.0006546982603963065,0.2789115646258503,0.02238442822384428
0.00792036211134526,0.025,0.8525477526736429,0.9612757934826406,0.13513513513513514,1.0,0.6666666666666667,0.4111765288979411,0.7717596508185826,0.15686008655948905,0.920359142576423,0.054330365628737554,0.7106053305532183,0.09644415847227185,0.636598310558284,0.06024413603587961,0.6802856122653027,0.14771014065459948,0.36363636363636365,0.10659187792060267,0.41666667722222206,0.41169884994243733,0.40502607721931505,0.11427584869075195,0.7619047619047619,0.42725060827250605
0.01953425683708484,0.0,0.037045617629350436,0.007101393517242149,0.0,0.7500000000000001,0.0,0.004790472563934181,0.5013479429710624,0.0,0.5957301253799765,0.0005604851260281706,0.4225462238020535,0.0008101450470008175,0.3470268592140113,0.001359153623533395,0.3917866547489745,0.016253640980511797,0.0,0.0014318981379769983,0.0,0.0006647647039404563,0.0,0.0020754132128180404,0.3877551020408163,0.04671532846715328
0.3990186341888789,0.025362319,0.9329366195113292,0.9776123289783616,0.3648648648648649,0.7500000000000001,0.6666666666666667,0.6110149751590275,0.7830944541774904,0.32646563744942037,0.9559923903629185,0.12578975264857317,0.7486697395486308,0.17044927441614366,0.6964127794795643,0.13046720869423237,0.7126886230710501,0.2233404888633772,0.5454545454545454,0.21326051970775026,0.6388888783333335,0.6780111149456216,0.631682809707195,0.19491590453570026,0.7687074829931972,0.45547445255474445
0.01953425683708484,0.0,0.5465908663522582,0.8251819790607118,0.008445945945945946,0.7500000000000001,0.6666666666666667,0.11771974404190387,0.5876162931190719,0.014246266480359045,0.8111282168770005,0.004497524949526768,0.5132120611764128,0.007895398037844666,0.4362566037400251,0.005493841979543172,0.4806086217411774,0.032606472440703645,0.1818181818181818,0.0073122157894894,0.11111111111111112,0.10702711733441374,0.09337307004848007,0.015164988160404225,0.45578231292517,0.1493917274939173
0.01953425683708484,0.0,0.037045617629350436,0.007101393517242149,0.0,0.7500000000000001,0.0,0.004790472563934181,0.5013479429710624,0.0,0.5957301253799765,0.0005604851260281706,0.4225462238020535,0.0008101450470008175,0.3470268592140113,0.001359153623533395,0.3917866547489745,0.016253640980511797,0.0,0.0014318981379769983,0.0,0.0006647647039404563,0.0,0.0020754132128180404,0.3877551020408163,0.06666666666666668
0.01953425683708484,0.0,0.037045617629350436,0.007101393517242149,0.0,0.7500000000000001,0.0,0.004790472563934181,0.5013479429710624,0.0,0.5957301253799765,0.0005604851260281706,0.4225462238020535,0.0008101450470008175,0.3470268592140113,0.001359153623533395,0.3917866547489745,0.016253640980511797,0.0,0.0014318981379769983,0.0,0.0006647647039404563,0.0,0.0020754132128180404,0.3877551020408163,0.05060827250608272
0.14698159531636676,0.333333333,0.322988757213553,0.6953831689646501,0.0,0.7500000000000001,0.6666666666666667,0.06594536365470743,0.6521249924484988,0.00442210652709523,0.8376009914280926,0.013793794297672198,0.589967259840664,0.01706781730505957,0.4775488139764265,0.014035276263455099,0.5575138657339549,0.09231176830945087,0.1818181818181818,0.015595971255062251,0.08333334388888869,0.09458341726098514,0.06504097848749509,0.031113081178085943,0.6394557823129251,0.23260340632603407
0.01953425683708484,0.0,0.037045617629350436,0.007101393517242149,0.0,0.7500000000000001,0.0,0.004790472563934181,0.5013479429710624,0.0,0.5957301253799765,0.0005604851260281706,0.4225462238020535,0.0008101450470008175,0.3470268592140113,0.001359153623533395,0.3917866547489745,0.016253640980511797,0.0,0.0014318981379769983,0.0,0.0006647647039404563,0.0,0.0020754132128180404,0.3877551020408163,0.04282238442822384
0.01953425683708484,0.0,0.037045617629350436,0.007101393517242149,0.0,0.7500000000000001,0.0,0.004790472563934181,0.5013479429710624,0.0,0.5957301253799765,0.0005604851260281706,0.4225462238020535,0.0008101450470008175,0.3470268592140113,0.001359153623533395,0.3917866547489745,0.016253640980511797,0.0,0.0014318981379769983,0.0,0.0006647647039404563,0.0,0.0020754132128180404,0.3877551020408163,0.03649635036496351
0.12176752240686296,0.036764706,0.8146612214020271,0.9597335131943491,0.14358108108108109,0.7500000000000001,0.6666666666666667,0.4277920550591567,0.8433743128133872,0.2377638440346597,0.934755819405221,0.08897119507670817,0.7876719091721442,0.16122444857035856,0.7047495953061893,0.09088978156370883,0.7745564693773053,0.21501322159629066,0.5454545454545454,0.18733321075514744,0.4444444444444444,0.4471951746378757,0.43335816878030003,0.18397174529828395,0.8639455782312925,0.42919708029197073
0.01953425683708484,0.0,0.8358059488487667,0.8592686697841562,0.05067567567567568,0.7500000000000001,0.0,0.19429493309602852,0.50417975593548,0.008219350173932334,0.5986520157372159,0.001590975327899535,0.4326575722278468,0.003301076725369736,0.3650294879906933,0.00480956043494524,0.3976406736299238,0.017301290306207626,0.0,0.0036970903605098937,0.1388888994444442,0.13361770549203206,0.12170516160946508,0.007090402910756413,0.3877551020408163,0.09099756690997568
0.021361725081918227,0.0,0.10454606480309259,0.5184017594819107,0.0,0.7500000000000001,0.3333333333333333,0.027359042277612586,0.5601326043617468,0.0009918839873033112,0.7444564802999791,0.00245878855073853,0.4841481088668344,0.004882507375997,0.3976757889543477,0.004242896821892664,0.4518808384264423,0.035651909147019045,0.09090909090909091,0.0047752518687956234,0.02777778833333313,0.028424169924600926,0.008376795365525078,0.008102355948728957,0.45578231292517,0.13965936739659368
0.08686557763833463,0.022058824,0.8771969069971255,0.9620418737983647,0.22972972972972974,1.0,0.6666666666666667,0.45968525251112446,0.7849294689784329,0.1762701556406078,0.9142707854786102,0.047125709337042576,0.711604643564735,0.10335144705571812,0.6529084250441068,0.062015284895177984,0.6853717683411407,0.12423994969517073,0.36363636363636365,0.13073387315893137,0.4444444444444444,0.4643227965513017,0.43335816878030003,0.11294651836379034,0.9795918367346939,0.38734793187347927
0.06110913063617246,0.0,0.22325374786205232,0.5184017594819107,0.0,0.7500000000000001,0.3333333333333333,0.02992799053261727,0.5033302120461546,0.00093008436178708,0.7100783737767624,0.0011364436515960976,0.4283215442634401,0.002116656959540351,0.35467709803232655,0.002523465419931129,0.3971657265565866,0.019773606503671385,0.09090909090909091,0.002080104940796631,0.02777778833333313,0.03168711756335868,0.008376795365525078,0.004361583263907456,0.4081632653061224,0.023357664233576637
0.01953425683708484,0.0,0.26124020669163006,0.5184017594819107,0.0,0.7500000000000001,0.0,0.040126150500973776,0.5030470307497129,0.0009012445367307467,0.5974812403884222,0.0007567074494332345,0.42608519562990427,0.0016627491050528755,0.3526284372706872,0.001956619450228154,0.39541822283528755,0.016457903076186796,0.09090909090909091,0.001884294475695247,0.02777778833333313,0.02725535286155877,0.008376795365525078,0.0031197518827174643,0.3877551020408163,0.06763990267639902
0.025962978706490655,0.065359477,0.7583904855462914,0.9576107065609443,0.060810810810810814,0.7500000000000001,1.0,0.38855483507948885,0.8751132725185767,0.2535360282442869,0.9719538473894677,0.29900112148450286,0.849634047841906,0.3541111034927597,0.7549452910850418,0.25222181382433717,0.8261197194706176,0.4645192556109086,0.6363636363636364,0.26865016022009114,0.4722222327777776,0.5123326533632447,0.461690260341285,0.3353491851361758,0.9727891156462585,0.6150851581508515
0.05190325719500887,0.0,0.6252771020515431,0.6888352151443338,0.005067567567567568,0.40000000280000025,0.3333333333333333,0.06422126831233765,0.3574956201292817,0.0020764674123618532,0.6496009089036594,0.0009102893852796624,0.32225504923775344,0.00041090322439536953,0.2585684933575458,0.0014437884772835177,0.28601429314618027,0.013198654912530607,0.09090909090909091,0.0004635689958351991,0.05555555555555555,0.0584992939467603,0.03670888692651007,0.002668324620497827,0.11564625850340136,0.032603406326034055
0.01864336678700036,0.0,0.4258481941934045,0.5184017594819107,0.0,0.40000000280000025,0.3333333333333333,0.030464556822742246,0.40881939829638114,0.000807515104692028,0.6437836712573495,0.0007052468743206784,0.3590858528246373,0.0002740416310813273,0.2854573963009785,0.0008176837968744963,0.3232856831980095,0.015338636141422234,0.09090909090909091,0.0003099449467271288,0.02777778833333313,0.026590588157618316,0.008376795365525078,0.002121122472478125,0.10884353741496598,0.06861313868613139
0.07258974429758082,0.2,0.5304137836563733,0.7811747666250264,0.008445945945945946,0.5555555555555557,0.6666666666666667,0.10335897683487481,0.5324676795746995,0.007492930127678281,0.8057616219500662,0.015417093635402746,0.5023475505019961,0.013552582280868829,0.4087570223785126,0.017527784656530796,0.46823834316116736,0.10317539341729905,0.1818181818181818,0.013176962351384786,0.11111111111111112,0.11224832054177579,0.09337307004848007,0.031512114435717595,0.6802721088435374,0.21703163017031632
0.01864336678700036,0.0,0.2549091303149999,0.007101393517242149,0.0,0.27272727781818185,0.0,0.00836890712873517,0.2228221470428321,0.0,0.44726294898933927,3.337666051883384e-05,0.19325498263229562,8.767803539833114e-06,0.15176018203019126,4.4054886487976744e-05,0.1681257464218739,0.0014515576451174159,0.0,1.2938451784859424e-05,0.0,0.0,0.0,0.00014431679643359496,0.02040816326530612,0.007785888077858877
0.023075764164069295,0.0,0.299678885384495,0.6888352151443338,0.0,0.5555555555555557,0.3333333333333333,0.04662814313609939,0.6123512354256025,0.0036506527027675506,0.7810420002959587,0.014507158465269109,0.5696302380904248,0.014420022197979752,0.4466891097225018,0.017266930217941897,0.5340561511145974,0.1262117679147717,0.09090909090909091,0.013233531959436702,0.05555555555555555,0.057180937053124395,0.03670888692651007,0.031205710875845172,0.6530612244897959,0.22627737226277375
0.25574492815201194,0.098039216,0.7989231991104951,0.9461973421927968,0.030405405405405407,0.7500000000000001,1.0,0.364974982588703,0.7479233371594273,0.15795518408350298,0.9626121526094517,0.33705488930384275,0.7619885532827615,0.26766017171452705,0.6710532169884713,0.3187064927387199,0.7288947569245332,0.5331592523926593,0.6363636363636364,0.2121836745183806,0.4722222327777776,0.52991723320463,0.461690260341285,0.3232409120845432,0.9183673469387754,0.7722627737226277
0.01952374108338531,0.052380952,0.7999789609339772,0.9732886340100648,0.07094594594594594,0.7500000000000001,1.0,0.4714979874754148,0.9012565698060774,0.37220191988702656,0.9771917111539826,0.41281013567115876,0.8833653274230024,0.4439796926890531,0.8040038100880824,0.37286702410187894,0.8676636470613328,0.5985744391122026,0.7272727272727273,0.37995648249663455,0.5555555555555555,0.5666188858615356,0.54668653502424,0.4658155573004894,0.9591836734693877,0.5785888077858881
0.13968917187087387,0.115384615,0.6145842317012095,0.9395361251154121,0.04391891891891892,0.7500000000000001,1.0,0.2754341756733304,0.9028876940735816,0.12970395562193504,0.9517899339471492,0.21277111540009722,0.8525054122107183,0.33462046366008863,0.7382428567214361,0.2245921830594583,0.8466403320194995,0.4514895785795884,0.6363636363636364,0.23537278328282685,0.3333333333333333,0.3375572734345944,0.32002980253636004,0.30156921818871113,1.0,0.6301703163017032
0.02387657261406288,0.0,0.05141024482687018,0.007101393517242149,0.0,0.5555555555555557,0.0,0.0013455540160828769,0.5820093034495258,0.0,0.6062589137141803,0.002284149860585457,0.5005600920930922,0.0013566714676154592,0.39993292352046644,0.0030300269454229976,0.4672498955526722,0.0496797990730996,0.0,0.0022106773562036363,0.0,0.0030681447771903486,0.0,0.005705882351970055,0.2925170068027211,0.1318734793187348
0.02981584440977139,0.0,0.15994298352595399,0.5184017594819107,0.0,0.5555555555555557,0.3333333333333333,0.021962775272525693,0.618267836645925,0.0009683525913152043,0.7442066585510818,0.005804093285013165,0.5444198741968551,0.005116689135419768,0.43524670134869964,0.006015136441604764,0.5107988140510513,0.07213607067677305,0.09090909090909091,0.005188832851159294,0.02777778833333313,0.03155806067554745,0.008376795365525078,0.014608213494363418,0.5306122448979591,0.1240875912408759
0.011914895588132078,0.006006006,1.0,0.9999999999999998,1.0,0.7500000000000001,1.0,1.0,0.8642013532290217,1.0,0.9743551939334831,0.3153616405735124,0.8484376461477934,0.35635307233315067,0.9025283875813899,0.35252595824507843,0.8040802133329541,0.39762950478249626,0.5454545454545454,0.596544142738798,0.9999999999999999,1.0,0.9999999999999999,0.4235256281407369,1.0,0.716301703163017
0.03518355406322322,0.0,0.7010686476659548,0.9018770339554121,0.04054054054054054,0.5555555555555557,0.6666666666666667,0.19193232194362364,0.6755724037938741,0.044491031817363046,0.8434433671702296,0.02608112169374749,0.61931061171833,0.033290119603453926,0.5187635207548336,0.025508619649566362,0.5859376227562538,0.12605821532469272,0.2727272727272727,0.03123833472558138,0.1944444549999998,0.19295448931758355,0.17836934473143504,0.0561501367863251,0.7142857142857143,0.20875912408759126
0.2769268208987759,0.045378151,0.9150030199861396,0.9904702426602493,0.5912162162162162,1.0,1.0,0.8137280899157553,0.9999999999999999,0.7885237894571087,1.0,1.0,1.0,0.9999999999999999,1.0,0.9999999999999999,1.0,1.0,0.9999999999999999,1.0,0.9444444444444444,0.9903597851496433,0.9433358168780299,1.0,0.9659863945578231,0.9999999999999999
0.02387657261406288,0.0,0.05141024482687018,0.007101393517242149,0.0,0.5555555555555557,0.0,0.0013455540160828769,0.5820093034495258,0.0,0.6062589137141803,0.002284149860585457,0.5005600920930922,0.0013566714676154592,0.39993292352046644,0.0030300269454229976,0.4672498955526722,0.0496797990730996,0.0,0.0022106773562036363,0.0,0.0030681447771903486,0.0,0.005705882351970055,0.2925170068027211,0.10364963503649635
0.5247458917028992,0.058823529,0.8244737595619651,0.9577775725031791,0.18243243243243246,0.7500000000000001,1.0,0.43771234003019993,0.8709372923337159,0.18287951023088522,0.9359646701794965,0.19760406629701496,0.8275187419815655,0.24483733501757463,0.7531201006498918,0.2027820053510719,0.81303894084125,0.4093223310593738,0.4545454545454545,0.2611490366134749,0.4722222327777776,0.5192733768131108,0.461690260341285,0.3051232509974507,0.9931972789115646,0.6720194647201946
0.05077529516001575,0.038095238,0.7138869475560992,0.9535516463456606,0.05067567567567568,0.5555555555555557,1.0,0.3331598031456784,0.8290189089591008,0.24032586829536223,0.9594717634678306,0.15611405207939083,0.7901885892236922,0.22713800186146849,0.7024060610198406,0.14279779774454013,0.7656240440979172,0.3158582245116576,0.5454545454545454,0.1780968898690863,0.3888888888888889,0.3991696963872019,0.37669398565833,0.21054005223435057,1.0,0.45790754257907534
0.06167311165366902,0.333333333,0.22386250574288302,0.6383223855812346,0.0,0.5555555555555557,0.6666666666666667,0.04550445283294875,0.6006954932640608,0.0025373053461522858,0.7894417033997612,0.008247527924348972,0.5383336778764616,0.00987909806277089,0.43355876976234714,0.00903320347351507,0.5044889902878769,0.07175294549644032,0.1818181818181818,0.007968513137841995,0.05555555555555555,0.061419713248958646,0.03670888692651007,0.01928098116873168,0.4897959183673469,0.15328467153284672
0.07124438955409622,0.051282051,0.7083315328226769,0.9407748259244156,0.08783783783783784,0.7500000000000001,1.0,0.28399119859336613,0.7983673654322477,0.13680854197977538,0.9317091866366627,0.14950615383741117,0.7664152397024493,0.19072366256869144,0.6639018172908211,0.1466706894728494,0.7494659615322548,0.37162918337410106,0.5454545454545454,0.1490545282542558,0.3333333333333333,0.34293814831094654,0.32002980253636004,0.22406061172735478,0.9251700680272108,0.4846715328467153
0.02906889503207744,0.043956044,0.8052152666229514,0.9487948380407617,0.07094594594594594,0.7500000000000001,0.6666666666666667,0.34049323934815184,0.7178834652328884,0.11107927998851012,0.9150984472310928,0.06483981634592902,0.6713678152029827,0.08642784853784065,0.5864243479812008,0.06122220766442499,0.6369429450876611,0.17628272633671566,0.36363636363636365,0.0806803647949928,0.3611111216666664,0.3560865533217142,0.348361894097345,0.10326362437118873,0.7482993197278911,0.43503649635036495
0.012497994850042691,0.005263158,0.9511430873547972,0.9776628045504896,0.37162162162162166,0.7500000000000001,0.6666666666666667,0.5781340414836382,0.7141756781248111,0.22385438789851567,0.9023764424166931,0.03467177639667213,0.6507732793313741,0.06613695878577894,0.6133100564087146,0.051243290480981925,0.6109239351249709,0.09426331626462169,0.36363636363636365,0.09317113972702822,0.5277777672222224,0.5082979618460426,0.518354443463255,0.09159456730512126,0.5986394557823129,0.34598540145985396
0.018789249493247843,0.0,0.024277059867200856,0.007101393517242149,0.0,0.5555555555555557,0.0,0.007164824913408668,0.4648553132362714,0.0,0.5889411220682305,0.0003576885611340482,0.38843005263726377,0.000697917161707478,0.3238982479535701,0.0014306349248547582,0.36051300010341797,0.010372535906719335,0.0,0.0015746705823622834,0.0,0.00013995046678647385,0.0,0.0016496600144181878,0.5442176870748299,0.026763990267639905
0.018789249493247843,0.0,0.8392535931872707,0.9160798220124974,0.060810810810810814,0.5555555555555557,0.3333333333333333,0.26532128374270864,0.5101756479188061,0.03681243462940997,0.792127971468463,0.00214883880699621,0.4499870774287876,0.008605503385344838,0.39961213740913165,0.009155143986766893,0.41425503086102317,0.013352894806720762,0.09090909090909091,0.009266082535700255,0.2222222222222222,0.212864655727733,0.20670143629242005,0.014490816936815459,0.5442176870748299,0.10802919708029196
0.018789249493247843,0.0,0.024277059867200856,0.007101393517242149,0.0,0.5555555555555557,0.0,0.007164824913408668,0.4648553132362714,0.0,0.5889411220682305,0.0003576885611340482,0.38843005263726377,0.000697917161707478,0.3238982479535701,0.0014306349248547582,0.36051300010341797,0.010372535906719335,0.0,0.0015746705823622834,0.0,0.00013995046678647385,0.0,0.0016496600144181878,0.5442176870748299,0.032603406326034055
0.018789249493247843,0.0,0.024277059867200856,0.007101393517242149,0.0,0.5555555555555557,0.0,0.007164824913408668,0.4648553132362714,0.0,0.5889411220682305,0.0003576885611340482,0.38843005263726377,0.000697917161707478,0.3238982479535701,0.0014306349248547582,0.36051300010341797,0.010372535906719335,0.0,0.0015746705823622834,0.0,0.00013995046678647385,0.0,0.0016496600144181878,0.5442176870748299,0.038929440389294405
0.019307197115616515,0.0,0.056343551338572884,0.5184017594819107,0.0,0.5555555555555557,0.3333333333333333,0.029227753238533327,0.6295762097504983,0.0010097660076181859,0.7496611497148519,0.006981935162242453,0.561432892445062,0.010956777469342014,0.4572121996162573,0.01053626472460909,0.539013318985532,0.08677497135425809,0.09090909090909091,0.015971218462162592,0.02777778833333313,0.027531115475306168,0.008376795365525078,0.020870675955130744,0.7959183673469388,0.2316301703163017
0.018789249493247843,0.0,0.024277059867200856,0.007101393517242149,0.0,0.5555555555555557,0.0,0.007164824913408668,0.4648553132362714,0.0,0.5889411220682305,0.0003576885611340482,0.38843005263726377,0.000697917161707478,0.3238982479535701,0.0014306349248547582,0.36051300010341797,0.010372535906719335,0.0,0.0015746705823622834,0.0,0.00013995046678647385,0.0,0.0016496600144181878,0.5442176870748299,0.05158150851581509
0.018789249493247843,0.0,0.024277059867200856,0.007101393517242149,0.0,0.5555555555555557,0.0,0.007164824913408668,0.4648553132362714,0.0,0.5889411220682305,0.0003576885611340482,0.38843005263726377,0.000697917161707478,0.3238982479535701,0.0014306349248547582,0.36051300010341797,0.010372535906719335,0.0,0.0015746705823622834,0.0,0.00013995046678647385,0.0,0.0016496600144181878,0.5442176870748299,0.05985401459854014
0.02001204032220442,0.0,0.0817890258609299,0.5184017594819107,0.0,0.5555555555555557,0.3333333333333333,0.030118351908056798,0.6058078596024888,0.0010005722875698073,0.7445339324759993,0.002347055202774821,0.5188334522085234,0.0064504650848306935,0.43213252133715224,0.004637712648643099,0.494205529492933,0.03403177454808948,0.09090909090909091,0.007310610522518574,0.02777778833333313,0.027708133780386713,0.008376795365525078,0.008892561537252087,0.5510204081632653,0.19367396593673963
0.018789249493247843,0.0,0.6632635608811208,0.7740519424642449,0.013513513513513514,0.5555555555555557,0.3333333333333333,0.1093458324685161,0.47333187337642724,0.004506878132705173,0.6688766288368241,0.0008689804540619273,0.40306296804218683,0.002174368532854578,0.34452331156119925,0.003312519311472537,0.37090158079114693,0.010799627722769555,0.09090909090909091,0.0027019532599552964,0.08333334388888869,0.07991171493964142,0.06504097848749509,0.005311192406006174,0.5442176870748299,0.07737226277372261
0.018789249493247843,0.0,0.7753236134882103,0.8251819790607118,0.033783783783783786,0.5555555555555557,0.0,0.16174300957677473,0.4669584063311786,0.005958558660055413,0.5912464061596642,0.0008771079814836313,0.3965191313173099,0.002494170399286538,0.33816193815930967,0.00404460986800555,0.365027730730522,0.010900640599714073,0.0,0.003024611921091369,0.11111111111111112,0.10650230309725973,0.09337307004848007,0.005125205719606579,0.5442176870748299,0.044768856447688556
0.018789249493247843,0.0,0.024277059867200856,0.007101393517242149,0.0,0.5555555555555557,0.0,0.007164824913408668,0.4648553132362714,0.0,0.5889411220682305,0.0003576885611340482,0.38843005263726377,0.000697917161707478,0.3238982479535701,0.0014306349248547582,0.36051300010341797,0.010372535906719335,0.0,0.0015746705823622834,0.0,0.00013995046678647385,0.0,0.0016496600144181878,0.5442176870748299,0.05985401459854014
0.018789249493247843,0.0,0.024277059867200856,0.007101393517242149,0.0,0.5555555555555557,0.0,0.007164824913408668,0.4648553132362714,0.0,0.5889411220682305,0.0003576885611340482,0.38843005263726377,0.000697917161707478,0.3238982479535701,0.0014306349248547582,0.36051300010341797,0.010372535906719335,0.0,0.0015746705823622834,0.0,0.00013995046678647385,0.0,0.0016496600144181878,0.5442176870748299,0.044282238442822384
0.018789249493247843,0.0,0.024277059867200856,0.007101393517242149,0.0,0.5555555555555557,0.0,0.007164824913408668,0.4648553132362714,0.0,0.5889411220682305,0.0003576885611340482,0.38843005263726377,0.000697917161707478,0.3238982479535701,0.0014306349248547582,0.36051300010341797,0.010372535906719335,0.0,0.0015746705823622834,0.0,0.00013995046678647385,0.0,0.0016496600144181878,0.5442176870748299,0.049635036496350364
0.24807521787713807,0.055555556,0.6910472681235046,0.8953157934837859,0.015202702702702704,0.7500000000000001,0.6666666666666667,0.22389500418480646,0.6374788557965324,0.04950535706668355,0.8736391428514223,0.014013965179816314,0.5716030743488503,0.03268150856036984,0.5008480670974311,0.019574534521200726,0.5401709706015176,0.06096016217711117,0.2727272727272727,0.02795793956535856,0.2222222222222222,0.24044468876467748,0.20670143629242005,0.03616610410076163,0.5918367346938775,0.2895377128953771
0.018789249493247843,0.0,0.024277059867200856,0.007101393517242149,0.0,0.5555555555555557,0.0,0.007164824913408668,0.4648553132362714,0.0,0.5889411220682305,0.0003576885611340482,0.38843005263726377,0.000697917161707478,0.3238982479535701,0.0014306349248547582,0.36051300010341797,0.010372535906719335,0.0,0.0015746705823622834,0.0,0.00013995046678647385,0.0,0.0016496600144181878,0.5442176870748299,0.033576642335766425
0.018789249493247843,0.0,0.024277059867200856,0.007101393517242149,0.0,0.5555555555555557,0.0,0.007164824913408668,0.4648553132362714,0.0,0.5889411220682305,0.0003576885611340482,0.38843005263726377,0.000697917161707478,0.3238982479535701,0.0014306349248547582,0.36051300010341797,0.010372535906719335,0.0,0.0015746705823622834,0.0,0.00013995046678647385,0.0,0.0016496600144181878,0.5442176870748299,0.025304136253041364
0.02016465541248936,0.0,0.5546055916540429,0.8251819790607118,0.008445945945945946,0.5555555555555557,0.3333333333333333,0.11092531219233491,0.6786647435510177,0.013526128786261093,0.8205689661628532,0.011806042945324934,0.5996534238676712,0.01705354893914144,0.4961225950444316,0.012130753807830894,0.5708325569810468,0.08559326388236368,0.1818181818181818,0.0189826992994326,0.11111111111111112,0.10789514341919572,0.09337307004848007,0.03079904566152598,0.5714285714285714,0.15571776155717762
0.018789249493247843,0.0,0.024277059867200856,0.007101393517242149,0.0,0.5555555555555557,0.0,0.007164824913408668,0.4648553132362714,0.0,0.5889411220682305,0.0003576885611340482,0.38843005263726377,0.000697917161707478,0.3238982479535701,0.0014306349248547582,0.36051300010341797,0.010372535906719335,0.0,0.0015746705823622834,0.0,0.00013995046678647385,0.0,0.0016496600144181878,0.5442176870748299,0.04233576642335766
0.01864336678700036,0.0,0.6727601751611676,0.6888352151443338,0.005067567567567568,0.16666666666666663,0.3333333333333333,0.08158996339377055,0.13833595118709596,0.001845748810872954,0.2290855728802288,4.495243662743189e-06,0.12036657732760508,8.757207548949114e-05,0.09918853259481153,0.0011760352124723327,0.09913886887070317,7.770441593203836e-05,0.09090909090909091,4.594274070504674e-05,0.05555555555555555,0.053181176315236625,0.03670888692651007,0.0007013250381998876,0.07482993197278912,0.019951338199513384
0.01864336678700036,0.0,0.2549091303149999,0.007101393517242149,0.0,0.0769230833846154,0.0,0.013387017764816121,0.05892813991421486,0.0,0.10879065424098355,1.905286672925435e-07,0.052022020999982044,5.260682124217647e-06,0.03831615290664209,4.0860674663141744e-05,0.04089132939479906,7.95866919637623e-06,0.0,6.003698470890106e-06,0.0,0.0,0.0,8.315409347384498e-05,0.02040816326530612,0.008272506082725062
0.01864336678700036,0.0,0.48282788215287264,0.5184017594819107,0.0,0.0769230833846154,0.3333333333333333,0.045363494308566996,0.059113151694556776,0.0007498354545793617,0.19751543136332816,7.794408979062164e-07,0.05513333187731284,4.467842589906057e-05,0.04250876552609095,0.0006258891407898697,0.04249322405087169,1.647186784608191e-05,0.09090909090909091,2.2184789536818516e-05,0.02777778833333313,0.026590588157618316,0.008376795365525078,0.00042117295405490456,0.05442176870748299,0.014598540145985404
0.01864336678700036,0.0,0.5777940289419186,0.6888352151443338,0.0,0.27272727781818185,0.3333333333333333,0.07430650747827637,0.24180284540566654,0.0025379046149935722,0.3309149596984279,4.731442952310254e-05,0.2075983853527355,0.0001695433526802537,0.17085361343271105,0.0012590465432888896,0.17767512831366244,0.0006855103515757347,0.09090909090909091,8.73586285523635e-05,0.05555555555555555,0.053181176315236625,0.03670888692651007,0.001011599195803944,0.0816326530612245,0.022871046228710466
0.035273319183722604,0.0,0.13280979913608149,0.007101393517242149,0.0,0.40000000280000025,0.0,0.003960312187522956,0.42210626472542734,0.0,0.5586567940803049,0.000734855932934879,0.3685431968008737,0.00022796289201182759,0.2919070262154502,0.0006583492562888921,0.33419795512350553,0.021310397668847736,0.0,0.00036490928780821895,0.0,0.003545411745485578,0.0,0.0016619442682833051,0.10884353741496598,0.05936739659367395
0.0155559501320806,0.133333333,0.5213042455019633,0.846340537177809,0.010135135135135136,0.5555555555555557,0.6666666666666667,0.12887907818129496,0.6480622847822147,0.015254597841068522,0.8343694680155334,0.035620609249562195,0.6094116205603248,0.0400537518246994,0.4961658199367989,0.043385756065623254,0.5790122031967753,0.19368657074726858,0.2727272727272727,0.0322667329577715,0.1388888994444442,0.13826911039312684,0.12170516160946508,0.06692117285187059,0.8435374149659863,0.3094890510948905
0.035273319183722604,0.0,0.7677263219502135,0.7740519424642449,0.02027027027027027,0.40000000280000025,0.0,0.11602188995418687,0.42355615296320903,0.0029849219052701633,0.5602886839356644,0.0015251079487063565,0.37461000603811495,0.0008651682816991502,0.3024661132891517,0.002354124428405561,0.33747739133098825,0.02211353074672124,0.0,0.0010248666448542992,0.08333334388888869,0.08331717621834053,0.06504097848749509,0.003944143629342417,0.10884353741496598,0.05839416058394161
0.03646977027940444,0.052307692,0.9085160551604087,0.975173331130842,0.2195945945945946,0.7500000000000001,1.0,0.58492032507076,0.7830944541774904,0.3476626509149305,0.9730553377941371,0.49024185266952924,0.8013175429113755,0.36851842346684754,0.7583605233822164,0.4686593595904722,0.7641726811755056,0.6365824684071033,0.4545454545454545,0.36147398438531136,0.694444433888889,0.7610524304841257,0.688346992829165,0.4538969914269743,0.9387755102040816,0.7688564476885644
0.035273319183722604,0.0,0.3403786622542022,0.5184017594819107,0.0,0.40000000280000025,0.3333333333333333,0.030018327174551503,0.42307285688394847,0.0008651947551507721,0.6729145065732545,0.0016668001116943983,0.3728300572611298,0.0007684253464069233,0.29811630485346335,0.001684860109038474,0.3374177398568519,0.02900181490981513,0.09090909090909091,0.0006735379156192702,0.02777778833333313,0.030135999903103897,0.008376795365525078,0.003552259673344365,0.14285714285714285,0.11435523114355231
0.04246593647440383,0.095238095,0.710068545504793,0.9393605466149413,0.05067567567567568,0.5555555555555557,1.0,0.31322600938205053,0.7749124025856341,0.16677534425283427,0.9545655171607981,0.24978994029647814,0.7727755050215954,0.22358871803374566,0.6693720365004552,0.22277763860157643,0.7430083206959437,0.4527439163927456,0.6363636363636364,0.16415713675850432,0.3888888888888889,0.4207096472235976,0.37669398565833,0.2666486972275379,0.945578231292517,0.6510948905109489
0.01864336678700036,0.0,0.19792944235553173,0.007101393517242149,0.0,0.27272727781818185,0.0,0.012679658761034239,0.2698415695040173,0.0,0.3825504847028832,2.7959805124462604e-05,0.2262657998388628,1.7535607074899554e-05,0.18223685917944638,8.534693974490801e-05,0.2019755167035811,0.0024325046275092367,0.0,2.526690212080488e-05,0.0,0.0,0.0,0.00018112387429509313,0.04081632653061224,0.034063260340632597
0.01864336678700036,0.0,0.19792944235553173,0.007101393517242149,0.0,0.27272727781818185,0.0,0.012679658761034239,0.2698415695040173,0.0,0.3825504847028832,2.7959805124462604e-05,0.2262657998388628,1.7535607074899554e-05,0.18223685917944638,8.534693974490801e-05,0.2019755167035811,0.0024325046275092367,0.0,2.526690212080488e-05,0.0,0.0,0.0,0.00018112387429509313,0.04081632653061224,0.006326034063260336
0.01864336678700036,0.0,0.19792944235553173,0.007101393517242149,0.0,0.27272727781818185,0.0,0.012679658761034239,0.2698415695040173,0.0,0.3825504847028832,2.7959805124462604e-05,0.2262657998388628,1.7535607074899554e-05,0.18223685917944638,8.534693974490801e-05,0.2019755167035811,0.0024325046275092367,0.0,2.526690212080488e-05,0.0,0.0,0.0,0.00018112387429509313,0.04081632653061224,0.020437956204379555
0.04814441470127686,0.5,0.2433980823574905,0.7102615801219145,0.0,0.5555555555555557,1.0,0.05953377182106287,0.543364495861777,0.0035402945369284785,0.8455455039612509,0.03929431113388351,0.5294575931642971,0.037251888030293806,0.42299119094760834,0.05555906978891247,0.5001496240760281,0.21366233838291152,0.2727272727272727,0.0226481337952778,0.08333334388888869,0.10216140066880382,0.06504097848749509,0.05741201408289678,0.8503401360544217,0.2929440389294403
0.019730718736229093,0.0,0.39057505397375303,0.5184017594819107,0.0033783783783783786,0.5555555555555557,0.0,0.03681840506424135,0.5090278197305623,0.0006788451157395648,0.612974160514355,0.0040746176206120695,0.46335514470262756,0.003665340451348487,0.3675919599635297,0.00709524762506615,0.4309278625608885,0.07089786628625565,0.0,0.005509179927857376,0.02777778833333313,0.027981480453065855,0.008376795365525078,0.01124892922675455,0.6530612244897959,0.14209245742092458
0.05756635739082199,0.3,0.35071438847878095,0.7988928132123678,0.008445945945945946,0.7500000000000001,0.6666666666666667,0.08917676564666889,0.6971621458345919,0.007533884225236716,0.8534530073730386,0.04853097870404298,0.6512693149215849,0.06352499755966165,0.5257365698597374,0.07677631018100442,0.634373021231784,0.2638867504647972,0.2727272727272727,0.04987859847479733,0.11111111111111112,0.11393040490565505,0.09337307004848007,0.09318803974871995,0.9047619047619048,0.28223844282238436
0.011924389975877206,0.044444444,0.7725486286109899,0.9178736927588654,0.06756756756756757,0.5555555555555557,0.6666666666666667,0.24519417726448717,0.6020547634869812,0.048375879021821874,0.8547927653220707,0.04099542887891643,0.5773973998833908,0.03781161138410898,0.486954991603828,0.04314773993404553,0.5439214860810011,0.1698376882397091,0.2727272727272727,0.03638905853885326,0.2500000105555553,0.2540014797396403,0.23503352785340506,0.07186178889592923,0.782312925170068,0.3090024330900243
0.12641086781710548,0.6,0.32246227287396384,0.7207048573735195,0.0,0.7500000000000001,1.0,0.08105243471044316,0.688432610402948,0.004387007230131135,0.8690514436291685,0.06518707550486923,0.6441611043198594,0.0638345478267999,0.5223448001925839,0.08932886310725849,0.6209450647645296,0.2835633377449579,0.2727272727272727,0.04644457926546644,0.11111111111111112,0.13365113709398616,0.09337307004848007,0.0985756274232947,0.9319727891156462,0.44087591240875906
0.06308022307380486,0.333333333,0.13479800620277005,0.657707152739936,0.0,0.5555555555555557,0.6666666666666667,0.040770825627504434,0.5936159608530175,0.002725062311006144,0.8149818212078861,0.023392015195403522,0.5587906274396439,0.024924024866145967,0.4433522508041558,0.03346408511619457,0.5338638652528429,0.16959161774736264,0.1818181818181818,0.01974199057663341,0.05555555555555555,0.058542608924654946,0.03670888692651007,0.0442989870167314,0.7891156462585034,0.2695863746958637
0.047605219789969476,0.166666667,0.40595052533693965,0.7325087877296157,0.0,0.5555555555555557,0.3333333333333333,0.07183854634997941,0.5732193560079742,0.006114042937552382,0.8149662195333056,0.012946847779262985,0.5322196781352675,0.012516200279988524,0.42518516493556907,0.014583769290470242,0.49612663419952524,0.10239726362989399,0.1818181818181818,0.012503649173141432,0.08333334388888869,0.08618532342325157,0.06504097848749509,0.027018782770065534,0.6666666666666666,0.1440389294403893
0.06704641724171607,0.133333333,0.5874448091750991,0.8242263372021085,0.02027027027027027,0.5555555555555557,0.6666666666666667,0.12643767910538495,0.542446988461306,0.013867835932065121,0.8298108389535617,0.02124388553688501,0.5189231106519057,0.019738306751429204,0.4243313852979141,0.023840206438405377,0.48515995738277934,0.12321400251746999,0.2727272727272727,0.017678323569618036,0.1388888994444442,0.14297522242461946,0.12170516160946508,0.040493981883127944,0.6870748299319728,0.20194647201946472
0.09500763370352862,0.214285714,0.46922752692873443,0.8650165796506387,0.013513513513513514,0.5555555555555557,1.0,0.1547612318504672,0.7145872349423065,0.03091860792020258,0.9035239256510397,0.09056959800026751,0.6891578963174345,0.10914307071392981,0.5691820748716696,0.10436126793580515,0.6663493947400376,0.3030593723178543,0.4545454545454545,0.07939156015479526,0.1944444549999998,0.20054211184019993,0.17836934473143504,0.13875499733476734,0.8571428571428571,0.41021897810218977
0.019730718736229093,0.0,0.012217866741724537,0.007101393517242149,0.0,0.5555555555555557,0.0,0.0014394194330926563,0.5084539056364404,0.0,0.6123714009597441,0.0032202339905832234,0.46133287495688063,0.002108949010658815,0.3639856266455393,0.006453070197849135,0.4297108554985439,0.07003963953565275,0.0,0.00495016175793685,0.0,0.0013908922954475496,0.0,0.009058217794451495,0.6530612244897959,0.16058394160583941
0.025669976146501627,0.0,0.12466984330630249,0.5184017594819107,0.0,0.5555555555555557,0.3333333333333333,0.022056704849082315,0.518278408747659,0.000981663280042335,0.744101481814937,0.007442240482584855,0.4811818291002374,0.006975687551210519,0.3796875062616302,0.011392745762987995,0.45032963530955833,0.09249591374275089,0.09090909090909091,0.007949988356998661,0.02777778833333313,0.02988080819380465,0.008376795365525078,0.018074462081306458,0.6666666666666666,0.14793187347931874
0.019730718736229093,0.0,0.012217866741724537,0.007101393517242149,0.0,0.5555555555555557,0.0,0.0014394194330926563,0.5084539056364404,0.0,0.6123714009597441,0.0032202339905832234,0.46133287495688063,0.002108949010658815,0.3639856266455393,0.006453070197849135,0.4297108554985439,0.07003963953565275,0.0,0.00495016175793685,0.0,0.0013908922954475496,0.0,0.009058217794451495,0.6530612244897959,0.08905109489051097
0.23505461452347,0.091666667,0.777346243123989,0.9490193203760356,0.10810810810810811,0.7500000000000001,1.0,0.35029328932843884,0.7518350148009424,0.12522808128299706,0.9376360027625529,0.2358894465337403,0.7474432078383271,0.23205827865053913,0.6610919545716427,0.2689482805247695,0.7293092137783646,0.48862781410810613,0.4545454545454545,0.19429159359892734,0.41666667722222206,0.4525905403211502,0.40502607721931505,0.28870247125602355,0.9319727891156462,0.6749391727493917
0.019730718736229093,0.0,0.012217866741724537,0.007101393517242149,0.0,0.5555555555555557,0.0,0.0014394194330926563,0.5084539056364404,0.0,0.6123714009597441,0.0032202339905832234,0.46133287495688063,0.002108949010658815,0.3639856266455393,0.006453070197849135,0.4297108554985439,0.07003963953565275,0.0,0.00495016175793685,0.0,0.0013908922954475496,0.0,0.009058217794451495,0.6530612244897959,0.0754257907542579
0.019730718736229093,0.0,0.012217866741724537,0.007101393517242149,0.0,0.5555555555555557,0.0,0.0014394194330926563,0.5084539056364404,0.0,0.6123714009597441,0.0032202339905832234,0.46133287495688063,0.002108949010658815,0.3639856266455393,0.006453070197849135,0.4297108554985439,0.07003963953565275,0.0,0.00495016175793685,0.0,0.0013908922954475496,0.0,0.009058217794451495,0.6530612244897959,0.1527980535279805
0.4952278977450412,0.066666667,0.6179696422547272,0.7882547305213303,0.0,0.5555555555555557,0.3333333333333333,0.13852642844013063,0.5777615840028997,0.01927461648820963,0.7830465578129899,0.014353192419799096,0.5391188998825052,0.011055733983174967,0.4368114133749342,0.01334383043328714,0.4994404919485063,0.08919428442899727,0.1818181818181818,0.0154717235915203,0.1388888994444442,0.18752500939877575,0.12170516160946508,0.031099862686187512,0.6598639455782312,0.15425790754257906
0.06421290353179859,0.0,0.24333074547165068,0.6888352151443338,0.0,0.5555555555555557,0.3333333333333333,0.050392191269874625,0.6064950462151876,0.003991065582972676,0.783068403438115,0.00907037584306769,0.5548988810415783,0.011354068731388011,0.44685524898176615,0.010464082486083685,0.5240380560278983,0.08767977076866665,0.1818181818181818,0.012791537751689407,0.05555555555555555,0.06070835819165546,0.03670888692651007,0.023476085900664682,0.673469387755102,0.07007299270072992
0.09231948482416344,0.333333333,0.47618220724389315,0.8015914166625007,0.0,0.7500000000000001,1.0,0.1115723612220982,0.6892217422823655,0.009552372819059152,0.863912995902093,0.059886689503787026,0.643145975306761,0.0620860624387859,0.5296066045392007,0.0836627000170992,0.6210633931539644,0.2742175534741603,0.2727272727272727,0.048298148931340074,0.1388888994444442,0.15403725469035703,0.12170516160946508,0.10105430368530674,0.9319727891156462,0.3133819951338199
0.06343945618103414,0.333333333,0.26721508822410667,0.6733415010362646,0.0,0.7500000000000001,0.3333333333333333,0.04516953999850508,0.677501812360297,0.0019867435119174225,0.7936669730330663,0.021639529251886894,0.6148211051025041,0.02719533184308248,0.49102596638109614,0.03864347333676182,0.592303821041148,0.18826343410603566,0.09090909090909091,0.02763691827653273,0.05555555555555555,0.05577870036186998,0.03670888692651007,0.050299166447193844,0.8775510204081632,0.1391727493917275
0.019730718736229093,0.0,0.2956089071847071,0.5184017594819107,0.0,0.5555555555555557,0.0,0.03609564776922068,0.5096017338246844,0.0008518840667697191,0.6135776596083158,0.004075229425010185,0.4641134957436795,0.0038282076004677954,0.3686007300960156,0.007133271069322604,0.43216007670959217,0.07090851168970476,0.09090909090909091,0.005706852502644919,0.02777778833333313,0.027981480453065855,0.008376795365525078,0.011350417060511469,0.6530612244897959,0.23941605839416055
0.3957866439023856,0.030107527,0.9468238617663745,0.9890790853759246,0.6807432432432433,0.7500000000000001,1.0,0.7734022749050519,0.851933939467166,0.5021125856595714,0.9703315779328823,0.542747613229348,0.8595931863378288,0.5139800774427028,0.8506934633669199,0.5400580441535622,0.835685049322632,0.694397485316711,0.6363636363636364,0.5573573928178494,0.8333333333333333,0.8848488602270121,0.83000745063409,0.5849641488021312,0.9319727891156462,0.7878345498783454
0.019730718736229093,0.0,0.012217866741724537,0.007101393517242149,0.0,0.5555555555555557,0.0,0.0014394194330926563,0.5084539056364404,0.0,0.6123714009597441,0.0032202339905832234,0.46133287495688063,0.002108949010658815,0.3639856266455393,0.006453070197849135,0.4297108554985439,0.07003963953565275,0.0,0.00495016175793685,0.0,0.0013908922954475496,0.0,0.009058217794451495,0.6530612244897959,0.09878345498783453
0.020018787091677853,0.0,0.5303109552624972,0.6888352151443338,0.005067567567567568,0.5555555555555557,0.3333333333333333,0.0606628515261471,0.5823377937533981,0.0024120581053736915,0.6956855391557393,0.005624178294381737,0.516121493856418,0.0048669529333173365,0.41564631036284466,0.006726869545429555,0.4812704687940797,0.06989998142300297,0.09090909090909091,0.005760564735488765,0.05555555555555555,0.05457401663717261,0.03670888692651007,0.015316937448691573,0.564625850340136,0.20778588807785883
0.020018787091677853,0.0,0.021810406896247914,0.007101393517242149,0.0,0.5555555555555557,0.0,0.001641778643789081,0.5810276082885276,0.0,0.6134622651950272,0.0030281839068461245,0.5103825449274764,0.002132329820657659,0.40533302999455506,0.004995793319214453,0.4778106473632638,0.06586254880002378,0.0,0.004184064148779739,0.0,0.0013928403219359738,0.0,0.008576039265479903,0.564625850340136,0.07931873479318735
0.020018787091677853,0.0,0.3044566852110062,0.5184017594819107,0.0,0.5555555555555557,0.3333333333333333,0.029295184922249855,0.5823377937533981,0.0008487148549208229,0.6787737635403888,0.004612669290296928,0.5156152618407315,0.0039419254923585955,0.41198721666665467,0.005656878567993158,0.48065917451734547,0.0668832006119589,0.09090909090909091,0.004973727077068579,0.02777778833333313,0.027983428479554293,0.008376795365525078,0.01293869451596002,0.564625850340136,0.11678832116788321
0.020018787091677853,0.0,0.5303109552624972,0.6888352151443338,0.005067567567567568,0.5555555555555557,0.0,0.07260044096856534,0.5829947743611429,0.0024120581053736915,0.6152767992773815,0.0046557087796045326,0.5151854354600225,0.004736026587324335,0.4136728613064303,0.006316821746974419,0.4816069691191854,0.06750727274490027,0.09090909090909091,0.005744191012386337,0.05555555555555555,0.05457401663717261,0.03670888692651007,0.013027537912774471,0.564625850340136,0.15815085158150852
0.020018787091677853,0.0,0.18235735346229087,0.5184017594819107,0.0,0.5555555555555557,0.3333333333333333,0.02919920224019474,0.5906104633601158,0.0009525382255389156,0.7063031103175295,0.004630682553377618,0.5227531359278017,0.0045567730761694935,0.41931109619296664,0.005806375178636216,0.48977755967359243,0.06714439179475108,0.09090909090909091,0.005662482923571282,0.02777778833333313,0.027983428479554293,0.008376795365525078,0.01340230965347527,0.564625850340136,0.121654501216545
0.057809859665612556,0.166666667,0.4737341541524809,0.7263653573746381,0.006756756756756757,0.7500000000000001,0.6666666666666667,0.07876232384595422,0.6429272639400713,0.005109007868497436,0.7886019006887836,0.010209836293323192,0.5685399630756347,0.010285796320639971,0.46490845492372485,0.009897636009946573,0.5335684651937518,0.08074997760273761,0.1818181818181818,0.010033785411828191,0.08333334388888869,0.08508988210437861,0.06504097848749509,0.024627451747602367,0.564625850340136,0.24720194647201946
0.38608123619690443,0.046666667,0.8861490290770004,0.9733461563238366,0.21114864864864866,0.7500000000000001,1.0,0.5837793116899657,0.8709372923337159,0.4651637930144018,0.974255485390049,0.3260407586100345,0.8482273694864038,0.3335056105309087,0.8058742836675188,0.29694101650853155,0.816886076676844,0.44321129474754595,0.6363636363636364,0.3649584410828656,0.6666666666666666,0.7265154801164024,0.6600149012681801,0.3668859646365819,0.9795918367346939,0.5051094890510949
0.020018787091677853,0.0,0.5303109552624972,0.6888352151443338,0.005067567567567568,0.5555555555555557,0.3333333333333333,0.06250917080522476,0.5829947743611429,0.0024120581053736915,0.6831404980728858,0.00548332990975582,0.5176401905093617,0.004762211856205157,0.4166608447221493,0.006396449455385225,0.48194346944429106,0.06814943607582842,0.09090909090909091,0.005767306856766235,0.05555555555555555,0.05457401663717261,0.03670888692651007,0.015266828247048269,0.564625850340136,0.14209245742092458
0.0573072325325599,0.238095238,0.5039897109133594,0.8448343884411789,0.0,0.5555555555555557,1.0,0.13347110526688927,0.7191256871866126,0.021250856528531887,0.8904785429028576,0.050847675541178465,0.6596103975089953,0.06187570650905703,0.5511983660721058,0.057267504576170775,0.6302466683230012,0.1923363540106033,0.36363636363636365,0.04430045627787326,0.16666666666666669,0.17669656866940284,0.15003725317045005,0.07880356510592958,0.7959183673469388,0.3182481751824817
0.08828756359927117,0.222222222,0.6440220535870878,0.8572631523869014,0.030405405405405407,0.5555555555555557,1.0,0.18417857654987813,0.7043964840210232,0.02458899974022112,0.8938092609773516,0.06539208656528175,0.6573916161853683,0.070670262968053,0.5551503659582266,0.07520068522591636,0.6254647668617486,0.21881149061255573,0.36363636363636365,0.05407938950541308,0.2222222222222222,0.2576153781242129,0.20670143629242005,0.09487701430552252,0.836734693877551,0.4238442822384428
0.020018787091677853,0.0,0.021810406896247914,0.007101393517242149,0.0,0.5555555555555557,0.0,0.001641778643789081,0.5810276082885276,0.0,0.6134622651950272,0.0030281839068461245,0.5103825449274764,0.002132329820657659,0.40533302999455506,0.004995793319214453,0.4778106473632638,0.06586254880002378,0.0,0.004184064148779739,0.0,0.0013928403219359738,0.0,0.008576039265479903,0.564625850340136,0.0802919708029197
0.6334501723238568,0.090909091,0.7657843692848199,0.8847675002500155,0.037162162162162164,0.5555555555555557,0.6666666666666667,0.25477300512731016,0.6705808614752612,0.05869919190910232,0.8697681008083282,0.03556415114969996,0.6197849233299664,0.037745963312692005,0.530337703310809,0.03462592195808709,0.5831396168717604,0.12376269509270382,0.36363636363636365,0.04118832520153245,0.2777777777777778,0.3483664982893011,0.2633656194143901,0.06546714200269237,0.5850340136054422,0.35279805352798044
0.14200201911102292,0.066176471,0.7330802477549311,0.9602282770838777,0.057432432432432436,0.7500000000000001,1.0,0.37710293340656076,0.8751132725185767,0.23769994718709322,0.9599780387950868,0.26242353967539733,0.8382283507825394,0.3643652945850248,0.7478726560703892,0.2615697226805229,0.8303721895975167,0.49632245959565624,0.7272727272727273,0.25824764498506414,0.4444444444444444,0.45488037685457877,0.43335816878030003,0.3456558571396363,0.9523809523809523,0.7654501216545012
0.013126365078974389,0.027777778,0.7453128984464936,0.9121949178600663,0.060810810810810814,0.5555555555555557,0.6666666666666667,0.22739125037012037,0.6221304295293902,0.04414975225080701,0.8476562277992237,0.021937569981380363,0.5815503414523817,0.026908295442668703,0.4905396562031314,0.02193711997197533,0.5425133548782297,0.10603103525879462,0.2727272727272727,0.025724114259435608,0.2222222222222222,0.21813048416422118,0.20670143629242005,0.04927885007492883,0.7210884353741496,0.2929440389294403
0.18868336304621158,0.0,0.5289542962424324,0.8251819790607118,0.008445945945945946,0.5555555555555557,0.6666666666666667,0.10360579861152323,0.6648681507883766,0.014366078245141177,0.819693915681118,0.017076217838749855,0.6080574790311002,0.020368175150555064,0.4981945974802487,0.017375304402766797,0.576349618758522,0.10611595376446926,0.1818181818181818,0.02598108539612547,0.11111111111111112,0.1179180222271524,0.09337307004848007,0.04143348724932934,0.9795918367346939,0.19416058394160585
0.02229830327666714,0.0,0.041235300466994196,0.007101393517242149,0.0,0.40000000280000025,0.0,0.0008177134243265438,0.5033302120461546,0.0,0.6071040117998108,0.0022903195540843898,0.45227118094742375,0.0010486293032690246,0.3552817863325423,0.0030983572793142405,0.4169877706648301,0.049813989993956,0.0,0.0018817260485419248,0.0,0.002532436961061129,0.0,0.005458566996216582,0.35374149659863946,0.14209245742092458
0.02229830327666714,0.0,0.041235300466994196,0.007101393517242149,0.0,0.40000000280000025,0.0,0.0008177134243265438,0.5033302120461546,0.0,0.6071040117998108,0.0022903195540843898,0.45227118094742375,0.0010486293032690246,0.3552817863325423,0.0030983572793142405,0.4169877706648301,0.049813989993956,0.0,0.0018817260485419248,0.0,0.002532436961061129,0.0,0.005458566996216582,0.35374149659863946,0.05158150851581509
0.0017961943070183765,0.035714286,0.6793489005814223,0.8890767714349883,0.04054054054054054,0.5555555555555557,0.6666666666666667,0.17827981197403203,0.5963042952939043,0.04065655026440139,0.8573859486201832,0.03526441993089085,0.5730598023759219,0.030454043035170093,0.46983689008103696,0.03233355128326014,0.5366556939707525,0.15339970136219824,0.36363636363636365,0.026792901008611713,0.1944444549999998,0.20087563131208214,0.17836934473143504,0.05989752819602462,0.727891156462585,0.3080291970802919
0.14910737434706484,0.333333333,0.3259876882187668,0.6948161665142165,0.0,0.5555555555555557,0.6666666666666667,0.06413375469046387,0.5806991179846551,0.004404010951105019,0.8326163487240761,0.021974286893419414,0.5438190369961027,0.01764353533868834,0.43310908116883146,0.024386158531645295,0.5118586532896541,0.13655397392416105,0.1818181818181818,0.014394589454095899,0.08333334388888869,0.09495645515976602,0.06504097848749509,0.03743832307893728,0.7755102040816326,0.23795620437956203
0.01864336678700036,0.0,0.34987527710404587,0.007101393517242149,0.0,0.27272727781818185,0.0,0.015488050444802101,0.20317314082039506,0.0,0.36489108713668184,1.87467400971823e-06,0.15994542148932606,8.183283302573127e-06,0.13754958142683466,9.783173568446912e-06,0.14175108455802726,0.00016309674489544703,0.0,1.0113181916205257e-05,0.0,0.0,0.0,5.202169107651323e-05,0.0,0.0043795620437956165
0.01864336678700036,0.0,0.4534747092914269,0.5184017594819107,0.0033783783783783786,0.40000000280000025,0.0,0.04921640341469939,0.3303290944239714,0.0006537027039301474,0.5370740747221654,5.128692380797021e-05,0.2734531868204398,0.0003530659286716761,0.23430919808678435,0.0008519057698254749,0.24728313743420322,0.0014868835143766993,0.0,0.00033090973336611935,0.02777778833333313,0.026590588157618316,0.008376795365525078,0.0008922047817035006,0.2312925170068027,0.018978102189781014
0.01864336678700036,0.0,0.08397006643659533,0.007101393517242149,0.0,0.40000000280000025,0.0,0.00934483799554027,0.32993641635957216,0.0,0.5365518104220687,3.377456529172357e-05,0.27143091707469286,0.00018061675295583552,0.23087789147894117,0.000365317152173738,0.24630729218939512,0.0014688652122804874,0.0,0.00025096743821897304,0.0,0.0,0.0,0.000528128207997803,0.2312925170068027,0.02579075425790755
0.01864336678700036,0.0,0.08397006643659533,0.007101393517242149,0.0,0.40000000280000025,0.0,0.00934483799554027,0.32993641635957216,0.0,0.5365518104220687,3.377456529172357e-05,0.27143091707469286,0.00018061675295583552,0.23087789147894117,0.000365317152173738,0.24630729218939512,0.0014688652122804874,0.0,0.00025096743821897304,0.0,0.0,0.0,0.000528128207997803,0.2312925170068027,0.012652068126520678
0.01894033972731917,0.0,0.1369208876109353,0.5184017594819107,0.0,0.40000000280000025,0.3333333333333333,0.036604048018288024,0.365303872409835,0.000978150737111687,0.6948379909150564,0.00010839513130282912,0.3182280928091576,0.0012252243348782343,0.27410720033666564,0.0017758705068151857,0.2941024765658385,0.002357101638979749,0.09090909090909091,0.0016268096535747194,0.02777778833333313,0.026812176383401606,0.008376795365525078,0.0026733569505540404,0.3945578231292517,0.029683698296836973
0.01864336678700036,0.0,0.08397006643659533,0.007101393517242149,0.0,0.40000000280000025,0.0,0.00934483799554027,0.32993641635957216,0.0,0.5365518104220687,3.377456529172357e-05,0.27143091707469286,0.00018061675295583552,0.23087789147894117,0.000365317152173738,0.24630729218939512,0.0014688652122804874,0.0,0.00025096743821897304,0.0,0.0,0.0,0.000528128207997803,0.2312925170068027,0.01508515815085159
0.01864336678700036,0.0,0.08397006643659533,0.007101393517242149,0.0,0.40000000280000025,0.0,0.00934483799554027,0.32993641635957216,0.0,0.5365518104220687,3.377456529172357e-05,0.27143091707469286,0.00018061675295583552,0.23087789147894117,0.000365317152173738,0.24630729218939512,0.0014688652122804874,0.0,0.00025096743821897304,0.0,0.0,0.0,0.000528128207997803,0.2312925170068027,0.04914841849148418
0.030521910378417387,0.0,0.8773521270744864,0.9160798220124974,0.07601351351351351,0.40000000280000025,0.3333333333333333,0.2681263391300414,0.4635413520207817,0.02910130625363361,0.7520731150974584,0.0018367924698792213,0.41006223096767896,0.004624458064198514,0.3592431422733103,0.007831247493517657,0.37058364239980707,0.012291780568665214,0.09090909090909091,0.005039221969478289,0.2222222222222222,0.21652336071583353,0.20670143629242005,0.010834516362543229,0.27210884353741494,0.1260340632603406
0.28335761427096245,0.057142857,0.894591495198328,0.9316059944903988,0.15202702702702703,0.5555555555555557,0.6666666666666667,0.39449889629539564,0.5993399987917597,0.08275153494867711,0.7846051500936029,0.012176467122463229,0.5592130423416775,0.03490162537058337,0.5071730191728907,0.036714298171715676,0.5209543549152451,0.03783341239586913,0.2727272727272727,0.03859142061214802,0.3888888888888889,0.45412553493781915,0.37669398565833,0.043985573768737886,0.47619047619047616,0.1737226277372263
0.39916256047583343,0.666666667,0.321218825656312,0.49428463644701237,0.0,0.40000000280000025,0.3333333333333333,0.05535287911154427,0.3952153688153205,0.0010670735312372595,0.6600775864602239,0.0005028405834769454,0.35333288555258374,0.0034132253127809042,0.2940938810308357,0.006486155854057503,0.3277969493079956,0.005467819218732878,0.09090909090909091,0.003109755281223992,0.05555555555555555,0.08328552076131299,0.03670888692651007,0.004372502681762239,0.4421768707482993,0.06082725060827251
0.10256474917100689,0.3,0.5877428630852526,0.7543654579821886,0.016891891891891893,0.40000000280000025,0.6666666666666667,0.11971934047835432,0.39635186975170655,0.0034521053878102375,0.6715059393108134,0.0007699435510602964,0.35887131710014947,0.005816831496095044,0.30779397988701723,0.009643397400989955,0.3315403118554227,0.006088959895503116,0.1818181818181818,0.004339325570198053,0.11111111111111112,0.12317140299774047,0.09337307004848007,0.007566051584875376,0.4489795918367347,0.07688564476885645
0.02083634018914921,0.0,0.041235300466994196,0.007101393517242149,0.0,0.40000000280000025,0.0,0.005431939713123411,0.3900161602126502,0.0,0.5323776370133526,0.0001435498698618476,0.33496629742691025,0.00045241866259850645,0.2756484633504244,0.0010912035273535614,0.3083170814016499,0.004162508954088617,0.0,0.0008209656342199512,0.0,0.0015194621766366802,0.0,0.001073213465525906,0.35374149659863946,0.028223844282238446
0.3603288890439959,0.5,0.4193505103487746,0.6179965905509899,0.0,0.40000000280000025,0.3333333333333333,0.08010300173647812,0.3956684588896272,0.002241024061843778,0.6848231404038541,0.0006928453343399368,0.35687651087415767,0.0050901878457049535,0.2984830525832531,0.008938198622130127,0.3309021935471948,0.006027165007689839,0.1818181818181818,0.003915759827275843,0.08333334388888869,0.11873963829594057,0.06504097848749509,0.005608146227960082,0.4421768707482993,0.10267639902676398
0.028755350069512582,0.0,0.596787258071809,0.8592686697841562,0.02027027027027027,0.7500000000000001,0.6666666666666667,0.13563764484418694,0.6154737811876999,0.023080033366879436,0.8311990205804761,0.009814993684486238,0.5521744033039118,0.01421144879074501,0.463526039774759,0.009353365876325896,0.5200893802513817,0.06099260345184327,0.2727272727272727,0.01237811729602282,0.1388888994444442,0.13742691275706467,0.12170516160946508,0.024957854333487593,0.4693877551020408,0.17907542579075425
0.02083634018914921,0.0,0.5081521876593932,0.6888352151443338,0.005067567567567568,0.40000000280000025,0.0,0.07588791198850003,0.39271959765601405,0.002595584265452316,0.5354954352565103,0.00024526910648215306,0.3411847767511849,0.001226062036684157,0.2855315085896793,0.0022810226395272226,0.31370880289985387,0.004267158815288072,0.09090909090909091,0.0013382147575595794,0.05555555555555555,0.0547006384918733,0.03670888692651007,0.002488479825882001,0.35374149659863946,0.02725060827250609
0.02083634018914921,0.0,0.041235300466994196,0.007101393517242149,0.0,0.40000000280000025,0.0,0.005431939713123411,0.3900161602126502,0.0,0.5323776370133526,0.0001435498698618476,0.33496629742691025,0.00045241866259850645,0.2756484633504244,0.0010912035273535614,0.3083170814016499,0.004162508954088617,0.0,0.0008209656342199512,0.0,0.0015194621766366802,0.0,0.001073213465525906,0.35374149659863946,0.0170316301703163
0.02083634018914921,0.0,0.041235300466994196,0.007101393517242149,0.0,0.40000000280000025,0.0,0.005431939713123411,0.3900161602126502,0.0,0.5323776370133526,0.0001435498698618476,0.33496629742691025,0.00045241866259850645,0.2756484633504244,0.0010912035273535614,0.3083170814016499,0.004162508954088617,0.0,0.0008209656342199512,0.0,0.0015194621766366802,0.0,0.001073213465525906,0.35374149659863946,0.04720194647201945
0.1892095103670874,1.0,0.22697791063764539,0.3393756179090486,0.0,0.40000000280000025,0.3333333333333333,0.029115409872036986,0.3906920195734912,0.0003460779020603088,0.6254097500637782,0.00027737574545731443,0.3387027747856977,0.001333666965414015,0.2811287134842298,0.0029030772405023155,0.31217495159593905,0.004825814696709202,0.09090909090909091,0.001252140342583877,0.02777778833333313,0.04140534441306415,0.008376795365525078,0.002446556023874487,0.3605442176870748,0.03552311435523114
0.8920302397400517,0.075,0.9336452417026684,0.9228602947872397,0.16216216216216217,0.5555555555555557,0.6666666666666667,0.4191402684884556,0.418511750135927,0.032224214547329724,0.736364401613557,0.003381358551490605,0.4029014311306914,0.022324158959532082,0.3750887318500225,0.040639540695988054,0.3590834408066335,0.01014344755345302,0.2727272727272727,0.019529260597659515,0.41666667722222206,0.5185164690735572,0.40502607721931505,0.025143365321993995,0.4489795918367347,0.2014598540145985
0.02083634018914921,0.0,0.041235300466994196,0.007101393517242149,0.0,0.40000000280000025,0.0,0.005431939713123411,0.3900161602126502,0.0,0.5323776370133526,0.0001435498698618476,0.33496629742691025,0.00045241866259850645,0.2756484633504244,0.0010912035273535614,0.3083170814016499,0.004162508954088617,0.0,0.0008209656342199512,0.0,0.0015194621766366802,0.0,0.001073213465525906,0.35374149659863946,0.06715328467153284
0.14413962297009453,0.5,0.44150927795187855,0.6798852396963637,0.006756756756756757,0.40000000280000025,0.6666666666666667,0.08721053217456914,0.3961253247145532,0.0019279059598972896,0.6713348252636671,0.000692228143549469,0.3573506234528288,0.005278196645314259,0.30321664389737474,0.008711849753260626,0.3313514506918323,0.006021796746033664,0.1818181818181818,0.003920286680133573,0.08333334388888869,0.09126269720859848,0.06504097848749509,0.0065889091628874245,0.4489795918367347,0.09635036496350366
0.02083634018914921,0.0,0.041235300466994196,0.007101393517242149,0.0,0.40000000280000025,0.0,0.005431939713123411,0.3900161602126502,0.0,0.5323776370133526,0.0001435498698618476,0.33496629742691025,0.00045241866259850645,0.2756484633504244,0.0010912035273535614,0.3083170814016499,0.004162508954088617,0.0,0.0008209656342199512,0.0,0.0015194621766366802,0.0,0.001073213465525906,0.35374149659863946,0.03990267639902676
0.02083634018914921,0.0,0.041235300466994196,0.007101393517242149,0.0,0.40000000280000025,0.0,0.005431939713123411,0.3900161602126502,0.0,0.5323776370133526,0.0001435498698618476,0.33496629742691025,0.00045241866259850645,0.2756484633504244,0.0010912035273535614,0.3083170814016499,0.004162508954088617,0.0,0.0008209656342199512,0.0,0.0015194621766366802,0.0,0.001073213465525906,0.35374149659863946,0.06763990267639902
0.14678944904801575,1.0,0.26124020669163006,0.28660782181655087,0.0,0.40000000280000025,0.3333333333333333,0.02978106517038049,0.26645849694919344,0.0003460779020603088,0.6004953158607166,9.872838241740176e-05,0.23775525160580807,0.0010474643365260398,0.19681918472539678,0.0029254465477123615,0.21644204265274664,0.001717349079290016,0.09090909090909091,0.001052958816843758,0.02777778833333313,0.046311941050048766,0.008376795365525078,0.002022612822469804,0.4149659863945578,0.06082725060827251
0.23231486508525365,1.0,0.15994298352595399,0.40718659272434365,0.0,0.40000000280000025,0.3333333333333333,0.03076475934235181,0.26730048933728023,0.0003460779020603088,0.5848387011784029,7.398266753447995e-05,0.24104576091953872,0.0012291255551439184,0.1998713828774858,0.003096673249152881,0.22081080209006504,0.0012867712776153456,0.09090909090909091,0.0013242489349133914,0.02777778833333313,0.03238353772432667,0.008376795365525078,0.002309319395330292,0.4149659863945578,0.043309002433090014
0.021316036937253795,0.0,0.037045617629350436,0.007101393517242149,0.0,0.40000000280000025,0.0,0.005218737539013016,0.2662885881713284,0.0,0.5040589059052865,3.848394797490739e-05,0.23541525678293124,0.00036123350582745986,0.1926860722879315,0.0012292799132679682,0.21438797414719174,0.0011155961059890003,0.0,0.0007518428384561737,0.0,0.0019942941118213722,0.0,0.0008896968306658792,0.3877551020408163,0.02773722627737226
0.6005493567832819,0.142857143,0.7752585512315138,0.7928742597909713,0.02364864864864865,0.40000000280000025,0.3333333333333333,0.17901905827258757,0.2684860750317163,0.007050650590930977,0.6221520078800187,0.00023242713915333366,0.2542077981744613,0.0035332223594480407,0.21859895529530432,0.00905692207642352,0.22553924010347942,0.0015548667426151595,0.1818181818181818,0.0031519416972173057,0.16666666666666669,0.23244605815337702,0.15003725317045005,0.006384650961439687,0.42176870748299317,0.06861313868613139
0.021316036937253795,0.0,0.037045617629350436,0.007101393517242149,0.0,0.40000000280000025,0.0,0.005218737539013016,0.2662885881713284,0.0,0.5040589059052865,3.848394797490739e-05,0.23541525678293124,0.00036123350582745986,0.1926860722879315,0.0012292799132679682,0.21438797414719174,0.0011155961059890003,0.0,0.0007518428384561737,0.0,0.0019942941118213722,0.0,0.0008896968306658792,0.3877551020408163,0.05936739659367395
0.037945989333976034,0.0,0.19612056347217977,0.5184017594819107,0.0,0.7500000000000001,0.3333333333333333,0.027611766732569216,0.49825182746329977,0.0009473882568900953,0.6900440386755158,0.0010064191326306774,0.430324777430054,0.001979810006265548,0.3508083317871556,0.0022478155777934782,0.39892603267483556,0.01751117840258049,0.09090909090909091,0.002259284840080255,0.02777778833333313,0.031243941085201513,0.008376795365525078,0.00440917089210049,0.43537414965986393,0.06277372262773723
0.021316036937253795,0.0,0.037045617629350436,0.007101393517242149,0.0,0.40000000280000025,0.0,0.005218737539013016,0.2662885881713284,0.0,0.5040589059052865,3.848394797490739e-05,0.23541525678293124,0.00036123350582745986,0.1926860722879315,0.0012292799132679682,0.21438797414719174,0.0011155961059890003,0.0,0.0007518428384561737,0.0,0.0019942941118213722,0.0,0.0008896968306658792,0.3877551020408163,0.026763990267639905
0.021316036937253795,0.0,0.037045617629350436,0.007101393517242149,0.0,0.40000000280000025,0.0,0.005218737539013016,0.2662885881713284,0.0,0.5040589059052865,3.848394797490739e-05,0.23541525678293124,0.00036123350582745986,0.1926860722879315,0.0012292799132679682,0.21438797414719174,0.0011155961059890003,0.0,0.0007518428384561737,0.0,0.0019942941118213722,0.0,0.0008896968306658792,0.3877551020408163,0.032116788321167884
0.021316036937253795,0.0,0.037045617629350436,0.007101393517242149,0.0,0.40000000280000025,0.0,0.005218737539013016,0.2662885881713284,0.0,0.5040589059052865,3.848394797490739e-05,0.23541525678293124,0.00036123350582745986,0.1926860722879315,0.0012292799132679682,0.21438797414719174,0.0011155961059890003,0.0,0.0007518428384561737,0.0,0.0019942941118213722,0.0,0.0008896968306658792,0.3877551020408163,0.016545012165450117
0.026816279612366017,0.333333333,0.5009577829708483,0.6974934354452792,0.006756756756756757,0.40000000280000025,0.3333333333333333,0.08648289875398951,0.26797634869812115,0.002643650640776923,0.6393390722097366,0.00018156915172308787,0.24712054753131346,0.0031275533500419697,0.20814152720236395,0.006200797063104157,0.22494384954368912,0.0019739894757703487,0.1818181818181818,0.0021454393065092584,0.08333334388888869,0.09886000811837246,0.06504097848749509,0.004028320863309276,0.42857142857142855,0.05936739659367395
0.021316036937253795,0.0,0.037045617629350436,0.007101393517242149,0.0,0.40000000280000025,0.0,0.005218737539013016,0.2662885881713284,0.0,0.5040589059052865,3.848394797490739e-05,0.23541525678293124,0.00036123350582745986,0.1926860722879315,0.0012292799132679682,0.21438797414719174,0.0011155961059890003,0.0,0.0007518428384561737,0.0,0.0019942941118213722,0.0,0.0008896968306658792,0.3877551020408163,0.032116788321167884
0.33118759211264387,0.064102564,0.7916047388151217,0.9304828629031143,0.06587837837837839,0.7500000000000001,0.6666666666666667,0.3103413961566507,0.7278778771219717,0.07780405921436787,0.9149414353116662,0.05001864673723448,0.6785331785598872,0.07107980993064437,0.5892209071596615,0.05468341635961974,0.6457826680887315,0.15005540191820954,0.36363636363636365,0.07721568498651914,0.3333333333333333,0.36596122403550385,0.32002980253636004,0.09617045453759991,0.7414965986394557,0.2880778588807785
0.0215507065543542,0.0,0.05141024482687018,0.007101393517242149,0.0,0.5555555555555557,0.0,0.003629248925888985,0.47359995167039204,0.0,0.5937418779391407,0.0005693896704712218,0.4047767324509231,0.0005967951609252562,0.3281041529793907,0.0011695415389552921,0.37215518482375626,0.016511872069461538,0.0,0.0010281092841353682,0.0,0.0017045248791713666,0.0,0.0019064902361963687,0.2925170068027211,0.07785888077858882
0.2309998779971175,1.0,0.0881907838310832,0.45669718460388853,0.0,0.5555555555555557,0.3333333333333333,0.024542887288678497,0.5983280976258077,0.0003460779020603088,0.7479624808134984,0.005252717984825506,0.529088270381425,0.007581349586077951,0.4273820534787382,0.009585298598146543,0.49857908986262506,0.06528325817471958,0.09090909090909091,0.009092777913529854,0.02777778833333313,0.029536007159675404,0.008376795365525078,0.014159849507319971,0.6462585034013605,0.1737226277372263
0.06448602541926676,0.333333333,0.14042216465052793,0.6610167529691916,0.0,0.7500000000000001,0.6666666666666667,0.05095339482598166,0.6353115749410981,0.0026912775521923003,0.8121113515899507,0.00566494744923688,0.5506138821605766,0.016150204988364225,0.46210965445751545,0.011230760532285774,0.5274746323065189,0.05476060880190178,0.1818181818181818,0.01488169166372341,0.05555555555555555,0.05614665725129393,0.03670888692651007,0.018549703315549903,0.6326530612244897,0.17420924574209246
0.0215507065543542,0.0,0.05141024482687018,0.007101393517242149,0.0,0.5555555555555557,0.0,0.003629248925888985,0.47359995167039204,0.0,0.5937418779391407,0.0005693896704712218,0.4047767324509231,0.0005967951609252562,0.3281041529793907,0.0011695415389552921,0.37215518482375626,0.016511872069461538,0.0,0.0010281092841353682,0.0,0.0017045248791713666,0.0,0.0019064902361963687,0.2925170068027211,0.08710462287104623
0.0215507065543542,0.0,0.3308820474043585,0.5184017594819107,0.0,0.5555555555555557,0.0,0.039152016101479864,0.47467226484625125,0.0008385733780425883,0.5949040682732828,0.000768611167062935,0.4075573535406642,0.0011818573422807258,0.3326720744390445,0.0017187298909928106,0.3745287246833355,0.016716811055549056,0.09090909090909091,0.0013359994891398394,0.02777778833333313,0.02829511303678969,0.008376795365525078,0.00281877179453307,0.2925170068027211,0.06958637469586376
0.07592477746198069,0.285714286,0.5982569722001447,0.8043085925871271,0.011824324324324325,0.5555555555555557,0.6666666666666667,0.14450128623851505,0.6295762097504983,0.011283238266073949,0.8589654497809173,0.028283072483902934,0.5711263488944962,0.02973011368682385,0.47601465651769764,0.036462757489410594,0.5358811937348549,0.12303082035129549,0.2727272727272727,0.023042740522046305,0.16666666666666669,0.20131964810600625,0.15003725317045005,0.0415673055442419,0.7346938775510203,0.3007299270072992
0.0215507065543542,0.0,0.05141024482687018,0.007101393517242149,0.0,0.5555555555555557,0.0,0.003629248925888985,0.47359995167039204,0.0,0.5937418779391407,0.0005693896704712218,0.4047767324509231,0.0005967951609252562,0.3281041529793907,0.0011695415389552921,0.37215518482375626,0.016511872069461538,0.0,0.0010281092841353682,0.0,0.0017045248791713666,0.0,0.0019064902361963687,0.2925170068027211,0.05304136253041362
0.0215507065543542,0.0,0.5160660332726301,0.6888352151443338,0.005067567567567568,0.5555555555555557,0.3333333333333333,0.06605430656522186,0.47816483416903266,0.00257086441545347,0.681603294585455,0.0012254062652819796,0.41402168977398696,0.0016359184223996362,0.34156685396437786,0.0024214830830011375,0.37915063586759884,0.01776785264358145,0.09090909090909091,0.001783997395358024,0.05555555555555555,0.054885701194408,0.03670888692651007,0.004874109219964543,0.2925170068027211,0.02725060827250609
0.019218525288251413,0.0,0.01559444088523354,0.007101393517242149,0.0,0.5555555555555557,0.0,0.004041345695167085,0.5084539056364404,0.0,0.6075329905671393,0.000847452061255958,0.43775658079460184,0.0012871135595372322,0.3577148816122087,0.0026976540414094963,0.410098563561275,0.024575685777723292,0.0,0.0030076924072188604,0.0,0.0006743989792511416,0.0,0.0032562225100245847,0.6054421768707483,0.04768856447688564
0.2377740661115222,1.0,0.14046274843327705,0.4183934807109051,0.0,0.7500000000000001,0.3333333333333333,0.027651738130243235,0.5238514166616323,0.0003460779020603088,0.7322121668076781,0.002193089007682798,0.45394774194468596,0.003843506374739174,0.37248386805817774,0.005440817520742461,0.4252970169834583,0.03179926239980707,0.09090909090909091,0.004486689078119901,0.02777778833333313,0.029797424097930587,0.008376795365525078,0.006747591377278845,0.6122448979591837,0.1527980535279805
0.019218525288251413,0.0,0.01559444088523354,0.007101393517242149,0.0,0.5555555555555557,0.0,0.004041345695167085,0.5084539056364404,0.0,0.6075329905671393,0.000847452061255958,0.43775658079460184,0.0012871135595372322,0.3577148816122087,0.0026976540414094963,0.410098563561275,0.024575685777723292,0.0,0.0030076924072188604,0.0,0.0006743989792511416,0.0,0.0032562225100245847,0.6054421768707483,0.021411192214111925
0.019904552344580797,0.0,0.4577818654423461,0.7740519424642449,0.006756756756756757,0.7500000000000001,0.3333333333333333,0.08118017636817827,0.6955650033226602,0.007434379297739227,0.794483738029972,0.016139909066266556,0.6308975935763952,0.025736260773468436,0.511354690174801,0.02311370819381716,0.6109995215544897,0.14041670633851952,0.09090909090909091,0.030042988728425334,0.08333334388888869,0.08165279517670129,0.06504097848749509,0.04632501955129125,0.8571428571428571,0.15523114355231146
0.019218525288251413,0.0,0.01559444088523354,0.007101393517242149,0.0,0.5555555555555557,0.0,0.004041345695167085,0.5084539056364404,0.0,0.6075329905671393,0.000847452061255958,0.43775658079460184,0.0012871135595372322,0.3577148816122087,0.0026976540414094963,0.410098563561275,0.024575685777723292,0.0,0.0030076924072188604,0.0,0.0006743989792511416,0.0,0.0032562225100245847,0.6054421768707483,0.04282238442822384
0.019218525288251413,0.0,0.01559444088523354,0.007101393517242149,0.0,0.5555555555555557,0.0,0.004041345695167085,0.5084539056364404,0.0,0.6075329905671393,0.000847452061255958,0.43775658079460184,0.0012871135595372322,0.3577148816122087,0.0026976540414094963,0.410098563561275,0.024575685777723292,0.0,0.0030076924072188604,0.0,0.0006743989792511416,0.0,0.0032562225100245847,0.6054421768707483,0.06763990267639902
0.019218525288251413,0.0,0.01559444088523354,0.007101393517242149,0.0,0.5555555555555557,0.0,0.004041345695167085,0.5084539056364404,0.0,0.6075329905671393,0.000847452061255958,0.43775658079460184,0.0012871135595372322,0.3577148816122087,0.0026976540414094963,0.410098563561275,0.024575685777723292,0.0,0.0030076924072188604,0.0,0.0006743989792511416,0.0,0.0032562225100245847,0.6054421768707483,0.06618004866180047
0.06760908918453869,0.333333333,0.12170824767182731,0.6594433344886129,0.0,0.7500000000000001,0.6666666666666667,0.049268629285817614,0.6943718661269859,0.0027509643696939073,0.8159198932311893,0.01302820136563996,0.6226730340355744,0.025122361870238013,0.5105488362862511,0.018302146952641964,0.6037864935800832,0.11334483356259265,0.1818181818181818,0.028407221685153406,0.05555555555555555,0.055059039840718124,0.03670888692651007,0.03795207776039831,0.8027210884353742,0.1902676399026764
0.019218525288251413,0.0,0.01559444088523354,0.007101393517242149,0.0,0.5555555555555557,0.0,0.004041345695167085,0.5084539056364404,0.0,0.6075329905671393,0.000847452061255958,0.43775658079460184,0.0012871135595372322,0.3577148816122087,0.0026976540414094963,0.410098563561275,0.024575685777723292,0.0,0.0030076924072188604,0.0,0.0006743989792511416,0.0,0.0032562225100245847,0.6054421768707483,0.03941605839416059
0.019218525288251413,0.0,0.01559444088523354,0.007101393517242149,0.0,0.5555555555555557,0.0,0.004041345695167085,0.5084539056364404,0.0,0.6075329905671393,0.000847452061255958,0.43775658079460184,0.0012871135595372322,0.3577148816122087,0.0026976540414094963,0.410098563561275,0.024575685777723292,0.0,0.0030076924072188604,0.0,0.0006743989792511416,0.0,0.0032562225100245847,0.6054421768707483,0.04866180048661801
0.10885705395103838,0.333333333,0.3973583502136704,0.7158520718543246,0.0,0.5555555555555557,0.3333333333333333,0.0840170548907379,0.5952923941279525,0.003832193936499688,0.7890155692713762,0.005420451828696643,0.5255579033212139,0.012673966457467621,0.437477807979574,0.011713236165497035,0.5011305019271228,0.05239714959989372,0.1818181818181818,0.011829822309467412,0.08333334388888869,0.08585552328329733,0.06504097848749509,0.015935506475993018,0.6190476190476191,0.11532846715328468
0.019218525288251413,0.0,0.01559444088523354,0.007101393517242149,0.0,0.5555555555555557,0.0,0.004041345695167085,0.5084539056364404,0.0,0.6075329905671393,0.000847452061255958,0.43775658079460184,0.0012871135595372322,0.3577148816122087,0.0026976540414094963,0.410098563561275,0.024575685777723292,0.0,0.0030076924072188604,0.0,0.0006743989792511416,0.0,0.0032562225100245847,0.6054421768707483,0.06909975669099755
0.019218525288251413,0.0,0.17664032837950294,0.5184017594819107,0.0,0.5555555555555557,0.3333333333333333,0.03159876929157274,0.5165302362109588,0.0009545982130676591,0.7033123265241893,0.0014860942789679166,0.45030648595521233,0.00279125462216826,0.37100534027454474,0.0034658038116332788,0.4218292141986489,0.025857531375875258,0.09090909090909091,0.004008897416923181,0.02777778833333313,0.027264987136869454,0.008376795365525078,0.006265558235127982,0.6054421768707483,0.18978102189781024
0.2562459297307992,0.095238095,0.6643404006307729,0.8502238082368712,0.02364864864864865,0.7500000000000001,0.6666666666666667,0.16308304587183037,0.6513849453271309,0.018939465777877796,0.8484697714559174,0.01131789344774725,0.5782542985981038,0.02252627577579536,0.49359838276663964,0.017335021983852932,0.5494405995401237,0.06564321027212233,0.2727272727272727,0.02155305277311956,0.16666666666666669,0.1877861112385613,0.15003725317045005,0.03129719111766838,0.6258503401360543,0.16301703163017028
0.059330500946482574,0.015151515,0.7831363178761317,0.9383579796539512,0.08108108108108109,0.7500000000000001,0.6666666666666667,0.29558553446025304,0.7406021567087536,0.11137849631243942,0.9082491408689756,0.0348762178161689,0.6821647397960164,0.061881832858622414,0.597330836257993,0.036705881572086714,0.6511892362916525,0.11237836162132998,0.36363636363636365,0.07779223267176108,0.3055555661111109,0.30493757467218824,0.29169771097537506,0.083043717680737,0.9795918367346939,0.29781021897810217
0.019218525288251413,0.0,0.01559444088523354,0.007101393517242149,0.0,0.5555555555555557,0.0,0.004041345695167085,0.5084539056364404,0.0,0.6075329905671393,0.000847452061255958,0.43775658079460184,0.0012871135595372322,0.3577148816122087,0.0026976540414094963,0.410098563561275,0.024575685777723292,0.0,0.0030076924072188604,0.0,0.0006743989792511416,0.0,0.0032562225100245847,0.6054421768707483,0.09781021897810219
0.021474420587365695,0.166666667,0.291738813730281,0.7615380234877724,0.0,0.7500000000000001,0.6666666666666667,0.07545624655743932,0.7133563402404398,0.006858899207736422,0.8215770314593134,0.017380219628811776,0.6408308396103357,0.03226484780028753,0.5224816489129582,0.02527621426891074,0.6168414676504297,0.12600607133210712,0.1818181818181818,0.031389069294141966,0.08333334388888869,0.08342500451009612,0.06504097848749509,0.04612461488712502,0.7619047619047619,0.27980535279805346
0.019218525288251413,0.0,0.5820147463364064,0.6888352151443338,0.010135135135135136,0.5555555555555557,0.0,0.07842567870374617,0.5096017338246844,0.001965722483702554,0.6087274854665594,0.0014474819852329937,0.4418011202860959,0.002897365299261279,0.3649193060286438,0.003909403279880179,0.41248286124189576,0.02518567598665968,0.0,0.003876366575811767,0.05555555555555555,0.05385557529448777,0.03670888692651007,0.005797868115039861,0.6054421768707483,0.04184914841849147
0.020013967970625404,0.0,0.2311675934752892,0.5184017594819107,0.0,0.5555555555555557,0.3333333333333333,0.02871678660759283,0.4762807346100405,0.0009269943806670033,0.7087897065360773,0.001717998519121365,0.4186874632554323,0.002234229695789597,0.3414357009825795,0.0028100338293670854,0.3904264217254539,0.03736599873863034,0.09090909090909091,0.0020371801019967374,0.02777778833333313,0.027467200954899924,0.008376795365525078,0.005485486132335481,0.31972789115646255,0.049635036496350364
0.01864336678700036,0.0,0.19792944235553173,0.007101393517242149,0.0,0.5555555555555557,0.0,0.005195255144873859,0.4529126140276686,0.0,0.5378447467986328,0.0003551713503654002,0.3829915916824412,0.00013911581616122095,0.3094134048071367,0.00034065600063358514,0.35271389772962397,0.015449633151951348,0.0,0.00026429115407683077,0.0,0.0,0.0,0.00114056653335444,0.04081632653061224,0.021411192214111925
0.019866157615956937,0.0,0.37972178010384466,0.6888352151443338,0.0,0.7500000000000001,0.3333333333333333,0.06276048375015117,0.5869555367607079,0.003445397782049643,0.719026946233972,0.0020745140436984996,0.500405394705572,0.0047235031984122515,0.4179703831743918,0.0037562769406691192,0.473227577222154,0.03007992430407413,0.1818181818181818,0.004634630482151246,0.05555555555555555,0.054158771471218545,0.03670888692651007,0.008376519604055546,0.48299319727891155,0.12360097323600974
0.02321777718803884,0.166666667,0.5845773251818359,0.7303608619318318,0.006756756756756757,0.5555555555555557,0.3333333333333333,0.08691135620770883,0.5479709116172294,0.003371223773956591,0.7605624638852402,0.0029414560175743685,0.4738113294036342,0.005177884521683395,0.39586338219009815,0.005885829174286308,0.4437689344404134,0.03198777898311712,0.09090909090909091,0.004297845471671903,0.08333334388888869,0.08961288900584612,0.06504097848749509,0.00864242029308002,0.48299319727891155,0.11970802919708029
0.019866157615956937,0.0,0.03332145485375737,0.007101393517242149,0.0,0.5555555555555557,0.0,0.004239277897132354,0.545814958013653,0.0,0.6007686728016233,0.0008158276540184157,0.46433618636677626,0.0011988510039365966,0.38072978837204646,0.0018010090195660904,0.43682700369032273,0.02365857737150561,0.0,0.002115003444742393,0.0,0.0009775951559819196,0.0,0.0029788025629082743,0.4693877551020408,0.08856447688564476
0.02537347792557007,0.047619048,0.5465475914188467,0.8626947299203682,0.0,0.7500000000000001,0.6666666666666667,0.1510680158563904,0.6595896514227028,0.03890620936304607,0.8703322608944595,0.01396251729265019,0.5998843545161094,0.026534029353974843,0.5071013147866101,0.013187087797618123,0.5658935878467544,0.06393304924832828,0.2727272727272727,0.022641873254091577,0.16666666666666669,0.1768783646915918,0.15003725317045005,0.034407125960057655,0.5578231292517006,0.2895377128953771
0.019866157615956937,0.0,0.03332145485375737,0.007101393517242149,0.0,0.5555555555555557,0.0,0.004239277897132354,0.545814958013653,0.0,0.6007686728016233,0.0008158276540184157,0.46433618636677626,0.0011988510039365966,0.38072978837204646,0.0018010090195660904,0.43682700369032273,0.02365857737150561,0.0,0.002115003444742393,0.0,0.0009775951559819196,0.0,0.0029788025629082743,0.4693877551020408,0.0807785888077859
0.019866157615956937,0.0,0.03332145485375737,0.007101393517242149,0.0,0.5555555555555557,0.0,0.004239277897132354,0.545814958013653,0.0,0.6007686728016233,0.0008158276540184157,0.46433618636677626,0.0011988510039365966,0.38072978837204646,0.0018010090195660904,0.43682700369032273,0.02365857737150561,0.0,0.002115003444742393,0.0,0.0009775951559819196,0.0,0.0029788025629082743,0.4693877551020408,0.06034063260340631
0.019866157615956937,0.0,0.03332145485375737,0.007101393517242149,0.0,0.5555555555555557,0.0,0.004239277897132354,0.545814958013653,0.0,0.6007686728016233,0.0008158276540184157,0.46433618636677626,0.0011988510039365966,0.38072978837204646,0.0018010090195660904,0.43682700369032273,0.02365857737150561,0.0,0.002115003444742393,0.0,0.0009775951559819196,0.0,0.0029788025629082743,0.4693877551020408,0.057420924574209255
0.019866157615956937,0.0,0.03332145485375737,0.007101393517242149,0.0,0.5555555555555557,0.0,0.004239277897132354,0.545814958013653,0.0,0.6007686728016233,0.0008158276540184157,0.46433618636677626,0.0011988510039365966,0.38072978837204646,0.0018010090195660904,0.43682700369032273,0.02365857737150561,0.0,0.002115003444742393,0.0,0.0009775951559819196,0.0,0.0029788025629082743,0.4693877551020408,0.0437956204379562
0.019866157615956937,0.0,0.708033315380819,0.7740519424642449,0.02027027027027027,0.5555555555555557,0.0,0.11668523550884453,0.5476613000664531,0.003661139911816022,0.6025373520329348,0.0016931676393904587,0.47040299530107527,0.0032880549475116853,0.3916397214872815,0.0036391995879034075,0.44051182084566237,0.024550398713966533,0.0,0.0035732279610409417,0.08333334388888869,0.08074935962883685,0.06504097848749509,0.006602475058742761,0.4693877551020408,0.06082725060827251
0.10179309999973962,0.0,0.5398075701123408,0.5184017594819107,0.0033783783783783786,0.40000000280000025,0.0,0.043638051615713824,0.3877733643448317,0.0006056363286055405,0.5353538595244018,0.00020125126877680076,0.323196206452771,0.00022296495087915068,0.26827338145330043,0.0007342751677656492,0.29441453086882,0.005835852346291179,0.0,0.00025282954790513146,0.02777778833333313,0.03545411753462756,0.008376795365525078,0.0009611861332727386,0.04081632653061224,0.07250608272506082
0.01864336678700036,0.0,0.8020950224432906,0.8251819790607118,0.016891891891891893,0.5555555555555557,0.3333333333333333,0.1306697069737257,0.4583308161662538,0.005972315796543837,0.7014474330710565,0.0010711600376363956,0.3922597316503302,0.0007562031244249006,0.3288194313674985,0.0027125284711382253,0.3544279245705296,0.01164829730143266,0.09090909090909091,0.0010524772367525104,0.11111111111111112,0.10636235263047326,0.09337307004848007,0.003918805487731735,0.14965986394557823,0.03309002433090024
0.028146198783046784,0.0,0.11245991041632941,0.007101393517242149,0.0,0.5555555555555557,0.0,0.004896143337560374,0.42427732133148055,0.0,0.5655004342456535,0.00024908108627489615,0.3530523702487121,0.0002010749611487127,0.28918688509652074,0.00043014388153984505,0.3221157390553809,0.0072229179556439135,0.0,0.00030548230454823183,0.0,0.002532436961061129,0.0,0.0008412339786771976,0.14285714285714285,0.016545012165450117
0.028231806512548682,0.0,0.4921229530088411,0.7740519424642449,0.006756756756756757,0.7500000000000001,0.3333333333333333,0.08743817024671591,0.5929476529934149,0.0072356902915672525,0.7818014550941514,0.006316919791046865,0.5272031579780792,0.01093041860779275,0.43750136793499234,0.010084899977232742,0.49662990903966014,0.05495664407564007,0.1818181818181818,0.015067067893514424,0.08333334388888869,0.08246390466593426,0.06504097848749509,0.017938429690257742,0.9795918367346939,0.13284671532846715
0.028146198783046784,0.0,0.11245991041632941,0.007101393517242149,0.0,0.5555555555555557,0.0,0.004896143337560374,0.42427732133148055,0.0,0.5655004342456535,0.00024908108627489615,0.3530523702487121,0.0002010749611487127,0.28918688509652074,0.00043014388153984505,0.3221157390553809,0.0072229179556439135,0.0,0.00030548230454823183,0.0,0.002532436961061129,0.0,0.0008412339786771976,0.14285714285714285,0.030656934306569343
0.034647552718702825,0.0,0.5459125368422258,0.8251819790607118,0.008445945945945946,0.7500000000000001,0.6666666666666667,0.11054272881459783,0.6242486256267744,0.014076032002755246,0.803385666958685,0.007860392734254573,0.5464319747819164,0.01102920280165874,0.45740467040192284,0.008501286728313488,0.5129028729068112,0.056987281468663914,0.1818181818181818,0.010407427351957705,0.11111111111111112,0.11232509057452329,0.09337307004848007,0.021869295602641017,0.5714285714285714,0.18296836982968367
0.01939927829130827,0.0,0.21420935344529274,0.5184017594819107,0.0,0.5555555555555557,0.3333333333333333,0.028647045180190477,0.5375875974143659,0.0009401783007125315,0.7239842847735762,0.0012520166893487663,0.4588738632679799,0.002093527898156348,0.37947539256739776,0.0019238160811079466,0.4259072563930942,0.021784577626787018,0.09090909090909091,0.002211640516386132,0.02777778833333313,0.02699347585294729,0.008376795365525078,0.004981753103084091,0.2925170068027211,0.07737226277372261
0.01939927829130827,0.0,0.05767174900450189,0.007101393517242149,0.0,0.5555555555555557,0.0,0.004450170327556943,0.48168383374614854,0.0,0.5912175988192844,0.00042643044845530175,0.4071926227542673,0.0005856892764141386,0.3346554474818481,0.0008577207853771023,0.3742503944868441,0.012366051067466072,0.0,0.0010066308120657132,0.0,0.00040288769532897256,0.0,0.0016211971832542828,0.2789115646258503,0.043309002433090014
0.025338550087016787,0.0,0.765976945815404,0.8836163064534452,0.0472972972972973,0.7500000000000001,0.6666666666666667,0.18286234344669577,0.6253096115507762,0.02224088541057741,0.798566460491905,0.007380272641984561,0.5451719716039689,0.008985237325316461,0.4680691248343812,0.007885638962084223,0.5097868682992301,0.04939048049024278,0.1818181818181818,0.010879183209344117,0.16666666666666669,0.16216229897864354,0.15003725317045005,0.0226639326430852,0.4625850340136054,0.09635036496350366
0.01939927829130827,0.0,0.05767174900450189,0.007101393517242149,0.0,0.5555555555555557,0.0,0.004450170327556943,0.48168383374614854,0.0,0.5912175988192844,0.00042643044845530175,0.4071926227542673,0.0005856892764141386,0.3346554474818481,0.0008577207853771023,0.3742503944868441,0.012366051067466072,0.0,0.0010066308120657132,0.0,0.00040288769532897256,0.0,0.0016211971832542828,0.2789115646258503,0.017518248175182473
0.01939927829130827,0.0,0.05767174900450189,0.007101393517242149,0.0,0.5555555555555557,0.0,0.004450170327556943,0.48168383374614854,0.0,0.5912175988192844,0.00042643044845530175,0.4071926227542673,0.0005856892764141386,0.3346554474818481,0.0008577207853771023,0.3742503944868441,0.012366051067466072,0.0,0.0010066308120657132,0.0,0.00040288769532897256,0.0,0.0016211971832542828,0.2789115646258503,0.03990267639902676
0.01939927829130827,0.0,0.05767174900450189,0.007101393517242149,0.0,0.5555555555555557,0.0,0.004450170327556943,0.48168383374614854,0.0,0.5912175988192844,0.00042643044845530175,0.4071926227542673,0.0005856892764141386,0.3346554474818481,0.0008577207853771023,0.3742503944868441,0.012366051067466072,0.0,0.0010066308120657132,0.0,0.00040288769532897256,0.0,0.0016211971832542828,0.2789115646258503,0.04817518248175181
0.02062206912026485,0.0,0.38514841732369726,0.6888352151443338,0.005067567567567568,0.5555555555555557,0.3333333333333333,0.05881967606486402,0.6116564973116655,0.003102090992544166,0.7455728509128305,0.0033297635559644354,0.5260291815735214,0.00583694637931997,0.43301789287885134,0.0045726216844986355,0.4945862667986732,0.0413836661615641,0.09090909090909091,0.006499565438178328,0.05555555555555555,0.05462683216631008,0.03670888692651007,0.011294643059653168,0.5170068027210885,0.13090024330900243
0.06021824058608798,0.0,0.5398075701123408,0.5184017594819107,0.0033783783783783786,0.5555555555555557,0.0,0.04079007349155292,0.4648553132362714,0.0006056363286055405,0.5527470288764382,0.0006453205063466389,0.392166436689882,0.0003289731550063936,0.3172853340586687,0.0008773125234355168,0.35645198218758495,0.014035236790480994,0.0,0.0004133562449877546,0.02777778833333313,0.03102235285941823,0.008376795365525078,0.0017322281008906848,0.04081632653061224,0.023357664233576637
0.02096923284670904,0.0,0.05141024482687018,0.007101393517242149,0.0,0.5555555555555557,0.0,0.0019029079993802128,0.5179876759499787,0.0,0.5997324475248247,0.0018800145578875983,0.4536542688980229,0.0009691345511796222,0.35971105514758633,0.0020870652236930753,0.421486105401996,0.0408898485713879,0.0,0.0015643326630701625,0.0,0.0013636198980189786,0.0,0.004243775228411658,0.2925170068027211,0.04817518248175181
0.02096923284670904,0.0,0.05141024482687018,0.007101393517242149,0.0,0.5555555555555557,0.0,0.0019029079993802128,0.5179876759499787,0.0,0.5997324475248247,0.0018800145578875983,0.4536542688980229,0.0009691345511796222,0.35971105514758633,0.0020870652236930753,0.421486105401996,0.0408898485713879,0.0,0.0015643326630701625,0.0,0.0013636198980189786,0.0,0.004243775228411658,0.2925170068027211,0.10754257907542578
0.6133633277345696,0.133333333,0.7480262785944829,0.8622857458706368,0.0,0.5555555555555557,0.6666666666666667,0.2082753625094595,0.6580906784268711,0.03180806492350013,0.8838486584972672,0.04213773807238993,0.6227285515092535,0.03210668477033604,0.5207326862922219,0.03624671800529324,0.5880545964941564,0.14663879235419164,0.2727272727272727,0.03856984582406012,0.2500000105555553,0.3163013294908515,0.23503352785340506,0.07004514919070545,0.6530612244897959,0.39708029197080286
0.02096923284670904,0.0,0.05141024482687018,0.007101393517242149,0.0,0.5555555555555557,0.0,0.0019029079993802128,0.5179876759499787,0.0,0.5997324475248247,0.0018800145578875983,0.4536542688980229,0.0009691345511796222,0.35971105514758633,0.0020870652236930753,0.421486105401996,0.0408898485713879,0.0,0.0015643326630701625,0.0,0.0013636198980189786,0.0,0.004243775228411658,0.2925170068027211,0.10705596107055962
0.02096923284670904,0.0,0.3308820474043585,0.5184017594819107,0.0,0.5555555555555557,0.3333333333333333,0.02808346772085079,0.5391016734126742,0.0008385733780425883,0.6995095749774198,0.003190768688796049,0.47603513502212463,0.0024105887993690206,0.3825252529073732,0.003042393644155543,0.4432062636646131,0.04626562631456674,0.09090909090909091,0.002611416202800697,0.02777778833333313,0.02795420805563729,0.008376795365525078,0.008253914695419338,0.30612244897959184,0.12214111922141119
0.02096923284670904,0.0,0.05141024482687018,0.007101393517242149,0.0,0.5555555555555557,0.0,0.0019029079993802128,0.5179876759499787,0.0,0.5997324475248247,0.0018800145578875983,0.4536542688980229,0.0009691345511796222,0.35971105514758633,0.0020870652236930753,0.421486105401996,0.0408898485713879,0.0,0.0015643326630701625,0.0,0.0013636198980189786,0.0,0.004243775228411658,0.2925170068027211,0.06569343065693431
0.01864336678700036,0.0,0.2549091303149999,0.007101393517242149,0.0,0.40000000280000025,0.0,0.012382022623297809,0.329543738295173,0.0,0.4183321051753005,3.1849319042689436e-05,0.26897410020136564,4.208545698579671e-05,0.22325031746269935,8.749216225215311e-05,0.24392281244096586,0.002770892558424052,0.0,6.867332101194618e-05,0.0,0.0,0.0,0.00026664189422709447,0.02040816326530612,0.009245742092457418
0.01864336678700036,0.0,0.2549091303149999,0.007101393517242149,0.0,0.40000000280000025,0.0,0.012382022623297809,0.329543738295173,0.0,0.4183321051753005,3.1849319042689436e-05,0.26897410020136564,4.208545698579671e-05,0.22325031746269935,8.749216225215311e-05,0.24392281244096586,0.002770892558424052,0.0,6.867332101194618e-05,0.0,0.0,0.0,0.00026664189422709447,0.02040816326530612,0.022871046228710466
0.02047083503183375,0.0,0.04598360760701764,0.007101393517242149,0.0,0.5555555555555557,0.0,0.0038543206161626223,0.4672227088745242,0.0,0.5938001991343794,0.0006688977930305494,0.39975235549016025,0.0006675221095034256,0.3239145305325782,0.0012664920542622994,0.3679594382042222,0.019397609500067383,0.0,0.0011243931970455255,0.0,0.0011688170630421504,0.0,0.002161892439916968,0.31292517006802717,0.11435523114355231
0.02047083503183375,0.0,0.5498628092645641,0.6888352151443338,0.005067567567567568,0.5555555555555557,0.3333333333333333,0.06855120364913839,0.47013758835256436,0.0023533297340100996,0.6524742003697485,0.0013719930130769485,0.4081807344813357,0.0016905659406857003,0.3361297610357295,0.0024232835903280547,0.37339594637232115,0.01989336403819324,0.09090909090909091,0.0017810437041317036,0.05555555555555555,0.05434999337827878,0.03670888692651007,0.005148986916754236,0.31292517006802717,0.04768856447688564
0.007102478148846423,0.1,0.5272344122243138,0.8144587127061039,0.0,0.5555555555555557,0.3333333333333333,0.11356695321389605,0.5949563523228417,0.010247008001407269,0.788429924293319,0.009260720026422139,0.5353872453620792,0.012079125138722063,0.4405294618303674,0.010596437121822358,0.5018500057524982,0.06713966137213746,0.1818181818181818,0.01135989645642774,0.11111111111111112,0.10909532192713213,0.09337307004848007,0.020686658615520014,0.5238095238095238,0.224330900243309
0.02047083503183375,0.0,0.04598360760701764,0.007101393517242149,0.0,0.5555555555555557,0.0,0.0038543206161626223,0.4672227088745242,0.0,0.5938001991343794,0.0006688977930305494,0.39975235549016025,0.0006675221095034256,0.3239145305325782,0.0012664920542622994,0.3679594382042222,0.019397609500067383,0.0,0.0011243931970455255,0.0,0.0011688170630421504,0.0,0.002161892439916968,0.31292517006802717,0.0535279805352798
0.02047083503183375,0.0,0.42776347808564563,0.6888352151443338,0.0,0.5555555555555557,0.3333333333333333,0.06315532160133246,0.5265095450975653,0.0031839166989548404,0.7063943926560181,0.002249274765562774,0.4577963118217316,0.0028882573803413803,0.37604446484772663,0.0031017687483837044,0.42602032224524694,0.03261395728661126,0.09090909090909091,0.0029327906503601084,0.05555555555555555,0.05434999337827878,0.03670888692651007,0.007556138506538005,0.31972789115646255,0.09683698296836982
0.02047083503183375,0.0,0.3261337402643351,0.5184017594819107,0.0,0.5555555555555557,0.3333333333333333,0.034176443244946064,0.46907660242856275,0.0008404749051519262,0.6422487486634376,0.0011287605314679325,0.405649573494077,0.001322559140549531,0.33099023390059773,0.0018212003167722157,0.3713580402058036,0.019639918043775045,0.09090909090909091,0.001445767644604937,0.02777778833333313,0.027759405220660473,0.008376795365525078,0.004082256892574999,0.31292517006802717,0.04720194647201945
0.02047083503183375,0.0,0.2311675934752892,0.5184017594819107,0.0,0.5555555555555557,0.3333333333333333,0.027512576073172673,0.5013479429710624,0.0009269943806670033,0.7168345257620251,0.0016458532098673562,0.4292665112784096,0.002026068130622445,0.35112904941024786,0.0026006181327487025,0.39590204028444403,0.028637338060347194,0.09090909090909091,0.0018875050096368994,0.02777778833333313,0.027759405220660473,0.008376795365525078,0.005106999154275896,0.3469387755102041,0.11046228710462289
0.02047083503183375,0.0,0.04598360760701764,0.007101393517242149,0.0,0.5555555555555557,0.0,0.0038543206161626223,0.4672227088745242,0.0,0.5938001991343794,0.0006688977930305494,0.39975235549016025,0.0006675221095034256,0.3239145305325782,0.0012664920542622994,0.3679594382042222,0.019397609500067383,0.0,0.0011243931970455255,0.0,0.0011688170630421504,0.0,0.002161892439916968,0.31292517006802717,0.05839416058394161
0.032897607588352,0.0,0.11245991041632941,0.007101393517242149,0.0,0.27272727781818185,0.0,0.006831772705823025,0.15775463662176037,0.0,0.4279699997998512,3.927517908718666e-06,0.14047199286850526,9.060063657350884e-05,0.11447115482595283,0.0003258304729715298,0.12509566178518605,0.00017064667641965083,0.0,0.00013031557269167345,0.0,0.003798655454886987,0.0,0.0003671480385466355,0.14285714285714285,0.0043795620437956165
0.31576155685287577,0.333333333,0.596787258071809,0.5120249972049252,0.005067567567567568,0.27272727781818185,0.3333333333333333,0.07067328066048403,0.15813221168368263,0.0009805540557221823,0.48637069461147775,1.1183856216100727e-05,0.14471207300842287,0.00030679419387673714,0.12219073658798851,0.0018559700596379538,0.12717861927686686,0.00019407749839131787,0.09090909090909091,0.00028776015719031027,0.05555555555555555,0.08357041992774192,0.03670888692651007,0.0013016445084850078,0.18367346938775508,0.035036496350364967
0.032897607588352,0.0,0.11245991041632941,0.007101393517242149,0.0,0.27272727781818185,0.0,0.006831772705823025,0.15775463662176037,0.0,0.4279699997998512,3.927517908718666e-06,0.14047199286850526,9.060063657350884e-05,0.11447115482595283,0.0003258304729715298,0.12509566178518605,0.00017064667641965083,0.0,0.00013031557269167345,0.0,0.003798655454886987,0.0,0.0003671480385466355,0.14285714285714285,0.013138686131386863
0.31576155685287577,1.0,0.32455097102772834,0.2413024678591168,0.0,0.27272727781818185,0.3333333333333333,0.03574155123027535,0.1580076119132483,0.0003460779020603088,0.48621082527865245,8.847867625735119e-06,0.1431933766584212,0.0002316801417692296,0.11896724813987047,0.0013174380196819136,0.1272563566002412,0.000191994758660503,0.09090909090909091,0.00023324529086105142,0.02777778833333313,0.039252772989514545,0.008376795365525078,0.0010001626614346468,0.18367346938775508,0.01557177615571776
0.023120833734986697,0.0,0.735987636333063,0.8836163064534452,0.0472972972972973,0.5555555555555557,0.6666666666666667,0.18523015152239375,0.6263705974747779,0.024561643105728663,0.7999992299035725,0.014661460861017174,0.5686027217745246,0.017599335973424435,0.48238322919536997,0.015128833075651313,0.5390754639037827,0.09110995458888013,0.1818181818181818,0.021716982636180337,0.16666666666666669,0.1618213606794842,0.15003725317045005,0.03923374538994288,0.7959183673469388,0.17420924574209246
0.01864336678700036,0.0,0.11245991041632941,0.007101393517242149,0.0,0.40000000280000025,0.0,0.007585454902414933,0.40788301214281386,0.0,0.5408449694628332,0.00034567065198646044,0.34650166097916996,0.00018061675295583552,0.28168641124028887,0.00035594600768216675,0.315942515218593,0.010024015447014105,0.0,0.00030317072011024207,0.0,0.0,0.0,0.0009275048801655176,0.14285714285714285,0.04866180048661801
0.01864336678700036,0.0,0.11245991041632941,0.007101393517242149,0.0,0.40000000280000025,0.0,0.007585454902414933,0.40788301214281386,0.0,0.5408449694628332,0.00034567065198646044,0.34650166097916996,0.00018061675295583552,0.28168641124028887,0.00035594600768216675,0.315942515218593,0.010024015447014105,0.0,0.00030317072011024207,0.0,0.0,0.0,0.0009275048801655176,0.14285714285714285,0.008272506082725062
0.01864336678700036,0.0,0.11245991041632941,0.007101393517242149,0.0,0.40000000280000025,0.0,0.007585454902414933,0.40788301214281386,0.0,0.5408449694628332,0.00034567065198646044,0.34650166097916996,0.00018061675295583552,0.28168641124028887,0.00035594600768216675,0.315942515218593,0.010024015447014105,0.0,0.00030317072011024207,0.0,0.0,0.0,0.0009275048801655176,0.14285714285714285,0.050121654501216535
0.01864336678700036,0.0,0.11245991041632941,0.007101393517242149,0.0,0.40000000280000025,0.0,0.007585454902414933,0.40788301214281386,0.0,0.5408449694628332,0.00034567065198646044,0.34650166097916996,0.00018061675295583552,0.28168641124028887,0.00035594600768216675,0.315942515218593,0.010024015447014105,0.0,0.00030317072011024207,0.0,0.0,0.0,0.0009275048801655176,0.14285714285714285,0.06569343065693431
1.0,0.083333333,0.8583758254702951,0.8449887019594292,0.045608108108108114,0.5555555555555557,0.3333333333333333,0.24299465968011974,0.5560510179423667,0.011349736110564244,0.7466552180304247,0.01904736997570674,0.51659518261908,0.016418936255278852,0.4311823438974111,0.022465792899653267,0.481019711547182,0.10356952327368446,0.09090909090909091,0.021190166121694585,0.2222222222222222,0.3198876348220929,0.20670143629242005,0.03753502928368223,0.8163265306122448,0.19318734793187345
0.2332612541473392,1.0,0.108143267147365,0.4416748475066087,0.0,0.5555555555555557,0.3333333333333333,0.02926753215756686,0.5535514710324413,0.0003460779020603088,0.7079094080032398,0.006055004278392445,0.5009019843768987,0.007291930270616624,0.4023544118453521,0.011376451102783607,0.4754278652161558,0.08779707067030615,0.09090909090909091,0.010014136944105278,0.02777778833333313,0.029607047346124352,0.008376795365525078,0.017173789202470348,0.8095238095238095,0.1289537712895377
0.024582638582708875,0.0,0.08397006643659533,0.007101393517242149,0.0,0.40000000280000025,0.0,0.0072046679919890375,0.3610674802150666,0.0,0.5103151303788694,0.0002619530079300796,0.3118125132904869,0.00021218084565983024,0.25119067153020597,0.0005505428857232302,0.284601204416631,0.011394635222767393,0.0,0.00038292038322088924,0.0,0.002215882337604662,0.0,0.0009993300887643215,0.2312925170068027,0.017518248175182473
0.024582638582708875,0.0,0.08397006643659533,0.007101393517242149,0.0,0.40000000280000025,0.0,0.0072046679919890375,0.3610674802150666,0.0,0.5103151303788694,0.0002619530079300796,0.3118125132904869,0.00021218084565983024,0.25119067153020597,0.0005505428857232302,0.284601204416631,0.011394635222767393,0.0,0.00038292038322088924,0.0,0.002215882337604662,0.0,0.0009993300887643215,0.2312925170068027,0.016058394160583946
0.2332612541473392,1.0,0.108143267147365,0.4416748475066087,0.0,0.5555555555555557,0.3333333333333333,0.02926753215756686,0.5535514710324413,0.0003460779020603088,0.7079094080032398,0.006055004278392445,0.5009019843768987,0.007291930270616624,0.4023544118453521,0.011376451102783607,0.4754278652161558,0.08779707067030615,0.09090909090909091,0.010014136944105278,0.02777778833333313,0.029607047346124352,0.008376795365525078,0.017173789202470348,0.8095238095238095,0.2004866180048662
0.482654926002684,1.0,0.3585085630721778,0.13887170419721095,0.0,0.40000000280000025,0.3333333333333333,0.03570523692677054,0.3612789222497431,0.0003460779020603088,0.5773866457860839,0.0005886829797702415,0.31425296462524827,0.00037682053633833663,0.25554954965157445,0.0015600769424966192,0.28607548106883524,0.012803369135594593,0.09090909090909091,0.0005543628957051307,0.02777778833333313,0.055397058652841294,0.008376795365525078,0.0020721112535116216,0.24489795918367346,0.03795620437956205
0.024582638582708875,0.0,0.08397006643659533,0.007101393517242149,0.0,0.40000000280000025,0.0,0.0072046679919890375,0.3610674802150666,0.0,0.5103151303788694,0.0002619530079300796,0.3118125132904869,0.00021218084565983024,0.25119067153020597,0.0005505428857232302,0.284601204416631,0.011394635222767393,0.0,0.00038292038322088924,0.0,0.002215882337604662,0.0,0.0009993300887643215,0.2312925170068027,0.052554744525547446
0.024582638582708875,0.0,0.4534747092914269,0.5184017594819107,0.0033783783783783786,0.40000000280000025,0.0,0.045854186522709756,0.3614903642844197,0.0006537027039301474,0.5108143278594588,0.00039774808872106285,0.31383478303623386,0.00041088858546835396,0.25464868775159016,0.0010418196685675438,0.2856274032087676,0.011534262094321221,0.0,0.0005024485618686104,0.02777778833333313,0.028806470495222985,0.008376795365525078,0.0015239090744489378,0.2312925170068027,0.011678832116788322
0.482654926002684,1.0,0.3585085630721778,0.13887170419721095,0.0,0.40000000280000025,0.3333333333333333,0.03570523692677054,0.3612789222497431,0.0003460779020603088,0.5773866457860839,0.0005886829797702415,0.31425296462524827,0.00037682053633833663,0.25554954965157445,0.0015600769424966192,0.28607548106883524,0.012803369135594593,0.09090909090909091,0.0005543628957051307,0.02777778833333313,0.055397058652841294,0.008376795365525078,0.0020721112535116216,0.24489795918367346,0.022871046228710466
0.01916132879480501,0.0,0.005622995492326588,0.007101393517242149,0.0,0.5555555555555557,0.0,0.0033486792276088834,0.5510632513743731,0.0,0.6116354529739467,0.0035127457977969763,0.4939191030459042,0.0029500736304266676,0.3930240054440806,0.007440208504344467,0.4668807167373064,0.07640177678109887,0.0,0.007115666901581436,0.0,0.0008005768509013744,0.0,0.010524394451617701,0.7959183673469388,0.10705596107055962
0.01916132879480501,0.0,0.005622995492326588,0.007101393517242149,0.0,0.5555555555555557,0.0,0.0033486792276088834,0.5510632513743731,0.0,0.6116354529739467,0.0035127457977969763,0.4939191030459042,0.0029500736304266676,0.3930240054440806,0.007440208504344467,0.4668807167373064,0.07640177678109887,0.0,0.007115666901581436,0.0,0.0008005768509013744,0.0,0.010524394451617701,0.7959183673469388,0.0880778588807786
0.01916132879480501,0.0,0.005622995492326588,0.007101393517242149,0.0,0.5555555555555557,0.0,0.0033486792276088834,0.5510632513743731,0.0,0.6116354529739467,0.0035127457977969763,0.4939191030459042,0.0029500736304266676,0.3930240054440806,0.007440208504344467,0.4668807167373064,0.07640177678109887,0.0,0.007115666901581436,0.0,0.0008005768509013744,0.0,0.010524394451617701,0.7959183673469388,0.12749391727493917
0.01916132879480501,0.0,0.005622995492326588,0.007101393517242149,0.0,0.5555555555555557,0.0,0.0033486792276088834,0.5510632513743731,0.0,0.6116354529739467,0.0035127457977969763,0.4939191030459042,0.0029500736304266676,0.3930240054440806,0.007440208504344467,0.4668807167373064,0.07640177678109887,0.0,0.007115666901581436,0.0,0.0008005768509013744,0.0,0.010524394451617701,0.7959183673469388,0.13381995133819952
0.01916132879480501,0.0,0.005622995492326588,0.007101393517242149,0.0,0.5555555555555557,0.0,0.0033486792276088834,0.5510632513743731,0.0,0.6116354529739467,0.0035127457977969763,0.4939191030459042,0.0029500736304266676,0.3930240054440806,0.007440208504344467,0.4668807167373064,0.07640177678109887,0.0,0.007115666901581436,0.0,0.0008005768509013744,0.0,0.010524394451617701,0.7959183673469388,0.1318734793187348
0.01916132879480501,0.0,0.005622995492326588,0.007101393517242149,0.0,0.5555555555555557,0.0,0.0033486792276088834,0.5510632513743731,0.0,0.6116354529739467,0.0035127457977969763,0.4939191030459042,0.0029500736304266676,0.3930240054440806,0.007440208504344467,0.4668807167373064,0.07640177678109887,0.0,0.007115666901581436,0.0,0.0008005768509013744,0.0,0.010524394451617701,0.7959183673469388,0.04671532846715328
0.01916132879480501,0.0,0.005622995492326588,0.007101393517242149,0.0,0.5555555555555557,0.0,0.0033486792276088834,0.5510632513743731,0.0,0.6116354529739467,0.0035127457977969763,0.4939191030459042,0.0029500736304266676,0.3930240054440806,0.007440208504344467,0.4668807167373064,0.07640177678109887,0.0,0.007115666901581436,0.0,0.0008005768509013744,0.0,0.010524394451617701,0.7959183673469388,0.22189781021897806
0.01916132879480501,0.0,0.005622995492326588,0.007101393517242149,0.0,0.5555555555555557,0.0,0.0033486792276088834,0.5510632513743731,0.0,0.6116354529739467,0.0035127457977969763,0.4939191030459042,0.0029500736304266676,0.3930240054440806,0.007440208504344467,0.4668807167373064,0.07640177678109887,0.0,0.007115666901581436,0.0,0.0008005768509013744,0.0,0.010524394451617701,0.7959183673469388,0.0681265206812652
0.018174459115878873,0.071428571,0.6118844400692047,0.8937217389204368,0.013513513513513514,0.5555555555555557,0.6666666666666667,0.1626088426612225,0.6299311303087053,0.03859257539910916,0.8903431294663944,0.05161183075531844,0.6009717709691671,0.05156839463660272,0.49602125046876017,0.05460301624801839,0.5687452395150356,0.2041008343444948,0.36363636363636365,0.04025951773221239,0.1944444549999998,0.19574608493142878,0.17836934473143504,0.07746044119421547,0.8231292517006802,0.3367396593673965
0.01059928992624889,0.083333333,0.5957863659784413,0.9056851142052562,0.015202702702702704,1.0,0.6666666666666667,0.19754634645064573,0.7799001691536277,0.0543774875926028,0.9048545981316155,0.08107638718548907,0.7223508783695247,0.11009634266429626,0.6033236447888286,0.0858816047686477,0.7037658650828387,0.2821453772951232,0.36363636363636365,0.08561116703326149,0.2222222222222222,0.22180970275405235,0.20670143629242005,0.13611395123882503,0.9115646258503401,0.28905109489051095
0.0,0.1,0.38745062691519916,0.8129056726129111,0.0,0.7500000000000001,0.6666666666666667,0.09534095826774357,0.7191256871866126,0.014290723093933068,0.8480949117412571,0.027745899125340066,0.6500310360251538,0.04042460977454292,0.5340423480965151,0.030921017105101208,0.6253632127093478,0.16092570481031965,0.2727272727272727,0.036462772398153605,0.11111111111111112,0.11239241182790309,0.09337307004848007,0.05963487294951121,0.8299319727891156,0.27347931873479314
0.01916132879480501,0.0,0.005622995492326588,0.007101393517242149,0.0,0.5555555555555557,0.0,0.0033486792276088834,0.5510632513743731,0.0,0.6116354529739467,0.0035127457977969763,0.4939191030459042,0.0029500736304266676,0.3930240054440806,0.007440208504344467,0.4668807167373064,0.07640177678109887,0.0,0.007115666901581436,0.0,0.0008005768509013744,0.0,0.010524394451617701,0.7959183673469388,0.10948905109489052
0.01916132879480501,0.0,0.005622995492326588,0.007101393517242149,0.0,0.5555555555555557,0.0,0.0033486792276088834,0.5510632513743731,0.0,0.6116354529739467,0.0035127457977969763,0.4939191030459042,0.0029500736304266676,0.3930240054440806,0.007440208504344467,0.4668807167373064,0.07640177678109887,0.0,0.007115666901581436,0.0,0.0008005768509013744,0.0,0.010524394451617701,0.7959183673469388,0.0754257907542579
0.01916132879480501,0.0,0.2894422747573248,0.5184017594819107,0.0,0.5555555555555557,0.0,0.03739442947566572,0.5529284721802693,0.0008540309516910469,0.6134432417083842,0.004445415523606468,0.4971041776000871,0.005307503903357251,0.3982147445624093,0.008149755685788936,0.469894103208591,0.07734975399355189,0.09090909090909091,0.008040172255419678,0.02777778833333313,0.027391165008519697,0.008376795365525078,0.013065482672915355,0.7959183673469388,0.1318734793187348
0.01916132879480501,0.0,0.005622995492326588,0.007101393517242149,0.0,0.5555555555555557,0.0,0.0033486792276088834,0.5510632513743731,0.0,0.6116354529739467,0.0035127457977969763,0.4939191030459042,0.0029500736304266676,0.3930240054440806,0.007440208504344467,0.4668807167373064,0.07640177678109887,0.0,0.007115666901581436,0.0,0.0008005768509013744,0.0,0.010524394451617701,0.7959183673469388,0.12700729927007298
0.01916132879480501,0.0,0.005622995492326588,0.007101393517242149,0.0,0.5555555555555557,0.0,0.0033486792276088834,0.5510632513743731,0.0,0.6116354529739467,0.0035127457977969763,0.4939191030459042,0.0029500736304266676,0.3930240054440806,0.007440208504344467,0.4668807167373064,0.07640177678109887,0.0,0.007115666901581436,0.0,0.0008005768509013744,0.0,0.010524394451617701,0.7959183673469388,0.1635036496350365
0.027872242540291917,0.0,0.3837632963796999,0.7740519424642449,0.0,0.7500000000000001,0.6666666666666667,0.07581829888019134,0.6458572464205882,0.008990160047646871,0.8225631823227866,0.012596279310634185,0.5807887877073625,0.016630018196851608,0.4773767995474009,0.012650262781699926,0.5518323685703603,0.09132247995443714,0.1818181818181818,0.01710935274447839,0.08333334388888869,0.0833158147004551,0.06504097848749509,0.031167791495556436,0.7959183673469388,0.14695863746958635
0.01916132879480501,0.0,0.005622995492326588,0.007101393517242149,0.0,0.5555555555555557,0.0,0.0033486792276088834,0.5510632513743731,0.0,0.6116354529739467,0.0035127457977969763,0.4939191030459042,0.0029500736304266676,0.3930240054440806,0.007440208504344467,0.4668807167373064,0.07640177678109887,0.0,0.007115666901581436,0.0,0.0008005768509013744,0.0,0.010524394451617701,0.7959183673469388,0.12700729927007298
0.01864336678700036,0.0,0.15994298352595399,0.007101393517242149,0.0,0.5555555555555557,0.0,0.006643015319054195,0.38221545943333524,0.0,0.546781860351648,0.00012371636525860855,0.3153117621373503,9.293871750983765e-05,0.2597139944586911,0.00017318537118454877,0.2845873534538989,0.0035873369466021257,0.0,0.00011240079329725273,0.0,0.0,0.0,0.0004900586406095874,0.05442176870748299,0.03309002433090024
0.01894033972731917,0.0,0.4573369691783523,0.6888352151443338,0.005067567567567568,0.5555555555555557,0.3333333333333333,0.06877954747630026,0.4168428683622303,0.0028364816285222274,0.6996489921894851,0.0003124817371655367,0.35933535321841986,0.0012397239161762285,0.3048106036072831,0.0021681246151280583,0.32928022128977313,0.00453044054808504,0.09090909090909091,0.0014649987429154352,0.05555555555555555,0.053402764541019915,0.03670888692651007,0.0033459272487475085,0.4013605442176871,0.05985401459854014
0.01864336678700036,0.0,0.11245991041632941,0.007101393517242149,0.0,0.5555555555555557,0.0,0.007295710388938378,0.40718449827825764,0.0,0.5400692423311542,0.00018739728809802589,0.33505417002656485,0.00010287556152101298,0.2751133322700095,0.00026385061208484694,0.30400839696733967,0.005434086645367668,0.0,0.00015959564223954391,0.0,0.0,0.0,0.0005937357582510477,0.14285714285714285,0.034063260340632597
0.01864336678700036,0.0,0.11245991041632941,0.007101393517242149,0.0,0.5555555555555557,0.0,0.007295710388938378,0.40718449827825764,0.0,0.5400692423311542,0.00018739728809802589,0.33505417002656485,0.00010287556152101298,0.2751133322700095,0.00026385061208484694,0.30400839696733967,0.005434086645367668,0.0,0.00015959564223954391,0.0,0.0,0.0,0.0005937357582510477,0.14285714285714285,0.011678832116788322
0.01864336678700036,0.0,0.11245991041632941,0.007101393517242149,0.0,0.5555555555555557,0.0,0.007295710388938378,0.40718449827825764,0.0,0.5400692423311542,0.00018739728809802589,0.33505417002656485,0.00010287556152101298,0.2751133322700095,0.00026385061208484694,0.30400839696733967,0.005434086645367668,0.0,0.00015959564223954391,0.0,0.0,0.0,0.0005937357582510477,0.14285714285714285,0.007299270072992699
0.01864336678700036,0.0,0.11245991041632941,0.007101393517242149,0.0,0.5555555555555557,0.0,0.007295710388938378,0.40718449827825764,0.0,0.5400692423311542,0.00018739728809802589,0.33505417002656485,0.00010287556152101298,0.2751133322700095,0.00026385061208484694,0.30400839696733967,0.005434086645367668,0.0,0.00015959564223954391,0.0,0.0,0.0,0.0005937357582510477,0.14285714285714285,0.02773722627737226
0.26557475549326215,0.008333333,0.9808214809020217,0.9585494867560789,0.16216216216216217,0.40000000280000025,0.3333333333333333,0.4804293171916467,0.44326557119555354,0.07269685831895968,0.7982979788202673,0.002134046905786738,0.4101297285899665,0.0074188203098069245,0.3762475653290403,0.02167369855274899,0.36023095427566615,0.008071639602800289,0.1818181818181818,0.011911626714300717,0.41666667722222206,0.4316538810033687,0.40502607721931505,0.018589442877208987,0.4013605442176871,0.15620437956204378
0.01864336678700036,0.0,0.2549091303149999,0.007101393517242149,0.0,0.40000000280000025,0.0,0.009614821368593714,0.26511055397813077,0.0,0.48086564796000697,1.145434288543594e-05,0.2174290939654508,3.331765344278582e-05,0.18166822333038984,6.38290773133795e-05,0.19317803812661066,0.0004979362079938864,0.0,3.952167282174181e-05,0.0,0.0,0.0,0.00019911364865873583,0.02040816326530612,0.008272506082725062
0.01864336678700036,0.0,0.5398075701123408,0.5184017594819107,0.0,0.40000000280000025,0.3333333333333333,0.03370333074663427,0.3979490122636379,0.0006921558041206176,0.6086915019307231,0.0004264660884180386,0.3344576561126377,0.00011213819213007367,0.2705735831084675,0.0006028654681654313,0.29851337665664995,0.009275150756251647,0.09090909090909091,0.000146015083666354,0.02777778833333313,0.026590588157618316,0.008376795365525078,0.0012505874626128999,0.05442176870748299,0.02627737226277372
0.035273319183722604,0.0,0.4177082389334224,0.5184017594819107,0.0,0.5555555555555557,0.3333333333333333,0.031332186374501206,0.4770887452425542,0.0007959791747387101,0.6463843609996223,0.0008007381845558325,0.3992288615302099,0.00042148940578574484,0.3252746577650624,0.000961104632059104,0.3638820738704847,0.0174155728386621,0.09090909090909091,0.0005196891291352841,0.02777778833333313,0.029249646973380148,0.008376795365525078,0.0025432224965825398,0.09523809523809525,0.05450121654501217
0.006101899149433766,0.1,0.53644541467887,0.8181400753410495,0.0,0.7500000000000001,0.3333333333333333,0.1003798565969969,0.7316687307436717,0.009220417369859905,0.8335671522341059,0.022265683926886874,0.6490749458848,0.029038154122970943,0.528078437198336,0.026583383724042745,0.6216246563230459,0.14900829670826837,0.09090909090909091,0.029789484968392455,0.11111111111111112,0.10861175253740353,0.09337307004848007,0.050710736589576644,0.8707482993197279,0.23503649635036497
0.6959627748648629,0.039215686,0.8840328940638895,0.9547975513768207,0.09121621621621623,0.7500000000000001,0.6666666666666667,0.43237015952308927,0.806847701323023,0.15763176459384637,0.9293549824781415,0.11319757360942026,0.7427100688173534,0.11188054329715712,0.6614694725782098,0.10207384474873105,0.7088306991144697,0.25916239383065,0.36363636363636365,0.1409684132581311,0.4722222327777776,0.5364064886193679,0.461690260341285,0.17211937121435328,0.8843537414965986,0.3927007299270072
0.03535892691322451,0.0,0.16203015177509678,0.5184017594819107,0.0,0.5555555555555557,0.3333333333333333,0.027363212648156422,0.6356702712499244,0.0009596646689657774,0.7379161541894805,0.004148513866473683,0.5497316965651553,0.006836913174962048,0.449604844450645,0.008147040054608234,0.5219575539042953,0.060152941722515944,0.09090909090909091,0.012050482307277186,0.02777778833333313,0.029409350205398328,0.008376795365525078,0.01383599706395193,0.9795918367346939,0.11824817518248176
0.01864336678700036,0.0,0.2549091303149999,0.007101393517242149,0.0,0.40000000280000025,0.0,0.011386202296975935,0.36636863408445586,0.0,0.4220595317106117,6.321287526832848e-05,0.3013857869830176,4.383901768804333e-05,0.24615219739506983,0.00010881311113901783,0.2718115288851833,0.0054995237242852065,0.0,8.048808591722724e-05,0.0,0.0,0.0,0.00037445797112941026,0.02040816326530612,0.032603406326034055
0.01965562676042672,0.0,0.580507346982048,0.6888352151443338,0.010135135135135136,0.5555555555555557,0.0,0.07484576846936813,0.5639310094846853,0.001969981903929118,0.6138982850824632,0.0034470204697399118,0.4943632800972178,0.0045151595352445496,0.40009193199219045,0.0059607589348900595,0.4595966438392381,0.04998128085598437,0.0,0.005793408497711869,0.05555555555555555,0.05442207043812235,0.03670888692651007,0.010225147377579843,0.6394557823129251,0.13333333333333333
0.01864336678700036,0.0,0.2549091303149999,0.007101393517242149,0.0,0.40000000280000025,0.0,0.011386202296975935,0.36636863408445586,0.0,0.4220595317106117,6.321287526832848e-05,0.3013857869830176,4.383901768804333e-05,0.24615219739506983,0.00010881311113901783,0.2718115288851833,0.0054995237242852065,0.0,8.048808591722724e-05,0.0,0.0,0.0,0.00037445797112941026,0.02040816326530612,0.0043795620437956165
0.01965562676042672,0.0,0.39208245332811137,0.5184017594819107,0.0033783783783783786,0.5555555555555557,0.0,0.03800413764917496,0.563296683380656,0.0006783126880382053,0.613294392303015,0.0028373033285865067,0.49234101035147065,0.0035795701766869695,0.3964394067590234,0.005272866061080854,0.45834169481085746,0.049368583085397925,0.0,0.005075918372431377,0.02777778833333313,0.027831482280504038,0.008376795365525078,0.008310380309411343,0.6394557823129251,0.0681265206812652
0.01965562676042672,0.0,0.5899571803684832,0.7740519424642449,0.006756756756756757,0.5555555555555557,0.3333333333333333,0.08925876154751544,0.5823377937533981,0.005831412649716204,0.7101894032457567,0.005574114410806359,0.5169603929628339,0.006530119842983857,0.4219688216935687,0.007159311357460694,0.4791254639875096,0.053882554369061544,0.09090909090909091,0.007779091635284501,0.08333334388888869,0.08101265859574067,0.06504097848749509,0.015657262356694183,0.6394557823129251,0.12700729927007298
0.01965562676042672,0.0,0.013841219761080437,0.007101393517242149,0.0,0.5555555555555557,0.0,0.0021993892652737365,0.5626623572766266,0.0,0.6126912405871412,0.0022423535506329653,0.4903187406057237,0.0020569267100797213,0.3927951910320962,0.004664461324121537,0.45708868806255437,0.0487707274388182,0.0,0.004543001843456485,0.0,0.0012408941228857183,0.0,0.006444029614856936,0.6394557823129251,0.062287104622871035
0.23776264407535605,1.0,0.2196359900953485,0.5415075150539199,0.0,0.5555555555555557,0.6666666666666667,0.04390951065834432,0.5655206004953784,0.0006921558041206176,0.7952730441899407,0.010922634231386178,0.5036835882108384,0.011029812984956873,0.4086753891996506,0.017477963847323617,0.4706562874554994,0.08638756354035387,0.1818181818181818,0.009264990954160094,0.05555555555555555,0.06792840093256915,0.03670888692651007,0.01895809893305321,0.7006802721088435,0.21751824817518248
0.01965562676042672,0.0,0.013841219761080437,0.007101393517242149,0.0,0.5555555555555557,0.0,0.0021993892652737365,0.5626623572766266,0.0,0.6126912405871412,0.0022423535506329653,0.4903187406057237,0.0020569267100797213,0.3927951910320962,0.004664461324121537,0.45708868806255437,0.0487707274388182,0.0,0.004543001843456485,0.0,0.0012408941228857183,0.0,0.006444029614856936,0.6394557823129251,0.07007299270072992
0.01965562676042672,0.0,0.013841219761080437,0.007101393517242149,0.0,0.5555555555555557,0.0,0.0021993892652737365,0.5626623572766266,0.0,0.6126912405871412,0.0022423535506329653,0.4903187406057237,0.0020569267100797213,0.3927951910320962,0.004664461324121537,0.45708868806255437,0.0487707274388182,0.0,0.004543001843456485,0.0,0.0012408941228857183,0.0,0.006444029614856936,0.6394557823129251,0.08759124087591241
0.01965562676042672,0.0,0.013841219761080437,0.007101393517242149,0.0,0.5555555555555557,0.0,0.0021993892652737365,0.5626623572766266,0.0,0.6126912405871412,0.0022423535506329653,0.4903187406057237,0.0020569267100797213,0.3927951910320962,0.004664461324121537,0.45708868806255437,0.0487707274388182,0.0,0.004543001843456485,0.0,0.0012408941228857183,0.0,0.006444029614856936,0.6394557823129251,0.13430656934306567
0.02804675226413456,0.0,0.3786039520156589,0.7740519424642449,0.006756756756756757,0.5555555555555557,0.6666666666666667,0.07215639274496675,0.6374788557965324,0.008707930742971914,0.8167602215093897,0.014209397139916757,0.5772960203069029,0.022765192906277827,0.47015934434167,0.01870876922185804,0.542886270239862,0.1030175920381692,0.1818181818181818,0.017015733574739803,0.08333334388888869,0.08498014317250153,0.06504097848749509,0.03198233981653727,0.7074829931972789,0.267639902676399
0.01756979608543804,0.027777778,0.6695339385055584,0.9136079363028383,0.015202702702702704,1.0,0.6666666666666667,0.20980839072137464,0.7199525765722224,0.059540836374487996,0.8787777919213338,0.033339367143115396,0.6596476124322694,0.04418578516311291,0.5532337637451474,0.0324353620623487,0.6260973345150793,0.1381196969476231,0.2727272727272727,0.0429653878435765,0.2222222222222222,0.2180671541581238,0.20670143629242005,0.07027803719517502,0.7551020408163265,0.267639902676399
0.01965562676042672,0.0,0.013841219761080437,0.007101393517242149,0.0,0.5555555555555557,0.0,0.0021993892652737365,0.5626623572766266,0.0,0.6126912405871412,0.0022423535506329653,0.4903187406057237,0.0020569267100797213,0.3927951910320962,0.004664461324121537,0.45708868806255437,0.0487707274388182,0.0,0.004543001843456485,0.0,0.0012408941228857183,0.0,0.006444029614856936,0.6394557823129251,0.09294403892944039
0.01965562676042672,0.0,0.24013661857959728,0.5184017594819107,0.0,0.5555555555555557,0.3333333333333333,0.025187626574755977,0.5671177430073097,0.0009090312895271037,0.7175228020208345,0.003608629027924628,0.4972968878603942,0.004178998384652974,0.4013681579234895,0.006034953486488804,0.46300170495777265,0.05232460517164478,0.09090909090909091,0.005521733115569238,0.02777778833333313,0.027831482280504038,0.008376795365525078,0.010604663464046555,0.6394557823129251,0.12068126520681266
0.014914604239897229,0.027777778,0.7877899224955789,0.9135207033474011,0.07601351351351351,0.5555555555555557,0.6666666666666667,0.22749153174181302,0.6663860025373044,0.03292738972448881,0.8352844417912659,0.027160029428371486,0.6144371508216935,0.03034700448719857,0.517659710169114,0.027696868396214318,0.5805530076676249,0.131272940011337,0.1818181818181818,0.03281650478994007,0.2222222222222222,0.21667493451369663,0.20670143629242005,0.059835318594435506,0.7142857142857143,0.3104622871046228
0.01864336678700036,0.0,0.34987527710404587,0.007101393517242149,0.0,0.40000000280000025,0.0,0.010767640106004402,0.3659419742644837,0.0,0.42162517867185234,6.243786318191265e-05,0.3006274359419658,2.6887930851992656e-05,0.24514474776396106,7.103676282558028e-05,0.27058093283396395,0.00543209762892474,0.0,5.769329493149475e-05,0.0,0.0,0.0,0.00033290606098725984,0.0,0.017518248175182473
0.020623133642527183,0.0,0.08397006643659533,0.007101393517242149,0.0,0.40000000280000025,0.0,0.005715204112370309,0.4050889566845888,0.0,0.5651132319393336,0.00040231051266621093,0.35183660085974217,0.00025952698471582233,0.28125022203983346,0.0005304856784975249,0.31780812021381283,0.01166657334257056,0.0,0.00038131511625006303,0.0,0.0007386274547317474,0.0,0.0011419701445893552,0.2312925170068027,0.029197080291970802
0.020623133642527183,0.0,0.08397006643659533,0.007101393517242149,0.0,0.40000000280000025,0.0,0.005715204112370309,0.4050889566845888,0.0,0.5651132319393336,0.00040231051266621093,0.35183660085974217,0.00025952698471582233,0.28125022203983346,0.0005304856784975249,0.31780812021381283,0.01166657334257056,0.0,0.00038131511625006303,0.0,0.0007386274547317474,0.0,0.0011419701445893552,0.2312925170068027,0.03698296836982968
0.020623133642527183,0.0,0.4534747092914269,0.5184017594819107,0.0033783783783783786,0.40000000280000025,0.0,0.04350748693791827,0.4055533740107532,0.0006537027039301474,0.5656631599757277,0.0005429912607923366,0.3538588706054892,0.0004976225706633709,0.28474776438797417,0.0010208340323106023,0.31887798363940006,0.011809574252488308,0.0,0.0005003617148065363,0.02777778833333313,0.027329215612350067,0.008376795365525078,0.001723966529264155,0.2312925170068027,0.03454987834549878
0.020623133642527183,0.0,0.08397006643659533,0.007101393517242149,0.0,0.40000000280000025,0.0,0.005715204112370309,0.4050889566845888,0.0,0.5651132319393336,0.00040231051266621093,0.35183660085974217,0.00025952698471582233,0.28125022203983346,0.0005304856784975249,0.31780812021381283,0.01166657334257056,0.0,0.00038131511625006303,0.0,0.0007386274547317474,0.0,0.0011419701445893552,0.2312925170068027,0.04866180048661801
0.020623133642527183,0.0,0.08397006643659533,0.007101393517242149,0.0,0.40000000280000025,0.0,0.005715204112370309,0.4050889566845888,0.0,0.5651132319393336,0.00040231051266621093,0.35183660085974217,0.00025952698471582233,0.28125022203983346,0.0005304856784975249,0.31780812021381283,0.01166657334257056,0.0,0.00038131511625006303,0.0,0.0007386274547317474,0.0,0.0011419701445893552,0.2312925170068027,0.04282238442822384
0.01864336678700036,0.0,0.6347737169013867,0.5184017594819107,0.0033783783783783786,0.40000000280000025,0.0,0.05214175795233522,0.3058848849151211,0.0005191168530904632,0.4087028333081104,4.280242819526059e-05,0.2505437603325715,4.564213684567187e-05,0.20781923234711402,0.0004917430070037515,0.22332963997119143,0.0018615762022242807,0.0,4.9024853289033104e-05,0.02777778833333313,0.026590588157618316,0.008376795365525078,0.00031154731802068337,0.006802721088435374,0.01557177615571776
0.04715184838970365,0.0,0.11245991041632941,0.007101393517242149,0.0,0.40000000280000025,0.0,0.0026432450102318455,0.4099898809883403,0.0,0.5704099047236011,0.0004668479915873907,0.34609961438977704,0.0002174415278301257,0.2786530817992651,0.0007166531117711247,0.31308604063036755,0.013538162316050734,0.0,0.00034400871184806143,0.0,0.007597310909773971,0.0,0.00122264984032531,0.14285714285714285,0.06618004866180047
0.04715184838970365,0.0,0.38153065898719657,0.5184017594819107,0.0,0.40000000280000025,0.0,0.03777117433464143,0.410930042892527,0.0008157550548070025,0.5715212504028259,0.0006301923147079169,0.348880235176576,0.0004908765939099806,0.283155979079636,0.001245957214351504,0.3153819091292836,0.013706197757532877,0.09090909090909091,0.0005263670397339213,0.02777778833333313,0.034187899067392294,0.008376795365525078,0.001887689685022642,0.14285714285714285,0.07737226277372261
0.2807198863446983,0.166666667,0.580507346982048,0.6771844898072945,0.0,0.40000000280000025,0.3333333333333333,0.09396223376595046,0.40741859481664944,0.004360581565959891,0.6657804859084397,0.0008245780877913623,0.3590557200819671,0.0011468484090981855,0.29864696176921796,0.0027986464706425554,0.32506185200761356,0.010247769383144872,0.1818181818181818,0.001085513631012114,0.08333334388888869,0.10731201650084267,0.06504097848749509,0.0037354608520485813,0.21768707482993196,0.04914841849148418
0.035273319183722604,0.0,0.5872906432219653,0.6888352151443338,0.005067567567567568,0.40000000280000025,0.3333333333333333,0.06839593754581393,0.4030047423427776,0.0023071860138507514,0.6570885510252954,0.0005435559043329589,0.34639268300872567,0.0005156443008719921,0.2866564151561514,0.0014473973962428933,0.3130352681125658,0.009457351431327993,0.09090909090909091,0.0005195286024382015,0.05555555555555555,0.055840235130998464,0.03670888692651007,0.0024710388725766013,0.10884353741496598,0.06472019464720194
0.01864336678700036,0.0,0.2549091303149999,0.007101393517242149,0.0,0.40000000280000025,0.0,0.008909772108497638,0.30793134175074,0.0,0.46899897088443343,4.4942890743205985e-05,0.25378661412621323,2.4549849915663833e-05,0.20706932774545844,6.281193120199558e-05,0.22545374961419024,0.001954687685315022,0.0,3.464166123043007e-05,0.0,0.0,0.0,0.00021512587035160598,0.02040816326530612,0.024330900243309007
0.01864336678700036,0.0,0.34987527710404587,0.007101393517242149,0.0,0.27272727781818185,0.0,0.01680858223762194,0.1853364948951851,0.0,0.2623589521259877,2.3474795607190454e-06,0.14624563836297594,0.0,0.12079595270273763,3.0956805804872e-07,0.12863266897312792,0.00020423085457904022,0.0,1.0594762007453126e-06,0.0,0.0,0.0,5.634927210110673e-06,0.0,0.006326034063260336
0.01864336678700036,0.0,0.15994298352595399,0.007101393517242149,0.0,0.27272727781818185,0.0,0.008772727316472419,0.2949012263638011,0.0,0.4891583901862616,4.0537599832760795e-05,0.24619358224523585,2.8641491554239267e-05,0.20034659595758625,0.00012845161322026072,0.2177415299182907,0.0017630574061074113,0.0,4.4016420340055264e-05,0.0,0.0,0.0,0.00024567552539633125,0.05442176870748299,0.014598540145985404
0.02695835017807947,0.0,0.7587230378085199,0.8251819790607118,0.016891891891891893,0.40000000280000025,0.3333333333333333,0.1301222335606399,0.45936537183592085,0.00741375772336733,0.7125393454540301,0.0014738769536056535,0.4033233158840355,0.0014131443472732272,0.3366847501018237,0.0030228202988504278,0.36277420761083096,0.01602784595944483,0.09090909090909091,0.0018982924036808515,0.11111111111111112,0.10813505851651133,0.09337307004848007,0.005568259609113003,0.18367346938775508,0.08759124087591241
0.01864336678700036,0.0,0.15994298352595399,0.007101393517242149,0.0,0.27272727781818185,0.0,0.008772727316472419,0.2949012263638011,0.0,0.4891583901862616,4.0537599832760795e-05,0.24619358224523585,2.8641491554239267e-05,0.20034659595758625,0.00012845161322026072,0.2177415299182907,0.0017630574061074113,0.0,4.4016420340055264e-05,0.0,0.0,0.0,0.00024567552539633125,0.05442176870748299,0.012165450121654507
0.01864336678700036,0.0,0.3607285509739542,0.5184017594819107,0.0,0.40000000280000025,0.3333333333333333,0.03655195046626346,0.38598743430193916,0.0008536588251974544,0.6324810732662471,0.0003156168269858976,0.3267665424829615,0.00023549319321687536,0.26750308537860296,0.0007433947714721955,0.29401499472665,0.00686417645070971,0.09090909090909091,0.00023963425340493982,0.02777778833333313,0.026590588157618316,0.008376795365525078,0.001406575163782015,0.10884353741496598,0.019951338199513384
0.018728988901938238,0.0,0.4258481941934045,0.6888352151443338,0.005067567567567568,0.5555555555555557,0.3333333333333333,0.06687054431997136,0.5719280492961999,0.0029264833122016037,0.7092745508999322,0.0037075634996983423,0.5057943570405197,0.00592574859593899,0.41755321408006413,0.007687095940394062,0.4745693054259635,0.046079182057288864,0.09090909090909091,0.011035889371036174,0.05555555555555555,0.053340879547254805,0.03670888692651007,0.01277126432872465,0.9795918367346939,0.0905109489051095
0.020477553030435226,0.0,0.5370942515024145,0.6888352151443338,0.005067567567567568,0.5555555555555557,0.3333333333333333,0.0665805431683075,0.5674349060593246,0.002392187603800119,0.6792458995712176,0.003729901766519013,0.4956950245105038,0.003389192963835856,0.4037664055042392,0.004301420827655517,0.4611942191443575,0.04635681647025581,0.09090909090909091,0.004174336230936532,0.05555555555555555,0.05474532854885335,0.03670888692651007,0.010249751400885916,0.4897959183673469,0.09537712895377129
0.01864336678700036,0.0,0.2549091303149999,0.007101393517242149,0.0,0.40000000280000025,0.0,0.009098657814360124,0.37173397571437194,0.0,0.4870729594069694,0.00011656990935523125,0.3093689374108221,7.014242831707601e-05,0.2537039805598958,0.00014109106955796625,0.2776507339087006,0.005070463719189367,0.0,0.00013789243279397327,0.0,0.0,0.0,0.0004950277237499225,0.02040816326530612,0.012652068126520678
0.496315235308834,1.0,0.3973583502136704,0.1065209088942386,0.0,0.40000000280000025,0.3333333333333333,0.032467938672455565,0.3758533196399443,0.0003460779020603088,0.6013907092271024,0.0005069844548118498,0.32798993692479333,0.00023871314114735104,0.26431503418900965,0.001221099028203806,0.2941947592033303,0.011026425062331972,0.09090909090909091,0.00034063765120932634,0.02777778833333313,0.0549538822012747,0.008376795365525078,0.001778045901988711,0.18367346938775508,0.07153284671532845
0.02695835017807947,0.0,0.4923244970027163,0.5184017594819107,0.0033783783783783786,0.40000000280000025,0.0,0.04290419471909186,0.3760723131758593,0.0006344761536618735,0.5320219431914796,0.00034254678381683527,0.3275537160420657,0.00027307792007116047,0.2633911662472876,0.0007862518221975724,0.2937466813432627,0.00993342407899765,0.0,0.00030297808807374293,0.02777778833333313,0.02836329404365639,0.008376795365525078,0.0012972812821473115,0.10884353741496598,0.017518248175182473
0.496315235308834,1.0,0.3973583502136704,0.1065209088942386,0.0,0.40000000280000025,0.3333333333333333,0.032467938672455565,0.3758533196399443,0.0003460779020603088,0.6013907092271024,0.0005069844548118498,0.32798993692479333,0.00023871314114735104,0.26431503418900965,0.001221099028203806,0.2941947592033303,0.011026425062331972,0.09090909090909091,0.00034063765120932634,0.02777778833333313,0.0549538822012747,0.008376795365525078,0.001778045901988711,0.18367346938775508,0.02238442822384428
0.01864336678700036,0.0,0.08397006643659533,0.007101393517242149,0.0,0.27272727781818185,0.0,0.00958184336152397,0.2978010028393644,0.0,0.5135635298630945,3.1088700593617365e-05,0.2471216596317925,0.0001069672031754773,0.20635207401225136,0.0003390297115966226,0.22249717111471795,0.001352031323655765,0.0,0.00016781460913017421,0.0,0.0,0.0,0.00043874051471216576,0.2312925170068027,0.011192214111922144
0.01864336678700036,0.0,0.08397006643659533,0.007101393517242149,0.0,0.27272727781818185,0.0,0.00958184336152397,0.2978010028393644,0.0,0.5135635298630945,3.1088700593617365e-05,0.2471216596317925,0.0001069672031754773,0.20635207401225136,0.0003390297115966226,0.22249717111471795,0.001352031323655765,0.0,0.00016781460913017421,0.0,0.0,0.0,0.00043874051471216576,0.2312925170068027,0.017518248175182473
0.01864336678700036,0.0,0.08397006643659533,0.007101393517242149,0.0,0.27272727781818185,0.0,0.00958184336152397,0.2978010028393644,0.0,0.5135635298630945,3.1088700593617365e-05,0.2471216596317925,0.0001069672031754773,0.20635207401225136,0.0003390297115966226,0.22249717111471795,0.001352031323655765,0.0,0.00016781460913017421,0.0,0.0,0.0,0.00043874051471216576,0.2312925170068027,0.0170316301703163
0.01864336678700036,0.0,0.08397006643659533,0.007101393517242149,0.0,0.27272727781818185,0.0,0.00958184336152397,0.2978010028393644,0.0,0.5135635298630945,3.1088700593617365e-05,0.2471216596317925,0.0001069672031754773,0.20635207401225136,0.0003390297115966226,0.22249717111471795,0.001352031323655765,0.0,0.00016781460913017421,0.0,0.0,0.0,0.00043874051471216576,0.2312925170068027,0.03552311435523114
0.3643368153616777,0.142857143,0.6612041867539677,0.8475154880345834,0.02702702702702703,0.5555555555555557,0.6666666666666667,0.1849219932189775,0.6554740832477494,0.023923341837112245,0.851314484941166,0.01767097358688107,0.587415873832382,0.025012864053074627,0.5000192652419688,0.02181489931921748,0.5549610094614783,0.085409139276461,0.2727272727272727,0.024857334305868277,0.1944444549999998,0.22606130380327974,0.17836934473143504,0.04034372204970096,0.5782312925170068,0.22530413625304133
0.01864336678700036,0.0,0.4534747092914269,0.5184017594819107,0.0033783783783783786,0.27272727781818185,0.0,0.04958403761802549,0.2981634748988098,0.0006537027039301474,0.5140654721096127,4.7208646762166595e-05,0.24914392937753954,0.0002181463961460942,0.20975113106871596,0.0008248819741814154,0.22344170793623025,0.0013686125353377146,0.0,0.00022281105555068092,0.02777778833333313,0.026590588157618316,0.008376795365525078,0.0007596974169683571,0.2312925170068027,0.02725060827250609
0.01864336678700036,0.0,0.08397006643659533,0.007101393517242149,0.0,0.27272727781818185,0.0,0.00958184336152397,0.2978010028393644,0.0,0.5135635298630945,3.1088700593617365e-05,0.2471216596317925,0.0001069672031754773,0.20635207401225136,0.0003390297115966226,0.22249717111471795,0.001352031323655765,0.0,0.00016781460913017421,0.0,0.0,0.0,0.00043874051471216576,0.2312925170068027,0.018491484184914843
0.01864336678700036,0.0,0.30152887511270965,0.5184017594819107,0.0,0.40000000280000025,0.3333333333333333,0.03332183808119327,0.37346326949797615,0.000884421305419046,0.6683171708389932,0.0002212644394894201,0.31440362894448276,0.0004128160073297988,0.26172245342301786,0.0009489201065483496,0.2852854771825188,0.004812011339143226,0.09090909090909091,0.00037649931533758436,0.02777778833333313,0.026590588157618316,0.008376795365525078,0.0016164850609811507,0.23809523809523808,0.010705596107055959
0.01864336678700036,0.0,0.34987527710404587,0.007101393517242149,0.0,0.27272727781818185,0.0,0.01452501564690948,0.20603893554038533,0.0,0.3723743804998393,4.59857262271824e-06,0.1670677940287228,1.1690404718188596e-05,0.13909427846510303,1.459327769678942e-05,0.14922038141969807,0.0004000760783168872,0.0,1.367687459143949e-05,0.0,0.0,0.0,7.671254104607713e-05,0.0,0.008272506082725062
0.01864336678700036,0.0,0.7297398631206358,0.6888352151443338,0.010135135135135136,0.5555555555555557,0.0,0.08590193405745936,0.38266099800640363,0.0013843116082412352,0.4942427456434758,0.00015595790343781493,0.31305957962864855,0.00016726637279138997,0.263089667386278,0.0011003916269706007,0.2831615182348198,0.003391593256426156,0.0,0.00017571252262663927,0.05555555555555555,0.053181176315236625,0.03670888692651007,0.0008464180202457287,0.03401360544217687,0.017518248175182473
0.01864336678700036,0.0,0.2549091303149999,0.007101393517242149,0.0,0.40000000280000025,0.0,0.014552668411592473,0.24085513200024167,0.0,0.33153820722937255,4.28316942603795e-06,0.18839267151994915,5.260682124217647e-06,0.15805470570069696,3.78792436912061e-05,0.16904077525352473,0.00037263598236340163,0.0,7.031069332218893e-06,0.0,0.0,0.0,5.802093673923993e-05,0.02040816326530612,0.0034063260340632673
0.01864336678700036,0.0,0.2549091303149999,0.007101393517242149,0.0,0.40000000280000025,0.0,0.014552668411592473,0.24085513200024167,0.0,0.33153820722937255,4.28316942603795e-06,0.18839267151994915,5.260682124217647e-06,0.15805470570069696,3.78792436912061e-05,0.16904077525352473,0.00037263598236340163,0.0,7.031069332218893e-06,0.0,0.0,0.0,5.802093673923993e-05,0.02040816326530612,0.0009732360097323631
0.018728988901938238,0.0,0.28412948295401524,0.5184017594819107,0.0,0.5555555555555557,0.3333333333333333,0.030231914305942874,0.5716071104935662,0.0008558412983476846,0.7048695337925468,0.003368874509933654,0.5030136956594784,0.00469458374093113,0.4115157159697103,0.007056967329399638,0.47285781841758295,0.04884816370200989,0.09090909090909091,0.009580265387230365,0.02777778833333313,0.026750291389636496,0.008376795365525078,0.01097559978203124,0.9795918367346939,0.20389294403892946
0.018728988901938238,0.0,0.473331267303029,0.6888352151443338,0.005067567567567568,0.5555555555555557,0.3333333333333333,0.0671670897454117,0.5604497674137617,0.0026957647107127046,0.6944197525613911,0.003715967079728146,0.4944619874213699,0.005506784290668056,0.40856613643480927,0.007855633497744754,0.4630641995320211,0.04618362885136456,0.09090909090909091,0.01038161465906682,0.05555555555555555,0.053340879547254805,0.03670888692651007,0.012272451439231,0.9795918367346939,0.09683698296836982
0.018728988901938238,0.0,0.0,0.007101393517242149,0.0,0.5555555555555557,0.0,0.0049701192950533934,0.558558116353531,0.0,0.6127176906050162,0.0020118540516808224,0.4879931303829674,0.002375490239561192,0.3972882248039998,0.006036165592997043,0.4584215674759033,0.04375735942592445,0.0,0.008306453940540333,0.0,0.00015970323201818307,0.0,0.00625526919441861,0.9795918367346939,0.13527980535279804
0.018728988901938238,0.0,0.0,0.007101393517242149,0.0,0.5555555555555557,0.0,0.0049701192950533934,0.558558116353531,0.0,0.6127176906050162,0.0020118540516808224,0.4879931303829674,0.002375490239561192,0.3972882248039998,0.006036165592997043,0.4584215674759033,0.04375735942592445,0.0,0.008306453940540333,0.0,0.00015970323201818307,0.0,0.00625526919441861,0.9795918367346939,0.12311435523114353
0.018728988901938238,0.0,0.0,0.007101393517242149,0.0,0.5555555555555557,0.0,0.0049701192950533934,0.558558116353531,0.0,0.6127176906050162,0.0020118540516808224,0.4879931303829674,0.002375490239561192,0.3972882248039998,0.006036165592997043,0.4584215674759033,0.04375735942592445,0.0,0.008306453940540333,0.0,0.00015970323201818307,0.0,0.00625526919441861,0.9795918367346939,0.13284671532846715
0.018728988901938238,0.0,0.0,0.007101393517242149,0.0,0.5555555555555557,0.0,0.0049701192950533934,0.558558116353531,0.0,0.6127176906050162,0.0020118540516808224,0.4879931303829674,0.002375490239561192,0.3972882248039998,0.006036165592997043,0.4584215674759033,0.04375735942592445,0.0,0.008306453940540333,0.0,0.00015970323201818307,0.0,0.00625526919441861,0.9795918367346939,0.08759124087591241
0.018728988901938238,0.0,0.0,0.007101393517242149,0.0,0.5555555555555557,0.0,0.0049701192950533934,0.558558116353531,0.0,0.6127176906050162,0.0020118540516808224,0.4879931303829674,0.002375490239561192,0.3972882248039998,0.006036165592997043,0.4584215674759033,0.04375735942592445,0.0,0.008306453940540333,0.0,0.00015970323201818307,0.0,0.00625526919441861,0.9795918367346939,0.1347931873479319
0.018728988901938238,0.0,0.1891633367347662,0.5184017594819107,0.0,0.5555555555555557,0.3333333333333333,0.033506938373792886,0.5655206004953784,0.000942360773862762,0.6958734273692372,0.003061646420474187,0.49841059877961186,0.0047379507340053065,0.4093184829827485,0.006837308182542529,0.46704720822940177,0.04439335264040006,0.09090909090909091,0.009797875377795568,0.02777778833333313,0.026750291389636496,0.008376795365525078,0.010422984281830052,0.9795918367346939,0.09927007299270074
0.19708277456104245,0.666666667,0.19521612374560537,0.5693062502383425,0.0,0.5555555555555557,0.6666666666666667,0.048800328753517946,0.6378413278559777,0.0015057424510754851,0.8008797031416033,0.01351588685544082,0.5767529153895823,0.019687230635283243,0.4695918876118294,0.021906401667382645,0.549857244291283,0.10689784810393778,0.1818181818181818,0.02191757679685478,0.05555555555555555,0.0603969441138828,0.03670888692651007,0.029647706605333172,0.9863945578231292,0.26569343065693424
0.018728988901938238,0.0,0.4258481941934045,0.6888352151443338,0.005067567567567568,0.5555555555555557,0.3333333333333333,0.06252886778610105,0.5952923941279525,0.0029264833122016037,0.7346244193252014,0.004331016659537988,0.5228146068197901,0.0075036956830726986,0.43317725540675295,0.00862232875688734,0.49331237279696133,0.05382781996893573,0.09090909090909091,0.012305430807583808,0.05555555555555555,0.053340879547254805,0.03670888692651007,0.014796233358285442,0.9795918367346939,0.19951338199513377
0.018728988901938238,0.0,0.0,0.007101393517242149,0.0,0.5555555555555557,0.0,0.0049701192950533934,0.558558116353531,0.0,0.6127176906050162,0.0020118540516808224,0.4879931303829674,0.002375490239561192,0.3972882248039998,0.006036165592997043,0.4584215674759033,0.04375735942592445,0.0,0.008306453940540333,0.0,0.00015970323201818307,0.0,0.00625526919441861,0.9795918367346939,0.08953771289537713
0.07422149868594077,0.111111111,0.6606046875026336,0.8805722040522205,0.0,0.5555555555555557,0.6666666666666667,0.2022244756480836,0.6698143840995588,0.06316217820314417,0.9072159510495471,0.05716387597952657,0.6402817003891632,0.06431406918783696,0.5366271784766556,0.04956269026582284,0.6046113859756286,0.16577471081393147,0.2727272727272727,0.05969753495525014,0.2500000105555553,0.2957453737395579,0.23503352785340506,0.08027017153399776,0.9795918367346939,0.34793187347931864
0.018728988901938238,0.0,0.0,0.007101393517242149,0.0,0.5555555555555557,0.0,0.0049701192950533934,0.558558116353531,0.0,0.6127176906050162,0.0020118540516808224,0.4879931303829674,0.002375490239561192,0.3972882248039998,0.006036165592997043,0.4584215674759033,0.04375735942592445,0.0,0.008306453940540333,0.0,0.00015970323201818307,0.0,0.00625526919441861,0.9795918367346939,0.10170316301703161
0.018728988901938238,0.0,0.0,0.007101393517242149,0.0,0.5555555555555557,0.0,0.0049701192950533934,0.558558116353531,0.0,0.6127176906050162,0.0020118540516808224,0.4879931303829674,0.002375490239561192,0.3972882248039998,0.006036165592997043,0.4584215674759033,0.04375735942592445,0.0,0.008306453940540333,0.0,0.00015970323201818307,0.0,0.00625526919441861,0.9795918367346939,0.12798053527980535
0.018728988901938238,0.0,0.7568730480803052,0.8251819790607118,0.033783783783783786,0.5555555555555557,0.0,0.15655583853480126,0.561080317767172,0.006367833397909682,0.6151348850947885,0.0042285823793327985,0.49608220936595576,0.006930149745701994,0.41193868573781595,0.009196256346756802,0.46345228403804634,0.0459852869433744,0.0,0.0123827404648988,0.11111111111111112,0.10652205586249143,0.09337307004848007,0.01411678687161486,0.9795918367346939,0.1440389294403893
0.018728988901938238,0.0,0.0,0.007101393517242149,0.0,0.5555555555555557,0.0,0.0049701192950533934,0.558558116353531,0.0,0.6127176906050162,0.0020118540516808224,0.4879931303829674,0.002375490239561192,0.3972882248039998,0.006036165592997043,0.4584215674759033,0.04375735942592445,0.0,0.008306453940540333,0.0,0.00015970323201818307,0.0,0.00625526919441861,0.9795918367346939,0.10997566909975667
0.018728988901938238,0.0,0.0,0.007101393517242149,0.0,0.5555555555555557,0.0,0.0049701192950533934,0.558558116353531,0.0,0.6127176906050162,0.0020118540516808224,0.4879931303829674,0.002375490239561192,0.3972882248039998,0.006036165592997043,0.4584215674759033,0.04375735942592445,0.0,0.008306453940540333,0.0,0.00015970323201818307,0.0,0.00625526919441861,0.9795918367346939,0.11727493917274939
0.018728988901938238,0.0,0.0,0.007101393517242149,0.0,0.5555555555555557,0.0,0.0049701192950533934,0.558558116353531,0.0,0.6127176906050162,0.0020118540516808224,0.4879931303829674,0.002375490239561192,0.3972882248039998,0.006036165592997043,0.4584215674759033,0.04375735942592445,0.0,0.008306453940540333,0.0,0.00015970323201818307,0.0,0.00625526919441861,0.9795918367346939,0.020437956204379555
0.018728988901938238,0.0,0.0,0.007101393517242149,0.0,0.5555555555555557,0.0,0.0049701192950533934,0.558558116353531,0.0,0.6127176906050162,0.0020118540516808224,0.4879931303829674,0.002375490239561192,0.3972882248039998,0.006036165592997043,0.4584215674759033,0.04375735942592445,0.0,0.008306453940540333,0.0,0.00015970323201818307,0.0,0.00625526919441861,0.9795918367346939,0.10948905109489052
0.018728988901938238,0.0,0.28412948295401524,0.5184017594819107,0.0,0.5555555555555557,0.0,0.037948960438902626,0.5623451942246117,0.0008558412983476846,0.6163479674799806,0.002546054780001583,0.4923915671481292,0.0043939059254612944,0.4040969389743903,0.006739539238138868,0.46296969936760973,0.044300855565529915,0.09090909090909091,0.00925799199016729,0.02777778833333313,0.026750291389636496,0.008376795365525078,0.008287121012839786,0.9795918367346939,0.16399026763990268
0.018728988901938238,0.0,0.0,0.007101393517242149,0.0,0.5555555555555557,0.0,0.0049701192950533934,0.558558116353531,0.0,0.6127176906050162,0.0020118540516808224,0.4879931303829674,0.002375490239561192,0.3972882248039998,0.006036165592997043,0.4584215674759033,0.04375735942592445,0.0,0.008306453940540333,0.0,0.00015970323201818307,0.0,0.00625526919441861,0.9795918367346939,0.1391727493917275
0.018728988901938238,0.0,0.37909562974306116,0.5184017594819107,0.0033783783783783786,0.5555555555555557,0.0,0.04234735401216913,0.5591886667069411,0.0006828023473175304,0.6133208748376855,0.0025456521770975855,0.4900154001287144,0.0040980466658367375,0.40093834814248713,0.006696140880789133,0.4596763269285243,0.04429384974976038,0.0,0.008974309211082878,0.02777778833333313,0.026750291389636496,0.008376795365525078,0.008148856151614993,0.9795918367346939,0.1683698296836983
0.19708277456104245,0.2,0.5690052362885951,0.7545186077808059,0.016891891891891893,0.5555555555555557,0.6666666666666667,0.10981015510891244,0.6385624962242492,0.005916284136869459,0.8013680711502527,0.016329624178842955,0.5797943023812813,0.023655251490168387,0.48007363824272437,0.024222138571426504,0.5508111173837806,0.10928233256352843,0.1818181818181818,0.024906744423230306,0.11111111111111112,0.12598706157820488,0.09337307004848007,0.03611059419632002,0.9863945578231292,0.1659367396593674
0.018728988901938238,0.0,0.0,0.007101393517242149,0.0,0.5555555555555557,0.0,0.0049701192950533934,0.558558116353531,0.0,0.6127176906050162,0.0020118540516808224,0.4879931303829674,0.002375490239561192,0.3972882248039998,0.006036165592997043,0.4584215674759033,0.04375735942592445,0.0,0.008306453940540333,0.0,0.00015970323201818307,0.0,0.00625526919441861,0.9795918367346939,0.07980535279805354
0.018728988901938238,0.0,0.0,0.007101393517242149,0.0,0.5555555555555557,0.0,0.0049701192950533934,0.558558116353531,0.0,0.6127176906050162,0.0020118540516808224,0.4879931303829674,0.002375490239561192,0.3972882248039998,0.006036165592997043,0.4584215674759033,0.04375735942592445,0.0,0.008306453940540333,0.0,0.00015970323201818307,0.0,0.00625526919441861,0.9795918367346939,0.11970802919708029
0.018728988901938238,0.0,0.0,0.007101393517242149,0.0,0.5555555555555557,0.0,0.0049701192950533934,0.558558116353531,0.0,0.6127176906050162,0.0020118540516808224,0.4879931303829674,0.002375490239561192,0.3972882248039998,0.006036165592997043,0.4584215674759033,0.04375735942592445,0.0,0.008306453940540333,0.0,0.00015970323201818307,0.0,0.00625526919441861,0.9795918367346939,0.06131386861313868
0.06552625068023331,0.333333333,0.2246104074519139,0.666955843155512,0.0,0.5555555555555557,0.3333333333333333,0.054213854676701645,0.6228327191445658,0.0023226684462749145,0.7849681239033822,0.009154987897574315,0.5591873910216132,0.01597238486956437,0.4571052414077977,0.015468022366467608,0.5289125034412057,0.07964785421938232,0.1818181818181818,0.018761750353568078,0.05555555555555555,0.054353854331679274,0.03670888692651007,0.021764270336444718,0.9931972789115646,0.2165450121654501
0.01864336678700036,0.0,0.5506608439822492,0.6888352151443338,0.0,0.40000000280000025,0.3333333333333333,0.0705609372939877,0.38221545943333524,0.002676335775817695,0.49151578440209565,0.0003493899858307289,0.32685694101391377,0.00043708849359396965,0.2699404717871004,0.001303090883365668,0.29091811742834967,0.0060788638146579916,0.09090909090909091,0.0003928730384400119,0.05555555555555555,0.053181176315236625,0.03670888692651007,0.0019084415819399466,0.08843537414965986,0.02579075425790755
0.01864336678700036,0.0,0.48282788215287264,0.5184017594819107,0.0,0.27272727781818185,0.0,0.04837398856484397,0.24117229505225635,0.0007498354545793617,0.3301486927041739,2.3348694177322257e-05,0.2007478857847494,5.431553534928465e-05,0.1644609869633455,0.0005487670099233988,0.17432596952036605,0.0006766743282677528,0.09090909090909091,3.348586901143519e-05,0.02777778833333313,0.026590588157618316,0.008376795365525078,0.00034053075238805493,0.02040816326530612,0.010705596107055959
0.019866157615956937,0.0,0.21692267148542216,0.5184017594819107,0.0,0.5555555555555557,0.3333333333333333,0.028794419659255062,0.5601326043617468,0.0009324876803975752,0.7019652228278386,0.001979645041326549,0.47510222146775377,0.0024134799322406324,0.38750049837662487,0.0029139219917268056,0.44173720825596113,0.03444531814219075,0.09090909090909091,0.0030253503438979487,0.02777778833333313,0.027633356313362795,0.008376795365525078,0.006706744816203157,0.5034013605442177,0.1051094890510949
0.01864336678700036,0.0,0.19792944235553173,0.007101393517242149,0.0,0.40000000280000025,0.0,0.006892660115763068,0.37869645985621936,0.0,0.487658364501078,0.0001363019403114169,0.3159569624833603,6.663530689669388e-05,0.25593871826917053,0.00015547974951887994,0.2831026473194334,0.005928807623902109,0.0,0.00011227237193958662,0.0,0.0,0.0,0.0004887013131433686,0.04081632653061224,0.03309002433090024
0.01864336678700036,0.0,0.8369159427996549,0.8592686697841562,0.02027027027027027,0.27272727781818185,0.3333333333333333,0.182574908676905,0.3183146559536034,0.0093008436178708,0.6081559871816513,0.0002635569558752469,0.2792639914968367,0.0006958757032512608,0.24027556454879223,0.0034242671739378215,0.24525388940982235,0.0028656077511075204,0.09090909090909091,0.0005076817321935039,0.1388888994444442,0.13295294078809158,0.12170516160946508,0.0027673490030984487,0.12244897959183675,0.057907542579075426
0.01864336678700036,0.0,0.13280979913608149,0.007101393517242149,0.0,0.16666666666666663,0.0,0.01159824959924343,0.19442472663565513,0.0,0.41791898705560204,7.2424234604696945e-06,0.16361187953571782,3.1564092740539204e-05,0.13367898282078977,0.00016595711525462463,0.14384842513845847,0.0003147149904494408,0.0,4.1736941241482014e-05,0.0,0.0,0.0,0.00021721444568548155,0.10884353741496598,0.0019464720194647261
0.01864336678700036,0.0,0.4923244970027163,0.5184017594819107,0.0033783783783783786,0.16666666666666663,0.0,0.052737415185089065,0.19470413218147764,0.0006344761536618735,0.4183509952559836,1.1000688951690854e-05,0.16563414928146486,7.744459806795581e-05,0.13698247995471968,0.0006429481678106607,0.14468954476318813,0.0003185810760747658,0.0,6.379330942063444e-05,0.02777778833333313,0.026590588157618316,0.008376795365525078,0.00043186860756474197,0.10884353741496598,0.01411192214111922
0.01864336678700036,0.0,0.4923244970027163,0.5184017594819107,0.0033783783783783786,0.16666666666666663,0.0,0.052737415185089065,0.19470413218147764,0.0006344761536618735,0.4183509952559836,1.1000688951690854e-05,0.16563414928146486,7.744459806795581e-05,0.13698247995471968,0.0006429481678106607,0.14468954476318813,0.0003185810760747658,0.0,6.379330942063444e-05,0.02777778833333313,0.026590588157618316,0.008376795365525078,0.00043186860756474197,0.10884353741496598,0.020437956204379555
0.01864336678700036,0.0,0.13280979913608149,0.007101393517242149,0.0,0.16666666666666663,0.0,0.01159824959924343,0.19442472663565513,0.0,0.41791898705560204,7.2424234604696945e-06,0.16361187953571782,3.1564092740539204e-05,0.13367898282078977,0.00016595711525462463,0.14384842513845847,0.0003147149904494408,0.0,4.1736941241482014e-05,0.0,0.0,0.0,0.00021721444568548155,0.10884353741496598,0.009732360097323603
0.01864336678700036,0.0,0.6917534048608549,0.7740519424642449,0.006756756756756757,0.40000000280000025,0.3333333333333333,0.10293610126172957,0.3891175315652752,0.004542272464541554,0.6627015326791166,0.0004649579663594659,0.3338995952463805,0.0007760733685265815,0.28200016989722115,0.0020319525916168103,0.2964436433478735,0.005778202110542224,0.09090909090909091,0.0008937163333377961,0.08333334388888869,0.07977176447285494,0.06504097848749509,0.0028108057319581117,0.12925170068027209,0.04866180048661801
0.021415037507650718,0.0,0.20742605720537538,0.5184017594819107,0.0,0.40000000280000025,0.3333333333333333,0.03506543792579883,0.40001057210173374,0.0009459462655161514,0.6536638022172769,0.0010920457440614251,0.35931124690310695,0.0010604297631030355,0.28996963681948357,0.0015302450867304143,0.32807424890415854,0.01900108188956687,0.09090909090909091,0.001045606694117374,0.02777778833333313,0.02777239206391664,0.008376795365525078,0.003591388383316171,0.26530612244897955,0.061800486618004864
0.020477553030435226,0.0,0.02998930948234091,0.007101393517242149,0.0,0.5555555555555557,0.0,0.0034250932478813723,0.5626623572766266,0.0,0.6011753130385636,0.0020708296316313208,0.4862922570697587,0.0014484411447159213,0.3903666259893353,0.003045049142302812,0.4546322904571031,0.04504007977476336,0.0,0.0028878110698375573,0.0,0.001564152233616719,0.0,0.005226835891358538,0.4897959183673469,0.030656934306569343
0.021939530503389135,0.0,0.49964007070709765,0.7740519424642449,0.006756756756756757,0.5555555555555557,0.3333333333333333,0.07996063170206616,0.6389249682836947,0.007029452917979417,0.7896729500744313,0.01061641178137905,0.5602251670778893,0.01290288099007915,0.45719458732400303,0.011900842190449873,0.5263536109102946,0.08396562100670453,0.09090909090909091,0.01075435764969267,0.08333334388888869,0.0823488915174867,0.06504097848749509,0.021701418519184917,0.5442176870748299,0.17615571776155717
0.057351093726855186,0.1,0.6210105068914978,0.7896518209351017,0.016891891891891893,0.7500000000000001,0.6666666666666667,0.11182899940941136,0.6075220503836162,0.008042191248536848,0.7860299996332825,0.008617122746686887,0.538509885365428,0.008668518931746349,0.4464787687122534,0.008565300890961226,0.5006156019635495,0.06247357719223378,0.1818181818181818,0.00874584761579489,0.11111111111111112,0.11362448805971574,0.09337307004848007,0.020367667524712262,0.5306122448979591,0.16155717761557178
0.020477553030435226,0.0,0.02998930948234091,0.007101393517242149,0.0,0.5555555555555557,0.0,0.0034250932478813723,0.5626623572766266,0.0,0.6011753130385636,0.0020708296316313208,0.4862922570697587,0.0014484411447159213,0.3903666259893353,0.003045049142302812,0.4546322904571031,0.04504007977476336,0.0,0.0028878110698375573,0.0,0.001564152233616719,0.0,0.005226835891358538,0.4897959183673469,0.1260340632603406
0.020477553030435226,0.0,0.02998930948234091,0.007101393517242149,0.0,0.5555555555555557,0.0,0.0034250932478813723,0.5626623572766266,0.0,0.6011753130385636,0.0020708296316313208,0.4862922570697587,0.0014484411447159213,0.3903666259893353,0.003045049142302812,0.4546322904571031,0.04504007977476336,0.0,0.0028878110698375573,0.0,0.001564152233616719,0.0,0.005226835891358538,0.4897959183673469,0.17420924574209246
0.020477553030435226,0.0,0.02998930948234091,0.007101393517242149,0.0,0.5555555555555557,0.0,0.0034250932478813723,0.5626623572766266,0.0,0.6011753130385636,0.0020708296316313208,0.4862922570697587,0.0014484411447159213,0.3903666259893353,0.003045049142302812,0.4546322904571031,0.04504007977476336,0.0,0.0028878110698375573,0.0,0.001564152233616719,0.0,0.005226835891358538,0.4897959183673469,0.09927007299270074
0.47968529729754766,1.0,0.31188881827446807,0.16964441080206194,0.0,0.5555555555555557,0.3333333333333333,0.02914165112668976,0.5629795203286411,0.0003460779020603088,0.6824350419861853,0.00349032006194937,0.4889621361571597,0.0021617925468924697,0.39527524361308813,0.0047544332078215575,0.45633014517182097,0.05060912535126317,0.09090909090909091,0.0035443973662449024,0.02777778833333313,0.05474532854885335,0.008376795365525078,0.008693205069087852,0.4965986394557823,0.11727493917274939
0.47968529729754766,1.0,0.31188881827446807,0.16964441080206194,0.0,0.5555555555555557,0.3333333333333333,0.02914165112668976,0.5629795203286411,0.0003460779020603088,0.6824350419861853,0.00349032006194937,0.4889621361571597,0.0021617925468924697,0.39527524361308813,0.0047544332078215575,0.45633014517182097,0.05060912535126317,0.09090909090909091,0.0035443973662449024,0.02777778833333313,0.05474532854885335,0.008376795365525078,0.008693205069087852,0.4965986394557823,0.11386861313868613
0.020477553030435226,0.0,0.02998930948234091,0.007101393517242149,0.0,0.5555555555555557,0.0,0.0034250932478813723,0.5626623572766266,0.0,0.6011753130385636,0.0020708296316313208,0.4862922570697587,0.0014484411447159213,0.3903666259893353,0.003045049142302812,0.4546322904571031,0.04504007977476336,0.0,0.0028878110698375573,0.0,0.001564152233616719,0.0,0.005226835891358538,0.4897959183673469,0.07396593673965937
0.020477553030435226,0.0,0.02998930948234091,0.007101393517242149,0.0,0.5555555555555557,0.0,0.0034250932478813723,0.5626623572766266,0.0,0.6011753130385636,0.0020708296316313208,0.4862922570697587,0.0014484411447159213,0.3903666259893353,0.003045049142302812,0.4546322904571031,0.04504007977476336,0.0,0.0028878110698375573,0.0,0.001564152233616719,0.0,0.005226835891358538,0.4897959183673469,0.06034063260340631
0.01864336678700036,0.0,0.7677263219502135,0.6888352151443338,0.010135135135135136,0.5555555555555557,0.0,0.09291861457724152,0.3258321754364767,0.0011535930067523366,0.41101591787392366,6.3996804826529e-05,0.2646045532074041,0.00011034187471179557,0.22418531574511696,0.001039918301186683,0.23662032026019836,0.0018554685679636662,0.0,0.00011259342533375187,0.05555555555555555,0.053181176315236625,0.03670888692651007,0.0005733901660082075,0.027210884353741492,0.024330900243309007
0.01864336678700036,0.0,0.2549091303149999,0.007101393517242149,0.0,0.40000000280000025,0.0,0.01662142883952382,0.19990334078414784,0.0,0.26426924127559226,2.3414946803266296e-06,0.15553921516791686,3.5071214156154674e-06,0.13096837117995214,3.6452780311475126e-05,0.1382332554921053,0.00020371016964633652,0.0,5.490013040225712e-06,0.0,0.0,0.0,4.128862458336024e-05,0.02040816326530612,0.005839416058394158
0.01864336678700036,0.0,0.2549091303149999,0.007101393517242149,0.0,0.40000000280000025,0.0,0.01662142883952382,0.19990334078414784,0.0,0.26426924127559226,2.3414946803266296e-06,0.15553921516791686,3.5071214156154674e-06,0.13096837117995214,3.6452780311475126e-05,0.1382332554921053,0.00020371016964633652,0.0,5.490013040225712e-06,0.0,0.0,0.0,4.128862458336024e-05,0.02040816326530612,0.00875912408759124
0.01864336678700036,0.0,0.5872906432219653,0.6888352151443338,0.005067567567567568,0.40000000280000025,0.3333333333333333,0.06643387444425802,0.43453981151452903,0.0023071860138507514,0.6690955280568316,0.0011699836694252428,0.3759638758282687,0.0009163927671909056,0.306825063903923,0.001861612212803891,0.3387951682330082,0.016964224915021878,0.09090909090909091,0.0008079950770956753,0.05555555555555555,0.053181176315236625,0.03670888692651007,0.0030454099009471314,0.14285714285714285,0.04525547445255474
0.01864336678700036,0.0,0.2549091303149999,0.007101393517242149,0.0,0.40000000280000025,0.0,0.009197206878288379,0.3640276687005376,0.0,0.4774572641728584,0.00011683456076618384,0.3024209965137538,6.663530689669388e-05,0.24818569461951118,0.00014317356901984374,0.27113336920015535,0.005081976063051446,0.0,0.0001351955842829852,0.0,0.0,0.0,0.0004825062452987885,0.02040816326530612,0.0043795620437956165
0.01864336678700036,0.0,0.2549091303149999,0.007101393517242149,0.0,0.27272727781818185,0.0,0.009002226015477205,0.2775629795203286,0.0,0.46060562677385586,4.2909437856676974e-05,0.23005996282799762,1.0521364246846403e-05,0.1850924900678334,5.091307667034681e-05,0.20269629433326503,0.0018662311255226516,0.0,2.025846917182704e-05,0.0,0.0,0.0,0.00016326114514657596,0.02040816326530612,0.0034063260340632673
0.01864336678700036,0.0,0.8925389717390584,0.8251819790607118,0.033783783783783786,0.27272727781818185,0.0,0.1780379304824894,0.23119298616564965,0.002491760894834223,0.2780285737442215,3.281851057343718e-05,0.190926636842303,0.0002072344193836981,0.16666842149431077,0.0023507085137603728,0.16571200751852638,0.0005705144807634565,0.0,0.00011702396217323226,0.11111111111111112,0.10636235263047326,0.09337307004848007,0.0007921456309076389,0.06122448979591836,0.029197080291970802
0.01864336678700036,0.0,0.15994298352595399,0.007101393517242149,0.0,0.16666666666666663,0.0,0.017281053140465456,0.12989714855313228,0.0,0.1515376603012284,7.136072135896473e-07,0.10215687625500924,1.402848567040632e-05,0.0869471536010884,0.00011549810509563219,0.090794430775259,6.208386795092703e-05,0.0,1.858899152216776e-05,0.0,0.0,0.0,0.00010844929205036142,0.05442176870748299,0.010218978102189781
0.01864336678700036,0.0,0.4177082389334224,0.5184017594819107,0.0,0.40000000280000025,0.0,0.046887091067098374,0.367437171509696,0.0007959791747387101,0.42600039043453397,0.00011351666277423662,0.30494883362020203,0.0003000618266080546,0.25599332422527327,0.0007265617915948898,0.276667445603163,0.004937647406555305,0.09090909090909091,0.0003659045533301312,0.02777778833333313,0.026590588157618316,0.008376795365525078,0.0009136707038667537,0.06802721088435375,0.017518248175182473
0.01864336678700036,0.0,0.15994298352595399,0.007101393517242149,0.0,0.16666666666666663,0.0,0.017281053140465456,0.12989714855313228,0.0,0.1515376603012284,7.136072135896473e-07,0.10215687625500924,1.402848567040632e-05,0.0869471536010884,0.00011549810509563219,0.090794430775259,6.208386795092703e-05,0.0,1.858899152216776e-05,0.0,0.0,0.0,0.00010844929205036142,0.05442176870748299,0.006812652068126521
0.01864336678700036,0.0,0.15994298352595399,0.007101393517242149,0.0,0.16666666666666663,0.0,0.017281053140465456,0.12989714855313228,0.0,0.1515376603012284,7.136072135896473e-07,0.10215687625500924,1.402848567040632e-05,0.0869471536010884,0.00011549810509563219,0.090794430775259,6.208386795092703e-05,0.0,1.858899152216776e-05,0.0,0.0,0.0,0.00010844929205036142,0.05442176870748299,0.007785888077858877
0.01864336678700036,0.0,0.15994298352595399,0.007101393517242149,0.0,0.16666666666666663,0.0,0.017281053140465456,0.12989714855313228,0.0,0.1515376603012284,7.136072135896473e-07,0.10215687625500924,1.402848567040632e-05,0.0869471536010884,0.00011549810509563219,0.090794430775259,6.208386795092703e-05,0.0,1.858899152216776e-05,0.0,0.0,0.0,0.00010844929205036142,0.05442176870748299,0.012652068126520678
0.2548840748922484,0.066666667,0.6767068202565704,0.8112632469897404,0.010135135135135136,0.5555555555555557,0.3333333333333333,0.13623676669246948,0.5055994381683077,0.01504477546379714,0.7931440197107843,0.0033881702730336346,0.44909273385774023,0.004400734990554595,0.37652002998142436,0.0061673036502380325,0.4115935672525793,0.02456364754207918,0.1818181818181818,0.005130657976136551,0.1388888994444442,0.16508323480301684,0.12170516160946508,0.01048600667115683,0.4013605442176871,0.11289537712895376
0.24924177603685876,0.1,0.5945672701700326,0.7592810434575327,0.0,0.7500000000000001,0.3333333333333333,0.10617763404613519,0.5360772971666766,0.010182380939849802,0.7889665644283577,0.004570226643186457,0.4722480360370675,0.004094630582532729,0.3899326508415379,0.005510401710226649,0.4364544550116484,0.03976040484961364,0.1818181818181818,0.004590999325884189,0.11111111111111112,0.13960058782749618,0.09337307004848007,0.011815553172833483,0.35374149659863946,0.121654501216545
0.02695835017807947,0.0,0.13280979913608149,0.007101393517242149,0.0,0.40000000280000025,0.0,0.005003418099857271,0.32680631909623625,0.0,0.5371102949483363,6.212661947710509e-05,0.27282965380283014,8.767803538720889e-05,0.2233009234651308,0.00022792035897692626,0.24485454954693936,0.0027021803712798066,0.0,0.00011612501266956958,0.0,0.0017727058860380826,0.0,0.0004384949058555056,0.10884353741496598,0.02627737226277372
0.02695835017807947,0.0,0.3973583502136704,0.5184017594819107,0.0,0.40000000280000025,0.3333333333333333,0.030746345552412097,0.3271952214100162,0.000807515104692028,0.6416977535971112,0.00021646007675440868,0.2762313098495573,0.0002509125684262118,0.2282242188001275,0.0008572553851789678,0.24672464027466684,0.004707515079998918,0.09090909090909091,0.00019690204664154554,0.02777778833333313,0.02836329404365639,0.008376795365525078,0.0011648649281024012,0.18367346938775508,0.023844282238442822
0.2718109858438535,1.0,0.2752590190347519,0.3135975571099294,0.0,0.5555555555555557,0.3333333333333333,0.028389316280581244,0.38045218389415814,0.0003460779020603088,0.6733439119783586,0.0003254038420428105,0.32145351501095504,0.00039562600596904643,0.2648573585374668,0.0013802561309605424,0.2914854883154692,0.007077042864897641,0.09090909090909091,0.00037457299497259286,0.02777778833333313,0.03102235285941823,0.008376795365525078,0.0017065135428275804,0.2312925170068027,0.022871046228710466
0.032062619342475965,0.1,0.6392959143946649,0.7935836164440953,0.008445945945945946,0.5555555555555557,0.3333333333333333,0.10414647111264523,0.5297793451338125,0.007755187449664289,0.7984930083172159,0.004959885358098318,0.46933117430774446,0.003830818756491754,0.38348304415699647,0.005669995067843268,0.4302181722976614,0.04315043865466635,0.1818181818181818,0.004149904067640557,0.11111111111111112,0.11581678398722224,0.09337307004848007,0.011782415502642496,0.35374149659863946,0.12652068126520682
0.035273319183722604,0.0,0.5126743851526715,0.5184017594819107,0.0033783783783783786,0.5555555555555557,0.0,0.041877641969839244,0.3479807285688393,0.0006229402237085558,0.5353266802738399,0.00015269835802969375,0.29104813686419867,0.00012370272347352035,0.23798167342431947,0.000653726929493147,0.26148774007060055,0.004427816151273802,0.0,0.00011981712670246992,0.02777778833333313,0.029249646973380148,0.008376795365525078,0.0007184667200730781,0.05442176870748299,0.009732360097323603
0.07061704069111892,0.088888889,0.6932734531361434,0.9066023921748005,0.033783783783783786,0.7500000000000001,0.6666666666666667,0.21444763923343457,0.750528605086691,0.05016909669112832,0.9046325547262031,0.0687778504675316,0.6938378735425619,0.0803929952613561,0.5819223322366294,0.06916367400649623,0.6681033367973543,0.2393464426248265,0.2727272727272727,0.06912330944920818,0.2500000105555553,0.2592787175327423,0.23503352785340506,0.11470072750864836,0.891156462585034,0.2666666666666666
0.035273319183722604,0.0,0.15994298352595399,0.007101393517242149,0.0,0.40000000280000025,0.0,0.004316654310607272,0.3432987978010028,0.0,0.5400294047566555,0.00010913824397675338,0.2871925835656763,5.2022300996972014e-05,0.2307062267004169,0.00017648707364061956,0.257296355168314,0.004747188668446278,0.0,7.348912192442488e-05,0.0,0.0026590588157618354,0.0,0.0004183573310972729,0.05442176870748299,0.044282238442822384
0.035273319183722604,0.0,0.4177082389334224,0.5184017594819107,0.0,0.40000000280000025,0.3333333333333333,0.030550979732319954,0.3728138403914698,0.0007959791747387101,0.6532494157248101,0.0002724125439966882,0.31539680828713607,0.00016514229408247277,0.2566436669481425,0.0007011459362573599,0.2819131575674036,0.005924483335536005,0.09090909090909091,0.00015368825978690338,0.02777778833333313,0.029249646973380148,0.008376795365525078,0.001218642450866639,0.14285714285714285,0.018491484184914843
0.01864336678700036,0.0,0.34987527710404587,0.007101393517242149,0.0,0.40000000280000025,0.0,0.012406788208373529,0.21595783241708444,0.0,0.36354944560872493,5.593080197525903e-06,0.173226852773197,3.5071214156154674e-06,0.14161563866818844,4.5215276400991e-06,0.15339622338889436,0.0004865982935842629,0.0,4.237904802981251e-06,0.0,0.0,0.0,3.739754458127338e-05,0.0,0.0053527980535279795
0.024582638582708875,0.0,0.08397006643659533,0.007101393517242149,0.0,0.7500000000000001,0.0,0.002903861089448352,0.5064565335588712,0.0,0.5899086881314706,0.0010704871575338763,0.4319389441677823,0.0005541251837101439,0.34673969442148506,0.001244545482490073,0.4000316484262139,0.031043709511084035,0.0,0.0009097690030460584,0.0,0.002215882337604662,0.0,0.002852953655088045,0.2312925170068027,0.07931873479318735
0.024582638582708875,0.0,0.3585085630721778,0.5184017594819107,0.0,0.7500000000000001,0.0,0.03812931292503695,0.5075968102458769,0.0008267416549603019,0.5910622078766266,0.0014450270770692308,0.43471956495458125,0.001151982303031109,0.3513321206538908,0.0017854894061253301,0.40244184384488896,0.031428865362654296,0.09090909090909091,0.0012852088421828973,0.02777778833333313,0.028806470495222985,0.008376795365525078,0.003967237721726268,0.2312925170068027,0.07250608272506082
0.020681351501927986,0.0,0.02998930948234091,0.007101393517242149,0.0,0.5555555555555557,0.0,0.0011168252316400284,0.5652034374433635,0.0,0.6120754637899475,0.00235007984162754,0.494005771753621,0.0016378257014165569,0.391517782777453,0.0036083333650144623,0.4591487378576173,0.05111377579146427,0.0,0.0029579612364626635,0.0,0.001737946935104328,0.0,0.006215320301685127,0.4897959183673469,0.0413625304136253
0.020681351501927986,0.0,0.31188881827446807,0.5184017594819107,0.0,0.5555555555555557,0.3333333333333333,0.028629337145265873,0.5671177430073097,0.000845968204882498,0.6819812454279812,0.0036259344592013067,0.4996219400637874,0.0030996421247660977,0.39865760475799333,0.00429581137467424,0.46248801565127823,0.052575536257838014,0.09090909090909091,0.0036241470293555495,0.02777778833333313,0.02832853509272264,0.008376795365525078,0.009955737084758973,0.4897959183673469,0.0832116788321168
0.020681351501927986,0.0,0.02998930948234091,0.007101393517242149,0.0,0.5555555555555557,0.0,0.0011168252316400284,0.5652034374433635,0.0,0.6120754637899475,0.00235007984162754,0.494005771753621,0.0016378257014165569,0.391517782777453,0.0036083333650144623,0.4591487378576173,0.05111377579146427,0.0,0.0029579612364626635,0.0,0.001737946935104328,0.0,0.006215320301685127,0.4897959183673469,0.12457420924574208
0.009883542559190063,0.107142857,0.6855440798324721,0.8757622736844993,0.013513513513513514,0.5555555555555557,0.6666666666666667,0.17277934986489601,0.6224815743369779,0.026804782234437528,0.8609283130724961,0.02800931325204475,0.5821441361579462,0.024722554903190117,0.47998748203624547,0.02486144669831287,0.5418251834747787,0.12183996704855816,0.2727272727272727,0.02266254909267582,0.1944444549999998,0.20302447856421674,0.17836934473143504,0.04817538027409345,0.6938775510204082,0.20583941605839415
0.02622467855779272,0.0,0.6720818456511353,0.8592686697841562,0.030405405405405407,0.7500000000000001,0.6666666666666667,0.1388350358603747,0.6186189814535127,0.018303925404558313,0.8048032225021067,0.012371588946061735,0.5581521775526295,0.012617662930523367,0.4590115599710855,0.012281001926211274,0.5189777604185015,0.08279392630606602,0.1818181818181818,0.012372595177643178,0.1388888994444442,0.13705449556238317,0.12170516160946508,0.029815612198552895,0.6054421768707483,0.15717761557177612
0.06021824058608798,0.0,0.7026066787307633,0.6888352151443338,0.010135135135135136,0.27272727781818185,0.0,0.08581801337020796,0.2591146619948045,0.0015227427690653588,0.45927719178268367,5.312239685111812e-05,0.2215246277020076,0.00013311167393409998,0.18343214802875746,0.001128576571188395,0.19446076429403475,0.0011549182321067845,0.0,9.371548575683538e-05,0.05555555555555555,0.05761294101703654,0.03670888692651007,0.000676880964722354,0.04081632653061224,0.021411192214111925
0.01864336678700036,0.0,0.2549091303149999,0.007101393517242149,0.0,0.16666666666666663,0.0,0.014536821003525886,0.15078837672929368,0.0,0.30364195987649334,1.4527399420529463e-06,0.12378979982301036,7.014242831230934e-06,0.10135130237825285,3.908227561939012e-05,0.10853467656580873,0.00012638845713983538,0.0,7.031069332218893e-06,0.0,0.0,0.0,5.691776457190383e-05,0.02040816326530612,0.0038929440389294453
0.01864336678700036,0.0,0.2549091303149999,0.007101393517242149,0.0,0.16666666666666663,0.0,0.014536821003525886,0.15078837672929368,0.0,0.30364195987649334,1.4527399420529463e-06,0.12378979982301036,7.014242831230934e-06,0.10135130237825285,3.908227561939012e-05,0.10853467656580873,0.00012638845713983538,0.0,7.031069332218893e-06,0.0,0.0,0.0,5.691776457190383e-05,0.02040816326530612,0.009732360097323603
0.01932940822876572,0.0,0.0016660729706065025,0.007101393517242149,0.0,0.7500000000000001,0.0,0.0018100691351196907,0.6396536881532048,0.0,0.618888696686966,0.005058822792387827,0.5650837365522583,0.0046405061529853015,0.4494924900896055,0.012575539726793601,0.5402972259123018,0.11002897392962824,0.0,0.011002467712703573,0.0,0.0012066317245952168,0.0,0.01827184548895266,0.8571428571428571,0.16739659367396595
0.01932940822876572,0.0,0.0016660729706065025,0.007101393517242149,0.0,0.7500000000000001,0.0,0.0018100691351196907,0.6396536881532048,0.0,0.618888696686966,0.005058822792387827,0.5650837365522583,0.0046405061529853015,0.4494924900896055,0.012575539726793601,0.5402972259123018,0.11002897392962824,0.0,0.011002467712703573,0.0,0.0012066317245952168,0.0,0.01827184548895266,0.8571428571428571,0.11727493917274939
0.01932940822876572,0.0,0.0016660729706065025,0.007101393517242149,0.0,0.7500000000000001,0.0,0.0018100691351196907,0.6396536881532048,0.0,0.618888696686966,0.005058822792387827,0.5650837365522583,0.0046405061529853015,0.4494924900896055,0.012575539726793601,0.5402972259123018,0.11002897392962824,0.0,0.011002467712703573,0.0,0.0012066317245952168,0.0,0.01827184548895266,0.8571428571428571,0.12652068126520682
0.01932940822876572,0.0,0.552748012231392,0.7740519424642449,0.006756756756756757,0.7500000000000001,0.3333333333333333,0.09060283989402125,0.6554740832477494,0.006392152385528494,0.7361332314404548,0.01205000154254756,0.5877232182952343,0.013035285930779683,0.4759174873217222,0.01577249434491753,0.5587316731974914,0.11648283763624412,0.1818181818181818,0.01653152084565978,0.08333334388888869,0.08097839619745018,0.06504097848749509,0.03369362194978185,0.8571428571428571,0.23990267639902677
0.01932940822876572,0.0,0.0016660729706065025,0.007101393517242149,0.0,0.7500000000000001,0.0,0.0018100691351196907,0.6396536881532048,0.0,0.618888696686966,0.005058822792387827,0.5650837365522583,0.0046405061529853015,0.4494924900896055,0.012575539726793601,0.5402972259123018,0.11002897392962824,0.0,0.011002467712703573,0.0,0.0012066317245952168,0.0,0.01827184548895266,0.8571428571428571,0.1970802919708029
0.01932940822876572,0.0,0.0016660729706065025,0.007101393517242149,0.0,0.7500000000000001,0.0,0.0018100691351196907,0.6396536881532048,0.0,0.618888696686966,0.005058822792387827,0.5650837365522583,0.0046405061529853015,0.4494924900896055,0.012575539726793601,0.5402972259123018,0.11002897392962824,0.0,0.011002467712703573,0.0,0.0012066317245952168,0.0,0.01827184548895266,0.8571428571428571,0.1440389294403893
0.01932940822876572,0.0,0.0016660729706065025,0.007101393517242149,0.0,0.7500000000000001,0.0,0.0018100691351196907,0.6396536881532048,0.0,0.618888696686966,0.005058822792387827,0.5650837365522583,0.0046405061529853015,0.4494924900896055,0.012575539726793601,0.5402972259123018,0.11002897392962824,0.0,0.011002467712703573,0.0,0.0012066317245952168,0.0,0.01827184548895266,0.8571428571428571,0.19416058394160585
0.01932940822876572,0.0,0.0016660729706065025,0.007101393517242149,0.0,0.7500000000000001,0.0,0.0018100691351196907,0.6396536881532048,0.0,0.618888696686966,0.005058822792387827,0.5650837365522583,0.0046405061529853015,0.4494924900896055,0.012575539726793601,0.5402972259123018,0.11002897392962824,0.0,0.011002467712703573,0.0,0.0012066317245952168,0.0,0.01827184548895266,0.8571428571428571,0.13965936739659368
0.01932940822876572,0.0,0.0016660729706065025,0.007101393517242149,0.0,0.7500000000000001,0.0,0.0018100691351196907,0.6396536881532048,0.0,0.618888696686966,0.005058822792387827,0.5650837365522583,0.0046405061529853015,0.4494924900896055,0.012575539726793601,0.5402972259123018,0.11002897392962824,0.0,0.011002467712703573,0.0,0.0012066317245952168,0.0,0.01827184548895266,0.8571428571428571,0.1294403892944039
0.01657712907581299,0.166666667,0.3899489036129695,0.7569259888588957,0.006756756756756757,0.7500000000000001,0.6666666666666667,0.07196526145496529,0.6813832839968584,0.005531790248358975,0.8120832755871399,0.019787569568948792,0.6195592329741149,0.026968596737870866,0.5026751391569275,0.027618122656569693,0.594845521839328,0.1565011898015192,0.1818181818181818,0.025348160734868105,0.08333334388888869,0.08629651382897381,0.06504097848749509,0.05042158182590547,0.8775510204081632,0.28515815085158147
0.01932940822876572,0.0,0.38067510840268826,0.5184017594819107,0.0033783783783783786,0.7500000000000001,0.0,0.037395712666602285,0.6403786322720956,0.0006822678639134326,0.6194995499477726,0.006401023220493341,0.5671060059950632,0.007941325919206595,0.45321125787184297,0.013351087800804452,0.5416596456265153,0.11137735004505642,0.0,0.011930857812611216,0.02777778833333313,0.027797219882213533,0.008376795365525078,0.02163182844037609,0.8571428571428571,0.10705596107055962
0.01932940822876572,0.0,0.38067510840268826,0.5184017594819107,0.0033783783783783786,0.7500000000000001,0.0,0.037395712666602285,0.6403786322720956,0.0006822678639134326,0.6194995499477726,0.006401023220493341,0.5671060059950632,0.007941325919206595,0.45321125787184297,0.013351087800804452,0.5416596456265153,0.11137735004505642,0.0,0.011930857812611216,0.02777778833333313,0.027797219882213533,0.008376795365525078,0.02163182844037609,0.8571428571428571,0.12457420924574208
0.10781103135937292,0.5,0.33592919933260423,0.7346935486283643,0.006756756756756757,0.7500000000000001,0.6666666666666667,0.06982034364494877,0.6610924001691535,0.0022514550003557626,0.8163080107982021,0.03364736817987754,0.6155474984776266,0.04099373988584758,0.4924187601021542,0.05560067513162703,0.5933597645917397,0.22517807971417647,0.1818181818181818,0.03311431391836775,0.08333334388888869,0.08602278720338048,0.06504097848749509,0.06943386899746434,0.8979591836734694,0.34793187347931864
0.01932940822876572,0.0,0.0016660729706065025,0.007101393517242149,0.0,0.7500000000000001,0.0,0.0018100691351196907,0.6396536881532048,0.0,0.618888696686966,0.005058822792387827,0.5650837365522583,0.0046405061529853015,0.4494924900896055,0.012575539726793601,0.5402972259123018,0.11002897392962824,0.0,0.011002467712703573,0.0,0.0012066317245952168,0.0,0.01827184548895266,0.8571428571428571,0.13284671532846715
0.01932940822876572,0.0,0.0016660729706065025,0.007101393517242149,0.0,0.7500000000000001,0.0,0.0018100691351196907,0.6396536881532048,0.0,0.618888696686966,0.005058822792387827,0.5650837365522583,0.0046405061529853015,0.4494924900896055,0.012575539726793601,0.5402972259123018,0.11002897392962824,0.0,0.011002467712703573,0.0,0.0012066317245952168,0.0,0.01827184548895266,0.8571428571428571,0.1464720194647202
0.2807198863446983,1.0,0.27390235944489033,0.30669145169966516,0.0,0.27272727781818185,0.3333333333333333,0.03567039829284277,0.2746292212891922,0.0003460779020603088,0.5847131775655903,6.633030969153176e-05,0.23472519979896928,0.00024094221153163844,0.19453321460660727,0.0013347924386642761,0.20961210371562172,0.0014421905231780763,0.09090909090909091,0.00020794628340083002,0.02777778833333313,0.031972016703197034,0.008376795365525078,0.0010606331512258474,0.2040816326530612,0.030170316301703158
0.2807198863446983,0.035714286,0.9006789269990404,0.8729166611531441,0.04054054054054054,0.27272727781818185,0.3333333333333333,0.22967597183267574,0.3129983990817373,0.010719763016318065,0.6753484669550152,0.00039520035506241356,0.2778971645697758,0.0013540784249458874,0.242594026130647,0.0060429214490931825,0.23977059035115617,0.002864600225762739,0.09090909090909091,0.000964701238787732,0.1944444549999998,0.21715646996274643,0.17836934473143504,0.004170943258649337,0.21088435374149658,0.0559610705596107
0.10654450880504485,0.0,0.9493795153005294,0.9367384224509485,0.13006756756756757,0.5555555555555557,0.3333333333333333,0.3320152609898086,0.47066619343925564,0.03071743896477457,0.7569458088620239,0.002022100615778667,0.41978188918298803,0.004479518238961428,0.3712886312759515,0.010162949583301693,0.37660553731943563,0.011727576789286128,0.09090909090909091,0.0060685191511720684,0.2777777777777778,0.27603562942042764,0.2633656194143901,0.012158338580469647,0.2925170068027211,0.12360097323600974
0.01864336678700036,0.0,0.0649768373067049,0.007101393517242149,0.0,0.40000000280000025,0.0,0.009490736805027794,0.3027434603999274,0.0,0.5164577500968089,2.9661665712849845e-05,0.2525094544278555,9.293871750983765e-05,0.21087942800344978,0.0004441029027335902,0.22858404506998237,0.0012899552659788286,0.0,0.00022701685501424565,0.0,0.0,0.0,0.00047289281138825784,0.27210884353741494,0.01508515815085159
0.01864336678700036,0.0,0.0649768373067049,0.007101393517242149,0.0,0.40000000280000025,0.0,0.009490736805027794,0.3027434603999274,0.0,0.5164577500968089,2.9661665712849845e-05,0.2525094544278555,9.293871750983765e-05,0.21087942800344978,0.0004441029027335902,0.22858404506998237,0.0012899552659788286,0.0,0.00022701685501424565,0.0,0.0,0.0,0.00047289281138825784,0.27210884353741494,0.023357664233576637
0.01864336678700036,0.0,0.0649768373067049,0.007101393517242149,0.0,0.40000000280000025,0.0,0.009490736805027794,0.3027434603999274,0.0,0.5164577500968089,2.9661665712849845e-05,0.2525094544278555,9.293871750983765e-05,0.21087942800344978,0.0004441029027335902,0.22858404506998237,0.0012899552659788286,0.0,0.00022701685501424565,0.0,0.0,0.0,0.00047289281138825784,0.27210884353741494,0.0413625304136253
0.01864336678700036,0.0,0.0649768373067049,0.007101393517242149,0.0,0.40000000280000025,0.0,0.009490736805027794,0.3027434603999274,0.0,0.5164577500968089,2.9661665712849845e-05,0.2525094544278555,9.293871750983765e-05,0.21087942800344978,0.0004441029027335902,0.22858404506998237,0.0012899552659788286,0.0,0.00022701685501424565,0.0,0.0,0.0,0.00047289281138825784,0.27210884353741494,0.03454987834549878
0.1309604057993389,0.333333333,0.3783651210837799,0.6768882935052911,0.0,0.5555555555555557,0.3333333333333333,0.08438180191445671,0.4760126563160755,0.005048633242622312,0.750213462074304,0.0017941385564908985,0.41797391704923176,0.0037413798379882213,0.3468611420986509,0.005143669974243496,0.38603779946780986,0.01734276546452214,0.2727272727272727,0.003196824961721607,0.08333334388888869,0.09193897300474296,0.06504097848749509,0.006856662013517656,0.29931972789115646,0.05450121654501217
0.01937705279272309,0.0,0.11765036796918382,0.5184017594819107,0.0,0.7500000000000001,0.3333333333333333,0.03405935207198443,0.5268078293964839,0.000986414555181333,0.7109580144977315,0.000859934636517213,0.44539603340363526,0.003072658219023649,0.3759510320658695,0.002569953855951688,0.41766529029704563,0.014962344950831253,0.09090909090909091,0.0036994019449478836,0.02777778833333313,0.02717714526184371,0.008376795365525078,0.004964620227127649,0.4693877551020408,0.11338199513381997
0.01864336678700036,0.0,0.0649768373067049,0.007101393517242149,0.0,0.40000000280000025,0.0,0.009490736805027794,0.3027434603999274,0.0,0.5164577500968089,2.9661665712849845e-05,0.2525094544278555,9.293871750983765e-05,0.21087942800344978,0.0004441029027335902,0.22858404506998237,0.0012899552659788286,0.0,0.00022701685501424565,0.0,0.0,0.0,0.00047289281138825784,0.27210884353741494,0.04817518248175181
0.01864336678700036,0.0,0.0649768373067049,0.007101393517242149,0.0,0.40000000280000025,0.0,0.009490736805027794,0.3027434603999274,0.0,0.5164577500968089,2.9661665712849845e-05,0.2525094544278555,9.293871750983765e-05,0.21087942800344978,0.0004441029027335902,0.22858404506998237,0.0012899552659788286,0.0,0.00022701685501424565,0.0,0.0,0.0,0.00047289281138825784,0.27210884353741494,0.010705596107055959
0.01864336678700036,0.0,0.4375363355908887,0.5184017594819107,0.0033783783783783786,0.40000000280000025,0.0,0.04949036467965619,0.30311348396061133,0.0006606941766291279,0.5169621634020337,4.5041880664896535e-05,0.25453172417360265,0.00019308991162953387,0.21428443792978685,0.0009356001785031634,0.22953658563527007,0.0013057762776590308,0.0,0.0002888517387304721,0.02777778833333313,0.026590588157618316,0.008376795365525078,0.0008107616794757386,0.27210884353741494,0.022871046228710466
0.01864336678700036,0.0,0.0649768373067049,0.007101393517242149,0.0,0.40000000280000025,0.0,0.009490736805027794,0.3027434603999274,0.0,0.5164577500968089,2.9661665712849845e-05,0.2525094544278555,9.293871750983765e-05,0.21087942800344978,0.0004441029027335902,0.22858404506998237,0.0012899552659788286,0.0,0.00022701685501424565,0.0,0.0,0.0,0.00047289281138825784,0.27210884353741494,0.02238442822384428
0.05928426615525099,0.333333333,0.28044947601780945,0.6010619849719985,0.0,0.5555555555555557,0.6666666666666667,0.04260437715676327,0.571286171690932,0.0024337727972540994,0.7953659223917804,0.009201703330343343,0.5239920891733654,0.007205929915043229,0.4194380373481095,0.008803032282643456,0.4918894572322791,0.08005427744702887,0.1818181818181818,0.007550116354565847,0.05555555555555555,0.06802758802771,0.03670888692651007,0.021266585090809705,0.5442176870748299,0.16934306569343063
0.4020788911406732,0.666666667,0.3732515593292175,0.4638630541198796,0.0,0.40000000280000025,0.3333333333333333,0.044695400947444036,0.46986951005859956,0.0010277464971324558,0.7573276703572759,0.00336513419908361,0.4239221453541428,0.002850765453762739,0.3407053659950559,0.005316717862752106,0.3895378129707255,0.036595280901242304,0.09090909090909091,0.0026695910778234393,0.05555555555555555,0.08627168601067693,0.03670888692651007,0.007090379493180379,0.3877551020408163,0.07007299270072992
0.1457005722425734,1.0,0.2928955891445777,0.26587619030162746,0.0,0.40000000280000025,0.3333333333333333,0.023201439483592635,0.42889506433879054,0.0003460779020603088,0.6895633129847788,0.0011587481936157574,0.37666175295981,0.0006424258747539949,0.301802830694127,0.002221969299892059,0.3453913927035837,0.020161704225111425,0.09090909090909091,0.0007320980547150111,0.02777778833333313,0.04786305868371296,0.008376795365525078,0.0030219619826118366,0.2789115646258503,0.06472019464720194
0.06255085341527009,0.333333333,0.3732515593292175,0.6411138473134311,0.0,0.40000000280000025,0.3333333333333333,0.044524800712427606,0.47440418655228644,0.0018247743927760132,0.7720947779389988,0.0034166611764441203,0.43214480272146655,0.0033192577522024045,0.3453851207443836,0.004701843402915846,0.39551469946776724,0.03715563681896871,0.09090909090909091,0.0027711723717373233,0.05555555555555555,0.059681097853058626,0.03670888692651007,0.007559257001136903,0.3877551020408163,0.13090024330900243
0.02695835017807947,0.0,0.4448414233232949,0.5184017594819107,0.0033783783783783786,0.40000000280000025,0.0,0.03714959664496899,0.42913671237842066,0.0006575480139145867,0.5819590501384319,0.0007509409872507403,0.37616161644228135,0.00048413061731547927,0.3007752575352059,0.0012940538144614936,0.34427119798637934,0.01633248309302179,0.0,0.0006087493406767234,0.02777778833333313,0.030135999903103897,0.008376795365525078,0.002170580101150622,0.26530612244897955,0.021897810218978096
0.02695835017807947,0.0,0.4448414233232949,0.5184017594819107,0.0033783783783783786,0.40000000280000025,0.0,0.03714959664496899,0.42913671237842066,0.0006575480139145867,0.5819590501384319,0.0007509409872507403,0.37616161644228135,0.00048413061731547927,0.3007752575352059,0.0012940538144614936,0.34427119798637934,0.01633248309302179,0.0,0.0006087493406767234,0.02777778833333313,0.030135999903103897,0.008376795365525078,0.002170580101150622,0.26530612244897955,0.044768856447688556
0.21637784475413,0.083333333,0.8700744522699576,0.8769187021742162,0.07601351351351351,0.40000000280000025,0.6666666666666667,0.22593931982539622,0.46907660242856275,0.010584925265409731,0.7886169470374671,0.006803048912701677,0.4340515115647596,0.005973587730133569,0.3699624453745904,0.011674160215229733,0.38764573949911413,0.03481500704783504,0.1818181818181818,0.007225242425010035,0.2222222222222222,0.23783803850910137,0.20670143629242005,0.016853407960668754,0.38095238095238093,0.11581508515815084
0.11739007739522796,0.333333333,0.5094392750502563,0.6915002097988112,0.006756756756756757,0.40000000280000025,0.6666666666666667,0.07871125284667889,0.45522714915725226,0.002705699961499491,0.7549932300957329,0.002998637659551642,0.40996662183246674,0.0034882216021859744,0.336570791273536,0.00529763213011574,0.37212313204075936,0.026087572582568424,0.1818181818181818,0.003045801445106275,0.08333334388888869,0.08937392130459593,0.06504097848749509,0.008552669708451664,0.37414965986394555,0.1362530413625304
0.01864336678700036,0.0,0.2549091303149999,0.007101393517242149,0.0,0.27272727781818185,0.0,0.009503953671674427,0.2553275841237237,0.0,0.4524243290412303,2.3918783959101785e-05,0.2109471068101973,1.0521364246846403e-05,0.17126504553531058,4.5071476443823456e-05,0.18606833108633097,0.0010401384455415786,0.0,1.4736350792184804e-05,0.0,0.0,0.0,0.0001317389471415398,0.02040816326530612,0.006326034063260336
0.01894033972731917,0.0,0.037045617629350436,0.007101393517242149,0.0,0.27272727781818185,0.0,0.008544960925231992,0.28366836827161235,0.0,0.539923595757553,2.0411644049146373e-05,0.24149662026787372,0.00014613005898609632,0.20342307659602638,0.0008361197388059326,0.2196364348258763,0.0008875777602593911,0.0,0.0005706403027893087,0.0,0.00022158822578328963,0.0,0.0006990540684909143,0.3877551020408163,0.04914841849148418
0.01894033972731917,0.0,0.037045617629350436,0.007101393517242149,0.0,0.27272727781818185,0.0,0.008544960925231992,0.28366836827161235,0.0,0.539923595757553,2.0411644049146373e-05,0.24149662026787372,0.00014613005898609632,0.20342307659602638,0.0008361197388059326,0.2196364348258763,0.0008875777602593911,0.0,0.0005706403027893087,0.0,0.00022158822578328963,0.0,0.0006990540684909143,0.3877551020408163,0.02481751824817518
0.01894033972731917,0.0,0.4858268131580864,0.6888352151443338,0.0,0.5555555555555557,0.3333333333333333,0.07183392686260778,0.38133570953905627,0.0028364816285222274,0.663266281551508,0.00014095138441747067,0.3229770329875498,0.0009072848476354506,0.2795867607818537,0.0020450867871915114,0.295309713638964,0.0024520277090609626,0.09090909090909091,0.0011940296782399673,0.05555555555555555,0.053402764541019915,0.03670888692651007,0.002693008286266434,0.3945578231292517,0.04914841849148418
0.01894033972731917,0.0,0.037045617629350436,0.007101393517242149,0.0,0.27272727781818185,0.0,0.008544960925231992,0.28366836827161235,0.0,0.539923595757553,2.0411644049146373e-05,0.24149662026787372,0.00014613005898609632,0.20342307659602638,0.0008361197388059326,0.2196364348258763,0.0008875777602593911,0.0,0.0005706403027893087,0.0,0.00022158822578328963,0.0,0.0006990540684909143,0.3877551020408163,0.018978102189781014
0.01894033972731917,0.0,0.037045617629350436,0.007101393517242149,0.0,0.27272727781818185,0.0,0.008544960925231992,0.28366836827161235,0.0,0.539923595757553,2.0411644049146373e-05,0.24149662026787372,0.00014613005898609632,0.20342307659602638,0.0008361197388059326,0.2196364348258763,0.0008875777602593911,0.0,0.0005706403027893087,0.0,0.00022158822578328963,0.0,0.0006990540684909143,0.3877551020408163,0.013138686131386863
0.27388973888434126,0.166666667,0.6727601751611676,0.6859225332987736,0.013513513513513514,0.27272727781818185,0.3333333333333333,0.11150005341282272,0.2845481181658912,0.002114920512552323,0.6118016169922276,7.055372008685145e-05,0.2478944691908394,0.0008956123087590172,0.21588271960826128,0.0033343598468355256,0.22291261459373696,0.001022479416048932,0.09090909090909091,0.0011017589327568756,0.08333334388888869,0.10658394085625657,0.06504097848749509,0.0026829860502391193,0.3945578231292517,0.03698296836982968
0.01894033972731917,0.0,0.41318604144014415,0.5184017594819107,0.0033783783783783786,0.27272727781818185,0.0,0.047976520172242715,0.28401951307920015,0.0006705259352418483,0.5404489800732044,3.099665313318202e-05,0.24351889001362076,0.00029138842815210856,0.20681828188975376,0.0013457120272930667,0.22057720989585844,0.0008984652822022257,0.0,0.0006776473990645853,0.02777778833333313,0.026812176383401606,0.008376795365525078,0.001149808724085924,0.3877551020408163,0.02725060827250609
0.01894033972731917,0.0,0.037045617629350436,0.007101393517242149,0.0,0.27272727781818185,0.0,0.008544960925231992,0.28366836827161235,0.0,0.539923595757553,2.0411644049146373e-05,0.24149662026787372,0.00014613005898609632,0.20342307659602638,0.0008361197388059326,0.2196364348258763,0.0008875777602593911,0.0,0.0005706403027893087,0.0,0.00022158822578328963,0.0,0.0006990540684909143,0.3877551020408163,0.038929440389294405
0.01894033972731917,0.0,0.037045617629350436,0.007101393517242149,0.0,0.27272727781818185,0.0,0.008544960925231992,0.28366836827161235,0.0,0.539923595757553,2.0411644049146373e-05,0.24149662026787372,0.00014613005898609632,0.20342307659602638,0.0008361197388059326,0.2196364348258763,0.0008875777602593911,0.0,0.0005706403027893087,0.0,0.00022158822578328963,0.0,0.0006990540684909143,0.3877551020408163,0.054987834549878344
0.01894033972731917,0.0,0.26124020669163006,0.5184017594819107,0.0,0.27272727781818185,0.0,0.04506791127632907,0.2847255784449948,0.0009012445367307467,0.5415012184926937,3.100607931980007e-05,0.2450355920957245,0.000362703038137789,0.20883582656040217,0.0014214709292241312,0.2230416383273363,0.0008987386417918952,0.09090909090909091,0.0007697255125111779,0.02777778833333313,0.026812176383401606,0.008376795365525078,0.0012576200007094964,0.3877551020408163,0.040389294403892946
0.27388973888434126,1.0,0.22325374786205232,0.3416436246429807,0.0,0.27272727781818185,0.3333333333333333,0.038878311474710395,0.2841969733583035,0.0003460779020603088,0.6114006502828511,4.6007062325781365e-05,0.24485707588495204,0.0005477919040064508,0.20894779362243293,0.0021132692093899256,0.2228175994643377,0.0010001602564085874,0.09090909090909091,0.0008425083169684393,0.02777778833333313,0.031243941085201513,0.008376795365525078,0.0017163682880479234,0.3945578231292517,0.0437956204379562
0.01894033972731917,0.0,0.41318604144014415,0.5184017594819107,0.0033783783783783786,0.27272727781818185,0.0,0.047976520172242715,0.28401951307920015,0.0006705259352418483,0.5404489800732044,3.099665313318202e-05,0.24351889001362076,0.00029138842815210856,0.20681828188975376,0.0013457120272930667,0.22057720989585844,0.0008984652822022257,0.0,0.0006776473990645853,0.02777778833333313,0.026812176383401606,0.008376795365525078,0.001149808724085924,0.3877551020408163,0.040389294403892946
0.02016313055627575,0.0,0.09030114281322549,0.5184017594819107,0.0,0.5555555555555557,0.3333333333333333,0.030446720468723987,0.5464304053645864,0.0009973772870338832,0.7248553605125624,0.0016899193156330735,0.47133802339136116,0.0032731100954739097,0.38832197679633246,0.0034182782614631587,0.4416523936163213,0.029404088278548027,0.09090909090909091,0.004860266807570581,0.02777778833333313,0.02785494456573667,0.008376795365525078,0.007117211705332841,0.4897959183673469,0.06034063260340631
0.035273319183722604,0.0,0.4177082389334224,0.5184017594819107,0.0,0.5555555555555557,0.3333333333333333,0.02925149227085979,0.4685442215912523,0.0007959791747387101,0.6530786394023271,0.0010474087106306736,0.3980500638020012,0.0005294250317744325,0.32315079771419514,0.0011126231659670893,0.3621793778681572,0.018224397002850053,0.09090909090909091,0.0005797261138441852,0.02777778833333313,0.029249646973380148,0.008376795365525078,0.0028175272574001665,0.18367346938775508,0.05304136253041362
0.0685332095917311,0.0,0.15994298352595399,0.007101393517242149,0.0,0.27272727781818185,0.0,0.0069646471273044075,0.2506041200990756,0.0,0.46223354406393036,2.3099453833380117e-05,0.21572734514954944,9.878391988243754e-05,0.17607771153184354,0.000279630529795769,0.19204347801796867,0.0006694446179771618,0.0,0.00011972081068422033,0.0,0.0079771764472855,0.0,0.00039639185560152995,0.05442176870748299,0.019951338199513384
0.0685332095917311,0.0,0.15994298352595399,0.007101393517242149,0.0,0.27272727781818185,0.0,0.0069646471273044075,0.2506041200990756,0.0,0.46223354406393036,2.3099453833380117e-05,0.21572734514954944,9.878391988243754e-05,0.17607771153184354,0.000279630529795769,0.19204347801796867,0.0006694446179771618,0.0,0.00011972081068422033,0.0,0.0079771764472855,0.0,0.00039639185560152995,0.05442176870748299,0.013138686131386863
0.14336795941339128,0.0,0.19792944235553173,0.007101393517242149,0.0,0.27272727781818185,0.0,0.00647806112415867,0.250441762822449,0.0,0.462118141013368,2.284458770186911e-05,0.21522177778884816,8.066379256233352e-05,0.17540038163781874,0.0002359091003739256,0.19114849903506276,0.0006620534953574326,0.0,9.589864883715906e-05,0.0,0.013295294078809156,0.0,0.0003661549160129273,0.04081632653061224,0.011192214111922144
0.01864336678700036,0.0,0.34987527710404587,0.007101393517242149,0.0,0.40000000280000025,0.0,0.01043927154533722,0.3676523892949918,0.0,0.4187527927404504,6.99100162762452e-05,0.3020213574052942,1.7535607074899554e-05,0.24498215227060077,4.996968353333754e-05,0.2744692967048083,0.006082175370829986,0.0,3.756324711733381e-05,0.0,0.0,0.0,0.0003035140353261576,0.0,0.0048661800486617945
0.02084439603329659,0.0,0.4098538960687278,0.5184017594819107,0.0033783783783783786,0.5555555555555557,0.0,0.03723216998173699,0.5658415392980122,0.0006717982806125138,0.6093097786017301,0.0031770849181156345,0.4926804627395382,0.0030148355615914144,0.3947748877381873,0.004162604352801439,0.46179509520075673,0.05528078606679611,0.0,0.0032453682349193923,0.02777778833333313,0.028350259443703885,0.008376795365525078,0.008251828212098833,0.4693877551020408,0.14014598540145984
0.02084439603329659,0.0,0.03332145485375737,0.007101393517242149,0.0,0.5555555555555557,0.0,0.0017061948288046858,0.5652034374433635,0.0,0.6087114707270618,0.0025108930092081036,0.49065819299379115,0.0017056300485065372,0.39113285842831164,0.0035960575859727796,0.46053755338198327,0.05461146380977813,0.0,0.002776116594007468,0.0,0.0017596712860855693,0.0,0.00646399032529092,0.4693877551020408,0.1289537712895377
0.02084439603329659,0.0,0.4098538960687278,0.5184017594819107,0.0033783783783783786,0.5555555555555557,0.0,0.03723216998173699,0.5658415392980122,0.0006717982806125138,0.6093097786017301,0.0031770849181156345,0.4926804627395382,0.0030148355615914144,0.3947748877381873,0.004162604352801439,0.46179509520075673,0.05528078606679611,0.0,0.0032453682349193923,0.02777778833333313,0.028350259443703885,0.008376795365525078,0.008251828212098833,0.4693877551020408,0.1260340632603406
0.02084439603329659,0.0,0.03332145485375737,0.007101393517242149,0.0,0.5555555555555557,0.0,0.0017061948288046858,0.5652034374433635,0.0,0.6087114707270618,0.0025108930092081036,0.49065819299379115,0.0017056300485065372,0.39113285842831164,0.0035960575859727796,0.46053755338198327,0.05461146380977813,0.0,0.002776116594007468,0.0,0.0017596712860855693,0.0,0.00646399032529092,0.4693877551020408,0.12068126520681266
0.02084439603329659,0.0,0.5398075701123408,0.6888352151443338,0.005067567567567568,0.5555555555555557,0.0,0.07270822900723686,0.5671177430073097,0.0023840922142316914,0.610508566661715,0.00386039612851964,0.49546108352633716,0.0038684972363205684,0.3994353207928107,0.004846535614060244,0.4642884197240997,0.055975231371817036,0.09090909090909091,0.0040438280262083594,0.05555555555555555,0.0549408476013222,0.03670888692651007,0.010197950717237503,0.4693877551020408,0.04866180048661801
0.14549677377108064,0.333333333,0.2711890414047609,0.5874869254872117,0.0,0.5555555555555557,0.3333333333333333,0.046356491614828424,0.6120038663686339,0.002426593009033336,0.7912545598187013,0.009073336204304994,0.537932870320291,0.010967048314869193,0.43503332723049565,0.011565224716855433,0.5097319857146059,0.08770838761256805,0.1818181818181818,0.009310516325452725,0.05555555555555555,0.06484714513407593,0.03670888692651007,0.019216308537632374,0.5442176870748299,0.24768856447688561
0.23074006263792848,1.0,0.20012096890317232,0.37748897490179056,0.0,0.40000000280000025,0.3333333333333333,0.028408949101910698,0.43850812541533235,0.0003460779020603088,0.675108711549515,0.0008972697268519923,0.37790202188294936,0.0010956033279280462,0.3077276416146139,0.0024006167120245838,0.3464059690536932,0.015611977507119039,0.09090909090909091,0.0011181326558593033,0.02777778833333313,0.034326031987706423,0.008376795365525078,0.0032144150012564975,0.2925170068027211,0.08418491484184915
0.41089779635404294,0.2,0.7330118060329417,0.7566359199804782,0.02027027027027027,0.40000000280000025,0.3333333333333333,0.1451140099107252,0.4475585996496102,0.004592742157438422,0.7316723867695805,0.0022915067748078334,0.3954610475368147,0.0030244435330258816,0.3311292622292508,0.00696161284107798,0.35908735942070885,0.018123147214261153,0.1818181818181818,0.0028053324528765056,0.1388888994444442,0.17525614922308352,0.12170516160946508,0.007526429986822985,0.29931972789115646,0.1289537712895377
0.04358828818936574,0.0,0.13280979913608149,0.007101393517242149,0.0,0.27272727781818185,0.0,0.0062931533101995354,0.28667009001389465,0.0,0.5011697243232217,4.583813907670544e-05,0.2393094391384885,6.312818547631174e-05,0.19462733547501748,0.0002574878332218893,0.2141669414140958,0.0019936297114319327,0.0,8.803284068011053e-05,0.0,0.00531811763152366,0.0,0.0003576422216960452,0.10884353741496598,0.009245742092457418
0.022361829361943628,0.166666667,0.6442703311814335,0.715021605528716,0.006756756756756757,0.40000000280000025,0.3333333333333333,0.09919085187517503,0.308305141062043,0.002970501992568958,0.6368330724644993,0.0002758670468835924,0.2634634105773525,0.0008374676321124848,0.22334638804318258,0.002829854068110034,0.2357918027310147,0.003999526759878364,0.09090909090909091,0.00048289641016394693,0.08333334388888869,0.09395341148138785,0.06504097848749509,0.0021710363384543144,0.2312925170068027,0.04087591240875912
0.04358828818936574,0.0,0.13280979913608149,0.007101393517242149,0.0,0.27272727781818185,0.0,0.0062931533101995354,0.28667009001389465,0.0,0.5011697243232217,4.583813907670544e-05,0.2393094391384885,6.312818547631174e-05,0.19462733547501748,0.0002574878332218893,0.2141669414140958,0.0019936297114319327,0.0,8.803284068011053e-05,0.0,0.00531811763152366,0.0,0.0003576422216960452,0.10884353741496598,0.01557177615571776
0.06021824058608798,0.0,0.19792944235553173,0.007101393517242149,0.0,0.27272727781818185,0.0,0.00905355365293984,0.18711109768621992,0.0,0.43835999374927037,1.0111395574181855e-05,0.15401660359410968,2.4549849915663833e-05,0.12576828161420067,0.00010849540765538331,0.13542370921676222,0.0004395179619691933,0.0,2.6872169091631115e-05,0.0,0.004431764701799918,0.0,0.0001674268302836794,0.04081632653061224,0.013138686131386863
0.06021824058608798,0.0,0.5398075701123408,0.5184017594819107,0.0033783783783783786,0.27272727781818185,0.0,0.04875175997656893,0.187382951730804,0.0006056363286055405,0.4388052599471688,1.5356933767320197e-05,0.15603887333985672,6.395264481539764e-05,0.1290613769461081,0.0005815109041520151,0.13625375099404435,0.0004449122578720038,0.0,4.709853292404163e-05,0.02777778833333313,0.03102235285941823,0.008376795365525078,0.0003571582692694719,0.04081632653061224,0.01508515815085159
0.23074006263792848,1.0,0.17163112492343818,0.4019000169068623,0.0,0.40000000280000025,0.3333333333333333,0.026376502977484173,0.48032833927384744,0.0003460779020603088,0.7105998851823969,0.0015873522010075745,0.41148691286972544,0.0018101097308482177,0.33603297232999013,0.0031475371669565048,0.37967895334381146,0.023016072991946534,0.09090909090909091,0.0015735147901432885,0.02777778833333313,0.03280656981106975,0.008376795365525078,0.0041698179662786015,0.30612244897959184,0.05450121654501217
0.06444062498332188,0.333333333,0.4399081173813891,0.6370566625478897,0.005067567567567568,0.40000000280000025,0.3333333333333333,0.05885105008326305,0.4808720473630158,0.0013458585080507652,0.7109763017112207,0.0018746111684741099,0.4135118418412978,0.002340708263054676,0.34050672045363267,0.0038076394988693554,0.3808304668077441,0.023298190502184058,0.09090909090909091,0.0018701681263519762,0.05555555555555555,0.059397157968688066,0.03670888692651007,0.0051846954119040885,0.30612244897959184,0.037469586374695864
0.023682757635138475,0.0,0.0649768373067049,0.007101393517242149,0.0,0.40000000280000025,0.0,0.003401610853742215,0.4367712801304898,0.0,0.5752932362706942,0.0004695902338587935,0.3726984795064762,0.0003694167891681664,0.3002576274035867,0.0008313671527528002,0.34042232070839346,0.013617686525822572,0.0,0.0006076577591365616,0.0,0.002417326198564447,0.0,0.0014641044611618291,0.27210884353741494,0.014598540145985404
0.023682757635138475,0.0,0.0649768373067049,0.007101393517242149,0.0,0.40000000280000025,0.0,0.003401610853742215,0.4367712801304898,0.0,0.5752932362706942,0.0004695902338587935,0.3726984795064762,0.0003694167891681664,0.3002576274035867,0.0008313671527528002,0.34042232070839346,0.013617686525822572,0.0,0.0006076577591365616,0.0,0.002417326198564447,0.0,0.0014641044611618291,0.27210884353741494,0.04233576642335766
0.035273319183722604,0.0,0.5601574588320929,0.6888352151443338,0.005067567567567568,0.40000000280000025,0.0,0.07865357341408026,0.38934407660242853,0.002445617174674875,0.5371151914115879,0.00034827033440691587,0.33222178855116963,0.0004780741322290733,0.27493358627938663,0.0014018591871755323,0.30104196977923475,0.007574390698917572,0.09090909090909091,0.0004495710678495944,0.05555555555555555,0.055840235130998464,0.03670888692651007,0.0017173963909912597,0.05442176870748299,0.05888077858880778
0.01864336678700036,0.0,0.2549091303149999,0.007101393517242149,0.0,0.27272727781818185,0.0,0.012305993560306282,0.24562012928170107,0.0,0.3649226364122873,9.573773768531181e-06,0.19979453030280553,1.2274924955448581e-05,0.16489051398002513,4.512670386258729e-05,0.17840560648401976,0.0008329188594488191,0.0,1.435108671918651e-05,0.0,0.0,0.0,0.00010141430516291949,0.02040816326530612,0.007299270072992699
0.01864336678700036,0.0,0.8165660546496997,0.7740519424642449,0.02027027027027027,0.27272727781818185,0.0,0.13412508352771002,0.24657916993898377,0.0022841141535980382,0.3661264372121006,3.976273736835478e-05,0.20586133923710465,0.00015240897658871282,0.17494789063358523,0.0016848240411045875,0.18106966891603132,0.0008643474019868149,0.0,9.101863724584732e-05,0.08333334388888869,0.07977176447285494,0.06504097848749509,0.0006961647223333898,0.047619047619047616,0.052554744525547446
0.021909968432455438,0.0,0.037045617629350436,0.007101393517242149,0.0,0.5555555555555557,0.0,0.00155907698792742,0.4887973479127651,0.0,0.6017332831752571,0.0024717925886283756,0.43923596737665144,0.0012964658833778807,0.3466149244637841,0.0036671867344506507,0.4084886669043443,0.05376102910919316,0.0,0.0024328784103054032,0.0,0.002437470589978539,0.0,0.00601474608713287,0.3877551020408163,0.15425790754257906
0.39326897682478934,0.333333333,0.44784035432850866,0.45843443292512875,0.0,0.5555555555555557,0.3333333333333333,0.05488592592972796,0.49100616202501046,0.0020289665238302,0.6576252813073428,0.005084706562201768,0.4490830915133805,0.0028974531966967794,0.3581146138403067,0.005390576509613384,0.41463753146265475,0.05529564381135081,0.09090909090909091,0.0039411551507543136,0.05555555555555555,0.09107276443984272,0.03670888692651007,0.01150742469117633,0.3877551020408163,0.037469586374695864
0.021909968432455438,0.0,0.037045617629350436,0.007101393517242149,0.0,0.5555555555555557,0.0,0.00155907698792742,0.4887973479127651,0.0,0.6017332831752571,0.0024717925886283756,0.43923596737665144,0.0012964658833778807,0.3466149244637841,0.0036671867344506507,0.4084886669043443,0.05376102910919316,0.0,0.0024328784103054032,0.0,0.002437470589978539,0.0,0.00601474608713287,0.3877551020408163,0.09537712895377129
0.021909968432455438,0.0,0.037045617629350436,0.007101393517242149,0.0,0.5555555555555557,0.0,0.00155907698792742,0.4887973479127651,0.0,0.6017332831752571,0.0024717925886283756,0.43923596737665144,0.0012964658833778807,0.3466149244637841,0.0036671867344506507,0.4084886669043443,0.05376102910919316,0.0,0.0024328784103054032,0.0,0.002437470589978539,0.0,0.00601474608713287,0.3877551020408163,0.04671532846715328
0.188209420472498,0.0,0.26124020669163006,0.5184017594819107,0.0,0.5555555555555557,0.3333333333333333,0.023237240510722817,0.48934860750317155,0.0009012445367307467,0.7206250816233714,0.005136249818436946,0.44285643517572276,0.0036952154899625475,0.35203240612463255,0.007114927496901741,0.4114700799623984,0.07447512277256062,0.09090909090909091,0.00334072109298647,0.02777778833333313,0.03789158812460609,0.008376795365525078,0.011149717227853982,0.4149659863945578,0.04671532846715328
0.03853992082917768,0.0,0.40035728121888414,0.6888352151443338,0.0,0.5555555555555557,0.3333333333333333,0.050394629332654095,0.49100616202501046,0.0032979188297696353,0.7493821435613957,0.00562729435228245,0.44969057011396946,0.004631285510212156,0.3589364535254805,0.006327387080667881,0.41658923334826764,0.06119629019066764,0.09090909090909091,0.004403696775728184,0.05555555555555555,0.058277705720977,0.03670888692651007,0.012406573854505987,0.3877551020408163,0.15912408759124086
0.021909968432455438,0.0,0.037045617629350436,0.007101393517242149,0.0,0.5555555555555557,0.0,0.00155907698792742,0.4887973479127651,0.0,0.6017332831752571,0.0024717925886283756,0.43923596737665144,0.0012964658833778807,0.3466149244637841,0.0036671867344506507,0.4084886669043443,0.05376102910919316,0.0,0.0024328784103054032,0.0,0.002437470589978539,0.0,0.00601474608713287,0.3877551020408163,0.04184914841849147
0.030521910378417387,0.0,0.0966322191898556,0.007101393517242149,0.0,0.40000000280000025,0.0,0.0042607071857730106,0.4269467770192714,0.0,0.5668468817269428,0.0003240745103344492,0.3570511679054144,0.0002443294586932406,0.29044564212030705,0.0005471918710541199,0.3249056229458724,0.009397727799684091,0.0,0.000346063453570719,0.0,0.003798655454886987,0.0,0.0010306247276094596,0.18367346938775508,0.034063260340632597
0.030521910378417387,0.0,0.0966322191898556,0.007101393517242149,0.0,0.40000000280000025,0.0,0.0042607071857730106,0.4269467770192714,0.0,0.5668468817269428,0.0003240745103344492,0.3570511679054144,0.0002443294586932406,0.29044564212030705,0.0005471918710541199,0.3249056229458724,0.009397727799684091,0.0,0.000346063453570719,0.0,0.003798655454886987,0.0,0.0010306247276094596,0.18367346938775508,0.0194647201946472
0.021613009877572607,0.0,0.27390235944489033,0.5184017594819107,0.0,0.40000000280000025,0.3333333333333333,0.03900367922921287,0.32525070984111626,0.0009084544929083107,0.6166961033969613,6.913252046446653e-05,0.27206935787344394,0.00038968694467468324,0.23052425824629924,0.0009181045437058495,0.24418073146857638,0.0015031392979757091,0.09090909090909091,0.0003504939904101994,0.02777778833333313,0.027540252027987714,0.008376795365525078,0.0013585079131435722,0.19727891156462585,0.031143552311435514
0.01864336678700036,0.0,0.19792944235553173,0.007101393517242149,0.0,0.40000000280000025,0.0,0.011228305652231513,0.3045898024527275,0.0,0.4604575461584358,2.731535320380732e-05,0.24608513714995967,4.793065934250767e-05,0.20643016262417718,0.00010953427391500038,0.21997626532940734,0.0011878880020455835,0.0,6.84485836360305e-05,0.0,0.0,0.0,0.0002633491624835307,0.04081632653061224,0.007299270072992699
0.01864336678700036,0.0,0.19792944235553173,0.007101393517242149,0.0,0.40000000280000025,0.0,0.011228305652231513,0.3045898024527275,0.0,0.4604575461584358,2.731535320380732e-05,0.24608513714995967,4.793065934250767e-05,0.20643016262417718,0.00010953427391500038,0.21997626532940734,0.0011878880020455835,0.0,6.84485836360305e-05,0.0,0.0,0.0,0.0002633491624835307,0.04081632653061224,0.009732360097323603
0.021613009877572607,0.0,0.4638346530229822,0.5184017594819107,0.0033783783783783786,0.16666666666666663,0.0,0.04877812955031535,0.1908188847942971,0.000648896066363079,0.4652821458405836,1.099631998900439e-05,0.16247172631459134,0.00011792045779385256,0.13499022106309733,0.0007658957107193253,0.14208419490924173,0.00031845350826625337,0.0,0.000117987122355728,0.02777778833333313,0.027540252027987714,0.008376795365525078,0.0005656556357968375,0.18367346938775508,0.02579075425790755
0.06318786929122425,0.0,0.27390235944489033,0.5184017594819107,0.0,0.40000000280000025,0.3333333333333333,0.030997016901870213,0.38443182504681916,0.0009084544929083107,0.6640056084533272,0.0005324814218060297,0.3388172796319629,0.0006094130403749481,0.27456351867215806,0.001069807041098832,0.306098161891266,0.011580985756757388,0.09090909090909091,0.0005883945554866468,0.02777778833333313,0.031972016703197034,0.008376795365525078,0.002365224544344671,0.22448979591836732,0.03600973236009732
0.021613009877572607,0.0,0.0966322191898556,0.007101393517242149,0.0,0.16666666666666663,0.0,0.009061124479465575,0.19053947924847459,0.0,0.46481845989422166,7.239550717881335e-06,0.16044945687178652,5.260682123105423e-05,0.13168934009992755,0.00028271941251207557,0.14124649663091232,0.00031459002606559186,0.0,8.514336013262332e-05,0.0,0.000949663870369391,0.0,0.00030657413193939517,0.18367346938775508,0.017518248175182473
0.021613009877572607,0.0,0.0966322191898556,0.007101393517242149,0.0,0.16666666666666663,0.0,0.009061124479465575,0.19053947924847459,0.0,0.46481845989422166,7.239550717881335e-06,0.16044945687178652,5.260682123105423e-05,0.13168934009992755,0.00028271941251207557,0.14124649663091232,0.00031459002606559186,0.0,8.514336013262332e-05,0.0,0.000949663870369391,0.0,0.00030657413193939517,0.18367346938775508,0.006812652068126521
0.021613009877572607,0.0,0.0966322191898556,0.007101393517242149,0.0,0.16666666666666663,0.0,0.009061124479465575,0.19053947924847459,0.0,0.46481845989422166,7.239550717881335e-06,0.16044945687178652,5.260682123105423e-05,0.13168934009992755,0.00028271941251207557,0.14124649663091232,0.00031459002606559186,0.0,8.514336013262332e-05,0.0,0.000949663870369391,0.0,0.00030657413193939517,0.18367346938775508,0.0
0.06327520327304344,0.0,0.16943959837579758,0.5184017594819107,0.0,0.5555555555555557,0.3333333333333333,0.02024374853435535,0.5021974868603877,0.0009613275057999862,0.738214384882087,0.00816851789743606,0.46842116166203823,0.004853596047280884,0.36491440851853135,0.009615406305591654,0.43405320585272505,0.08883211421378122,0.09090909090909091,0.005028177732719004,0.02777778833333313,0.03806103795057934,0.008376795365525078,0.016040431179593067,0.5714285714285714,0.20729927007299268
0.006101036023275118,0.088888889,0.686242382432525,0.9070899303675573,0.033783783783783786,0.7500000000000001,0.6666666666666667,0.20785447588226597,0.6037576270162509,0.060053594392206006,0.9090760133633475,0.06423950962123383,0.586487767969267,0.0548684112360349,0.4846697039643672,0.05592272731866904,0.5445031353477705,0.1996008278307263,0.4545454545454545,0.03562992778834954,0.2500000105555553,0.264629731976311,0.23503352785340506,0.07495253890537076,0.7619047619047619,0.4982968369829683
0.0217003438593918,0.0,0.02998930948234091,0.007101393517242149,0.0,0.5555555555555557,0.0,0.0,0.4863242312571737,0.0,0.6094742667711497,0.0026970696809500965,0.44304577914332427,0.0013537488664450482,0.34560708272747415,0.004349010993854231,0.40944917112631246,0.05866080970401758,0.0,0.002727380688773184,0.0,0.0026069204159517856,0.0,0.006790906368178308,0.4897959183673469,0.09294403892944039
0.038330296256114046,0.0,0.18978948709554966,0.5184017594819107,0.0,0.5555555555555557,0.3333333333333333,0.023617834942508235,0.4948951851628104,0.0009497915755005907,0.7189200111230811,0.004340994741901428,0.45730213296370154,0.0033212956428044747,0.3603605091253675,0.005602882283887611,0.4232529282875351,0.06294391449536971,0.09090909090909091,0.004057183847405634,0.02777778833333313,0.03185656738933193,0.008376795365525078,0.01165173054102833,0.4897959183673469,0.09829683698296837
0.06271389794663869,0.333333333,0.3295253883842938,0.6119472824125807,0.0,0.5555555555555557,0.6666666666666667,0.04324128897812768,0.5535514710324413,0.0021881837879216375,0.7892565987110509,0.00981179428712606,0.5069132519050918,0.006639961534235832,0.40540595114855876,0.010006374770133957,0.47131005957316346,0.08536207196196925,0.1818181818181818,0.006574242457661165,0.05555555555555555,0.06465162610819766,0.03670888692651007,0.02038087870267247,0.6054421768707483,0.12749391727493917
0.02755226728784514,0.0,0.4638346530229822,0.5184017594819107,0.0033783783783783786,0.40000000280000025,0.0,0.039223874793927554,0.405787470549145,0.000648896066363079,0.5718664748327191,0.0006239287483600286,0.35416702604436506,0.00040414260887385267,0.28192117651956555,0.0010379681638077456,0.3189713330762692,0.013569965751740277,0.0,0.000413869930418419,0.02777778833333313,0.029439579742135905,0.008376795365525078,0.0017543825387104825,0.18367346938775508,0.0194647201946472
0.0026073602709157373,0.1,0.5857252676049051,0.8034517135072134,0.008445945945945946,0.40000000280000025,0.6666666666666667,0.10474033187808789,0.4789766205521656,0.00903577940683468,0.7935630918879896,0.009784187230851926,0.44237911928720014,0.007362542886748566,0.36040665337913574,0.01021576458570958,0.40411521901984476,0.07093480107195697,0.1818181818181818,0.005099451586223689,0.11111111111111112,0.11680865512476481,0.09337307004848007,0.016461444637899857,0.5374149659863945,0.12214111922141119
0.029532034143371962,0.0,0.18756949919377325,0.5184017594819107,0.0,0.40000000280000025,0.3333333333333333,0.027430131055498325,0.47359995167039204,0.0009565208682329176,0.7179418302132674,0.0019207650997647213,0.42346412596908206,0.0015528860565671868,0.33794089015381773,0.0020024024638483707,0.3893947756468153,0.02785056229963458,0.09090909090909091,0.0015785232230922663,0.02777778833333313,0.030178207196867656,0.008376795365525078,0.005118098404194825,0.26530612244897955,0.0832116788321168
0.02755226728784514,0.0,0.0966322191898556,0.007101393517242149,0.0,0.40000000280000025,0.0,0.002976682175098458,0.40532305322298057,0.0,0.5713101531088407,0.00046227919374462474,0.352144756298618,0.00020692016348953477,0.2784273457535488,0.0005482810796618343,0.31790134711019796,0.013405666224650285,0.0,0.0003070554661796416,0.0,0.002848991584517589,0.0,0.0011715264987116353,0.18367346938775508,0.0462287104622871
0.5123512562103545,0.166666667,0.6347737169013867,0.6142705781002861,0.0,0.40000000280000025,0.3333333333333333,0.08285474054039661,0.41305201474053044,0.003997199768796567,0.6688645876787613,0.0014874380342380234,0.3726094848092531,0.0009596636431800265,0.2982233507749355,0.002771819782977484,0.3308652903597907,0.014377990664556532,0.09090909090909091,0.0009285827319441418,0.08333334388888869,0.13580193237260918,0.06504097848749509,0.004244757274626508,0.18367346938775508,0.057907542579075426
0.01864336678700036,0.0,0.34987527710404587,0.007101393517242149,0.0,0.27272727781818185,0.0,0.011278927534679038,0.25729852594695823,0.0,0.39123880739103123,1.715562972045671e-05,0.2139383808154262,7.014242831230934e-06,0.17121139240686217,1.1335630389876705e-05,0.18920608475282513,0.001492540756170525,0.0,9.92054987970611e-06,0.0,0.0,0.0,9.079279649908077e-05,0.0,0.009732360097323603
0.01864336678700036,0.0,0.2549091303149999,0.007101393517242149,0.0,0.40000000280000025,0.0,0.009646644503820544,0.3023772125898627,0.0,0.4492488725680335,5.031868985808524e-05,0.24983837326616948,2.4549849915663833e-05,0.20341232073782628,6.253719183416345e-05,0.22183387945162486,0.002188535098866249,0.0,3.618271752242325e-05,0.0,0.0,0.0,0.0002226856444692574,0.02040816326530612,0.06520681265206812
0.01864336678700036,0.0,0.3607285509739542,0.5184017594819107,0.0,0.40000000280000025,0.3333333333333333,0.03917389450694832,0.3044047906723857,0.0008536588251974544,0.5805347883688626,0.00010646470813225554,0.25827211978561676,0.00016610600509263967,0.21265523080595577,0.0006987517915918856,0.22860255659322098,0.002315116209431185,0.09090909090909091,0.00014710666520651583,0.02777778833333313,0.026590588157618316,0.008376795365525078,0.0009882448342526749,0.09523809523809525,0.018978102189781014
0.01864336678700036,0.0,0.8382726023895164,0.8251819790607118,0.016891891891891893,0.27272727781818185,0.3333333333333333,0.14171599199160534,0.24818386395215364,0.0047066594680202,0.6086666193240029,0.000105761275215333,0.21869210263205302,0.00026967635732180745,0.1844241069010651,0.0024521175607203445,0.18562687604335965,0.001149578608121908,0.09090909090909091,0.0001956499384043011,0.11111111111111112,0.10636235263047326,0.09337307004848007,0.0016807856218263523,0.09523809523809525,0.03600973236009732
0.20869987723900502,0.0,0.32455097102772834,0.5184017594819107,0.0,0.40000000280000025,0.3333333333333333,0.022802110464133364,0.4811439014075999,0.0008734347052657466,0.709213311177139,0.0017416088124206396,0.4209112691768649,0.0009505667152529031,0.3353417040773275,0.0017446623972150355,0.38148300024758414,0.025252794877909848,0.09090909090909091,0.0009498685719772976,0.02777778833333313,0.04178520995057568,0.008376795365525078,0.004284303625066163,0.26530612244897955,0.0705596107055961
0.04240043958439843,0.0,0.28656451276794753,0.5184017594819107,0.0,0.5555555555555557,0.3333333333333333,0.028743797776807536,0.48742297468736784,0.0009022745303220797,0.6842141922788656,0.001597663461662461,0.41623103172446657,0.0009293650744592324,0.33579638069758017,0.0016797796810357312,0.3785566248937821,0.02316558506694774,0.09090909090909091,0.0009530470005795335,0.02777778833333313,0.03292168057356644,0.008376795365525078,0.003999650403872553,0.2585034013605442,0.10608272506082725
0.035273319183722604,0.0,0.2956089071847071,0.5184017594819107,0.0,0.40000000280000025,0.3333333333333333,0.03551583794453342,0.3895668458889626,0.000899802545356803,0.6288773054184319,0.00034549601317660975,0.33443596061062125,0.000420525694934467,0.27442894888803976,0.0008927588615499956,0.3021236043310907,0.007514048522066539,0.09090909090909091,0.0003784898463814089,0.02777778833333313,0.029249646973380148,0.008376795365525078,0.0017927141105020124,0.10204081632653061,0.016058394160583946
0.01864336678700036,0.0,0.19792944235553173,0.007101393517242149,0.0,0.5555555555555557,0.0,0.006540039246394791,0.38576466501540496,0.0,0.5308045024669674,0.00013902799348135817,0.32088624470461063,0.0001063826829413951,0.26406481259531117,0.0002038752744254154,0.28988317844289907,0.006047391013900715,0.0,0.00019237519378381557,0.0,0.0,0.0,0.0006117762274503404,0.04081632653061224,0.018004866180048658
0.01864336678700036,0.0,0.34987527710404587,0.007101393517242149,0.0,0.5555555555555557,0.0,0.010503751889899646,0.41708074065124146,0.0,0.4260759138855428,0.00014085224487377028,0.3464065659367152,3.8578335565414576e-05,0.2805011681342425,0.00015498623118269383,0.3172519546752352,0.01225415327200338,0.0,0.00010161339925330044,0.0,0.0,0.0,0.0006702983878893357,0.0,0.016058394160583946
0.01864336678700036,0.0,0.34987527710404587,0.007101393517242149,0.0,0.0769230833846154,0.0,0.017022041049919653,0.1022850842747538,0.0,0.2703135227281802,3.964085527916324e-07,0.084038227159493,4.67616188695766e-06,0.0685385093007046,4.9480262992232776e-06,0.07245067028578855,3.448756651763032e-05,0.0,4.045272766482103e-06,0.0,0.0,0.0,3.0582446138034406e-05,0.0,0.006812652068126521
0.01864336678700036,0.0,0.34987527710404587,0.007101393517242149,0.0,0.0769230833846154,0.0,0.017022041049919653,0.1022850842747538,0.0,0.2703135227281802,3.964085527916324e-07,0.084038227159493,4.67616188695766e-06,0.0685385093007046,4.9480262992232776e-06,0.07245067028578855,3.448756651763032e-05,0.0,4.045272766482103e-06,0.0,0.0,0.0,3.0582446138034406e-05,0.0,0.006326034063260336
0.01864336678700036,0.0,0.34987527710404587,0.5184017594819107,0.0,0.27272727781818185,0.3333333333333333,0.03628966623882941,0.36487721258986283,0.0008651947551507721,0.6176642702225135,0.00021217331640013527,0.3087303218144745,0.00023549319321687536,0.25469338173678496,0.0007239635539890669,0.27420039850567585,0.004614278632524328,0.09090909090909091,0.00020926260231690752,0.02777778833333313,0.026590588157618316,0.008376795365525078,0.0012570454754559537,0.13605442176870747,0.03844282238442822
0.01864336678700036,0.0,0.19792944235553173,0.007101393517242149,0.0,0.27272727781818185,0.0,0.009822569981223703,0.24546154775569373,0.0,0.45626371649204434,1.461295328573904e-05,0.2013377146751763,1.9873688027117282e-05,0.16584882990565813,8.362197272071331e-05,0.17563490084961858,0.0006353345480357417,0.0,2.4624795332474392e-05,0.0,0.0,0.0,0.00016747196263416372,0.04081632653061224,0.0048661800486617945
0.0685332095917311,0.0,0.15994298352595399,0.007101393517242149,0.0,0.5555555555555557,0.0,0.0017731773956934163,0.4539396181960972,0.0,0.5678513784502682,0.0010011829308509514,0.3934026692123724,0.0002566043835454113,0.31198577753643203,0.001008098691970209,0.36160455480351056,0.029033883894820353,0.0,0.00044758053680576986,0.0,0.0079771764472855,0.0,0.002303070989253321,0.05442176870748299,0.02627737226277372
0.024186693842865092,0.0,0.0736101232748369,0.007101393517242149,0.0,0.5555555555555557,0.0,0.0016191303237586968,0.3929461426931673,0.0,0.5915335402780826,0.0007572846612226811,0.3500610962434833,0.00036474062716839746,0.27482573211655,0.0010047496693357729,0.3167725016247374,0.021960829476507224,0.0,0.0005440570817524264,0.0,0.0023636078391872477,0.0,0.0019422701517096898,0.26530612244897955,0.06472019464720194
0.024186693842865092,0.0,0.0736101232748369,0.007101393517242149,0.0,0.5555555555555557,0.0,0.0016191303237586968,0.3929461426931673,0.0,0.5915335402780826,0.0007572846612226811,0.3500610962434833,0.00036474062716839746,0.27482573211655,0.0010047496693357729,0.3167725016247374,0.021960829476507224,0.0,0.0005440570817524264,0.0,0.0023636078391872477,0.0,0.0019422701517096898,0.26530612244897955,0.014598540145985404
0.036461167788689915,0.0,0.0966322191898556,0.007101393517242149,0.0,0.40000000280000025,0.0,0.0010589533204009086,0.46511584002899775,0.0,0.5893903983563764,0.0015330904026273483,0.4122025551323723,0.0005155468481653849,0.3230790352530893,0.0014800649328109135,0.37649050545671775,0.03334424393897485,0.0,0.0008005787436904581,0.0,0.005697983169035189,0.0,0.0031148663990261936,0.18367346938775508,0.05547445255474453
0.024582638582708875,0.0,0.0966322191898556,0.007101393517242149,0.0,0.40000000280000025,0.0,0.001903036318473876,0.41022397752673223,0.0,0.5841007393287527,0.0007743461487745651,0.36068643836471564,0.0003425288583050515,0.2860836920409274,0.0008767190665907095,0.3279576077926127,0.02245561293723359,0.0,0.0005281007280624136,0.0,0.0018993277141481982,0.0,0.0019316959809298124,0.18367346938775508,0.010705596107055959
0.021613009877572607,0.0,0.0966322191898556,0.007101393517242149,0.0,0.40000000280000025,0.0,0.003555272968395966,0.38799613363136587,0.0,0.5696813538732722,0.0005819937687288447,0.3448970862974116,0.0002443294586932406,0.27096906345830624,0.0005992107778988493,0.3127024783240398,0.01687739028879488,0.0,0.0003489529341182062,0.0,0.000949663870369391,0.0,0.0014008303004583817,0.18367346938775508,0.023357664233576637
0.021613009877572607,0.0,0.0966322191898556,0.007101393517242149,0.0,0.40000000280000025,0.0,0.003555272968395966,0.38799613363136587,0.0,0.5696813538732722,0.0005819937687288447,0.3448970862974116,0.0002443294586932406,0.27096906345830624,0.0005992107778988493,0.3127024783240398,0.01687739028879488,0.0,0.0003489529341182062,0.0,0.000949663870369391,0.0,0.0014008303004583817,0.18367346938775508,0.014598540145985404
0.021613009877572607,0.0,0.0966322191898556,0.007101393517242149,0.0,0.40000000280000025,0.0,0.003555272968395966,0.38799613363136587,0.0,0.5696813538732722,0.0005819937687288447,0.3448970862974116,0.0002443294586932406,0.27096906345830624,0.0005992107778988493,0.3127024783240398,0.01687739028879488,0.0,0.0003489529341182062,0.0,0.000949663870369391,0.0,0.0014008303004583817,0.18367346938775508,0.07250608272506082
0.14336795941339128,0.0,0.19792944235553173,0.007101393517242149,0.0,0.5555555555555557,0.0,0.00278542256600333,0.4306054793692985,0.0,0.5494906703258736,0.0008543249183521962,0.3739238788191798,0.00015782046376307387,0.29501748903764907,0.0007293954334043073,0.3411542855870949,0.024774998763112944,0.0,0.0002986438672525121,0.0,0.013295294078809156,0.0,0.0017866836630274527,0.04081632653061224,0.0170316301703163
0.2570085160774006,0.1,0.6879690396261514,0.7679998160382185,0.008445945945945946,0.5555555555555557,0.3333333333333333,0.10756623911813985,0.4493369781912643,0.006291831977366487,0.7657341980686844,0.004027103715025487,0.40816868132367917,0.003561402132680503,0.3340213637075407,0.005966056298036797,0.374561290688403,0.038928108208659405,0.09090909090909091,0.003479929844696521,0.11111111111111112,0.1338295535853732,0.09337307004848007,0.00950127922493635,0.3401360544217687,0.12749391727493917
0.01978814539665114,0.166666667,0.4714528162206786,0.7231093035875085,0.0,0.5555555555555557,0.6666666666666667,0.0751777299646577,0.5113272518576691,0.005495297596771059,0.7805993003119428,0.004250618619164466,0.45445294365426253,0.0037603047834633588,0.3712105470697021,0.004775314465130156,0.4164589194537524,0.033617952387549214,0.1818181818181818,0.003438867115582786,0.08333334388888869,0.0932147840532467,0.06504097848749509,0.010301730846266056,0.36734693877551017,0.11824817518248176
0.19048613149747168,0.0,0.4755227938506696,0.6888352151443338,0.0,0.5555555555555557,0.3333333333333333,0.05240481209433122,0.49825182746329977,0.0029783673995283496,0.750678625284812,0.002530087956997874,0.4319242302695901,0.002097006857044551,0.350765884696934,0.002871945392446171,0.3966438450031217,0.03144483476954032,0.09090909090909091,0.0017782826449418826,0.05555555555555555,0.06440831353143311,0.03670888692651007,0.006141262331001404,0.2789115646258503,0.13333333333333333
0.024186693842865092,0.0,0.0736101232748369,0.007101393517242149,0.0,0.5555555555555557,0.0,0.0021764843070560397,0.4879742342777743,0.0,0.5898224061212654,0.0009081131630713724,0.4162133898907992,0.000505025483824794,0.3327578429459986,0.0011301733737098965,0.38393214892646405,0.02633485887423273,0.0,0.0008294093384864972,0.0,0.0023636078391872477,0.0,0.0023946136184830324,0.26530612244897955,0.050121654501216535
0.024186693842865092,0.0,0.0736101232748369,0.007101393517242149,0.0,0.5555555555555557,0.0,0.0021764843070560397,0.4879742342777743,0.0,0.5898224061212654,0.0009081131630713724,0.4162133898907992,0.000505025483824794,0.3327578429459986,0.0011301733737098965,0.38393214892646405,0.02633485887423273,0.0,0.0008294093384864972,0.0,0.0023636078391872477,0.0,0.0023946136184830324,0.26530612244897955,0.11678832116788321
0.10179309999973962,0.0,0.34987527710404587,0.5184017594819107,0.0,0.40000000280000025,0.3333333333333333,0.02819125575952232,0.34941551380414426,0.0008651947551507721,0.6513165056277392,0.0003035137829147278,0.30685835831039016,0.00028175131868599557,0.24401743689971284,0.0007672316300699805,0.27144680469795707,0.005280617364877912,0.09090909090909091,0.0002060841737146716,0.02777778833333313,0.03545411753462756,0.008376795365525078,0.0014748150182397925,0.17006802721088435,0.024330900243309007
0.024582638582708875,0.0,0.08397006643659533,0.007101393517242149,0.0,0.27272727781818185,0.0,0.005590413793789294,0.30164094121911433,0.0,0.5346122029538706,0.0001321021103448433,0.2624824831223787,0.0001069672031754773,0.20843537140085572,0.0004257781522889676,0.23254011363077182,0.003830525447846057,0.0,0.00018322517205010604,0.0,0.002215882337604662,0.0,0.0005816813501650949,0.2312925170068027,0.029197080291970802
0.024582638582708875,0.0,0.08397006643659533,0.007101393517242149,0.0,0.27272727781818185,0.0,0.005590413793789294,0.30164094121911433,0.0,0.5346122029538706,0.0001321021103448433,0.2624824831223787,0.0001069672031754773,0.20843537140085572,0.0004257781522889676,0.23254011363077182,0.003830525447846057,0.0,0.00018322517205010604,0.0,0.002215882337604662,0.0,0.0005816813501650949,0.2312925170068027,0.043309002433090014
0.024582638582708875,0.0,0.08397006643659533,0.007101393517242149,0.0,0.27272727781818185,0.0,0.005590413793789294,0.30164094121911433,0.0,0.5346122029538706,0.0001321021103448433,0.2624824831223787,0.0001069672031754773,0.20843537140085572,0.0004257781522889676,0.23254011363077182,0.003830525447846057,0.0,0.00018322517205010604,0.0,0.002215882337604662,0.0,0.0005816813501650949,0.2312925170068027,0.044282238442822384
0.024582638582708875,0.0,0.08397006643659533,0.007101393517242149,0.0,0.27272727781818185,0.0,0.005590413793789294,0.30164094121911433,0.0,0.5346122029538706,0.0001321021103448433,0.2624824831223787,0.0001069672031754773,0.20843537140085572,0.0004257781522889676,0.23254011363077182,0.003830525447846057,0.0,0.00018322517205010604,0.0,0.002215882337604662,0.0,0.0005816813501650949,0.2312925170068027,0.044282238442822384
0.024582638582708875,0.0,0.08397006643659533,0.007101393517242149,0.0,0.27272727781818185,0.0,0.005590413793789294,0.30164094121911433,0.0,0.5346122029538706,0.0001321021103448433,0.2624824831223787,0.0001069672031754773,0.20843537140085572,0.0004257781522889676,0.23254011363077182,0.003830525447846057,0.0,0.00018322517205010604,0.0,0.002215882337604662,0.0,0.0005816813501650949,0.2312925170068027,0.016058394160583946
0.10179309999973962,0.0,0.19792944235553173,0.007101393517242149,0.0,0.27272727781818185,0.0,0.004672418997770135,0.2920165528907146,0.0,0.5153011119329051,9.898525348384423e-05,0.2504210890758973,5.026874029472541e-05,0.19898615552156046,0.00016035173071985397,0.21979625255406582,0.002870135106597379,0.0,5.9780141993568854e-05,0.0,0.008863529377009242,0.0,0.00036352749317292783,0.04081632653061224,0.006326034063260336
0.01864336678700036,0.0,0.6347737169013867,0.5184017594819107,0.0033783783783783786,0.16666666666666663,0.0,0.05819097666549361,0.13762611007068193,0.0005191168530904632,0.19669838373159787,1.7280444401040534e-06,0.11206337128903282,1.67308084473329e-05,0.09262805425960313,0.00046954905093873835,0.09519832299835074,7.484064880216795e-05,0.0,8.379493587712929e-06,0.02777778833333313,0.026590588157618316,0.008376795365525078,0.0001363587289174904,0.006802721088435374,0.013138686131386863
0.01864336678700036,0.0,0.34987527710404587,0.007101393517242149,0.0,0.0769230833846154,0.0,0.01943091123558776,0.05837688032380839,0.0,0.08019867666201663,8.78879685626198e-08,0.046005768559399474,0.0,0.036412506786617616,1.0883919835487019e-08,0.0382287669441162,7.646258236754003e-06,0.0,9.631601824957372e-08,0.0,0.0,0.0,2.101905837683575e-07,0.0,0.006812652068126521
0.01864336678700036,0.0,0.15994298352595399,0.007101393517242149,0.0,0.40000000280000025,0.0,0.0054826899146646,0.4420082462393523,0.0,0.5516925502820064,0.00021651011035448927,0.3648019977863887,0.0001250873304955813,0.2993443711342911,0.00025062629876915297,0.33371690381796476,0.009417867892881071,0.0,0.0001994704737948675,0.0,0.0,0.0,0.0007881709190221717,0.05442176870748299,0.008272506082725062
0.01864336678700036,0.0,0.6347737169013867,0.5184017594819107,0.0033783783783783786,0.27272727781818185,0.0,0.05858228574159935,0.22478176161420882,0.0005191168530904632,0.2741634931620117,2.205200999150154e-05,0.18548248542292106,1.3839675607499005e-05,0.15271054090369762,0.00046944604477009116,0.16467430386423598,0.0009589324234371077,0.0,1.165423820819844e-05,0.02777778833333313,0.026590588157618316,0.008376795365525078,0.0001552306031517382,0.006802721088435374,0.018978102189781014
0.01864336678700036,0.0,0.34987527710404587,0.007101393517242149,0.0,0.16666666666666663,0.0,0.019507710213141218,0.12507173926176518,0.0,0.14818347954427546,1.2073598459639157e-06,0.1003946126324129,0.0,0.08122143199379495,0.0,0.08842026668319275,0.0001050403748989832,0.0,0.0,0.0,0.0,0.0,2.890189449736248e-06,0.0,0.009245742092457418
0.01864336678700036,0.0,0.5398075701123408,0.5184017594819107,0.0,0.40000000280000025,0.0,0.048728149263336115,0.35980260375762696,0.0006921558041206176,0.42260138229920796,0.00019806351200898662,0.30549292037289505,0.0001352672548328559,0.24955642431255282,0.0006086695660463598,0.277629212769725,0.008615437739666717,0.09090909090909091,0.0001925357204808982,0.02777778833333313,0.026590588157618316,0.008376795365525078,0.00087715592405956,0.013605442176870746,0.013138686131386863
0.01864336678700036,0.0,0.4448414233232949,0.5184017594819107,0.0,0.5555555555555557,0.3333333333333333,0.03038974679114046,0.42864964054854104,0.0007786752796356947,0.6585092061161104,0.0006149369742852579,0.3661911836586827,0.00030873522506400067,0.2977498627174106,0.0007521788380322034,0.33031037100698807,0.010699382856100772,0.09090909090909091,0.0003463524016254677,0.02777778833333313,0.026590588157618316,0.008376795365525078,0.001919924464946572,0.14285714285714285,0.02773722627737226
0.49156382650352876,1.0,0.38153065898719657,0.12057877090779279,0.0,0.16666666666666663,0.3333333333333333,0.04393697094438681,0.17081873376427226,0.0003460779020603088,0.2919093107170525,9.505336661243911e-06,0.14598883009671876,8.466407060026828e-05,0.11938587711515652,0.0011299946614190656,0.12697490162140923,0.00020631359430985506,0.09090909090909091,9.333022168383709e-05,0.02777778833333313,0.054447394809062494,0.008376795365525078,0.000680529727950838,0.15646258503401358,0.02238442822384428
0.49156382650352876,1.0,0.38153065898719657,0.12057877090779279,0.0,0.16666666666666663,0.3333333333333333,0.04393697094438681,0.17081873376427226,0.0003460779020603088,0.2919093107170525,9.505336661243911e-06,0.14598883009671876,8.466407060026828e-05,0.11938587711515652,0.0011299946614190656,0.12697490162140923,0.00020631359430985506,0.09090909090909091,9.333022168383709e-05,0.02777778833333313,0.054447394809062494,0.008376795365525078,0.000680529727950838,0.15646258503401358,0.022871046228710466
0.49156382650352876,0.047619048,0.9196721566987276,0.8314427998893119,0.0472972972972973,0.27272727781818185,0.3333333333333333,0.22079904941215422,0.28596024889748073,0.0038562966219689333,0.3900375542240745,0.0001923239518638563,0.2512102899235891,0.00047553661668293213,0.21552782354855154,0.0046812514183904854,0.2154598066669668,0.0016726274504200943,0.09090909090909091,0.00047281533358715824,0.16666666666666669,0.21272470526094653,0.15003725317045005,0.0025388552159553643,0.16326530612244897,0.052554744525547446
0.02339478997774156,0.0,0.11245991041632941,0.007101393517242149,0.0,0.16666666666666663,0.0,0.01194811160809809,0.17069035824321865,0.0,0.24687144924010862,4.225445254653104e-06,0.14376934291797977,2.1042728495281693e-05,0.11556272444000337,0.00022578386913881172,0.12570955528769961,0.00018340345727089176,0.0,5.300591537668216e-05,0.0,0.0012662184938258582,0.0,0.0002368432881998432,0.14285714285714285,0.009732360097323603
0.02339478997774156,0.0,0.11245991041632941,0.007101393517242149,0.0,0.16666666666666663,0.0,0.01194811160809809,0.17069035824321865,0.0,0.24687144924010862,4.225445254653104e-06,0.14376934291797977,2.1042728495281693e-05,0.11556272444000337,0.00022578386913881172,0.12570955528769961,0.00018340345727089176,0.0,5.300591537668216e-05,0.0,0.0012662184938258582,0.0,0.0002368432881998432,0.14285714285714285,0.006326034063260336
0.02339478997774156,0.0,0.11245991041632941,0.007101393517242149,0.0,0.16666666666666663,0.0,0.01194811160809809,0.17069035824321865,0.0,0.24687144924010862,4.225445254653104e-06,0.14376934291797977,2.1042728495281693e-05,0.11556272444000337,0.00022578386913881172,0.12570955528769961,0.00018340345727089176,0.0,5.300591537668216e-05,0.0,0.0012662184938258582,0.0,0.0002368432881998432,0.14285714285714285,0.014598540145985404
0.02339478997774156,0.0,0.21059159510879205,0.5184017594819107,0.0,0.40000000280000025,0.3333333333333333,0.035689325359157115,0.4435147707364222,0.0009455342680796182,0.5669398695278027,0.0008077820895336857,0.3848277607587965,0.0008493770658587169,0.3126384724899926,0.001279176301664735,0.3509352897744789,0.014054890043265897,0.09090909090909091,0.0009037331992357517,0.02777778833333313,0.027856806651444178,0.008376795365525078,0.002974070542182377,0.18367346938775508,0.02627737226277372
0.02339478997774156,0.0,0.11245991041632941,0.007101393517242149,0.0,0.16666666666666663,0.0,0.01194811160809809,0.17069035824321865,0.0,0.24687144924010862,4.225445254653104e-06,0.14376934291797977,2.1042728495281693e-05,0.11556272444000337,0.00022578386913881172,0.12570955528769961,0.00018340345727089176,0.0,5.300591537668216e-05,0.0,0.0012662184938258582,0.0,0.0002368432881998432,0.14285714285714285,0.011192214111922144
0.01864336678700036,0.0,0.34987527710404587,0.007101393517242149,0.0,0.27272727781818185,0.0,0.014087511697087385,0.22569171751344153,0.0,0.3445551834357117,1.4579856897168984e-05,0.18748308784026785,8.183283302573127e-06,0.15199438338288657,1.2138884071001598e-05,0.1671535222885876,0.0012684483748335018,0.0,1.0594762007453128e-05,0.0,0.0,0.0,8.414363201565339e-05,0.0,0.00875912408759124
0.01864336678700036,0.0,0.34987527710404587,0.007101393517242149,0.0,0.40000000280000025,0.0,0.010251284073130335,0.3291510602307738,0.0,0.42139474571547153,8.965347835398037e-05,0.2809066950782095,2.8056971320157068e-05,0.2254962600086527,8.799082025791262e-05,0.2527085225730786,0.007799857688476933,0.0,5.990856335123495e-05,0.0,0.0,0.0,0.00042656052095530004,0.0,0.024330900243309007
0.01864336678700036,0.0,0.48282788215287264,0.5184017594819107,0.0,0.16666666666666663,0.3333333333333333,0.04365152512054776,0.1380980788980849,0.0007498354545793617,0.22891621336097545,3.5510390076337773e-06,0.11834164865897484,5.913409008234114e-05,0.0953481649393137,0.000628331665851059,0.09835727214645101,7.666304606663095e-05,0.09090909090909091,2.6551115697465867e-05,0.02777778833333313,0.026590588157618316,0.008376795365525078,0.0004603774630228166,0.07482993197278912,0.016545012165450117
0.01864336678700036,0.0,0.6347737169013867,0.5184017594819107,0.0033783783783783786,0.40000000280000025,0.0,0.050096351599449376,0.32993641635957216,0.0005191168530904632,0.42226343502651786,0.00018153895800150814,0.2833334188942828,8.32268637317347e-05,0.22945794277050774,0.0005582676887625022,0.25420807460783784,0.00789662177637059,0.0,0.00012588503585219307,0.02777778833333313,0.026590588157618316,0.008376795365525078,0.0007318462321324677,0.006802721088435374,0.028710462287104617
0.01864336678700036,0.0,0.34987527710404587,0.007101393517242149,0.0,0.27272727781818185,0.0,0.015941979238612243,0.20288618377333412,0.0,0.2735289721742217,9.979428961529094e-06,0.1679698268763587,0.0,0.13540549010934072,9.885151069464072e-07,0.14838259773842744,0.0008682108841874765,0.0,2.3115844379897735e-06,0.0,0.0,0.0,2.4233655853554472e-05,0.0,0.0014598540145985411
0.01864336678700036,0.0,0.13280979913608149,0.007101393517242149,0.0,0.5555555555555557,0.0,0.005393957261401065,0.402774421555005,0.0,0.5434270757839335,0.00031413960888303965,0.34178303167340757,0.0001157350067184882,0.271804757794266,0.00028719767961574334,0.3068904422955447,0.009109614602446484,0.0,0.00017365778090398172,0.0,0.0,0.0,0.0007676906270656689,0.10884353741496598,0.02238442822384428
0.01864336678700036,0.0,0.13280979913608149,0.007101393517242149,0.0,0.5555555555555557,0.0,0.005393957261401065,0.402774421555005,0.0,0.5434270757839335,0.00031413960888303965,0.34178303167340757,0.0001157350067184882,0.271804757794266,0.00028719767961574334,0.3068904422955447,0.009109614602446484,0.0,0.00017365778090398172,0.0,0.0,0.0,0.0007676906270656689,0.10884353741496598,0.03990267639902676
0.01864336678700036,0.0,0.13280979913608149,0.007101393517242149,0.0,0.5555555555555557,0.0,0.005393957261401065,0.402774421555005,0.0,0.5434270757839335,0.00031413960888303965,0.34178303167340757,0.0001157350067184882,0.271804757794266,0.00028719767961574334,0.3068904422955447,0.009109614602446484,0.0,0.00017365778090398172,0.0,0.0,0.0,0.0007676906270656689,0.10884353741496598,0.023357664233576637
0.01864336678700036,0.0,0.19792944235553173,0.007101393517242149,0.0,0.40000000280000025,0.0,0.004944006359494282,0.4161292514951972,0.0,0.5351971554257998,0.0002123998441229882,0.3425546237081218,7.83257116101158e-05,0.27856905393501213,0.00021421736596565215,0.3104016364780207,0.009239069893839944,0.0,0.0001288066217390968,0.0,0.0,0.0,0.0006693076817121573,0.04081632653061224,0.014598540145985404
0.020105344259954267,0.0,0.041235300466994196,0.007101393517242149,0.0,0.40000000280000025,0.0,0.001943264354335214,0.536979701564671,0.0,0.6085633943214055,0.0015980310530161633,0.46459619248992695,0.0012064497669478874,0.37332264756917805,0.0022408311960665133,0.4287183877845661,0.03475670335249555,0.0,0.002052269611522504,0.0,0.0010129747844244488,0.0,0.0040827278388409225,0.35374149659863946,0.10316301703163017
0.020105344259954267,0.0,0.5902895742271791,0.7740519424642449,0.006756756756756757,0.40000000280000025,0.3333333333333333,0.0931769209127722,0.5513728629251494,0.0059393075264894445,0.6845430918258084,0.0037404611004661654,0.48575840945737864,0.00418024150893125,0.3989645053788073,0.004286335860038897,0.44472253590597405,0.03615722866735867,0.09090909090909091,0.004312999191876502,0.08333334388888869,0.0807847392572794,0.06504097848749509,0.01061939161117552,0.35374149659863946,0.10948905109489052
0.020105344259954267,0.0,0.041235300466994196,0.007101393517242149,0.0,0.40000000280000025,0.0,0.001943264354335214,0.536979701564671,0.0,0.6085633943214055,0.0015980310530161633,0.46459619248992695,0.0012064497669478874,0.37332264756917805,0.0022408311960665133,0.4287183877845661,0.03475670335249555,0.0,0.002052269611522504,0.0,0.0010129747844244488,0.0,0.0040827278388409225,0.35374149659863946,0.13965936739659368
0.020623133642527183,0.0,0.08397006643659533,0.007101393517242149,0.0,0.40000000280000025,0.0,0.005739199782884091,0.4340489639340299,0.0,0.5591093294513719,0.0004980919998271913,0.37220856062037094,0.00025952698471582233,0.29804513275299754,0.0005864128414456845,0.33959659600286535,0.014444237408544426,0.0,0.00045002054260142574,0.0,0.0007386274547317474,0.0,0.0012924696189588816,0.2312925170068027,0.011192214111922144
0.020623133642527183,0.0,0.08397006643659533,0.007101393517242149,0.0,0.40000000280000025,0.0,0.005739199782884091,0.4340489639340299,0.0,0.5591093294513719,0.0004980919998271913,0.37220856062037094,0.00025952698471582233,0.29804513275299754,0.0005864128414456845,0.33959659600286535,0.014444237408544426,0.0,0.00045002054260142574,0.0,0.0007386274547317474,0.0,0.0012924696189588816,0.2312925170068027,0.06034063260340631
0.020623133642527183,0.0,0.08397006643659533,0.007101393517242149,0.0,0.40000000280000025,0.0,0.005739199782884091,0.4340489639340299,0.0,0.5591093294513719,0.0004980919998271913,0.37220856062037094,0.00025952698471582233,0.29804513275299754,0.0005864128414456845,0.33959659600286535,0.014444237408544426,0.0,0.00045002054260142574,0.0,0.0007386274547317474,0.0,0.0012924696189588816,0.2312925170068027,0.02579075425790755
0.020623133642527183,0.0,0.08397006643659533,0.007101393517242149,0.0,0.40000000280000025,0.0,0.005739199782884091,0.4340489639340299,0.0,0.5591093294513719,0.0004980919998271913,0.37220856062037094,0.00025952698471582233,0.29804513275299754,0.0005864128414456845,0.33959659600286535,0.014444237408544426,0.0,0.00045002054260142574,0.0,0.0007386274547317474,0.0,0.0012924696189588816,0.2312925170068027,0.043309002433090014
0.020623133642527183,0.0,0.08397006643659533,0.007101393517242149,0.0,0.40000000280000025,0.0,0.005739199782884091,0.4340489639340299,0.0,0.5591093294513719,0.0004980919998271913,0.37220856062037094,0.00025952698471582233,0.29804513275299754,0.0005864128414456845,0.33959659600286535,0.014444237408544426,0.0,0.00045002054260142574,0.0,0.0007386274547317474,0.0,0.0012924696189588816,0.2312925170068027,0.0535279805352798
0.019866157615956937,0.0,0.02998930948234091,0.007101393517242149,0.0,0.5555555555555557,0.0,0.003187510445976219,0.5232623995650335,0.0,0.59892062014524,0.0009833197386461014,0.4403795126405627,0.0008802874754084602,0.3568802866927732,0.0019333462706750879,0.40885092030537934,0.028515851851848767,0.0,0.0018764286675381984,0.0,0.0010427681557444758,0.0,0.003099980848162482,0.4897959183673469,0.07104622871046229
0.019866157615956937,0.0,0.40685496506351404,0.5184017594819107,0.0033783783783783786,0.5555555555555557,0.0,0.03955506637465518,0.5238514166616323,0.0006729292538523437,0.5995073361452468,0.0013271641343052182,0.44240178238630984,0.0015711965646481349,0.3604772767726296,0.002470646746016239,0.4100404981417614,0.028865345992378152,0.0,0.0021795351769696076,0.02777778833333313,0.027633356313362795,0.008376795365525078,0.004247091848028834,0.4897959183673469,0.10948905109489052
0.019866157615956937,0.0,0.02998930948234091,0.007101393517242149,0.0,0.5555555555555557,0.0,0.003187510445976219,0.5232623995650335,0.0,0.59892062014524,0.0009833197386461014,0.4403795126405627,0.0008802874754084602,0.3568802866927732,0.0019333462706750879,0.40885092030537934,0.028515851851848767,0.0,0.0018764286675381984,0.0,0.0010427681557444758,0.0,0.003099980848162482,0.4897959183673469,0.09002433090024331
0.48029669271202596,1.0,0.31188881827446807,0.16964441080206194,0.0,0.5555555555555557,0.3333333333333333,0.028719032191731816,0.5235569081133328,0.0003460779020603088,0.6797491485138702,0.0018414988002734053,0.4429890199099436,0.0014217534202821827,0.3616566346960138,0.003384228139839388,0.41048857600182903,0.0320415735469394,0.09090909090909091,0.0023200923529351526,0.02777778833333313,0.05422394447098111,0.008376795365525078,0.005529877310051507,0.5034013605442177,0.07445255474452553
0.48029669271202596,1.0,0.31188881827446807,0.16964441080206194,0.0,0.5555555555555557,0.3333333333333333,0.028719032191731816,0.5235569081133328,0.0003460779020603088,0.6797491485138702,0.0018414988002734053,0.4429890199099436,0.0014217534202821827,0.3616566346960138,0.003384228139839388,0.41048857600182903,0.0320415735469394,0.09090909090909091,0.0023200923529351526,0.02777778833333313,0.05422394447098111,0.008376795365525078,0.005529877310051507,0.5034013605442177,0.08613138686131389
0.14769780301737687,0.333333333,0.40414164645358774,0.5874869254872117,0.0,0.5555555555555557,0.3333333333333333,0.04894751075394203,0.5445878390624054,0.0018882496060206768,0.7671119316427659,0.0033493251674514466,0.4662937810018572,0.0033866419648040423,0.38123097732030636,0.005116056759385131,0.4346699826765161,0.04162678957719144,0.1818181818181818,0.0035009909473537612,0.05555555555555555,0.06308747387458094,0.03670888692651007,0.008470115714689396,0.5102040816326531,0.044282238442822384
0.019866157615956937,0.0,0.02998930948234091,0.007101393517242149,0.0,0.5555555555555557,0.0,0.003187510445976219,0.5232623995650335,0.0,0.59892062014524,0.0009833197386461014,0.4403795126405627,0.0008802874754084602,0.3568802866927732,0.0019333462706750879,0.40885092030537934,0.028515851851848767,0.0,0.0018764286675381984,0.0,0.0010427681557444758,0.0,0.003099980848162482,0.4897959183673469,0.02725060827250609
0.019866157615956937,0.0,0.40685496506351404,0.5184017594819107,0.0033783783783783786,0.5555555555555557,0.0,0.03955506637465518,0.5238514166616323,0.0006729292538523437,0.5995073361452468,0.0013271641343052182,0.44240178238630984,0.0015711965646481349,0.3604772767726296,0.002470646746016239,0.4100404981417614,0.028865345992378152,0.0,0.0021795351769696076,0.02777778833333313,0.027633356313362795,0.008376795365525078,0.004247091848028834,0.4897959183673469,0.05936739659367395
0.01864336678700036,0.0,0.34987527710404587,0.007101393517242149,0.0,0.40000000280000025,0.0,0.01141783295356228,0.3392662961396725,0.0,0.4116396878510593,3.6500768083674665e-05,0.2716391628121893,1.8704647543063965e-05,0.22321502078530392,3.529695703706308e-05,0.2444613979784957,0.003175568888121376,0.0,3.2362182131856823e-05,0.0,0.0,0.0,0.00020500496913552178,0.0,0.0048661800486617945
0.10179309999973962,0.0,0.19792944235553173,0.007101393517242149,0.0,0.27272727781818185,0.0,0.006327863625033646,0.15738083731045727,0.0,0.4401173540873212,4.98773947023505e-06,0.13819693944240757,5.9621064071818506e-05,0.11244507195440662,0.00018088249044471137,0.12229885248036376,0.0002167272929639293,0.0,6.860911033311312e-05,0.0,0.008863529377009242,0.0,0.00026169021209720484,0.04081632653061224,0.00875912408759124
0.01864336678700036,0.0,0.5777940289419186,0.5184017594819107,0.0033783783783783786,0.40000000280000025,0.0,0.051439210914565464,0.3689361445055276,0.0005767965035492073,0.4200512129148838,0.00014331960158874943,0.30520643226241945,7.744459806795581e-05,0.24997823178311623,0.0005589652420755977,0.2772296767616255,0.006234077389672304,0.0,9.97191842277255e-05,0.02777778833333313,0.026590588157618316,0.008376795365525078,0.0006189317240382671,0.02040816326530612,0.038929440389294405
0.01864336678700036,0.0,0.34987527710404587,0.007101393517242149,0.0,0.27272727781818185,0.0,0.01647437515819338,0.23103818039026147,0.0,0.2717115837995,7.87789806053636e-06,0.18405573472921805,1.1690404713421917e-06,0.15044781152904435,1.7339161390817707e-06,0.1645526107061736,0.0006853775769178953,0.0,2.2152684197401997e-06,0.0,0.0,0.0,2.5065271711562502e-05,0.0,0.0048661800486617945
0.020623133642527183,0.0,0.7414280045181201,0.7740519424642449,0.02027027027027027,0.7500000000000001,0.0,0.11623874922246648,0.47013758835256436,0.0033034708848760294,0.5809269111631201,0.0010876774397118052,0.40379328360878336,0.001169575901705426,0.329683191063788,0.0023742433784341562,0.3663951047538199,0.015770783808169007,0.0,0.0011709138338600697,0.08333334388888869,0.08051039192758669,0.06504097848749509,0.003682453709154055,0.2312925170068027,0.029197080291970802
0.01864336678700036,0.0,0.19792944235553173,0.007101393517242149,0.0,0.5555555555555557,0.0,0.012710262864871334,0.3023772125898627,0.0,0.39798024850222746,1.994060403786132e-05,0.2459960609613095,2.4549849915663833e-05,0.2007502183979611,8.829877561164707e-05,0.22037314593616658,0.0017348336793302067,0.0,3.168797000410981e-05,0.0,0.0,0.0,0.0001775060858382315,0.04081632653061224,0.05206812652068126
0.01864336678700036,0.0,0.19792944235553173,0.007101393517242149,0.0,0.5555555555555557,0.0,0.012710262864871334,0.3023772125898627,0.0,0.39798024850222746,1.994060403786132e-05,0.2459960609613095,2.4549849915663833e-05,0.2007502183979611,8.829877561164707e-05,0.22037314593616658,0.0017348336793302067,0.0,3.168797000410981e-05,0.0,0.0,0.0,0.0001775060858382315,0.04081632653061224,0.010218978102189781
0.01864336678700036,0.0,0.19792944235553173,0.007101393517242149,0.0,0.5555555555555557,0.0,0.012710262864871334,0.3023772125898627,0.0,0.39798024850222746,1.994060403786132e-05,0.2459960609613095,2.4549849915663833e-05,0.2007502183979611,8.829877561164707e-05,0.22037314593616658,0.0017348336793302067,0.0,3.168797000410981e-05,0.0,0.0,0.0,0.0001775060858382315,0.04081632653061224,0.023844282238442822
0.01864336678700036,0.0,0.19792944235553173,0.007101393517242149,0.0,0.5555555555555557,0.0,0.007199535228242779,0.4269467770192714,0.0,0.5039170918860365,0.00029462665447361835,0.3590060284879694,9.235419727575545e-05,0.2890676030095722,0.000245343617248134,0.3271782302041268,0.01281593846987006,0.0,0.00018595412590051064,0.0,0.0,0.0,0.0008558961544077539,0.04081632653061224,0.02579075425790755
0.01864336678700036,0.0,0.6456269907712952,0.6888352151443338,0.005067567567567568,0.5555555555555557,0.3333333333333333,0.07178901517982797,0.42913671237842066,0.001984179971697078,0.5932636728081249,0.0007599060089101571,0.36738082913789977,0.00033803986699839543,0.30051182692257444,0.0013139202640065917,0.33194658571315167,0.013221846219433227,0.09090909090909091,0.0005120480583541512,0.05555555555555555,0.053181176315236625,0.03670888692651007,0.002442715606273734,0.10884353741496598,0.049635036496350364
0.01864336678700036,0.0,0.5777940289419186,0.5184017594819107,0.0033783783783783786,0.40000000280000025,0.0,0.047198906464683846,0.3414788860025373,0.0005767965035492073,0.4857037339104787,0.00012526154167832236,0.28378963335026325,8.12994418385121e-05,0.23279501195977365,0.0005419315428768861,0.254490256919411,0.003632147091910607,0.0,8.0167032523062e-05,0.02777778833333313,0.026590588157618316,0.008376795365525078,0.0005304552079873811,0.02040816326530612,0.013138686131386863
0.18494281882704292,0.0,0.4258481941934045,0.5184017594819107,0.0,0.40000000280000025,0.3333333333333333,0.03687909999554091,0.2775629795203286,0.000807515104692028,0.5512423445070694,0.00010272080635397618,0.23681269540413513,7.166233238828803e-05,0.19097609629884843,0.0006072900354437761,0.20817127149873754,0.0022336836893809883,0.09090909090909091,5.364802216501265e-05,0.02777778833333313,0.03545411753462756,0.008376795365525078,0.000717221080173437,0.10884353741496598,0.017518248175182473
0.01864336678700036,0.0,0.2549091303149999,0.007101393517242149,0.0,0.40000000280000025,0.0,0.010515428927422396,0.2737683501480094,0.0,0.4070750091409122,3.343731728161097e-05,0.22576012281311847,7.014242831230934e-06,0.1813112149490958,4.149358553392395e-05,0.19944289087288186,0.0014541949143015603,0.0,1.1525816850532341e-05,0.0,0.0,0.0,0.00013222949995138545,0.02040816326530612,0.006812652068126521
0.020013967970625404,0.0,0.26915405230486694,0.5184017594819107,0.0,0.5555555555555557,0.3333333333333333,0.027969135408402783,0.44075469703377035,0.0008981545552645923,0.6872271364134581,0.0013172096622949255,0.38617650779790164,0.0014873537123247297,0.31360647850064854,0.0024145044968844447,0.35719024382380177,0.028648834783661294,0.09090909090909091,0.001553481058347377,0.02777778833333313,0.027467200954899924,0.008376795365525078,0.004353683270033854,0.31972789115646255,0.08905109489051097
0.020013967970625404,0.0,0.04598360760701764,0.007101393517242149,0.0,0.5555555555555557,0.0,0.004807282365203197,0.4402562979520328,0.0,0.5719122637066035,0.0005038165678469386,0.3826304719659733,0.0005529561432102017,0.3083401800291739,0.0012009494404618102,0.35428011098322704,0.021915704316814454,0.0,0.0011109089544905852,0.0,0.0008766127972816146,0.0,0.0021558593652628256,0.31292517006802717,0.06569343065693431
0.020013967970625404,0.0,0.04598360760701764,0.007101393517242149,0.0,0.5555555555555557,0.0,0.004807282365203197,0.4402562979520328,0.0,0.5719122637066035,0.0005038165678469386,0.3826304719659733,0.0005529561432102017,0.3083401800291739,0.0012009494404618102,0.35428011098322704,0.021915704316814454,0.0,0.0011109089544905852,0.0,0.0008766127972816146,0.0,0.0021558593652628256,0.31292517006802717,0.03795620437956205
0.020013967970625404,0.0,0.4210998870533811,0.5184017594819107,0.0033783783783783786,0.5555555555555557,0.0,0.04208853440026382,0.44075469703377035,0.0006674359541217717,0.57246921464499,0.000764989267071455,0.3846527417117204,0.0010083893720495812,0.311873343873217,0.0017145115348883705,0.35539793224946065,0.022184263191404374,0.0,0.0013388889696873266,0.02777778833333313,0.027467200954899924,0.008376795365525078,0.0030455541363496497,0.31292517006802717,0.021897810218978096
0.020013967970625404,0.0,0.04598360760701764,0.007101393517242149,0.0,0.5555555555555557,0.0,0.004807282365203197,0.4402562979520328,0.0,0.5719122637066035,0.0005038165678469386,0.3826304719659733,0.0005529561432102017,0.3083401800291739,0.0012009494404618102,0.35428011098322704,0.021915704316814454,0.0,0.0011109089544905852,0.0,0.0008766127972816146,0.0,0.0021558593652628256,0.31292517006802717,0.02092457420924574
0.2570085160774006,1.0,0.2040344090854167,0.3680898865061668,0.0,0.5555555555555557,0.3333333333333333,0.02842518146725826,0.44125687186612694,0.0003460779020603088,0.6854442478506171,0.0012045649666694617,0.38769520445084543,0.001403361496486601,0.31496367996347513,0.002736062279996945,0.359206594395212,0.02619881171159124,0.09090909090909091,0.0017472688870655197,0.02777778833333313,0.030126259770661756,0.008376795365525078,0.004452260886151007,0.3333333333333333,0.06618004866180047
0.020013967970625404,0.0,0.04598360760701764,0.007101393517242149,0.0,0.5555555555555557,0.0,0.004807282365203197,0.4402562979520328,0.0,0.5719122637066035,0.0005038165678469386,0.3826304719659733,0.0005529561432102017,0.3083401800291739,0.0012009494404618102,0.35428011098322704,0.021915704316814454,0.0,0.0011109089544905852,0.0,0.0008766127972816146,0.0,0.0021558593652628256,0.31292517006802717,0.06326034063260338
0.5614644149412259,0.333333333,0.4928831213050959,0.40477945604782883,0.0,0.5555555555555557,0.3333333333333333,0.06304503134033464,0.44125687186612694,0.0018918925313783808,0.5730267487808125,0.0015537325842692104,0.39022636543810413,0.0012072553669642745,0.3180247343261962,0.0027421137203489376,0.3583121864187843,0.022528589533976677,0.09090909090909091,0.0018216248531541907,0.05555555555555555,0.10723896542775489,0.03670888692651007,0.005084556715948642,0.31292517006802717,0.06472019464720194
0.035273319183722604,0.0,0.5126743851526715,0.5184017594819107,0.0033783783783783786,0.27272727781818185,0.0,0.04147747887627119,0.308863952153688,0.0006229402237085558,0.537863264315229,0.0003632290043085228,0.27191011181017016,0.00014683178619219153,0.21522219777028645,0.0007167948499907494,0.23996724744916736,0.007899740679117485,0.0,0.0001530461529985729,0.02777778833333313,0.029249646973380148,0.008376795365525078,0.0009854989126397724,0.05442176870748299,0.06277372262773723
0.035273319183722604,0.0,0.15994298352595399,0.007101393517242149,0.0,0.27272727781818185,0.0,0.004418090554142794,0.308490152842385,0.0,0.537340273758313,0.0002691220567569383,0.26988784236736524,6.663530689669388e-05,0.2118159562571324,0.00023929112621707974,0.23900100929785845,0.007804106477527796,0.0,9.930181481531067e-05,0.0,0.0026590588157618354,0.0,0.0006097245785850429,0.05442176870748299,0.0170316301703163
0.01864336678700036,0.0,0.34987527710404587,0.007101393517242149,0.0,0.16666666666666663,0.0,0.01224446455489795,0.18751887875309603,0.0,0.3654964678498498,9.983678226607709e-06,0.158334499564518,3.5071214156154674e-06,0.1251531494577786,5.201292780584966e-06,0.138084770345411,0.0008685805704896962,0.0,4.526852857729972e-06,0.0,0.0,0.0,5.433425779554493e-05,0.0,0.0053527980535279795
0.01864336678700036,0.0,0.6727601751611676,0.6888352151443338,0.005067567567567568,0.27272727781818185,0.0,0.0876236554965965,0.24931281338730127,0.001845748810872954,0.3652818925652316,1.6590986179834283e-05,0.20877940425248115,0.00014449657353730774,0.1788066251535529,0.0011181164249965782,0.18697972620382824,0.0004806989332967299,0.09090909090909091,0.00012954504454567686,0.05555555555555555,0.053181176315236625,0.03670888692651007,0.0006377316103085192,0.027210884353741492,0.0194647201946472
0.01864336678700036,0.0,0.2549091303149999,0.007101393517242149,0.0,0.16666666666666663,0.0,0.015143513678334185,0.14347852353047785,0.0,0.22613990033398257,5.998944861337552e-07,0.11517994275607141,5.260682124217647e-06,0.09761975773388759,3.8800204976986415e-05,0.10287514538727899,5.219085422955651e-05,0.0,7.41633340521719e-06,0.0,0.0,0.0,4.886972426367315e-05,0.02040816326530612,0.006326034063260336
0.01864336678700036,0.0,0.48282788215287264,0.5184017594819107,0.0,0.16666666666666663,0.0,0.05528127705728389,0.14396181960973842,0.0007498354545793617,0.22681539393566186,1.225314487141162e-06,0.11796056384581238,3.504131643294758e-05,0.10188460990914677,0.0005443609080360819,0.10489460250743493,5.297188162861208e-05,0.09090909090909091,2.3725845828811702e-05,0.02777778833333313,0.026590588157618316,0.008376795365525078,0.00023325297160849378,0.02040816326530612,0.018004866180048658
0.01937705279272309,0.0,0.03332145485375737,0.007101393517242149,0.0,0.7500000000000001,0.0,0.005854366169440871,0.5096017338246844,0.0,0.593492301082359,0.00047145389568858964,0.42294345542957973,0.0009802404356907398,0.3528659460848242,0.0014476989301279474,0.39383551729502003,0.013671733621837217,0.0,0.0018202764288986967,0.0,0.0005865571042253832,0.0,0.002038446347299581,0.4693877551020408,0.050121654501216535
0.01937705279272309,0.0,0.03332145485375737,0.007101393517242149,0.0,0.7500000000000001,0.0,0.005854366169440871,0.5096017338246844,0.0,0.593492301082359,0.00047145389568858964,0.42294345542957973,0.0009802404356907398,0.3528659460848242,0.0014476989301279474,0.39383551729502003,0.013671733621837217,0.0,0.0018202764288986967,0.0,0.0005865571042253832,0.0,0.002038446347299581,0.4693877551020408,0.05206812652068126
0.01937705279272309,0.0,0.03332145485375737,0.007101393517242149,0.0,0.7500000000000001,0.0,0.005854366169440871,0.5096017338246844,0.0,0.593492301082359,0.00047145389568858964,0.42294345542957973,0.0009802404356907398,0.3528659460848242,0.0014476989301279474,0.39383551729502003,0.013671733621837217,0.0,0.0018202764288986967,0.0,0.0005865571042253832,0.0,0.002038446347299581,0.4693877551020408,0.032603406326034055
0.01937705279272309,0.0,0.25790806132021366,0.5184017594819107,0.0,0.7500000000000001,0.3333333333333333,0.03503906835205242,0.5271023379447833,0.0009025168817553345,0.685119785757519,0.0008012740408217674,0.44063021874393576,0.002290124930248163,0.37237544476205114,0.0020773505570408374,0.41026880447040986,0.013941651484101494,0.09090909090909091,0.0025305428528104713,0.02777778833333313,0.02717714526184371,0.008376795365525078,0.004275205718388671,0.4693877551020408,0.07396593673965937
0.23653058902563,1.0,0.1335887422395189,0.42747333770043827,0.0,0.7500000000000001,0.3333333333333333,0.029962765006998196,0.5268078293964839,0.0003460779020603088,0.7295685152655882,0.001405553858289859,0.4456238379924596,0.003641516302700996,0.3736267670066243,0.0038904914228891302,0.4166555147452395,0.02037999617629813,0.09090909090909091,0.003560161087898416,0.02777778833333313,0.028654400144716614,0.008376795365525078,0.0052447926313715035,0.48299319727891155,0.16253041362530413
0.01937705279272309,0.0,0.03332145485375737,0.007101393517242149,0.0,0.7500000000000001,0.0,0.005854366169440871,0.5096017338246844,0.0,0.593492301082359,0.00047145389568858964,0.42294345542957973,0.0009802404356907398,0.3528659460848242,0.0014476989301279474,0.39383551729502003,0.013671733621837217,0.0,0.0018202764288986967,0.0,0.0005865571042253832,0.0,0.002038446347299581,0.4693877551020408,0.0807785888077859
0.01937705279272309,0.0,0.03332145485375737,0.007101393517242149,0.0,0.7500000000000001,0.0,0.005854366169440871,0.5096017338246844,0.0,0.593492301082359,0.00047145389568858964,0.42294345542957973,0.0009802404356907398,0.3528659460848242,0.0014476989301279474,0.39383551729502003,0.013671733621837217,0.0,0.0018202764288986967,0.0,0.0005865571042253832,0.0,0.002038446347299581,0.4693877551020408,0.026763990267639905
0.01937705279272309,0.0,0.03332145485375737,0.007101393517242149,0.0,0.7500000000000001,0.0,0.005854366169440871,0.5096017338246844,0.0,0.593492301082359,0.00047145389568858964,0.42294345542957973,0.0009802404356907398,0.3528659460848242,0.0014476989301279474,0.39383551729502003,0.013671733621837217,0.0,0.0018202764288986967,0.0,0.0005865571042253832,0.0,0.002038446347299581,0.4693877551020408,0.030656934306569343
0.01937705279272309,0.0,0.03332145485375737,0.007101393517242149,0.0,0.7500000000000001,0.0,0.005854366169440871,0.5096017338246844,0.0,0.593492301082359,0.00047145389568858964,0.42294345542957973,0.0009802404356907398,0.3528659460848242,0.0014476989301279474,0.39383551729502003,0.013671733621837217,0.0,0.0018202764288986967,0.0,0.0005865571042253832,0.0,0.002038446347299581,0.4693877551020408,0.05936739659367395
0.01937705279272309,0.0,0.03332145485375737,0.007101393517242149,0.0,0.7500000000000001,0.0,0.005854366169440871,0.5096017338246844,0.0,0.593492301082359,0.00047145389568858964,0.42294345542957973,0.0009802404356907398,0.3528659460848242,0.0014476989301279474,0.39383551729502003,0.013671733621837217,0.0,0.0018202764288986967,0.0,0.0005865571042253832,0.0,0.002038446347299581,0.4693877551020408,0.05304136253041362
0.01864336678700036,0.0,0.5398075701123408,0.5184017594819107,0.0,0.40000000280000025,0.3333333333333333,0.039830503309189025,0.303479731770676,0.0006921558041206176,0.5495442031326563,0.00010122907491616664,0.25548784248757267,8.51542856249573e-05,0.20960578540059577,0.0005353498749884101,0.22445783601890118,0.00220123981122422,0.09090909090909091,7.36496486215075e-05,0.02777778833333313,0.026590588157618316,0.008376795365525078,0.0007031722535724774,0.05442176870748299,0.011678832116788322
0.01864336678700036,0.0,0.4177082389334224,0.5184017594819107,0.0,0.27272727781818185,0.3333333333333333,0.04113518769394228,0.18642768682414057,0.0007959791747387101,0.5399630717278667,1.695289189716364e-05,0.16018031583230702,6.395264481539764e-05,0.13118938153693632,0.0006310972703215015,0.13690089385922566,0.0003682309878327282,0.09090909090909091,5.319854741318131e-05,0.02777778833333313,0.026590588157618316,0.008376795365525078,0.0006432912412544192,0.07482993197278912,0.016545012165450117
0.021415037507650718,0.0,0.8552308429893098,0.8592686697841562,0.05067567567567568,0.40000000280000025,0.0,0.19409802744681254,0.3940788678789342,0.007292355792919252,0.5712499392619105,0.001828973163797727,0.35707524241180594,0.0017920237848260666,0.2933079728409775,0.004139896670437444,0.32217653991635403,0.019889518779965223,0.0,0.0019098503258708004,0.1388888994444442,0.1341347446943899,0.12170516160946508,0.005733322302115473,0.26530612244897955,0.06958637469586376
0.01864336678700036,0.0,0.13280979913608149,0.007101393517242149,0.0,0.27272727781818185,0.0,0.013382590756084972,0.24899187458466743,0.0,0.3907782077095324,2.5145983683566555e-05,0.21263473912974357,4.909969982656099e-05,0.1724544836463388,0.0001763809139673576,0.19193577056354244,0.0021877020029739233,0.0,6.263751720163955e-05,0.0,0.0,0.0,0.0002719781176055232,0.10884353741496598,0.008272506082725062
0.01864336678700036,0.0,0.13280979913608149,0.007101393517242149,0.0,0.27272727781818185,0.0,0.013382590756084972,0.24899187458466743,0.0,0.3907782077095324,2.5145983683566555e-05,0.21263473912974357,4.909969982656099e-05,0.1724544836463388,0.0001763809139673576,0.19193577056354244,0.0021877020029739233,0.0,6.263751720163955e-05,0.0,0.0,0.0,0.0002719781176055232,0.10884353741496598,0.013625304136253048
0.01864336678700036,0.0,0.13280979913608149,0.007101393517242149,0.0,0.27272727781818185,0.0,0.013382590756084972,0.24899187458466743,0.0,0.3907782077095324,2.5145983683566555e-05,0.21263473912974357,4.909969982656099e-05,0.1724544836463388,0.0001763809139673576,0.19193577056354244,0.0021877020029739233,0.0,6.263751720163955e-05,0.0,0.0,0.0,0.0002719781176055232,0.10884353741496598,0.00875912408759124
0.01864336678700036,0.0,0.13280979913608149,0.007101393517242149,0.0,0.27272727781818185,0.0,0.013382590756084972,0.24899187458466743,0.0,0.3907782077095324,2.5145983683566555e-05,0.21263473912974357,4.909969982656099e-05,0.1724544836463388,0.0001763809139673576,0.19193577056354244,0.0021877020029739233,0.0,6.263751720163955e-05,0.0,0.0,0.0,0.0002719781176055232,0.10884353741496598,0.011192214111922144
0.01864336678700036,0.0,0.13280979913608149,0.007101393517242149,0.0,0.27272727781818185,0.0,0.013382590756084972,0.24899187458466743,0.0,0.3907782077095324,2.5145983683566555e-05,0.21263473912974357,4.909969982656099e-05,0.1724544836463388,0.0001763809139673576,0.19193577056354244,0.0021877020029739233,0.0,6.263751720163955e-05,0.0,0.0,0.0,0.0002719781176055232,0.10884353741496598,0.009732360097323603
0.5212601567111994,1.0,0.4448414233232949,0.055035802826429836,0.0,0.27272727781818185,0.3333333333333333,0.03283813925765479,0.2626034555669666,0.0003460779020603088,0.521756628652088,8.172632472781443e-05,0.22757527255424276,7.000151231472712e-05,0.18109726208521687,0.0009518691748442636,0.198389886148776,0.0017770534170984873,0.09090909090909091,6.318330797172047e-05,0.02777778833333313,0.05761294101703654,0.008376795365525078,0.0006588051096844854,0.14285714285714285,0.018491484184914843
0.5212601567111994,1.0,0.4448414233232949,0.055035802826429836,0.0,0.27272727781818185,0.3333333333333333,0.03283813925765479,0.2626034555669666,0.0003460779020603088,0.521756628652088,8.172632472781443e-05,0.22757527255424276,7.000151231472712e-05,0.18109726208521687,0.0009518691748442636,0.198389886148776,0.0017770534170984873,0.09090909090909091,6.318330797172047e-05,0.02777778833333313,0.05761294101703654,0.008376795365525078,0.0006588051096844854,0.14285714285714285,0.012165450121654507
0.23855109543584496,1.0,0.32274209214437644,0.26211245104212055,0.0,0.40000000280000025,0.3333333333333333,0.0335045003110134,0.276350963571558,0.0003460779020603088,0.458776950788773,4.243965467027433e-05,0.23184318247092434,0.00015850797678442502,0.19199241615865043,0.0012534384315375875,0.2061122468071101,0.0009225677877370805,0.09090909090909091,0.0001176018582827297,0.02777778833333313,0.04077223516615121,0.008376795365525078,0.0007910429614721982,0.18367346938775508,0.028223844282238446
0.6127248445441458,0.2,0.8020950224432906,0.6564528582923712,0.016891891891891893,0.40000000280000025,0.3333333333333333,0.12923118577428866,0.27686824140639155,0.0015820704092702354,0.4812368541078553,9.538412102732593e-05,0.23791796908269908,0.0003847498033993435,0.20229022419187653,0.0035612002992362647,0.20686232059518433,0.0010367279592323692,0.09090909090909091,0.00026429115407683077,0.11111111111111112,0.16840705832271913,0.09337307004848007,0.0016987476810671142,0.19047619047619047,0.04184914841849147
0.6079734357388406,0.333333333,0.5800962385334204,0.5260712649713807,0.0,0.5555555555555557,0.3333333333333333,0.08583796698927156,0.4320780221107955,0.0032630202199201656,0.578353296007974,0.0007605946591725103,0.37672684007174323,0.001285935660812549,0.31255936096010567,0.003296578292084502,0.33956376252704795,0.007351834338132025,0.09090909090909091,0.0010446114285954618,0.08333334388888869,0.13953727691344112,0.06504097848749509,0.003721225090268307,0.19727891156462585,0.05304136253041362
0.05190325719500887,0.0,0.15994298352595399,0.007101393517242149,0.0,0.27272727781818185,0.0,0.008589551810277651,0.16396952214100158,0.0,0.3212280706101037,2.616799178377737e-06,0.13569558432328416,1.9873688027117282e-05,0.11005882623725127,0.0001569541215159483,0.11816277114423285,0.00011337133382224259,0.0,2.7064801128130262e-05,0.0,0.00531811763152366,0.0,0.00017525572813697127,0.05442176870748299,0.007785888077858877
0.23855109543584496,1.0,0.32274209214437644,0.26211245104212055,0.0,0.40000000280000025,0.3333333333333333,0.0335045003110134,0.276350963571558,0.0003460779020603088,0.458776950788773,4.243965467027433e-05,0.23184318247092434,0.00015850797678442502,0.19199241615865043,0.0012534384315375875,0.2061122468071101,0.0009225677877370805,0.09090909090909091,0.0001176018582827297,0.02777778833333313,0.04077223516615121,0.008376795365525078,0.0007910429614721982,0.18367346938775508,0.040389294403892946
0.05190325719500887,0.0,0.15994298352595399,0.007101393517242149,0.0,0.27272727781818185,0.0,0.008589551810277651,0.16396952214100158,0.0,0.3212280706101037,2.616799178377737e-06,0.13569558432328416,1.9873688027117282e-05,0.11005882623725127,0.0001569541215159483,0.11816277114423285,0.00011337133382224259,0.0,2.7064801128130262e-05,0.0,0.00531811763152366,0.0,0.00017525572813697127,0.05442176870748299,0.00875912408759124
0.06021824058608798,0.0,0.4923244970027163,0.5184017594819107,0.0033783783783783786,0.5555555555555557,0.0,0.03695249851711248,0.4493369781912643,0.0006344761536618735,0.5732258365625448,0.0017552220213612275,0.39218930760727794,0.0005564089383113267,0.31160321783397876,0.0016358508863071866,0.35695180243182295,0.030540355576365367,0.0,0.0007338317430435034,0.02777778833333313,0.03545411753462756,0.008376795365525078,0.0033500797006837516,0.10884353741496598,0.057907542579075426
0.06021824058608798,0.0,0.19792944235553173,0.007101393517242149,0.0,0.40000000280000025,0.0,0.00642320471162048,0.35561907207152776,0.0,0.5185889772259453,8.091112416956353e-05,0.29138036711240817,5.026874029472541e-05,0.24031916112004276,0.00015554441103776836,0.2643560344527049,0.003519306856719722,0.0,7.920387234056626e-05,0.0,0.004431764701799918,0.0,0.0003487091299944683,0.04081632653061224,0.02092457420924574
0.01864336678700036,0.0,0.2549091303149999,0.007101393517242149,0.0,0.40000000280000025,0.0,0.007886491496133269,0.3873278257717634,0.0,0.502990133711469,0.00013617114075044066,0.3199425188434581,7.014242831707601e-05,0.26369684128902543,0.00015100301734579714,0.2884623992924528,0.005923119141012321,0.0,0.00014225875895462062,0.0,0.0,0.0,0.0005279010056153791,0.02040816326530612,0.0043795620437956165
0.01864336678700036,0.0,0.15994298352595399,0.007101393517242149,0.0,0.40000000280000025,0.0,0.01327691998245878,0.36445432852050985,0.0,0.42294815737378344,5.816292296641427e-05,0.3007526240416744,0.00011631952695257041,0.24964796145200202,0.00021991582144199103,0.272744331315758,0.005060177588343806,0.0,0.00021179892413081296,0.0,0.0,0.0,0.0005140659860244036,0.05442176870748299,0.03454987834549878
0.01864336678700036,0.0,0.15994298352595399,0.007101393517242149,0.0,0.40000000280000025,0.0,0.01327691998245878,0.36445432852050985,0.0,0.42294815737378344,5.816292296641427e-05,0.3007526240416744,0.00011631952695257041,0.24964796145200202,0.00021991582144199103,0.272744331315758,0.005060177588343806,0.0,0.00021179892413081296,0.0,0.0,0.0,0.0005140659860244036,0.05442176870748299,0.049635036496350364
0.01864336678700036,0.0,0.15994298352595399,0.007101393517242149,0.0,0.40000000280000025,0.0,0.01327691998245878,0.36445432852050985,0.0,0.42294815737378344,5.816292296641427e-05,0.3007526240416744,0.00011631952695257041,0.24964796145200202,0.00021991582144199103,0.272744331315758,0.005060177588343806,0.0,0.00021179892413081296,0.0,0.0,0.0,0.0005140659860244036,0.05442176870748299,0.0043795620437956165
0.01864336678700036,0.0,0.15994298352595399,0.007101393517242149,0.0,0.40000000280000025,0.0,0.01327691998245878,0.36445432852050985,0.0,0.42294815737378344,5.816292296641427e-05,0.3007526240416744,0.00011631952695257041,0.24964796145200202,0.00021991582144199103,0.272744331315758,0.005060177588343806,0.0,0.00021179892413081296,0.0,0.0,0.0,0.0005140659860244036,0.05442176870748299,0.03698296836982968
0.01864336678700036,0.0,0.15994298352595399,0.007101393517242149,0.0,0.40000000280000025,0.0,0.004226125190032556,0.43306349302241276,0.0,0.551242322877594,0.00040264045912224473,0.3696506301537265,0.0001660037469448913,0.296213430327586,0.0003178082866697265,0.334478701405403,0.01167614092820899,0.0,0.00028307277763549765,0.0,0.0,0.0,0.0010199968618197176,0.05442176870748299,0.07785888077858882
0.01864336678700036,0.0,0.34987527710404587,0.007101393517242149,0.0,0.40000000280000025,0.0,0.01261575585239326,0.36318190056183164,0.0,0.4216442316994232,5.602308883091008e-05,0.2984775706155767,4.091641651763231e-05,0.24662559773958231,9.699267820665334e-05,0.2690525431621002,0.00487401189750492,0.0,9.689391435907132e-05,0.0,0.0,0.0,0.00039069499506533246,0.0,0.02092457420924574
0.05190325719500887,0.0,0.15994298352595399,0.007101393517242149,0.0,0.40000000280000025,0.0,0.0052848860317929805,0.415891379206186,0.0,0.5415836784003749,0.0004146836843138924,0.35358321600774273,0.0001660037469448913,0.28525711825618444,0.0004295109655330616,0.3200418384316563,0.012025395553669334,0.0,0.00030484019775990135,0.0,0.00531811763152366,0.0,0.0010368829937184442,0.05442176870748299,0.02627737226277372
0.05190325719500887,0.0,0.15994298352595399,0.007101393517242149,0.0,0.40000000280000025,0.0,0.0052848860317929805,0.415891379206186,0.0,0.5415836784003749,0.0004146836843138924,0.35358321600774273,0.0001660037469448913,0.28525711825618444,0.0004295109655330616,0.3200418384316563,0.012025395553669334,0.0,0.00030484019775990135,0.0,0.00531811763152366,0.0,0.0010368829937184442,0.05442176870748299,0.054014598540145974
0.18494281882704292,0.0,0.7152688314840236,0.7740519424642449,0.013513513513513514,0.40000000280000025,0.3333333333333333,0.10321609352408821,0.42645970518939147,0.004063943363205118,0.6640540808338204,0.0007100887622557503,0.36449892177784,0.000709252183647155,0.3069666939847589,0.002108619263381941,0.32851310874346723,0.010295745292844192,0.09090909090909091,0.001033374559799678,0.08333334388888869,0.08863529384986418,0.06504097848749509,0.0033085249201046498,0.14285714285714285,0.02579075425790755
0.01864336678700036,0.0,0.34987527710404587,0.007101393517242149,0.0,0.40000000280000025,0.0,0.012506877101425652,0.28191641998429273,0.0,0.39168887286470566,2.8048830220299785e-05,0.23403337272426966,1.402848567040632e-05,0.19027428366045368,2.33544611711945e-05,0.21030889438074934,0.0024402498158832046,0.0,2.224900021565157e-05,0.0,0.0,0.0,0.00015041942647804558,0.0,0.0038929440389294453
0.035273319183722604,0.0,0.15994298352595399,0.007101393517242149,0.0,0.40000000280000025,0.0,0.004903650004539288,0.28791231196761913,0.0,0.5216111495254669,9.845457413944877e-05,0.24783175199501822,5.786750335368299e-05,0.1977612388988555,0.0001846324542635763,0.222376726689771,0.004282448728336916,0.0,7.695649858140953e-05,0.0,0.0026590588157618354,0.0,0.00039499787735841765,0.05442176870748299,0.02579075425790755
0.562835016124851,1.0,0.48282788215287264,0.0,0.0,0.40000000280000025,0.3333333333333333,0.03715543516373035,0.28244124932036485,0.0003460779020603088,0.4470118301977313,0.00012804905956989373,0.24067452384548554,6.324751846357367e-05,0.19542257969372118,0.0009076238498414559,0.21358981340853017,0.0027845761584555056,0.09090909090909091,7.869018690990186e-05,0.02777778833333313,0.06204470569224588,0.008376795365525078,0.0006780782937085589,0.10884353741496598,0.022871046228710466
0.562835016124851,1.0,0.48282788215287264,0.0,0.0,0.40000000280000025,0.3333333333333333,0.03715543516373035,0.28244124932036485,0.0003460779020603088,0.4470118301977313,0.00012804905956989373,0.24067452384548554,6.324751846357367e-05,0.19542257969372118,0.0009076238498414559,0.21358981340853017,0.0027845761584555056,0.09090909090909091,7.869018690990186e-05,0.02777778833333313,0.06204470569224588,0.008376795365525078,0.0006780782937085589,0.10884353741496598,0.0170316301703163
0.021415037507650718,0.0,0.0736101232748369,0.007101393517242149,0.0,0.40000000280000025,0.0,0.004752939229039632,0.39181719325801956,0.0,0.5684772976569341,0.0006443494295785676,0.34696389398601274,0.00034135981780510923,0.2757750316251359,0.0008176497466552887,0.31681671782443616,0.018685705629252897,0.0,0.0005408786531501904,0.0,0.0011818039062983302,0.0,0.0016452006689855149,0.26530612244897955,0.044282238442822384
0.021415037507650718,0.0,0.0736101232748369,0.007101393517242149,0.0,0.40000000280000025,0.0,0.004752939229039632,0.39181719325801956,0.0,0.5684772976569341,0.0006443494295785676,0.34696389398601274,0.00034135981780510923,0.2757750316251359,0.0008176497466552887,0.31681671782443616,0.018685705629252897,0.0,0.0005408786531501904,0.0,0.0011818039062983302,0.0,0.0016452006689855149,0.26530612244897955,0.018004866180048658
0.021415037507650718,0.0,0.0736101232748369,0.007101393517242149,0.0,0.40000000280000025,0.0,0.004752939229039632,0.39181719325801956,0.0,0.5684772976569341,0.0006443494295785676,0.34696389398601274,0.00034135981780510923,0.2757750316251359,0.0008176497466552887,0.31681671782443616,0.018685705629252897,0.0,0.0005408786531501904,0.0,0.0011818039062983302,0.0,0.0016452006689855149,0.26530612244897955,0.0880778588807786
0.021415037507650718,0.0,0.0736101232748369,0.007101393517242149,0.0,0.40000000280000025,0.0,0.004752939229039632,0.39181719325801956,0.0,0.5684772976569341,0.0006443494295785676,0.34696389398601274,0.00034135981780510923,0.2757750316251359,0.0008176497466552887,0.31681671782443616,0.018685705629252897,0.0,0.0005408786531501904,0.0,0.0011818039062983302,0.0,0.0016452006689855149,0.26530612244897955,0.03990267639902676
0.01864336678700036,0.0,0.13280979913608149,0.007101393517242149,0.0,0.5555555555555557,0.0,0.004943813880853791,0.40070153446505163,0.0,0.5570797969305658,0.00023141641255266257,0.3377384921819134,0.00013327061378862106,0.2736651051267142,0.0002566679469683797,0.30667948295332553,0.006710642084603366,0.0,0.00017028672026524663,0.0,0.0,0.0,0.0006987470776915366,0.10884353741496598,0.0316301703163017
0.01864336678700036,0.0,0.13280979913608149,0.007101393517242149,0.0,0.5555555555555557,0.0,0.004943813880853791,0.40070153446505163,0.0,0.5570797969305658,0.00023141641255266257,0.3377384921819134,0.00013327061378862106,0.2736651051267142,0.0002566679469683797,0.30667948295332553,0.006710642084603366,0.0,0.00017028672026524663,0.0,0.0,0.0,0.0006987470776915366,0.10884353741496598,0.01557177615571776
0.020623133642527183,0.0,0.4534747092914269,0.5184017594819107,0.0033783783783783786,0.7500000000000001,0.0,0.040897733211130785,0.46907660242856275,0.0006537027039301474,0.5797956572210553,0.0007073393381278766,0.39974874411728917,0.0006614534314284027,0.3225642235528295,0.001154378373522289,0.3641311837925178,0.015384146607965202,0.0,0.0006744047597835164,0.02777778833333313,0.027329215612350067,0.008376795365525078,0.0021685931749625734,0.2312925170068027,0.030170316301703158
0.020623133642527183,0.0,0.08397006643659533,0.007101393517242149,0.0,0.7500000000000001,0.0,0.00405019971262939,0.4685442215912523,0.0,0.5792309431880874,0.0005240786497350784,0.397726474371542,0.0003489585808164001,0.31901702082062294,0.0006612709445634696,0.36300189399724997,0.01519785074589314,0.0,0.0005151943816169706,0.0,0.0007386274547317474,0.0,0.0014767901707711932,0.2312925170068027,0.054987834549878344
0.020623133642527183,0.0,0.7034415456885423,0.7740519424642449,0.013513513513513514,0.7500000000000001,0.3333333333333333,0.09768509147066191,0.47093427173322044,0.004082146164511725,0.6826452923918465,0.0014634158913945448,0.408177118564333,0.001167101042953225,0.33446589565706736,0.0025532305245597525,0.3692928127401173,0.018187615819203865,0.09090909090909091,0.0013306057921178632,0.08333334388888869,0.08051039192758669,0.06504097848749509,0.0049771065954318915,0.25170068027210885,0.14501216545012163
0.01864336678700036,0.0,0.6347737169013867,0.5184017594819107,0.0033783783783783786,0.0769230833846154,0.0,0.06260156055265749,0.06348169516099789,0.0005191168530904632,0.10709134756043037,1.2978213130952743e-07,0.05200830014602037,1.67308084473329e-05,0.04580718027170527,0.0004694800957230135,0.04490807359466664,5.303176039587301e-06,0.0,7.801597478215485e-06,0.02777778833333313,0.026590588157618316,0.008376795365525078,0.00012461014399554524,0.006802721088435374,0.012165450121654507
0.01864336678700036,0.0,0.34987527710404587,0.007101393517242149,0.0,0.0,0.0,0.021423578440980758,0.0,0.0,0.0,0.0,0.0,0.0,0.0,1.0176619126165895e-08,0.0,0.0,0.0,9.631601824957372e-08,0.0,0.0,0.0,0.0,0.0,0.008272506082725062
0.03448141531859907,0.0,0.48282788215287264,0.6888352151443338,0.0,0.5555555555555557,0.3333333333333333,0.049746168792860576,0.48769860448257096,0.002953198097465942,0.7596353087227647,0.0029696898703719995,0.4261893425825501,0.002068544607639309,0.3435083626677952,0.0034101844286811055,0.3863148877687839,0.03229482168108316,0.09090909090909091,0.0016478707562319595,0.05555555555555555,0.059090195899909465,0.03670888692651007,0.006206415654878538,0.31292517006802717,0.12457420924574208
0.03448141531859907,0.0,0.08397006643659533,0.007101393517242149,0.0,0.40000000280000025,0.0,0.0016383781878071824,0.458587567208361,0.0,0.5855189484016968,0.0011070269470377094,0.3962230132831009,0.0004068260842129831,0.3138462486283358,0.0012590648047073056,0.3602738063075049,0.024077359056029878,0.0,0.0006744368651229329,0.0,0.005909019584672829,0.0,0.0021976023621767178,0.2312925170068027,0.08953771289537713
0.03448141531859907,0.0,0.08397006643659533,0.007101393517242149,0.0,0.40000000280000025,0.0,0.0016383781878071824,0.458587567208361,0.0,0.5855189484016968,0.0011070269470377094,0.3962230132831009,0.0004068260842129831,0.3138462486283358,0.0012590648047073056,0.3602738063075049,0.024077359056029878,0.0,0.0006744368651229329,0.0,0.005909019584672829,0.0,0.0021976023621767178,0.2312925170068027,0.09197080291970805
0.01864336678700036,0.0,0.34987527710404587,0.007101393517242149,0.0,0.27272727781818185,0.0,0.015482917681055836,0.1833051410620431,0.0,0.34934890450115963,1.6442561146102382e-06,0.1468586662571018,1.0521364246846403e-05,0.1236804171412152,1.225818970568282e-05,0.12990176660086467,0.00014305037498635415,0.0,1.1268974135200144e-05,0.0,0.0,0.0,6.333106671057949e-05,0.0,0.0053527980535279795
0.035273319183722604,0.0,0.15994298352595399,0.007101393517242149,0.0,0.5555555555555557,0.0,0.0056407148785026714,0.39544191385247374,0.0,0.533173500098022,0.00023704647931101357,0.33130093360741303,8.124831279641573e-05,0.2667745703359558,0.00021547775088330014,0.29706059003905333,0.00687391325895127,0.0,0.00012318818734120498,0.0,0.0026590588157618354,0.0,0.0005987855704034959,0.05442176870748299,0.0681265206812652
0.035273319183722604,0.0,0.15994298352595399,0.007101393517242149,0.0,0.5555555555555557,0.0,0.0056407148785026714,0.39544191385247374,0.0,0.533173500098022,0.00023704647931101357,0.33130093360741303,8.124831279641573e-05,0.2667745703359558,0.00021547775088330014,0.29706059003905333,0.00687391325895127,0.0,0.00012318818734120498,0.0,0.0026590588157618354,0.0,0.0005987855704034959,0.05442176870748299,0.009245742092457418
0.06021824058608798,0.0,0.19792944235553173,0.007101393517242149,0.0,0.5555555555555557,0.0,0.004689998713601089,0.41874962242493796,0.0,0.5346038585489887,0.000306385029282989,0.3496301601858321,7.364954972156925e-05,0.2808188270163527,0.00019629191318513853,0.31488292401051016,0.008884733383436415,0.0,0.00011773027964039581,0.0,0.004431764701799918,0.0,0.0006682158129038896,0.04081632653061224,0.056934306569343056
0.01864336678700036,0.0,0.0966322191898556,0.007101393517242149,0.0,0.40000000280000025,0.0,0.005026964653543256,0.44000709841116403,0.0,0.5630930244080216,0.0004783166981857685,0.3752166866891911,0.0002443294586932406,0.30131602307524313,0.0005145747802879318,0.3417685181540328,0.013870755023664557,0.0,0.0003928730384400119,0.0,0.0,0.0,0.0012399327412096462,0.18367346938775508,0.01557177615571776
0.01864336678700036,0.0,0.0966322191898556,0.007101393517242149,0.0,0.40000000280000025,0.0,0.005026964653543256,0.44000709841116403,0.0,0.5630930244080216,0.0004783166981857685,0.3752166866891911,0.0002443294586932406,0.30131602307524313,0.0005145747802879318,0.3417685181540328,0.013870755023664557,0.0,0.0003928730384400119,0.0,0.0,0.0,0.0012399327412096462,0.18367346938775508,0.0316301703163017
0.01864336678700036,0.0,0.0966322191898556,0.007101393517242149,0.0,0.40000000280000025,0.0,0.005026964653543256,0.44000709841116403,0.0,0.5630930244080216,0.0004783166981857685,0.3752166866891911,0.0002443294586932406,0.30131602307524313,0.0005145747802879318,0.3417685181540328,0.013870755023664557,0.0,0.0003928730384400119,0.0,0.0,0.0,0.0012399327412096462,0.18367346938775508,0.033576642335766425
0.06021824058608798,0.0,0.19792944235553173,0.007101393517242149,0.0,0.5555555555555557,0.0,0.003241532784405636,0.44376774602791025,0.0,0.5472839437704142,0.000593786317205256,0.37836203856532896,0.0001250873304955813,0.30204017169204406,0.00039822280328645227,0.3447326032636759,0.017219376152594675,0.0,0.00023619898208737168,0.0,0.004431764701799918,0.0,0.00122438304907774,0.04081632653061224,0.021411192214111925
0.01864336678700036,0.0,0.34987527710404587,0.007101393517242149,0.0,0.5555555555555557,0.0,0.010503751889899646,0.41708074065124146,0.0,0.4260759138855428,0.00014085224487377028,0.3464065659367152,3.8578335565414576e-05,0.2805011681342425,0.00015498623118269383,0.3172519546752352,0.01225415327200338,0.0,0.00010161339925330044,0.0,0.0,0.0,0.0006702983878893357,0.0,0.013138686131386863
0.01864336678700036,0.0,0.48282788215287264,0.5184017594819107,0.0,0.40000000280000025,0.3333333333333333,0.03337015021995496,0.415415634628164,0.0007498354545793617,0.6229668714427948,0.0006107614130086756,0.355614546449002,0.0002036907319469247,0.28620304461869844,0.0007450906181044291,0.31981948054523074,0.013283576021629917,0.09090909090909091,0.000257452716781111,0.02777778833333313,0.026590588157618316,0.008376795365525078,0.0018063431073188046,0.05442176870748299,0.032603406326034055
0.02260288611261803,0.0,0.4534747092914269,0.5184017594819107,0.0033783783783783786,0.5555555555555557,0.0,0.043009865492718055,0.41565350691717495,0.0006537027039301474,0.5775626521593004,0.00031219904134020094,0.34794132427729024,0.0005939936651656117,0.29059783901577313,0.0010345142486248655,0.316543177700604,0.006789838262867601,0.0,0.0005734013619791298,0.02777778833333313,0.02806784306708181,0.008376795365525078,0.001542014169022532,0.2312925170068027,0.04087591240875912
0.01864336678700036,0.0,0.34987527710404587,0.007101393517242149,0.0,0.40000000280000025,0.0,0.012895619795658259,0.26427233734066324,0.0,0.3954830923091982,8.581630221478522e-06,0.20985160119696816,8.183283302573127e-06,0.17660117037336337,1.2230409076268312e-05,0.1870735359049001,0.0007466023147298613,0.0,1.2810030427193326e-05,0.0,0.0,0.0,7.48331832664949e-05,0.0,0.006326034063260336
0.035273319183722604,0.0,0.13280979913608149,0.007101393517242149,0.0,0.40000000280000025,0.0,0.003638487900632259,0.3518848547091161,0.0,0.5563849665051768,0.00046745931719507396,0.3136987611208541,0.00016834182794477575,0.24753651219160383,0.0004466049232303747,0.28206063611239823,0.013555889034584632,0.0,0.00024512426644516557,0.0,0.003545411745485578,0.0,0.0010903373085253873,0.10884353741496598,0.021411192214111925
0.035273319183722604,0.0,0.13280979913608149,0.007101393517242149,0.0,0.40000000280000025,0.0,0.003638487900632259,0.3518848547091161,0.0,0.5563849665051768,0.00046745931719507396,0.3136987611208541,0.00016834182794477575,0.24753651219160383,0.0004466049232303747,0.28206063611239823,0.013555889034584632,0.0,0.00024512426644516557,0.0,0.003545411745485578,0.0,0.0010903373085253873,0.10884353741496598,0.029197080291970802
0.01864336678700036,0.0,0.34987527710404587,0.007101393517242149,0.0,0.27272727781818185,0.0,0.013114724648076871,0.25713239291971235,0.0,0.38659379187316534,1.4929822778115473e-05,0.21361818797188342,8.183283302573127e-06,0.17265191802726315,1.1671436809610825e-05,0.18862807751258365,0.0012988954262733513,0.0,1.1750554226448014e-05,0.0,0.0,0.0,9.110380915362207e-05,0.0,0.010218978102189781
0.01864336678700036,0.0,0.5777940289419186,0.5184017594819107,0.0033783783783783786,0.40000000280000025,0.0,0.051379735014655634,0.37957243399987906,0.0005767965035492073,0.4234853295358545,0.0001728474154516229,0.31666957168962034,9.286397319784769e-05,0.25853604955588877,0.0005770686235399324,0.28634059392002037,0.007518536826186446,0.0,0.00012758661884126887,0.02777778833333313,0.026590588157618316,0.008376795365525078,0.0007221360304406436,0.02040816326530612,0.018004866180048658
0.01864336678700036,0.0,0.34987527710404587,0.007101393517242149,0.0,0.27272727781818185,0.0,0.016455768889613177,0.2386538693892345,0.0,0.27453196361669785,9.502433994253588e-06,0.1916296164277716,1.1690404713421917e-06,0.15621117643719984,1.921150523002046e-06,0.17031883241399753,0.0008267122950509908,0.0,2.6005324927384946e-06,0.0,0.0,0.0,2.906855822928036e-05,0.0,0.006326034063260336
0.01864336678700036,0.0,0.2549091303149999,0.007101393517242149,0.0,0.40000000280000025,0.0,0.010738319193103876,0.3791344469280492,0.0,0.42305006813170476,8.53734809145504e-05,0.3146473019438734,3.682477486316796e-05,0.25507292835708445,0.00010607536947400539,0.2853134585110118,0.007427497669127865,0.0,7.047122001927156e-05,0.0,0.0,0.0,0.00042595109637791936,0.02040816326530612,0.012165450121654507
0.3965355784702444,0.333333333,0.6157804872016994,0.45843443292512875,0.0,0.40000000280000025,0.3333333333333333,0.0616838865543725,0.3190811333293059,0.001268952307669825,0.5855805662048192,0.0004886043185631049,0.28322093043068935,0.00020643079642405357,0.22787656166728837,0.0015643149511420323,0.25014923520439397,0.007084217903270298,0.09090909090909091,0.00020194258492993992,0.05555555555555555,0.08863529384986418,0.03670888692651007,0.0015489768598199779,0.12244897959183675,0.052554744525547446
0.3965355784702444,1.0,0.4258481941934045,0.12072369695132401,0.0,0.40000000280000025,0.3333333333333333,0.03208548361381214,0.31755195432852046,0.0003460779020603088,0.5441816140862058,0.0003155513224700026,0.27778255005846747,0.00010623258022703472,0.22238129618721897,0.0009981498750323353,0.24777068888228576,0.006862752377418765,0.09090909090909091,0.00013195294500191622,0.02777778833333313,0.04431764693822739,0.008376795365525078,0.0010625271044475554,0.12244897959183675,0.0194647201946472
0.01864336678700036,0.0,0.5777940289419186,0.5184017594819107,0.0033783783783783786,0.40000000280000025,0.0,0.05094081955480331,0.24022458164683136,0.0005767965035492073,0.45710642125443235,9.414067235259576e-06,0.19591358894091077,8.12994418385121e-05,0.1680592086300186,0.000531065201371616,0.17248666796068884,0.00027256814857173884,0.0,6.645805259220597e-05,0.02777778833333313,0.026590588157618316,0.008376795365525078,0.00036739526911908733,0.02040816326530612,0.017518248175182473
0.01864336678700036,0.0,0.34987527710404587,0.007101393517242149,0.0,0.27272727781818185,0.0,0.01633283919789017,0.13667839666525694,0.0,0.3018918275575416,3.395521890636864e-07,0.10612207884368768,1.1690404713421917e-06,0.09143621345286307,1.5115177574506755e-06,0.09253963974500101,2.9541059656945068e-05,0.0,2.2152684197401997e-06,0.0,0.0,0.0,1.266138387248807e-05,0.0,0.0053527980535279795
0.01864336678700036,0.0,0.34987527710404587,0.007101393517242149,0.0,0.27272727781818185,0.0,0.013170479294270648,0.24450250709841104,0.0,0.36357032676247136,7.374719241544037e-06,0.19490398619774923,2.3380809442732744e-06,0.16228170110004586,4.9237946465007214e-06,0.1745263957437877,0.0006416009912008308,0.0,5.586329058475286e-06,0.0,0.0,0.0,3.58142148023167e-05,0.0,0.007299270072992699
0.01864336678700036,0.0,0.6347737169013867,0.5184017594819107,0.0033783783783783786,0.5555555555555557,0.0,0.05148777969151448,0.3285658188847942,0.0005191168530904632,0.40588366082210736,8.046438277267168e-05,0.26891632126484905,3.407760548633628e-05,0.2208622345784778,0.00048748980533366306,0.241916871241234,0.003499872291606556,0.0,3.977851553707401e-05,0.02777778833333313,0.026590588157618316,0.008376795365525078,0.0003481073436984668,0.006802721088435374,0.007299270072992699
0.01864336678700036,0.0,0.34987527710404587,0.007101393517242149,0.0,0.40000000280000025,0.0,0.01651126689761965,0.20188938560985914,0.0,0.26002798201620747,4.419505001377172e-06,0.15951032694535644,0.0,0.1303768610589343,2.2224283417206746e-07,0.14175350600625547,0.00038449718513039216,0.0,6.742121277470173e-07,0.0,0.0,0.0,1.0642299060288887e-05,0.0,0.02579075425790755
0.01864336678700036,0.0,0.19792944235553173,0.007101393517242149,0.0,0.16666666666666663,0.0,0.010522807275307647,0.22645064338790544,0.0,0.3171508346315789,1.0447267061804205e-05,0.1870096929314508,2.22117689634461e-05,0.15255491999662285,8.472813453401767e-05,0.16287830266832132,0.00045412838118085943,0.0,2.2377421573317663e-05,0.0,0.0,0.0,0.00016190209866161795,0.04081632653061224,0.011678832116788322
0.05190325719500887,0.0,0.6569324845044907,0.7740519424642449,0.006756756756756757,0.27272727781818185,0.3333333333333333,0.10624872282402094,0.3625437987071829,0.0051540887546950905,0.4761211409192837,0.00028500209899495754,0.31201359929419964,0.0005545735151301496,0.26214168357287687,0.0020381621826464826,0.2766287820694195,0.004131983799908862,0.09090909090909091,0.0004610647793607102,0.08333334388888869,0.08508988210437861,0.06504097848749509,0.00236331348202136,0.14285714285714285,0.0559610705596107
0.01864336678700036,0.0,0.5398075701123408,0.5184017594819107,0.0033783783783783786,0.16666666666666663,0.0,0.051038727023263286,0.22675647918806252,0.0006056363286055405,0.3175275496907143,1.5866965274361832e-05,0.18903196267719785,5.913409008234114e-05,0.1558832375099427,0.0005568297156045281,0.16374444522075765,0.0004597023133854527,0.0,3.9906936894740114e-05,0.02777778833333313,0.026590588157618316,0.008376795365525078,0.00034887389631890986,0.04081632653061224,0.018978102189781014
0.4464254068895392,0.2,0.6913011849975678,0.6825859885628324,0.0,0.16666666666666663,0.3333333333333333,0.13248484471304484,0.2285839424877666,0.005524062512227257,0.3197916360910653,4.9797915490739225e-05,0.20270119136546333,0.0005566119790039972,0.172355085178096,0.003809629161444568,0.17366150916427658,0.00048079526000928006,0.1818181818181818,0.0003601255922351568,0.11111111111111112,0.15067999956870068,0.09337307004848007,0.002301623299783186,0.1768707482993197,0.035036496350364967
0.01864336678700036,0.0,0.34987527710404587,0.007101393517242149,0.0,0.0769230833846154,0.0,0.01631577275843385,0.12655938500573904,0.0,0.1855854785635579,5.759549645640937e-07,0.10141070560729926,2.3380809442732744e-06,0.0829643560342268,2.482773699890445e-06,0.08674844337486887,5.010811449874167e-05,0.0,2.2152684197401997e-06,0.0,0.0,0.0,1.916128563444302e-05,0.0,0.008272506082725062
0.01864336678700036,0.0,0.19792944235553173,0.007101393517242149,0.0,0.27272727781818185,0.0,0.00775291131963677,0.3579147284480154,0.0,0.47095203355580284,9.146234860378398e-05,0.29724024356324946,4.5592578406178855e-05,0.24191467403114647,0.00011647275813587684,0.2645494623274159,0.003978285418048716,0.0,6.78064768477e-05,0.0,0.0,0.0,0.0003585668429547099,0.04081632653061224,0.024330900243309007
0.4464254068895392,0.333333333,0.6772823726544459,0.5669042807633261,0.006756756756756757,0.0769230833846154,0.3333333333333333,0.10345611438877285,0.12851144807587744,0.001463415128860482,0.251526958682715,5.396955667066452e-06,0.11693902457770594,0.00032996502147817584,0.09903491226534639,0.00290802206780663,0.09745157033491753,6.650968987890857e-05,0.09090909090909091,0.00019051308409765715,0.08333334388888869,0.12054399963900615,0.06504097848749509,0.0013909370394879854,0.1768707482993197,0.030656934306569343
0.07225165778123839,0.333333333,0.5601574588320929,0.5749288557241381,0.005067567567567568,0.0769230833846154,0.3333333333333333,0.07389255008214025,0.12839439980668155,0.0011074492865929882,0.23519113324996155,3.504955428612179e-06,0.11390163127181857,0.00021648512619401036,0.09585896867558141,0.0018458227986271178,0.09689622825766642,6.0521813152815893e-05,0.09090909090909091,0.0001346818988523208,0.05555555555555555,0.06736282332376953,0.03670888692651007,0.0010257500445453624,0.17006802721088435,0.03454987834549878
0.23855109543584496,1.0,0.32274209214437644,0.26211245104212055,0.0,0.0769230833846154,0.3333333333333333,0.03779253946373526,0.12816407901890892,0.0003460779020603088,0.23502058483537513,2.7694136283843293e-06,0.11187670260318833,0.00013825608954914226,0.09202734028003245,0.001253778006314627,0.09611757639307505,5.974078575376033e-05,0.09090909090909091,9.564180612182686e-05,0.02777778833333313,0.04077223516615121,0.008376795365525078,0.0007199424003577786,0.17006802721088435,0.013625304136253048
0.05190325719500887,0.0,0.5126743851526715,0.5184017594819107,0.0033783783783783786,0.0769230833846154,0.0,0.048882452973458154,0.12816407901890892,0.0006229402237085558,0.18784732145018834,1.8417571675599456e-06,0.11121871355608332,7.166233238828803e-05,0.0908748697993102,0.0006398662817951462,0.09410122595573539,5.297188162861208e-05,0.0,5.5670658548253704e-05,0.02777778833333313,0.03190870578914198,0.008376795365525078,0.0004199507155141384,0.05442176870748299,0.021897810218978096
0.06021824058608798,0.0,0.19792944235553173,0.007101393517242149,0.0,0.16666666666666663,0.0,0.011619101451962627,0.16964825107231318,0.0,0.4205503881853405,2.5808898960232446e-06,0.14169060718681287,3.8578335565414576e-05,0.1188095305313368,0.00011938495141203243,0.1242557957201117,0.00011180927902413146,0.0,4.8061693106537366e-05,0.0,0.004431764701799918,0.0,0.00019894886611713635,0.04081632653061224,0.009245742092457418
0.06021824058608798,0.0,0.19792944235553173,0.007101393517242149,0.0,0.16666666666666663,0.0,0.011619101451962627,0.16964825107231318,0.0,0.4205503881853405,2.5808898960232446e-06,0.14169060718681287,3.8578335565414576e-05,0.1188095305313368,0.00011938495141203243,0.1242557957201117,0.00011180927902413146,0.0,4.8061693106537366e-05,0.0,0.004431764701799918,0.0,0.00019894886611713635,0.04081632653061224,0.00875912408759124
0.01864336678700036,0.0,0.34987527710404587,0.007101393517242149,0.0,0.16666666666666663,0.0,0.01492139332721465,0.16925557300791394,0.0,0.3674775129656612,1.1295564008625158e-06,0.13789885167861143,1.6366566606735142e-05,0.11711245997002961,2.1372179029420816e-05,0.12168273112749817,9.827147077383496e-05,0.0,2.1093207996656678e-05,0.0,0.0,0.0,9.171396350310908e-05,0.0,0.0038929440389294453
0.01864336678700036,0.0,0.7677263219502135,0.6888352151443338,0.010135135135135136,0.16666666666666663,0.0,0.0967189128549747,0.17029768017881952,0.0011535930067523366,0.3690885917090324,3.4897538324154437e-06,0.142752299007816,0.00011034187471179557,0.12476004016288478,0.001033727568085257,0.12433997459719676,0.00010087489543735352,0.0,9.011968774218462e-05,0.05555555555555555,0.053181176315236625,0.03670888692651007,0.0004617225789691234,0.027210884353741492,0.023844282238442822
0.01864336678700036,0.0,0.34987527710404587,0.007101393517242149,0.0,0.16666666666666663,0.0,0.01492139332721465,0.16925557300791394,0.0,0.3674775129656612,1.1295564008625158e-06,0.13789885167861143,1.6366566606735142e-05,0.11711245997002961,2.1372179029420816e-05,0.12168273112749817,9.827147077383496e-05,0.0,2.1093207996656678e-05,0.0,0.0,0.0,9.171396350310908e-05,0.0,0.011192214111922144
0.01864336678700036,0.0,0.6347737169013867,0.5184017594819107,0.0033783783783783786,0.27272727781818185,0.0,0.05122851096278137,0.26127061559838094,0.0005191168530904632,0.39139662388339835,3.50933336861923e-05,0.21258779340301398,2.8295339806668487e-05,0.17551287017173084,0.0004815803108424786,0.18773683427152082,0.0015262316747411187,0.0,2.5523744836137076e-05,0.02777778833333313,0.026590588157618316,0.008376795365525078,0.00024248400493533042,0.006802721088435374,0.030656934306569343
0.01864336678700036,0.0,0.34987527710404587,0.007101393517242149,0.0,0.16666666666666663,0.0,0.016413680226893816,0.15239307074246344,0.0,0.24800341187411679,1.922553052857553e-06,0.11947321710664088,0.0,0.0978875135192131,1.6251994710333312e-07,0.10441065420542023,0.0001672622243570767,0.0,4.815800912478694e-07,0.0,0.0,0.0,4.613959816258243e-06,0.0,0.0053527980535279795
0.01864336678700036,0.0,0.34987527710404587,0.007101393517242149,0.0,0.40000000280000025,0.0,0.01032275780829705,0.28791231196761913,0.0,0.39225352280765036,3.8616363453589576e-05,0.23867014828418182,4.67616188695766e-06,0.1913551442766806,1.5456398073011033e-05,0.2132607267827033,0.0033596258049828115,0.0,1.1076342098700996e-05,0.0,0.0,0.0,0.00014181093740934492,0.0,0.021411192214111925
0.01864336678700036,0.0,0.19792944235553173,0.007101393517242149,0.0,0.40000000280000025,0.0,0.012783533067349237,0.35541140578747044,0.0,0.41384543694293807,3.104447232751741e-05,0.2879425085749325,4.325449745396113e-05,0.24009362132718498,0.00010957403096503466,0.26317018739755554,0.0027008708486740566,0.0,6.539857639146067e-05,0.0,0.0,0.0,0.0002580895003076303,0.04081632653061224,0.01557177615571776
0.01864336678700036,0.0,0.19792944235553173,0.007101393517242149,0.0,0.40000000280000025,0.0,0.012783533067349237,0.35541140578747044,0.0,0.41384543694293807,3.104447232751741e-05,0.2879425085749325,4.325449745396113e-05,0.24009362132718498,0.00010957403096503466,0.26317018739755554,0.0027008708486740566,0.0,6.539857639146067e-05,0.0,0.0,0.0,0.0002580895003076303,0.04081632653061224,0.02579075425790755
0.01864336678700036,0.0,0.19792944235553173,0.007101393517242149,0.0,0.40000000280000025,0.0,0.012783533067349237,0.35541140578747044,0.0,0.41384543694293807,3.104447232751741e-05,0.2879425085749325,4.325449745396113e-05,0.24009362132718498,0.00010957403096503466,0.26317018739755554,0.0027008708486740566,0.0,6.539857639146067e-05,0.0,0.0,0.0,0.0002580895003076303,0.04081632653061224,0.012652068126520678
0.01864336678700036,0.0,0.19792944235553173,0.007101393517242149,0.0,0.16666666666666663,0.0,0.01667160160514354,0.14143584244547813,0.0,0.22685059554418308,1.0876622381156084e-06,0.11331952043748067,1.0521364246846403e-05,0.09423079007693586,7.583327489413087e-05,0.10062447676369718,9.462667624490899e-05,0.0,1.1461606171699293e-05,0.0,0.0,0.0,7.973730047221257e-05,0.04081632653061224,0.007785888077858877
0.01864336678700036,0.0,0.19792944235553173,0.007101393517242149,0.0,0.16666666666666663,0.0,0.01667160160514354,0.14143584244547813,0.0,0.22685059554418308,1.0876622381156084e-06,0.11331952043748067,1.0521364246846403e-05,0.09423079007693586,7.583327489413087e-05,0.10062447676369718,9.462667624490899e-05,0.0,1.1461606171699293e-05,0.0,0.0,0.0,7.973730047221257e-05,0.04081632653061224,0.006326034063260336
0.01864336678700036,0.0,0.19792944235553173,0.007101393517242149,0.0,0.16666666666666663,0.0,0.01667160160514354,0.14143584244547813,0.0,0.22685059554418308,1.0876622381156084e-06,0.11331952043748067,1.0521364246846403e-05,0.09423079007693586,7.583327489413087e-05,0.10062447676369718,9.462667624490899e-05,0.0,1.1461606171699293e-05,0.0,0.0,0.0,7.973730047221257e-05,0.04081632653061224,0.006326034063260336
0.01864336678700036,0.0,0.2549091303149999,0.007101393517242149,0.0,0.27272727781818185,0.0,0.011589395581781126,0.2480252824261462,0.0,0.36367908891080547,5.3904620718406815e-06,0.20357205995255107,2.8056971320157068e-05,0.17054649332910837,6.358076120326853e-05,0.18344209089535318,0.0004689705051875788,0.0,3.528376801876056e-05,0.0,0.0,0.0,0.00015040974483476887,0.02040816326530612,0.03309002433090024
0.18494281882704292,0.0,0.2549091303149999,0.007101393517242149,0.0,0.0,0.0,0.01110691578963239,0.05119540264604605,0.0,0.11415457908900362,1.47138284447532e-07,0.04660303861682846,1.2274924955448581e-05,0.03507768704112885,6.325168881456122e-05,0.03743671580048036,6.058169192007682e-06,0.0,1.1782659565864539e-05,0.0,0.008863529377009242,0.0,0.0001067939743074091,0.02040816326530612,0.007299270072992699
0.18494281882704292,0.0,0.2549091303149999,0.007101393517242149,0.0,0.16666666666666663,0.0,0.01019552942693655,0.0742539116776415,0.0,0.3253074426807929,4.861817586778631e-07,0.06819423554473913,1.2274924955448581e-05,0.053775311392877834,6.204264923263445e-05,0.05807457143768402,2.0767518540887532e-05,0.0,1.4222665361520409e-05,0.0,0.008863529377009242,0.0,0.00010722732920127981,0.02040816326530612,0.008272506082725062
0.05190325719500887,0.0,0.15994298352595399,0.007101393517242149,0.0,0.40000000280000025,0.0,0.0041846139632346555,0.3451224853500875,0.0,0.5439387068741769,0.0003914332618726136,0.3049524446901311,0.00012216472930928136,0.24076092790684317,0.00033544686591318587,0.2731332210495147,0.011351131996639998,0.0,0.00017943674199895614,0.0,0.00531811763152366,0.0,0.000889749714817848,0.05442176870748299,0.00875912408759124
0.01864336678700036,0.0,0.6347737169013867,0.5184017594819107,0.0033783783783783786,0.40000000280000025,0.0,0.05381144599899462,0.2649444209508849,0.0005191168530904632,0.3963200125659414,1.7384072605035206e-05,0.2122783250130415,3.407760548633628e-05,0.18049855949718902,0.00048086911997929655,0.18848678283769998,0.0007558783168059779,0.0,3.168797000410981e-05,0.02777778833333313,0.026590588157618316,0.008376795365525078,0.00022744385590519153,0.006802721088435374,0.013625304136253048
0.01864336678700036,0.0,0.34987527710404587,0.007101393517242149,0.0,0.27272727781818185,0.0,0.017493934516841718,0.15512671419078106,0.0,0.2520985241060957,9.500099890900547e-07,0.1191569637222723,0.0,0.10117571414462034,1.7281029196622617e-07,0.10470375012801564,8.265092279272361e-05,0.0,6.742121277470173e-07,0.0,0.0,0.0,2.2736293228718332e-06,0.0,0.0029197080291970823
0.02260288611261803,0.0,0.3585085630721778,0.5184017594819107,0.0,0.5555555555555557,0.0,0.04160233335439906,0.4161292514951972,0.0008267416549603019,0.5781255775507729,0.00031224596280247745,0.34869967531834206,0.0006643445643000144,0.29160660914825914,0.0010709063236056524,0.31777539184930764,0.0067908614087603646,0.09090909090909091,0.0006240314822389891,0.02777778833333313,0.02806784306708181,0.008376795365525078,0.0015998476678505615,0.2312925170068027,0.057907542579075426
0.01864336678700036,0.0,0.2549091303149999,0.007101393517242149,0.0,0.40000000280000025,0.0,0.006830810312620596,0.3981793330514106,0.0,0.5096623916386911,0.00010467852057913918,0.3237920535911181,4.909969982656099e-05,0.265458172245531,9.656842251253754e-05,0.2926895767416961,0.004553189272794866,0.0,7.419543939158841e-05,0.0,0.0,0.0,0.0003983852524355878,0.02040816326530612,0.016545012165450117
0.01864336678700036,0.0,0.34987527710404587,0.007101393517242149,0.0,0.40000000280000025,0.0,0.01141783295356228,0.3392662961396725,0.0,0.4116396878510593,3.6500768083674665e-05,0.2716391628121893,1.8704647543063965e-05,0.22321502078530392,3.529695703706308e-05,0.2444613979784957,0.003175568888121376,0.0,3.2362182131856823e-05,0.0,0.0,0.0,0.00020500496913552178,0.0,0.011192214111922144
0.01864336678700036,0.0,0.34987527710404587,0.007101393517242149,0.0,0.27272727781818185,0.0,0.01467303172144234,0.21125702289615167,0.0,0.3247781766726867,4.5872312743746135e-06,0.168585371613519,1.1690404713421917e-06,0.13824784829674508,1.6009326000202516e-06,0.14932997752598143,0.00039908938036941363,0.0,2.2152684197401997e-06,0.0,0.0,0.0,2.2981010141693003e-05,0.0,0.005839416058394158
0.01864336678700036,0.0,0.34987527710404587,0.007101393517242149,0.0,0.0769230833846154,0.0,0.015291786391054364,0.09932489578928283,0.0,0.30847252290666083,3.964085527916324e-07,0.08124622544357563,7.014242831230934e-06,0.06674661336327631,8.064961852997325e-06,0.06984210676072594,3.448756651763032e-05,0.0,6.549489240971025e-06,0.0,0.0,0.0,4.243576146581061e-05,0.0,0.007299270072992699
0.01864336678700036,0.0,0.19792944235553173,0.007101393517242149,0.0,0.40000000280000025,0.0,0.003282274096641599,0.4151815380897722,0.0,0.5497254905818454,0.00039090458746314955,0.35218447958254745,0.00011339692576627048,0.28234863607245714,0.00030592439991242344,0.3158396991941627,0.011335800428796537,0.0,0.00018755939287133687,0.0,0.0,0.0,0.0009032721000384907,0.04081632653061224,0.007785888077858877
0.01864336678700036,0.0,0.13280979913608149,0.007101393517242149,0.0,0.5555555555555557,0.0,0.01336424112569208,0.3258321754364767,0.0,0.41101591787392366,2.1877311332846938e-05,0.2627845106482913,7.014242831707601e-05,0.2203066042862067,0.00018964906231788052,0.23859076225933978,0.0019033273235531277,0.0,9.499969933349638e-05,0.0,0.0,0.0,0.00029931646725658834,0.10884353741496598,0.038929440389294405
0.01864336678700036,0.0,0.13280979913608149,0.007101393517242149,0.0,0.5555555555555557,0.0,0.01336424112569208,0.3258321754364767,0.0,0.41101591787392366,2.1877311332846938e-05,0.2627845106482913,7.014242831707601e-05,0.2203066042862067,0.00018964906231788052,0.23859076225933978,0.0019033273235531277,0.0,9.499969933349638e-05,0.0,0.0,0.0,0.00029931646725658834,0.10884353741496598,0.01411192214111922
0.01864336678700036,0.0,0.13280979913608149,0.007101393517242149,0.0,0.5555555555555557,0.0,0.01336424112569208,0.3258321754364767,0.0,0.41101591787392366,2.1877311332846938e-05,0.2627845106482913,7.014242831707601e-05,0.2203066042862067,0.00018964906231788052,0.23859076225933978,0.0019033273235531277,0.0,9.499969933349638e-05,0.0,0.0,0.0,0.00029931646725658834,0.10884353741496598,0.00875912408759124
0.01864336678700036,0.0,0.13280979913608149,0.007101393517242149,0.0,0.5555555555555557,0.0,0.01336424112569208,0.3258321754364767,0.0,0.41101591787392366,2.1877311332846938e-05,0.2627845106482913,7.014242831707601e-05,0.2203066042862067,0.00018964906231788052,0.23859076225933978,0.0019033273235531277,0.0,9.499969933349638e-05,0.0,0.0,0.0,0.00029931646725658834,0.10884353741496598,0.005839416058394158
0.01864336678700036,0.0,0.13280979913608149,0.007101393517242149,0.0,0.5555555555555557,0.0,0.01336424112569208,0.3258321754364767,0.0,0.41101591787392366,2.1877311332846938e-05,0.2627845106482913,7.014242831707601e-05,0.2203066042862067,0.00018964906231788052,0.23859076225933978,0.0019033273235531277,0.0,9.499969933349638e-05,0.0,0.0,0.0,0.00029931646725658834,0.10884353741496598,0.01508515815085159
0.02260288611261803,0.0,0.08397006643659533,0.007101393517242149,0.0,0.5555555555555557,0.0,0.005394149740041557,0.4151815380897722,0.0,0.5770003270946471,0.0002313116771457953,0.3459190545315431,0.0003121338059421099,0.2870926143695078,0.0005430554737862251,0.31547638033445585,0.006707603888021041,0.0,0.0004374994602289811,0.0,0.0014772549094635018,0.0,0.0009915497288646765,0.2312925170068027,0.08613138686131389
0.01864336678700036,0.0,0.15994298352595399,0.007101393517242149,0.0,0.40000000280000025,0.0,0.008843238658436704,0.2941762822449102,0.0,0.48203202396057565,2.946006501683133e-05,0.2402675005231401,1.9873688027117282e-05,0.19623579666911323,0.00012253413151380515,0.21429474711673607,0.0012811843282874344,0.0,3.303639425960384e-05,0.0,0.0,0.0,0.00021184518795637486,0.05442176870748299,0.009732360097323603
0.01864336678700036,0.0,0.15994298352595399,0.007101393517242149,0.0,0.40000000280000025,0.0,0.008843238658436704,0.2941762822449102,0.0,0.48203202396057565,2.946006501683133e-05,0.2402675005231401,1.9873688027117282e-05,0.19623579666911323,0.00012253413151380515,0.21429474711673607,0.0012811843282874344,0.0,3.303639425960384e-05,0.0,0.0,0.0,0.00021184518795637486,0.05442176870748299,0.014598540145985404
0.18494281882704292,0.0,0.2549091303149999,0.007101393517242149,0.0,0.27272727781818185,0.0,0.006845502848844276,0.3098003383072554,0.0,0.48816125198470983,5.892946644707483e-05,0.2534063442273216,2.9810532038292587e-05,0.2067937971428036,9.750115331146883e-05,0.22639086241299128,0.0025631028223299817,0.0,4.029220096773841e-05,0.0,0.008863529377009242,0.0,0.00025972052474802234,0.02040816326530612,0.023844282238442822
0.01864336678700036,0.0,0.15994298352595399,0.007101393517242149,0.0,0.40000000280000025,0.0,0.0141780408176621,0.3001721742282365,0.0,0.4055946591654156,1.3781683323634508e-05,0.2397222098785095,6.663530689669388e-05,0.20346072350153271,0.00015012173166774963,0.2172529722707201,0.0011990072287834713,0.0,8.620283633336862e-05,0.0,0.0,0.0,0.00026371367554204174,0.05442176870748299,0.013138686131386863
0.01864336678700036,0.0,0.15994298352595399,0.007101393517242149,0.0,0.40000000280000025,0.0,0.0141780408176621,0.3001721742282365,0.0,0.4055946591654156,1.3781683323634508e-05,0.2397222098785095,6.663530689669388e-05,0.20346072350153271,0.00015012173166774963,0.2172529722707201,0.0011990072287834713,0.0,8.620283633336862e-05,0.0,0.0,0.0,0.00026371367554204174,0.05442176870748299,0.009732360097323603
0.01864336678700036,0.0,0.15994298352595399,0.007101393517242149,0.0,0.40000000280000025,0.0,0.0141780408176621,0.3001721742282365,0.0,0.4055946591654156,1.3781683323634508e-05,0.2397222098785095,6.663530689669388e-05,0.20346072350153271,0.00015012173166774963,0.2172529722707201,0.0011990072287834713,0.0,8.620283633336862e-05,0.0,0.0,0.0,0.00026371367554204174,0.05442176870748299,0.010218978102189781
0.01864336678700036,0.0,0.15994298352595399,0.007101393517242149,0.0,0.40000000280000025,0.0,0.0141780408176621,0.3001721742282365,0.0,0.4055946591654156,1.3781683323634508e-05,0.2397222098785095,6.663530689669388e-05,0.20346072350153271,0.00015012173166774963,0.2172529722707201,0.0011990072287834713,0.0,8.620283633336862e-05,0.0,0.0,0.0,0.00026371367554204174,0.05442176870748299,0.038929440389294405
0.01864336678700036,0.0,0.15994298352595399,0.007101393517242149,0.0,0.16666666666666663,0.0,0.010813000905612005,0.14263653114239094,0.0,0.41828811771736685,2.9010809970174676e-06,0.12150971271084393,1.402848567040632e-05,0.096818460916818,0.00011818545011767906,0.10375690313683272,0.00012586777220713167,0.0,2.2441632252150717e-05,0.0,0.0,0.0,0.000163764201385176,0.05442176870748299,0.012165450121654507
0.01864336678700036,0.0,0.15994298352595399,0.007101393517242149,0.0,0.16666666666666663,0.0,0.010813000905612005,0.14263653114239094,0.0,0.41828811771736685,2.9010809970174676e-06,0.12150971271084393,1.402848567040632e-05,0.096818460916818,0.00011818545011767906,0.10375690313683272,0.00012586777220713167,0.0,2.2441632252150717e-05,0.0,0.0,0.0,0.000163764201385176,0.05442176870748299,0.006812652068126521
0.10179309999973962,0.0,0.19792944235553173,0.007101393517242149,0.0,0.0,0.0,0.009935426624094669,0.05128602066090737,0.0,0.12846327410663128,1.6239972944819123e-07,0.047614173338230925,1.9873688027117282e-05,0.035754932706630826,0.00011798536619296866,0.038555439495595145,6.735059604522506e-06,0.0,1.9808994419995693e-05,0.0,0.008863529377009242,0.0,0.0001482802211771517,0.04081632653061224,0.011192214111922144
0.01864336678700036,0.0,0.19792944235553173,0.007101393517242149,0.0,0.27272727781818185,0.0,0.009872036991828315,0.271884250589017,0.0,0.4571850153651458,2.604138163907582e-05,0.2222212603473686,1.5197526138570732e-05,0.18292140517092753,8.371462397762817e-05,0.19628227857959185,0.0011324715046579276,0.0,2.4624795332474392e-05,0.0,0.0,0.0,0.00017082490868507508,0.04081632653061224,0.018004866180048658
0.01864336678700036,0.0,0.19792944235553173,0.007101393517242149,0.0,0.27272727781818185,0.0,0.009872036991828315,0.271884250589017,0.0,0.4571850153651458,2.604138163907582e-05,0.2222212603473686,1.5197526138570732e-05,0.18292140517092753,8.371462397762817e-05,0.19628227857959185,0.0011324715046579276,0.0,2.4624795332474392e-05,0.0,0.0,0.0,0.00017082490868507508,0.04081632653061224,0.011678832116788322
0.01864336678700036,0.0,0.34987527710404587,0.007101393517242149,0.0,0.5555555555555557,0.0,0.01201381098405025,0.30164094121911433,0.0,0.3971413648987958,1.9451549536595097e-05,0.24447935857626363,8.183283302573127e-06,0.19873531392903504,1.3056599404149367e-05,0.2179119536996575,0.0016922859100543229,0.0,1.3387926536690769e-05,0.0,0.0,0.0,0.00010286690843190339,0.0,0.02773722627737226
0.01864336678700036,0.0,0.34987527710404587,0.007101393517242149,0.0,0.40000000280000025,0.0,0.01043927154533722,0.3676523892949918,0.0,0.4187527927404504,6.99100162762452e-05,0.3020213574052942,1.7535607074899554e-05,0.24498215227060077,4.996968353333754e-05,0.2744692967048083,0.006082175370829986,0.0,3.756324711733381e-05,0.0,0.0,0.0,0.0003035140353261576,0.0,0.04233576642335766
0.01864336678700036,0.0,0.34987527710404587,0.007101393517242149,0.0,0.27272727781818185,0.0,0.01287682104843757,0.23615054672868951,0.0,0.36100747561018154,1.2555650650846255e-05,0.19671177262799316,4.67616188695766e-06,0.15834174393015515,6.687459970809067e-06,0.17313055787208237,0.0010923423168944526,0.0,7.223701368718041e-06,0.0,0.0,0.0,6.0818915429057454e-05,0.0,0.008272506082725062
0.01864336678700036,0.0,0.15994298352595399,0.007101393517242149,0.0,0.5555555555555557,0.0,0.005405313501189682,0.40648598441370143,0.0,0.5426681873441219,0.00021623585321050684,0.33545380883208226,9.293871750983765e-05,0.2732673234117213,0.00021010138797030852,0.3028156243637891,0.0062704055774270425,0.0,0.00013416821342165643,0.0,0.0,0.0,0.0006076080773052335,0.05442176870748299,0.02627737226277372
0.01864336678700036,0.0,0.5126743851526715,0.5184017594819107,0.0033783783783783786,0.5555555555555557,0.0,0.043023659795286134,0.40695040173986585,0.0006229402237085558,0.5431961389623877,0.0002918514654356554,0.3374760785778293,0.0001988721772138682,0.2767543686350225,0.0006866870721090527,0.3038657737873626,0.0063472795008914186,0.0,0.00020534575090809152,0.02777778833333313,0.026590588157618316,0.008376795365525078,0.0009885542414085824,0.05442176870748299,0.03454987834549878
0.01864336678700036,0.0,0.34987527710404587,0.007101393517242149,0.0,0.27272727781818185,0.0,0.010400583338599764,0.2737683501480094,0.0,0.39874492159284813,2.0650111608382164e-05,0.22815445515016347,9.35232377550421e-06,0.18364858369155584,1.6165899925578127e-05,0.20463541544054958,0.0017965608781022318,0.0,1.3387926536690769e-05,0.0,0.0,0.0,0.00011213345733457927,0.0,0.006812652068126521
0.01864336678700036,0.0,0.34987527710404587,0.007101393517242149,0.0,0.16666666666666663,0.0,0.015305067417247818,0.09670452485954206,0.0,0.2870567748978635,5.550078831906399e-07,0.07733953430543117,2.3380809442732744e-06,0.06312579458174011,2.9425338352116314e-06,0.06692725973142422,4.828571723427868e-05,0.0,2.3115844379897735e-06,0.0,0.0,0.0,1.9115991112379527e-05,0.0,0.006326034063260336
0.01864336678700036,0.0,0.19792944235553173,0.007101393517242149,0.0,0.5555555555555557,0.0,0.008727494835958471,0.3029284721802694,0.0,0.46969209468613726,4.6002813060702747e-05,0.2502933838302121,2.22117689634461e-05,0.20145139341482327,9.10985704407534e-05,0.22176036320548959,0.002000794336105936,0.0,3.377481706618391e-05,0.0,0.0,0.0,0.0002227576973018847,0.04081632653061224,0.019951338199513384
0.01864336678700036,0.0,0.19792944235553173,0.007101393517242149,0.0,0.5555555555555557,0.0,0.008727494835958471,0.3029284721802694,0.0,0.46969209468613726,4.6002813060702747e-05,0.2502933838302121,2.22117689634461e-05,0.20145139341482327,9.10985704407534e-05,0.22176036320548959,0.002000794336105936,0.0,3.377481706618391e-05,0.0,0.0,0.0,0.0002227576973018847,0.04081632653061224,0.007299270072992699
0.01864336678700036,0.0,0.34987527710404587,0.007101393517242149,0.0,0.0,0.0,0.01538738411582851,0.05101416661632319,0.0,0.07234580524082879,6.035751875750907e-08,0.043316850166386145,3.5071214156154674e-06,0.03405344994049436,4.518520144655876e-06,0.03553488547856398,5.251107546316929e-06,0.0,3.371060638735086e-06,0.0,0.0,0.0,2.3838735623948174e-05,0.0,0.0029197080291970823
0.01864336678700036,0.0,0.2549091303149999,0.007101393517242149,0.0,0.40000000280000025,0.0,0.007878279074139238,0.3791344469280492,0.0,0.47002116501883806,0.00017237903871211247,0.31783237680099846,3.682477486316796e-05,0.2550882909507534,0.00010683468833513898,0.2854924542271507,0.007498162424769749,0.0,7.059964137693765e-05,0.0,0.0,0.0,0.00046234590165083957,0.02040816326530612,0.028710462287104617
0.01864336678700036,0.0,0.2549091303149999,0.007101393517242149,0.0,0.40000000280000025,0.0,0.009065038211822099,0.36872092672023193,0.0,0.46742735686114545,0.00011725945734964337,0.30530874944473213,3.1564092740539204e-05,0.24728172351352412,8.467792425451755e-05,0.2745113821212342,0.005100460378162428,0.0,5.544592117233803e-05,0.0,0.0,0.0,0.0003535939487822642,0.02040816326530612,0.018978102189781014
0.01864336678700036,0.0,0.34987527710404587,0.007101393517242149,0.0,0.40000000280000025,0.0,0.01290428133448008,0.2581216395819488,0.0,0.3695781335159313,8.021834433973949e-06,0.20402433494935718,3.5071214156154674e-06,0.16850151290934196,4.7396301237499685e-06,0.18102496966013587,0.0006979000495494196,0.0,5.393697021976137e-06,0.0,0.0,0.0,4.9414669421173995e-05,0.0,0.0034063260340632673
0.01864336678700036,0.0,0.34987527710404587,0.007101393517242149,0.0,0.27272727781818185,0.0,0.010400583338599764,0.2737683501480094,0.0,0.39874492159284813,2.0650111608382164e-05,0.22815445515016347,9.35232377550421e-06,0.18364858369155584,1.6165899925578127e-05,0.20463541544054958,0.0017965608781022318,0.0,1.3387926536690769e-05,0.0,0.0,0.0,0.00011213345733457927,0.0,0.02627737226277372
0.01864336678700036,0.0,0.34987527710404587,0.007101393517242149,0.0,0.16666666666666663,0.0,0.015665451591782314,0.17967286896635037,0.0,0.34709267076174166,1.7250519999078457e-06,0.14328051825876892,8.183283302573127e-06,0.1206052878438873,9.413220079200523e-06,0.12609253653225772,0.00015007962157785425,0.0,8.861073678960797e-06,0.0,0.0,0.0,5.1650691154835196e-05,0.0,0.006812652068126521
0.01864336678700036,0.0,0.2549091303149999,0.007101393517242149,0.0,0.0769230833846154,0.0,0.017808765413128133,0.08361777321331465,0.0,0.22934141110726702,1.2080481072090434e-07,0.06718838716312359,3.5071214156154674e-06,0.05800771944606725,3.639941432621689e-05,0.05881337994767982,1.0510025366624414e-05,0.0,5.490013040225712e-06,0.0,0.0,0.0,3.5834080820765603e-05,0.02040816326530612,0.0053527980535279795
0.01864336678700036,0.0,0.2549091303149999,0.007101393517242149,0.0,0.0769230833846154,0.0,0.017808765413128133,0.08361777321331465,0.0,0.22934141110726702,1.2080481072090434e-07,0.06718838716312359,3.5071214156154674e-06,0.05800771944606725,3.639941432621689e-05,0.05881337994767982,1.0510025366624414e-05,0.0,5.490013040225712e-06,0.0,0.0,0.0,3.5834080820765603e-05,0.02040816326530612,0.011192214111922144
0.01864336678700036,0.0,0.2549091303149999,0.007101393517242149,0.0,0.40000000280000025,0.0,0.010774954294342831,0.36850570893493617,0.0,0.419618132821567,7.078832739823412e-05,0.3031841625166723,2.9810532038292587e-05,0.24652634866382167,8.834491891206902e-05,0.27621450567455014,0.00615858848812892,0.0,5.454697166867534e-05,0.0,0.0,0.0,0.00035239803068879804,0.02040816326530612,0.00875912408759124
0.01864336678700036,0.0,0.2549091303149999,0.007101393517242149,0.0,0.40000000280000025,0.0,0.007343765889512771,0.37869645985621936,0.0,0.4782845981444299,0.00017680650360441156,0.3170234689632881,3.682477486316796e-05,0.2545507495648219,0.00011194077873374051,0.2851344626608024,0.007690758574527525,0.0,7.111332680760205e-05,0.0,0.0,0.0,0.00046975827802017895,0.02040816326530612,0.021411192214111925
0.01864336678700036,0.0,0.34987527710404587,0.007101393517242149,0.0,0.40000000280000025,0.0,0.011956067391904794,0.2987109587385972,0.0,0.3768477363706676,1.7746008246766526e-05,0.2401820354044188,2.3380809442732744e-06,0.19577157455012723,6.101586798337244e-06,0.21421910008732808,0.0015439037213570827,0.0,7.705281459965911e-06,0.0,0.0,0.0,6.794857808442163e-05,0.0,0.0034063260340632673
