1.140132688367242152e-02,2.686170210000000114e-01,2.234749121964906340e-02,5.214644654564561943e-01,0.000000000000000000e+00,4.139731729430216889e-02,9.533807732893206932e-01,6.561158160927342831e-01,1.000000000000000000e+00,1.309190115045484326e-01,9.393939393939394478e-01,7.426900584795321780e-01,9.556165993868265263e-02,6.079317451656383042e-01,4.430379746835442778e-01,2.559627839365756774e-01,4.873588327336823567e-01,5.759013685523627080e-02,1.459873652241337194e-01,4.236437960775090716e-01,1.506410255028147460e-01,4.963684965662335524e-01,4.780738796564583115e-01,1.921137093076570324e-01,2.105221529263790470e-01
3.180802754866621923e-02,2.355403349999999896e-01,2.276654892706191438e-02,6.203208588355796360e-01,0.000000000000000000e+00,7.617967627779036188e-02,9.530560891799021439e-01,6.803431713650482937e-01,1.000000000000000000e+00,1.870940959283808047e-01,1.000000000000000000e+00,8.397660818713450492e-01,1.808860389035020222e-01,6.563255676324770693e-01,5.949367088607595555e-01,3.722466252467829251e-01,5.912504027997846912e-01,1.040558656324806208e-01,2.291603894584486323e-01,4.783972631403826115e-01,2.307692302953648633e-01,5.900745342028436147e-01,5.663799488065693888e-01,2.737276478679504521e-01,3.174846906950677949e-01
7.212635281253311666e-03,3.322259140000000111e-01,5.128546641440478310e-03,4.471291527282109102e-01,0.000000000000000000e+00,2.525020079620795069e-02,9.325739332774155566e-01,6.222512629905581072e-01,1.000000000000000000e+00,1.076311359977668025e-01,9.696969696969697239e-01,7.438596491228071095e-01,7.849680980097485661e-02,5.938213464821091581e-01,4.556962025316455556e-01,2.542565326724617325e-01,4.818887510035598787e-01,4.392194490128291384e-02,1.309743421270113395e-01,4.112880384493425301e-01,1.346153833122534227e-01,4.967433313692788399e-01,4.743201278536439691e-01,1.829436038514442586e-01,2.033476709429663798e-01
7.413536838492573722e-02,1.496580030000000117e-01,5.073690056403692972e-02,6.721333875559036830e-01,0.000000000000000000e+00,2.003806211221733635e-01,9.757298628209638558e-01,7.293579538704366705e-01,1.000000000000000000e+00,2.290881581529257416e-01,1.000000000000000000e+00,8.690058479532164482e-01,2.252546877444264184e-01,6.836319984059229249e-01,6.582278481012658888e-01,3.907039978154088211e-01,6.273598747990889457e-01,1.547564971555524249e-01,2.607425428906606779e-01,5.086153063355365322e-01,2.724358956786447905e-01,6.239048731853301666e-01,6.006392682197939648e-01,3.099495644199907751e-01,3.536453001854748535e-01
7.799432336426469214e-02,8.055555559999999504e-01,2.220202399805783225e-05,1.695033031632661724e-01,0.000000000000000000e+00,2.133320237735772873e-04,5.552098271057117618e-01,3.876744567584844425e-01,3.999999976000001567e-01,2.041678964207617464e-02,2.424242424242424032e-01,2.280701754385965063e-01,3.450420287612095821e-02,3.631479445672251005e-01,1.012658227848101250e-01,5.588248718171373586e-02,1.326373462582725871e-01,1.783249831055623178e-03,2.597344088280539171e-02,2.490334348447950652e-01,2.564102627284681191e-02,6.694096851187919528e-02,5.981900393695672308e-02,3.668042182485098390e-02,3.392637256220033121e-02
1.645789813715713146e-02,2.801864800000000155e-01,1.395595048095739019e-02,5.943565216655182226e-01,0.000000000000000000e+00,5.863702468628653741e-02,9.480775995021510916e-01,6.671390505931671377e-01,1.000000000000000000e+00,1.694969501065470285e-01,1.000000000000000000e+00,8.175438596491229060e-01,1.569952230554550465e-01,6.394624029210083105e-01,5.696202531645570000e-01,3.463801800402745434e-01,5.631309164272144674e-01,8.307934092278468352e-02,2.039000961581255156e-01,4.606918292076767618e-01,2.083333330766559688e-01,5.686037570031857724e-01,5.449098917661733266e-01,2.540119211370930330e-01,2.857151459998334975e-01
1.423759394362119051e-03,3.913043480000000240e-01,6.440785179634598515e-04,2.657983419854018647e-01,0.000000000000000000e+00,7.824178147623997437e-03,7.970453746042913679e-01,5.047775835440675429e-01,3.999999976000001567e-01,5.407823231747899834e-02,6.666666666666667407e-01,5.122807017543860031e-01,1.023728097386325704e-02,4.931745851626641031e-01,2.784810126582278333e-01,1.441400453149245808e-01,3.165724785417947662e-01,1.627302979825494267e-02,6.800465045946507692e-02,3.364388103152363141e-01,7.051282071026462872e-02,2.705957742868650984e-01,2.534737471252420105e-01,1.008711600183402057e-01,1.150566796833187855e-01
1.025930412657984243e-02,3.333333330000000094e-01,2.538944328490771703e-04,1.126702447389655304e-01,0.000000000000000000e+00,1.170859243747601210e-04,3.699775426824318814e-01,3.475387948835446661e-01,3.999999976000001567e-01,1.097872394228029819e-02,9.090909090909091161e-02,9.590643274853802303e-02,5.156905301382875423e-02,2.945989622839275679e-01,3.797468354430379861e-02,1.855925583602792764e-02,5.624973390960582437e-02,1.339639748606349543e-03,9.884144076784846800e-03,1.997895043774657320e-01,9.615384082285502454e-03,1.935226149221535089e-02,1.679768200304042336e-02,1.375515818431911896e-02,1.207447761523694311e-02
2.270233047136650806e-01,1.675672390000000067e-01,1.267865045458754225e-01,8.441333012842704431e-01,0.000000000000000000e+00,3.665183883148173671e-01,9.903677047539165557e-01,8.370388599424087861e-01,1.000000000000000000e+00,4.651802436270435215e-01,1.000000000000000000e+00,9.614035087719299266e-01,5.529002721830256206e-01,8.580013133972981265e-01,9.493670886075949999e-01,8.484539160820597781e-01,8.866403245127268962e-01,4.407079430926674202e-01,5.632937176584400518e-01,7.531078452634971665e-01,5.801282047925501173e-01,8.741973175676350793e-01,8.207073528838533250e-01,5.836772122879413383e-01,7.922073814167720496e-01
2.497695335554265400e-02,3.323090430000000262e-01,1.013366321877294182e-02,5.616995997523070994e-01,0.000000000000000000e+00,5.705631411938420772e-02,9.503233312589627335e-01,6.651816273767701126e-01,1.000000000000000000e+00,1.665985937604395062e-01,1.000000000000000000e+00,9.415204678362573132e-01,1.638211887657942400e-01,6.504479504098186204e-01,6.202531645569621110e-01,3.974720470440662456e-01,6.411088230340106220e-01,7.907816900747163813e-02,2.070328762932524547e-01,4.726631107418706734e-01,2.147435881048035955e-01,5.870638717172826926e-01,5.587152267972922415e-01,2.659330582301696055e-01,3.387790060980719886e-01
6.331331153786634580e-02,1.646799120000000116e-01,1.071899430194946101e-01,8.212283419710574295e-01,0.000000000000000000e+00,3.028651810884662177e-01,9.798966422251684794e-01,7.874046039046633805e-01,1.000000000000000000e+00,3.926922051419485249e-01,1.000000000000000000e+00,9.309941520467837073e-01,4.470980602253288305e-01,7.947819409172278693e-01,8.227848101265823333e-01,6.547597395666236997e-01,7.811720135788559061e-01,3.214964460006041191e-01,4.703909102562479627e-01,6.531238428556394027e-01,4.807692318354289673e-01,7.659832422877572711e-01,7.409235606720112610e-01,4.924346629986244839e-01,6.179395591913295904e-01
4.282723907185541357e-02,2.235813799999999962e-01,3.720878968018270089e-02,7.208553251193057232e-01,0.000000000000000000e+00,1.461287355934185184e-01,9.723477366811873468e-01,7.351029344376367458e-01,1.000000000000000000e+00,2.748710818980900639e-01,1.000000000000000000e+00,9.485380116959064578e-01,3.037531651370468655e-01,7.276354096146984141e-01,7.341772151898734444e-01,5.425450643208398205e-01,7.244815852813925039e-01,1.845206784788357424e-01,3.409106920122478845e-01,5.659875601838735282e-01,3.461538454430473366e-01,6.878531553034463730e-01,6.561698478489663700e-01,3.741403026134799692e-01,4.827193776495082300e-01
4.129755823074490739e-02,1.670164919999999886e-01,5.887334883987170586e-02,7.268438662935204908e-01,0.000000000000000000e+00,2.590687541669767224e-01,9.828187992099354231e-01,7.622777391196120522e-01,1.000000000000000000e+00,2.982545280465125903e-01,1.000000000000000000e+00,9.426900584795322446e-01,3.276439809850938412e-01,7.407375987667199624e-01,7.974683544303797778e-01,5.709445215212429758e-01,7.465557817418194686e-01,2.346337684513350175e-01,3.520777915897566057e-01,5.920299174610403892e-01,3.685897426617562589e-01,7.211628534049714379e-01,6.727362498863089790e-01,3.979825767996331698e-01,5.158989881014072187e-01
7.355537779425320999e-02,1.970740099999999939e-01,6.536788050334318978e-02,6.898364904528717645e-01,0.000000000000000000e+00,1.037541497174425814e-01,9.565735003652696689e-01,6.870414057240485928e-01,1.000000000000000000e+00,2.326669130100153804e-01,1.000000000000000000e+00,8.409356725146199807e-01,2.184287861722274127e-01,6.696901496506644236e-01,5.949367088607595555e-01,3.738536607734053718e-01,5.981400650723394108e-01,1.303214222464390559e-01,2.638126765603927559e-01,4.923857629751216547e-01,2.660256406504972193e-01,5.985066528184181944e-01,5.832114132765094938e-01,3.021549747822099841e-01,3.334773931560388038e-01
1.155487141103108267e-01,1.602580429999999889e-01,1.105489443838859331e-01,8.347979789911672555e-01,0.000000000000000000e+00,2.974590605594141235e-01,9.702643469790850350e-01,7.728342469860773889e-01,1.000000000000000000e+00,4.048155455627147070e-01,1.000000000000000000e+00,9.239766081871345627e-01,4.573370087908376624e-01,7.893241524830605371e-01,8.101265822784810000e-01,6.448457342282071236e-01,7.742314402793601946e-01,3.261437675925359936e-01,4.855822412142745681e-01,6.512061077829116584e-01,4.903846159177145392e-01,7.579133086328516677e-01,7.340761144965762819e-01,5.006877579092159358e-01,6.047280610566830861e-01
5.193066363250589679e-02,2.357293870000000124e-01,1.388930044455925945e-02,4.775753547018996570e-01,0.000000000000000000e+00,4.315384215947036528e-02,9.318433940312238484e-01,6.265451480230592729e-01,1.000000000000000000e+00,1.144907776809951372e-01,9.090909090909091717e-01,6.912280701754386358e-01,8.190979265614445337e-02,5.922878071689356982e-01,4.430379746835442778e-01,2.256575658387986461e-01,4.507643959324648120e-01,5.386477444581431323e-02,1.320118184499491087e-01,4.090307935656631311e-01,1.378205123663913401e-01,4.616200453396981929e-01,4.464171095201590611e-01,1.806510774873910652e-01,1.936894398612093171e-01
1.025538542104079826e-01,2.194285709999999889e-01,5.239334741190786876e-02,7.532644360961358032e-01,0.000000000000000000e+00,1.754633430488110324e-01,9.894477664438974251e-01,7.827712813201859188e-01,1.000000000000000000e+00,3.206982581971659085e-01,1.000000000000000000e+00,9.578947368421053543e-01,3.617736812605094054e-01,7.616853572098454261e-01,8.227848101265823333e-01,6.310330806954184135e-01,7.698626695155947885e-01,2.331383982679453015e-01,3.913990229436490331e-01,6.138077113020758979e-01,4.006410270428789056e-01,7.417621230430194723e-01,6.991320504658082857e-01,4.218248509857863149e-01,5.617170819183120445e-01
5.857140069944736377e-02,1.652061019999999936e-01,5.622098734027402428e-02,6.808340403868076152e-01,0.000000000000000000e+00,1.347256486933711694e-01,9.760274899212642019e-01,7.103126785582956071e-01,1.000000000000000000e+00,2.141326542818188794e-01,9.696969696969697239e-01,8.140350877192983337e-01,2.013638718963794150e-01,6.652755347825705101e-01,5.822784810126582222e-01,3.286067412252403064e-01,5.679393264332818214e-01,1.294334500562478452e-01,2.413584603178443866e-01,4.820485906072096705e-01,2.499999984599358960e-01,5.702465720591612941e-01,5.618550472304874033e-01,2.833562585969738312e-01,2.886592799920068564e-01
8.982593187593699777e-03,3.018867920000000149e-01,6.162798253417331971e-03,5.319167063744436597e-01,0.000000000000000000e+00,4.314371566819968223e-02,9.293270921832301745e-01,6.339703444725424131e-01,1.000000000000000000e+00,1.315987902318623004e-01,9.696969696969697239e-01,7.473684210526315708e-01,1.126265742145306503e-01,6.128950180834842332e-01,5.063291139240506666e-01,2.812389545933765000e-01,4.976021802016636908e-01,5.885860623796871499e-02,1.641989514665025129e-01,4.268399348122498549e-01,1.666666646132478335e-01,5.108485714000379208e-01,4.979886438938191384e-01,2.067858780375974037e-01,2.304201935666363166e-01
1.876777274301406201e-02,3.618233619999999817e-01,7.014696508883404118e-03,3.330550862294230363e-01,0.000000000000000000e+00,1.008143416765950456e-02,8.915825644633242897e-01,5.842540576930692620e-01,1.000000000000000000e+00,6.901551454873985914e-02,7.272727272727272929e-01,5.871345029239766200e-01,2.388921239454166665e-02,5.395020709763200806e-01,3.164556962025316111e-01,1.771991676695568174e-01,3.690242911740596599e-01,2.325042393626095688e-02,7.983165187366829396e-02,3.694365152738637303e-01,8.333333384668803467e-02,3.355157640338349845e-01,3.168204202019152538e-01,1.164603392939018711e-01,1.357235425433733211e-01
2.593274060186882835e-03,2.855631940000000202e-01,1.017227495654778220e-02,5.554308817733460968e-01,0.000000000000000000e+00,5.248463185567633915e-02,9.488622527665793172e-01,6.599854041852650788e-01,1.000000000000000000e+00,1.543960449868736207e-01,1.000000000000000000e+00,8.339181286549708361e-01,1.433432916347766317e-01,6.361562434865446480e-01,5.696202531645570000e-01,3.420956213852419658e-01,5.688994824848208065e-01,7.709082074874105961e-02,1.899249654546884269e-01,4.560957583926855130e-01,1.955128199402325906e-01,5.661137353985865595e-01,5.406468043085638220e-01,2.425492893168271213e-01,2.854537474042376233e-01
3.063163990565841155e-02,2.818181819999999727e-01,7.482631642394945402e-03,4.687647205949257989e-01,0.000000000000000000e+00,3.287837824081869115e-02,9.032711924023919536e-01,5.900471252467993644e-01,1.000000000000000000e+00,1.124268980657915362e-01,9.393939393939394478e-01,7.076023391812865659e-01,8.532277551131406401e-02,5.831172183892423533e-01,4.936708860759493889e-01,2.395273696681100573e-01,4.614010684554195052e-01,4.922019800863372541e-02,1.366916745023508961e-01,4.046935550315196584e-01,1.410256414205292574e-01,4.677878421699139810e-01,4.486571469407377721e-01,1.866116460339293792e-01,1.991640122828497728e-01
1.857998526965793512e-02,1.557592730000000036e-01,1.359502360756599249e-01,8.109541328789715564e-01,0.000000000000000000e+00,3.593114282951349603e-01,9.893395384074245014e-01,8.046452028987967076e-01,1.000000000000000000e+00,4.053976463839156219e-01,1.000000000000000000e+00,9.918128654970760349e-01,4.573370087908376624e-01,8.012805565147542719e-01,8.860759493670886666e-01,7.050783643328671912e-01,8.380490929613871876e-01,3.496659978285706072e-01,4.752218237704071702e-01,6.770749287992094967e-01,4.903846159177145392e-01,8.001531296708710439e-01,7.490963190104336089e-01,5.006877579092159358e-01,6.646607678573297484e-01
1.875075658176248924e-02,2.773826460000000105e-01,6.655848052689052573e-03,4.264278602201544421e-01,0.000000000000000000e+00,2.919128406230829531e-02,9.289753510646934220e-01,6.185938233680126075e-01,1.000000000000000000e+00,9.725248660306612392e-02,9.090909090909091717e-01,6.736842105263158853e-01,6.143189552512685198e-02,5.814323766261222382e-01,4.177215189873417778e-01,2.075692853331946308e-01,4.307894323733992836e-01,4.177954390904166371e-02,1.144335700174009401e-01,3.969837071940557904e-01,1.185897442018203490e-01,4.489475664033501512e-01,4.338097527383288354e-01,1.627693718477762341e-01,1.709073618997410116e-01
3.083272991549785083e-02,4.966666670000000061e-01,1.473390060896854602e-03,2.909566703499792406e-01,0.000000000000000000e+00,6.591892849060177438e-03,8.988067858978868729e-01,5.813773244400695095e-01,1.000000000000000000e+00,6.046869776385772194e-02,6.969696969696970168e-01,6.011695906432749092e-01,1.706324668420246271e-02,5.411644648789357692e-01,2.911392405063291111e-01,1.978203285328266892e-01,3.771919708273437366e-01,1.664765348945872192e-02,7.428064497113706643e-02,3.702851565040841675e-01,7.692307573841222768e-02,3.251375670358422898e-01,3.066564453048867822e-01,1.086657496561210384e-01,1.374418743518643904e-01
2.635443100838990790e-02,1.426510000000000000e-01,1.052679291895241426e-01,7.482261661777304118e-01,0.000000000000000000e+00,2.243317707176627762e-01,9.746205254471171919e-01,7.222439085102654310e-01,1.000000000000000000e+00,2.798238971476440518e-01,1.000000000000000000e+00,8.713450292397660890e-01,2.696234007234910579e-01,6.933842944594290625e-01,6.455696202531645556e-01,3.878914466866763000e-01,6.287211547413029678e-01,1.790477951838908566e-01,3.051871616150276800e-01,5.194629140627871067e-01,3.141025641420528980e-01,6.232031398240340803e-01,6.129646713355768606e-01,3.420449335167353722e-01,3.598035784292796802e-01
2.723561319593882299e-02,2.194005950000000038e-01,5.365459823261337080e-02,7.044129171763386932e-01,0.000000000000000000e+00,1.417246091699045085e-01,9.635271517086502202e-01,7.075349479246224593e-01,1.000000000000000000e+00,2.534589196848375803e-01,1.000000000000000000e+00,9.964912280701755387e-01,2.525584864476430602e-01,6.897282768569499289e-01,6.708860759493671111e-01,4.276660792760818564e-01,6.981390432364800169e-01,1.451318339629312226e-01,2.915911976234649150e-01,5.165513327214115158e-01,2.980769219514916579e-01,6.256592065885705489e-01,6.082819016930213207e-01,3.301237964236588551e-01,3.856227100304660538e-01
7.946247997413986852e-02,0.000000000000000000e+00,2.077318086946994833e-04,2.044093089081123193e-01,0.000000000000000000e+00,4.793071441323163220e-04,3.656213642143997244e-01,3.192523322188467461e-01,3.999999976000001567e-01,1.410007845221673134e-02,1.212121212121212155e-01,7.953216374269006517e-02,4.815607015865915053e-02,2.873273876328111820e-01,5.063291139240506944e-02,1.188868272394832601e-02,4.689567611476256476e-02,3.207927080575629676e-03,1.280209025596947860e-02,1.976924617902506287e-01,1.282051313642340942e-02,2.374708304621519703e-02,1.987903278198615079e-02,1.834021091242549195e-02,1.408743520288148476e-02
4.376019029721856662e-02,1.823270690000000083e-01,6.523879002222576773e-02,7.404482163362582359e-01,0.000000000000000000e+00,2.280608347597249119e-01,9.805189534348873748e-01,7.720733411403970514e-01,1.000000000000000000e+00,3.138988594864894899e-01,1.000000000000000000e+00,9.274853801169591350e-01,3.515347968331408168e-01,7.550205583493068140e-01,8.354430379746835555e-01,6.098570886733377661e-01,7.534486449949240328e-01,2.468346390057010453e-01,3.736910050107119519e-01,6.080615090528249667e-01,3.910256398804651812e-01,7.369744905941764124e-01,6.907384067668880245e-01,4.135717560751948629e-01,5.395190624831637249e-01
3.751010438500378130e-02,1.977591039999999911e-01,3.127374902146227986e-02,6.692884539292887069e-01,0.000000000000000000e+00,1.337566466049036062e-01,9.586298330582537774e-01,6.830134134405956292e-01,1.000000000000000000e+00,2.177969392851241970e-01,1.000000000000000000e+00,9.111111111111112049e-01,2.218417690273970233e-01,6.770021858687496064e-01,6.455696202531645556e-01,3.846347870904226474e-01,6.385412090910077554e-01,1.330529967819756854e-01,2.623729426238984863e-01,4.969586305253058112e-01,2.692307697046351089e-01,6.049354358702925261e-01,5.922456245208737036e-01,3.067400275103163709e-01,3.571964571409342315e-01
6.079758017993010938e-03,2.266207689999999997e-01,2.825621918260149204e-02,6.505286519122526201e-01,0.000000000000000000e+00,1.148595369961239732e-01,9.750804946021267572e-01,7.180094250493598285e-01,1.000000000000000000e+00,2.136014996781463726e-01,1.000000000000000000e+00,8.935672514619883433e-01,2.184287861722274127e-01,6.849527121036946831e-01,6.455696202531645556e-01,4.268339960744967909e-01,6.441602435561105677e-01,1.301126976395793611e-01,2.597672549330264924e-01,5.096554791200993417e-01,2.660256406504972193e-01,6.287604153142987151e-01,6.023179969595779948e-01,3.049060064190737829e-01,3.694588498938621290e-01
4.733142249787047895e-02,1.654422570000000092e-01,2.622296441951995141e-02,6.947448358704995108e-01,0.000000000000000000e+00,1.494037598797979260e-01,9.477258583836143391e-01,6.710736975498265977e-01,1.000000000000000000e+00,2.141684777778425364e-01,1.000000000000000000e+00,8.152046783625731541e-01,2.150158033170578298e-01,6.668388053280573935e-01,6.075949367088607778e-01,3.257894078873307953e-01,5.673082011222834176e-01,1.311198197669069254e-01,2.583569235104464790e-01,4.777547527783007619e-01,2.628205115963593297e-01,5.741270776533876630e-01,5.794121850759456072e-01,2.934433745988078712e-01,3.040578187522769427e-01
1.713444297180438669e-02,3.325123150000000027e-01,1.392825290646476383e-03,3.386371979764383755e-01,0.000000000000000000e+00,1.399309674251086877e-02,8.736437674179496904e-01,5.533143248304226436e-01,1.000000000000000000e+00,6.918607901423656781e-02,7.878787878787879562e-01,5.730994152046784418e-01,3.071517810488086711e-02,5.385252775077447041e-01,3.417721518987341667e-01,1.640630530759104588e-01,3.581747798485766521e-01,2.557570105511203923e-02,8.670111993061055400e-02,3.644612188213841031e-01,8.974358887483563363e-02,3.528956487871131031e-01,3.390817665631537525e-01,1.270059605685465165e-01,1.359385189955081286e-01
1.146545619496906927e-02,2.726775960000000221e-01,1.314236720353945294e-02,5.351650908416453190e-01,0.000000000000000000e+00,5.792365962639071941e-02,9.552206499093590653e-01,6.730509212900890326e-01,1.000000000000000000e+00,1.528464618595667124e-01,1.000000000000000000e+00,8.947368421052631637e-01,1.399303729177472366e-01,6.398997263908730027e-01,5.822784810126582222e-01,3.445529446992166567e-01,6.022230878974421664e-01,7.854050653008626259e-02,1.831371979722991039e-01,4.583706990495285960e-01,1.923076908860946455e-01,5.716936474488929498e-01,5.454400166313683185e-01,2.448418156808803148e-01,2.925522316253401089e-01
3.897670903228923900e-02,2.438423650000000054e-01,2.221081687884913711e-03,3.623794476739382597e-01,0.000000000000000000e+00,2.037952893334782703e-02,8.895803457885765875e-01,5.779433478725750639e-01,1.000000000000000000e+00,7.163633176821429527e-02,7.878787878787879562e-01,5.543859649122807598e-01,3.071517810488086711e-02,5.466612880929637708e-01,3.417721518987341667e-01,1.503246722863089135e-01,3.474594421115194121e-01,3.118393092585346887e-02,8.455393916612488625e-02,3.672859845905738774e-01,8.974358887483563363e-02,3.570571140383290154e-01,3.472733651235009322e-01,1.270059605685465165e-01,1.254297268224021100e-01
4.128608479302804668e-03,1.755852840000000081e-01,4.889913352314818190e-02,7.255146504251092088e-01,0.000000000000000000e+00,1.622117513749403717e-01,9.719418815444141879e-01,7.201224238104129149e-01,1.000000000000000000e+00,2.464332999352574494e-01,1.000000000000000000e+00,8.725146198830410205e-01,2.457325848754440267e-01,6.850926553709009159e-01,6.329113924050633333e-01,3.806731775620382785e-01,6.206275424469696045e-01,1.526018527911706668e-01,2.867806214222340389e-01,5.071025234289860961e-01,2.916666669233440312e-01,6.122017716437139212e-01,6.024063511037771601e-01,3.195781751490142097e-01,3.523055458896042214e-01
1.000000000000000000e+00,8.687638200000000199e-02,1.000000000000000000e+00,1.000000000000000000e+00,1.000000000000000000e+00,1.000000000000000000e+00,9.992965177629266060e-01,1.000000000000000000e+00,1.000000000000000000e+00,1.000000000000000222e+00,1.000000000000000000e+00,9.707602339181287121e-01,9.999999999999998890e-01,1.000000000000000000e+00,9.367088607594936667e-01,1.000000000000000000e+00,9.999999999999997780e-01,9.999999999999998890e-01,9.999999999999998890e-01,1.000000000000000000e+00,9.999999999999997780e-01,9.999999999999998890e-01,1.000000000000000222e+00,1.000000000000000000e+00,1.000000000000000222e+00
1.711981018167274115e-03,3.428571429999999753e-01,1.322366837755610189e-02,4.565781806978079782e-01,0.000000000000000000e+00,2.752620523007087618e-03,4.306934711436997687e-01,3.790753721084163530e-01,1.000000000000000000e+00,6.567661597125493134e-02,3.636363636363636465e-01,1.660818713450292472e-01,1.402636988324356890e-02,3.222670423042762744e-01,1.518987341772151667e-01,3.668046712667871051e-02,9.942016024691550935e-02,5.958567964426701377e-03,4.529669679660513343e-02,2.240671018002693970e-01,4.487179443741781681e-02,7.592402105200082851e-02,6.425165339188960989e-02,6.143970655662539526e-02,1.887148509150396447e-02
2.746258772468538126e-02,2.007168460000000043e-01,3.928260160591416639e-02,6.290355356505927809e-01,0.000000000000000000e+00,7.880412562677562016e-02,9.458318677453395606e-01,6.548287820414906424e-01,1.000000000000000000e+00,1.728414267370460278e-01,9.696969696969697239e-01,7.964912280701754721e-01,1.467562744899462424e-01,6.255379890726155967e-01,5.063291139240506666e-01,2.716438384233553771e-01,5.283461847506226716e-01,8.749446000103711096e-02,1.992117761317832858e-01,4.421821354488698064e-01,1.987179489943704802e-01,5.238113309298633169e-01,5.131673661369748896e-01,2.375057313159101291e-01,2.413542868383138917e-01
4.522141850267535554e-03,3.200000000000000067e-01,2.881317124302406035e-03,4.083053047496599253e-01,0.000000000000000000e+00,1.255437481501957622e-02,8.248599799778133512e-01,5.349252954521024339e-01,1.000000000000000000e+00,6.955361072949653445e-02,6.060606060606060774e-01,4.105263157894736836e-01,2.047622953937206294e-02,5.012530758534481379e-01,2.784810126582278333e-01,1.174300601437162084e-01,2.571235971313027280e-01,2.153951869217008569e-02,7.769192783582525019e-02,3.397877599924273295e-01,8.012820479255013117e-02,2.485444359002526582e-01,2.393832101139508894e-01,1.091242549289316854e-01,8.906154677376243445e-02
2.254508340468665967e-02,2.018633539999999948e-01,3.157798269684160275e-02,6.884798183652280912e-01,0.000000000000000000e+00,1.440607643405135141e-01,9.761086609486188115e-01,7.286451350112863601e-01,1.000000000000000000e+00,2.356080344292307005e-01,1.000000000000000000e+00,9.099415204678362734e-01,2.457325848754440267e-01,6.973289459370068943e-01,6.835443037974683334e-01,4.394223331024489920e-01,6.622594030624000538e-01,1.522589204526058615e-01,2.845227270444921630e-01,5.232341077163484844e-01,2.916666669233440312e-01,6.403276974956640943e-01,6.178683263386302027e-01,3.278312700596056617e-01,3.979709453833891186e-01
1.763735644900317201e-01,1.535377360000000080e-01,2.020083906944239449e-01,8.549823647539045446e-01,0.000000000000000000e+00,3.423090227040067601e-01,9.898536215806705840e-01,8.134140063248531671e-01,1.000000000000000000e+00,4.407629983200144763e-01,1.000000000000000000e+00,1.000000000000000000e+00,4.778148417837150275e-01,7.997061942521215272e-01,8.227848101265823333e-01,6.314913544477126495e-01,8.084453229772972094e-01,3.430041899963694463e-01,5.012722068738880710e-01,6.591068481272492896e-01,5.096153840822854608e-01,7.608447431582662235e-01,7.470862622299027089e-01,5.130674002751031137e-01,5.943576515393873549e-01
3.364488612807060852e-02,5.619047619999999466e-01,2.681828641349559756e-04,2.433167172124372502e-01,0.000000000000000000e+00,3.283337254639158171e-03,8.437187153332071921e-01,5.333271103115471146e-01,3.999999976000001567e-01,4.874958025151070878e-02,6.060606060606060774e-01,5.111111111111111827e-01,3.412149059346827971e-03,5.081597708001086566e-01,2.531645569620252778e-01,1.623382847311969357e-01,3.160958909253366311e-01,1.109262928619217208e-02,6.216323504034845099e-02,3.454731143014088679e-01,6.410256260198882172e-02,2.592472012223742128e-01,2.450995933110715619e-01,9.170105456212745976e-02,1.112487690869959217e-01
8.085447956264807737e-03,1.841342489999999998e-01,9.832546619634133234e-02,7.480795285613559553e-01,9.185303514376996770e-02,2.165374176602418987e-01,9.818447468816797752e-01,7.518739781515362264e-01,1.000000000000000000e+00,3.182855643334828177e-01,1.000000000000000000e+00,9.356725146198831000e-01,3.242309981299242305e-01,7.317025117043634008e-01,7.341772151898734444e-01,5.391265074943834001e-01,7.245736332752171771e-01,2.165315210577025695e-01,3.522682951463190770e-01,5.782758347534311394e-01,3.653846166877465773e-01,6.993298912446446192e-01,6.612722996764679451e-01,3.961485557083906373e-01,4.889859217039853601e-01
4.472257338455105403e-03,2.260470450000000020e-01,8.461493600937039505e-02,6.812450479903350287e-01,0.000000000000000000e+00,9.635163892161141552e-02,9.666116507481263831e-01,7.110085255398470583e-01,1.000000000000000000e+00,2.369483785901434214e-01,1.000000000000000000e+00,9.883040935672514626e-01,2.184287861722274127e-01,6.682644779959243664e-01,6.329113924050633333e-01,3.964927832414373854e-01,6.788868452431223721e-01,1.249759365367754255e-01,2.659168702208242197e-01,4.988313207174845387e-01,2.660256406504972193e-01,6.097004317590937195e-01,5.811792679599288025e-01,3.076570380559375817e-01,3.512812443085602809e-01
3.082208788631120300e-02,2.424242420000000120e-01,1.869834677134649820e-02,5.169739969493740706e-01,0.000000000000000000e+00,3.831712729535659279e-02,9.279201277090831645e-01,6.161668448713815138e-01,1.000000000000000000e+00,1.246853513262317081e-01,9.090909090909091717e-01,6.877192982456140635e-01,8.532277551131406401e-02,5.858181457351205879e-01,4.177215189873417778e-01,2.179917862543523654e-01,4.451369842819069000e-01,5.363809758056220511e-02,1.355754653901636297e-01,4.064619771058340381e-01,1.410256414205292574e-01,4.560061784493290027e-01,4.388245000844562260e-01,1.811095827602017261e-01,1.877126916550798663e-01
3.583980464781755942e-02,2.681451610000000207e-01,4.654291624860182330e-03,4.593443323425334679e-01,0.000000000000000000e+00,1.800535994940141715e-02,8.415541546037501597e-01,5.413519797695218738e-01,1.000000000000000000e+00,8.617310979306538887e-02,7.272727272727272929e-01,4.877192982456139969e-01,4.095406253224945226e-02,5.222067142845141507e-01,3.164556962025316111e-01,1.355277944114734456e-01,3.061560338868759001e-01,3.048974752788110101e-02,9.738791468737524604e-02,3.538273262696771115e-01,9.935897295712113608e-02,3.093422414854909430e-01,3.006600574301937501e-01,1.297569922054103708e-01,1.112358002089599424e-01
7.817457273361359468e-03,2.309741250000000024e-01,1.651852567657480578e-02,6.212768217362236722e-01,0.000000000000000000e+00,9.084593631879060716e-02,9.350631781162911382e-01,6.459015744245120150e-01,3.999999976000001567e-01,1.841398350953989960e-01,1.000000000000000000e+00,8.187134502923977264e-01,1.808860389035020222e-01,6.485009893248900870e-01,5.949367088607595555e-01,3.557058875780124696e-01,5.738975739458673786e-01,1.021569824350797850e-01,2.255463330864066474e-01,4.697759116282217984e-01,2.307692302953648633e-01,5.747722196145792495e-01,5.565726388004625935e-01,2.737276478679504521e-01,3.086127449446313675e-01
6.943547139089990827e-02,2.184845400000000049e-01,5.493125857690565883e-02,7.323652263117794714e-01,0.000000000000000000e+00,1.446517074035153783e-01,9.794096160610407109e-01,7.504002534467055785e-01,1.000000000000000000e+00,2.845730514838179515e-01,1.000000000000000000e+00,9.742690058479532844e-01,3.037531651370468655e-01,7.253001067231186205e-01,7.341772151898734444e-01,5.162937348460312492e-01,7.268627182421961708e-01,1.850331262244492014e-01,3.355156617332752389e-01,5.604792517632144477e-01,3.461538454430473366e-01,6.783797549259484860e-01,6.531437184101450688e-01,3.700137551581842987e-01,4.560722931437234395e-01
2.278497247926910413e-02,4.141749719999999746e-01,3.385929561814699559e-03,4.356715104410262551e-01,0.000000000000000000e+00,1.878172345586392664e-02,8.990232419708326095e-01,5.888845516312803952e-01,1.000000000000000000e+00,1.051388619110831257e-01,9.696969696969697239e-01,7.614035087719298600e-01,7.849680980097485661e-02,5.795707005931987066e-01,4.683544303797468333e-01,2.710476446007299978e-01,4.912238405513513206e-01,3.597463314006626306e-02,1.320108298466903807e-01,4.039236037344572927e-01,1.346153833122534227e-01,4.836157909979726388e-01,4.568045684289853692e-01,1.843191196698761858e-01,2.144808669792936384e-01
3.142447108006397177e-02,2.873949579999999782e-01,3.598827187974293438e-03,4.328345549213047372e-01,0.000000000000000000e+00,2.137117726839671966e-02,8.703969263237641973e-01,5.566153550233929881e-01,1.000000000000000000e+00,8.727781220331731760e-02,8.484848484848485084e-01,5.777777777777778345e-01,5.119301109775825642e-02,5.476592670654889528e-01,3.797468354430379445e-01,1.708993055793523452e-01,3.659403485067775907e-01,3.414813164731844014e-02,1.059808128741425021e-01,3.712631143886684915e-01,1.089743570394066385e-01,3.830645241828368186e-01,3.718695996777672819e-01,1.462631820265932747e-01,1.430347355469698822e-01
1.393983883533632569e-02,2.949921750000000231e-01,1.280256632535927731e-02,6.019988331853807217e-01,0.000000000000000000e+00,6.203551107906286888e-02,9.527314050704835946e-01,6.776814152283001658e-01,1.000000000000000000e+00,1.787270164072851664e-01,1.000000000000000000e+00,8.900584795321637710e-01,1.774730560483324115e-01,6.563955392660800747e-01,6.202531645569621110e-01,3.888425706228368917e-01,6.161745220173113768e-01,9.029669140274150518e-02,2.244154096787819574e-01,4.772283284867098740e-01,2.275641012412269737e-01,5.892935728814010510e-01,5.661811519821212668e-01,2.732691425951398467e-01,3.312767533635364026e-01
7.833181980029345348e-02,7.857142860000000395e-01,4.088689567959164650e-05,1.109266551840363824e-01,0.000000000000000000e+00,1.906718477519034306e-04,6.006114884060717030e-01,4.147502588211333663e-01,3.999999976000001567e-01,1.777266855667630763e-02,2.121212121212121271e-01,2.760233918128655040e-01,3.791718573129056885e-02,3.807112571056207040e-01,8.860759493670886111e-02,7.130904139055112279e-02,1.617970502633168384e-01,1.813123705332099619e-03,2.136732338534442360e-02,2.614090178142814413e-01,2.243589721870890841e-02,6.530181525238099027e-02,5.878668970804153127e-02,3.209536909674461092e-02,4.030331992864254198e-02
5.065328756669559493e-03,4.857142859999999951e-01,1.016676841495222456e-03,2.412729230091162358e-01,0.000000000000000000e+00,2.245802744508481209e-03,7.545117562704619640e-01,4.809264382251943193e-01,3.999999976000001567e-01,3.724081731616070423e-02,3.636363636363636465e-01,3.824561403508771606e-01,1.402636988324356890e-02,4.519385278998053757e-01,1.518987341772151667e-01,1.058177297420961616e-01,2.329467961783261154e-01,7.992121929338839859e-03,4.376173972697574438e-02,3.105668740752968726e-01,4.487179443741781681e-02,1.383103805272321296e-01,1.280836245988332123e-01,6.143970655662539526e-02,7.256474340694576974e-02
1.718597367250662700e-01,1.347289319999999957e-01,1.544007884752063020e-01,8.671462956379825116e-01,0.000000000000000000e+00,3.821876758500719062e-01,9.774885684136476183e-01,7.999015631099271051e-01,1.000000000000000000e+00,4.384462469681733032e-01,1.000000000000000000e+00,9.146198830409357772e-01,4.846408074940541932e-01,7.951667843954810522e-01,7.848101265822785555e-01,6.155150843875375477e-01,7.624898475626137317e-01,3.605704424134847930e-01,5.142444378719033260e-01,6.559835756736966950e-01,5.160256421905613511e-01,7.525144890628797656e-01,7.414095084651065592e-01,5.222375057313158875e-01,5.822532626079828244e-01
2.846609782064544666e-02,2.938689219999999769e-01,5.374802259102104060e-03,4.966972598285868123e-01,0.000000000000000000e+00,3.362858131511590326e-02,8.699369571687546321e-01,5.683118073352455557e-01,3.999999976000001567e-01,1.105086676126218193e-01,9.393939393939394478e-01,6.643274853801169888e-01,8.190979265614445337e-02,5.669559178435767954e-01,4.303797468354430000e-01,2.124776338642273832e-01,4.271516337501586880e-01,4.399424890542695532e-02,1.352612974287571435e-01,3.884198147233459131e-01,1.378205123663913401e-01,4.412098575561170244e-01,4.297181762665177041e-01,1.820265933058230479e-01,1.756870340212927095e-01
3.201100208450746026e-02,2.959001780000000137e-01,2.778382166208836351e-02,4.734976853855121237e-01,2.715654952076677203e-02,1.800078716537582835e-02,8.698828431505182257e-01,5.527655674547273801e-01,3.999999976000001567e-01,1.085161870759982494e-01,7.575757575757575690e-01,5.707602339181286899e-01,4.778002824258865966e-02,5.379981534777165120e-01,3.164556962025316111e-01,1.697288990863541902e-01,3.613901033706195531e-01,3.272733186923431487e-02,1.045065011842040564e-01,3.696918439459879191e-01,1.057692310653969570e-01,3.424119254724549144e-01,3.274339617738393771e-01,1.403026134800550162e-01,1.357265432663420646e-01
3.108747348915333070e-03,2.917647059999999848e-01,8.036154479308900075e-03,5.296171563918443681e-01,0.000000000000000000e+00,3.905897936526390307e-02,9.288671230282204982e-01,6.339703444725424131e-01,1.000000000000000000e+00,1.309649994527310179e-01,9.393939393939394478e-01,7.274853801169590684e-01,1.058006085041914568e-01,6.041262102434294956e-01,4.430379746835442778e-01,2.803714027710658141e-01,4.880135231313451061e-01,5.876842801438263153e-02,1.530388873591297105e-01,4.255730113459193498e-01,1.602564095851002623e-01,4.957932616287004657e-01,4.737081454724997864e-01,2.017423200366804115e-01,2.232306257567919228e-01
1.107824152883391151e-03,2.996453900000000115e-01,5.578742137955551746e-03,5.343829031425387788e-01,0.000000000000000000e+00,3.265293211108011989e-02,8.814632430531129659e-01,5.750949010822401508e-01,3.999999976000001567e-01,1.216838629777308167e-01,9.090909090909091717e-01,6.573099415204678442e-01,9.556165993868265263e-02,5.765042734076739617e-01,4.430379746835442778e-01,2.260115424907384318e-01,4.289561621621092447e-01,4.871454548981823257e-02,1.471366828900978752e-01,3.972758949204052148e-01,1.506410255028147460e-01,4.373896051584725275e-01,4.288352844873510872e-01,1.907381934892251052e-01,1.834412447207143804e-01
1.777268758682676308e-02,2.592889600000000128e-01,1.850869532377893284e-02,6.484621442352718201e-01,0.000000000000000000e+00,9.408534849750596618e-02,9.601450255688737112e-01,6.992639862414644636e-01,1.000000000000000000e+00,2.173233006058633565e-01,1.000000000000000000e+00,8.912280701754385914e-01,2.286676705995960013e-01,6.857661327242530191e-01,6.962025316455696666e-01,4.624581548762260463e-01,6.534971382253889072e-01,1.271383019626585453e-01,2.685299266285968156e-01,5.156027019819997559e-01,2.756410247327826801e-01,6.346685574852113376e-01,6.033782466899678676e-01,3.131591013296652348e-01,3.984252877254865211e-01
7.336986283754633187e-02,2.472122870000000028e-01,3.751217704078586845e-02,7.042027412420469590e-01,0.000000000000000000e+00,1.119412082375043915e-01,9.669092778484267292e-01,7.194180908900620341e-01,1.000000000000000000e+00,2.516295662096920127e-01,1.000000000000000000e+00,9.801169590643274976e-01,2.662104178683214473e-01,7.020520306986508530e-01,7.088607594936708889e-01,4.845907110634047332e-01,7.104436876194887285e-01,1.498450999345180279e-01,3.051796632541468046e-01,5.346381908981310271e-01,3.108974350879150084e-01,6.509442441552735215e-01,6.238101425360237373e-01,3.415864282439247668e-01,4.278989162484791997e-01
3.102439729532828136e-02,5.666666670000000128e-01,2.077318086946994833e-04,2.597142024202386268e-01,0.000000000000000000e+00,1.999946581940128740e-03,6.565653832625342190e-01,4.323698964149738089e-01,3.999999976000001567e-01,3.836349345279126827e-02,4.545454545454545858e-01,3.380116959064327076e-01,1.061338702807396867e-02,4.196815324715014173e-01,1.898734177215189722e-01,8.681428135704891136e-02,2.018645656862925741e-01,6.203671179630429466e-03,4.806213031838435512e-02,2.840032965834015655e-01,4.807692349155572031e-02,1.462581433360297667e-01,1.367046502865013335e-01,6.877579092159559482e-02,5.913131508999730501e-02
7.103887045502212810e-03,3.926829270000000149e-01,2.195670262398027612e-03,4.142658358882834735e-01,0.000000000000000000e+00,2.071586644594798979e-02,9.094943044995806858e-01,5.906298263776921242e-01,1.000000000000000000e+00,9.823310832293855044e-02,9.393939393939394478e-01,7.204678362573100348e-01,7.167084409063566308e-02,5.847232236553114859e-01,4.556962025316455556e-01,2.662516484250340709e-01,4.701415728194837662e-01,3.636404425909137844e-02,1.231666295215261553e-01,4.045329863006344451e-01,1.282051282841058515e-01,4.727945166262204069e-01,4.507360679807180248e-01,1.751490142136634676e-01,2.050204301277409324e-01
4.018906895103735444e-02,2.842490839999999852e-01,2.230795622939113487e-02,6.326835619390194232e-01,0.000000000000000000e+00,9.073061981273781995e-02,9.747558104927082079e-01,7.293579538704366705e-01,1.000000000000000000e+00,2.267970658449492694e-01,1.000000000000000000e+00,9.181286549707602385e-01,2.423196020202744161e-01,7.020782706944566076e-01,7.721518987341772222e-01,5.478296252137420108e-01,6.994099096957179240e-01,1.363177518998046067e-01,2.805352866500622766e-01,5.440844039938335097e-01,2.884615378692061416e-01,6.782326172856767421e-01,6.238543196081233200e-01,3.301237964236588551e-01,4.621557519913154222e-01
3.372082698321973715e-01,2.033441810000000127e-01,6.978692959373286597e-02,7.909598677786727761e-01,0.000000000000000000e+00,1.881202074231272947e-01,9.631754105901134677e-01,7.416173067893168103e-01,1.000000000000000000e+00,3.496882674083908182e-01,1.000000000000000000e+00,8.877192982456141301e-01,3.890774799637260473e-01,7.613529916969488109e-01,7.721518987341772222e-01,6.071067064790856005e-01,7.274793025506561817e-01,2.485013980104073539e-01,4.202836024891311029e-01,6.100591045246002153e-01,4.262820502355974539e-01,7.225889566876054770e-01,6.988448994971609984e-01,4.392480513525904851e-01,5.419179897753996222e-01
3.180802754866622270e-03,1.346708630000000018e-01,1.014662612327953128e-01,8.024568543704915236e-01,0.000000000000000000e+00,3.213610233452049991e-01,9.710760572526313528e-01,7.570588867579752801e-01,1.000000000000000000e+00,3.346066995391661081e-01,1.000000000000000000e+00,8.654970760233918758e-01,3.549477796883104830e-01,7.397317569135983817e-01,7.215189873417722222e-01,4.774121016160248199e-01,6.705301305257601596e-01,2.464796877098595629e-01,3.870373517417400877e-01,5.711130370399171152e-01,3.942307689346031263e-01,6.730262084760602059e-01,6.713888491872718189e-01,4.071526822558458880e-01,4.461765664856349178e-01
4.588549220936950085e-02,2.857769969999999771e-01,1.539736742907684384e-02,6.062701100480257788e-01,0.000000000000000000e+00,6.024391752113616993e-02,9.379312210828215646e-01,6.593376441902434326e-01,3.999999976000001567e-01,1.751142974051765333e-01,9.696969696969697239e-01,7.976608187134502925e-01,1.638211887657942400e-01,6.404474321010087401e-01,5.822784810126582222e-01,3.523202829523702229e-01,5.549706263472077294e-01,8.449974915235121398e-02,2.084905418689761980e-01,4.610814874278511000e-01,2.147435881048035955e-01,5.498686746626986199e-01,5.317334303496484837e-01,2.576799633195781536e-01,2.829483972110979351e-01
3.291579627431425598e-02,4.761904759999999737e-01,1.333616229617992513e-03,3.673516325361860790e-01,0.000000000000000000e+00,8.950037112191337046e-03,8.156335398685030658e-01,5.227904029689471876e-01,1.000000000000000000e+00,6.940151581731307528e-02,7.272727272727272929e-01,5.181286549707603273e-01,2.730219524971126688e-02,5.088106108381602599e-01,3.164556962025316111e-01,1.635853027563873296e-01,3.235903201807909246e-01,1.726029797332132021e-02,8.507430656966799565e-02,3.464912790700580003e-01,8.653845982069773013e-02,3.031920878564841604e-01,2.882514974728116464e-01,1.210453920220082441e-01,1.187578111285223226e-01
7.660055010422538169e-02,1.696898239999999891e-01,1.647572523021300639e-01,8.200142224476153485e-01,0.000000000000000000e+00,3.146433431743514975e-01,9.903677047539165557e-01,7.928469193213514288e-01,1.000000000000000000e+00,4.044705739729782534e-01,1.000000000000000000e+00,9.929824561403509664e-01,4.402720945149896092e-01,7.844348844584045910e-01,8.607594936708861111e-01,6.399583543209825809e-01,8.043906331968794232e-01,3.078277808491409195e-01,4.658004376782257649e-01,6.480029345694189313e-01,4.743589737271531881e-01,7.608560614382871012e-01,7.278029702584358773e-01,4.818890417239797830e-01,6.009430189838067538e-01
1.147504510668412477e-02,2.453728189999999920e-01,1.585248693883505033e-02,6.131630951956176245e-01,0.000000000000000000e+00,6.429425215585073128e-02,9.250250277334344240e-01,6.421111884274424142e-01,3.999999976000001567e-01,1.603749740775480825e-01,9.393939393939394478e-01,6.959064327485380286e-01,1.433432916347766317e-01,6.204166895792571079e-01,5.189873417721518889e-01,2.777998810206454561e-01,4.755829127502668174e-01,7.784988294356263994e-02,1.905022575297694865e-01,4.353975858603454374e-01,1.955128199402325906e-01,4.978598464042822691e-01,4.930005327235165158e-01,2.315451627693718151e-01,2.257215957729651612e-01
1.579476669346388876e-02,2.913968550000000102e-01,5.158695231453682209e-03,4.555030410686530251e-01,0.000000000000000000e+00,3.939893190912455156e-02,9.313022538488596735e-01,6.210292878034431308e-01,1.000000000000000000e+00,1.150012315101487936e-01,9.393939393939394478e-01,7.824561403508772939e-01,9.214867708351305586e-02,6.017521157225289574e-01,5.189873417721518889e-01,2.713992768151955448e-01,5.120455599420689063e-01,5.309802401830893137e-02,1.419706439094960693e-01,4.206936927423191031e-01,1.474358964486768564e-01,4.926614269687981107e-01,4.707560775957278509e-01,1.971572673085740246e-01,2.259091889152690658e-01
5.508718925829047403e-02,2.650980390000000075e-01,1.086114221104197627e-02,5.780232867418698683e-01,0.000000000000000000e+00,4.360948348135115782e-02,8.889580345788576921e-01,5.877248066620277545e-01,3.999999976000001567e-01,1.324623967951730485e-01,9.393939393939394478e-01,6.619883040935673479e-01,1.058006085041914568e-01,5.832865463992418231e-01,4.810126582278480556e-01,2.195910476583722293e-01,4.312414672910152569e-01,5.592073467945942594e-02,1.587995201324622352e-01,4.012276490463433931e-01,1.602564095851002623e-01,4.542591686390433647e-01,4.491352987799332452e-01,1.962402567629527583e-01,1.826641739382360019e-01
1.774530653256527202e-02,2.545454549999999760e-01,1.123831283258522155e-02,5.463928059672826798e-01,0.000000000000000000e+00,3.707116436170837526e-02,9.159338726697151545e-01,6.179856644207215588e-01,1.000000000000000000e+00,1.211972088414371707e-01,8.181818181818182323e-01,6.257309941520468044e-01,8.532277551131406401e-02,5.799902872442768142e-01,3.797468354430379445e-01,2.087146035855384774e-01,4.087715617966046211e-01,5.156962753676997552e-02,1.360393158710074546e-01,4.005352897953483038e-01,1.410256414205292574e-01,4.030179860785155221e-01,3.938619856294583443e-01,1.783585511233379273e-01,1.679858703491466099e-01
4.472573273696583279e-02,2.560386470000000081e-01,6.991164561665661262e-03,4.839981439250319872e-01,0.000000000000000000e+00,4.112969252302275253e-02,9.379312210828215646e-01,6.408524408388633908e-01,3.999999976000001567e-01,1.154923480888536691e-01,9.393939393939394478e-01,7.345029239766082130e-01,8.873569422834344522e-02,6.027506326656242308e-01,4.303797468354430000e-01,2.575449857802209475e-01,4.849263799912830741e-01,5.634834570957909794e-02,1.380612875905322945e-01,4.196813367558376862e-01,1.442307673945389390e-01,4.922353270150699456e-01,4.719410625885165911e-01,1.898211829436038389e-01,2.150322601012419621e-01
1.816671980290961858e-02,1.991446139999999976e-01,5.894326323326360556e-02,7.058014456679837512e-01,6.948881789137380249e-02,1.194398649016168712e-01,9.408804350767067115e-01,6.770195120019462109e-01,3.999999976000001567e-01,2.518644642199509009e-01,1.000000000000000000e+00,8.058479532163743686e-01,2.286676705995960013e-01,6.650580275061408475e-01,6.202531645569621110e-01,3.837252344886661892e-01,5.846003453969721431e-01,1.358496013130651991e-01,2.671561407328354454e-01,4.939074390857476904e-01,2.756410247327826801e-01,5.967975925352614341e-01,5.774683939035640812e-01,3.090325538743695644e-01,3.341358463186993588e-01
4.585955226322703526e-02,2.070707069999999927e-01,1.767295398676689208e-02,5.319558400071014992e-01,0.000000000000000000e+00,4.908086548544119548e-02,9.234016071863416775e-01,6.222512629905581072e-01,3.999999976000001567e-01,1.264302902657644945e-01,9.090909090909091717e-01,6.573099415204678442e-01,8.532277551131406401e-02,5.874957233758495434e-01,4.177215189873417778e-01,2.067193001961998289e-01,4.274403445253549538e-01,5.735086159279578766e-02,1.360921131227056102e-01,4.039064216775687943e-01,1.410256414205292574e-01,4.518680155393326459e-01,4.409995712225355247e-01,1.811095827602017261e-01,1.780993823552995403e-01
2.293966989312298897e-03,2.508771929999999983e-01,2.096833885863307739e-02,6.358051172078325042e-01,0.000000000000000000e+00,8.277534266502156735e-02,9.480234854839146852e-01,6.697612056821846682e-01,1.000000000000000000e+00,1.943476721111356553e-01,1.000000000000000000e+00,9.017543859649123084e-01,1.911249874690108264e-01,6.548474169992528626e-01,5.949367088607595555e-01,3.784843356706841799e-01,6.234764775918915092e-01,1.042134598636190596e-01,2.360848173027631225e-01,4.802499166276191223e-01,2.403846143776503796e-01,5.887842502804603306e-01,5.642594493457895322e-01,2.847317744154057584e-01,3.275618857321405120e-01
7.234085621332656674e-03,3.632183909999999738e-01,2.400621322542475719e-03,3.624120551439605764e-01,0.000000000000000000e+00,1.177521145046729611e-02,9.083308531074976155e-01,5.982445421270290442e-01,3.999999976000001567e-01,7.394874463437783874e-02,7.575757575757575690e-01,5.742690058479532622e-01,3.412809682191025179e-02,5.568867003889914624e-01,3.417721518987341667e-01,1.832475934266752371e-01,3.649186903667008819e-01,2.623755509606663303e-02,8.921002873588951276e-02,3.768014396301055391e-01,9.294871792897353713e-02,3.563726909876530624e-01,3.454400166313683629e-01,1.302154974782209762e-01,1.388491928712907164e-01
1.947846629735869028e-01,3.340067340000000273e-01,1.447004823862330959e-02,5.503908541153486045e-01,0.000000000000000000e+00,3.994136373699837261e-02,9.410698341405341338e-01,6.395965218965509180e-01,1.000000000000000000e+00,1.468552610522612933e-01,9.696969696969697239e-01,7.578947368421052877e-01,1.194524757867296422e-01,6.172112775449059008e-01,5.063291139240506666e-01,3.051176435722782188e-01,5.098786616428562235e-01,5.887874677396193884e-02,1.715696252503672026e-01,4.355376108968290194e-01,1.730769227215236405e-01,5.233938861314452184e-01,5.032626067071189757e-01,2.159559834938101774e-01,2.407247104960028028e-01
7.166104117179383781e-02,2.462789890000000037e-01,4.500789908445887444e-02,7.055452673775950423e-01,0.000000000000000000e+00,1.290942663616427843e-01,9.821423739819801213e-01,7.518739781515362264e-01,1.000000000000000000e+00,2.780259047261108285e-01,1.000000000000000000e+00,9.789473684210526772e-01,3.003401822818771993e-01,7.268832153133109042e-01,7.974683544303797778e-01,5.805694903887637093e-01,7.520310396768473682e-01,1.805354331372124033e-01,3.345151724675119453e-01,5.757236069745590434e-01,3.429487163889094470e-01,7.061095409771670495e-01,6.551979522627756625e-01,3.736817973406693638e-01,5.145368037438937669e-01
1.639900669960078772e-01,1.517241380000000084e-01,1.920707097973883004e-01,8.639740985609617452e-01,0.000000000000000000e+00,4.137432516432654195e-01,9.954544224681404208e-01,8.411856553690535421e-01,1.000000000000000000e+00,4.683576265805878824e-01,1.000000000000000000e+00,9.263157894736843145e-01,5.290094563349786450e-01,8.299689262920155741e-01,8.481012658227848888e-01,7.263456469136326810e-01,8.166072475681527276e-01,4.070981950649937287e-01,5.476836635605332182e-01,7.087681902391516076e-01,5.576923075738411395e-01,8.157157646996161526e-01,7.853215181320893912e-01,5.625859697386519365e-01,6.791859797672896715e-01
2.113013694074473633e-02,2.083916080000000060e-01,9.291031560550810919e-02,6.031877304295499842e-01,0.000000000000000000e+00,7.967854050039435698e-02,9.629860115262859344e-01,6.790108789735407324e-01,1.000000000000000000e+00,1.927726778534313568e-01,1.000000000000000000e+00,8.678362573099415167e-01,1.569952230554550465e-01,6.405819490586575071e-01,5.696202531645570000e-01,3.288307393393186673e-01,5.894834021272832292e-01,9.731141666708044424e-02,2.023237935241736785e-01,4.647143540347670743e-01,2.083333330766559688e-01,5.758248196565235455e-01,5.463456466094096520e-01,2.567629527739568873e-01,2.905200433770262491e-01
1.457015735570406107e-03,2.434607649999999957e-01,5.656386572673116619e-02,6.180473948289982866e-01,0.000000000000000000e+00,7.622634888993690128e-02,9.625530993803945723e-01,6.836838026057490136e-01,1.000000000000000000e+00,1.934341109841656581e-01,1.000000000000000000e+00,8.467836257309941939e-01,1.740600731931628287e-01,6.519348473706019220e-01,5.822784810126582222e-01,3.472082662236917749e-01,5.827995968230945678e-01,9.803296928669058552e-02,2.185645552395223956e-01,4.712360812787496633e-01,2.243589752672172644e-01,5.801257660644676406e-01,5.606148408975741848e-01,2.673085740486015327e-01,2.964516163154486961e-01
1.279648582459541519e-03,2.309612980000000093e-01,3.567553109219801649e-02,6.686244199449132841e-01,0.000000000000000000e+00,1.147168994078400922e-01,9.636083227360048298e-01,7.040755135407297249e-01,1.000000000000000000e+00,2.346575341956342597e-01,1.000000000000000000e+00,9.192982456140351699e-01,2.389066191651048332e-01,6.879265070383888681e-01,7.088607594936708889e-01,4.595343471413801950e-01,6.711151127678381956e-01,1.409073342012180652e-01,2.790067406604654909e-01,5.212581393103064009e-01,2.852564088150682520e-01,6.399541942549742402e-01,6.060288710159427161e-01,3.241632278771205966e-01,4.072621907864596436e-01
1.812143575163099873e-02,1.813074570000000052e-01,5.519386895283912714e-02,7.155065964879757656e-01,0.000000000000000000e+00,1.407545913754358891e-01,9.600909115506373048e-01,6.978949214484932995e-01,1.000000000000000000e+00,2.435319686275424222e-01,1.000000000000000000e+00,8.608187134502924831e-01,2.354936363099352226e-01,6.772558324073563174e-01,6.329113924050633333e-01,3.646062532835761538e-01,6.063878063065585300e-01,1.424972426643763279e-01,2.765657247778711136e-01,4.961902710052060184e-01,2.820512828410585149e-01,5.976691000968711309e-01,5.925990410976702538e-01,3.154516276937184283e-01,3.379074947536675477e-01
1.097476442316432793e-01,2.259056730000000013e-01,4.444911151017112705e-02,6.782392000735804061e-01,0.000000000000000000e+00,8.643852246849634269e-02,9.270001893990639230e-01,6.490753155354911375e-01,1.000000000000000000e+00,2.173283828319428346e-01,1.000000000000000000e+00,8.432748538011696215e-01,1.945379703241804370e-01,6.428647739848805109e-01,5.822784810126582222e-01,3.372261663300734624e-01,5.789503557641579867e-01,1.055962250592415025e-01,2.460567143080052699e-01,4.662189546554231234e-01,2.435897434317882970e-01,5.626390234321685391e-01,5.494159531203305358e-01,2.796882164144887106e-01,3.017812771109839587e-01
6.586584658007306123e-03,3.046007399999999810e-01,8.265516774750222839e-03,5.374393596035047516e-01,0.000000000000000000e+00,5.397033519920644423e-02,9.486187396845153774e-01,6.632270328066394161e-01,1.000000000000000000e+00,1.526053660126255318e-01,1.000000000000000000e+00,8.374269005847954084e-01,1.433432916347766317e-01,6.405032310974949628e-01,5.949367088607595555e-01,3.683586490010811176e-01,5.794824517549393983e-01,7.553828462279908729e-02,1.891058239912681849e-01,4.617253240347065080e-01,1.955128199402325906e-01,5.762662325773387773e-01,5.461910268570611127e-01,2.425492893168271213e-01,3.018987232156701284e-01
1.272499023372112847e-01,2.266445549999999975e-01,5.328391236065372488e-02,7.623321250289788464e-01,0.000000000000000000e+00,1.796707867314040752e-01,9.853892150761656143e-01,7.743532300311717353e-01,1.000000000000000000e+00,3.364504319954146894e-01,1.000000000000000000e+00,1.000000000000000000e+00,3.924904628188956024e-01,7.811112323688220727e-01,8.734177215189873333e-01,6.839946898149610321e-01,8.132259787962030639e-01,2.514482708414898515e-01,4.222871850126052595e-01,6.367305553534012841e-01,4.294871792897353990e-01,7.653946917266701844e-01,7.237165910892247034e-01,4.438331040806968719e-01,6.231031868335620283e-01
7.959533905726698388e-02,1.742424240000000069e-01,6.542604540977770000e-02,7.835054359783427680e-01,0.000000000000000000e+00,2.025261667176591618e-01,9.662057956113532242e-01,7.293579538704366705e-01,1.000000000000000000e+00,3.208685747491952789e-01,1.000000000000000000e+00,8.994152046783626675e-01,3.447088311228015955e-01,7.319911445663351834e-01,7.088607594936708889e-01,5.102385275368304107e-01,6.951076466147572130e-01,2.240947752508601898e-01,3.813037390457630349e-01,5.722373431675131794e-01,3.846153848523175545e-01,6.796813571283526478e-01,6.617361589335134520e-01,4.044016506189820892e-01,4.654584449743864316e-01
2.792507257642196095e-02,3.300699300000000114e-01,1.218220660333037449e-02,5.491195567002223887e-01,0.000000000000000000e+00,4.663018830469078946e-02,9.695608647420115300e-01,6.958469815515690993e-01,1.000000000000000000e+00,1.641172278663166617e-01,1.000000000000000000e+00,9.169590643274854180e-01,1.569952230554550465e-01,6.536141665770758280e-01,5.949367088607595555e-01,4.161941053178271344e-01,6.364932954634721085e-01,7.983699807256287861e-02,2.036999943292241433e-01,4.806559394195824564e-01,2.083333330766559688e-01,6.043129304691426951e-01,5.626911632862544588e-01,2.595139844108206861e-01,3.374122864012771283e-01
5.766860189011305954e-02,1.670128070000000131e-01,1.279300516660882570e-01,7.624310708283934535e-01,0.000000000000000000e+00,1.802505169204733082e-01,9.760545469303824051e-01,7.336603248417372658e-01,1.000000000000000000e+00,3.016611070005681960e-01,1.000000000000000000e+00,8.795321637426900541e-01,3.003401822818771993e-01,7.100637832527669779e-01,6.962025316455696666e-01,4.453839398980500852e-01,6.559896961817237582e-01,1.946253571118138348e-01,3.370850398970323680e-01,5.432461379913460231e-01,3.429487163889094470e-01,6.504236032743118123e-01,6.339487805828775135e-01,3.695552498853736378e-01,4.067987161071081048e-01
2.650314228082630008e-02,2.259770789999999974e-01,2.546541377494463548e-02,6.399961910740108451e-01,0.000000000000000000e+00,1.124450358797027122e-01,9.723206796720691436e-01,7.103126785582956071e-01,1.000000000000000000e+00,2.082933004732296645e-01,1.000000000000000000e+00,9.532163742690058506e-01,2.150158033170578298e-01,6.840080955566167908e-01,6.835443037974683334e-01,4.245654306672088651e-01,6.734800702152550222e-01,1.270933114783355244e-01,2.596113058186858558e-01,5.075594108589964737e-01,2.628205115963593297e-01,6.265533507102221122e-01,6.010589504047398890e-01,3.058230169646951047e-01,3.800367272049052225e-01
3.441310760998204064e-03,2.455590390000000067e-01,2.231577090219441159e-02,6.548873494749749558e-01,0.000000000000000000e+00,1.043871512201718782e-01,9.729159338726698358e-01,7.159020835808398431e-01,1.000000000000000000e+00,2.191862463558270080e-01,1.000000000000000000e+00,9.403508771929824928e-01,2.320806534547656119e-01,6.921335513821329499e-01,7.215189873417722222e-01,4.651868074095908412e-01,6.818216645647858787e-01,1.338544477491235007e-01,2.722047418002919161e-01,5.218084115788594879e-01,2.788461537869206253e-01,6.439495471023538586e-01,6.113080311318425109e-01,3.177441540577716217e-01,4.166139507693991106e-01
1.785244737849130472e-02,2.697115379999999729e-01,1.943050797263690815e-02,5.789453524631626991e-01,0.000000000000000000e+00,6.791173593440699707e-02,9.729159338726698358e-01,6.944835740511308142e-01,1.000000000000000000e+00,1.683991892733792961e-01,1.000000000000000000e+00,8.385964912280702288e-01,1.535822402002854359e-01,6.489435597807886591e-01,5.569620253164557777e-01,3.555661683895591230e-01,5.789096270441591585e-01,8.621191024255217550e-02,1.979387900111440890e-01,4.690229193410090924e-01,2.051282040225180514e-01,5.849699899134152004e-01,5.568377012330599785e-01,2.480513525905547745e-01,2.989285144481111378e-01
3.153870661211443521e-02,3.578947370000000183e-01,1.345574547494174118e-03,3.336403814167461235e-01,0.000000000000000000e+00,5.106425455958211665e-03,7.723693822884819538e-01,4.957202581988311429e-01,1.000000000000000000e+00,5.114244103781041134e-02,5.151515151515151381e-01,3.883040935672514293e-01,0.000000000000000000e+00,4.704058801244289656e-01,2.151898734177215000e-01,9.932981677215980965e-02,2.371079048522382882e-01,1.405588291601232546e-02,6.043706737292908054e-02,3.186245025203368608e-01,6.089743662797912627e-02,1.961231562022510144e-01,1.863765705598794398e-01,8.436497019715726020e-02,7.787711236509968493e-02
1.688152849691536284e-02,3.368983959999999889e-01,3.207928681295617226e-03,4.255707182330443761e-01,0.000000000000000000e+00,1.789493342547495910e-02,8.722368029438026804e-01,5.688747079422729058e-01,3.999999976000001567e-01,8.582082475604385641e-02,8.484848484848485084e-01,5.812865497076024068e-01,4.778002824258865966e-02,5.478280692624448722e-01,3.670886075949366667e-01,1.815044302772708673e-01,3.693231842561980893e-01,3.038576932725764804e-02,1.029048991324976320e-01,3.719585417755972290e-01,1.057692310653969570e-01,3.853428273729272990e-01,3.721522030066395925e-01,1.458046767537826693e-01,1.396801190949951144e-01
4.573727978205123501e-02,4.777183600000000085e-01,4.762971631440774192e-03,3.876416559973759890e-01,0.000000000000000000e+00,9.800479298464222916e-03,9.009984036364621085e-01,5.941316904555817846e-01,1.000000000000000000e+00,8.567393602667353059e-02,8.787878787878788955e-01,6.807017543859649189e-01,4.778002824258865966e-02,5.632528100864628851e-01,3.797468354430379445e-01,2.410227348517013368e-01,4.345526186449559236e-01,2.448450425826965635e-02,1.027550158254023904e-01,3.878144246991633293e-01,1.057692310653969570e-01,4.244674582804869312e-01,4.009095279549914070e-01,1.471801925722145965e-01,1.717480301966452239e-01
7.676079024161396036e-02,2.008469449999999989e-01,2.714430445103539410e-02,6.270000819566510231e-01,0.000000000000000000e+00,6.726426791782333381e-02,9.445601883167835666e-01,6.580477814927332414e-01,1.000000000000000000e+00,1.705919838915745668e-01,9.090909090909091717e-01,6.842105263157894912e-01,1.296914243522384325e-01,6.152716737900756350e-01,4.430379746835442778e-01,2.473838788515471954e-01,4.602937642826174791e-01,7.910907886221110741e-02,1.803124108928370606e-01,4.308667768386909569e-01,1.826923068038091569e-01,4.799373499911783747e-01,4.728603354858828545e-01,2.187070151306740318e-01,2.132439867841035563e-01
5.026529691926557783e-03,3.948948950000000235e-01,2.625938892819795062e-03,3.800453182382454442e-01,0.000000000000000000e+00,1.506163089179559343e-02,9.251061987607890336e-01,6.192019823153036562e-01,1.000000000000000000e+00,8.997473885725032483e-02,9.090909090909091717e-01,7.520467836257310745e-01,5.801897680809745689e-02,5.826617872960171418e-01,3.924050632911392222e-01,2.703516628237889186e-01,4.874694402199044041e-01,3.347431884089343418e-02,1.105762196526676039e-01,4.059554174543268945e-01,1.153846151476824317e-01,4.654898984350813174e-01,4.355618933773371948e-01,1.581843191196698473e-01,2.043173223707651920e-01
4.567949688920184270e-01,1.324306030000000078e-01,3.255734035403831106e-01,9.122402896130183958e-01,0.000000000000000000e+00,5.104587229990910080e-01,9.968343299331692275e-01,8.786850189236437014e-01,1.000000000000000000e+00,5.841037141032147106e-01,1.000000000000000000e+00,9.333333333333333481e-01,6.518765825685233217e-01,8.752493205738927085e-01,8.860759493670886666e-01,8.196870738398120970e-01,8.717041811347068236e-01,5.453105954903549879e-01,6.666191242023984387e-01,7.864480832055591453e-01,6.730769227215236405e-01,8.751027799693075204e-01,8.425308265010459374e-01,6.753782668500687425e-01,7.793660067030944161e-01
8.261240975891813443e-02,1.728551779999999982e-01,1.422161418474563732e-01,7.859330931970817113e-01,0.000000000000000000e+00,2.822315258672734584e-01,9.933980897751563122e-01,8.030611609895734748e-01,1.000000000000000000e+00,3.639275492724918237e-01,1.000000000000000000e+00,9.216374269005848108e-01,4.027294113844043788e-01,7.760995137320789716e-01,8.481012658227848888e-01,6.461702647433194002e-01,7.699551267718438563e-01,2.919712752503686448e-01,4.235734377622624169e-01,6.392267915987204230e-01,4.391025633720209154e-01,7.645345024450813654e-01,7.172888270987357595e-01,4.534617148097203065e-01,5.796245470758077944e-01
9.226694732062527479e-03,4.384236449999999730e-01,1.369106494711917624e-03,3.280739743610197601e-01,0.000000000000000000e+00,9.919892374729811016e-03,8.911225953083147244e-01,5.683118073352455557e-01,3.999999976000001567e-01,6.973681878182513838e-02,7.878787878787879562e-01,6.374269005847953418e-01,3.071517810488086711e-02,5.481356678665589843e-01,3.291139240506328889e-01,2.059013423635391860e-01,4.016440992680247457e-01,2.168456863162158618e-02,8.690643576876548593e-02,3.750025511005062318e-01,8.974358887483563363e-02,3.687325856610707553e-01,3.492204046100074177e-01,1.256304447501145893e-01,1.556122316154747165e-01
3.637772596686160431e-02,2.598101270000000018e-01,1.957549158578461915e-02,6.389930043866701714e-01,0.000000000000000000e+00,8.449047959056778245e-02,9.553018209367137858e-01,6.890638878045745042e-01,1.000000000000000000e+00,2.027231806901192424e-01,1.000000000000000000e+00,9.649122807017543879e-01,2.047768547515490256e-01,6.686930541251026039e-01,6.455696202531645556e-01,4.068059669180242310e-01,6.666441111955362375e-01,1.107112348705283911e-01,2.484561226219664798e-01,4.925806250112003126e-01,2.532051275140738134e-01,6.046637971497907937e-01,5.817314813611735858e-01,2.989454378725355244e-01,3.518792445500431021e-01
1.834081674913500340e-02,1.859410430000000003e-01,5.210843609206744498e-02,7.258584011460844643e-01,0.000000000000000000e+00,1.747363184166227379e-01,9.679374441949187835e-01,7.110085255398470583e-01,1.000000000000000000e+00,2.599540046144134253e-01,1.000000000000000000e+00,9.754385964912281048e-01,2.696234007234910579e-01,6.976263251265379939e-01,6.582278481012658888e-01,4.331521353736436097e-01,6.954779854405896966e-01,1.675538882241341121e-01,3.042169971874958412e-01,5.272720411993474521e-01,3.141025641420528980e-01,6.366718930489115857e-01,6.182438314514766553e-01,3.434204493351673548e-01,4.042695177024294706e-01
1.934227603738722032e-02,2.190923320000000007e-01,1.802191045207101813e-02,6.257823267367751408e-01,0.000000000000000000e+00,9.249277548449937048e-02,9.465353499824130656e-01,6.671390505931671377e-01,1.000000000000000000e+00,1.824649317103761159e-01,1.000000000000000000e+00,8.959064327485380952e-01,1.774730560483324115e-01,6.503342461252907825e-01,6.075949367088607778e-01,3.407942563718793227e-01,6.079175860883280214e-01,1.026103622255732234e-01,2.232266306076760298e-01,4.683984460494644009e-01,2.275641012412269737e-01,5.736290733324678204e-01,5.586268726530930762e-01,2.705181109582759924e-01,3.084822408993553311e-01
1.698767165260514633e-02,2.858141160000000069e-01,1.510813660654768825e-02,5.543745468065003346e-01,0.000000000000000000e+00,4.654105807737742018e-02,9.088449362807435872e-01,6.173775054734305101e-01,1.000000000000000000e+00,1.395932558116184941e-01,9.696969696969697239e-01,7.461988304093567503e-01,1.160394929315600454e-01,5.989676550216631590e-01,4.810126582278480556e-01,2.578438302529792447e-01,4.886428438286262721e-01,5.962677978343488422e-02,1.657812815083874458e-01,4.176017884913654776e-01,1.698717936673857509e-01,4.930412551306761482e-01,4.805802788352845356e-01,2.099954149472718634e-01,2.188462749079874703e-01
8.132272884686074510e-02,1.345755690000000060e-01,1.001589906722482742e-01,7.432156518545237622e-01,0.000000000000000000e+00,1.259013375019464864e-01,9.461565518547581100e-01,6.843541917709023981e-01,1.000000000000000000e+00,2.436648502460107835e-01,8.181818181818182323e-01,6.514619883040936310e-01,1.706470903379932458e-01,6.031720449720092692e-01,4.303797468354430000e-01,2.244453165621066448e-01,4.396034257466606698e-01,1.074663152119574722e-01,2.192838189558085349e-01,4.377863679555748511e-01,2.211538462130793747e-01,4.297877156714902114e-01,4.179280953185297021e-01,2.448418156808803148e-01,1.821210499318658138e-01
3.008978325290471902e-03,2.389937109999999976e-01,1.726652505439056282e-02,5.641295574389982859e-01,0.000000000000000000e+00,5.211913779500735450e-02,9.574663816661707072e-01,6.704174516160057440e-01,1.000000000000000000e+00,1.449510377099935687e-01,9.696969696969697239e-01,7.918128654970760794e-01,1.160394929315600454e-01,6.168530458801593230e-01,4.683544303797468333e-01,2.764427461966247890e-01,5.240203560752280110e-01,7.060090601556985590e-02,1.656161458216011961e-01,4.366880305220241509e-01,1.698717936673857509e-01,5.266235906244695064e-01,5.025122461442511623e-01,2.113709307657037906e-01,2.294187742109701778e-01
1.030221034946206815e-01,1.635087719999999967e-01,3.974721742692698123e-02,6.274612195697066852e-01,0.000000000000000000e+00,1.458438209816411701e-01,9.730241619091426486e-01,7.152005793067552908e-01,1.000000000000000000e+00,2.049971669688525344e-01,1.000000000000000000e+00,8.701754385964912686e-01,1.911249874690108264e-01,6.688417437198681537e-01,6.455696202531645556e-01,3.690622738561400440e-01,6.153892672586576129e-01,1.301929858998344403e-01,2.302182367770554960e-01,4.913611960483735275e-01,2.403846143776503796e-01,6.084780575168359240e-01,5.819302781856215967e-01,2.819807427785419041e-01,3.345726912944450571e-01
7.977326048273131187e-02,1.498978549999999965e-01,5.216188581617761666e-02,6.887060263785613756e-01,7.108626198083066450e-02,1.917852998730879277e-01,9.603344246327011335e-01,6.938046989471780002e-01,1.000000000000000000e+00,2.411246049034061756e-01,1.000000000000000000e+00,8.982456140350877360e-01,2.354936363099352226e-01,6.852500923063531424e-01,6.582278481012658888e-01,3.785993815926847472e-01,6.365344329381255051e-01,1.539506404708340936e-01,2.746501549597579195e-01,5.037018080745201409e-01,2.820512828410585149e-01,6.107756683610797710e-01,6.026493250003248647e-01,3.154516276937184283e-01,3.610144729116379625e-01
1.324594527602541462e-02,3.314393939999999983e-01,7.479345303199193273e-03,4.309677689465265527e-01,0.000000000000000000e+00,2.024640843305896415e-02,8.554614572905111514e-01,5.533143248304226436e-01,1.000000000000000000e+00,9.016773949153691903e-02,7.575757575757575690e-01,5.614035087719299044e-01,4.436704538741905596e-02,5.321189020808021475e-01,3.417721518987341667e-01,1.720960384574463098e-01,3.556826301391265988e-01,2.901070477383767970e-02,1.001917589794797114e-01,3.652694453443466327e-01,1.025641020112590396e-01,3.369678327823993902e-01,3.213531177318971754e-01,1.357175607519486293e-01,1.407619276819735699e-01
3.163293291220458520e-02,2.750922149999999733e-01,3.961526925955238809e-02,6.799146608791079016e-01,0.000000000000000000e+00,1.121276538380724663e-01,9.780026515868937009e-01,7.394392491641350595e-01,1.000000000000000000e+00,2.594080991594370222e-01,1.000000000000000000e+00,1.000000000000000000e+00,2.798622851508596465e-01,7.174982690698119558e-01,7.848101265822785555e-01,5.696449432531655033e-01,7.521851686167331241e-01,1.565976964822171080e-01,3.178553238930094671e-01,5.621871353307708041e-01,3.237179482243384698e-01,6.923238759117040786e-01,6.432922313319386909e-01,3.599266391563502587e-01,5.019086242312736923e-01
2.615444954325741016e-03,3.780841799999999919e-01,1.442151153665527895e-02,4.832435443339851977e-01,0.000000000000000000e+00,3.555512584600402370e-02,9.328986173868341059e-01,6.408524408388633908e-01,1.000000000000000000e+00,1.338344738798990796e-01,1.000000000000000000e+00,1.000000000000000000e+00,1.126265742145306503e-01,6.123309017381335373e-01,5.316455696202532222e-01,3.448580739277454232e-01,6.442706128983162195e-01,5.272909430219224758e-02,1.613597836593908541e-01,4.396901225815281200e-01,1.666666646132478335e-01,5.494192723677508994e-01,5.105180411366501136e-01,2.177900045850527100e-01,2.741847720790592802e-01
1.426137222758511527e-02,2.411881190000000064e-01,6.469970949201153676e-02,6.951876502738234542e-01,8.067092651757187816e-02,1.262931178401580923e-01,9.758110338483184654e-01,7.336603248417372658e-01,1.000000000000000000e+00,2.746185820316534021e-01,1.000000000000000000e+00,1.000000000000000000e+00,2.764493664338302237e-01,7.123116218556246881e-01,7.594936708860760000e-01,5.255828070582881928e-01,7.395339211051946693e-01,1.623522073448658842e-01,3.134391832049148174e-01,5.522044109066801543e-01,3.205128191702005247e-01,6.767046494828544700e-01,6.368202902693501644e-01,3.512150389729481459e-01,4.678912091861256450e-01
2.410402982606046560e-02,2.776470589999999738e-01,1.076546467693153403e-02,5.355010968872797594e-01,0.000000000000000000e+00,4.200506497325694200e-02,8.917449065180336198e-01,6.017888358989156306e-01,1.000000000000000000e+00,1.314336798626460356e-01,9.696969696969697239e-01,7.450292397660819299e-01,1.058006085041914568e-01,5.870673610165215717e-01,4.683544303797468333e-01,2.516000943649397414e-01,4.860091309574732232e-01,5.631880626054949074e-02,1.557880041858747122e-01,4.101145026538979832e-01,1.602564095851002623e-01,4.838904257337740544e-01,4.660232839156477902e-01,2.031178358551122831e-01,2.154006570788589703e-01
3.118028639474212937e-01,1.659137209999999862e-01,1.868465625595442936e-01,8.855884515845854343e-01,0.000000000000000000e+00,3.922590629699543863e-01,9.919099542736546926e-01,8.605618822943714719e-01,1.000000000000000000e+00,5.469421051398536404e-01,1.000000000000000000e+00,1.000000000000000000e+00,6.587024841407222997e-01,9.024857797137355586e-01,1.000000000000000000e+00,9.570125620985975301e-01,9.581323143529000275e-01,5.492648601301686195e-01,6.686592337321225488e-01,8.272323882579142307e-01,6.794871808297994198e-01,9.342634296385806669e-01,8.769226771305692614e-01,6.790463090325538076e-01,9.141776788632306472e-01
1.381601439157080329e-02,3.788235289999999922e-01,4.655709476887781063e-03,4.582344645176996134e-01,0.000000000000000000e+00,3.302408059594599127e-02,9.550853648637680493e-01,6.612809241753081491e-01,1.000000000000000000e+00,1.232397678984536726e-01,1.000000000000000000e+00,8.830409356725146264e-01,1.058006085041914568e-01,6.247333735409970057e-01,5.316455696202532222e-01,3.503836875997606848e-01,5.869922400300110477e-01,5.200802793828994408e-02,1.548712784884556382e-01,4.445220504161997988e-01,1.602564095851002623e-01,5.611450104694090113e-01,5.263113444122500262e-01,2.141219624025676449e-01,2.754749253833923550e-01
7.259027877238872183e-03,2.622574060000000262e-01,1.615503897576303985e-02,6.355176316611702569e-01,0.000000000000000000e+00,1.055455051752378637e-01,9.602261965962283208e-01,6.904159807199472532e-01,1.000000000000000000e+00,2.174472573395092312e-01,1.000000000000000000e+00,9.684210526315789602e-01,2.354936363099352226e-01,6.921772840330575605e-01,7.468354430379746667e-01,4.953272951664155488e-01,7.063482691190720031e-01,1.317002948298846843e-01,2.757596691333308869e-01,5.264597265428023753e-01,2.820512828410585149e-01,6.505933774746254228e-01,6.114405623481412588e-01,3.264557542411737345e-01,4.445261962567090830e-01
5.565393273971502679e-03,2.383771929999999872e-01,4.096654818845992668e-02,6.652433979187123425e-01,0.000000000000000000e+00,1.500660857605657372e-01,9.858762412402933828e-01,7.423470975260659799e-01,1.000000000000000000e+00,2.445560991609244950e-01,1.000000000000000000e+00,9.672514619883041398e-01,2.593844521579822260e-01,7.098713610070763735e-01,7.594936708860760000e-01,5.235927299553929659e-01,7.224290743064747389e-01,1.572336850193184754e-01,2.938618521791024341e-01,5.498890512940639574e-01,3.044871800597674372e-01,6.805075915698787226e-01,6.337058066863298089e-01,3.420449335167353722e-01,4.648437626314679827e-01
4.079422350655748097e-02,2.486002240000000085e-01,2.884680401205082234e-02,6.836453645384601430e-01,0.000000000000000000e+00,1.201799497433521657e-01,9.642035769366055220e-01,7.013232407234546439e-01,1.000000000000000000e+00,2.396978628991422722e-01,1.000000000000000000e+00,9.567251461988304229e-01,2.559714693028126153e-01,6.978712253375851660e-01,6.962025316455696666e-01,4.798238564160428044e-01,6.961895805794079406e-01,1.433515529916380427e-01,2.952486484039061887e-01,5.297725199409617503e-01,3.012820510056295475e-01,6.471299837882282802e-01,6.185751594922235252e-01,3.415864282439247668e-01,4.276322629622051896e-01
8.917798749472886921e-02,1.702555510000000050e-01,1.748827601239690832e-01,8.210168938348033629e-01,0.000000000000000000e+00,3.208378347558598076e-01,9.985659785167347868e-01,8.304481141415340772e-01,1.000000000000000000e+00,4.154763204831933843e-01,1.000000000000000000e+00,9.847953216374270013e-01,4.607499916460072176e-01,8.060648665824419190e-01,8.481012658227848888e-01,7.030958764593504551e-01,8.295052508709247485e-01,3.404600561919776669e-01,4.812380284881079828e-01,6.769072438056578100e-01,4.935897449718524288e-01,7.981724306672126623e-01,7.551044008159765175e-01,5.038972948188904510e-01,6.552875163950460102e-01
8.125521847420793392e-03,3.684210529999999983e-01,1.966571753380445126e-03,3.933757678671110369e-01,0.000000000000000000e+00,2.227519098153882965e-02,9.061933493871587864e-01,5.877248066620277545e-01,1.000000000000000000e+00,9.266633537163657119e-02,9.696969696969697239e-01,7.497076023391813226e-01,6.484487838029645568e-02,5.789066605201911297e-01,4.683544303797468333e-01,2.434277862636911871e-01,4.777128626753234242e-01,3.530042996966862440e-02,1.185429102262851309e-01,3.978027883188633429e-01,1.217948701758300445e-01,4.780901401136488094e-01,4.560756467393423108e-01,1.701054562127464198e-01,2.009129884608363004e-01
3.918101382177881925e-02,3.723905719999999753e-01,5.146747904678489367e-03,5.097841954123782937e-01,0.000000000000000000e+00,2.973642001093530426e-02,9.240780324142969793e-01,6.314867930505818627e-01,1.000000000000000000e+00,1.380351196696900373e-01,9.696969696969697239e-01,7.625730994152046804e-01,1.194524757867296422e-01,6.147036538654262472e-01,5.443037974683544444e-01,3.448353386241664875e-01,5.244654096664516096e-01,5.561834116422461477e-02,1.685405028610410250e-01,4.394550469345694377e-01,1.730769227215236405e-01,5.303036960842080205e-01,5.002182867091978791e-01,2.214580467675377751e-01,2.569131998542334427e-01
2.144912068016755977e-02,2.174335079999999976e-01,3.191913548044344323e-02,7.174010750314335771e-01,0.000000000000000000e+00,1.474637101311385701e-01,9.688844395140562282e-01,7.089209845951927047e-01,1.000000000000000000e+00,2.563337242515523751e-01,1.000000000000000000e+00,8.970760233918129156e-01,2.798622851508596465e-01,7.126177473727153266e-01,6.962025316455696666e-01,4.732786056204075220e-01,6.685604738654423729e-01,1.643541563612331557e-01,3.196291533300844034e-01,5.387062633467147865e-01,3.237179482243384698e-01,6.519062979570504623e-01,6.373062380624455736e-01,3.447959651535992265e-01,4.302724949676917099e-01
1.131142390793935144e-02,1.862626259999999867e-01,4.593939489328827813e-02,7.208890974127761808e-01,0.000000000000000000e+00,1.616374016092822496e-01,9.658269974836982685e-01,7.250810407155343640e-01,1.000000000000000000e+00,2.612722844767371710e-01,1.000000000000000000e+00,8.619883040935673035e-01,2.730363835786606685e-01,7.019733127374885306e-01,6.962025316455696666e-01,4.597528306819078092e-01,6.500651965705144253e-01,1.754352897882790474e-01,3.074237859840057152e-01,5.357598264799912080e-01,3.173076931961908431e-01,6.498803258333083477e-01,6.238322310720735286e-01,3.438789546079779602e-01,4.018783594052770525e-01
3.081033731241760668e-03,3.237742829999999961e-01,5.648074002995031630e-03,5.177268983258747070e-01,0.000000000000000000e+00,2.939617190150634052e-02,8.783787440136368030e-01,5.941316904555817846e-01,1.000000000000000000e+00,1.190026788289708370e-01,9.393939393939394478e-01,6.888888888888888840e-01,9.214867708351305586e-02,5.768415779159199452e-01,4.556962025316455556e-01,2.382576099377423373e-01,4.482371024625759204e-01,4.551176387488946318e-02,1.469038043960092244e-01,3.981179750272560436e-01,1.474358964486768564e-01,4.538969836783743883e-01,4.411730311968088958e-01,1.916552040348463715e-01,1.926895003141305129e-01
2.647082820261891303e-02,2.493415280000000067e-01,1.418272986766626505e-02,5.821625802374421621e-01,0.000000000000000000e+00,7.303188820575531870e-02,9.547065667361130936e-01,6.770195120019462109e-01,1.000000000000000000e+00,1.705668206746444870e-01,1.000000000000000000e+00,8.198830409356725468e-01,1.638211887657942400e-01,6.499319089787913839e-01,6.075949367088607778e-01,3.710970328247175098e-01,5.787175621179395657e-01,9.448876791250604423e-02,2.089903264015452178e-01,4.731729098860841254e-01,2.147435881048035955e-01,5.880825169191642443e-01,5.582513675402466236e-01,2.590554791380100808e-01,3.103260755481745403e-01
1.552954737232779651e-02,2.186088529999999919e-01,3.590671791040353500e-02,6.642906867195979004e-01,0.000000000000000000e+00,1.233807333870899081e-01,9.601991395871101176e-01,6.877146235354685277e-01,1.000000000000000000e+00,2.117774763425475104e-01,1.000000000000000000e+00,9.941520467836257868e-01,2.116028204618882191e-01,6.711333149736506964e-01,6.202531645569621110e-01,3.792709293830858752e-01,6.752065127783960508e-01,1.217623799906135673e-01,2.553578515339129940e-01,4.912530405392618316e-01,2.596153856223496481e-01,5.993442055399651469e-01,5.848017878720943585e-01,2.943603851444291375e-01,3.455309410711172591e-01
6.668384171932623117e-02,3.611111109999999846e-01,8.045485924048678726e-04,2.233337385277131548e-01,0.000000000000000000e+00,9.252771131299434128e-04,6.489894207094348832e-01,4.436731668957869523e-01,3.999999976000001567e-01,2.403570648086709310e-02,2.121212121212121271e-01,2.736842105263157521e-01,3.450420287612095821e-02,3.989602161753463827e-01,8.860759493670886111e-02,5.453462493847337222e-02,1.607272733221941918e-01,5.067752914267089140e-03,2.619345449605055276e-02,2.730136054141381607e-01,2.564102627284681191e-02,7.008745035769092802e-02,6.414510868859062132e-02,3.530490600641907062e-02,4.021853237736237180e-02
1.235439819546658297e-01,1.885511649999999928e-01,1.065409514793890094e-01,8.011769555862260361e-01,0.000000000000000000e+00,2.510994527968606893e-01,9.889336832706513425e-01,7.920662129518056815e-01,1.000000000000000000e+00,3.741725733083222094e-01,1.000000000000000000e+00,1.000000000000000000e+00,4.129682958117730229e-01,7.762394569992854265e-01,8.354430379746835555e-01,6.420323280288324774e-01,8.039561706672526675e-01,2.817581084592397089e-01,4.375073806472335458e-01,6.369842292289233932e-01,4.487179474543063762e-01,7.558760182290886753e-01,7.174876239231838815e-01,4.603392939018798868e-01,5.945831031180498494e-01
5.240367965895843111e-02,2.008403360000000082e-01,7.270844117435254494e-02,7.579387576284657424e-01,0.000000000000000000e+00,1.820202821895088863e-01,9.816282908087340386e-01,7.481939093588589884e-01,1.000000000000000000e+00,3.128205598605041104e-01,1.000000000000000000e+00,9.730994152046784640e-01,3.412958482676320404e-01,7.444810816710480950e-01,7.721518987341772222e-01,5.572645871097607895e-01,7.484529375128877726e-01,2.172008155583785571e-01,3.742758954330503984e-01,5.861550485802244914e-01,3.814102557981796648e-01,7.047739839347001434e-01,6.774411080649143102e-01,4.011921137093076295e-01,5.149697368182349910e-01
1.227375156803648878e-02,2.642777159999999959e-01,3.369708894974930008e-02,6.407637519520231750e-01,0.000000000000000000e+00,1.223744188725546383e-01,9.895559944803702379e-01,7.540916368244487966e-01,1.000000000000000000e+00,2.388343802925651793e-01,1.000000000000000000e+00,9.906432748538012145e-01,2.559714693028126153e-01,7.140259273854636657e-01,7.848101265822785555e-01,5.665125120531606662e-01,7.479643629757701806e-01,1.516219522122086438e-01,2.918793956978387727e-01,5.590654989095455996e-01,3.012820510056295475e-01,6.980056524821987018e-01,6.389187011940802297e-01,3.429619440623566939e-01,4.859549448708272990e-01
1.166078177233240837e-02,2.576018359999999729e-01,2.721219648184529730e-02,6.356062965514235330e-01,0.000000000000000000e+00,9.746424884420337720e-02,9.826023431369896866e-01,7.286451350112863601e-01,1.000000000000000000e+00,2.126097218522458310e-01,1.000000000000000000e+00,8.888888888888889506e-01,2.184287861722274127e-01,6.882063935728011117e-01,6.835443037974683334e-01,4.603500056705250865e-01,6.515820018194465879e-01,1.254977557252634768e-01,2.575492921359283094e-01,5.179555030494422674e-01,2.660256406504972193e-01,6.433157234211831499e-01,6.063601990566895861e-01,3.104080696928014360e-01,3.890538586200741333e-01
2.903328471995278437e-02,1.821270809999999962e-01,2.172867244997884195e-01,7.547308671162955562e-01,0.000000000000000000e+00,1.858285257039928584e-01,9.940204009848752076e-01,7.804659346130129460e-01,1.000000000000000000e+00,3.408637875401419048e-01,1.000000000000000000e+00,9.871345029239766422e-01,3.037531651370468655e-01,7.113320189851817243e-01,7.341772151898734444e-01,4.917898908906190858e-01,7.292192985041577868e-01,1.988762596756946388e-01,3.382560280358421489e-01,5.612161159793076504e-01,3.461538454430473366e-01,6.796360840082690258e-01,6.354949781063627956e-01,3.741403026134799692e-01,4.349186623209987390e-01
1.008149355558620071e-02,3.538461540000000238e-01,1.402255655295156500e-03,3.179652092983542011e-01,0.000000000000000000e+00,9.527508547805896635e-03,8.683676506398982919e-01,5.666287628066959403e-01,1.000000000000000000e+00,6.346324453527443787e-02,7.272727272727272929e-01,5.578947368421053321e-01,2.047622953937206294e-02,5.313396329667536833e-01,3.037974683544303889e-01,1.660368546259515521e-01,3.501135190887869619e-01,2.195916545114446131e-02,7.743873511778380514e-02,3.609302712575665484e-01,8.012820479255013117e-02,3.249048765142360518e-01,3.093330561438613624e-01,1.132508023842274114e-01,1.303357513040265259e-01
1.544801390913214806e-02,3.569539930000000250e-01,7.864770241585279653e-03,5.308587776536716207e-01,0.000000000000000000e+00,4.061594721496778609e-02,9.506750723774994860e-01,6.723890180637350777e-01,1.000000000000000000e+00,1.523051428037352217e-01,1.000000000000000000e+00,8.923976608187135229e-01,1.433432916347766317e-01,6.398210074165830985e-01,5.822784810126582222e-01,3.932208743922798178e-01,6.113850802582958543e-01,6.838786843544249205e-02,1.912293325057698168e-01,4.648217423328739328e-01,1.955128199402325906e-01,5.818121897875825344e-01,5.452853968790197792e-01,2.521779000458505005e-01,3.153984140726946994e-01
1.025326255792700231e-02,2.382343399999999889e-01,2.947060394868932301e-02,6.456789234918316467e-01,0.000000000000000000e+00,9.600587713833357018e-02,9.795449011066317269e-01,7.173050921290089477e-01,1.000000000000000000e+00,2.062164054009932301e-01,1.000000000000000000e+00,8.561403508771929793e-01,2.013638718963794150e-01,6.742907848133485871e-01,6.329113924050633333e-01,3.947071264433062443e-01,6.092038105516437430e-01,1.159969488079390376e-01,2.440313456692550509e-01,4.959842736112479167e-01,2.499999984599358960e-01,6.121904533636929324e-01,5.888439899692059498e-01,2.874828060522696127e-01,3.359617588412945333e-01
4.252826456439291747e-02,3.084677419999999892e-01,2.696391850160166897e-03,4.374341859432857582e-01,0.000000000000000000e+00,1.709524506944163150e-02,8.397142779837117876e-01,5.593817710720003777e-01,1.000000000000000000e+00,8.136991032102192101e-02,7.575757575757575690e-01,5.415204678362574020e-01,4.095406253224945226e-02,5.272527769219450544e-01,3.417721518987341667e-01,1.541311924423009183e-01,3.393602453653957185e-01,2.839555274930295053e-02,9.912759782617251714e-02,3.571763899486877780e-01,9.935897295712113608e-02,3.263998881487621406e-01,3.164715512648935691e-01,1.325080238422741696e-01,1.261166937042311198e-01
1.302732363164566809e-01,2.424242420000000120e-01,2.568044367469612260e-02,4.795380734583255533e-01,0.000000000000000000e+00,2.014347958362679852e-02,8.652290375821857227e-01,5.683118073352455557e-01,1.000000000000000000e+00,9.940363175875641111e-02,7.272727272727272929e-01,5.309941520467836851e-01,4.778002824258865966e-02,5.361747078016163570e-01,3.164556962025316111e-01,1.570372237453423747e-01,3.387438992009518257e-01,3.602956133616372347e-02,1.051732913636373862e-01,3.672350317958399946e-01,1.057692310653969570e-01,3.256871693980339377e-01,3.137507633538194063e-01,1.375515818431911619e-01,1.271139339708312332e-01
9.460675263356965736e-02,1.976134280000000076e-01,1.107738772656286230e-01,7.666197140885289141e-01,0.000000000000000000e+00,1.944221679758826038e-01,9.833058253740631915e-01,7.615309765052642454e-01,1.000000000000000000e+00,3.292332990923517166e-01,1.000000000000000000e+00,9.766081871345029253e-01,3.549477796883104830e-01,7.491167021439701923e-01,7.974683544303797778e-01,5.799262475615153400e-01,7.612804826841438333e-01,2.319450501039268531e-01,3.830921286130622438e-01,5.978992749557403563e-01,3.942307689346031263e-01,7.182087823195150156e-01,6.832724815820588882e-01,4.154057771664373400e-01,5.245157833369497036e-01
1.306908251075620808e-01,1.842480099999999898e-01,1.239205090163518624e-01,8.101751869605535727e-01,0.000000000000000000e+00,2.864148637408076015e-01,9.992424037446901997e-01,8.312684215588104220e-01,1.000000000000000000e+00,4.032595166852581681e-01,1.000000000000000000e+00,9.719298245614035325e-01,4.607499916460072176e-01,8.108754166459353208e-01,8.860759493670886666e-01,7.355219229084660748e-01,8.339698504821272396e-01,3.366457872808025775e-01,4.792847996865908788e-01,6.849210194326558199e-01,4.935897449718524288e-01,8.112563623713794358e-01,7.611787482296688001e-01,5.038972948188904510e-01,6.757271121705322736e-01
2.118007687979251569e-02,5.036231880000000549e-01,5.143835262916368828e-04,2.721540914173261050e-01,0.000000000000000000e+00,6.238696430506473524e-03,8.354122135339160371e-01,5.301477119080351130e-01,1.000000000000000000e+00,5.603104669933588883e-02,6.969696969696970168e-01,5.567251461988304007e-01,1.365026382903285901e-02,5.094748282084367030e-01,2.911392405063291111e-01,1.738272531579434510e-01,3.456433350257941961e-01,1.438076462536611727e-02,7.184744303991282000e-02,3.498670467902562087e-01,7.371794668427432418e-02,2.990362817452787425e-01,2.779829268609592119e-01,1.054562127464465787e-01,1.312854390178280484e-01
7.280977062436341796e-03,3.084745760000000003e-01,8.220519207300693021e-03,5.694028695878501356e-01,0.000000000000000000e+00,4.580757289920375785e-02,9.227792959766227820e-01,6.247008706573209391e-01,1.000000000000000000e+00,1.503321234742940604e-01,9.696969696969697239e-01,7.602339181286550396e-01,1.365173900625776260e-01,6.195092051590624926e-01,5.443037974683544444e-01,3.174352141297542285e-01,5.187315786146294849e-01,6.759898503911050682e-02,1.847054382817086005e-01,4.400746875402735125e-01,1.891025649120849639e-01,5.244704542957866478e-01,5.061139768460168886e-01,2.320036680421824760e-01,2.580490968152711062e-01
6.992799780419464706e-02,2.315233790000000014e-01,1.912817575772869996e-02,5.585854308414013314e-01,0.000000000000000000e+00,5.444862783535860118e-02,9.370653967910388404e-01,6.358400796546788136e-01,1.000000000000000000e+00,1.412464667682533370e-01,9.696969696969697239e-01,7.298245614035088202e-01,1.092135913593610674e-01,6.055381550370431132e-01,4.810126582278480556e-01,2.350251628542422422e-01,4.750328366323812168e-01,6.454371407529445326e-02,1.612560859832442017e-01,4.191945454447402741e-01,1.634615386392381520e-01,4.985669060150000331e-01,4.886841729142575308e-01,2.077028885832186700e-01,2.019015280010203195e-01
2.482092568804044122e-02,3.811447809999999881e-01,1.285480702836064651e-02,4.941573868102392963e-01,0.000000000000000000e+00,3.637359979699159723e-02,9.481046565112692948e-01,6.535474052827798808e-01,1.000000000000000000e+00,1.387841902111119630e-01,1.000000000000000000e+00,8.736842105263158409e-01,1.194524757867296422e-01,6.228791257570791551e-01,5.569620253164557777e-01,3.499336503376165308e-01,5.819552249704527114e-01,5.534497441567749060e-02,1.673564360893318448e-01,4.458560253628212622e-01,1.730769227215236405e-01,5.577495264631373573e-01,5.238816054467730909e-01,2.255845942228335566e-01,2.745642470681840530e-01
3.660913467443593222e-02,2.916552669999999958e-01,1.603072962357589282e-02,6.425625772481177167e-01,0.000000000000000000e+00,7.906205140166802647e-02,9.646906031007332905e-01,6.951652778013499567e-01,1.000000000000000000e+00,2.145329105747613707e-01,1.000000000000000000e+00,9.988304093567251796e-01,2.252546877444264184e-01,6.854337672113566260e-01,6.835443037974683334e-01,4.692760547502135005e-01,7.059133978347906790e-01,1.169526926794098448e-01,2.675164223419138065e-01,5.144419315580326391e-01,2.724358956786447905e-01,6.340913252041451287e-01,6.028481218247728757e-01,3.154516276937184283e-01,4.045006966884021615e-01
0.000000000000000000e+00,3.347435220000000156e-01,8.794111794620813882e-03,5.094026883049063148e-01,0.000000000000000000e+00,4.812971794616022203e-02,9.630130685354041375e-01,6.677924678807216630e-01,1.000000000000000000e+00,1.506490808422265293e-01,1.000000000000000000e+00,9.649122807017543879e-01,1.433432916347766317e-01,6.452613021825039930e-01,6.455696202531645556e-01,3.999936892074763550e-01,6.535264588822515819e-01,7.260878554091117210e-02,1.894619488933142193e-01,4.711719173725036902e-01,1.955128199402325906e-01,5.932210160486552919e-01,5.521328430544547583e-01,2.563044475011462264e-01,3.348478329271989407e-01
8.130676580308077508e-03,3.690235689999999957e-01,7.985320637234139332e-03,5.319146778542503951e-01,0.000000000000000000e+00,3.135669845794156196e-02,9.176114072350443074e-01,6.216402753970005080e-01,1.000000000000000000e+00,1.383963295915340841e-01,1.000000000000000000e+00,9.953216374269006073e-01,1.194524757867296422e-01,6.073366757565095142e-01,5.189873417721518889e-01,3.189491026879536784e-01,6.325988989477929758e-01,5.381274401334436991e-02,1.708815830394685709e-01,4.316670342095959012e-01,1.730769227215236405e-01,5.321249404958072748e-01,5.043774281148083460e-01,2.187070151306740318e-01,2.587163534688330380e-01
7.483380697753512500e-02,1.749644379999999999e-01,3.745568278170170046e-02,5.799710968086015939e-01,0.000000000000000000e+00,3.474342150911859800e-02,8.750507318920967004e-01,5.688747079422729058e-01,1.000000000000000000e+00,1.212911680455407148e-01,6.969696969696970168e-01,4.783625730994152114e-01,6.143189552512685198e-02,5.358756458077209572e-01,3.037974683544303889e-01,1.268217728410133416e-01,3.021684306467861125e-01,4.522471884719832247e-02,1.195559230758534153e-01,3.660611925856142590e-01,1.185897442018203490e-01,3.073372414688463894e-01,3.017605862557333207e-01,1.462631820265932747e-01,1.087293264574484136e-01
5.414520339356574015e-03,3.105950650000000035e-01,1.067330429513761725e-02,5.203947140111172542e-01,0.000000000000000000e+00,3.696599036976973285e-02,9.281095267729105869e-01,6.222512629905581072e-01,1.000000000000000000e+00,1.345904859984051738e-01,9.696969696969697239e-01,7.719298245614035769e-01,1.126265742145306503e-01,6.086923453838288811e-01,5.189873417721518889e-01,3.017341257601212079e-01,5.177548377872792651e-01,5.899826936330338639e-02,1.625429799149868682e-01,4.315254836021756302e-01,1.666666646132478335e-01,5.190546573057833735e-01,4.927361199537440561e-01,2.122879413113250568e-01,2.417686606466226684e-01
2.151801673370406023e-02,1.988365940000000054e-01,1.855175845745437105e-02,6.369632189944075540e-01,0.000000000000000000e+00,7.596475662776028259e-02,9.210476473930572228e-01,6.389685624253944596e-01,1.000000000000000000e+00,1.665295498597987589e-01,9.393939393939394478e-01,6.654970760233918092e-01,1.433432916347766317e-01,6.135353064012150082e-01,5.189873417721518889e-01,2.493556406048845209e-01,4.519979047551222484e-01,8.379762941593194014e-02,1.899698087395176871e-01,4.291437019975781753e-01,1.955128199402325906e-01,4.873458300460387083e-01,4.849135298779933545e-01,2.260430994956441619e-01,2.084086163115573820e-01
1.935264093039713862e-02,2.538720540000000137e-01,1.097226224204215714e-02,5.275940979133526554e-01,0.000000000000000000e+00,6.238920056556370580e-02,9.584945480126627615e-01,6.574028501439781458e-01,1.000000000000000000e+00,1.384362436597680324e-01,9.696969696969697239e-01,8.000000000000000444e-01,1.194524757867296422e-01,6.273728354696732623e-01,5.189873417721518889e-01,2.887354347632635765e-01,5.320788241013527653e-01,6.980130127456267430e-02,1.691594186793851651e-01,4.402047954805607399e-01,1.730769227215236405e-01,5.314242058062776941e-01,5.154184478255785518e-01,2.214580467675377751e-01,2.475611315778382671e-01
1.386323839608656974e-02,2.969924809999999749e-01,1.103770325733148192e-02,5.281449327677035788e-01,0.000000000000000000e+00,4.748051863593381189e-02,9.355231472713007035e-01,6.389685624253944596e-01,1.000000000000000000e+00,1.430116106553704081e-01,9.696969696969697239e-01,7.988304093567252240e-01,1.262784414970688218e-01,6.222090514981635234e-01,5.696202531645570000e-01,3.320213859757462083e-01,5.454777981243262852e-01,6.794150645338650762e-02,1.732292025343458164e-01,4.453857774151870896e-01,1.794871777496712673e-01,5.378506586240300313e-01,5.092869300832867374e-01,2.251260889500228957e-01,2.702170010495131280e-01
3.392501537551508017e-02,2.523809519999999917e-01,1.206240360254877495e-03,2.683690472268131511e-01,0.000000000000000000e+00,1.079561270020437148e-02,8.771070645850808090e-01,5.544118395818129486e-01,1.000000000000000000e+00,5.003513553615192982e-02,6.060606060606060774e-01,4.748538011695906391e-01,3.412149059346827971e-03,5.229551468444180173e-01,2.531645569620252778e-01,1.213772769960971831e-01,2.939174884320173153e-01,2.110183907215916824e-02,6.104210792698231552e-02,3.506916878050593822e-01,6.410256260198882172e-02,2.651473540191545131e-01,2.565187167859880879e-01,9.170105456212745976e-02,1.016134750383421159e-01
6.485995311299307120e-02,1.871794870000000055e-01,9.716166247700551081e-03,5.111941249087780248e-01,0.000000000000000000e+00,4.461924922829430679e-02,8.867664168402825675e-01,5.836798425009759317e-01,1.000000000000000000e+00,1.050378371731617300e-01,8.484848484848485084e-01,5.649122807017544767e-01,6.825786123546605244e-02,5.590316214731652078e-01,3.670886075949366667e-01,1.591160660570501428e-01,3.602606294624462469e-01,4.865836441179343524e-02,1.204145760981152752e-01,3.790741459220884901e-01,1.249999992299679480e-01,3.896001651137320221e-01,3.840780634850513020e-01,1.609353507565337016e-01,1.428441690855599688e-01
2.498925820178972412e-02,2.149532710000000013e-01,4.512076670051633209e-02,7.079933276812006016e-01,0.000000000000000000e+00,1.591738273674387361e-01,9.705078600611489748e-01,7.365455440335364479e-01,1.000000000000000000e+00,2.724647098278228929e-01,1.000000000000000000e+00,9.251461988304093831e-01,2.969271994267076442e-01,7.222213548445832743e-01,7.468354430379746667e-01,5.486526276135237357e-01,7.169903564987181177e-01,1.871565429658030855e-01,3.285580091000951941e-01,5.666693016877362155e-01,3.397435904148997654e-01,6.922446479515578233e-01,6.494549328898301388e-01,3.690967446125630325e-01,4.888677699498339968e-01
4.209354875756526199e-02,5.714285709999999963e-01,7.594850783494039607e-04,2.772431041030856136e-01,0.000000000000000000e+00,3.862257444595014900e-03,8.380096864092644315e-01,5.227904029689471876e-01,1.000000000000000000e+00,5.038543726543513041e-02,5.757575757575758013e-01,4.842105263157894801e-01,3.412149059346827971e-03,4.994612718637188031e-01,2.405063291139240556e-01,1.528468071576153109e-01,2.988379022911391014e-01,1.067365099978528908e-02,6.418845311922284635e-02,3.421367975836439590e-01,6.410256260198882172e-02,2.430187850159288288e-01,2.272806413471408493e-01,9.032553874369554647e-02,1.103422424569908689e-01
2.449163248284305303e-03,3.554006969999999876e-01,3.810625704034973759e-03,4.586251513209828046e-01,0.000000000000000000e+00,2.071805562028961392e-02,8.902297140074136861e-01,5.790861209642290675e-01,3.999999976000001567e-01,1.050213509275868540e-01,9.393939393939394478e-01,6.725146198830409539e-01,7.508382694580525984e-02,5.743173561726842014e-01,4.430379746835442778e-01,2.387768271218875249e-01,4.377170311400577773e-01,3.871184627885360802e-02,1.276254930868961357e-01,3.956449650595337819e-01,1.314102573382437411e-01,4.562937959180955461e-01,4.386159583176331700e-01,1.797340669417698544e-01,1.852087870156990945e-01
3.474567102206491554e-03,3.439767779999999830e-01,6.024859936003655256e-03,4.885704366107146979e-01,0.000000000000000000e+00,3.886059675986330841e-02,9.366865986633838848e-01,6.296283724535112203e-01,1.000000000000000000e+00,1.288080283305594043e-01,1.000000000000000000e+00,8.596491228070175517e-01,1.126265742145306503e-01,6.185146444778828467e-01,5.316455696202532222e-01,3.287274763391812571e-01,5.700271512715071598e-01,5.631306437625927669e-02,1.604969215292345874e-01,4.385117211742516896e-01,1.666666646132478335e-01,5.474385733640924068e-01,5.186245338669230875e-01,2.191655204034846371e-01,2.725731783158934496e-01
2.673686230411460585e-01,2.151111109999999937e-01,7.770874364945176693e-02,7.443975928384216623e-01,0.000000000000000000e+00,1.993050168542529199e-01,9.885819421521145900e-01,7.820018895357061517e-01,1.000000000000000000e+00,3.280611642189963928e-01,1.000000000000000000e+00,9.695906432748538917e-01,3.617736812605094054e-01,7.620876943563448247e-01,8.734177215189873333e-01,6.497156861872774858e-01,7.851226679370197914e-01,2.385817574847416689e-01,3.901130499780485206e-01,6.200566031596892458e-01,4.006410270428789056e-01,7.522654869024197888e-01,6.996179982589035840e-01,4.218248509857863149e-01,5.910242867829580415e-01
5.380493559576961238e-02,2.015810279999999954e-01,3.601234239090915067e-03,3.938770720474454312e-01,0.000000000000000000e+00,1.232661182954067174e-02,8.257258042695960754e-01,5.160355956846172099e-01,3.999999976000001567e-01,6.127987062883624020e-02,5.454545454545455252e-01,3.847953216374269125e-01,1.023728097386325704e-02,4.945324807318669524e-01,2.405063291139240556e-01,9.104422248913360272e-02,2.368441555305387247e-01,2.360603164205369794e-02,6.726319979340983357e-02,3.331662588513908951e-01,7.051282071026462872e-02,2.204235034071351795e-01,2.137793485181191111e-01,9.536909674461256647e-02,7.304963420501914273e-02
2.886195913549476078e-02,2.766798420000000092e-01,1.692123961681680925e-03,2.938752347076938332e-01,0.000000000000000000e+00,1.140302998338437943e-02,8.670418571931060026e-01,5.516680527033372972e-01,1.000000000000000000e+00,5.585552396449335738e-02,6.666666666666667407e-01,4.970760233918128379e-01,1.023728097386325704e-02,5.214555047428146572e-01,2.784810126582278333e-01,1.323202541182800507e-01,3.088901719373087773e-01,2.194412858917744666e-02,6.725663010322757707e-02,3.521597476560738849e-01,7.051282071026462872e-02,2.904260666646693023e-01,2.777548952093863432e-01,1.008711600183402057e-01,1.123997381725339584e-01
1.171526674467865230e-02,2.315259669999999992e-01,3.255075008988522062e-02,6.824988462091106101e-01,0.000000000000000000e+00,1.191650690711753835e-01,9.657187694472253447e-01,7.096168315767441559e-01,1.000000000000000000e+00,2.402665763931094711e-01,1.000000000000000000e+00,8.584795321637427312e-01,2.525584864476430602e-01,6.976525641092166108e-01,6.835443037974683334e-01,4.827339246531008321e-01,6.505010554669736766e-01,1.508630930822380811e-01,2.901554485725143517e-01,5.320137978430496961e-01,2.980769219514916579e-01,6.526193495983675374e-01,6.183984512038251946e-01,3.328748280605226539e-01,4.076609854988076376e-01
7.044391451080586619e-02,1.899473989999999890e-01,1.778695368622622633e-02,6.115994224263782142e-01,0.000000000000000000e+00,7.876667519422947406e-02,9.370653967910388404e-01,6.478052533618461339e-01,1.000000000000000000e+00,1.543087794463869344e-01,9.393939393939394478e-01,7.333333333333333925e-01,1.331044072074080431e-01,6.177248854442756176e-01,4.810126582278480556e-01,2.548670216408561728e-01,4.896677029492527145e-01,8.268888139685581784e-02,1.809829287935453557e-01,4.327387663799335260e-01,1.858974358579470465e-01,4.973272214621219933e-01,4.897782051115471269e-01,2.219165520403484360e-01,2.310086778167868837e-01
6.284367657276997143e-02,2.392067119999999880e-01,1.130022460534693268e-01,7.182473099292422392e-01,9.185303514376996770e-02,1.540984451564812452e-01,9.907194458724533082e-01,7.682914410821268802e-01,1.000000000000000000e+00,3.178359732605492982e-01,1.000000000000000000e+00,1.000000000000000000e+00,3.242309981299242305e-01,7.400641214133676371e-01,8.227848101265823333e-01,6.153386138379079995e-01,7.795573367247531360e-01,2.006180549785223644e-01,3.556134506170878784e-01,5.957719733823909625e-01,3.653846166877465773e-01,7.290856494196052973e-01,6.717864428361680629e-01,3.961485557083906373e-01,5.434632319359354868e-01
1.800664594722706409e-03,4.028520500000000171e-01,3.285778649601678487e-03,3.762736706845438706e-01,0.000000000000000000e+00,1.309227724588241971e-02,8.649584674910035798e-01,5.683118073352455557e-01,1.000000000000000000e+00,8.563315426130402308e-02,8.484848484848485084e-01,6.783625730994152780e-01,4.778002824258865966e-02,5.424037950777469419e-01,3.797468354430379445e-01,2.134083802754294656e-01,4.274195716645858290e-01,2.687642743608701507e-02,1.028141547914301485e-01,3.760102340745034577e-01,1.057692310653969570e-01,3.915502381832162704e-01,3.659349297714486471e-01,1.471801925722145965e-01,1.707658894584081488e-01
3.186833238072390995e-02,3.653846150000000237e-01,4.581926215947700748e-03,4.155217793430286966e-01,0.000000000000000000e+00,2.488898178600050873e-02,9.201277090830380923e-01,6.185938233680126075e-01,1.000000000000000000e+00,9.869261593456374326e-02,9.393939393939394478e-01,7.064327485380117455e-01,6.825786123546605244e-02,5.840686016132308200e-01,4.430379746835442778e-01,2.564756738131492853e-01,4.611868337938284657e-01,3.774382730635932048e-02,1.214369315127050986e-01,4.051554018947354785e-01,1.249999992299679480e-01,4.749995838867638875e-01,4.496342398295284926e-01,1.705639614855570807e-01,1.979297491565502332e-01
1.948156467981459680e-02,2.166552280000000053e-01,3.722319901357946242e-02,6.766504730957861868e-01,0.000000000000000000e+00,1.362543723350357339e-01,9.660163965475256909e-01,7.144990750326709605e-01,1.000000000000000000e+00,2.399259432890506194e-01,1.000000000000000000e+00,9.321637426900585277e-01,2.525584864476430602e-01,6.948886850884585797e-01,6.962025316455696666e-01,4.927418149727834651e-01,6.949263423452332056e-01,1.570088227077309495e-01,2.891372138856655449e-01,5.368090163836507500e-01,2.980769219514916579e-01,6.609609219737748731e-01,6.148863739719085952e-01,3.356258596973865083e-01,4.316285545618854247e-01
8.085170820088071050e-04,3.363499249999999940e-01,1.661511547206734676e-02,5.246233738587587903e-01,0.000000000000000000e+00,3.272960314468865289e-02,9.145539652046863477e-01,6.222512629905581072e-01,1.000000000000000000e+00,1.380887929353586951e-01,9.696969696969697239e-01,7.929824561403508998e-01,1.092135913593610674e-01,6.022441683265025159e-01,4.936708860759493889e-01,2.902696497950191801e-01,5.213487072177409587e-01,5.337355972509257029e-02,1.592517993818334809e-01,4.231153551574532989e-01,1.634615386392381520e-01,5.055755844726513848e-01,4.847822979873446236e-01,2.090784044016505971e-01,2.322419818078909626e-01
4.712573202749722329e-02,3.074509799999999848e-01,6.430068856170188286e-03,4.899345464112073723e-01,0.000000000000000000e+00,3.769668037136941069e-02,9.290835791011662348e-01,6.308673195182250559e-01,3.999999976000001567e-01,1.280511485149177786e-01,9.696969696969697239e-01,7.695906432748538251e-01,1.058006085041914568e-01,6.108627071064069991e-01,5.063291139240506666e-01,3.095906647997525574e-01,5.200665007365143921e-01,5.795774614215919163e-02,1.549491931377600107e-01,4.323966564777865229e-01,1.602564095851002623e-01,5.234707838574695904e-01,4.956303678390915346e-01,2.127464465841357177e-01,2.443037714346848466e-01
5.289526380925226035e-02,1.938106480000000020e-01,6.841913104003864710e-02,7.583649855528102890e-01,0.000000000000000000e+00,2.206875792370683043e-01,9.882302010335778375e-01,7.735923241854911758e-01,1.000000000000000000e+00,3.234818306079174088e-01,1.000000000000000000e+00,9.859649122807018218e-01,3.549477796883104830e-01,7.569622714350741077e-01,7.848101265822785555e-01,5.846348362052068426e-01,7.689993294159011006e-01,2.345326900449875573e-01,3.831357398602788789e-01,6.011917569116524973e-01,3.942307689346031263e-01,7.237321029697169061e-01,6.931239686602652661e-01,4.154057771664373400e-01,5.442306017510081251e-01
2.273663993004639353e-02,2.987755100000000219e-01,8.881172305555773069e-03,5.074077869238841076e-01,0.000000000000000000e+00,3.662220928771879602e-02,9.396899266755053270e-01,6.478052533618461339e-01,1.000000000000000000e+00,1.264600398818395144e-01,9.393939393939394478e-01,7.859649122807017552e-01,1.023876256490218462e-01,6.088744002983577097e-01,4.936708860759493889e-01,2.806363244746221675e-01,5.171191151288986321e-01,5.640099608211713439e-02,1.525995196130467135e-01,4.270240481053159676e-01,1.570512805309623450e-01,4.994790262284494742e-01,4.791341293868482398e-01,1.985327831270059518e-01,2.325187402685458260e-01
3.348087693867840553e-02,1.779584459999999924e-01,3.226478362434984787e-02,6.967858843351815157e-01,0.000000000000000000e+00,1.233905085411020480e-01,9.576287237208799263e-01,6.776814152283001658e-01,1.000000000000000000e+00,2.159856834930908576e-01,1.000000000000000000e+00,8.233918128654971191e-01,2.116028204618882191e-01,6.633314773203440318e-01,5.696202531645570000e-01,3.410764216145203420e-01,5.768533362311685231e-01,1.294543654538684307e-01,2.530625858589330424e-01,4.828674426662488695e-01,2.596153856223496481e-01,5.845851683927043574e-01,5.749723893299377719e-01,2.943603851444291375e-01,3.105393598117859311e-01
2.446053780381330159e-02,2.325853200000000121e-01,2.917907598605343905e-02,6.672094979311795626e-01,0.000000000000000000e+00,1.150686135589034514e-01,9.600638545415191016e-01,7.054558929187670913e-01,1.000000000000000000e+00,2.374890778623066356e-01,1.000000000000000000e+00,8.771929824561404132e-01,2.491455677306136096e-01,6.920635797485299445e-01,7.215189873417722222e-01,5.001901719605965635e-01,6.674545655517030163e-01,1.510268867422609185e-01,2.848514686190968814e-01,5.347857096070320893e-01,2.948717959774819208e-01,6.589802229701163805e-01,6.113301196678923022e-01,3.310408069692801214e-01,4.231536633785137336e-01
3.834844131962935818e-03,3.182624110000000228e-01,5.645930738302149844e-03,5.170504778797324619e-01,0.000000000000000000e+00,3.431897992223555821e-02,9.000243513082064606e-01,6.029740386845663380e-01,1.000000000000000000e+00,1.202452211270369498e-01,9.393939393939394478e-01,6.760233918128655262e-01,9.556165993868265263e-02,5.869576656765269629e-01,4.936708860759493889e-01,2.448528879337154296e-01,4.448602604273699801e-01,4.848396123378071604e-02,1.479928156086881830e-01,4.057864911863023338e-01,1.506410255028147460e-01,4.658384348816074216e-01,4.533139300702935248e-01,1.934892251260889595e-01,1.935894774209435676e-01
2.563980766305916717e-02,2.989247309999999991e-01,3.106535774670822828e-03,4.433296404500596255e-01,0.000000000000000000e+00,2.366103171265230079e-02,8.214237398198004358e-01,5.227904029689471876e-01,3.999999976000001567e-01,7.882173174746395783e-02,7.272727272727272929e-01,4.830409356725146042e-01,3.754107967707984855e-02,5.154982648363581887e-01,3.037974683544303889e-01,1.330913533804210513e-01,3.013637999019652680e-01,2.687699323680954946e-02,9.625658948218790423e-02,3.468988699181083102e-01,9.615384698311145450e-02,3.011031994114494181e-01,2.948618167171238591e-01,1.279229711141677828e-01,1.104487270165858542e-01
1.966281173939976243e-02,3.062801929999999784e-01,7.747791953757888171e-03,4.468225683954828442e-01,0.000000000000000000e+00,3.771403741296009554e-02,9.394193565843232951e-01,6.339703444725424131e-01,1.000000000000000000e+00,1.145054045755653505e-01,9.696969696969697239e-01,7.847953216374269347e-01,8.873569422834344522e-02,6.038343688074530036e-01,4.936708860759493889e-01,2.776209472005094492e-01,5.144854027655153539e-01,5.118220817369541209e-02,1.370919416733569762e-01,4.226325978113718018e-01,1.442307673945389390e-01,5.128039707189437912e-01,4.865617244650026763e-01,1.925722145804676377e-01,2.304702535728745671e-01
1.707102312912018305e-01,2.873303170000000017e-01,2.349374215070523103e-02,5.567315367077015908e-01,0.000000000000000000e+00,4.068524266611674156e-02,9.228334099948592995e-01,6.296283724535112203e-01,1.000000000000000000e+00,1.464522777111785801e-01,9.696969696969697239e-01,7.953216374269006517e-01,1.092135913593610674e-01,5.968794244859569886e-01,4.303797468354430000e-01,2.630649459801388534e-01,5.155681537317053920e-01,5.849518445851178972e-02,1.623413767347110515e-01,4.205959468031036930e-01,1.634615386392381520e-01,5.010605894160766738e-01,4.780933695412081241e-01,2.077028885832186700e-01,2.138798660148420461e-01
1.114475421125048736e-02,2.999999999999999889e-01,4.704905644915160882e-03,4.697116403572169085e-01,0.000000000000000000e+00,2.580564342365103403e-02,8.677182824210613044e-01,5.671888347674569619e-01,1.000000000000000000e+00,1.004738741970547800e-01,8.484848484848485084e-01,6.093567251461988743e-01,6.825786123546605244e-02,5.550465117719383112e-01,4.177215189873417778e-01,1.988691506510958107e-01,3.930627299458829271e-01,3.897156492594984478e-02,1.222648364647014735e-01,3.812578359111030157e-01,1.249999992299679480e-01,3.929983122447144872e-01,3.797071319984928195e-01,1.623108665749655732e-01,1.626295524461427999e-01
3.674105149456214324e-03,2.699367089999999969e-01,2.063074719175171656e-02,6.262220359168687578e-01,0.000000000000000000e+00,8.358012937467114434e-02,9.627154414351037914e-01,6.944835740511308142e-01,1.000000000000000000e+00,2.020388155636604344e-01,1.000000000000000000e+00,1.000000000000000000e+00,2.047768547515490256e-01,6.732761956195403297e-01,6.582278481012658888e-01,4.382918244369280458e-01,6.964788702121276209e-01,1.117583713498012665e-01,2.479970320507278170e-01,5.022889990992724929e-01,2.532051275140738134e-01,6.217883548214208078e-01,5.874965892701687897e-01,2.989454378725355244e-01,3.797052021245886366e-01
2.881395914968412630e-02,2.666666670000000239e-01,8.134118162425084744e-03,5.385977444258374103e-01,0.000000000000000000e+00,5.906642914060246385e-02,9.284883249005655426e-01,6.204211288561520821e-01,3.999999976000001567e-01,1.458524510770662641e-01,1.000000000000000000e+00,8.245614035087719396e-01,1.365173900625776260e-01,6.284138824816463131e-01,5.949367088607595555e-01,3.221420590103212245e-01,5.577117457240329257e-01,7.451035534269791205e-02,1.839636020421088203e-01,4.454375746022820048e-01,1.891025649120849639e-01,5.501549605691097300e-01,5.315021503839507666e-01,2.416322787712058551e-01,2.823490404784100849e-01
1.856091830069851430e-03,2.302277430000000125e-01,4.021427327235939375e-02,6.104652211129086847e-01,5.591054313099041301e-02,8.629963815507588065e-02,9.594956573500366126e-01,6.803431713650482937e-01,1.000000000000000000e+00,1.942935030185324319e-01,1.000000000000000000e+00,8.666666666666666963e-01,1.706470903379932458e-01,6.519698326808400779e-01,6.075949367088607778e-01,3.309373208527483512e-01,5.873160945656461518e-01,9.708693826087513856e-02,2.138593069936642888e-01,4.660930962922893994e-01,2.211538462130793747e-01,5.723953808101891472e-01,5.606148408975741848e-01,2.668500687757909273e-01,2.930961640456608008e-01
1.782824784753874181e-01,2.199367090000000080e-01,2.861057227849128984e-02,6.361763772537184503e-01,0.000000000000000000e+00,1.033358642763940183e-01,9.525420060066560612e-01,6.730509212900890326e-01,1.000000000000000000e+00,2.072934654596421400e-01,1.000000000000000000e+00,9.076023391812866326e-01,2.047768547515490256e-01,6.692965588317245640e-01,6.708860759493671111e-01,3.917596401105304937e-01,6.366158903781232725e-01,1.195662044362562626e-01,2.472256130797340634e-01,4.912596703469577775e-01,2.532051275140738134e-01,6.023888228655888133e-01,5.825929342671153366e-01,2.961944062356716700e-01,3.532606047605004185e-01
1.502553089314559998e-01,1.661562480000000064e-01,1.692678242904562813e-01,8.485755434161369459e-01,0.000000000000000000e+00,3.645889224503285342e-01,1.000000000000000000e+00,8.622703846393195981e-01,1.000000000000000000e+00,4.737978397068375314e-01,1.000000000000000000e+00,9.929824561403509664e-01,5.563132550381951758e-01,8.593919987286726681e-01,9.493670886075949999e-01,8.419705762741463984e-01,9.001494972672678951e-01,4.444807032920178314e-01,5.679178848304183846e-01,7.549031777860208958e-01,5.833333338466880624e-01,8.752725541696210199e-01,8.224523472317867290e-01,5.855112333791837598e-01,7.807237310819489240e-01
3.648952270055679653e-02,5.769230770000000064e-01,2.110291389914407544e-04,1.999445062002531692e-01,0.000000000000000000e+00,1.317856119967236294e-03,6.943369679915583070e-01,4.487166431889026974e-01,1.000000000000000000e+00,3.055880563224690205e-02,3.636363636363636465e-01,3.134502923976608124e-01,2.085227145544256075e-02,4.226048127801389498e-01,1.518987341772151667e-01,7.864613972804310182e-02,1.863176616111582584e-01,5.173691511423327526e-03,3.748860303781779285e-02,2.889016460560118182e-01,3.846153632914200982e-02,1.235317028352291430e-01,1.135402725985213690e-01,5.502063273727647585e-02,5.303676452896624594e-02
5.336922209870570595e-03,4.113300489999999754e-01,9.364418042745182831e-04,3.143278607527285606e-01,0.000000000000000000e+00,1.063312678578274238e-02,8.679617955031251331e-01,5.533143248304226436e-01,1.000000000000000000e+00,6.836350212976263774e-02,8.484848484848485084e-01,6.175438596491228394e-01,3.071517810488086711e-02,5.398804729915105405e-01,3.544303797468354444e-01,1.897205915868773740e-01,3.868375321310481563e-01,2.219593984020874419e-02,8.565235929684922311e-02,3.670336104066063698e-01,8.974358887483563363e-02,3.830934856640667574e-01,3.633161389238985239e-01,1.283814763869784437e-01,1.485809348148154074e-01
1.277852740034293895e-02,2.088866189999999956e-01,3.606034052892870961e-02,6.970301832938515796e-01,0.000000000000000000e+00,1.206859165198405776e-01,9.514326686328093974e-01,6.904159807199472532e-01,1.000000000000000000e+00,2.337304617846968913e-01,1.000000000000000000e+00,8.444444444444444420e-01,2.354936363099352226e-01,6.759875966749413490e-01,6.329113924050633333e-01,4.125316142936480968e-01,6.157482660625013260e-01,1.395164241308280983e-01,2.775497892625616858e-01,5.058636808767540405e-01,2.820512828410585149e-01,6.146238835681876456e-01,5.910749321102347631e-01,3.127005960568546294e-01,3.588049063108520453e-01
2.092428018866544087e-02,3.172905529999999752e-01,4.024853253414254102e-03,4.254807659677777298e-01,0.000000000000000000e+00,1.694557102743075860e-02,8.728050001352851694e-01,5.616022583911792765e-01,1.000000000000000000e+00,8.525173939187571936e-02,8.181818181818182323e-01,5.637426900584795453e-01,4.778002824258865966e-02,5.460564369402249874e-01,3.544303797468354444e-01,1.701946424818654713e-01,3.568690082806857955e-01,3.119655276011005715e-02,1.041899383157225967e-01,3.698911272700354247e-01,1.057692310653969570e-01,3.688381119777362493e-01,3.584631576211946280e-01,1.430536451169188705e-01,1.417167399181052112e-01
1.291753336387004292e-01,1.960784309999999975e-01,2.682240807636651972e-02,4.803401833733000337e-01,0.000000000000000000e+00,2.862200910718775207e-02,8.237235855948483731e-01,5.290897982043754055e-01,3.999999976000001567e-01,9.972096099688984583e-02,7.878787878787879562e-01,5.064327485380117899e-01,4.778002824258865966e-02,5.200425549269678260e-01,3.417721518987341667e-01,1.294253623495660588e-01,3.164341163606414487e-01,3.677709883919672018e-02,1.047487065131779693e-01,3.516206118075292930e-01,1.057692310653969570e-01,3.288436379615111704e-01,3.205410392006549092e-01,1.416781292984869434e-01,1.156665937541225680e-01
2.345663971720580998e-02,2.361111110000000124e-01,1.532466129603369913e-02,5.642845717466425937e-01,0.000000000000000000e+00,6.939281509208766741e-02,9.614437620065479084e-01,6.830134134405956292e-01,1.000000000000000000e+00,1.611912291686060927e-01,1.000000000000000000e+00,8.210526315789473673e-01,1.501692573451158252e-01,6.471330436346682813e-01,5.949367088607595555e-01,3.391704004034103992e-01,5.669218568859326624e-01,8.996908092766210674e-02,1.924609152038301851e-01,4.635463940612495892e-01,2.019230749683801618e-01,5.766057809779659982e-01,5.545404934838819022e-01,2.503438789546079679e-01,2.850200744256027319e-01
1.780067834067707022e-02,2.747456059999999756e-01,8.750125408462287521e-03,4.937947514766479751e-01,0.000000000000000000e+00,3.872514565738615494e-02,9.346843799886361825e-01,6.333480422939190557e-01,1.000000000000000000e+00,1.181727884972118003e-01,9.393939393939394478e-01,7.181286549707602829e-01,9.214867708351305586e-02,6.026336732032384624e-01,4.556962025316455556e-01,2.594630694317253683e-01,4.758346751513070072e-01,5.483064702283332176e-02,1.425942650881972529e-01,4.191880253903491060e-01,1.474358964486768564e-01,4.900622172510560315e-01,4.718163273261177793e-01,1.916552040348463715e-01,2.120378126171001687e-01
1.585629092469921855e-02,4.736842110000000217e-01,4.484369203568116234e-04,2.179233524532021571e-01,0.000000000000000000e+00,4.554258327931326455e-03,8.899050298979951368e-01,5.745291718289462501e-01,1.000000000000000000e+00,4.657413957602583171e-02,5.757575757575758013e-01,5.298245614035088646e-01,0.000000000000000000e+00,5.258301233732864954e-01,2.405063291139240556e-01,1.664783652280151793e-01,3.304550209998490251e-01,1.339266050563706414e-02,5.827737045755992246e-02,3.582698791185094378e-01,6.089743662797912627e-02,2.616207111208758707e-01,2.471733170484518849e-01,8.711600183402108677e-02,1.154252273821807923e-01
1.760718186208018801e-02,2.545454549999999760e-01,1.115961654950299760e-02,5.335417284572144814e-01,0.000000000000000000e+00,5.419078827894651534e-02,9.325739332774155566e-01,6.302478459858680271e-01,1.000000000000000000e+00,1.395243358677114021e-01,1.000000000000000000e+00,8.222222222222222987e-01,1.194524757867296422e-01,6.177886891591737317e-01,5.443037974683544444e-01,2.756629010062096596e-01,5.376359482310330007e-01,6.749197860569276786e-02,1.673190010813377093e-01,4.305174196779977813e-01,1.730769227215236405e-01,5.300310586919397826e-01,5.175863726725828950e-01,2.242090784044016294e-01,2.422463647816956445e-01
1.344426392409749961e-02,4.064516129999999894e-01,1.840580762741961252e-03,3.708278788792721548e-01,0.000000000000000000e+00,1.267737580227401920e-02,8.817879271625315152e-01,5.677517353744845341e-01,1.000000000000000000e+00,7.603245732696478631e-02,8.181818181818182323e-01,6.035087719298246611e-01,3.754107967707984855e-02,5.463780430417137790e-01,3.417721518987341667e-01,1.944361001432483860e-01,3.818472389979334913e-01,2.437130724056991646e-02,9.346865292626850563e-02,3.728780308883262173e-01,9.615384698311145450e-02,3.766304148815408648e-01,3.586996348894923581e-01,1.334250343878954359e-01,1.451142502662148559e-01
3.189388433621894586e-02,2.881720429999999888e-01,6.264795670596528046e-03,4.521783892609636535e-01,0.000000000000000000e+00,1.540063402967470699e-02,8.338699640141779001e-01,5.571669410453545801e-01,3.999999976000001567e-01,8.423740144045163691e-02,6.363636363636364646e-01,4.935672514619882656e-01,3.754107967707984855e-02,5.154379037278600251e-01,3.037974683544303889e-01,1.500055251173598447e-01,3.142815884533286530e-01,2.853683449892441965e-02,9.526360052813877266e-02,3.546034637586581995e-01,9.615384698311145450e-02,2.740475168026524355e-01,2.616465054636643583e-01,1.265474552957359111e-01,1.130797924299898477e-01
5.752382595138631760e-02,2.487684729999999900e-01,1.008060917429837514e-02,5.696791842675564821e-01,0.000000000000000000e+00,1.352669038686606789e-02,7.549176114072351229e-01,4.927303790951726992e-01,1.000000000000000000e+00,9.029888571573424505e-02,5.151515151515151381e-01,3.660818713450292305e-01,3.071517810488086711e-02,4.645133825952686424e-01,2.278481012658227778e-01,8.891588818299044072e-02,2.250502554200188854e-01,2.481572052488481214e-02,9.084487893707200723e-02,3.200798639139855184e-01,8.974358887483563363e-02,1.916111571609759034e-01,1.823304704858178804e-01,1.104997707473635987e-01,7.164339813817059699e-02
6.460321415886509898e-03,4.052631580000000122e-01,1.138260400637061817e-03,3.026961176269904463e-01,0.000000000000000000e+00,4.329025426670621811e-03,8.033226007197165064e-01,5.259330289709951423e-01,3.999999976000001567e-01,5.194121822942433103e-02,5.151515151515151381e-01,4.397660818713450270e-01,0.000000000000000000e+00,4.833814179348416840e-01,2.151898734177215000e-01,1.300150193333113047e-01,2.737023416534559161e-01,1.378200628290566707e-02,5.890663633516432518e-02,3.319914499176105926e-01,6.089743662797912627e-02,2.094494322551007093e-01,1.952405701440952379e-01,8.436497019715726020e-02,9.012433022904202395e-02
1.013176605804605966e-02,3.729838710000000224e-01,2.657857050092250675e-03,3.991172538395968417e-01,0.000000000000000000e+00,1.307747639998604015e-02,8.477772667009390029e-01,5.435102368708384368e-01,1.000000000000000000e+00,7.994676306203379879e-02,7.575757575757575690e-01,5.883040935672515515e-01,4.095406253224945226e-02,5.280594612594102788e-01,3.417721518987341667e-01,1.795390002426905107e-01,3.701130358544643673e-01,2.564919450315989585e-02,9.803962174042063493e-02,3.633285402868460801e-01,9.935897295712113608e-02,3.352368017203785078e-01,3.174343515715343789e-01,1.338835396607060968e-01,1.430392571843199789e-01
2.865294303100067094e-02,2.573496160000000033e-01,2.776832420969367610e-02,5.907515716686753127e-01,0.000000000000000000e+00,7.355497720279655094e-02,9.654481993560433128e-01,6.931258238432254082e-01,1.000000000000000000e+00,1.743188670453710287e-01,1.000000000000000000e+00,9.497076023391813893e-01,1.604082059106246294e-01,6.489610524359077370e-01,5.822784810126582222e-01,3.527791922919332746e-01,6.356123834835589737e-01,8.991124856575363755e-02,2.060145701170087440e-01,4.691326213095898257e-01,2.115384621307938584e-01,5.821856930282723885e-01,5.567714356249106045e-01,2.627235213204951458e-01,2.995918592002687064e-01
4.078723967490374518e-03,2.923076920000000078e-01,9.037443779419330331e-03,5.086221684742440186e-01,0.000000000000000000e+00,3.389813848874227709e-02,8.955870018128196941e-01,5.871449341774013231e-01,1.000000000000000000e+00,1.070456883447573893e-01,8.181818181818182323e-01,5.953216374269005851e-01,6.825786123546605244e-02,5.602158223526032543e-01,3.797468354430379445e-01,1.823971386598153555e-01,3.795313874559707590e-01,4.004317210173982677e-02,1.226514945984170379e-01,3.835184165871625139e-01,1.249999992299679480e-01,3.828940842013455192e-01,3.731793199329548338e-01,1.623108665749655732e-01,1.456820240471087824e-01
3.228176412917826282e-02,2.120100079999999998e-01,8.584888493521888875e-02,7.465848330652123943e-01,0.000000000000000000e+00,1.828716616342122292e-01,9.901783056900891333e-01,7.675361925289794218e-01,1.000000000000000000e+00,2.980141759399733137e-01,1.000000000000000000e+00,9.976608187134503591e-01,3.071660838540762328e-01,7.240493636458225080e-01,7.594936708860760000e-01,5.030523006177262113e-01,7.340624435160094663e-01,1.865816129552273217e-01,3.473256213598357456e-01,5.608346839463498323e-01,3.493589744971852262e-01,6.774177011241715451e-01,6.515533438145602041e-01,3.690967446125630325e-01,4.515655018362506601e-01
2.088886218527861473e-03,2.783653850000000207e-01,1.120476799236637226e-02,5.846159371029792107e-01,0.000000000000000000e+00,6.380386205608183647e-02,9.302740875023676193e-01,6.321062665829388916e-01,1.000000000000000000e+00,1.627362258967681163e-01,1.000000000000000000e+00,8.163742690058479745e-01,1.535822402002854359e-01,6.331299705864934513e-01,5.696202531645570000e-01,3.352279292872340499e-01,5.579902747000569097e-01,7.982583782577495901e-02,2.004687977939092758e-01,4.527506713237378633e-01,2.051282040225180514e-01,5.558933285397088531e-01,5.370463729324480573e-01,2.494268684089866461e-01,2.809742092382477296e-01
1.953776789645660442e-02,3.095238100000000103e-01,7.673876799605938367e-03,4.676511756395574926e-01,0.000000000000000000e+00,1.150501741454429058e-02,8.255905192240050594e-01,5.522168100790323386e-01,1.000000000000000000e+00,8.021178255856864503e-02,5.151515151515151381e-01,4.339181286549707584e-01,2.730219524971126688e-02,5.010124589417934704e-01,2.531645569620252778e-01,1.303746095414995421e-01,2.747882936001957432e-01,2.394527377333195359e-02,8.584973020617273076e-02,3.449816450212264685e-01,8.653845982069773013e-02,2.167357414638530766e-01,2.069695827865337956e-01,1.100412654745529517e-01,9.721555927748729009e-02
2.790661530705136617e-02,1.935874170000000116e-01,2.370624409722921558e-02,6.050016459083709108e-01,0.000000000000000000e+00,7.665236743626642479e-02,9.522714359154740293e-01,6.684487138145427387e-01,1.000000000000000000e+00,1.588933192402791350e-01,9.090909090909091717e-01,7.403508771929825372e-01,1.296914243522384325e-01,6.193348307622246196e-01,4.683544303797468333e-01,2.579586697099829351e-01,4.942470986394047472e-01,8.197365351406522838e-02,1.774079126442207055e-01,4.361846816857469222e-01,1.826923068038091569e-01,4.886986973991258032e-01,4.775528500708132729e-01,2.187070151306740318e-01,2.281340057656631171e-01
3.927130478815931552e-02,2.617466800000000093e-01,2.570340408466242899e-02,6.604521516887763566e-01,0.000000000000000000e+00,1.031738021238384068e-01,9.735382450823886202e-01,7.265038497875686563e-01,1.000000000000000000e+00,2.271579038965923503e-01,1.000000000000000000e+00,9.953216374269006073e-01,2.354936363099352226e-01,6.927283107743227308e-01,6.835443037974683334e-01,4.664833141477250367e-01,7.076901725673493404e-01,1.302249053535283752e-01,2.754871337803663778e-01,5.214790047366362202e-01,2.820512828410585149e-01,6.418330287384444999e-01,6.120369528214856247e-01,3.209536909674460814e-01,4.070251199700004596e-01
4.993273350718269860e-03,3.280141839999999864e-01,3.988956317583731113e-03,4.898966791447230684e-01,0.000000000000000000e+00,3.166742286244927929e-02,9.011607456911713276e-01,5.883046791466539638e-01,1.000000000000000000e+00,1.176483275571561515e-01,9.696969696969697239e-01,7.508771929824561431e-01,9.556165993868265263e-02,5.882032185029149041e-01,4.936708860759493889e-01,2.608105764131525839e-01,4.885961213944128301e-01,4.820651051263815517e-02,1.466223356591191129e-01,4.098026789991903729e-01,1.506410255028147460e-01,4.873837795731676414e-01,4.674596884217091519e-01,1.962402567629527583e-01,2.156321991660127557e-01
5.568397430127317721e-02,2.091767880000000024e-01,1.235796529924767205e-02,4.868532545837672698e-01,0.000000000000000000e+00,3.971733517159498766e-02,9.211558754295301465e-01,6.155615145703567936e-01,1.000000000000000000e+00,1.055087488042823762e-01,8.181818181818182323e-01,6.210526315789474117e-01,6.484487838029645568e-02,5.737667640630099708e-01,3.544303797468354444e-01,1.917290297112382857e-01,4.019971043576539005e-01,4.888620562833853600e-02,1.155438123209556051e-01,3.945828876395897633e-01,1.217948701758300445e-01,4.007623194484668527e-01,3.873133843535205290e-01,1.591013296652911690e-01,1.622093553170043390e-01
6.963545285603240514e-03,2.421325440000000051e-01,3.709937326983583916e-02,5.983246042051598712e-01,0.000000000000000000e+00,9.922775436430837648e-02,9.698584918423118761e-01,7.068419295893371146e-01,1.000000000000000000e+00,1.939982380789879723e-01,1.000000000000000000e+00,9.391812865497076723e-01,1.842990217586716328e-01,6.657192591904081969e-01,6.582278481012658888e-01,4.031000380362533830e-01,6.542935618876233317e-01,1.083797143084864467e-01,2.245388587264540992e-01,4.915481122992270691e-01,2.339743593495027529e-01,6.117716770029194562e-01,5.779322531606095881e-01,2.865657955066482909e-01,3.451290428713154057e-01
4.252676802903854886e-02,2.127077639999999936e-01,4.350232707986582265e-02,6.715057537207036464e-01,0.000000000000000000e+00,1.483185215130877199e-01,9.866067804864850910e-01,7.467286705928279922e-01,1.000000000000000000e+00,2.520171789158026088e-01,1.000000000000000000e+00,9.590643274853801747e-01,2.662104178683214473e-01,7.140958990190666711e-01,7.721518987341772222e-01,5.242832536972699131e-01,7.234946621471000094e-01,1.719514812263501780e-01,2.977907621440011310e-01,5.553396248738382557e-01,3.108974350879150084e-01,6.868231918215440546e-01,6.390512324103789776e-01,3.470884915176524199e-01,4.682700059296479034e-01
8.551369296592909591e-03,3.856209150000000085e-01,4.072675533817991106e-03,3.335851655172627495e-01,0.000000000000000000e+00,3.651242957854437549e-03,7.881165615952813175e-01,5.129438853153658329e-01,3.999999976000001567e-01,5.038171856342576332e-02,4.545454545454545858e-01,3.777777777777777679e-01,3.790564086605217094e-03,4.698843579789110381e-01,1.898734177215189722e-01,1.021066721579111380e-01,2.320024068855195132e-01,1.228208890779188683e-02,5.394832508932735637e-02,3.209189109351516245e-01,5.448717851970331927e-02,1.775871424338962556e-01,1.666307186570170351e-01,7.519486474094451423e-02,7.037795626705239949e-02
3.343758826787228411e-02,2.628019320000000159e-01,9.645922121278974193e-03,4.822065223266547851e-01,0.000000000000000000e+00,4.054916038555677477e-02,9.216699586027761182e-01,6.131458506587916801e-01,1.000000000000000000e+00,1.153939264423388678e-01,9.393939393939394478e-01,7.485380116959065022e-01,8.873569422834344522e-02,5.931983917585188504e-01,4.303797468354430000e-01,2.494900374291236789e-01,4.879927502705759812e-01,5.375893586091755327e-02,1.410083009403381993e-01,4.133201566461222609e-01,1.442307673945389390e-01,4.813910831926870304e-01,4.607564673934228527e-01,1.870701513067399846e-01,2.125665975522979811e-01
9.731470564368979378e-03,5.111111109999999513e-01,2.286149005740608308e-04,1.801825241694475777e-01,0.000000000000000000e+00,8.943135893973192408e-04,6.542925944966043739e-01,4.395772871019387740e-01,3.999999976000001567e-01,2.387530646752935443e-02,2.727272727272727071e-01,3.087719298245613642e-01,3.109122002095136492e-02,4.064922213664561301e-01,1.139240506329114028e-01,7.470683250772976181e-02,1.836242517729544943e-01,4.318772378816184386e-03,2.899195787596530599e-02,2.778135801673092264e-01,2.884615224685650736e-02,9.000895475684006497e-02,8.247079765601653123e-02,4.126547455295735689e-02,4.871164712944812264e-02
7.586325701963764125e-04,2.669461909999999993e-01,1.343780799812746909e-02,5.617857033148481172e-01,0.000000000000000000e+00,4.483159777088440573e-02,9.373630238913391866e-01,6.421111884274424142e-01,1.000000000000000000e+00,1.441920506298799420e-01,9.393939393939394478e-01,7.836257309941521143e-01,1.160394929315600454e-01,6.087522039812107710e-01,4.430379746835442778e-01,2.890897083632966713e-01,5.226081651060729971e-01,6.626699434805791156e-02,1.668804482896620867e-01,4.337576866761709282e-01,1.698717936673857509e-01,5.057533480470973730e-01,4.791549185972480696e-01,2.127464465841357177e-01,2.419380028163498064e-01
4.045467626282087462e-03,3.092677930000000130e-01,1.387285775747951200e-02,5.113701731500601699e-01,0.000000000000000000e+00,5.639106583456778704e-02,9.758380908574366686e-01,7.020106017662066655e-01,1.000000000000000000e+00,1.567646102533787333e-01,1.000000000000000000e+00,9.450292397660818855e-01,1.467562744899462424e-01,6.534304906589452067e-01,6.455696202531645556e-01,4.236278881792893136e-01,6.564141470150468560e-01,8.166046208178431853e-02,1.897004755434788803e-01,4.833657509934922714e-01,1.987179489943704802e-01,6.136618297664107047e-01,5.624702779257565455e-01,2.581384685923887590e-01,3.445777799177149880e-01
1.911519065416996885e-03,2.824858760000000246e-01,1.590190292888221321e-02,5.765658130739673704e-01,0.000000000000000000e+00,5.423289923837056742e-02,9.169079249979708024e-01,6.179856644207215588e-01,1.000000000000000000e+00,1.556493715207669382e-01,9.696969696969697239e-01,7.906432748538012589e-01,1.365173900625776260e-01,6.148521884517226255e-01,5.189873417721518889e-01,3.051939161963204139e-01,5.316475625522757431e-01,7.023735004409055460e-02,1.857342084310565633e-01,4.370223826357359509e-01,1.891025649120849639e-01,5.192523943155603616e-01,5.006256253004690571e-01,2.320036680421824760e-01,2.585183811135209342e-01
1.622327464993266605e-02,2.509316770000000196e-01,1.424510436577962162e-02,5.921868331571774613e-01,0.000000000000000000e+00,7.861370554802947497e-02,9.591168592223816569e-01,6.863681879126288798e-01,1.000000000000000000e+00,1.751856964837565644e-01,1.000000000000000000e+00,9.029239766081872398e-01,1.706470903379932458e-01,6.557045692576086715e-01,5.949367088607595555e-01,3.762801327943266494e-01,6.229328029273355494e-01,9.725649605771143069e-02,2.136362591186214133e-01,4.772336547083792513e-01,2.211538462130793747e-01,5.923042353669619731e-01,5.654080532203785703e-01,2.654745529573590002e-01,3.254626676355941717e-01
7.525405627593717561e-02,2.149122810000000106e-01,6.016644088014275193e-02,7.022272199321114572e-01,0.000000000000000000e+00,1.262162185572487660e-01,9.502151032224899208e-01,6.910920271776332946e-01,1.000000000000000000e+00,2.587845967891983512e-01,1.000000000000000000e+00,9.204678362573099903e-01,2.593844521579822260e-01,6.868594398792238209e-01,6.708860759493671111e-01,4.712524432991333501e-01,6.797829456320145791e-01,1.554053385413818600e-01,3.011341448259418629e-01,5.285101572555102045e-01,3.044871800597674372e-01,6.435534073016221379e-01,6.049244442134531496e-01,3.379183860614397017e-01,4.173190453064226646e-01
2.107094065339398803e-02,3.846153849999999763e-01,1.456600055025848196e-02,5.045992931298083350e-01,0.000000000000000000e+00,1.565393754958888106e-02,8.814903000622311691e-01,5.655086188851738971e-01,3.999999976000001567e-01,1.136477479354696118e-01,8.181818181818182323e-01,6.116959064327486262e-01,6.825786123546605244e-02,5.545816211095688786e-01,3.797468354430379445e-01,2.165163752833016431e-01,3.960855792792818408e-01,3.369486658846582161e-02,1.235189581268051895e-01,3.853108877348171979e-01,1.249999992299679480e-01,3.859513513693453857e-01,3.678676766758052774e-01,1.595598349381017744e-01,1.665680561502955181e-01
1.892186600000265728e-01,1.986531990000000025e-01,3.003868999441388493e-02,5.654875110658664772e-01,0.000000000000000000e+00,6.934850613728935076e-02,9.528666901160746106e-01,6.619286841703297952e-01,1.000000000000000000e+00,1.546600728295393079e-01,9.393939393939394478e-01,7.122807017543859587e-01,1.194524757867296422e-01,6.174979500056465564e-01,4.810126582278480556e-01,2.637613219664328712e-01,4.820510870260320546e-01,7.772602009686170599e-02,1.669401986320069586e-01,4.353376779040254996e-01,1.730769227215236405e-01,5.070316479082820349e-01,4.894247885347505211e-01,2.104539202200825243e-01,2.248130960648437038e-01
6.398464621239095297e-03,2.416666670000000017e-01,2.433473723399007943e-02,6.390583482976477381e-01,0.000000000000000000e+00,1.143446973583476661e-01,9.517844097513461499e-01,6.770195120019462109e-01,1.000000000000000000e+00,2.069858048467331235e-01,1.000000000000000000e+00,8.748538011695906613e-01,2.081898376067186363e-01,6.688679827025465485e-01,6.582278481012658888e-01,4.168422309507986423e-01,6.279354917357642396e-01,1.179786900512846265e-01,2.499361536116585514e-01,4.971222280933607629e-01,2.564102565682117585e-01,6.112736726819996136e-01,5.821290750100697187e-01,3.049060064190737829e-01,3.587512632495621356e-01
5.529565109043108051e-02,1.729055260000000038e-01,5.966079527913748307e-03,4.231679226418292306e-01,0.000000000000000000e+00,3.532377368938874329e-02,9.019183419464813500e-01,5.796603361563223977e-01,3.999999976000001567e-01,8.736619335440681811e-02,8.181818181818182323e-01,5.684210526315789380e-01,4.778002824258865966e-02,5.593240160766204117e-01,3.797468354430379445e-01,1.505758851551957656e-01,3.588045087927426158e-01,4.262824668505280079e-02,1.015343970323284856e-01,3.761826204039728228e-01,1.057692310653969570e-01,3.784479974966627469e-01,3.723789353325624440e-01,1.458046767537826693e-01,1.337126265435020500e-01
5.702592309626291350e-02,2.783251230000000076e-01,5.153012832242298731e-03,4.029557830346296443e-01,0.000000000000000000e+00,1.633639310814074749e-02,8.558402554181661070e-01,5.516680527033372972e-01,1.000000000000000000e+00,7.565637259708324347e-02,6.666666666666667407e-01,4.982456140350877138e-01,3.071517810488086711e-02,5.222250883603414273e-01,2.911392405063291111e-01,1.399866354529749890e-01,3.128356500905672410e-01,2.774617308649931016e-02,8.794169942702347031e-02,3.558044831977972833e-01,8.974358887483563363e-02,2.897599525963800993e-01,2.784721229681795251e-01,1.201283814763869640e-01,1.123759995764458952e-01
2.515675930700879848e-03,2.451345759999999929e-01,1.923187679556121604e-02,5.941091058120402391e-01,0.000000000000000000e+00,7.872217985954796382e-02,9.692632376417111839e-01,7.068419295893371146e-01,1.000000000000000000e+00,1.781892920967294291e-01,1.000000000000000000e+00,8.479532163742690143e-01,1.706470903379932458e-01,6.609874270880773395e-01,6.075949367088607778e-01,3.790234076543126385e-01,5.970059943245537015e-01,1.001616335340328040e-01,2.140094220301140826e-01,4.809080402824166822e-01,2.211538462130793747e-01,5.988235646590035488e-01,5.720125254992658448e-01,2.668500687757909273e-01,3.188570761404816434e-01
1.710345914724533192e-02,5.000000000000000000e-01,1.483798633533567660e-04,1.881330855561667570e-01,0.000000000000000000e+00,6.965209010557472198e-04,5.047755621093644729e-01,3.726175726820657452e-01,3.999999976000001567e-01,2.189162685899462973e-02,2.424242424242424032e-01,2.385964912280701955e-01,3.450420287612095821e-02,3.565279899608312375e-01,1.012658227848101250e-01,4.914168175713481967e-02,1.389671583528845344e-01,3.021287113107999200e-03,2.526629522395382188e-02,2.366273107169681311e-01,2.564102627284681191e-02,6.166198955389332048e-02,5.897119395033977723e-02,3.668042182485098390e-02,3.114102340163819524e-02
2.839237959763374342e-02,3.333333330000000094e-01,7.473948672613526514e-04,2.645441492673021866e-01,0.000000000000000000e+00,2.531443823201127031e-03,5.259882572580427684e-01,3.897421971792740525e-01,3.999999976000001567e-01,3.449753084384414581e-02,3.333333333333333703e-01,2.923976608187134341e-01,2.085227145544256075e-02,3.722160063887893777e-01,1.392405063291139167e-01,6.302974326782360970e-02,1.742410439318869686e-01,6.590436843105421279e-03,3.704428783050479207e-02,2.486854294199657978e-01,3.846153632914200982e-02,8.859616709775997023e-02,8.430024817119914637e-02,5.364511691884456257e-02,4.262800330578277175e-02
8.692758631239942690e-02,1.606625259999999999e-01,2.829543543093073626e-02,6.824195699359081324e-01,0.000000000000000000e+00,1.087874606161979840e-01,9.273789875267188787e-01,6.440035527797107751e-01,3.999999976000001567e-01,1.927808589978519949e-01,9.393939393939394478e-01,7.040935672514619936e-01,1.706470903379932458e-01,6.244753442139019395e-01,5.063291139240506666e-01,2.720048812026337193e-01,4.860900095399476317e-01,1.057088948867438427e-01,2.178198896496961190e-01,4.461708204997458238e-01,2.211538462130793747e-01,5.054976880748605073e-01,4.980731000610683634e-01,2.558459422283355655e-01,2.414878258613869788e-01
1.278639806776223423e-02,3.217391299999999843e-01,7.917538517434128537e-03,5.113972395385995018e-01,0.000000000000000000e+00,2.528269659293000751e-02,9.003760924267432131e-01,5.976533550573366327e-01,1.000000000000000000e+00,1.208637652279297980e-01,9.393939393939394478e-01,6.748538011695907057e-01,8.873569422834344522e-02,5.805860141729914936e-01,4.430379746835442778e-01,2.489120146780151588e-01,4.456079869388049897e-01,4.680659163935338429e-02,1.407292148375595409e-01,4.051590046354763275e-01,1.442307673945389390e-01,4.675108771999906265e-01,4.460169172199628940e-01,1.884456671251719118e-01,1.917857414742609734e-01
5.746828786156848307e-02,1.583333329999999928e-01,2.136801925500207526e-03,2.947747159262597560e-01,0.000000000000000000e+00,8.496183824466626081e-03,7.139803566113802624e-01,4.707857413598999230e-01,1.000000000000000000e+00,4.187555958717945753e-02,4.242424242424243097e-01,3.052631578947368474e-01,1.061338702807396867e-02,4.385318450747565100e-01,1.772151898734176945e-01,5.810078148238574658e-02,1.824276918322229324e-01,1.498229056970491919e-02,4.637157772911036646e-02,2.952250919174068122e-01,4.807692349155572031e-02,1.462574775548520500e-01,1.390434364564790970e-01,6.740027510316368153e-02,4.998871508932865165e-02
3.152717774716223137e-02,3.266666670000000217e-01,2.457104590525653436e-03,3.698514527851368139e-01,0.000000000000000000e+00,9.973804825703086810e-03,7.928244811818502269e-01,5.103811317979440876e-01,3.999999976000001567e-01,6.475152686805588087e-02,6.060606060606060774e-01,4.701754385964911909e-01,1.706324668420246271e-02,4.923409887207745861e-01,2.531645569620252778e-01,1.344385870297354624e-01,2.940516620204430276e-01,2.018899310172162301e-02,7.364369910760885929e-02,3.357328536919048090e-01,7.692307573841222768e-02,2.450910289315210711e-01,2.330528955472110086e-01,1.045392022008253124e-01,9.873991969462452001e-02
1.215242134986158629e-01,1.000000000000000000e+00,0.000000000000000000e+00,3.539568328311792911e-02,0.000000000000000000e+00,2.032495999971653530e-05,5.106739900971347668e-01,3.774545577977292954e-01,3.999999976000001567e-01,7.187755157188915195e-03,9.090909090909091161e-02,1.859649122807017496e-01,5.156905301382875423e-02,3.418191978989751911e-01,3.797468354430379861e-02,5.460186861903868621e-02,1.091545685638948965e-01,4.928195515747032553e-04,9.088652974505936899e-03,2.342178765902038218e-01,9.615384082285502454e-03,2.726706813271681865e-02,2.420383820797006660e-02,1.375515818431911896e-02,2.658617942087197761e-02
1.606264652189664036e-02,2.939393940000000205e-01,5.565871558697271619e-03,4.603140402765812378e-01,0.000000000000000000e+00,3.044809334311050081e-02,9.133363997943667600e-01,6.185938233680126075e-01,1.000000000000000000e+00,1.123114943467672378e-01,9.090909090909091717e-01,6.970760233918129600e-01,8.532277551131406401e-02,5.890704149048391347e-01,4.556962025316455556e-01,2.650428008716545492e-01,4.657985810185242270e-01,5.005667653444450388e-02,1.345335805051544598e-01,4.131337512792004341e-01,1.410256414205292574e-01,4.673474279208651994e-01,4.429128282421423424e-01,1.838606143970655804e-01,2.062926407529529216e-01
4.399104473243942853e-02,2.387387390000000054e-01,3.224868166140075487e-02,4.936233870394714507e-01,2.955271565495207545e-02,2.609950825351402617e-02,8.482101788468303649e-01,5.544118395818129486e-01,3.999999976000001567e-01,1.188352132818152607e-01,7.878787878787879562e-01,5.719298245614035103e-01,5.801897680809745689e-02,5.349600209100631165e-01,3.670886075949366667e-01,1.722308149664033561e-01,3.664432939435648962e-01,3.971638739551780484e-02,1.111034571006277588e-01,3.696301615265594198e-01,1.153846151476824317e-01,3.524282704003675049e-01,3.360471915076075899e-01,1.485557083906464682e-01,1.409996150853441432e-01
1.570353346408248640e-02,3.418803420000000037e-01,2.341994789866416217e-03,3.068350493036560156e-01,0.000000000000000000e+00,1.205192359266242172e-02,8.958305148948836338e-01,5.790861209642290675e-01,1.000000000000000000e+00,6.540924129678082899e-02,7.272727272727272929e-01,5.976608187134503369e-01,2.388921239454166665e-02,5.433233397647398988e-01,3.164556962025316111e-01,1.809542387172393130e-01,3.769282215056442009e-01,2.443815243282607130e-02,7.881908727124872782e-02,3.720248048023083176e-01,8.333333384668803467e-02,3.390194374814829437e-01,3.203285994568819128e-01,1.164603392939018711e-01,1.453451415116288892e-01
3.407023473212459491e-02,2.676923079999999899e-01,1.868454194850414094e-03,3.550847174868313472e-01,0.000000000000000000e+00,1.343714523226929164e-02,8.035119997835440397e-01,5.243603016468378897e-01,3.999999976000001567e-01,6.443977568293651759e-02,7.272727272727272929e-01,4.678362573099414945e-01,2.047622953937206294e-02,5.064311994254455662e-01,3.037974683544303889e-01,1.236133337956829559e-01,2.908247603323952379e-01,2.363775967892207952e-02,7.693184933001916137e-02,3.376186445342050368e-01,8.012820479255013117e-02,2.932969151029131138e-01,2.866923066928264707e-01,1.132508023842274114e-01,9.726906531946355461e-02
7.664910436238947522e-02,1.787423099999999876e-01,6.476263354517435011e-02,6.561740551233181673e-01,0.000000000000000000e+00,1.349535390553743830e-01,9.824670580913986706e-01,7.180094250493598285e-01,1.000000000000000000e+00,2.171201355194178062e-01,1.000000000000000000e+00,9.040935672514620602e-01,1.945379703241804370e-01,6.618445803595605081e-01,5.822784810126582222e-01,3.528441845464833637e-01,6.229429852342777130e-01,1.255045687202359372e-01,2.347153241043958838e-01,4.880938649473645641e-01,2.435897434317882970e-01,6.011551303433100291e-01,5.730065096215064546e-01,2.865657955066482909e-01,3.131564698080956943e-01
8.961475410926436971e-03,2.867715080000000083e-01,6.761494515396641869e-03,5.126052577448320102e-01,0.000000000000000000e+00,3.639672504868023128e-02,9.105765848643091465e-01,6.011976488292232190e-01,3.999999976000001567e-01,1.209221488494769958e-01,9.090909090909091717e-01,6.561403508771930237e-01,9.214867708351305586e-02,5.884670449441415929e-01,4.430379746835442778e-01,2.468220039440947033e-01,4.380408856756928815e-01,5.199670281412437783e-02,1.415044670723752673e-01,4.094439404092369839e-01,1.474358964486768564e-01,4.588027922862592534e-01,4.425100372906461965e-01,1.875286565795506455e-01,1.945621843794365369e-01
2.795444901115594696e-02,2.619047620000000132e-01,7.889082556973250893e-03,5.668158299735364114e-01,0.000000000000000000e+00,3.361214725705875123e-02,8.679076814848887267e-01,5.671888347674569619e-01,3.999999976000001567e-01,1.289794604931916167e-01,8.787878787878788955e-01,6.269005847953217359e-01,9.897464279385224939e-02,5.676584101482757827e-01,4.303797468354430000e-01,2.224305678066069714e-01,4.148450141427942328e-01,5.363900288315288228e-02,1.502632808347262316e-01,3.956930164725485644e-01,1.538461545569526356e-01,4.195939400597205604e-01,4.064251653391889874e-01,1.884456671251719118e-01,1.785664948974282074e-01
2.189325911700423094e-02,3.241106719999999886e-01,3.209863115069705366e-03,4.229148443224607923e-01,0.000000000000000000e+00,7.967357477391709061e-03,8.217484239292189852e-01,5.108931167721753042e-01,1.000000000000000000e+00,6.432300843984212202e-02,4.545454545454545858e-01,4.035087719298245390e-01,1.023728097386325704e-02,4.858220081510591370e-01,2.025316455696202500e-01,1.097472150276564695e-01,2.501830238318069055e-01,1.860417748528453777e-02,7.225364563336122981e-02,3.349509024641554311e-01,7.051282071026462872e-02,1.869400364182304264e-01,1.761521770201265602e-01,9.124254928931681274e-02,8.773578900078007892e-02
6.327623071741909910e-02,2.111528819999999862e-01,1.064803575396358962e-02,5.649480069790852044e-01,0.000000000000000000e+00,7.133677387255389635e-02,9.330880164506616392e-01,6.339703444725424131e-01,3.999999976000001567e-01,1.446014797211122305e-01,9.696969696969697239e-01,7.380116959064327853e-01,1.262784414970688218e-01,6.203514877487525947e-01,5.189873417721518889e-01,2.652756119963027293e-01,4.946056886885939474e-01,7.646487374031918360e-02,1.732674579541415016e-01,4.319104259706725846e-01,1.794871777496712673e-01,5.142210859556789471e-01,5.070358483946831862e-01,2.196240256762952425e-01,2.361760529372474160e-01
3.822289863156806689e-02,1.893939390000000111e-01,4.062037247170605103e-02,6.832784539059805207e-01,0.000000000000000000e+00,1.549903763516272126e-01,9.684244703590465519e-01,7.040755135407297249e-01,1.000000000000000000e+00,2.304789527044322772e-01,1.000000000000000000e+00,9.368421052631579204e-01,2.320806534547656119e-01,6.826611418630392780e-01,6.582278481012658888e-01,4.057491836321306944e-01,6.625227436294450767e-01,1.449658013437051807e-01,2.687940583352864676e-01,5.090672608855604242e-01,2.788461537869206253e-01,6.216638537411909304e-01,5.993802216649558590e-01,3.136176066024759512e-01,3.652336880836440369e-01
4.426973287176487297e-04,4.779411760000000231e-01,1.044154593968066183e-03,2.810261641254002685e-01,0.000000000000000000e+00,2.785130356146517036e-03,8.003463297167131563e-01,5.186266356647035725e-01,3.999999976000001567e-01,4.409413720597308434e-02,4.545454545454545858e-01,3.929824561403508776e-01,7.200404172904366698e-03,4.768634108791020010e-01,1.898734177215189722e-01,1.118622359457668025e-01,2.407632753556983307e-01,9.792043251232701584e-03,5.035875392145536950e-02,3.235863892432267463e-01,5.128204946556540883e-02,1.805858208582585278e-01,1.709236906045762394e-01,7.198532783127005452e-02,7.467624528495989122e-02
1.893859948235396273e-02,2.426829269999999927e-01,5.444441874969279706e-03,4.676224653093080108e-01,0.000000000000000000e+00,3.383214021357935919e-02,9.139587110040856555e-01,6.011976488292232190e-01,3.999999976000001567e-01,1.043568188785113648e-01,9.090909090909091717e-01,6.421052631578947345e-01,7.167084409063566308e-02,5.801541393014837400e-01,4.303797468354430000e-01,2.094135502170480778e-01,4.181256195914478391e-01,4.818301672727519358e-02,1.243081046897504260e-01,3.978223930914446815e-01,1.282051282841058515e-01,4.466875721956464207e-01,4.324805425983914708e-01,1.710224667583676861e-01,1.700481000819759336e-01
2.012484763053002945e-01,1.767924220000000046e-01,1.354207947410131785e-01,8.177114861243213184e-01,0.000000000000000000e+00,2.693237109733371826e-01,9.935604318298656423e-01,8.247285913907322907e-01,1.000000000000000000e+00,4.132333233878714984e-01,1.000000000000000000e+00,9.836257309941520699e-01,4.675758932182061955e-01,8.068520472071947225e-01,8.860759493670886666e-01,7.388668231590289626e-01,8.436329831582813910e-01,3.503298134421418686e-01,4.851275289054570727e-01,6.881477991658404569e-01,5.000000000000000000e-01,8.131578334148915621e-01,7.561867390824161816e-01,5.103163686382392594e-01,6.716984977147644198e-01
1.181389396725536362e-01,1.861702130000000011e-01,1.101605078838288100e-02,5.549582616622115161e-01,0.000000000000000000e+00,6.165429779595490989e-02,8.900944289618226701e-01,5.871449341774013231e-01,3.999999976000001567e-01,1.275256959209929708e-01,9.090909090909091717e-01,6.304093567251461971e-01,9.556165993868265263e-02,5.792473407684379794e-01,4.430379746835442778e-01,1.951609048748623454e-01,4.102406569991454144e-01,6.106875271048312070e-02,1.471538621003596614e-01,3.960868552315070512e-01,1.506410255028147460e-01,4.352947246828384742e-01,4.318159375284227885e-01,1.907381934892251052e-01,1.733194361951205797e-01
1.722462308371419323e-02,4.666666669999999795e-01,1.450825330566155220e-04,1.314943425593074200e-01,0.000000000000000000e+00,2.660174149067518162e-04,5.860548175004736127e-01,3.934844961898136262e-01,3.999999976000001567e-01,1.436522190548522593e-02,1.515151515151515194e-01,2.187134502923976653e-01,4.474308730348955376e-02,3.652756603191680274e-01,6.329113924050633333e-02,4.323320369325532597e-02,1.270173241809919307e-01,2.450635779629539365e-03,1.562836428768116237e-02,2.532063054134925939e-01,1.602563911043310141e-02,4.672984930043042745e-02,4.111066356560945378e-02,2.292526364053186494e-02,3.063714857766005814e-02
2.378986825611284842e-02,1.479115480000000038e-01,6.016905676217815940e-02,7.645962015856671012e-01,0.000000000000000000e+00,2.528568155043049437e-01,9.644200330095512586e-01,7.138003994048529588e-01,1.000000000000000000e+00,2.894090994902775993e-01,1.000000000000000000e+00,8.818713450292398059e-01,3.105790667092458435e-01,7.179793241774738988e-01,7.088607594936708889e-01,4.490832362935296418e-01,6.624522854979288944e-01,2.076831299470441872e-01,3.442172360485040161e-01,5.465841820845116494e-01,3.525641035513231714e-01,6.516007043964859857e-01,6.440874186297311788e-01,3.709307657038055650e-01,4.245057905184060343e-01
1.100341476111526585e-02,2.077687440000000052e-01,4.486582811307328333e-02,6.856445347990030026e-01,0.000000000000000000e+00,1.075042074106884182e-01,9.406639790037609750e-01,6.677924678807216630e-01,1.000000000000000000e+00,2.222664472301930094e-01,1.000000000000000000e+00,8.502923976608187662e-01,2.116028204618882191e-01,6.572439451968763446e-01,5.822784810126582222e-01,3.631612144002137055e-01,5.965308030749281176e-01,1.225688075695977736e-01,2.507464455275938975e-01,4.828160366965791872e-01,2.596153856223496481e-01,5.845172587125789798e-01,5.673297558567103049e-01,2.957359009628610647e-01,3.250726627122162427e-01
2.031785080673232519e-02,3.263157890000000227e-01,1.184917624335950735e-03,2.937565668599678159e-01,0.000000000000000000e+00,7.166018409407044418e-03,8.127925539110907316e-01,5.238370020875409150e-01,1.000000000000000000e+00,4.968322236933133546e-02,5.757575757575758013e-01,4.140350877192982559e-01,0.000000000000000000e+00,4.915480303326209555e-01,2.405063291139240556e-01,1.075043832389714349e-01,2.544431618259362371e-01,1.594764234178796050e-02,5.816494272863699522e-02,3.303756320246818423e-01,6.089743662797912627e-02,2.308017004051278465e-01,2.213687096396970144e-01,8.711600183402108677e-02,8.078945102554296875e-02
3.791572089327419071e-02,5.514705880000000393e-01,4.352475991698465389e-04,2.913070931283104903e-01,0.000000000000000000e+00,2.024024727373435924e-03,7.624124029329798491e-01,4.751107415013322566e-01,3.999999976000001567e-01,4.253017509756325948e-02,4.848484848484848619e-01,3.754385964912280715e-01,7.200404172904366698e-03,4.582574768276722610e-01,2.025316455696202500e-01,1.048328980013316786e-01,2.274637399153663364e-01,7.994299760381200562e-03,4.972157363691664944e-02,3.121823545653242271e-01,5.128204946556540883e-02,1.813771017879553527e-01,1.694600002598651567e-01,7.336084364970196781e-02,6.526703310381136436e-02
1.178100344580036707e-02,2.878048779999999862e-01,5.365229010140566343e-03,4.553073460607350853e-01,0.000000000000000000e+00,2.810407336825470823e-02,9.087637652533889776e-01,5.976533550573366327e-01,1.000000000000000000e+00,1.035313909891635853e-01,8.787878787878788955e-01,6.350877192982457009e-01,7.167084409063566308e-02,5.770932579745320368e-01,4.303797468354430000e-01,2.177160126042415600e-01,4.148579891834012212e-01,4.367649742628876980e-02,1.220527625451403309e-01,3.967959150410212410e-01,1.282051282841058515e-01,4.306592232330999637e-01,4.164234762158440240e-01,1.723979825767996132e-01,1.758401119984908390e-01
1.400585267263477519e-02,2.273524249999999969e-01,2.339727325732356839e-02,5.966078709503725985e-01,0.000000000000000000e+00,6.650534763078191913e-02,9.366324846451473674e-01,6.509874804116246860e-01,1.000000000000000000e+00,1.613777840527431118e-01,9.393939393939394478e-01,7.099415204678363178e-01,1.331044072074080431e-01,6.151674969542180182e-01,5.063291139240506666e-01,2.641381134308793954e-01,4.783577800284682935e-01,7.680056481450003858e-02,1.787319633062404711e-01,4.330336412920360867e-01,1.858974358579470465e-01,4.977639739146934028e-01,4.866182451307771717e-01,2.232920678587803631e-01,2.227549152527324161e-01
2.697937308692896843e-02,5.138339920000000172e-01,6.627633896449935946e-04,2.973103037248779335e-01,0.000000000000000000e+00,4.460834119488671888e-03,8.387131686463379365e-01,5.238370020875409150e-01,3.999999976000001567e-01,5.534705344307801894e-02,6.363636363636364646e-01,4.994152046783625898e-01,1.023728097386325704e-02,5.074477267316852558e-01,2.658227848101265556e-01,1.628747194176735913e-01,3.122045247795688372e-01,1.349890057230705709e-02,6.824225056262295253e-02,3.470390964050124594e-01,7.051282071026462872e-02,2.717332614289660886e-01,2.551862583319257638e-01,9.949564419990829245e-02,1.124107545253505841e-01
1.499273459799069404e-02,2.509803919999999966e-01,1.099881674203191488e-02,5.206800753306496388e-01,0.000000000000000000e+00,4.412617376771029581e-02,9.268107903352363897e-01,6.253146868971448669e-01,1.000000000000000000e+00,1.307003518263971376e-01,9.393939393939394478e-01,6.982456140350877805e-01,1.058006085041914568e-01,6.040301992132164344e-01,4.936708860759493889e-01,2.573147207702936590e-01,4.670330774533595908e-01,6.224484574902409278e-02,1.530430825642506709e-01,4.212114036836372422e-01,1.602564095851002623e-01,4.882406399488679605e-01,4.734378857373023886e-01,2.017423200366804115e-01,2.114066742546135691e-01
2.573148431032334232e-02,2.688172039999999763e-01,4.383009270246289966e-03,4.171745902849944843e-01,0.000000000000000000e+00,1.838662350968543399e-02,8.509158797586515721e-01,5.560637690014313961e-01,3.999999976000001567e-01,8.048994146886995216e-02,7.575757575757575690e-01,5.146198830409357550e-01,3.754107967707984855e-02,5.311595556766193216e-01,3.164556962025316111e-01,1.477492610538147788e-01,3.249589902040520006e-01,3.039485320774043195e-02,9.154162981566366097e-02,3.584487522223356870e-01,9.615384698311145450e-02,3.293339857988874519e-01,3.205085560594052030e-01,1.306740027510316371e-01,1.144187588648070408e-01
8.041494158634520176e-03,2.651567149999999873e-01,2.215603723151927940e-02,6.412854049443881266e-01,0.000000000000000000e+00,1.089133898678645018e-01,9.691820666143565743e-01,7.061489112540522139e-01,1.000000000000000000e+00,2.312986785840323301e-01,1.000000000000000000e+00,9.894736842105263941e-01,2.525584864476430602e-01,7.021832276382975468e-01,7.848101265822785555e-01,5.487347337613422971e-01,7.395588830664611146e-01,1.457793522402390241e-01,2.885450340144601888e-01,5.480097882950991650e-01,2.980769219514916579e-01,6.804170453297114785e-01,6.240752049686212333e-01,3.425034387895460886e-01,4.891998088525767452e-01
3.805279244628768237e-02,2.576779029999999859e-01,2.292162237091765684e-02,6.420114220089606638e-01,0.000000000000000000e+00,1.036367278165332834e-01,9.767850861765741133e-01,7.236610602897666222e-01,1.000000000000000000e+00,2.255189479643267547e-01,1.000000000000000000e+00,9.228070175438597422e-01,2.389066191651048332e-01,6.972327343075981343e-01,7.341772151898734444e-01,5.222837522580562331e-01,6.956319442776067730e-01,1.416989154551131225e-01,2.754364908905979625e-01,5.395786569623095552e-01,2.852564088150682520e-01,6.719509718740741544e-01,6.177799721944310374e-01,3.310408069692801214e-01,4.490260749398087836e-01
4.372488314830244235e-03,2.258754340000000138e-01,3.280329261731263629e-02,6.848347881707808060e-01,0.000000000000000000e+00,1.098280154390970792e-01,9.428826537514544137e-01,6.704174516160057440e-01,1.000000000000000000e+00,2.243516474035836816e-01,1.000000000000000000e+00,9.333333333333333481e-01,2.286676705995960013e-01,6.703811196591358268e-01,6.329113924050633333e-01,4.022405024675901886e-01,6.536596443507296517e-01,1.282841708851805707e-01,2.711347724978899199e-01,4.973650650691837094e-01,2.756410247327826801e-01,6.027623261062786675e-01,5.840507776464014533e-01,3.131591013296652348e-01,3.536065922293716857e-01
8.400163798565897857e-03,3.630769229999999959e-01,2.214574956099344630e-03,3.865851121092905851e-01,0.000000000000000000e+00,1.244005738237556960e-02,8.153088557590845165e-01,5.238370020875409150e-01,3.999999976000001567e-01,6.716855921741654578e-02,6.666666666666667407e-01,4.584795321637426535e-01,2.047622953937206294e-02,5.022868069722277173e-01,2.784810126582278333e-01,1.340997064764927749e-01,2.865456540912141303e-01,1.973665578412572494e-02,7.881250269052930690e-02,3.406643787562139702e-01,8.012820479255013117e-02,2.735358639675897208e-01,2.616770396164390666e-01,1.104997707473635987e-01,1.005852821087908078e-01
3.702029390624105715e-02,4.571428570000000136e-01,1.526334194361530193e-03,3.024006072871240902e-01,0.000000000000000000e+00,2.282866935742263337e-03,8.131713520387456873e-01,5.170708802181454011e-01,3.999999976000001567e-01,4.062979441403855724e-02,3.636363636363636465e-01,3.602339181286549619e-01,1.402636988324356890e-02,4.731151460141481691e-01,1.645569620253164445e-01,9.899806776090819271e-02,2.198980350190866684e-01,8.984287783241798331e-03,4.504650515150245005e-02,3.225166014765988298e-01,4.487179443741781681e-02,1.469006221725105699e-01,1.384632875537596119e-01,6.143970655662539526e-02,6.668151088237533886e-02
2.930360334674080719e-02,2.773109240000000142e-01,6.611389049187990120e-03,4.311370196609931593e-01,0.000000000000000000e+00,2.245016692262961563e-02,8.971021943234395168e-01,5.796603361563223977e-01,3.999999976000001567e-01,9.258514371109852203e-02,8.181818181818182323e-01,6.105263157894736947e-01,5.119301109775825642e-02,5.576551381595975521e-01,3.670886075949366667e-01,1.898297013443474845e-01,3.911489899067731035e-01,3.661039342663440638e-02,1.057374303284390749e-01,3.826616305995968470e-01,1.089743570394066385e-01,3.873028871600770473e-01,3.707781661317776090e-01,1.476386978450252019e-01,1.529959368840810574e-01
9.417530703362748598e-03,3.433333330000000183e-01,1.356104022241768009e-03,3.176665820636799809e-01,0.000000000000000000e+00,1.034897034921326668e-02,8.593576666035337430e-01,5.397396513976342458e-01,3.999999976000001567e-01,6.094593118839428808e-02,7.272727272727272929e-01,5.216374269005847886e-01,1.706324668420246271e-02,5.255929989138918845e-01,3.037974683544303889e-01,1.482699845501995184e-01,3.250492335841593805e-01,2.103803832686159184e-02,7.320156651226628064e-02,3.538574606327041239e-01,7.692307573841222768e-02,3.164411332927206666e-01,3.044443433857828007e-01,1.100412654745529517e-01,1.133594008923684282e-01
1.760605114647910419e-01,3.066666670000000039e-01,1.067451331624642147e-02,4.896402184021555470e-01,0.000000000000000000e+00,3.918240920239935560e-02,9.437755350523553410e-01,6.478052533618461339e-01,1.000000000000000000e+00,1.329975180143222191e-01,1.000000000000000000e+00,8.526315789473685181e-01,1.058006085041914568e-01,6.167828473060521510e-01,5.063291139240506666e-01,3.089128062706227862e-01,5.619788650445547429e-01,5.816459169406065777e-02,1.571229464238870499e-01,4.357428371853102056e-01,1.602564095851002623e-01,5.452428270400367927e-01,5.163715031898444829e-01,2.099954149472718634e-01,2.555610384595127238e-01
5.392349445217715399e-03,2.349563050000000042e-01,2.808301042211367587e-02,6.573289513110952553e-01,0.000000000000000000e+00,1.298763771231694619e-01,9.645282610460240713e-01,7.075349479246224593e-01,1.000000000000000000e+00,2.248520607373120372e-01,1.000000000000000000e+00,9.625730994152047471e-01,2.389066191651048332e-01,6.947749808039309638e-01,6.962025316455696666e-01,4.681347416928689498e-01,6.961821910061306573e-01,1.393441372270044221e-01,2.772559705660238571e-01,5.235712868627662164e-01,2.852564088150682520e-01,6.439721836623957252e-01,6.146434000753608906e-01,3.214121962402566868e-01,4.262801769281070463e-01
1.763582665730759058e-01,1.627715799999999990e-01,8.643809587704458230e-02,8.236229003463555465e-01,0.000000000000000000e+00,2.388710668310328189e-01,9.549500798181770334e-01,7.286451350112863601e-01,3.999999976000001567e-01,3.564280429301835418e-01,1.000000000000000000e+00,8.456140350877193734e-01,3.788385955363574031e-01,7.350733947732690510e-01,6.835443037974683334e-01,5.105694287935524933e-01,6.705902362474656098e-01,2.484812866649864505e-01,4.083837334040422706e-01,5.803396815685011312e-01,4.166666661533119931e-01,6.778591140449868879e-01,6.659771578550731652e-01,4.309949564419990331e-01,4.535258166035949223e-01
3.310829506267489591e-02,2.608695650000000255e-01,3.778147000612072821e-03,2.834181850997201657e-01,0.000000000000000000e+00,1.183817983641815078e-02,9.136610839037853093e-01,5.935461606784224742e-01,1.000000000000000000e+00,5.697014291343693165e-02,6.363636363636364646e-01,5.017543859649122862e-01,1.023728097386325704e-02,5.417717981934397908e-01,2.658227848101265556e-01,1.390903372261972915e-01,3.148775700038882741e-01,2.399081527976892197e-02,6.666427085414168563e-02,3.648510823864511976e-01,7.051282071026462872e-02,2.931401236355646867e-01,2.832711822564089599e-01,9.949564419990829245e-02,1.120240312145342754e-01
6.659610040577169932e-02,5.250000000000000222e-01,2.020186344005458004e-03,3.636535100858064862e-01,0.000000000000000000e+00,1.757188868738911777e-03,7.967748045131092249e-01,5.073177078913573279e-01,1.000000000000000000e+00,4.588047769454359909e-02,3.636363636363636465e-01,3.520467836257309968e-01,1.061338702807396867e-02,4.652216227761146738e-01,1.645569620253164445e-01,9.647854312789649889e-02,2.132387829215098562e-01,8.137617161805173194e-03,5.008720722113769314e-02,3.179938653415770866e-01,4.807692349155572031e-02,1.431486123455803783e-01,1.345614126268466770e-01,6.327372764786795556e-02,6.286240580812813006e-02
1.234453214757479274e-02,2.441558440000000108e-01,1.202936435297542912e-02,5.513049300581701617e-01,0.000000000000000000e+00,5.774501605981795932e-02,9.317892800129874420e-01,6.240870544174970114e-01,1.000000000000000000e+00,1.432915049599428059e-01,9.696969696969697239e-01,7.649122807017544323e-01,1.228654586418992528e-01,6.144502697267777425e-01,5.316455696202532222e-01,2.824140966553348453e-01,5.125341349869563246e-01,7.112706467172075220e-02,1.703586264110445725e-01,4.336240577790571593e-01,1.762820517756615579e-01,5.185713001707729086e-01,4.997466314982524360e-01,2.191655204034846371e-01,2.403341986011643672e-01
2.691269412280635626e-02,6.153846149999999682e-01,2.692819742338696965e-04,2.454054504911326040e-01,0.000000000000000000e+00,1.135596087191815401e-03,6.529126870315755671e-01,4.288029734729552622e-01,3.999999976000001567e-01,3.428544087257608119e-02,3.636363636363636465e-01,3.356725146198830112e-01,1.743928860027296052e-02,4.087175519290507930e-01,1.518987341772151667e-01,8.969272467595727771e-02,2.006781880525031481e-01,4.947560769345616012e-03,4.172936641162169891e-02,2.817012203070529686e-01,4.166666538327991332e-02,1.182693684066857681e-01,1.072989618388056621e-01,5.823016964695093556e-02,5.830352660857523323e-02
6.806797064041514127e-03,2.706306310000000104e-01,3.934528385485521612e-02,6.013484765392588249e-01,5.990415335463258883e-02,7.334300968545658106e-02,9.512162125598636608e-01,6.743690704502640632e-01,1.000000000000000000e+00,2.043224704676181169e-01,1.000000000000000000e+00,9.169590643274854180e-01,1.877120046138412435e-01,6.599116136013529754e-01,6.708860759493671111e-01,4.241771692060910537e-01,6.480951306477722440e-01,1.032089884376835992e-01,2.315419833560326823e-01,4.912239513109307176e-01,2.371794853235124900e-01,6.098475693993655744e-01,5.708860101607265980e-01,2.870243007794589518e-01,3.588652907223729982e-01
3.694674196493539370e-02,4.615384619999999827e-01,1.129467519845751833e-03,3.481224527722829309e-01,0.000000000000000000e+00,2.088266049986603912e-03,7.099218052436484516e-01,4.427595141517173261e-01,3.999999976000001567e-01,4.027081571340013905e-02,3.333333333333333703e-01,3.029239766081870955e-01,1.743928860027296052e-02,4.256248730825732407e-01,1.392405063291139167e-01,7.138589128814221141e-02,1.804542548260623103e-01,7.099530936039797485e-03,4.394596458853006898e-02,2.921082000253353850e-01,4.166666538327991332e-02,1.160995875485604095e-01,1.071657809596819194e-01,5.685465382851902921e-02,5.086942728064400288e-02
1.172845842669127149e-02,2.000000000000000111e-01,3.217792095323269291e-02,6.673116189832901668e-01,0.000000000000000000e+00,1.244054211912159064e-01,9.571146405476339547e-01,6.883878413468882407e-01,1.000000000000000000e+00,2.219113111882976275e-01,1.000000000000000000e+00,8.760233918128655928e-01,2.252546877444264184e-01,6.759613576922629541e-01,6.582278481012658888e-01,4.174380099606073147e-01,6.352624087638409911e-01,1.396619360033308499e-01,2.642407950612621348e-01,5.070021763364467304e-01,2.724358956786447905e-01,6.211771677002919656e-01,5.911411977183841371e-01,3.140761118752865566e-01,3.717430851696159610e-01
4.527684573802250208e-03,3.796791440000000240e-01,2.520028643688465922e-03,4.124468771207657758e-01,0.000000000000000000e+00,1.491170203576120540e-02,8.889309775697394889e-01,5.923779297703706259e-01,1.000000000000000000e+00,8.538127417853563772e-02,7.878787878787879562e-01,6.058479532163743020e-01,4.778002824258865966e-02,5.536945512034854300e-01,3.417721518987341667e-01,2.072828525914051923e-01,3.896215935962441534e-01,2.923287687099751855e-02,1.017879471973442418e-01,3.807233521865103776e-01,1.057692310653969570e-01,3.715638201192413836e-01,3.543949690110832496e-01,1.416781292984869434e-01,1.491306151953432357e-01
2.077185529146079179e-02,1.864406779999999986e-01,2.583880345774761805e-02,5.839012344657676934e-01,0.000000000000000000e+00,8.828122846348185337e-02,9.441543331800104077e-01,6.516267544678466805e-01,1.000000000000000000e+00,1.608523314588183040e-01,9.696969696969697239e-01,7.754385964912281493e-01,1.365173900625776260e-01,6.250050091670757979e-01,5.189873417721518889e-01,2.816238284254573565e-01,5.236154523464799926e-01,8.777373889811135310e-02,1.795975829762052611e-01,4.433122659365218987e-01,1.891025649120849639e-01,5.299521636223822885e-01,5.125456388134558283e-01,2.306281522237505488e-01,2.534001274170001872e-01
5.152543511488291705e-02,1.954022990000000015e-01,6.806744878168921251e-03,4.999378371775072827e-01,0.000000000000000000e+00,2.156131450499950558e-02,8.346005032603697193e-01,5.222671034096502130e-01,3.999999976000001567e-01,8.393073248141177944e-02,5.757575757575758013e-01,4.257309941520467933e-01,3.412809682191025179e-02,5.072900365144201729e-01,2.658227848101265556e-01,1.118607128495045372e-01,2.674585838384541114e-01,3.240010831730647661e-02,8.964951575443440290e-02,3.457813196374872056e-01,9.294871792897353713e-02,2.408217071295177536e-01,2.342320335745748106e-01,1.178358551123337844e-01,9.182085541376736049e-02
2.695254630502095378e-02,2.405731520000000123e-01,1.005907760746065430e-02,5.313901262255793512e-01,0.000000000000000000e+00,4.879694878177491535e-02,9.390405584566682284e-01,6.358400796546788136e-01,1.000000000000000000e+00,1.321185408160394092e-01,9.090909090909091717e-01,7.169590643274854624e-01,1.092135913593610674e-01,6.093077269812166019e-01,4.936708860759493889e-01,2.646493003746914208e-01,4.806925998174828574e-01,6.613630863517648562e-02,1.573670404063663153e-01,4.273756155559505499e-01,1.634615386392381520e-01,4.820425500750668002e-01,4.662545638813456184e-01,2.063273727647867983e-01,2.244127530342515942e-01
7.957344529930485133e-02,2.161917680000000064e-01,1.935116321459632444e-02,5.759834101035826714e-01,0.000000000000000000e+00,9.350241462049169172e-02,9.695879217511297332e-01,7.013232407234546439e-01,1.000000000000000000e+00,1.690733899476791202e-01,1.000000000000000000e+00,9.111111111111112049e-01,1.604082059106246294e-01,6.544975588312373915e-01,5.822784810126582222e-01,3.619658164974612902e-01,6.252778050232923324e-01,1.003134314200161276e-01,2.065683442307893747e-01,4.761073992204725713e-01,2.115384621307938584e-01,5.946810741713520754e-01,5.637955900887439142e-01,2.627235213204951458e-01,3.195929246624515940e-01
1.174009814611417200e-02,2.794033280000000063e-01,2.279554345147125419e-02,6.250663046277117330e-01,0.000000000000000000e+00,8.769936638935821316e-02,9.737005871370979504e-01,7.117043725213989536e-01,1.000000000000000000e+00,2.106226954119026773e-01,1.000000000000000000e+00,9.228070175438597422e-01,2.184287861722274127e-01,6.850751627157818380e-01,7.215189873417722222e-01,4.879485713768053068e-01,6.770923285274755843e-01,1.213573152791061344e-01,2.587156508734064220e-01,5.212909665237732693e-01,2.660256406504972193e-01,6.492691387121795055e-01,6.025388823200759081e-01,3.145346171480971620e-01,4.177753401737394623e-01
2.935642550202664097e-02,2.885802470000000119e-01,1.994947478804101268e-02,6.118940182981368325e-01,0.000000000000000000e+00,7.965505934510615227e-02,9.741876133012257188e-01,7.166035878549243954e-01,1.000000000000000000e+00,2.016239323761477298e-01,1.000000000000000000e+00,9.637426900584795675e-01,2.081898376067186363e-01,6.823200300225835679e-01,6.835443037974683334e-01,4.735653637140210259e-01,6.902457039664922078e-01,1.130275817218157758e-01,2.479084121176571287e-01,5.138695804649822119e-01,2.564102565682117585e-01,6.407125190163749373e-01,5.989384509439600324e-01,3.076570380559375817e-01,4.033359982676374411e-01
1.583168123220508525e-02,2.943548389999999793e-01,4.885698265085484764e-03,4.025446161140674439e-01,0.000000000000000000e+00,1.962810632080070478e-02,9.103330717822453177e-01,6.029740386845663380e-01,3.999999976000001567e-01,8.350791606294574732e-02,7.878787878787879562e-01,6.070175438596491224e-01,4.095406253224945226e-02,5.599932301904999576e-01,3.291139240506328889e-01,1.933396811188470288e-01,3.896900765034045921e-01,3.310992172967568842e-02,9.469130145019240274e-02,3.837688088388710450e-01,9.935897295712113608e-02,3.782419382221645088e-01,3.608500188402219422e-01,1.338835396607060968e-01,1.503892061007794656e-01
3.437092748388286684e-02,2.738205369999999750e-01,7.954677447676423985e-03,4.523048934059149540e-01,0.000000000000000000e+00,4.597260279401873401e-02,9.529478611434293311e-01,6.503510350016690200e-01,1.000000000000000000e+00,1.171362622904650874e-01,1.000000000000000000e+00,8.280701754385965119e-01,9.214867708351305586e-02,6.141589105393732151e-01,4.936708860759493889e-01,2.773652904388512752e-01,5.392901275411708939e-01,5.663895661246107216e-02,1.400702220891491823e-01,4.283118746196106774e-01,1.474358964486768564e-01,5.372973944653610667e-01,5.129036030300273552e-01,1.957817514901421529e-01,2.311824457103445751e-01
3.977536006640625815e-02,2.103896100000000047e-01,3.189532875570097459e-02,5.748693562674292989e-01,0.000000000000000000e+00,6.796550520958705155e-02,9.474823453015503993e-01,6.586927128414883370e-01,1.000000000000000000e+00,1.542942765085503765e-01,9.393939393939394478e-01,6.912280701754386358e-01,1.228654586418992528e-01,6.160752387087347071e-01,4.810126582278480556e-01,2.498719279011750727e-01,4.640278000001800685e-01,7.537205144882920538e-02,1.699892273482826732e-01,4.301466096406876827e-01,1.762820517756615579e-01,4.968265540164913396e-01,4.876784948611671000e-01,2.177900045850527100e-01,2.099193296050561042e-01
6.026996832666062925e-02,1.965714289999999920e-01,4.696916213606156659e-02,7.448577733821111213e-01,0.000000000000000000e+00,2.159377247019601265e-01,9.874184907600315197e-01,7.660313527152178281e-01,1.000000000000000000e+00,3.140880174620330201e-01,1.000000000000000000e+00,9.345029239766082796e-01,3.617736812605094054e-01,7.662422597216049791e-01,8.354430379746835555e-01,6.249951361300972730e-01,7.606224206952929556e-01,2.454979611548351315e-01,3.855010209398010979e-01,6.151160099941026527e-01,4.006410270428789056e-01,7.439691876470960752e-01,7.048971583748034897e-01,4.218248509857863149e-01,5.736460724263264810e-01
1.665095119787123740e-02,3.009446689999999980e-01,3.653540888698220308e-03,4.618401521582492508e-01,0.000000000000000000e+00,2.337378642416180000e-02,8.740766795638410525e-01,5.813773244400695095e-01,3.999999976000001567e-01,1.001383233190754340e-01,8.181818181818182323e-01,6.000000000000000888e-01,6.484487838029645568e-02,5.579072082722011938e-01,4.050632911392405000e-01,2.011133073016727890e-01,3.891625778600054653e-01,3.874922521567756434e-02,1.168491940769503940e-01,3.822698399789233314e-01,1.217948701758300445e-01,3.824746420593942986e-01,3.713966451411717662e-01,1.577258138468592419e-01,1.527380733867770846e-01
2.364681056168186496e-02,2.428765260000000092e-01,1.618207708419631963e-02,5.942232410025911626e-01,0.000000000000000000e+00,7.175419076031180898e-02,9.498363050948348540e-01,6.599854041852650788e-01,1.000000000000000000e+00,1.700220308302708982e-01,1.000000000000000000e+00,8.327485380116959046e-01,1.604082059106246294e-01,6.432846037864992095e-01,5.822784810126582222e-01,3.394229611046305495e-01,5.722415895142425324e-01,9.130264954542095801e-02,2.057839910132491790e-01,4.628157815350152915e-01,2.115384621307938584e-01,5.709353226874923637e-01,5.497031040889778231e-01,2.572214580467674927e-01,2.926233857549131456e-01
8.305627105957806566e-02,2.108262110000000134e-01,4.078896496977842817e-03,3.660150758290202644e-01,0.000000000000000000e+00,2.017624562779199784e-02,8.785410860683461332e-01,5.599361857402285203e-01,1.000000000000000000e+00,6.794589189410973895e-02,6.969696969696970168e-01,5.029239766081872176e-01,2.388921239454166665e-02,5.316428589136514837e-01,2.911392405063291111e-01,1.307626359725050369e-01,3.143338958471021405e-01,2.984375928781884263e-02,8.176601505602758280e-02,3.590074992162341494e-01,8.333333384668803467e-02,3.083918388543236966e-01,2.980964879227681052e-01,1.150848234754699717e-01,1.143760910505396827e-01
7.237300400982790705e-03,4.248366009999999804e-01,4.737164526318279087e-04,2.245642128493184897e-01,0.000000000000000000e+00,4.157440600143494890e-03,8.308125219838199405e-01,5.160355956846172099e-01,1.000000000000000000e+00,4.173809156956619776e-02,5.151515151515151381e-01,4.631578947368421018e-01,3.790564086605217094e-03,4.912833862977028510e-01,2.151898734177215000e-01,1.288388919631504037e-01,2.843709569562997141e-01,1.216225501721348266e-02,5.203034591809568149e-02,3.361435116137600487e-01,5.448717851970331927e-02,2.148362677638740448e-01,2.004560633031456929e-01,7.794589637780834079e-02,9.654178735556177837e-02
3.658657578964964047e-02,2.781609199999999782e-01,5.189052652385679754e-03,4.323845304008958057e-01,0.000000000000000000e+00,1.701216077247964462e-02,8.634703319895019602e-01,5.566153550233929881e-01,3.999999976000001567e-01,7.961914541500778042e-02,6.666666666666667407e-01,5.228070175438597200e-01,3.412809682191025179e-02,5.275291661410861366e-01,3.037974683544303889e-01,1.555768343669906295e-01,3.319388958567142112e-01,2.949780266494295491e-02,9.091694086444644662e-02,3.621363425351127874e-01,9.294871792897353713e-02,2.971331462488223663e-01,2.835674285046061449e-01,1.205868867491976110e-01,1.194070017855809046e-01
8.096921393981664980e-03,2.710223840000000051e-01,1.246745864730146140e-02,5.561574561557506291e-01,0.000000000000000000e+00,5.864834526895720129e-02,9.501609892042534034e-01,6.619286841703297952e-01,1.000000000000000000e+00,1.473531952513167376e-01,1.000000000000000000e+00,8.315789473684210842e-01,1.296914243522384325e-01,6.286430386952097660e-01,5.443037974683544444e-01,3.009602589632678904e-01,5.517095685108989178e-01,7.139579855209876591e-02,1.778510816011949214e-01,4.429002212285540474e-01,1.826923068038091569e-01,5.481516250054094819e-01,5.312591764874030620e-01,2.324621733149931369e-01,2.595861452208513276e-01
4.109535967619851876e-02,2.579710139999999985e-01,6.325763307783273566e-03,5.096725316783919935e-01,0.000000000000000000e+00,3.889178214543929923e-02,9.004843204632160258e-01,5.917952286394778660e-01,1.000000000000000000e+00,1.166757630249707356e-01,9.393939393939394478e-01,6.935672514619883877e-01,8.873569422834344522e-02,5.816945070923302818e-01,4.303797468354430000e-01,2.268797884292174105e-01,4.507847600385793685e-01,5.215508488047787550e-02,1.414898983733012539e-01,4.025716997003888076e-01,1.442307673945389390e-01,4.628237777089803662e-01,4.469316424775541807e-01,1.884456671251719118e-01,2.004329549974314673e-01
1.683867215854494837e-01,3.317460320000000240e-01,6.299439620914289162e-03,4.098667622534638566e-01,0.000000000000000000e+00,2.193510176587215935e-02,8.832760626640332458e-01,5.649485469244128755e-01,3.999999976000001567e-01,9.538334301642020785e-02,9.090909090909091717e-01,6.526315789473684514e-01,5.460599395292786012e-02,5.593361269997811913e-01,4.050632911392405000e-01,2.103204719232511233e-01,4.175759517204470916e-01,3.376686881567848852e-02,1.094562411108848665e-01,3.832493868081267574e-01,1.121794860935445420e-01,4.288862479568839592e-01,4.092797837922118598e-01,1.549747822099953876e-01,1.624260582124909813e-01
2.568808478504652770e-02,4.857142859999999951e-01,6.363847472710635342e-04,2.496128178796916397e-01,0.000000000000000000e+00,2.062763506966564658e-03,7.346789685868124753e-01,4.741461731244660527e-01,3.999999976000001567e-01,3.735312211684385653e-02,3.939393939393939226e-01,3.730994152046783197e-01,1.402636988324356890e-02,4.488474507203829011e-01,1.645569620253164445e-01,9.902419677235281548e-02,2.257235053100788702e-01,7.774341600322371391e-03,4.381409117624023714e-02,3.045536523027028708e-01,4.487179443741781681e-02,1.443480171372075183e-01,1.359198575939087883e-01,6.281522237505730855e-02,6.579606467377373258e-02
1.679916362518950324e-02,2.543675750000000124e-01,1.774811113533061521e-02,5.892428387661081679e-01,0.000000000000000000e+00,4.296485202296004141e-02,9.251873697881437542e-01,6.364652104795687215e-01,3.999999976000001567e-01,1.487630791398047436e-01,8.787878787878788955e-01,6.771929824561403466e-01,1.160394929315600454e-01,5.989679589598384535e-01,4.303797468354430000e-01,2.609809288637495173e-01,4.577257420927297593e-01,6.605516251053618337e-02,1.656840818107813140e-01,4.239131055504507528e-01,1.698717936673857509e-01,4.584422717785345269e-01,4.408637916921118172e-01,2.072443833104080646e-01,2.088743929153780432e-01
2.943529845792562660e-02,2.878787879999999966e-01,5.570762598637437300e-03,4.675324692756251954e-01,0.000000000000000000e+00,3.618667711541244392e-02,9.323033631862335247e-01,6.364652104795687215e-01,3.999999976000001567e-01,1.123563666843470366e-01,9.696969696969697239e-01,7.356725146198830334e-01,8.532277551131406401e-02,6.011030679065842985e-01,4.683544303797468333e-01,2.619993111127003060e-01,4.846159082353700409e-01,5.109121207821839400e-02,1.368816771639615737e-01,4.170706543668268318e-01,1.410256414205292574e-01,5.043452208562612116e-01,4.833030157348336409e-01,1.866116460339293792e-01,2.111262779311815774e-01
4.133208939836617362e-04,3.549783550000000232e-01,1.435943379826862959e-03,3.119066310717941160e-01,0.000000000000000000e+00,8.635761042873427509e-03,8.105468221542790896e-01,5.103811317979440876e-01,3.999999976000001567e-01,5.414628456425057274e-02,5.454545454545455252e-01,4.596491228070175294e-01,6.824298118693655074e-03,4.896585795174189792e-01,2.405063291139240556e-01,1.255755648600964947e-01,2.839323058339452976e-01,1.680814451402594736e-02,6.507484486629074028e-02,3.350566260524583950e-01,6.730769165612672522e-02,2.228332983798215206e-01,2.098047113548068832e-01,9.215955983493810677e-02,1.004937737601766246e-01
2.032699630056460441e-02,2.857142859999999840e-01,3.560248423502420864e-03,4.148519591740399415e-01,0.000000000000000000e+00,2.442818654206282969e-02,9.113612381287373720e-01,6.035680544005250781e-01,3.999999976000001567e-01,8.792337887214496384e-02,7.878787878787879562e-01,6.023391812865497297e-01,5.119301109775825642e-02,5.671393728999671868e-01,3.797468354430379445e-01,1.964745071083940087e-01,3.892703931203323475e-01,3.682921359998674038e-02,1.045496908538907782e-01,3.873123376718484168e-01,1.089743570394066385e-01,3.803091887789240011e-01,3.682171952756519429e-01,1.462631820265932747e-01,1.518524422021020892e-01
3.042506259951959988e-02,2.727272729999999923e-01,2.927512721759751094e-03,3.797944610201012816e-01,0.000000000000000000e+00,9.265840534503359122e-03,8.654454936551314592e-01,5.593817710720003777e-01,3.999999976000001567e-01,6.178524223191040471e-02,5.454545454545455252e-01,4.362573099415204547e-01,1.023728097386325704e-02,5.145189203133642142e-01,2.278481012658227778e-01,1.157520491274368485e-01,2.711648658766249165e-01,2.180082449696225250e-02,6.901351015795022248e-02,3.474168145277528041e-01,7.051282071026462872e-02,2.350593710365214417e-01,2.276288606213375532e-01,9.536909674461256647e-02,9.194981799176492332e-02
6.080755708229259281e-03,3.956989249999999791e-01,1.145030918846370524e-03,3.522357770076136596e-01,0.000000000000000000e+00,1.159925408480798857e-02,8.813279580075219499e-01,5.604906004084564408e-01,3.999999976000001567e-01,7.521645014937408669e-02,8.181818181818182323e-01,6.233918128654971635e-01,3.754107967707984855e-02,5.477235763308849759e-01,3.544303797468354444e-01,2.055620515700500861e-01,3.968287084433346767e-01,2.534696232012887546e-02,9.232784491831402818e-02,3.755404817869555933e-01,9.615384698311145450e-02,3.811697109511016923e-01,3.609188830996712949e-01,1.348005502063273631e-01,1.529557148645621922e-01
9.026447216200360335e-02,1.876015500000000058e-01,5.988409048683279723e-02,7.601128089725270875e-01,0.000000000000000000e+00,2.222924113851984518e-01,9.764333450580373608e-01,7.570588867579752801e-01,1.000000000000000000e+00,3.242646173808909627e-01,1.000000000000000000e+00,9.134502923976608457e-01,3.651866641156790161e-01,7.562013297929996991e-01,8.354430379746835555e-01,6.115562514852110887e-01,7.459805730520290279e-01,2.518964574740460982e-01,3.893088508353065302e-01,6.105857993049810251e-01,4.038461530168885316e-01,7.347221528700161874e-01,6.922183386822239326e-01,4.195323246217331215e-01,5.455210153920371230e-01
3.375479833576399552e-02,2.112676059999999967e-01,2.945965681210414161e-02,6.353638002679193875e-01,0.000000000000000000e+00,1.006680859744317480e-01,9.504045022863173431e-01,6.658322160180580873e-01,1.000000000000000000e+00,1.909114674977387405e-01,1.000000000000000000e+00,8.304093567251462638e-01,1.774730560483324115e-01,6.486636732463764154e-01,5.696202531645570000e-01,3.489011292172102263e-01,5.793047572206196927e-01,1.068068189287846304e-01,2.212556181833138236e-01,4.722903350582757231e-01,2.275641012412269737e-01,5.806124521053664944e-01,5.566168158725621762e-01,2.663915635029802664e-01,3.029279095352453433e-01
6.140894258580911931e-03,3.473684209999999828e-01,3.509128812801942318e-03,3.715043950323510535e-01,0.000000000000000000e+00,5.703677765943268758e-03,7.681755458751590160e-01,4.892624587724807572e-01,3.999999976000001567e-01,5.523462468566122524e-02,4.848484848484848619e-01,3.812865497076023402e-01,0.000000000000000000e+00,4.659484346939146704e-01,2.151898734177215000e-01,9.674652689348602064e-02,2.328200126709474016e-01,1.438329551285542907e-02,5.825457455149467972e-02,3.170845953236541281e-01,6.089743662797912627e-02,1.839237147926590932e-01,1.740654600262463991e-01,8.298945437872536079e-02,7.140757419746554535e-02
1.062786198529714898e-01,9.523809519999999473e-01,2.901650661132310102e-06,2.294970434860911790e-01,0.000000000000000000e+00,6.123465656489959265e-05,4.306123001163451591e-01,3.475387948835446661e-01,3.999999976000001567e-01,1.900256726791054590e-02,1.818181818181818232e-01,1.321637426900584833e-01,4.133016858646016561e-02,3.175577352627466654e-01,7.594936708860759722e-02,3.785883257632907672e-02,7.767022707677821713e-02,7.922531980535940654e-04,2.078501617734503787e-02,2.157710573133327370e-01,1.923076816457100491e-02,3.982303536296725316e-02,3.530787521276457924e-02,2.751031636863823793e-02,1.913045844524842790e-02
2.209495882643249323e-02,2.638655460000000064e-01,4.191357442298698256e-03,3.842778927330263716e-01,0.000000000000000000e+00,2.457268642513164153e-02,9.150680483779324303e-01,6.041620701164835960e-01,3.999999976000001567e-01,8.780747932618609974e-02,8.484848484848485084e-01,6.385964912280702732e-01,5.119301109775825642e-02,5.716778182594643987e-01,3.924050632911392222e-01,2.076147620191811927e-01,4.138682738232136726e-01,3.945911917710434591e-02,1.011077313836378777e-01,3.921221477373016406e-01,1.089743570394066385e-01,4.159744206871527350e-01,3.978879461559450825e-01,1.517652453003209279e-01,1.655662736934482293e-01
1.195565466437922082e-04,2.902757619999999927e-01,7.391394513084114173e-03,5.254932746309624036e-01,0.000000000000000000e+00,4.536037832582444362e-02,9.090072783354529173e-01,6.077403076435681228e-01,3.999999976000001567e-01,1.348007166186685757e-01,9.696969696969697239e-01,7.263157894736842479e-01,1.126265742145306503e-01,6.018370066680329700e-01,5.063291139240506666e-01,2.835879744823035509e-01,4.889653025051987068e-01,6.007328337502099852e-02,1.612805287876590832e-01,4.234680852850330468e-01,1.666666646132478335e-01,5.049054757172960484e-01,4.844392760157478772e-01,2.122879413113250568e-01,2.263932987032546973e-01
7.636431922717582844e-03,2.482960080000000125e-01,2.802099863033296126e-02,6.275304180191987324e-01,0.000000000000000000e+00,9.151932067154494588e-02,9.643659189913147411e-01,6.856949701012089449e-01,1.000000000000000000e+00,2.012878856712337905e-01,1.000000000000000000e+00,9.298245614035087758e-01,2.013638718963794150e-01,6.695152200600933412e-01,6.455696202531645556e-01,4.214861135828393279e-01,6.568064849656122250e-01,1.150754091235671739e-01,2.419339271538470393e-01,4.990750424465612567e-01,2.499999984599358960e-01,6.177590471339784450e-01,5.829905279160115805e-01,2.929848693259972658e-01,3.625509389851352404e-01
2.345386835543845569e-02,2.399577169999999871e-01,1.086367016426947885e-02,5.327867413697900956e-01,0.000000000000000000e+00,3.551421011617771073e-02,8.604670039773804069e-01,5.711319676629160735e-01,1.000000000000000000e+00,1.168547565483553652e-01,8.181818181818182323e-01,5.485380116959064356e-01,8.190979265614445337e-02,5.558350185802629628e-01,4.050632911392405000e-01,1.834065274161577053e-01,3.595933727788310774e-01,4.825619515123048819e-02,1.314143708598412563e-01,3.806449886809231686e-01,1.378205123663913401e-01,3.743188226325653289e-01,3.689227291035952483e-01,1.751490142136634676e-01,1.432688810010828706e-01
4.225146095106927652e-02,5.714285709999999963e-01,4.495360304557253443e-04,3.160599473843179186e-01,0.000000000000000000e+00,2.869597933301157484e-03,7.793230336318623941e-01,4.917375242556418780e-01,3.999999976000001567e-01,5.182036041411963029e-02,5.454545454545455252e-01,4.304093567251461860e-01,3.412149059346827971e-03,4.758411555540094096e-01,2.405063291139240556e-01,1.338264518284508764e-01,2.649923837024483753e-01,9.993645431771832482e-03,6.248332113833322127e-02,3.246766194479817069e-01,6.410256260198882172e-02,2.128778724296685465e-01,2.002878006314722792e-01,8.895002292526363319e-02,8.708113812407296261e-02
2.427602053734265533e-02,5.147058820000000035e-01,3.528143417513150324e-04,2.318568153078221505e-01,0.000000000000000000e+00,2.980742473702034396e-03,7.881165615952813175e-01,4.902524849657450279e-01,3.999999976000001567e-01,4.013954553246917162e-02,4.848484848484848619e-01,4.128654970760233800e-01,7.200404172904366698e-03,4.733558153044815642e-01,2.025316455696202500e-01,1.188045526058986584e-01,2.523341553722872610e-01,9.038734645133706530e-03,4.931878305078348651e-02,3.215665995289627710e-01,5.128204946556540883e-02,1.901827236442198699e-01,1.790685134415238577e-01,7.336084364970196781e-02,8.077143983676506045e-02
4.749343630679019046e-02,6.071428570000000358e-01,3.649045528393662739e-05,9.525358219888241385e-02,0.000000000000000000e+00,4.339210826450372793e-04,7.244784761492465419e-01,4.500998512132063922e-01,3.999999976000001567e-01,1.737501535514038298e-02,2.121212121212121271e-01,3.204678362573099015e-01,3.791718573129056885e-02,4.215951910505559841e-01,8.860759493670886111e-02,8.162614322191714955e-02,1.902265996371454715e-01,3.139812242260543729e-03,2.087814602691626803e-02,2.922638826098993836e-01,2.243589721870890841e-02,7.910745375317493333e-02,7.126541325052297704e-02,3.209536909674461092e-02,5.019071581246178221e-02
1.811738956345066223e-02,2.418079099999999870e-01,1.556681723302637613e-02,5.861162197833373888e-01,0.000000000000000000e+00,5.484061819815686661e-02,9.407992640493521019e-01,6.529053025802911137e-01,1.000000000000000000e+00,1.567093255501726956e-01,9.696969696969697239e-01,7.707602339181287565e-01,1.365173900625776260e-01,6.251098577063007866e-01,5.063291139240506666e-01,3.090028414166889892e-01,5.274517188725792449e-01,7.965591372251017155e-02,1.846901082884880030e-01,4.464336559438756846e-01,1.891025649120849639e-01,5.356096391798907952e-01,5.130172940244013269e-01,2.306281522237505488e-01,2.599142105634985600e-01
6.187475307166651756e-02,6.923076919999999745e-01,8.012512621081265744e-05,1.748911350811520604e-01,0.000000000000000000e+00,9.284059727022305961e-04,7.867907681484889171e-01,4.982236101446571030e-01,3.999999976000001567e-01,3.221424781008738053e-02,3.939393939393939226e-01,4.058479532163742354e-01,1.743928860027296052e-02,4.684904182801798989e-01,1.645569620253164445e-01,1.326624710877726265e-01,2.486584202549428912e-01,5.206261206973666726e-03,3.955515470438026454e-02,3.194027221357229052e-01,4.166666538327991332e-02,1.563720252064753902e-01,1.462702857217104413e-01,5.960568546538284884e-02,7.853966925620380068e-02
8.683230689483768805e-03,3.422459889999999727e-01,2.696259956948296975e-03,4.014569085301133433e-01,0.000000000000000000e+00,1.711659884504160289e-02,8.745095917097325255e-01,5.733948846760916762e-01,1.000000000000000000e+00,8.466554799846445767e-02,8.484848484848485084e-01,5.906432748538011923e-01,4.778002824258865966e-02,5.512006199388057581e-01,3.924050632911392222e-01,1.891628741679118875e-01,3.768671281717609900e-01,3.040673281176308959e-02,1.014380354027993453e-01,3.742527483859484083e-01,1.057692310653969570e-01,3.889340510454428745e-01,3.757318451723555830e-01,1.471801925722145965e-01,1.440672993926262746e-01
5.390592401857211002e-02,2.151260500000000131e-01,5.263978987828630413e-03,4.563457674902240968e-01,0.000000000000000000e+00,3.134794574426723324e-02,8.825725804269596297e-01,5.660686908459349187e-01,3.999999976000001567e-01,9.086202115668740031e-02,7.575757575757575690e-01,5.461988304093567947e-01,5.119301109775825642e-02,5.490141596242064104e-01,3.417721518987341667e-01,1.570477854681715246e-01,3.480294740886346605e-01,3.980139846474895632e-02,1.049857126740473545e-01,3.725475665199048936e-01,1.089743570394066385e-01,3.456402984031238246e-01,3.385146109169341333e-01,1.421366345712975487e-01,1.318582003017384763e-01
1.816405929561295401e-02,2.114454030000000040e-01,3.602426773548236122e-02,6.944363023843060923e-01,0.000000000000000000e+00,1.443554936722251381e-01,9.595227143591548158e-01,7.082279662599073600e-01,3.999999976000001567e-01,2.515998165936169650e-01,1.000000000000000000e+00,8.783625730994152336e-01,2.662104178683214473e-01,7.013907990143835036e-01,7.088607594936708889e-01,4.861996247329228305e-01,6.657740279134662931e-01,1.643074848665885546e-01,2.995857336744460198e-01,5.374521746442739722e-01,3.108974350879150084e-01,6.559356056444928251e-01,6.231916635266296911e-01,3.429619440623566939e-01,4.254875955593246384e-01
1.471022197942629776e-02,3.222060959999999974e-01,9.666398542421737392e-03,4.673755711753503905e-01,0.000000000000000000e+00,4.413471097583375469e-02,9.462918369003491259e-01,6.452679576608226775e-01,1.000000000000000000e+00,1.305185072981386585e-01,1.000000000000000000e+00,9.286549707602339554e-01,1.126265742145306503e-01,6.231240259681263272e-01,5.569620253164557777e-01,3.400438557905152703e-01,6.118464794657751948e-01,6.024517382292650380e-02,1.596226386780933149e-01,4.451238628366887551e-01,1.666666646132478335e-01,5.594019953461896177e-01,5.243675532398685002e-01,2.205410362219165643e-01,2.772299578150418387e-01
3.181866957785287053e-02,2.396135269999999928e-01,9.416592799140619668e-03,5.351170593817761167e-01,0.000000000000000000e+00,4.016886570256596872e-02,9.182607754538814060e-01,6.119408473492755629e-01,1.000000000000000000e+00,1.196693181425182717e-01,8.484848484848485084e-01,6.222222222222222321e-01,8.873569422834344522e-02,5.844562727296422899e-01,4.050632911392405000e-01,2.055616575220819975e-01,4.067296413755138174e-01,5.392345243181002890e-02,1.400432609812841400e-01,4.016618101073580749e-01,1.442307673945389390e-01,4.179534552378669221e-01,4.114905863856658796e-01,1.815680880330123870e-01,1.717870464462040725e-01
8.325337030847250464e-03,1.699261189999999866e-01,7.979037024798650568e-02,7.662068104372143917e-01,0.000000000000000000e+00,2.333599078572003438e-01,9.809789225898970511e-01,7.563149527898938018e-01,1.000000000000000000e+00,3.143526650883669560e-01,1.000000000000000000e+00,9.005847953216374879e-01,3.344698825572928191e-01,7.354809799189296893e-01,7.341772151898734444e-01,5.231523747073514308e-01,7.024637141968280707e-01,2.270072800045868922e-01,3.643421281793722821e-01,5.778186463869399159e-01,3.750000007700320381e-01,6.938405254345054729e-01,6.661096890713719132e-01,3.961485557083906373e-01,4.762581497032463140e-01
2.153891280142993317e-02,3.261538460000000250e-01,6.869009465272386296e-03,3.208849168870983037e-01,0.000000000000000000e+00,1.237805338867675395e-02,9.118212072837469373e-01,6.047589144787088866e-01,1.000000000000000000e+00,6.856294851419883485e-02,6.666666666666667407e-01,5.894736842105263719e-01,2.047622953937206294e-02,5.475867767975393097e-01,2.911392405063291111e-01,1.876778159342927799e-01,3.763613905090786305e-01,2.508660426694229312e-02,7.454876971242060946e-02,3.770228290399551541e-01,8.012820479255013117e-02,3.192680401732362339e-01,3.004820498161454578e-01,1.118752865657954981e-01,1.391680162612329297e-01
2.604581216197700277e-02,5.105263159999999800e-01,5.418612787644807183e-04,2.499353560918912143e-01,0.000000000000000000e+00,3.599415452795411315e-03,8.218295949565735947e-01,5.227904029689471876e-01,3.999999976000001567e-01,4.819177495010432827e-02,5.454545454545455252e-01,4.725146198830409427e-01,0.000000000000000000e+00,4.948407592456793846e-01,2.278481012658227778e-01,1.501671717707112608e-01,2.940428760803333041e-01,1.146524392426858524e-02,5.755072691203202973e-02,3.382444603564975227e-01,6.089743662797912627e-02,2.278426359608387575e-01,2.139151280485428186e-01,8.574048601558917349e-02,1.026260409151728281e-01
3.111513167959155737e-02,2.620408160000000097e-01,1.544061741146910034e-02,4.860180038076724607e-01,0.000000000000000000e+00,5.701852208523534860e-02,9.478070294109689486e-01,6.471688079518904679e-01,1.000000000000000000e+00,1.275313979307406975e-01,9.696969696969697239e-01,7.730994152046783974e-01,1.023876256490218462e-01,6.150793599490012031e-01,5.189873417721518889e-01,2.840999723311082303e-01,5.154912936390898537e-01,6.229225642792987627e-02,1.478532524563083705e-01,4.319871371579578345e-01,1.570512805309623450e-01,5.239211848241838165e-01,5.004541143146706839e-01,2.054103622191654765e-01,2.364903135840454862e-01
1.732926970404960465e-02,4.485294120000000162e-01,6.176998755895296827e-04,2.951242732571092153e-01,0.000000000000000000e+00,3.591555731143638436e-03,6.894396493411618643e-01,4.482555738474680584e-01,3.999999976000001567e-01,4.221470521043454299e-02,4.545454545454545858e-01,3.508771929824561209e-01,7.200404172904366698e-03,4.322798817905452173e-01,1.898734177215189722e-01,8.633376592358597834e-02,2.106925212045691331e-01,8.878828706809173757e-03,5.017575680074174566e-02,2.933628148355535425e-01,5.128204946556540883e-02,1.539758787479319213e-01,1.442823174772293326e-01,7.198532783127005452e-02,6.405671410257035570e-02
2.175707439975629529e-02,2.571595560000000114e-01,9.351690347799762257e-03,5.437108927669918046e-01,0.000000000000000000e+00,6.393871664808294109e-02,9.351714061527639510e-01,6.465351911882011304e-01,3.999999976000001567e-01,1.498728637761361226e-01,9.696969696969697239e-01,7.660818713450292528e-01,1.331044072074080431e-01,6.258647661755942782e-01,5.569620253164557777e-01,3.153270999983571188e-01,5.261283749166990598e-01,7.586722700587700263e-02,1.769333176406991670e-01,4.450087057748163821e-01,1.858974358579470465e-01,5.345440564049813714e-01,5.140034821927419451e-01,2.315451627693718151e-01,2.536880666536480144e-01
5.214982292106850811e-03,3.353846149999999970e-01,2.048136713820834787e-03,3.673165255978129151e-01,0.000000000000000000e+00,1.042319975215201880e-02,8.347628453150789385e-01,5.306766687598649668e-01,3.999999976000001567e-01,6.579226760374654037e-02,6.666666666666667407e-01,4.959064327485380175e-01,2.047622953937206294e-02,5.108577256306319203e-01,2.784810126582278333e-01,1.415010632516975897e-01,3.096378989565135020e-01,2.162937866518874555e-02,7.707167164688914773e-02,3.477094575532956866e-01,8.012820479255013117e-02,2.822795681743281437e-01,2.688044904694463777e-01,1.091242549289316854e-01,1.091426657699391956e-01
1.380819915138685634e-02,2.080506560000000005e-01,2.739059304199998462e-02,6.485752564120428332e-01,0.000000000000000000e+00,7.829932794198639356e-02,9.345490949430450556e-01,6.625792728116179919e-01,3.999999976000001567e-01,1.801157036943197565e-01,9.696969696969697239e-01,7.251461988304094275e-01,1.604082059106246294e-01,6.297878441214856959e-01,5.189873417721518889e-01,2.809074676710943130e-01,4.956888484094386649e-01,9.270298388375021459e-02,2.044674483675000543e-01,4.449293513030997960e-01,2.115384621307938584e-01,5.230862952273476196e-01,5.183984512038252168e-01,2.503438789546079679e-01,2.370172967152688881e-01
2.843295233390785715e-02,3.003165990000000174e-01,1.475534424699835243e-02,5.883824118134722836e-01,0.000000000000000000e+00,5.913189517958784835e-02,9.409886631131795243e-01,6.421111884274424142e-01,1.000000000000000000e+00,1.699131968181298302e-01,1.000000000000000000e+00,8.853801169590643783e-01,1.604082059106246294e-01,6.378705490163836256e-01,5.949367088607595555e-01,3.638608048496185243e-01,6.025788852129664308e-01,8.107979486869128227e-02,2.085197651037862809e-01,4.631226085820109861e-01,2.115384621307938584e-01,5.714786001284958283e-01,5.428556579135428439e-01,2.585969738651994199e-01,3.161104965947138523e-01
5.674451902240545964e-02,4.705882350000000214e-01,1.709390981335615718e-03,3.625174313990739972e-01,0.000000000000000000e+00,2.724393144034628275e-03,7.452582591520333644e-01,4.712666112251999717e-01,1.000000000000000000e+00,4.785870320679789375e-02,3.636363636363636465e-01,3.532163742690058172e-01,7.200404172904366698e-03,4.459670399795647722e-01,1.645569620253164445e-01,9.129002073547651253e-02,2.132198146744579970e-01,9.041730170385259280e-03,5.333975570021201595e-02,3.068076598179335090e-01,5.128204946556540883e-02,1.346232843651277156e-01,1.250938762782116132e-01,6.648326455754240139e-02,6.637720468871322055e-02
1.151184879095462979e-02,3.612903230000000243e-01,2.175820334011645783e-03,4.023043473511552226e-01,0.000000000000000000e+00,1.305471772927595774e-02,8.571931058740767106e-01,5.456741512646878789e-01,1.000000000000000000e+00,7.658989075817021486e-02,7.575757575757575690e-01,5.508771929824561875e-01,3.754107967707984855e-02,5.318847035329090644e-01,3.291139240506328889e-01,1.610922582544226933e-01,3.443681098709600596e-01,2.519438995608513920e-02,9.434036613494342638e-02,3.604707281516227879e-01,9.615384698311145450e-02,3.322507731383925744e-01,3.212855527980978398e-01,1.320495185694635643e-01,1.316985933542454412e-01
4.982603607913944216e-02,2.463054189999999977e-01,4.465519465371744871e-03,4.668675494185072217e-01,0.000000000000000000e+00,1.552126051960225038e-02,7.506967179847939819e-01,4.872908923247512014e-01,3.999999976000001567e-01,8.039077608195327462e-02,6.060606060606060774e-01,4.280701754385964897e-01,3.071517810488086711e-02,4.787899221930904670e-01,2.784810126582278333e-01,1.138149974861084462e-01,2.673914972981261129e-01,2.568605656378868812e-02,8.875124755692309630e-02,3.252635673765281177e-01,8.974358887483563363e-02,2.303056934277410983e-01,2.228479918922079694e-01,1.160018340210912380e-01,8.808103656535769266e-02
2.975943693023573242e-02,2.273873869999999964e-01,4.458602765519280309e-02,6.602008200210012223e-01,5.990415335463258883e-02,8.035455727421798866e-02,9.287318379826294823e-01,6.619286841703297952e-01,1.000000000000000000e+00,2.141850879801510954e-01,9.696969696969697239e-01,7.637426900584796119e-01,1.877120046138412435e-01,6.405050993041461194e-01,5.822784810126582222e-01,3.415295631677290333e-01,5.402750754511076448e-01,1.049025311321704484e-01,2.291996279994147068e-01,4.661634279802223113e-01,2.371794853235124900e-01,5.487371795511969408e-01,5.316905526031989737e-01,2.732691425951398467e-01,2.803438107800548251e-01
7.290676828622092223e-03,3.800000000000000044e-01,1.377976313210151548e-03,3.175356765668018721e-01,0.000000000000000000e+00,8.534962689623365462e-03,8.487242620200763366e-01,5.533143248304226436e-01,1.000000000000000000e+00,6.118330833332611546e-02,6.969696969696970168e-01,5.169590643274853958e-01,1.706324668420246271e-02,5.203900514953605505e-01,2.911392405063291111e-01,1.558106012126219686e-01,3.240465436911345587e-01,1.941969765961805774e-02,7.437828424826579965e-02,3.525741793213999498e-01,7.692307573841222768e-02,3.017686476985608768e-01,2.879617478528643804e-01,1.086657496561210384e-01,1.152526378547203967e-01
1.967799880188488004e-02,3.846153849999999763e-01,5.869753518844947164e-03,4.559219760077112271e-01,0.000000000000000000e+00,1.682237059811882499e-02,8.723991449985118996e-01,5.871449341774013231e-01,1.000000000000000000e+00,1.003412404920537015e-01,9.090909090909091717e-01,6.491228070175438791e-01,6.484487838029645568e-02,5.574806766338160635e-01,4.050632911392405000e-01,2.164418899424939424e-01,4.150093253896220413e-01,3.252075563209151643e-02,1.181827597428325993e-01,3.827386919353290007e-01,1.217948701758300445e-01,4.238090006957412892e-01,4.062185725608409292e-01,1.632278771205868950e-01,1.593751998769237788e-01
2.139020152899354446e-02,3.597285069999999751e-01,7.004991366709995178e-03,5.284538875978496142e-01,0.000000000000000000e+00,2.687733639014408538e-02,9.225087258854407501e-01,6.265451480230592729e-01,1.000000000000000000e+00,1.337993941242772988e-01,9.696969696969697239e-01,7.567251461988304673e-01,1.092135913593610674e-01,6.026722986796899661e-01,4.810126582278480556e-01,3.108576160574552105e-01,5.091397210715309374e-01,5.257398964612731290e-02,1.589397535318732568e-01,4.289140428532329241e-01,1.634615386392381520e-01,5.157919966444628468e-01,4.853182698179644983e-01,2.077028885832186700e-01,2.362025387705739554e-01
4.590622199538933745e-02,1.794871789999999967e-01,6.638624997439073697e-04,2.298446965990492696e-01,0.000000000000000000e+00,4.631619510461617434e-03,6.696880326848670961e-01,4.468780231156972427e-01,3.999999976000001567e-01,3.181188425267291592e-02,3.636363636363636465e-01,2.888888888888888618e-01,2.085227145544256075e-02,4.175849291482530701e-01,1.518987341772151667e-01,5.320044134555916571e-02,1.712954634457582170e-01,1.095103889209887889e-02,3.705839603416070938e-02,2.819170388515765402e-01,3.846153632914200982e-02,1.184467990905429119e-01,1.109981419643205208e-01,5.502063273727647585e-02,4.733032117381925225e-02
8.920403829534202106e-03,4.099999999999999756e-01,2.707558808765130921e-03,3.890286175797235124e-01,0.000000000000000000e+00,7.963466297674696298e-03,7.667956384101302092e-01,4.843434429150896836e-01,1.000000000000000000e+00,6.539486231567789853e-02,6.363636363636364646e-01,4.350877192982455788e-01,1.706324668420246271e-02,4.777208150008924736e-01,2.658227848101265556e-01,1.165731066785917758e-01,2.661408253499037979e-01,1.591188912523919946e-02,7.510629026559755006e-02,3.238199580835234292e-01,7.692307573841222768e-02,2.420946807412807655e-01,2.308031131842573913e-01,1.059147180192572257e-01,8.768711288960961969e-02
1.249995011548818771e-02,3.676470589999999983e-01,7.682779591407140531e-04,2.523787536002308762e-01,0.000000000000000000e+00,4.446391918351464377e-03,8.059471306041831040e-01,5.124319003411348383e-01,3.999999976000001567e-01,4.157496450808825100e-02,4.848484848484848619e-01,3.999999999999999667e-01,7.200404172904366698e-03,4.798918404231327095e-01,2.025316455696202500e-01,1.044587067155252347e-01,2.447013639356795389e-01,1.227492226127967039e-02,4.994057076727381056e-02,3.250488300790783103e-01,5.128204946556540883e-02,1.932669549499166084e-01,1.829450515182620418e-01,7.336084364970196781e-02,7.820911701301404284e-02
7.553922940179823298e-02,2.415654520000000138e-01,1.016022870986368724e-02,4.514502578901022911e-01,0.000000000000000000e+00,3.477112312880076966e-02,9.409616061040613211e-01,6.358400796546788136e-01,1.000000000000000000e+00,1.018076486510842427e-01,8.484848484848485084e-01,6.187134502923976598e-01,6.484487838029645568e-02,5.863444136726212452e-01,4.050632911392405000e-01,2.028132565956340394e-01,4.034051067340813646e-01,4.677693074626149139e-02,1.163477766969698152e-01,4.007277365506352607e-01,1.217948701758300445e-01,4.247207880186019135e-01,4.135630107973961578e-01,1.618523613021549679e-01,1.647369711486104671e-01
6.098758474270011415e-02,0.000000000000000000e+00,0.000000000000000000e+00,2.963030150615775238e-02,0.000000000000000000e+00,0.000000000000000000e+00,6.398982656457155582e-02,1.826852904736850913e-01,0.000000000000000000e+00,7.625818253893419663e-04,0.000000000000000000e+00,1.286549707602339249e-02,6.180800157933755840e-02,1.685568731565999512e-01,0.000000000000000000e+00,1.667643278019901058e-03,7.428739081958797563e-03,1.133022111588841678e-04,7.306986067408126513e-04,1.122662255342314896e-01,0.000000000000000000e+00,8.182450673936996670e-04,6.522614762938035594e-04,0.000000000000000000e+00,1.816314319674718417e-03
2.170553815633051997e-01,1.936628240000000112e-01,1.022213608618500330e-01,8.137234521898676354e-01,0.000000000000000000e+00,2.455472880129792035e-01,9.843881057387917632e-01,8.070269230551643247e-01,1.000000000000000000e+00,4.054725162510378067e-01,1.000000000000000000e+00,9.777777777777778567e-01,4.709888760733758062e-01,8.124497778954409277e-01,8.987341772151898889e-01,7.542132361879838598e-01,8.428533138669572766e-01,3.372839501629997239e-01,4.885472592978207795e-01,6.883876844858498600e-01,5.032051290541378341e-01,8.118335946524455338e-01,7.632329820822992827e-01,5.093993580926180487e-01,6.902128282633355205e-01
4.382420875404451771e-02,1.885225889999999904e-01,3.613882798109214339e-02,7.213907126406545745e-01,0.000000000000000000e+00,1.362023455186764376e-01,9.495927920127710253e-01,6.904159807199472532e-01,3.999999976000001567e-01,2.392937639474567446e-01,1.000000000000000000e+00,8.011695906432748648e-01,2.423196020202744161e-01,6.786412707526969790e-01,6.075949367088607778e-01,3.752098455787070130e-01,5.800121637667103869e-01,1.439150989328345509e-01,2.816649845393145446e-01,4.978589542327157003e-01,2.884615378692061416e-01,5.977256914969757418e-01,5.945428322700517798e-01,3.136176066024759512e-01,3.279736767263872199e-01
4.311518355948383910e-03,3.613445379999999929e-01,3.189661471451670557e-03,4.130978109264017983e-01,0.000000000000000000e+00,1.846365451188553691e-02,8.716144917340837850e-01,5.566153550233929881e-01,1.000000000000000000e+00,8.946701207623686258e-02,8.181818181818182323e-01,5.918128654970760127e-01,5.119301109775825642e-02,5.489508969192606891e-01,4.050632911392405000e-01,1.947860691794163213e-01,3.786554810703246510e-01,3.010104110029593674e-02,1.039891283837477420e-01,3.748062190782292524e-01,1.089743570394066385e-01,3.756423956138335574e-01,3.622104127957590514e-01,1.476386978450252019e-01,1.465871051233549327e-01
1.400712749904775914e-02,4.615384619999999827e-01,6.803491512276136710e-04,2.409246717278043515e-01,0.000000000000000000e+00,1.770233274274532302e-03,7.453664871885062881e-01,4.942239043238687568e-01,3.999999976000001567e-01,3.640634058525676203e-02,3.939393939393939226e-01,3.555555555555555136e-01,1.743928860027296052e-02,4.486949671666869977e-01,1.645569620253164445e-01,9.285007412459191090e-02,2.151058010341760363e-01,7.715656027598201058e-03,3.977022616562509577e-02,3.052944453330651009e-01,4.166666538327991332e-02,1.453779806191099200e-01,1.357379520029105002e-01,5.960568546538284884e-02,5.751815245569028706e-02
5.385587322505363400e-02,2.999999999999999889e-01,1.973573084710525654e-03,3.797740421786048870e-01,0.000000000000000000e+00,7.015049816493897430e-03,7.142779837116806085e-01,4.575363622477555126e-01,3.999999976000001567e-01,5.730680940201909185e-02,4.848484848484848619e-01,3.801169590643274643e-01,3.412149059346827971e-03,4.475795057554892153e-01,2.025316455696202500e-01,9.431867610813846059e-02,2.326640786095746649e-01,1.556774858465496611e-02,6.287818205658352033e-02,3.052189934764414914e-01,6.410256260198882172e-02,1.728883917722762176e-01,1.633856528461728463e-01,8.619899128839982050e-02,7.135699351783550415e-02
2.175119911280950016e-02,2.504201679999999985e-01,4.494766785103840312e-03,4.641627570081541254e-01,0.000000000000000000e+00,3.030417131897943789e-02,8.714250926702563627e-01,5.549634256037745406e-01,3.999999976000001567e-01,9.042668510812312821e-02,7.575757575757575690e-01,5.251461988304093609e-01,5.119301109775825642e-02,5.438704649529606527e-01,3.417721518987341667e-01,1.535420729238456961e-01,3.338540322626565304e-01,3.639085008858138071e-02,1.052038511167611434e-01,3.678937994547068491e-01,1.089743570394066385e-01,3.389585185037233273e-01,3.333458934812832397e-01,1.435121503897294759e-01,1.246167775326471883e-01
1.195609253953846401e-01,1.000000000000000000e+00,0.000000000000000000e+00,4.795677110954188471e-02,0.000000000000000000e+00,1.354997333314435687e-05,3.437863578560025890e-01,3.131339703444724343e-01,3.999999976000001567e-01,5.515082993371663717e-03,6.060606060606060774e-02,1.017543859649122917e-01,5.498203586899835793e-02,2.826703683926533595e-01,2.531645569620253472e-02,2.942583461538341230e-02,5.959463316492258356e-02,2.431948608642519433e-04,6.646516928411018085e-03,1.920877998811754694e-01,6.410255028147598087e-03,1.357993868155353209e-02,1.172966230526356797e-02,9.170105456212745976e-03,1.577184102931539211e-02
1.672228604976301256e-02,2.478082990000000096e-01,1.012773901533979559e-02,5.634379201735122411e-01,0.000000000000000000e+00,6.178414864025357639e-02,9.304634865661950416e-01,6.402244813677071544e-01,3.999999976000001567e-01,1.497083731905880788e-01,9.696969696969697239e-01,7.543859649122807154e-01,1.331044072074080431e-01,6.242046670062029179e-01,5.316455696202532222e-01,2.906946118886805652e-01,5.105185728939644063e-01,7.471661516531798164e-02,1.790478242698654021e-01,4.377058426639260369e-01,1.858974358579470465e-01,5.216911507694765859e-01,5.118381559970375250e-01,2.301696469509399434e-01,2.419568772268036461e-01
1.264821797004180015e-02,3.089731729999999899e-01,5.911530693704658730e-03,4.390722580170120515e-01,0.000000000000000000e+00,3.403452646347563532e-02,9.485375686571607678e-01,6.554708847439794095e-01,1.000000000000000000e+00,1.155543264556766203e-01,9.696969696969697239e-01,8.046783625730994371e-01,9.214867708351305586e-02,6.147036538654262472e-01,5.189873417721518889e-01,3.153733346013160022e-01,5.399901445139843048e-01,5.464195355077836047e-02,1.400352495512643403e-01,4.352732629813503284e-01,1.474358964486768564e-01,5.339069038179221627e-01,5.000038979769499958e-01,2.012838147638697506e-01,2.511105552389800710e-01
2.311232573122934397e-02,2.405303030000000009e-01,2.667410515072008922e-02,4.475843127427799883e-01,2.635782747603833756e-02,2.352405257290738488e-02,8.645526123542304209e-01,5.582729417355443147e-01,3.999999976000001567e-01,1.013782625257349801e-01,7.878787878787879562e-01,5.391812865497076501e-01,4.436704538741905596e-02,5.387840322339516597e-01,3.417721518987341667e-01,1.563304519398279191e-01,3.426630195338812301e-01,3.508665970892320407e-02,9.732937344183201223e-02,3.661023914979372740e-01,1.025641020112590396e-01,3.513317288006950201e-01,3.397307797253225625e-01,1.398441082072443553e-01,1.293867349848618620e-01
1.232319266196614006e-02,1.903381640000000041e-01,2.316222856267086475e-02,5.671259811403902562e-01,0.000000000000000000e+00,5.352782779195261464e-02,9.211558754295301465e-01,6.023800229686078200e-01,3.999999976000001567e-01,1.281048217805864364e-01,7.575757575757575690e-01,6.245614035087719840e-01,8.873569422834344522e-02,5.763685498154691444e-01,3.544303797468354444e-01,1.991129690820980236e-01,4.087030788894441824e-01,5.996468158516397168e-02,1.412884610632380022e-01,4.027060165028936711e-01,1.442307673945389390e-01,3.763401342880635103e-01,3.645440016631368851e-01,1.774415405777166610e-01,1.725970498207157477e-01
8.005571767406036154e-02,2.023809520000000028e-01,3.448884390060281968e-02,5.990519979323146726e-01,0.000000000000000000e+00,8.242246138700515257e-02,9.619037311615574737e-01,6.897399342622607676e-01,1.000000000000000000e+00,1.740214948413546237e-01,9.696969696969697239e-01,8.093567251461988299e-01,1.501692573451158252e-01,6.383469690668717167e-01,5.316455696202532222e-01,3.182035006156346824e-01,5.557137555112604543e-01,9.568676132600886786e-02,1.932783671468988884e-01,4.602070329284265182e-01,2.019230749683801618e-01,5.538673564159667384e-01,5.289463768304250024e-01,2.448418156808803148e-01,2.708216741315702114e-01
6.430174542581197639e-02,1.520467839999999904e-01,2.937800392285583751e-03,3.711287896581110246e-01,0.000000000000000000e+00,1.185448634180133638e-02,7.893070699964827019e-01,5.017424461001454006e-01,1.000000000000000000e+00,5.217847141762251700e-02,4.545454545454545858e-01,3.497076023391812449e-01,3.720012132370602298e-04,4.707651093142668497e-01,1.898734177215189722e-01,7.148089757123034238e-02,2.114985488239921330e-01,2.025492239253001009e-02,5.560880575725496433e-02,3.180423547056823730e-01,5.769230757384122277e-02,1.743700877832482787e-01,1.670257136546132726e-01,7.840440165061898781e-02,6.362237658026428933e-02
3.218038771572833551e-02,2.210338679999999945e-01,1.112458791065061570e-02,4.366989413294337652e-01,0.000000000000000000e+00,2.909363462123605581e-02,8.902297140074136861e-01,5.745291718289462501e-01,1.000000000000000000e+00,8.981619819491726275e-02,8.181818181818182323e-01,5.695906432748538695e-01,4.778002824258865966e-02,5.514281379256043003e-01,3.544303797468354444e-01,1.600454255269943560e-01,3.608552146461734278e-01,3.862434650885594040e-02,1.018317084117785071e-01,3.744880987702119968e-01,1.057692310653969570e-01,3.758194934071018567e-01,3.640476592648415610e-01,1.416781292984869434e-01,1.416003214582713665e-01
3.583681157710881526e-02,2.272727270000000077e-01,1.423468480204191731e-03,2.134785069759438381e-01,0.000000000000000000e+00,3.696949684541886005e-03,6.886820530858519529e-01,4.580059175279893591e-01,3.999999976000001567e-01,3.065573979795797183e-02,3.333333333333333703e-01,2.877192982456140413e-01,2.426525431061216098e-02,4.194168060693376221e-01,1.392405063291139167e-01,5.562641781283160503e-02,1.707897252753060313e-01,9.493868408277839413e-03,3.376390619641856522e-02,2.855636617960995438e-01,3.525641035513231436e-02,1.121847942236824935e-01,1.037043774281148079e-01,5.043558000917010287e-02,4.544814852104367420e-02
3.691742095743676122e-02,2.984126979999999763e-01,3.773761551317406267e-03,4.345235751821516224e-01,0.000000000000000000e+00,2.407035447641475354e-02,9.070321166698234183e-01,6.029740386845663380e-01,1.000000000000000000e+00,9.047490427751136988e-02,8.484848484848485084e-01,6.292397660818713767e-01,5.460599395292786012e-02,5.662709475746872112e-01,3.797468354430379445e-01,2.043536733237659164e-01,4.054206688270732273e-01,3.703936389132130719e-02,1.093217866721525044e-01,3.887692695998846149e-01,1.121794860935445420e-01,4.094001644479508539e-01,3.918213946961527361e-01,1.508482347546996616e-01,1.626553531829011134e-01
5.310283880562732123e-02,2.525439409999999940e-01,1.547789922602425643e-02,4.978848130905912384e-01,0.000000000000000000e+00,4.164147685183700043e-02,9.465894640006494720e-01,6.535474052827798808e-01,1.000000000000000000e+00,1.266143660152286021e-01,9.393939393939394478e-01,6.947368421052632081e-01,9.214867708351305586e-02,6.040651125914195951e-01,4.556962025316455556e-01,2.558172551630962244e-01,4.643498499220979348e-01,5.789621853582773564e-02,1.437934619544563863e-01,4.221683795686864138e-01,1.474358964486768564e-01,4.951647641969513236e-01,4.734794641581019925e-01,1.902796882164144998e-01,2.081837744688405378e-01
1.976219277237719479e-02,3.304843299999999928e-01,2.315099565745996207e-03,4.063646073423399230e-01,0.000000000000000000e+00,1.016656339272199727e-02,8.221813360751103472e-01,5.402770941882635292e-01,1.000000000000000000e+00,6.926826232864377597e-02,6.363636363636364646e-01,4.549707602339181367e-01,2.388921239454166665e-02,5.054661632986199304e-01,2.784810126582278333e-01,1.318914102352219397e-01,2.852033418882821691e-01,2.216263413892622866e-02,8.164732964676839344e-02,3.433745953552228003e-01,8.333333384668803467e-02,2.638091338519768514e-01,2.532853449059938034e-01,1.123337918386061313e-01,9.840311937073277504e-02
1.504261910980312679e-02,3.292307689999999787e-01,1.784559121000327394e-03,3.904794740466849268e-01,0.000000000000000000e+00,1.018948828772994405e-02,7.322438377661734110e-01,4.760753098781984605e-01,3.999999976000001567e-01,6.645407260468177979e-02,6.666666666666667407e-01,4.292397660818713101e-01,2.047622953937206294e-02,4.704346714785913042e-01,2.911392405063291111e-01,1.156781656982626277e-01,2.655652084132285595e-01,1.908348688607652138e-02,7.795493623298711816e-02,3.180165814433281724e-01,8.012820479255013117e-02,2.451839054058102818e-01,2.346016917219962972e-01,1.118752865657954981e-01,8.386170492693499623e-02
3.797785482409833657e-02,1.858562239999999866e-01,1.466033717004824877e-02,6.044363038665965249e-01,0.000000000000000000e+00,8.039569479000782670e-02,9.288400660191022951e-01,6.446343408971335620e-01,3.999999976000001567e-01,1.551177210901598380e-01,9.090909090909091717e-01,6.865497076023392431e-01,1.331044072074080431e-01,6.132348635148761051e-01,4.936708860759493889e-01,2.584557198265474698e-01,4.679806677267158710e-01,8.372717643251530173e-02,1.766787772920028476e-01,4.320342032695299594e-01,1.858974358579470465e-01,4.808145166927985659e-01,4.709470784662760368e-01,2.191655204034846371e-01,2.211043531967674947e-01
1.828045648984195914e-02,2.937198069999999994e-01,5.540350222200494425e-03,5.279287599768222039e-01,0.000000000000000000e+00,3.203090687942410780e-02,8.870911009497011168e-01,5.917952286394778660e-01,3.999999976000001567e-01,1.180375517008041553e-01,8.787878787878788955e-01,6.280701754385965563e-01,8.873569422834344522e-02,5.745533742971205005e-01,4.177215189873417778e-01,2.173944143224434411e-01,4.108907505571957608e-01,4.716073019633210128e-02,1.432234108290465491e-01,3.951112241169846828e-01,1.442307673945389390e-01,4.220906194760967733e-01,4.138508114288684259e-01,1.829436038514442586e-01,1.731499844099425034e-01
9.731182342745173242e-02,1.509971509999999961e-01,4.894238350554043666e-03,4.687330462675355358e-01,0.000000000000000000e+00,2.112658735693383541e-02,7.636840823615358431e-01,5.037649281806713120e-01,3.999999976000001567e-01,7.592089626668352409e-02,5.757575757575758013e-01,3.894736842105263053e-01,2.388921239454166665e-02,4.810642782873081336e-01,2.531645569620252778e-01,8.992905463551197076e-02,2.406161277422050604e-01,2.874909280083673413e-02,8.051821587155623405e-02,3.228558022080825762e-01,8.333333384668803467e-02,2.176392065219924232e-01,2.139885399477671202e-01,1.095827602017423047e-01,7.637973105081810599e-02
4.220639860873204308e-02,2.331628299999999876e-01,2.707220282854665150e-02,5.833597806419421605e-01,0.000000000000000000e+00,8.873773661780667843e-02,9.733217890094429947e-01,6.992639862414644636e-01,1.000000000000000000e+00,1.760511623980719476e-01,1.000000000000000000e+00,8.842105263157895578e-01,1.672341716209638229e-01,6.581185901103512315e-01,6.202531645569621110e-01,3.789598619996137896e-01,6.169398204089658888e-01,1.013002848266632561e-01,2.105810468289779636e-01,4.820546019019266715e-01,2.179487171589414851e-01,6.023548680255260690e-01,5.683900055871002888e-01,2.650160476845483393e-01,3.324962595097569751e-01
1.423670156513210105e-01,2.077922080000000060e-01,1.794360984862440264e-02,5.810155220976269685e-01,0.000000000000000000e+00,6.707410680616752996e-02,9.450472144809113351e-01,6.574028501439781458e-01,1.000000000000000000e+00,1.529416606310067261e-01,9.393939393939394478e-01,7.309941520467836407e-01,1.228654586418992528e-01,6.191999663019287503e-01,4.810126582278480556e-01,2.622650255385580720e-01,4.899971424444478085e-01,7.667371807083060709e-02,1.725559993981289342e-01,4.332613022181479034e-01,1.762820517756615579e-01,5.022273709299964750e-01,4.915660772059301520e-01,2.136634571297569840e-01,2.278900565796592448e-01
4.232977963461478747e-04,4.190476189999999823e-01,1.344365526385369030e-03,2.967706035555923161e-01,0.000000000000000000e+00,4.972747376299184972e-03,8.751860169376878273e-01,5.533143248304226436e-01,3.999999976000001567e-01,5.151741015708913990e-02,5.757575757575758013e-01,4.771929824561403355e-01,3.412149059346827971e-03,5.177996492406957696e-01,2.405063291139240556e-01,1.414448405951971577e-01,2.965905336563367523e-01,1.523546963454889581e-02,6.249768287622647217e-02,3.510637968258383812e-01,6.410256260198882172e-02,2.530654229874266803e-01,2.414432909320063103e-01,9.032553874369554647e-02,1.019975127706111012e-01
9.839664527766606161e-03,2.148349159999999869e-01,2.054623661624623704e-02,5.855203869121450300e-01,0.000000000000000000e+00,9.236736777130645504e-02,9.666657647663627895e-01,6.972103890520076064e-01,1.000000000000000000e+00,1.729497649222525024e-01,9.696969696969697239e-01,8.105263157894737613e-01,1.604082059106246294e-01,6.518199891341354135e-01,5.822784810126582222e-01,3.494063392737189466e-01,5.688415906392572108e-01,1.005675255937908685e-01,2.003328637592971251e-01,4.718687584528070134e-01,2.115384621307938584e-01,5.698730688184714399e-01,5.454543092135181181e-01,2.558459422283355655e-01,2.933918243206322662e-01
2.071831258211544874e-02,2.057502250000000088e-01,8.984998641939563602e-02,7.046973050862962440e-01,0.000000000000000000e+00,1.786941567531984687e-01,9.958332205957953764e-01,7.812353263974927131e-01,1.000000000000000000e+00,2.779400027096942671e-01,1.000000000000000000e+00,9.380116959064328519e-01,2.935142165715380336e-01,7.289386316704784541e-01,7.848101265822785555e-01,5.419657955174328468e-01,7.223494219879640355e-01,1.921721904943612669e-01,3.241671828190686999e-01,5.712141410762165972e-01,3.365384613607618203e-01,7.015143192886793555e-01,6.577160453724516520e-01,3.700137551581842987e-01,4.804042376675630721e-01
1.071353032024969718e-02,2.956730770000000064e-01,1.108572337755302402e-02,5.720493694708548293e-01,0.000000000000000000e+00,5.642539232753695372e-02,9.403663519034606288e-01,6.580477814927332414e-01,3.999999976000001567e-01,1.634419115814139956e-01,9.696969696969697239e-01,7.894736842105263275e-01,1.535822402002854359e-01,6.387873329316169357e-01,5.822784810126582222e-01,3.716916426552035468e-01,5.576977835790177807e-01,8.041654259086084000e-02,2.008590484981370716e-01,4.637558246093906322e-01,2.051282040225180514e-01,5.587338839343672925e-01,5.296752985200681163e-01,2.480513525905547745e-01,2.999887013873973052e-01
2.460060242753553741e-02,2.449122810000000094e-01,1.521415676668890979e-02,6.048731902756387946e-01,0.000000000000000000e+00,8.956909299591615803e-02,9.619849021889120833e-01,6.816782924028219615e-01,1.000000000000000000e+00,1.881359522746742785e-01,1.000000000000000000e+00,9.157894736842105976e-01,1.911249874690108264e-01,6.675822543150127242e-01,6.329113924050633333e-01,4.048061264630705147e-01,6.428378872124083099e-01,1.094352896271021669e-01,2.335923828149043535e-01,4.915655414780730204e-01,2.403846143776503796e-01,6.088855155975885225e-01,5.804282577342358973e-01,2.888583218707014844e-01,3.594557343487085888e-01
1.031711473304691533e-02,3.333333330000000094e-01,1.263152281176631699e-03,3.201551935130473314e-01,0.000000000000000000e+00,6.692427771181179603e-03,7.395762872372089181e-01,4.818994925408597307e-01,3.999999976000001567e-01,5.229226369910942168e-02,5.757575757575758013e-01,3.789473684210526438e-01,3.412149059346827971e-03,4.640964953204387289e-01,2.405063291139240556e-01,9.509153016136751013e-02,2.314004316207453615e-01,1.491125232236384553e-02,6.151706558793148399e-02,3.112113366300328088e-01,6.410256260198882172e-02,2.091704699416442881e-01,2.011641957823889493e-01,9.032553874369554647e-02,7.146708853634489711e-02
4.051010349816802115e-03,3.589743590000000206e-01,3.041336563603259067e-03,4.120758435034860279e-01,0.000000000000000000e+00,2.032198351094937488e-02,8.974268784328580661e-01,5.894644241159066045e-01,3.999999976000001567e-01,9.598106238606055052e-02,9.090909090909091717e-01,6.690058479532163815e-01,6.484487838029645568e-02,5.729607818227295812e-01,4.303797468354430000e-01,2.359708341348331351e-01,4.344799471450678796e-01,3.594713807462775884e-02,1.162217212373290731e-01,3.942615122609778866e-01,1.217948701758300445e-01,4.433233799047266999e-01,4.243643049257435629e-01,1.673544245758826210e-01,1.828863576062682295e-01
2.742783484812272299e-02,2.321924140000000136e-01,3.015255780066134969e-02,5.444645703034053374e-01,3.753993610223642363e-02,4.045521965348565507e-02,8.685841067128440285e-01,5.716948682699434237e-01,3.999999976000001567e-01,1.395864381912679808e-01,9.090909090909091717e-01,6.128654970760234466e-01,9.214867708351305586e-02,5.670840267713621596e-01,4.556962025316455556e-01,2.000214971053424495e-01,4.001185080789829152e-01,5.369060707685983924e-02,1.415117079479641937e-01,3.895901970585134433e-01,1.474358964486768564e-01,4.258213243053405317e-01,4.179599287969544275e-01,1.875286565795506455e-01,1.622854078870399896e-01
4.493114607116235892e-02,2.330532210000000048e-01,3.964174682183522341e-02,6.542326959375461826e-01,0.000000000000000000e+00,1.128039172214107683e-01,9.711301712708677591e-01,7.068419295893371146e-01,1.000000000000000000e+00,2.227827270258280201e-01,1.000000000000000000e+00,9.052631578947368807e-01,2.218417690273970233e-01,6.797835575446264933e-01,6.582278481012658888e-01,4.425385803623899661e-01,6.560388025949475121e-01,1.323594334650886606e-01,2.571225540347732430e-01,5.135050391115909552e-01,2.692307697046351089e-01,6.340007789639778846e-01,5.957797902888400943e-01,3.122420907840439686e-01,3.767591772658870353e-01
1.003898086607494036e-02,3.304843299999999928e-01,2.193076362564591597e-03,3.740471485960592535e-01,0.000000000000000000e+00,1.102697277000407733e-02,8.452609648529452180e-01,5.338588958096435189e-01,3.999999976000001567e-01,6.881656399123825540e-02,6.666666666666667407e-01,5.064327485380117899e-01,2.388921239454166665e-02,5.157899816576827501e-01,2.911392405063291111e-01,1.469218096507420024e-01,3.174252280876614374e-01,2.310196410644801621e-02,8.145105913085574911e-02,3.521705314493352446e-01,8.333333384668803467e-02,2.871567481915718312e-01,2.732871639619037785e-01,1.137093076570380584e-01,1.162060182390244889e-01
1.228827350369743852e-02,3.840579709999999980e-01,1.172915342055812563e-03,3.341846229968901127e-01,0.000000000000000000e+00,6.756518782585166361e-03,8.462350171812008659e-01,5.386647658163756791e-01,3.999999976000001567e-01,5.996580529545646882e-02,6.363636363636364646e-01,4.760233918128654595e-01,1.365026382903285901e-02,5.110670610226533128e-01,2.658227848101265556e-01,1.416015476353641167e-01,2.975131624761963023e-01,1.828298199806959248e-02,7.075724389326866481e-02,3.476691625125442608e-01,7.371794668427432418e-02,2.716160839416908446e-01,2.581019450904980528e-01,1.027051811095827522e-01,1.054457339666987070e-01
2.884737622987492700e-01,1.589848060000000063e-01,1.295463809953488477e-01,8.497551839320826028e-01,0.000000000000000000e+00,3.015162635604364816e-01,9.585216050217809647e-01,7.511385301222541777e-01,1.000000000000000000e+00,4.200768506957258674e-01,1.000000000000000000e+00,8.760233918128655928e-01,4.573370087908376624e-01,7.776563823264657227e-01,7.974683544303797778e-01,6.097844353731582956e-01,7.338488557530891132e-01,3.182524404441007260e-01,4.821816689919705690e-01,6.367187370467313201e-01,4.903846159177145392e-01,7.342920582292218334e-01,7.194535036316151988e-01,5.006877579092159358e-01,5.581367672529101709e-01
1.511107174545684925e-02,3.157894740000000144e-01,2.240953598473274366e-03,3.380316946195951466e-01,0.000000000000000000e+00,6.346056978254389913e-03,7.450418030790877388e-01,4.818994925408597307e-01,3.999999976000001567e-01,5.154765560009873931e-02,5.757575757575758013e-01,3.660818713450292305e-01,0.000000000000000000e+00,4.627086610304613767e-01,2.405063291139240556e-01,8.491956676736397980e-02,2.211732601739208048e-01,1.465405704935742598e-02,5.861836420321007990e-02,3.096429162328479534e-01,6.089743662797912627e-02,2.079986950688917091e-01,1.998258903629016592e-01,8.711600183402108677e-02,6.297818712815356212e-02
3.820954066784940095e-02,2.369878179999999890e-01,8.142834105509470788e-03,4.885884598609011586e-01,0.000000000000000000e+00,3.798086588618165838e-02,9.160150436970697641e-01,6.155615145703567936e-01,3.999999976000001567e-01,1.097346817677370967e-01,8.787878787878788955e-01,6.631578947368421684e-01,7.849680980097485661e-02,5.840126111356942484e-01,4.050632911392405000e-01,2.193662517114726984e-01,4.336419772535254902e-01,5.178841256862170422e-02,1.286004342900975983e-01,4.028049006900928375e-01,1.346153833122534227e-01,4.379495271289184921e-01,4.241219806920208946e-01,1.760660247592847338e-01,1.819140548547505121e-01
3.470609597602705015e-02,1.997885839999999913e-01,1.148107328013230066e-02,5.753096525278781348e-01,0.000000000000000000e+00,4.205486096265657198e-02,8.939365242566087444e-01,5.906298263776921242e-01,3.999999976000001567e-01,1.189684667704845877e-01,8.181818181818182323e-01,5.672514619883041176e-01,8.190979265614445337e-02,5.659386833745159162e-01,3.670886075949366667e-01,1.711345699686473432e-01,3.662276634229111871e-01,5.316476142261402499e-02,1.348655822184117448e-01,3.865049849268093474e-01,1.378205123663913401e-01,3.831084657405650074e-01,3.794004911450957196e-01,1.682714351215038873e-01,1.444869895503042567e-01
6.906566087666376162e-03,2.062709970000000115e-01,3.113867938140676625e-02,7.007617296411092767e-01,0.000000000000000000e+00,1.287188755291759912e-01,9.491057658486431459e-01,6.856949701012089449e-01,1.000000000000000000e+00,2.419968884380720164e-01,1.000000000000000000e+00,8.865497076023391987e-01,2.559714693028126153e-01,6.903055425808937162e-01,6.835443037974683334e-01,4.385036764594732461e-01,6.493462113506490718e-01,1.523334176417512897e-01,2.948203595138055855e-01,5.185796382299996399e-01,3.012820510056295475e-01,6.277078152723544191e-01,6.090770889908138086e-01,3.292067858780375333e-01,3.912856703064294672e-01
2.642532244239890679e-02,2.104851329999999909e-01,2.189344883778778991e-02,6.445842695684470547e-01,0.000000000000000000e+00,9.460866303385333242e-02,9.374983089369302025e-01,6.548287820414906424e-01,1.000000000000000000e+00,1.881680570686885268e-01,9.696969696969697239e-01,7.777777777777777901e-01,1.774730560483324115e-01,6.416234813585837138e-01,5.822784810126582222e-01,3.196981353176753249e-01,5.396393527927270117e-01,1.026173928947845676e-01,2.194693397632842546e-01,4.607895485936734370e-01,2.275641012412269737e-01,5.436289734652911543e-01,5.329768849966867172e-01,2.622650160476845405e-01,2.793912799154952831e-01
5.165097780294420661e-03,3.648648649999999827e-01,3.008396233938814487e-03,4.321305597894170569e-01,0.000000000000000000e+00,2.396784736312759442e-02,8.883357233691389077e-01,5.773747899730148347e-01,1.000000000000000000e+00,9.173765152316176730e-02,8.787878787878788955e-01,6.409356725146199141e-01,5.801897680809745689e-02,5.620072572600747218e-01,4.050632911392405000e-01,2.080657598976484446e-01,4.086998774011247337e-01,3.245587765314238149e-02,1.120652718631686834e-01,3.835273097912380025e-01,1.153846151476824317e-01,4.138615641197207484e-01,3.995062562530047323e-01,1.540577716643741213e-01,1.618246735939612713e-01
1.096738705813962277e-03,3.966386550000000066e-01,2.575720552400425842e-03,3.953791422299186009e-01,0.000000000000000000e+00,1.526280993391769536e-02,8.848994832111258813e-01,5.722605975232373243e-01,1.000000000000000000e+00,8.468662064318424609e-02,8.787878787878788955e-01,6.456140350877193068e-01,5.119301109775825642e-02,5.575128140433509571e-01,4.050632911392405000e-01,2.079545291131084661e-01,4.090904102302029832e-01,2.826433266562537738e-02,1.067382886473996623e-01,3.800810999217160702e-01,1.089743570394066385e-01,4.106158808784316494e-01,3.944583761028026547e-01,1.517652453003209279e-01,1.673044938553140959e-01
7.429632907637385639e-03,3.476190479999999861e-01,1.076028786836565011e-03,2.929309229594256880e-01,0.000000000000000000e+00,7.741540281633417855e-03,8.432587461781975158e-01,5.264563285302921170e-01,1.000000000000000000e+00,5.103298724200110853e-02,6.060606060606060774e-01,4.491228070175438680e-01,3.412149059346827971e-03,5.027545312502057495e-01,2.531645569620252778e-01,1.180781099258160216e-01,2.758243226399422210e-01,1.666471865904945934e-02,6.234561759920716900e-02,3.400199370900104934e-01,6.410256260198882172e-02,2.527738108315939480e-01,2.405701440952145997e-01,9.170105456212745976e-02,9.442136552022971363e-02
1.098817227139480164e-02,2.760563380000000122e-01,1.208594654086750896e-02,5.714679556666748539e-01,0.000000000000000000e+00,7.065388821074848613e-02,9.678833301766823771e-01,6.978949214484932995e-01,1.000000000000000000e+00,1.752900680534863753e-01,1.000000000000000000e+00,9.508771929824562097e-01,1.740600731931628287e-01,6.627629579239600055e-01,6.329113924050633333e-01,4.090337242873748336e-01,6.579808756787421942e-01,9.619338325386035671e-02,2.180288110721494421e-01,4.871495666311490003e-01,2.243589752672172644e-01,6.084327843967523020e-01,5.741992905681950754e-01,2.796882164144887106e-01,3.523876752661997958e-01
9.281290558879464608e-03,3.391812869999999980e-01,5.290753309838170347e-03,3.253112903420100621e-01,0.000000000000000000e+00,5.738719646692033889e-03,8.238047566222030937e-01,5.280375417932487991e-01,3.999999976000001567e-01,5.318983440743910857e-02,4.848484848484848619e-01,4.222222222222222210e-01,3.720012132370602298e-04,4.875346760620092867e-01,2.025316455696202500e-01,1.133034782509245025e-01,2.604902568595665047e-01,1.498313328883665516e-02,5.857285795610659568e-02,3.332171886333348820e-01,5.769230757384122277e-02,1.995995326216132570e-01,1.877161753050167192e-01,7.977991746905088721e-02,8.948244270140044698e-02
3.536412811406835360e-02,4.095238099999999881e-01,2.353821214530728116e-03,3.392835652773240618e-01,0.000000000000000000e+00,2.335105838316644047e-03,7.421467031034389983e-01,4.838540871109904273e-01,3.999999976000001567e-01,4.349406265839347169e-02,3.636363636363636465e-01,3.286549707602339221e-01,1.402636988324356890e-02,4.427305585744268912e-01,1.645569620253164445e-01,7.915183194863890936e-02,1.974980082908990853e-01,8.952391078451882658e-03,4.499196185467732589e-02,3.028563089468798153e-01,4.487179443741781681e-02,1.326975123086295283e-01,1.234723178670270177e-01,6.143970655662539526e-02,5.308363198519665260e-02
6.039551101472191014e-02,2.425249170000000065e-01,1.597656547790142489e-02,4.786806005819894128e-01,0.000000000000000000e+00,3.992832556648297920e-02,9.395546416299143111e-01,6.333480422939190557e-01,1.000000000000000000e+00,1.126356412052511857e-01,9.090909090909091717e-01,7.146198830409357106e-01,7.849680980097485661e-02,5.916077080158694823e-01,4.050632911392405000e-01,2.374603570260721552e-01,4.672047787812344533e-01,5.303961943657236472e-02,1.301518355503555879e-01,4.129602309502624080e-01,1.346153833122534227e-01,4.694526280047536249e-01,4.456115276171667139e-01,1.760660247592847338e-01,2.020468369831350808e-01
5.209439568572136157e-03,3.251231529999999981e-01,2.460478858529318701e-03,3.858565751511063846e-01,0.000000000000000000e+00,1.332914750718786241e-02,8.285397332178902063e-01,5.290897982043754055e-01,1.000000000000000000e+00,7.225809874418195888e-02,6.969696969696970168e-01,5.076023391812866103e-01,3.071517810488086711e-02,5.134998703202691139e-01,3.164556962025316111e-01,1.469707032302153549e-01,3.183390704596415488e-01,2.457295682265003486e-02,8.678774467986523355e-02,3.501519111388317618e-01,8.974358887483563363e-02,2.949217540670907578e-01,2.817873523641230560e-01,1.215038972948188772e-01,1.180814084357749150e-01
1.089151825839645149e-01,2.014652010000000104e-01,5.127560739681752411e-02,7.221297843648135650e-01,0.000000000000000000e+00,1.235504984962358388e-01,9.459400957818123734e-01,6.763547801293257056e-01,1.000000000000000000e+00,2.478829739352458039e-01,9.696969696969697239e-01,8.081871345029240095e-01,2.423196020202744161e-01,6.700548744479637442e-01,6.329113924050633333e-01,4.005616885617649392e-01,5.931617593676540290e-01,1.431858632699757050e-01,2.841824219676654661e-01,5.033125042513075798e-01,2.884615378692061416e-01,5.895039597335544057e-01,5.682009537050271009e-01,3.149931224209078229e-01,3.469807013229434522e-01
1.782944507582224017e-02,2.904761900000000230e-01,7.944312839443667604e-03,4.287298839936337647e-01,0.000000000000000000e+00,2.267361079990868472e-02,9.250520847425526272e-01,6.222512629905581072e-01,1.000000000000000000e+00,9.397308725773123594e-02,7.878787878787879562e-01,6.081871345029240539e-01,5.460599395292786012e-02,5.722936273965519849e-01,3.670886075949366667e-01,2.053250563284173269e-01,3.956760782031517043e-01,3.845839881022244944e-02,1.071226227707769152e-01,3.933849965236805857e-01,1.121794860935445420e-01,3.880119441143279335e-01,3.731988098177046465e-01,1.467216872994039356e-01,1.523068599048220118e-01
4.261633844135953759e-03,3.931623929999999989e-01,9.254507032853808574e-04,2.934740166399091299e-01,0.000000000000000000e+00,1.169946967402995044e-02,8.508076517221787594e-01,5.522168100790323386e-01,1.000000000000000000e+00,6.432536361778140588e-02,7.878787878787879562e-01,5.976608187134503369e-01,2.388921239454166665e-02,5.236772765946267061e-01,3.291139240506328889e-01,1.777582672420301435e-01,3.729929256593278453e-01,2.089431448267727032e-02,8.035520049354756555e-02,3.594747873650678271e-01,8.333333384668803467e-02,3.475477614772352619e-01,3.239615139742473837e-01,1.192113709307656977e-01,1.413486306810468607e-01
9.193715527030975809e-04,3.625730990000000098e-01,1.219088957311179446e-03,2.863791558004619708e-01,0.000000000000000000e+00,5.923188888122148978e-03,8.112503043913527057e-01,5.222671034096502130e-01,1.000000000000000000e+00,4.715029047401179257e-02,5.151515151515151381e-01,4.315789473684210620e-01,3.720012132370602298e-04,4.866898188120356572e-01,2.151898734177215000e-01,1.158717936074757232e-01,2.654689713189065103e-01,1.415718339633710923e-02,5.598548066243933669e-02,3.306569545278987277e-01,5.769230757384122277e-02,2.087064204607871620e-01,1.973454776970752500e-01,8.115543328748280050e-02,8.721134757782464386e-02
3.730485733251329844e-02,2.424812030000000063e-01,1.388065044808080989e-02,5.384580904979417992e-01,0.000000000000000000e+00,6.282701108458617345e-02,9.481587705295057011e-01,6.465351911882011304e-01,1.000000000000000000e+00,1.436207340445062042e-01,1.000000000000000000e+00,8.596491228070175517e-01,1.262784414970688218e-01,6.274097892861603132e-01,5.443037974683544444e-01,2.929285391615952250e-01,5.653630966530379665e-01,7.399877620698468161e-02,1.736071921035729493e-01,4.412723609197877761e-01,1.794871777496712673e-01,5.466689303226708319e-01,5.297571560360172516e-01,2.251260889500228957e-01,2.539594402552768915e-01
2.127685283270863183e-03,3.499999999999999778e-01,3.283679349312752620e-03,4.273400926372883379e-01,0.000000000000000000e+00,2.238804276776728414e-02,8.803539056792663020e-01,5.694376085493004780e-01,1.000000000000000000e+00,9.825083413584989600e-02,9.090909090909091717e-01,7.029239766081871732e-01,6.825786123546605244e-02,5.634707813751735905e-01,4.430379746835442778e-01,2.409475562016495653e-01,4.543351080153774091e-01,3.714000486213549918e-02,1.210765864151175375e-01,3.928621494817405302e-01,1.249999992299679480e-01,4.395980013249045082e-01,4.131868560217247799e-01,1.678129298486932819e-01,1.931036617425031243e-01
2.326874138937898989e-02,2.312500000000000111e-01,1.717261708753937272e-02,6.011349391906077866e-01,0.000000000000000000e+00,7.439581822348989570e-02,9.323845342135881342e-01,6.497117609454468035e-01,1.000000000000000000e+00,1.684645144720106624e-01,1.000000000000000000e+00,9.040935672514620602e-01,1.535822402002854359e-01,6.297188531950619339e-01,5.443037974683544444e-01,3.121367597241382352e-01,5.977570924271768948e-01,8.668254733018887492e-02,2.009954945153480665e-01,4.502222384153900525e-01,2.051282040225180514e-01,5.512754702911794036e-01,5.325844886503904307e-01,2.508023842274186288e-01,2.776444069839731354e-01
4.058055151429423857e-02,2.414174970000000087e-01,8.057389286419915433e-03,4.870397827346093500e-01,0.000000000000000000e+00,4.033674173540464231e-02,9.235639492410510076e-01,6.240870544174970114e-01,1.000000000000000000e+00,1.101925779418248819e-01,9.090909090909091717e-01,7.017543859649123528e-01,7.849680980097485661e-02,5.873527285693629363e-01,4.177215189873417778e-01,2.250274696352553283e-01,4.553451879894492849e-01,5.181874780623969834e-02,1.309370238726818014e-01,4.059259154119527202e-01,1.346153833122534227e-01,4.576882745947888909e-01,4.406974780089134014e-01,1.760660247592847338e-01,1.932590005383763021e-01
2.786587628907120917e-02,2.469545959999999984e-01,2.128694889410619531e-02,5.172396303848061372e-01,0.000000000000000000e+00,3.720644684831736493e-02,8.772152926215537327e-01,5.773747899730148347e-01,1.000000000000000000e+00,1.176602274035861706e-01,9.090909090909091717e-01,6.327485380116959490e-01,7.849680980097485661e-02,5.621280220284161633e-01,4.177215189873417778e-01,1.941689499303231592e-01,4.065006275673682667e-01,4.725044430391978773e-02,1.311505278270811425e-01,3.865815477701118330e-01,1.346153833122534227e-01,4.253053438926227559e-01,4.115152735730156497e-01,1.746905089408528067e-01,1.657164194573344795e-01
3.109262822204061569e-02,2.287093940000000103e-01,1.253521878489949511e-02,5.722837866883189184e-01,0.000000000000000000e+00,8.657906990564372129e-02,9.617143320977300514e-01,6.790108789735407324e-01,1.000000000000000000e+00,1.690063293547767187e-01,1.000000000000000000e+00,8.549707602339181589e-01,1.638211887657942400e-01,6.555558796628431217e-01,6.202531645569621110e-01,3.654286089605356391e-01,5.967172835493574912e-01,9.891097426429705519e-02,2.066180192109477731e-01,4.749872885014632673e-01,2.147435881048035955e-01,5.912516353250177881e-01,5.652313449319802396e-01,2.631820265933058067e-01,3.205309657345937202e-01
4.197088828574202513e-02,6.071428570000000358e-01,5.286719575775156204e-05,1.671985295660955995e-01,0.000000000000000000e+00,3.886307736703137382e-04,4.819935604318298927e-01,3.682218563839718684e-01,3.999999976000001567e-01,1.832080523285830459e-02,2.121212121212121271e-01,1.976608187134503147e-01,3.791718573129056885e-02,3.366127276343660046e-01,8.860759493670886111e-02,4.548746803195079236e-02,1.157569159203161169e-01,2.045621249959347562e-03,2.239571334692923993e-02,2.315757665193837744e-01,2.243589721870890841e-02,5.190097170762884848e-02,4.527890025076985320e-02,3.209536909674461092e-02,3.182742165331559764e-02
9.849419721187703297e-05,3.206730769999999731e-01,1.637104708350256219e-02,5.882865782402344479e-01,0.000000000000000000e+00,5.671396827760866177e-02,9.305446575935496512e-01,6.459015744245120150e-01,1.000000000000000000e+00,1.677818847398228896e-01,1.000000000000000000e+00,9.976608187134503591e-01,1.535822402002854359e-01,6.277509011266162453e-01,5.822784810126582222e-01,3.449778233031242647e-01,6.493807082124172236e-01,7.274971139117777930e-02,2.042429970778496251e-01,4.525170833651235847e-01,2.051282040225180514e-01,5.553613693787262662e-01,5.300443070046645389e-01,2.521779000458505005e-01,2.883843986959488404e-01
4.032802503005264438e-02,2.828014180000000266e-01,1.336446438122695403e-02,5.403547994798859611e-01,0.000000000000000000e+00,3.665785932853318080e-02,8.978868475878677424e-01,6.023800229686078200e-01,3.999999976000001567e-01,1.287811297193582338e-01,9.090909090909091717e-01,6.596491228070175961e-01,9.556165993868265263e-02,5.815840914188599164e-01,4.303797468354430000e-01,2.372269299493099948e-01,4.361183596964733344e-01,5.244968674097214012e-02,1.456049660803774293e-01,4.048604420123323444e-01,1.506410255028147460e-01,4.500001664452943917e-01,4.346757532840456184e-01,1.907381934892251052e-01,1.822741827167893847e-01
4.371013950370009754e-02,2.747474750000000188e-01,7.464474343560890263e-03,4.935305063753757659e-01,0.000000000000000000e+00,3.766012394573882427e-02,9.259179090343354623e-01,6.265451480230592729e-01,1.000000000000000000e+00,1.148475251604279268e-01,9.090909090909091717e-01,6.853801169590644227e-01,8.532277551131406401e-02,5.923401230339322421e-01,4.303797468354430000e-01,2.415653829618521486e-01,4.515588448781132636e-01,5.127131909406521665e-02,1.367773591228484686e-01,4.107531829796851608e-01,1.410256414205292574e-01,4.633227807016667699e-01,4.466185049959071618e-01,1.838606143970655804e-01,1.981419441166181461e-01
3.591147206312141765e-02,2.222222219999999970e-01,2.609990805284556452e-03,2.698306713077232577e-01,0.000000000000000000e+00,1.744018331244023487e-03,5.561568224248492065e-01,4.014669359537912374e-01,3.999999976000001567e-01,2.950678483379447908e-02,2.424242424242424032e-01,2.023391812865497075e-01,3.109122002095136492e-02,3.680242808330213000e-01,1.012658227848101250e-01,3.527752912977413086e-02,1.185086263587381700e-01,6.361489495652322690e-03,2.770997468533858282e-02,2.493933322172215417e-01,2.884615224685650736e-02,6.670428330320672672e-02,6.131582708574250667e-02,3.988995873452544361e-02,2.817365093387157529e-02
8.090602689152090118e-03,3.455882350000000214e-01,9.001711710103644636e-04,2.533428854380627149e-01,0.000000000000000000e+00,4.362407515630919476e-03,7.756703374009037422e-01,4.902524849657450279e-01,1.000000000000000000e+00,4.135494130586684497e-02,4.545454545454545858e-01,3.859649122807017330e-01,7.200404172904366698e-03,4.650651201466133866e-01,1.898734177215189722e-01,9.654610323032508656e-02,2.350761667380896758e-01,1.227088812700343270e-02,4.970651122887147916e-02,3.169486502777660308e-01,5.128204946556540883e-02,1.745618327624259836e-01,1.635643101230461471e-01,7.198532783127005452e-02,7.908048448713918266e-02
9.686685358208484142e-03,1.835294120000000029e-01,2.979880921532595747e-02,5.889964500114621693e-01,0.000000000000000000e+00,5.896406891580122100e-02,9.251332557699072368e-01,6.314867930505818627e-01,3.999999976000001567e-01,1.494155873857165584e-01,9.090909090909091717e-01,6.678362573099415611e-01,1.058006085041914568e-01,5.955086876301580734e-01,4.303797468354430000e-01,2.198748739813079778e-01,4.408245388940040810e-01,6.949983068907573946e-02,1.556301829630700184e-01,4.138084919383882565e-01,1.602564095851002623e-01,4.608873531536389345e-01,4.504248794875460038e-01,2.003668042182485398e-01,1.880673524465045210e-01
5.871905885441215667e-02,2.166666670000000072e-01,6.399843328450061097e-03,4.505788672410133699e-01,0.000000000000000000e+00,4.331374475115107314e-02,9.144998511864499413e-01,5.988329005504546831e-01,1.000000000000000000e+00,1.003407446651191082e-01,8.787878787878788955e-01,6.549707602339182033e-01,6.825786123546605244e-02,5.780513754553591177e-01,4.177215189873417778e-01,2.008371490177091601e-01,4.227559258007711485e-01,4.892004785234055353e-02,1.201428092499719491e-01,3.959869790160496783e-01,1.249999992299679480e-01,4.305593560564449085e-01,4.174759299923340161e-01,1.636863823933975559e-01,1.795943384277297050e-01
5.032072415461272437e-03,2.367864689999999994e-01,7.644244791339223008e-03,5.281340933735524379e-01,0.000000000000000000e+00,4.168521445845975448e-02,8.607646310776807530e-01,5.593817710720003777e-01,1.000000000000000000e+00,1.150484590256678485e-01,8.787878787878788955e-01,6.152046783625731985e-01,8.190979265614445337e-02,5.561975793377536004e-01,4.303797468354430000e-01,1.845338329155061796e-01,3.941047521920742480e-01,4.811657816674251575e-02,1.346370912717226587e-01,3.812781179677878218e-01,1.378205123663913401e-01,4.018874896387804041e-01,3.929381650923171043e-01,1.751490142136634676e-01,1.632673156924438485e-01
1.148446773669314046e-02,2.689120560000000104e-01,2.025850058345160520e-02,6.351888211431487852e-01,0.000000000000000000e+00,1.047262005499100951e-01,9.563029302740876370e-01,6.883878413468882407e-01,1.000000000000000000e+00,2.148197464564178816e-01,1.000000000000000000e+00,9.473684210526316374e-01,2.286676705995960013e-01,6.864133700817998118e-01,7.088607594936708889e-01,4.784168615863717555e-01,6.872755702737516348e-01,1.255372895468016281e-01,2.651314956309658855e-01,5.182154608327289580e-01,2.756410247327826801e-01,6.392411426136571651e-01,6.041955225238101468e-01,3.186611646033928880e-01,4.202195386472017957e-01
2.826417640227579797e-02,3.056265980000000271e-01,1.264226111743270431e-02,5.730880727689438014e-01,0.000000000000000000e+00,5.597041458850020995e-02,9.538677994534484617e-01,6.770195120019462109e-01,1.000000000000000000e+00,1.719926949817728035e-01,1.000000000000000000e+00,8.257309941520468710e-01,1.672341716209638229e-01,6.534917159649886731e-01,6.202531645569621110e-01,4.081211245785797970e-01,5.901371049127681623e-01,8.722424978278528473e-02,2.106779124155262473e-01,4.792842426161428304e-01,2.179487171589414851e-01,5.975445990166412535e-01,5.627795174304536241e-01,2.650160476845483393e-01,3.234900827887135510e-01
5.599586335457156644e-02,1.819099989999999889e-01,9.748761456793937630e-02,7.939311876673049717e-01,0.000000000000000000e+00,2.265024252267333338e-01,9.811683216537244734e-01,7.812353263974927131e-01,1.000000000000000000e+00,3.524517588282916059e-01,1.000000000000000000e+00,9.824561403508772495e-01,3.890774799637260473e-01,7.626737064078479289e-01,8.101265822784810000e-01,5.997233003237153470e-01,7.771017271425744166e-01,2.630679878142412331e-01,4.177295696518967816e-01,6.157090453365936522e-01,4.262820502355974539e-01,7.319491742648943644e-01,7.003910970206462805e-01,4.419990829894543949e-01,5.534791587869143381e-01
5.675360908900238532e-02,2.037037040000000132e-01,4.213284688772027560e-03,3.860624617806166503e-01,0.000000000000000000e+00,2.117242394250071560e-02,9.006466625179253560e-01,5.865650616927751138e-01,1.000000000000000000e+00,7.094440528100312560e-02,6.969696969696970168e-01,5.157894736842105754e-01,2.730219524971126688e-02,5.456569324975197866e-01,3.164556962025316111e-01,1.411947937317312995e-01,3.259311336840201023e-01,3.283111030481057624e-02,8.258000143029660400e-02,3.677567660808865324e-01,8.653845982069773013e-02,3.190656426952153124e-01,3.108662604108468064e-01,1.182943603851444314e-01,1.199813730464265871e-01
2.659786742603456947e-03,2.904761900000000230e-01,3.304133788253538293e-03,4.846140338188140162e-01,0.000000000000000000e+00,2.100436146880396704e-02,8.154170837955573292e-01,5.317345824635246743e-01,3.999999976000001567e-01,9.359972957598991505e-02,7.878787878787879562e-01,5.239766081871345405e-01,5.460599395292786012e-02,5.221039092229544654e-01,3.544303797468354444e-01,1.570079741967599640e-01,3.326778364280394973e-01,3.281616083969916831e-02,1.093464913080194750e-01,3.556591627413784873e-01,1.121794860935445420e-01,3.328253422947479723e-01,3.228038148201083923e-01,1.467216872994039356e-01,1.200484851062472436e-01
1.020501314955731403e-01,1.810007409999999928e-01,1.062641076276746033e-01,7.901041608120330517e-01,0.000000000000000000e+00,2.472681267673040029e-01,9.850915879758652682e-01,7.889547020586888948e-01,1.000000000000000000e+00,3.620641076955935511e-01,1.000000000000000000e+00,9.438596491228070651e-01,4.027294113844043788e-01,7.748750106505890578e-01,8.354430379746835555e-01,6.378891780462787597e-01,7.753664986393237202e-01,2.821477245609505524e-01,4.251096776899447316e-01,6.330220588062736020e-01,4.391025633720209154e-01,7.542348676260574036e-01,7.157647181113002688e-01,4.507106831728564522e-01,5.829820888901287024e-01
7.798667440578678153e-03,2.629274970000000100e-01,1.714455680671410354e-02,6.231136852874148424e-01,0.000000000000000000e+00,1.081097318709935695e-01,9.651235152466247635e-01,6.958469815515690993e-01,1.000000000000000000e+00,2.095996804891233911e-01,1.000000000000000000e+00,9.520467836257310301e-01,2.252546877444264184e-01,6.882413798961664053e-01,7.468354430379746667e-01,4.869620662904987074e-01,6.942540795595814052e-01,1.268172491002979851e-01,2.648892623976685790e-01,5.225559746179133658e-01,2.724358956786447905e-01,6.483297214704443201e-01,6.064043761287891687e-01,3.182026593305822826e-01,4.360445500211750369e-01
3.671605381142057506e-02,2.091038410000000125e-01,8.477304299709914615e-03,4.817918311732252157e-01,0.000000000000000000e+00,3.739036703873053341e-02,9.043534727671204143e-01,5.836798425009759317e-01,1.000000000000000000e+00,9.961572173002450348e-02,8.181818181818182323e-01,5.836257309941520477e-01,6.143189552512685198e-02,5.635709624371525450e-01,3.670886075949366667e-01,1.685619053984270255e-01,3.726083865444641541e-01,4.541276660123048231e-02,1.146018444713801099e-01,3.834422545204440591e-01,1.185897442018203490e-01,3.850192577205649447e-01,3.767082883983213226e-01,1.545162769371847822e-01,1.462345201745319512e-01
2.557473608876161680e-02,2.899999999999999800e-01,2.551001566275855423e-03,4.009941409812407542e-01,0.000000000000000000e+00,1.004782853327165250e-02,7.951243269568982752e-01,5.134586989358631559e-01,3.999999976000001567e-01,6.608654088942181315e-02,6.060606060606060774e-01,4.233918128654970414e-01,1.706324668420246271e-02,4.900801766182144581e-01,2.658227848101265556e-01,1.184354876555288455e-01,2.651644932772080909e-01,2.138204351344124080e-02,7.458723831630811874e-02,3.331953601171810386e-01,7.692307573841222768e-02,2.419731756763504604e-01,2.309655288905058390e-01,1.045392022008253124e-01,8.768384497897931118e-02
1.595583823938268985e-03,4.052287580000000222e-01,8.298281246798842664e-04,2.658532701804965370e-01,0.000000000000000000e+00,3.625113660140375210e-03,8.200438323547716291e-01,5.338588958096435189e-01,3.999999976000001567e-01,4.510066588317748065e-02,4.848484848484848619e-01,4.116959064327485041e-01,3.790564086605217094e-03,4.927645273786340763e-01,2.025316455696202500e-01,1.190506732991386124e-01,2.551807065381988537e-01,1.241564776832832298e-02,5.178085010310300162e-02,3.315814820254038842e-01,5.448717851970331927e-02,1.988468670002230543e-01,1.913166066811325117e-01,7.657038055937642751e-02,8.215473201954465177e-02
2.662258797299939597e-02,2.720779220000000276e-01,6.845213731630902729e-03,4.904653540054916272e-01,0.000000000000000000e+00,5.736707357767294180e-02,9.574663816661707072e-01,6.599854041852650788e-01,1.000000000000000000e+00,1.358968660142989282e-01,1.000000000000000000e+00,8.643274853801170554e-01,1.228654586418992528e-01,6.346780928533206634e-01,5.822784810126582222e-01,3.356313043842008015e-01,5.829231793499235481e-01,7.183664210581101883e-02,1.677331725074981128e-01,4.524560640680817536e-01,1.762820517756615579e-01,5.682868451626004180e-01,5.388355443524810440e-01,2.301696469509399434e-01,2.873356254654889086e-01
4.805646616344648459e-02,2.428571429999999975e-01,7.371632513505644614e-03,4.867026643876261605e-01,0.000000000000000000e+00,3.010065962862307556e-02,8.761600692659434753e-01,5.785147344184020657e-01,3.999999976000001567e-01,9.729996203205248939e-02,7.575757575757575690e-01,5.438596491228070429e-01,5.460599395292786012e-02,5.461395893593659068e-01,3.291139240506328889e-01,1.641122370404939079e-01,3.483880641378238607e-01,3.878591077064563741e-02,1.092379241545837071e-01,3.728987650578182156e-01,1.121794860935445420e-01,3.449392308230053716e-01,3.354066239621636414e-01,1.467216872994039356e-01,1.276953685772950486e-01
2.699921603718324903e-02,2.303422760000000125e-01,1.806601774034042804e-02,5.470215182562563339e-01,0.000000000000000000e+00,4.686987672332499494e-02,9.307340566573771845e-01,6.395965218965509180e-01,1.000000000000000000e+00,1.262707579495622734e-01,9.090909090909091717e-01,6.315789473684211286e-01,9.214867708351305586e-02,5.946507157518556852e-01,4.303797468354430000e-01,2.083913136679171607e-01,4.134282263340267605e-01,5.730715614233484329e-02,1.424794511939077579e-01,4.065261675652988571e-01,1.474358964486768564e-01,4.535810705095555950e-01,4.489949716097345611e-01,1.861531407611187738e-01,1.693958127884291065e-01
9.350408321357354946e-03,2.365747460000000024e-01,1.438081148969250038e-02,5.539461047838781793e-01,0.000000000000000000e+00,5.803028376357542012e-02,9.417733163776077498e-01,6.516267544678466805e-01,3.999999976000001567e-01,1.378313347995762383e-01,9.393939393939394478e-01,6.900584795321638154e-01,1.126265742145306503e-01,6.139926685149805774e-01,4.936708860759493889e-01,2.544828014711453812e-01,4.629973559199936362e-01,6.748406116355838702e-02,1.589401638488974200e-01,4.262239238545483810e-01,1.666666646132478335e-01,4.941953868022196938e-01,4.853501032963892237e-01,2.054103622191654765e-01,2.099646007862825958e-01
2.914735397029720801e-02,1.611969109999999983e-01,1.201120375681107577e-01,7.740472714977717494e-01,0.000000000000000000e+00,2.179521208508029828e-01,9.789767039151493488e-01,7.504002534467055785e-01,1.000000000000000000e+00,3.122125520819711841e-01,1.000000000000000000e+00,8.269005847953216914e-01,3.139920495644153986e-01,7.183029433628109750e-01,6.962025316455696666e-01,4.463493239594710227e-01,6.308994616114216303e-01,2.065148056902445795e-01,3.392720348217567738e-01,5.485746651880925029e-01,3.557692295253328529e-01,6.533776743597682346e-01,6.443303925262788834e-01,3.768913342503438790e-01,3.886715541821226805e-01
8.584015938212377975e-04,3.582202110000000106e-01,6.274742616991698003e-03,4.580124448500011436e-01,0.000000000000000000e+00,3.519234502522028407e-02,9.536242863713846329e-01,6.580477814927332414e-01,1.000000000000000000e+00,1.265656510189057671e-01,1.000000000000000000e+00,8.538011695906433385e-01,1.092135913593610674e-01,6.263252284587490504e-01,5.696202531645570000e-01,3.556670197085418095e-01,5.763893149006628080e-01,5.581867882609230225e-02,1.571375949095706603e-01,4.476118523603022648e-01,1.634615386392381520e-01,5.654233203173113509e-01,5.284981094811792568e-01,2.187070151306740318e-01,2.771013240833969937e-01
1.577164245087705752e-01,2.399999999999999911e-01,1.661809406043540313e-02,5.596446492715021481e-01,0.000000000000000000e+00,4.628477508092696674e-02,9.047322708947753700e-01,6.077403076435681228e-01,3.999999976000001567e-01,1.353996755556453602e-01,9.090909090909091717e-01,6.467836257309942383e-01,1.023876256490218462e-01,5.893441983606901857e-01,4.430379746835442778e-01,2.305070333823559248e-01,4.301762876972748395e-01,5.949445705761627345e-02,1.526710970423461045e-01,4.083041590656634745e-01,1.570512805309623450e-01,4.531682861793813744e-01,4.435774333121110247e-01,1.944062356717102258e-01,1.856326220076146838e-01
7.422094803630173432e-03,4.153297679999999881e-01,1.358609993267291104e-03,3.406010202805298537e-01,0.000000000000000000e+00,1.311038998981086008e-02,9.127411455937661788e-01,5.888845516312803952e-01,1.000000000000000000e+00,8.053345028237965386e-02,9.393939393939394478e-01,7.789473684210527216e-01,4.778002824258865966e-02,5.731407831283203969e-01,4.050632911392405000e-01,2.488085222424396559e-01,4.912599719239679752e-01,2.833304744212073595e-02,1.028850322420121755e-01,3.948596500700135015e-01,1.057692310653969570e-01,4.649329724799349806e-01,4.366617725400517291e-01,1.485557083906464682e-01,1.970051428281104633e-01
5.324888957076705231e-02,2.119191920000000062e-01,4.243070572452590367e-02,7.074907810614268211e-01,0.000000000000000000e+00,1.452352231163845930e-01,9.639330068454233791e-01,7.180094250493598285e-01,1.000000000000000000e+00,2.575411867939967347e-01,1.000000000000000000e+00,8.807017543859649855e-01,2.730363835786606685e-01,7.038275615345335190e-01,7.215189873417722222e-01,4.857378863172310823e-01,6.667272031463826742e-01,1.668970585208965907e-01,3.097276121127415793e-01,5.401071070874812197e-01,3.173076931961908431e-01,6.574409368872732307e-01,6.262619700375504639e-01,3.438789546079779602e-01,4.207714318896448868e-01
7.445679092270383881e-02,2.565217390000000264e-01,3.359571802532648754e-02,7.059858618468525249e-01,0.000000000000000000e+00,1.458277399410392583e-01,9.818176898725615720e-01,7.607842138909162166e-01,1.000000000000000000e+00,2.866511861233908554e-01,1.000000000000000000e+00,9.660818713450293194e-01,3.276439809850938412e-01,7.496414888894296080e-01,8.354430379746835555e-01,6.506386261451154729e-01,7.738983910489606322e-01,1.989621713657435398e-01,3.562543973679310749e-01,6.023980576090102179e-01,3.685897426617562589e-01,7.387740971175004168e-01,6.839572261996024194e-01,3.952315451627693710e-01,5.791973482597423395e-01
2.038275609932383228e-02,2.285714289999999926e-01,1.022328465623837009e-02,5.334491448347695730e-01,0.000000000000000000e+00,4.608165443602601358e-02,9.137963689493764363e-01,6.271617929091495292e-01,3.999999976000001567e-01,1.304318615413201932e-01,9.393939393939394478e-01,6.713450292397661334e-01,1.023876256490218462e-01,5.967542971916719452e-01,4.810126582278480556e-01,2.431854258908633659e-01,4.491629322629852594e-01,6.281856467518770470e-02,1.512981636853993339e-01,4.147154631556399518e-01,1.570512805309623450e-01,4.785149085050215967e-01,4.649350986837831323e-01,1.985327831270059518e-01,1.950985464826786309e-01
4.058310116712020299e-02,2.536997890000000089e-01,3.176119335922954201e-02,5.231425663728451747e-01,3.514376996805111675e-02,3.141618769176451886e-02,8.861441056305636721e-01,5.888845516312803952e-01,1.000000000000000000e+00,1.327038645123151950e-01,9.090909090909091717e-01,6.339181286549707695e-01,8.190979265614445337e-02,5.708472423551615993e-01,4.303797468354430000e-01,2.069551790851452966e-01,4.121951257582541772e-01,4.901214543361710058e-02,1.312625235822616476e-01,3.925478167248678818e-01,1.378205123663913401e-01,4.340976501253332454e-01,4.216857450982940403e-01,1.792755616689591935e-01,1.713873268534890637e-01
5.070804967521856665e-02,1.833030850000000045e-01,2.528894065746304168e-02,6.583399865508177129e-01,0.000000000000000000e+00,6.623826498716056665e-02,8.771882356124355296e-01,5.745291718289462501e-01,3.999999976000001567e-01,1.661367309708750295e-01,9.090909090909091717e-01,6.444444444444444864e-01,1.296914243522384325e-01,5.795211242242892524e-01,4.303797468354430000e-01,2.132126011601826465e-01,4.261331765906316571e-01,7.499503484424134558e-02,1.813159725974635428e-01,4.058246768393441450e-01,1.826923068038091569e-01,4.393812895515630812e-01,4.327624962644388007e-01,2.145804676753782503e-01,1.898344836835483274e-01
2.471334142423163484e-03,3.875968989999999947e-01,3.318235370822601466e-03,4.183048448544863240e-01,0.000000000000000000e+00,2.220948411210241225e-02,9.310857977759139370e-01,6.290117275674207420e-01,3.999999976000001567e-01,1.049074346893663079e-01,9.696969696969697239e-01,7.801169590643275420e-01,7.849680980097485661e-02,5.996351903836873998e-01,4.683544303797468333e-01,3.070803086005086668e-01,5.167767011008661537e-01,4.096418587635099195e-02,1.289427186477453968e-01,4.212884905104595235e-01,1.346153833122534227e-01,5.147923262061457894e-01,4.818666112287722791e-01,1.843191196698761858e-01,2.336995042038347847e-01
3.674022008603193556e-02,1.967654990000000104e-01,5.413256824132799822e-02,7.262743668357919402e-01,0.000000000000000000e+00,1.689000129276908013e-01,9.752969506750724937e-01,7.365455440335364479e-01,1.000000000000000000e+00,2.797560928143397740e-01,1.000000000000000000e+00,9.333333333333333481e-01,2.935142165715380336e-01,7.171659045700427004e-01,7.468354430379746667e-01,4.996844190593034418e-01,7.026613645903775351e-01,1.860768743128517755e-01,3.276802460118639071e-01,5.544540867068001866e-01,3.365384613607618203e-01,6.727545697555584736e-01,6.429167262190922383e-01,3.658872077028885172e-01,4.601285032892582505e-01
3.310147751272719818e-02,2.568710359999999970e-01,8.768238742892384141e-03,5.176131226199151003e-01,0.000000000000000000e+00,3.327952425284829568e-02,9.180713763900538726e-01,6.216402753970005080e-01,3.999999976000001567e-01,1.184995384471022872e-01,8.787878787878788955e-01,6.608187134502924165e-01,8.190979265614445337e-02,5.833157974092380016e-01,3.924050632911392222e-01,2.272897818106102141e-01,4.343795214580182806e-01,5.128009115718788063e-02,1.345657692287174356e-01,4.052116352396019638e-01,1.378205123663913401e-01,4.406559276162703154e-01,4.234008549562777168e-01,1.779000458505272664e-01,1.794904640860595368e-01
3.214862790987442487e-02,2.202111609999999886e-01,1.393102266391402569e-02,5.564622524027847961e-01,0.000000000000000000e+00,5.642657233373966214e-02,9.182066614356449996e-01,6.179856644207215588e-01,1.000000000000000000e+00,1.358138150027561886e-01,9.090909090909091717e-01,6.795321637426900985e-01,1.092135913593610674e-01,5.949994848080761844e-01,4.683544303797468333e-01,2.325366395483841053e-01,4.493799591504713531e-01,6.569528999443713380e-02,1.570907226841023185e-01,4.147816879457157380e-01,1.634615386392381520e-01,4.610008688444368619e-01,4.494179021088055559e-01,2.022008253094910724e-01,2.003432553037573227e-01
8.546436272647013610e-03,2.837078650000000035e-01,4.130750313224396120e-02,6.243254652431196039e-01,0.000000000000000000e+00,9.211915488829870713e-02,9.808977515625423305e-01,7.229538987231491909e-01,1.000000000000000000e+00,2.254298230728354058e-01,1.000000000000000000e+00,9.602339181286549952e-01,2.354936363099352226e-01,7.003114861861334806e-01,7.848101265822785555e-01,5.274340439821224580e-01,7.121945127786032392e-01,1.309120261277788022e-01,2.731924269326767574e-01,5.380846475355671732e-01,2.820512828410585149e-01,6.708870535521090916e-01,6.216454660031444091e-01,3.264557542411737345e-01,4.628552698422738199e-01
2.567195545956050748e-02,2.607086200000000020e-01,9.673026176318186981e-03,5.449185316469511431e-01,0.000000000000000000e+00,6.680029082849764377e-02,9.450472144809113351e-01,6.503510350016690200e-01,1.000000000000000000e+00,1.522110596428980223e-01,1.000000000000000000e+00,8.573099415204679108e-01,1.433432916347766317e-01,6.384565610678867298e-01,5.949367088607595555e-01,3.428709115425305209e-01,5.839406488972727072e-01,8.078715740679957846e-02,1.896913524101543347e-01,4.572380346767071502e-01,1.955128199402325906e-01,5.682189354824750405e-01,5.436508452113353318e-01,2.453003209536909757e-01,2.994872723581676333e-01
1.345485052604880431e-02,2.709284630000000083e-01,1.465120356512627543e-02,6.210149658068936374e-01,0.000000000000000000e+00,7.314140369722473001e-02,9.427744257149816010e-01,6.691049597483638145e-01,3.999999976000001567e-01,1.856870630447666204e-01,1.000000000000000000e+00,8.070175438596491890e-01,1.808860389035020222e-01,6.528567232633999406e-01,6.075949367088607778e-01,3.793578542668487597e-01,5.731252942278204365e-01,9.596528425776824911e-02,2.265435319879493536e-01,4.749864087048101813e-01,2.307692302953648633e-01,5.840079361116381484e-01,5.620285072047607189e-01,2.709766162310866533e-01,3.132839936833000105e-01
3.703631237725638070e-02,2.783251230000000076e-01,2.931381589307927374e-03,4.072509422794348133e-01,0.000000000000000000e+00,1.596906005864096728e-02,8.413376985308045342e-01,5.386647658163756791e-01,1.000000000000000000e+00,7.320029387662413400e-02,6.666666666666667407e-01,4.912280701754385692e-01,3.071517810488086711e-02,5.168034118339155381e-01,2.784810126582278333e-01,1.344852411256712565e-01,3.069444891183097379e-01,2.699464131194846683e-02,8.761173359344497091e-02,3.511036351512246134e-01,8.974358887483563363e-02,2.838185213665824214e-01,2.737653158010992516e-01,1.201283814763869640e-01,1.133722190491594090e-01
4.116514256550057177e-02,2.756097559999999835e-01,4.321700908928880445e-03,4.323873018170056315e-01,0.000000000000000000e+00,2.986025296655240441e-02,9.171243810709165389e-01,5.988329005504546831e-01,1.000000000000000000e+00,1.010615530712698218e-01,9.393939393939394478e-01,7.192982456140351033e-01,7.167084409063566308e-02,5.859888252568732359e-01,4.430379746835442778e-01,2.394643902052015494e-01,4.676827622567553133e-01,4.626642585181360567e-02,1.235516563388637801e-01,4.050902523330038307e-01,1.282051282841058515e-01,4.737532415221089033e-01,4.522328911295038223e-01,1.751490142136634676e-01,1.990641800109319570e-01
6.717392933426568659e-03,3.117483810000000188e-01,2.424297253183176765e-02,4.986799089709850197e-01,0.000000000000000000e+00,3.180415502005526363e-02,9.378229930463487518e-01,6.465351911882011304e-01,1.000000000000000000e+00,1.265331743546905530e-01,9.393939393939394478e-01,7.111111111111111382e-01,9.214867708351305586e-02,6.002159372128659243e-01,4.810126582278480556e-01,2.586726171693429221e-01,4.688358012515928541e-01,5.073320364104481894e-02,1.407005672467162294e-01,4.177474176732092759e-01,1.474358964486768564e-01,4.875269225263731965e-01,4.688226810285462398e-01,1.930307198532782986e-01,2.047622994427753806e-01
1.620154717367658370e-02,2.398907100000000070e-01,1.258416215760412363e-02,5.915739200992716773e-01,0.000000000000000000e+00,6.383853155985094729e-02,9.297329473200033334e-01,6.283922540350639352e-01,1.000000000000000000e+00,1.561223904163595300e-01,9.696969696969697239e-01,7.941520467836258312e-01,1.399303729177472366e-01,6.183820848820833493e-01,5.316455696202532222e-01,2.791775948854865463e-01,5.265184989911229074e-01,7.725940566751680894e-02,1.876411218588684704e-01,4.364730970847974789e-01,1.923076908860946455e-01,5.166159008518670381e-01,5.044203058612579671e-01,2.324621733149931369e-01,2.448997643432228588e-01
4.145297619865830063e-02,3.376576580000000272e-01,1.199167586768367516e-02,5.918561843656782173e-01,0.000000000000000000e+00,6.089502485053253922e-02,9.633648096539408900e-01,6.883878413468882407e-01,1.000000000000000000e+00,1.859787332390353543e-01,1.000000000000000000e+00,1.000000000000000000e+00,1.877120046138412435e-01,6.675560143192071916e-01,6.582278481012658888e-01,4.418840998788354790e-01,6.883167755184035341e-01,8.995489696063214968e-02,2.329784046295418076e-01,4.928825326318403977e-01,2.371794853235124900e-01,6.127224125246755193e-01,5.804061691981861060e-01,2.911508482347546778e-01,3.668293259477365953e-01
4.037652386098138785e-02,6.666666669999999906e-01,2.728310007432622076e-03,2.773448936823912914e-01,0.000000000000000000e+00,1.061641257525193765e-03,7.067561351768176792e-01,4.538082064685482475e-01,1.000000000000000000e+00,4.163582726430836017e-02,4.242424242424243097e-01,3.637426900584795342e-01,1.061338702807396867e-02,4.312684793885057655e-01,1.772151898734176945e-01,1.064422634407932861e-01,2.194913261688516415e-01,5.497559975116395568e-03,4.898260761626484217e-02,2.983059259543779373e-01,4.807692349155572031e-02,1.487291901770645131e-01,1.347654067538947564e-01,6.740027510316368153e-02,7.074840168340833235e-02
5.568879647074837652e-02,2.277361320000000078e-01,5.487184068495838674e-02,7.437340169634685250e-01,0.000000000000000000e+00,1.737490387013762572e-01,9.824941151005168738e-01,7.445336410900471602e-01,1.000000000000000000e+00,2.995856994091354863e-01,1.000000000000000000e+00,1.000000000000000000e+00,3.276439809850938412e-01,7.358395844145044773e-01,8.101265822784810000e-01,5.616258659089784500e-01,7.583941909181809438e-01,1.972086981981819309e-01,3.643964043108215978e-01,5.801573151231957937e-01,3.685897426617562589e-01,7.009597235676550131e-01,6.665293712563179485e-01,3.911049977074735895e-01,5.117655059139454288e-01
1.679411974677291405e-02,3.378048779999999751e-01,4.558866886072489646e-03,4.471722348555832172e-01,0.000000000000000000e+00,2.206352747140055345e-02,9.088178792716253840e-01,6.059497745568924731e-01,1.000000000000000000e+00,1.008416538257820572e-01,9.393939393939394478e-01,7.286549707602339998e-01,7.167084409063566308e-02,5.802892519779563330e-01,4.177215189873417778e-01,2.401368926406869664e-01,4.679682720514018457e-01,3.986031042657856710e-02,1.266968310064735814e-01,4.004196845151408168e-01,1.282051282841058515e-01,4.655934274082136892e-01,4.452685056455699675e-01,1.710224667583676861e-01,1.961100915656227017e-01
5.084595263676226773e-02,2.028053770000000089e-01,3.916931632801912838e-02,5.919099378164838221e-01,4.712460063897763729e-02,7.472616284710929813e-02,9.475094023106687136e-01,6.619286841703297952e-01,3.999999976000001567e-01,1.696533835044081173e-01,9.696969696969697239e-01,7.742690058479532178e-01,1.331044072074080431e-01,6.241172928858060853e-01,5.063291139240506666e-01,2.771635956011529456e-01,5.192327194376994415e-01,8.301520018205856000e-02,1.785049506960325327e-01,4.408490852623520584e-01,1.858974358579470465e-01,5.270630062017517270e-01,5.115165728986655891e-01,2.260430994956441619e-01,2.433659221895818070e-01
1.889348171278138703e-03,3.201058199999999854e-01,1.040123058125250535e-02,4.349389748003437139e-01,0.000000000000000000e+00,1.195903751599070378e-02,8.400660191022485401e-01,5.359916950945617931e-01,1.000000000000000000e+00,7.832850790428708132e-02,6.363636363636364646e-01,4.807017543859649078e-01,2.730219524971126688e-02,5.111586244242336541e-01,2.784810126582278333e-01,1.329917763022876454e-01,2.991571599871618026e-01,2.380310611663342610e-02,8.672010899553171670e-02,3.486114491568956253e-01,8.653845982069773013e-02,2.693091521609592420e-01,2.580447747618985765e-01,1.155433287482805910e-01,1.061179438684487497e-01
2.443975259055812185e-02,2.821256039999999743e-01,9.043510867165335462e-03,4.737424891399150129e-01,0.000000000000000000e+00,4.485667726070202699e-02,9.338726697150897538e-01,6.321062665829388916e-01,1.000000000000000000e+00,1.161663008496862382e-01,9.696969696969697239e-01,7.391812865497076057e-01,8.873569422834344522e-02,5.996054834664279465e-01,4.810126582278480556e-01,2.478614799438944305e-01,4.809443617107533320e-01,5.207059963639706218e-02,1.384889474480403837e-01,4.147190343865610473e-01,1.442307673945389390e-01,4.987866138036411434e-01,4.814163948910515911e-01,1.911966987620357661e-01,2.031808293757131900e-01
7.413437069468949148e-02,2.187363830000000064e-01,1.072908742998778669e-01,7.727615194173214075e-01,0.000000000000000000e+00,2.104857383939236493e-01,9.942098000487027409e-01,8.030611609895734748e-01,1.000000000000000000e+00,3.570697669402681518e-01,1.000000000000000000e+00,9.988304093567251796e-01,3.959034456740652130e-01,7.765805688397411366e-01,8.607594936708861111e-01,6.824686601143634679e-01,8.139445547536440229e-01,2.599886730695539216e-01,4.237918723118272446e-01,6.408640436039916288e-01,4.326923083438733442e-01,7.705784639762449650e-01,7.179073061081299167e-01,4.484181568088032588e-01,6.234262030145016897e-01
9.667213770431033748e-02,2.207957439999999882e-01,1.089708640860675426e-01,7.741903259398117410e-01,0.000000000000000000e+00,1.991333232451523716e-01,9.916934982007089561e-01,7.944083320604427012e-01,1.000000000000000000e+00,3.491029437121150325e-01,1.000000000000000000e+00,1.000000000000000000e+00,3.822515783915270138e-01,7.657699509415021311e-01,8.354430379746835555e-01,6.437588428802126783e-01,7.967268865925605237e-01,2.433639256165558151e-01,4.140425514010100949e-01,6.239353274366106206e-01,4.198717952074498827e-01,7.489152760162317568e-01,7.042345022933097498e-01,4.369555249885372916e-01,5.859679315613739448e-01
2.498571085872750355e-02,2.566782810000000081e-01,1.592290692287245610e-02,5.425294069746217085e-01,0.000000000000000000e+00,3.061294496770132142e-02,8.704239833328825116e-01,5.666287628066959403e-01,1.000000000000000000e+00,1.151003968970654712e-01,8.181818181818182323e-01,5.941520467836257646e-01,7.508382694580525984e-02,5.518453568982966129e-01,3.670886075949366667e-01,1.802708575453171036e-01,3.802499639211815441e-01,4.409354634842058834e-02,1.321355280449805492e-01,3.800567208803758423e-01,1.314102573382437411e-01,3.754280140746140693e-01,3.643932798877382861e-01,1.659789087574506938e-01,1.559340009206602040e-01
1.975487637731137072e-02,2.968253969999999908e-01,2.255670682697729496e-03,4.093713936539365994e-01,0.000000000000000000e+00,2.449173070025554080e-02,8.764576963662437104e-01,5.700033378025943787e-01,1.000000000000000000e+00,8.751085086257154311e-02,9.090909090909091717e-01,6.233918128654971635e-01,5.460599395292786012e-02,5.574283617819466574e-01,4.177215189873417778e-01,1.863839417593552705e-01,3.950505378517132904e-01,3.531549069739632618e-02,1.071636602269198518e-01,3.771549121856858089e-01,1.121794860935445420e-01,4.181125769393372882e-01,4.061984330132661358e-01,1.577258138468592419e-01,1.560094369037844653e-01
3.361789306445655406e-02,5.285714289999999815e-01,7.814672803276789207e-04,3.410571963059321199e-01,0.000000000000000000e+00,3.808913947517017680e-03,6.794014989583052611e-01,4.519497858714776051e-01,1.000000000000000000e+00,5.279106559530036963e-02,5.757575757575758013e-01,3.918128654970760016e-01,3.412149059346827971e-03,4.336382733868504591e-01,2.405063291139240556e-01,1.122462256041406176e-01,2.390623736113470510e-01,9.403230840717374459e-03,6.427597431338680223e-02,2.986778345868649764e-01,6.410256260198882172e-02,1.951424605274984236e-01,1.778542936216103987e-01,9.032553874369554647e-02,7.882287447556542148e-02
2.677335005314363317e-02,1.790990990000000116e-01,2.842649331912521296e-02,6.841737129313363308e-01,0.000000000000000000e+00,1.163078975751960370e-01,9.139316539949674523e-01,6.253146868971448669e-01,3.999999976000001567e-01,2.009912572076192339e-01,9.696969696969697239e-01,7.216374269005848552e-01,1.877120046138412435e-01,6.332653162822339254e-01,5.696202531645570000e-01,2.876820062914908771e-01,5.003515066610754181e-01,1.086829381897412156e-01,2.324774503378589374e-01,4.504464576902889594e-01,2.371794853235124900e-01,5.217350923272048302e-01,5.229220534542572407e-01,2.663915635029802664e-01,2.496790459597306999e-01
1.981877843694309360e-01,2.070175439999999978e-01,3.794546822397965036e-02,6.935503549435888537e-01,0.000000000000000000e+00,8.804963394526854614e-02,9.393652425660867777e-01,6.612809241753081491e-01,1.000000000000000000e+00,2.173912288959012895e-01,9.696969696969697239e-01,7.590643274853802192e-01,1.911249874690108264e-01,6.414749467722875576e-01,5.443037974683544444e-01,3.190415827066553911e-01,5.303815320922058429e-01,1.089564844250538872e-01,2.393795047426253431e-01,4.645312872925687064e-01,2.403846143776503796e-01,5.445187900092877120e-01,5.328696906305626646e-01,2.737276478679504521e-01,2.712284433679720275e-01
3.302814728036292807e-02,2.869875219999999949e-01,1.041739849080752789e-02,4.014114559053230114e-01,0.000000000000000000e+00,2.281286920099293014e-02,9.390676154657865427e-01,6.358400796546788136e-01,1.000000000000000000e+00,8.934627821766580325e-02,8.181818181818182323e-01,6.397660818713450936e-01,4.778002824258865966e-02,5.746098946402093954e-01,3.670886075949366667e-01,2.001309058013188980e-01,4.096808068212025589e-01,3.659364255066683419e-02,1.015464162393148184e-01,3.939182492410448488e-01,1.057692310653969570e-01,4.053388992639788690e-01,3.880955783948131232e-01,1.430536451169188705e-01,1.615685844967689189e-01
3.673162886455313232e-04,2.743428359999999788e-01,1.412482874765549033e-02,5.950193447237138722e-01,0.000000000000000000e+00,7.988117398310407014e-02,9.647717741280880110e-01,6.877146235354685277e-01,1.000000000000000000e+00,1.830968631385027079e-01,1.000000000000000000e+00,9.122807017543860253e-01,1.842990217586716328e-01,6.652294577551864929e-01,6.582278481012658888e-01,4.160251049493640108e-01,6.416996278718949398e-01,1.014793386692230126e-01,2.261063885868513923e-01,4.910191920050593350e-01,2.339743593495027529e-01,6.108662146012470151e-01,5.773800397593649159e-01,2.810637322329206378e-01,3.611799853915488856e-01
2.475845919380420881e-02,2.226255289999999887e-01,1.366415873189776552e-02,5.847363691096650884e-01,0.000000000000000000e+00,6.397002798066106499e-02,9.353066911983549669e-01,6.452679576608226775e-01,1.000000000000000000e+00,1.510785909243094194e-01,9.393939393939394478e-01,7.228070175438596756e-01,1.296914243522384325e-01,6.171400901586012733e-01,4.936708860759493889e-01,2.747616979715766239e-01,4.900133184656045859e-01,7.716973425995474201e-02,1.777483665770308863e-01,4.352194990858418433e-01,1.826923068038091569e-01,5.028984783571184281e-01,4.891337395891532380e-01,2.214580467675377751e-01,2.327928131506533660e-01
9.547285861310414457e-03,4.000000000000000222e-01,1.169464136345223356e-03,2.490766909638995052e-01,0.000000000000000000e+00,2.699275955481196879e-03,8.149300576314294497e-01,5.170708802181454011e-01,3.999999976000001567e-01,3.729610201936675584e-02,3.939393939393939226e-01,3.695906432748538029e-01,1.402636988324356890e-02,4.761934084509085174e-01,1.645569620253164445e-01,9.428101964702188809e-02,2.243228930146984323e-01,1.015591708407178814e-02,4.207071883895074915e-02,3.227113881015358232e-01,4.487179443741781681e-02,1.583527242101338550e-01,1.502358276054727715e-01,6.281522237505730855e-02,6.584374739492029893e-02
4.176553037878084906e-02,5.833333330000000094e-01,7.133224541950263279e-05,1.435638585504092624e-01,0.000000000000000000e+00,5.105639845441821943e-04,6.289942909710761754e-01,4.156186532249397381e-01,3.999999976000001567e-01,2.131981444668627768e-02,2.424242424242424032e-01,2.807017543859648967e-01,3.450420287612095821e-02,3.872824857621197658e-01,1.012658227848101250e-01,6.448668966214052278e-02,1.646362113481814049e-01,3.241371850257298865e-03,2.421209364223814164e-02,2.684237742515463432e-01,2.564102627284681191e-02,7.674692658763843101e-02,6.819770539090211359e-02,3.668042182485098390e-02,4.002585581852241559e-02
4.733025852592818994e-02,1.984126979999999985e-01,6.275083341122360270e-03,4.418407906635754001e-01,0.000000000000000000e+00,1.863757684769985420e-02,8.696934440866906924e-01,5.722605975232373243e-01,3.999999976000001567e-01,7.658431270515614342e-02,6.363636363636364646e-01,4.631578947368421018e-01,2.730219524971126688e-02,5.252507037408067347e-01,2.784810126582278333e-01,1.243273746968614341e-01,2.918917445398530597e-01,3.171799788622046284e-02,8.230948062131576703e-02,3.561486837233792113e-01,8.653845982069773013e-02,2.785588500627498298e-01,2.699647882748853478e-01,1.127922971114167783e-01,9.808450150976101567e-02
3.572451599829549324e-02,2.476190480000000083e-01,2.600857200362583551e-03,3.429517069462284518e-01,0.000000000000000000e+00,4.251206673058347332e-03,7.247490462404286848e-01,4.799533839095286858e-01,3.999999976000001567e-01,4.289200480307552715e-02,3.636363636363636465e-01,3.263157894736841702e-01,1.402636988324356890e-02,4.363602867475820934e-01,1.518987341772151667e-01,6.990729883028165559e-02,1.962533300568913841e-01,1.226424946884628088e-02,4.264150118110369980e-02,2.988694705838679799e-01,4.487179443741781681e-02,1.298889144105007110e-01,1.204403414627808200e-01,6.006419073819348198e-02,5.342411812862529752e-02
5.076275635650619872e-02,2.367816090000000040e-01,8.526247672414544870e-03,4.138020196481602131e-01,0.000000000000000000e+00,2.175660686960680795e-02,9.041640737032928810e-01,5.958911084333260444e-01,1.000000000000000000e+00,7.972996273488716645e-02,7.272727272727272929e-01,5.298245614035088646e-01,3.412809682191025179e-02,5.488342849595222450e-01,3.164556962025316111e-01,1.480732434199610870e-01,3.344194668923896607e-01,3.314606952943342788e-02,8.897300338771105266e-02,3.708556527662834612e-01,9.294871792897353713e-02,3.345670258556119880e-01,3.256558346218312860e-01,1.274644658413571774e-01,1.210564402831739855e-01
4.568789411535693207e-02,3.047619049999999996e-01,4.629363807816817833e-03,4.810192287572527814e-01,0.000000000000000000e+00,1.895595895866191913e-02,8.794069103601288573e-01,5.739606139293857989e-01,3.999999976000001567e-01,9.513542954912845850e-02,7.878787878787879562e-01,5.766081871345030141e-01,5.460599395292786012e-02,5.486792268468554390e-01,3.417721518987341667e-01,1.842968687135564110e-01,3.699820632465883330e-01,3.500937424194911635e-02,1.107645893433962386e-01,3.767763429437689937e-01,1.121794860935445420e-01,3.638970169674332622e-01,3.497817132908020987e-01,1.467216872994039356e-01,1.407899960883726431e-01
2.041950435635898897e-02,2.022792019999999913e-01,6.137112050405717049e-03,3.995112203561959063e-01,0.000000000000000000e+00,1.777087361620431627e-02,8.741307935820775699e-01,5.722605975232373243e-01,3.999999976000001567e-01,7.323735693998426055e-02,6.666666666666667407e-01,4.853801169590643005e-01,2.388921239454166665e-02,5.289386287729345160e-01,2.911392405063291111e-01,1.280275232042610012e-01,3.046198516362372821e-01,3.067804324665911880e-02,7.913337993781723034e-02,3.575036817385144894e-01,8.333333384668803467e-02,2.936494462365054070e-01,2.842398295284747634e-01,1.137093076570380584e-01,1.071481235780478158e-01
4.731019386673252641e-02,6.071428570000000358e-01,3.934814154111239117e-05,1.006230716489334709e-01,0.000000000000000000e+00,4.712280400790460613e-04,6.679293270921833336e-01,4.226110667956530786e-01,3.999999976000001567e-01,1.756491707108584488e-02,2.121212121212121271e-01,2.865497076023391654e-01,3.791718573129056885e-02,3.975368040983148221e-01,8.860759493670886111e-02,7.004101767683584834e-02,1.691179740849487745e-01,2.899710720222642597e-03,2.111805294344713813e-02,2.774454318246621365e-01,2.243589721870890841e-02,7.247094697385809969e-02,6.393201928199264417e-02,3.209536909674461092e-02,4.621192157913334847e-02
2.682268029260258951e-02,2.608695650000000255e-01,2.821162828588856270e-03,3.623278604679420756e-01,0.000000000000000000e+00,1.254546515877911356e-02,8.341134770962418399e-01,5.217466324966197888e-01,1.000000000000000000e+00,6.136465703465000116e-02,6.060606060606060774e-01,4.514619883040935644e-01,1.365026382903285901e-02,5.035829208259006151e-01,2.531645569620252778e-01,1.154860512022217733e-01,2.792552766826388311e-01,2.270320318223633532e-02,7.145435656499471433e-02,3.413640836896867925e-01,7.371794668427432418e-02,2.519628893571549400e-01,2.412386471421332501e-01,1.013296652911508527e-01,9.540037536715009758e-02
2.582598774659022531e-02,2.736842110000000106e-01,4.859770257852108824e-03,3.894654707247694470e-01,0.000000000000000000e+00,6.828680034801616616e-03,7.450688600882059420e-01,4.751107415013322566e-01,3.999999976000001567e-01,6.009149742337336481e-02,4.545454545454545858e-01,3.614035087719297823e-01,0.000000000000000000e+00,4.489077114279705905e-01,2.025316455696202500e-01,8.514324049792729165e-02,2.200539685726896344e-01,1.623683919975950352e-02,6.024072610844432435e-02,3.102194779583306583e-01,6.089743662797912627e-02,1.670837785744959392e-01,1.541571924171355190e-01,8.161393856029344751e-02,6.692375417792439940e-02
3.766308355456190332e-02,2.899999999999999800e-01,2.800444603224332054e-03,4.236584136890620966e-01,0.000000000000000000e+00,1.133722527636550972e-02,7.399821423739820769e-01,4.770427069013312149e-01,3.999999976000001567e-01,6.674747819322154885e-02,6.060606060606060774e-01,3.836257309941520366e-01,1.706324668420246271e-02,4.652336781799020216e-01,2.658227848101265556e-01,9.546558432386052784e-02,2.353473061408362932e-01,1.955450023313974606e-02,7.545511937239518518e-02,3.145565929314955711e-01,7.692307573841222768e-02,2.207843568054487504e-01,2.118654418356872848e-01,1.045392022008253124e-01,7.244840715870010106e-02
3.806271392141481746e-02,2.507507509999999940e-01,7.074993688909812783e-03,5.118388196725883743e-01,0.000000000000000000e+00,2.308037319458504030e-02,8.663383749560323865e-01,5.705662384096219508e-01,3.999999976000001567e-01,1.007643048239870442e-01,7.878787878787879562e-01,5.368421052631578982e-01,5.801897680809745689e-02,5.428181732416268446e-01,3.417721518987341667e-01,1.670395220805491743e-01,3.456742901935054846e-01,3.910795738162087948e-02,1.126552335629118357e-01,3.718745054403234662e-01,1.153846151476824317e-01,3.556999191075868594e-01,3.439581357275574014e-01,1.471801925722145965e-01,1.294614584675551905e-01
1.026233045362979629e-01,1.755319150000000106e-01,2.794420380772185547e-02,6.340545433808455478e-01,0.000000000000000000e+00,4.936073817924124113e-02,8.547579750534376464e-01,5.604906004084564408e-01,1.000000000000000000e+00,1.463791432383275415e-01,7.878787878787879562e-01,5.368421052631578982e-01,9.556165993868265263e-02,5.461403056403324463e-01,3.544303797468354444e-01,1.611579217084947169e-01,3.479188666024127241e-01,5.870722576306804108e-02,1.482295915465425828e-01,3.785384403953833687e-01,1.506410255028147460e-01,3.536326685508273671e-01,3.469576289905539346e-01,1.783585511233379273e-01,1.418388378284894391e-01
5.394062146789942169e-02,1.619047620000000076e-01,3.437862513988374294e-03,3.999166886289770018e-01,0.000000000000000000e+00,1.475108897155373924e-02,7.461511404529344027e-01,4.818994925408597307e-01,3.999999976000001567e-01,5.849146390547258628e-02,5.151515151515151381e-01,3.543859649122806932e-01,3.412149059346827971e-03,4.571017388465415943e-01,2.151898734177215000e-01,7.228144902750952006e-02,2.140170563537713011e-01,2.108269801290162462e-02,6.133968471852768028e-02,3.097639107543642134e-01,6.410256260198882172e-02,1.866677319165510052e-01,1.773371620129153281e-01,8.757450710683173378e-02,6.517357222997781363e-02
2.532597865652362959e-02,2.747252749999999910e-01,7.528904177559214185e-04,2.220276650634397386e-01,0.000000000000000000e+00,3.955628022920714901e-03,7.734516626532104144e-01,4.872908923247512014e-01,1.000000000000000000e+00,3.404285754483112741e-02,3.636363636363636465e-01,3.473684210526315486e-01,1.743928860027296052e-02,4.549610695535031279e-01,1.518987341772151667e-01,7.595550580336093982e-02,2.088255030919029254e-01,1.142688553515953075e-02,3.923008407933415570e-02,3.103704075167108001e-01,4.166666538327991332e-02,1.385354145652948343e-01,1.293926951911957834e-01,5.823016964695093556e-02,6.182379255977454163e-02
5.729956735717177743e-03,2.261835180000000001e-01,1.981255864301932623e-02,6.561254873544566379e-01,0.000000000000000000e+00,5.743694852730642231e-02,8.873075570226467423e-01,5.859880178544152329e-01,3.999999976000001567e-01,1.666985028877580599e-01,9.393939393939394478e-01,6.584795321637427756e-01,1.331044072074080431e-01,5.876768766071249761e-01,4.556962025316455556e-01,2.194936544398037870e-01,4.326392873605006129e-01,7.016415509291266950e-02,1.865189685578363676e-01,4.087171147260612591e-01,1.858974358579470465e-01,4.568370733590990107e-01,4.545197042734820947e-01,2.136634571297569840e-01,1.849797318290878345e-01
5.792035239305980479e-03,3.415384619999999871e-01,2.413162168771081691e-03,3.664317266403349649e-01,0.000000000000000000e+00,9.602063604028749852e-03,8.456938769988365801e-01,5.462172513478500413e-01,3.999999976000001567e-01,6.753423158167182194e-02,6.363636363636364646e-01,4.900584795321637488e-01,2.047622953937206294e-02,5.151442102952685786e-01,2.784810126582278333e-01,1.490098443349678892e-01,3.094412361751419094e-01,2.194947981899947331e-02,7.643621938079060707e-02,3.517166831237392155e-01,8.012820479255013117e-02,2.750508490374468096e-01,2.618608941959123526e-01,1.104997707473635987e-01,1.056614366211958145e-01
2.174554553480408797e-02,3.044096729999999917e-01,4.200425100614736847e-03,4.213247937877626637e-01,0.000000000000000000e+00,2.504206554330093426e-02,8.796774804513110002e-01,5.716948682699434237e-01,1.000000000000000000e+00,9.368736698667751162e-02,9.090909090909091717e-01,6.818713450292398504e-01,6.143189552512685198e-02,5.591460481174228558e-01,4.050632911392405000e-01,2.104207234823980699e-01,4.343004479970308807e-01,3.772606984920662265e-02,1.141333697008816012e-01,3.853820092925017149e-01,1.185897442018203490e-01,4.294641460191278570e-01,4.081116900328729535e-01,1.613938560293443625e-01,1.781677549928056825e-01
1.269017638719958929e-02,2.819116759999999999e-01,1.052592462197427144e-02,5.572321359247467409e-01,0.000000000000000000e+00,4.553098201571998543e-02,9.315728239400417054e-01,6.370903413044586294e-01,1.000000000000000000e+00,1.478377421231383826e-01,9.696969696969697239e-01,7.812865497076023624e-01,1.296914243522384325e-01,6.187403175599568428e-01,5.189873417721518889e-01,2.977474022770990603e-01,5.237538140198635395e-01,6.888766887908263914e-02,1.746239848283373808e-01,4.370151148427004473e-01,1.826923068038091569e-01,5.217131215483407081e-01,5.048919610722034657e-01,2.255845942228335566e-01,2.478371980909592764e-01
9.202417602980477243e-03,2.059620600000000024e-01,2.912647257671942616e-02,6.936164516713239081e-01,0.000000000000000000e+00,1.118969895255284702e-01,9.453718985903298844e-01,6.816782924028219615e-01,1.000000000000000000e+00,2.152982194482909173e-01,9.696969696969697239e-01,7.871345029239766866e-01,2.116028204618882191e-01,6.611252853394005147e-01,5.949367088607595555e-01,3.504212886520844950e-01,5.590183348012330855e-01,1.210109952547572809e-01,2.571815659990884795e-01,4.803003571222495549e-01,2.596153856223496481e-01,5.630401565917330098e-01,5.568812286423345803e-01,2.874828060522696127e-01,3.049190742010555177e-01
6.724116257074178038e-02,2.200000000000000011e-01,3.249299185418730914e-03,4.530684042464873662e-01,0.000000000000000000e+00,1.296211424407308840e-02,6.912524689520821441e-01,4.679231513382324792e-01,3.999999976000001567e-01,6.854398313395099196e-02,6.060606060606060774e-01,3.707602339181286233e-01,1.706324668420246271e-02,4.474008750084437214e-01,2.531645569620252778e-01,8.358228109435743292e-02,2.258488929583948868e-01,2.090808186780605468e-02,7.617750659492569798e-02,3.020126547652124960e-01,7.692307573841222768e-02,2.060549469205956163e-01,1.973493756740251903e-01,1.045392022008253124e-01,6.637133341112376461e-02
1.513928420824854626e-02,2.797339589999999765e-01,4.100191755144297345e-02,6.044544765129767905e-01,0.000000000000000000e+00,6.864043635954723832e-02,9.742146703103439220e-01,7.061489112540522139e-01,1.000000000000000000e+00,1.870393070521093326e-01,1.000000000000000000e+00,9.064327485380117011e-01,1.774730560483324115e-01,6.611536103510891049e-01,6.202531645569621110e-01,3.970639787147606237e-01,6.299011304139930933e-01,9.647708233687571355e-02,2.207562517711019190e-01,4.858324558108749192e-01,2.275641012412269737e-01,6.045958874696653051e-01,5.721671452516143841e-01,2.746446584135717184e-01,3.323307744337087866e-01
1.689810124028415933e-03,4.155844160000000120e-01,1.242324144802215953e-03,2.895685141816607411e-01,0.000000000000000000e+00,6.366632685253126485e-03,7.907410914797479151e-01,5.057930675537303244e-01,1.000000000000000000e+00,5.281722046609963611e-02,6.060606060606060774e-01,4.608187134502924054e-01,6.824298118693655074e-03,4.857466656259594728e-01,2.531645569620252778e-01,1.292196483839778143e-01,2.837675858324629208e-01,1.435935915047001701e-02,6.647006313446757186e-02,3.301743313640834177e-01,6.730769165612672522e-02,2.406309608221066099e-01,2.272000831568416201e-01,9.491059147180191946e-02,1.034589607698906955e-01
7.380801513296549564e-03,3.450292400000000148e-01,1.439680354163169751e-03,2.768821506438317592e-01,0.000000000000000000e+00,5.699271252962951478e-03,8.251576070781136973e-01,5.248836012061346423e-01,3.999999976000001567e-01,4.757112358473949282e-02,5.151515151515151381e-01,4.374269005847953307e-01,3.720012132370602298e-04,4.906537062327938070e-01,2.151898734177215000e-01,1.182126601732366999e-01,2.699798841018981599e-01,1.504138677058164918e-02,5.425983438606767767e-02,3.346525809442389421e-01,5.769230757384122277e-02,2.127390570541180248e-01,2.001286332393487910e-01,8.115543328748280050e-02,8.648691276468088718e-02
1.193625513200772051e-02,3.659420290000000020e-01,3.488487525144341826e-03,4.266725221648891009e-01,0.000000000000000000e+00,5.806153477167225532e-03,7.531859628236695636e-01,5.052839112257656584e-01,3.999999976000001567e-01,6.681528252652582656e-02,5.454545454545455252e-01,4.070175438596491113e-01,1.365026382903285901e-02,4.724793693546923690e-01,2.405063291139240556e-01,1.149829904689237542e-01,2.526913490546439656e-01,1.669528990314986250e-02,7.322062743699368770e-02,3.205026332900474118e-01,7.371794668427432418e-02,2.064264528177524038e-01,1.978931434585450289e-01,9.582760201742318573e-02,7.602405631647252138e-02
1.702131598446086219e-02,4.153561519999999785e-01,3.280920582964479311e-03,4.478012616935741486e-01,0.000000000000000000e+00,2.249335404126074495e-02,9.093590194539896698e-01,6.023800229686078200e-01,1.000000000000000000e+00,1.127066684136302510e-01,1.000000000000000000e+00,8.514619883040935866e-01,9.214867708351305586e-02,5.963336366257077081e-01,4.936708860759493889e-01,3.002069921334684088e-01,5.480931216059506950e-01,4.054886055175256632e-02,1.426128394899341401e-01,4.162913195162467050e-01,1.474358964486768564e-01,5.154983871450969923e-01,4.906604472278887630e-01,1.999082989454378789e-01,2.425582686962990953e-01
1.102059720407288189e-02,1.808641980000000038e-01,3.641152818773363276e-02,6.790507137786567782e-01,0.000000000000000000e+00,1.257961615926866117e-01,9.546253957087584840e-01,6.836838026057490136e-01,1.000000000000000000e+00,2.135103914789166779e-01,1.000000000000000000e+00,8.023391812865497963e-01,2.081898376067186363e-01,6.624480850661824682e-01,6.202531645569621110e-01,3.473812855048650228e-01,5.686537137979952305e-01,1.283234468707648290e-01,2.490209878646930108e-01,4.829617607619252628e-01,2.564102565682117585e-01,5.862489555557774956e-01,5.739121395995477881e-01,2.925263640531865494e-01,3.016735388246691851e-01
6.155078088106245848e-02,5.000000000000000000e-01,2.780748550251797347e-04,3.338492145360307251e-01,0.000000000000000000e+00,5.399388915172639088e-05,2.707594902459481978e-01,2.812664415064237700e-01,3.999999976000001567e-01,2.100434455955755425e-02,6.060606060606060774e-02,6.549707602339181756e-02,5.156905301382875423e-02,2.526948469866957536e-01,2.531645569620253472e-02,1.492809708550072584e-02,3.866969535349044224e-02,6.948510662056210825e-04,1.048343111989014087e-02,1.729864023352948865e-01,9.615384082285502454e-03,1.062087423726443790e-02,8.773046788716655844e-03,1.237964236588720915e-02,1.041551627534590199e-02
2.247790559544592115e-02,1.963782699999999937e-01,2.606440679665065346e-02,6.505984450286252940e-01,0.000000000000000000e+00,9.395998807371998274e-02,9.350361211071729350e-01,6.503510350016690200e-01,1.000000000000000000e+00,1.872547438551858123e-01,9.696969696969697239e-01,7.555555555555556468e-01,1.740600731931628287e-01,6.383819189176558329e-01,5.569620253164557777e-01,2.969845916862043356e-01,5.197402622218689761e-01,1.013119731266741846e-01,2.197343823609266833e-01,4.537884213926077215e-01,2.243589752672172644e-01,5.329072333796051053e-01,5.289678157036498130e-01,2.604309949564419524e-01,2.592224206018294286e-01
3.536972626483841919e-02,5.714285709999999963e-01,1.593709643424943273e-04,2.276641902889759428e-01,0.000000000000000000e+00,3.975773078569490044e-04,3.171352038745637314e-01,3.063819917064091181e-01,3.999999976000001567e-01,2.131721135527971100e-02,2.121212121212121271e-01,1.228070175438596562e-01,3.791718573129056885e-02,2.841184511313785688e-01,8.860759493670886111e-02,2.849595057479736501e-02,7.228340790814044570e-02,1.450639811349346744e-03,2.295812424390256817e-02,1.884258415676280385e-01,2.243589721870890841e-02,3.416456113369218534e-02,3.145407533490118812e-02,3.209536909674461092e-02,1.577743826827756810e-02
2.780230125012803435e-02,2.733333330000000116e-01,2.346655016685810294e-03,3.002730905230999725e-01,0.000000000000000000e+00,1.334134935302417301e-02,8.853323953570173543e-01,5.683118073352455557e-01,1.000000000000000000e+00,6.118033337171861069e-02,6.969696969696970168e-01,5.263157894736842923e-01,1.706324668420246271e-02,5.358583334892528249e-01,2.911392405063291111e-01,1.419053253197084530e-01,3.280049963772302957e-01,2.484617850956456070e-02,7.258932577848685452e-02,3.602896128939924725e-01,7.692307573841222768e-02,3.119311315949786501e-01,3.018541377025323880e-01,1.086657496561210384e-01,1.157271014830258127e-01
2.471838530264822142e-02,3.120204599999999995e-01,1.202638576460737276e-02,5.707911588121538093e-01,0.000000000000000000e+00,5.622308071766878718e-02,9.747828675018264111e-01,7.020106017662066655e-01,1.000000000000000000e+00,1.714511280124740578e-01,1.000000000000000000e+00,9.087719298245614530e-01,1.672341716209638229e-01,6.623606207774606069e-01,5.949367088607595555e-01,4.168962356955342452e-01,6.350519544480927037e-01,8.769948121267633068e-02,2.117480895187081325e-01,4.860896906500736248e-01,2.179487171589414851e-01,6.095532941188219755e-01,5.737354313111494575e-01,2.691425951398441208e-01,3.434988144814945521e-01
2.100653420592060380e-02,4.912280700000000166e-01,5.330683979731706259e-04,2.698422022428493272e-01,0.000000000000000000e+00,2.971561689947660803e-03,7.888200438323548225e-01,5.129438853153658329e-01,3.999999976000001567e-01,4.797076009401374935e-02,5.454545454545455252e-01,4.187134502923976487e-01,3.720012132370602298e-04,4.796214429398676371e-01,2.278481012658227778e-01,1.276299213807328692e-01,2.592353958108468692e-01,1.074750841055480480e-02,5.489883494617239096e-02,3.256430121665830346e-01,5.769230757384122277e-02,2.152497178752259543e-01,2.029046424905474322e-01,8.253094910591471378e-02,8.074277539635164869e-02
3.147152880287369670e-02,5.044563279999999539e-01,3.062725246128121005e-03,4.065660628574003788e-01,0.000000000000000000e+00,1.037085992463376155e-02,8.481560648285939585e-01,5.538630822061179071e-01,3.999999976000001567e-01,8.600366093817152224e-02,8.787878787878788955e-01,6.046783625730994816e-01,4.778002824258865966e-02,5.407405258331863251e-01,3.924050632911392222e-01,2.154418483805198570e-01,3.852097101334697182e-01,2.146916582536569432e-02,1.038513926929145736e-01,3.687920112961064478e-01,1.057692310653969570e-01,3.938781420710454895e-01,3.765861517872224340e-01,1.458046767537826693e-01,1.436554946964482549e-01
5.839480952763135939e-03,2.691622100000000128e-01,5.944207236945364334e-03,5.359018539277478066e-01,0.000000000000000000e+00,1.750523981703159399e-02,7.691766552125328671e-01,5.012389470647138356e-01,3.999999976000001567e-01,9.660493662650015967e-02,6.363636363636364646e-01,4.409356725146198475e-01,4.778002824258865966e-02,4.903167884352195305e-01,2.911392405063291111e-01,1.256685382322337841e-01,2.782308263166670126e-01,2.973133169976168930e-02,1.058303785430897564e-01,3.358362508641889455e-01,1.057692310653969570e-01,2.494182736959843494e-01,2.415082572145056949e-01,1.348005502063273631e-01,9.621456468169345411e-02
5.853470786964755368e-02,6.666666669999999906e-01,2.308131207718882997e-05,6.310477308081996473e-02,0.000000000000000000e+00,1.855003090359355503e-04,7.097865201980573246e-01,4.707857413598999230e-01,3.999999976000001567e-01,1.282989380254758588e-02,1.515151515151515194e-01,2.865497076023391654e-01,4.474308730348955376e-02,4.176184368123951884e-01,6.329113924050633333e-02,7.506187914111464576e-02,1.698467323493319248e-01,2.019975257235846582e-03,1.520060089772510246e-02,2.860954491298232649e-01,1.602563911043310141e-02,5.759539812049973423e-02,5.283188025414810307e-02,2.292526364053186494e-02,4.236433018958046803e-02
3.567895481084013692e-02,2.435897439999999969e-01,7.870617507311499991e-03,5.044748093349460394e-01,0.000000000000000000e+00,3.143031104576922419e-02,8.373603181904273329e-01,5.451338798277920450e-01,3.999999976000001567e-01,1.061531998625072082e-01,8.484848484848485084e-01,5.929824561403509442e-01,6.825786123546605244e-02,5.394314955188754812e-01,3.924050632911392222e-01,1.751804778964265730e-01,3.781992580677507876e-01,4.201759508527880271e-02,1.216167049185510884e-01,3.700176756628177910e-01,1.249999992299679480e-01,3.756503849879659906e-01,3.633161389238985239e-01,1.623108665749655732e-01,1.436245146296343533e-01
8.864932252398780022e-02,3.333333330000000094e-01,5.429603888633944392e-05,3.223300869614351694e-01,0.000000000000000000e+00,4.394442332097699795e-05,1.601774939798154551e-01,2.504087393855048971e-01,3.999999976000001567e-01,1.612863039833124790e-02,6.060606060606060774e-02,3.391812865497075696e-02,5.498203586899835793e-02,2.192283638332660489e-01,2.531645569620253472e-02,6.509188278722839033e-03,1.988431091653378169e-02,4.302953463877545520e-04,7.894883810290452900e-03,1.451406899230661129e-01,6.410255028147598087e-03,6.257677289205356395e-03,5.241479672050206561e-03,9.170105456212745976e-03,4.983755538252148017e-03
2.476161854621899625e-02,2.078947369999999961e-01,5.443579073541632979e-02,6.896104802727793803e-01,0.000000000000000000e+00,1.463852302201275046e-01,9.758651478665548717e-01,7.293579538704366705e-01,1.000000000000000000e+00,2.492745122271542157e-01,1.000000000000000000e+00,9.812865497076024290e-01,2.593844521579822260e-01,7.038975331681365244e-01,6.835443037974683334e-01,4.646957361169476997e-01,7.089089017356825506e-01,1.595643060604773067e-01,2.958237989826791314e-01,5.336315725311902014e-01,3.044871800597674372e-01,6.522798011977403165e-01,6.261515273573015072e-01,3.420449335167353722e-01,4.178725142709726059e-01
2.376570198150149138e-02,4.028985509999999937e-01,2.986095290031853811e-03,4.691915992097235311e-01,0.000000000000000000e+00,2.115685778056050625e-02,8.830325495819693060e-01,5.750949010822401508e-01,3.999999976000001567e-01,1.133539704767289602e-01,9.393939393939394478e-01,6.994152046783626009e-01,8.873569422834344522e-02,5.787391085222628462e-01,4.810126582278480556e-01,2.771111686083431724e-01,4.630496633137671236e-01,3.949583048182366690e-02,1.396498784242090618e-01,4.043060603676217890e-01,1.442307673945389390e-01,4.661473573480603982e-01,4.440211530215818492e-01,1.911966987620357661e-01,2.037696150683537544e-01
3.779416896615790146e-03,3.761904759999999959e-01,1.490821947065626690e-03,3.633294218880968041e-01,0.000000000000000000e+00,5.131717535372451282e-03,7.708271327687438168e-01,5.062993952354282179e-01,3.999999976000001567e-01,5.562756753131860993e-02,5.454545454545455252e-01,3.988304093567251463e-01,3.412149059346827971e-03,4.721779797009372226e-01,2.278481012658227778e-01,1.115530393352829747e-01,2.467608557292199911e-01,1.454602595352177778e-02,6.203385358291312740e-02,3.214548904910758398e-01,6.410256260198882172e-02,2.094497651456895815e-01,1.975598664293231888e-01,8.895002292526363319e-02,7.587489024067881060e-02
1.024602376099066625e-01,1.883021249999999869e-01,4.886794077854101498e-02,7.575640982355931197e-01,0.000000000000000000e+00,1.372014471114070544e-01,9.416650883411348261e-01,6.863681879126288798e-01,3.999999976000001567e-01,2.678369091338883567e-01,1.000000000000000000e+00,7.883040935672515070e-01,2.662104178683214473e-01,6.807054344505514276e-01,6.455696202531645556e-01,3.877333719638415555e-01,5.794337546041400389e-01,1.562649457870789738e-01,3.054798088238652731e-01,5.057711730025211683e-01,3.108974350879150084e-01,6.010985389432055293e-01,5.971271909878772544e-01,3.347088491517652420e-01,3.357076839280127012e-01
9.563614724843683135e-02,1.888198759999999976e-01,4.777939312767781610e-02,6.364128171555869518e-01,0.000000000000000000e+00,1.013380868310949506e-01,9.679915582131551899e-01,6.883878413468882407e-01,1.000000000000000000e+00,1.919484895314200190e-01,9.696969696969697239e-01,7.766081871345029697e-01,1.706470903379932458e-01,6.489366583579536663e-01,5.316455696202532222e-01,3.110954286594739271e-01,5.376760980935085810e-01,1.065525320690290240e-01,2.133149411064944878e-01,4.654933907812097149e-01,2.211538462130793747e-01,5.545264797818900693e-01,5.418525785117523919e-01,2.627235213204951458e-01,2.692609967453528652e-01
1.299962664214270036e-02,4.044117649999999786e-01,6.638624997439073697e-04,3.364518940643775324e-01,0.000000000000000000e+00,3.183271676494468620e-03,6.186043994696827086e-01,4.199775971215695680e-01,3.999999976000001567e-01,4.592349068111870741e-02,4.545454545454545858e-01,3.169590643274853847e-01,7.200404172904366698e-03,4.023497885039671873e-01,1.898734177215189722e-01,7.115805388267323894e-02,1.886510850333404377e-01,8.680680010706515182e-03,5.092803893737084253e-02,2.740099491015344779e-01,5.128204946556540883e-02,1.373792855502182220e-01,1.268713537673947234e-01,7.198532783127005452e-02,4.961258337145667968e-02
7.076500448517188124e-02,2.225352110000000105e-01,3.280810671954587782e-02,6.727363400894543766e-01,0.000000000000000000e+00,8.578414886382813853e-02,9.001325793446792733e-01,6.053529301946676267e-01,3.999999976000001567e-01,1.974773317222263680e-01,9.393939393939394478e-01,7.005847953216374213e-01,1.740600731931628287e-01,6.184214033375745601e-01,5.443037974683544444e-01,2.896703192967726714e-01,4.857388095718055410e-01,9.209969028244603673e-02,2.206459720824213155e-01,4.411935807056853176e-01,2.243589752672172644e-01,4.963045815731743082e-01,4.917323908891285678e-01,2.549289316827143548e-01,2.416255919302859323e-01
1.839508001253985572e-02,2.609756100000000245e-01,6.339106504384086314e-03,4.951686753231964166e-01,0.000000000000000000e+00,3.228656415165601090e-02,8.853865093752537607e-01,5.802317227021491775e-01,3.999999976000001567e-01,1.059042947413463276e-01,8.787878787878788955e-01,6.280701754385965563e-01,7.167084409063566308e-02,5.650854286166953067e-01,4.050632911392405000e-01,1.935728415340695618e-01,4.028744071101325042e-01,4.427655346878138498e-02,1.251687090391217783e-01,3.860828577846021070e-01,1.282051282841058515e-01,4.133722149541109725e-01,4.031508647012200797e-01,1.696469509399358144e-01,1.586809093127807546e-01
1.936267325999497038e-02,4.642857140000000160e-01,1.231003310783404265e-04,1.745615495703755071e-01,0.000000000000000000e+00,6.039013910446660530e-04,5.156524797748857081e-01,3.754349043634697125e-01,3.999999976000001567e-01,2.001095529611962576e-02,2.121212121212121271e-01,2.233918128654970858e-01,3.791718573129056885e-02,3.514717186479665578e-01,8.860759493670886111e-02,4.465941013391529907e-02,1.300022370202870980e-01,2.948899587262594508e-03,2.125274685066231434e-02,2.377768462969954144e-01,2.243589721870890841e-02,5.554146318729422799e-02,5.093356547951613522e-02,3.209536909674461092e-02,2.902959003328089982e-02
1.927936612526821164e-02,2.738461540000000083e-01,8.329990573152503547e-03,4.804450834280459270e-01,0.000000000000000000e+00,1.298919977356775141e-02,8.334099948591683349e-01,5.322663679616208565e-01,3.999999976000001567e-01,7.609059303504470129e-02,5.454545454545455252e-01,3.953216374269005740e-01,2.047622953937206294e-02,4.974085990551473380e-01,2.531645569620252778e-01,1.072196141596341440e-01,2.468177599626058538e-01,2.359274055963470410e-02,7.986252371072029288e-02,3.398647522897902395e-01,8.012820479255013117e-02,2.251798441406263063e-01,2.156679183503761865e-01,1.008711600183402057e-01,8.189693018093181787e-02
3.705981352504357507e-02,3.057471259999999802e-01,3.026047942127368766e-03,3.103936409612840785e-01,0.000000000000000000e+00,1.724330858872207342e-02,9.303011445114858224e-01,6.125405203577671820e-01,1.000000000000000000e+00,7.470004639700542071e-02,8.181818181818182323e-01,6.795321637426900985e-01,3.412809682191025179e-02,5.695598007694460119e-01,3.417721518987341667e-01,2.187145384936556858e-01,4.362331562831926468e-01,3.153219831392015809e-02,8.818112336169652010e-02,3.929507009263568107e-01,9.294871792897353713e-02,4.085546223522714682e-01,3.830931746423606454e-01,1.302154974782209762e-01,1.740167069293352686e-01
6.811231242869286370e-03,2.105263159999999911e-01,4.917416384319937134e-02,5.902400128402293111e-01,0.000000000000000000e+00,2.628239724353163484e-02,8.840877729375795635e-01,6.131458506587916801e-01,1.000000000000000000e+00,1.392650183809242825e-01,4.242424242424243097e-01,4.327485380116958824e-01,6.143189552512685198e-02,5.218761784794332392e-01,3.037974683544303889e-01,1.431681663746802724e-01,2.846309264399263794e-01,4.333353823803810789e-02,1.157810752509882829e-01,3.716932336957229910e-01,1.185897442018203490e-01,1.966155013831603904e-01,1.859166092797838177e-01,1.380100871160018228e-01,9.745254788235828414e-02
1.554678524252075915e-02,2.190990989999999916e-01,2.157802622160152548e-02,6.499190395765024331e-01,0.000000000000000000e+00,9.492904578482806721e-02,9.555723910278958177e-01,6.823458529217087953e-01,1.000000000000000000e+00,1.931910318294861317e-01,1.000000000000000000e+00,8.350877192982456565e-01,1.877120046138412435e-01,6.561243990592271480e-01,5.696202531645570000e-01,3.496496337957571976e-01,5.810945064860156828e-01,1.088846372322142819e-01,2.301406087273769607e-01,4.755918238660400976e-01,2.371794853235124900e-01,5.819932822679170226e-01,5.658719124774241882e-01,2.773956900504355727e-01,3.098815985966592024e-01
1.456073472569504798e-04,2.548972769999999777e-01,2.980237033204643712e-02,6.718260410691559992e-01,0.000000000000000000e+00,1.164391476981408574e-01,9.621743012527396166e-01,6.924469487392723721e-01,1.000000000000000000e+00,2.313585496863833357e-01,1.000000000000000000e+00,9.964912280701755387e-01,2.457325848754440267e-01,6.947924734590500417e-01,7.215189873417722222e-01,4.644226789501468278e-01,7.085748648931052829e-01,1.338374987157054941e-01,2.879641084754514524e-01,5.214453168448340836e-01,2.916666669233440312e-01,6.373170350101032833e-01,6.148421968998090126e-01,3.250802384227418629e-01,4.237525199907068441e-01
6.310512684190246191e-02,6.888888890000000043e-01,3.209401488828161507e-04,1.690341395898486421e-01,0.000000000000000000e+00,5.592985392217511911e-04,7.008306501799291821e-01,4.794668567516957580e-01,1.000000000000000000e+00,2.440596524426728864e-02,2.727272727272727071e-01,3.064327485380116678e-01,3.109122002095136492e-02,4.242229417347721521e-01,1.139240506329114028e-01,8.642217597817526686e-02,1.833706847581970389e-01,3.214158703699944615e-03,2.882798063839902419e-02,2.890180720077049625e-01,2.884615224685650736e-02,9.605424785035901469e-02,8.885048659745592436e-02,4.126547455295735689e-02,4.930061779816211076e-02
9.119387604430453237e-03,4.295900180000000179e-01,1.754322602179209925e-03,3.294823363645428271e-01,0.000000000000000000e+00,1.249866838145192657e-02,9.218593576666036515e-01,6.149561842693325175e-01,1.000000000000000000e+00,8.126628249169398632e-02,9.090909090909091717e-01,7.239766081871344960e-01,4.778002824258865966e-02,5.775784810877055975e-01,4.050632911392405000e-01,2.703124999428428432e-01,4.705802244496078979e-01,2.847399503724846667e-02,1.009615197175358081e-01,4.014280617673016693e-01,1.057692310653969570e-01,4.615271688654089544e-01,4.294596104621701826e-01,1.485557083906464682e-01,1.956247897096083932e-01
1.220280470679214156e-02,4.433333329999999961e-01,8.913782902190544796e-04,3.112052801358199949e-01,0.000000000000000000e+00,7.005688112818079898e-03,8.459103330717823166e-01,5.306766687598649668e-01,3.999999976000001567e-01,6.003063466715324176e-02,6.969696969696970168e-01,5.321637426900585055e-01,1.706324668420246271e-02,5.159097029049550809e-01,3.037974683544303889e-01,1.614158551259970431e-01,3.311749933241224797e-01,1.698583961300304673e-02,7.470113803533066921e-02,3.514974101824576702e-01,7.692307573841222768e-02,3.004583903408466483e-01,2.841105466263009749e-01,1.100412654745529517e-01,1.210068529935678372e-01
4.613801869361109503e-02,2.050043900000000086e-01,4.061738289223700699e-02,5.994945934935578258e-01,0.000000000000000000e+00,9.447735633976983571e-02,9.748640385291810206e-01,7.061489112540522139e-01,1.000000000000000000e+00,1.798169679662332265e-01,1.000000000000000000e+00,8.292397660818714433e-01,1.638211887657942400e-01,6.548386696585661859e-01,5.696202531645570000e-01,3.440495109517737737e-01,5.772249013209646007e-01,1.038563559393395203e-01,2.050615461300150655e-01,4.738916952545754735e-01,2.147435881048035955e-01,5.892482997613174289e-01,5.642373608097397408e-01,2.604309949564419524e-01,2.991425043611877777e-01
7.752607408005199405e-04,2.600820229999999955e-01,6.479090265691841988e-02,6.399746867757942770e-01,0.000000000000000000e+00,9.039799554160485306e-02,9.691550096052383712e-01,6.999485186379501567e-01,1.000000000000000000e+00,2.123057799413461677e-01,1.000000000000000000e+00,9.543859649122807820e-01,1.945379703241804370e-01,6.662353006214354334e-01,6.075949367088607778e-01,3.904217917424049888e-01,6.541344273534706044e-01,1.062219951756153691e-01,2.374203520261125300e-01,4.886691843362454546e-01,2.435897434317882970e-01,6.022077303852543251e-01,5.786169977781531193e-01,2.879413113250802181e-01,3.421926025136028948e-01
8.559810864536279706e-02,8.333333330000000094e-01,1.165056704848579182e-05,1.195432545650110812e-01,0.000000000000000000e+00,1.899287525125927542e-04,6.956898184474689106e-01,4.328196511713424677e-01,3.999999976000001567e-01,1.902326804242940317e-02,2.424242424242424032e-01,3.099415204678362401e-01,3.450420287612095821e-02,4.122232159765667481e-01,1.012658227848101250e-01,8.869889755976126389e-02,1.836052835259026073e-01,2.135853203094831374e-03,2.522997977198559311e-02,2.858592957762198794e-01,2.564102627284681191e-02,8.540840681893081821e-02,7.658225381027246315e-02,3.668042182485098390e-02,5.469259497754062199e-02
2.717558550005786527e-02,3.276353280000000034e-01,4.711456341104686314e-03,3.961225651182206375e-01,0.000000000000000000e+00,1.416662408982754216e-02,8.250764360507589767e-01,5.322663679616208565e-01,1.000000000000000000e+00,6.991866331008361746e-02,6.666666666666667407e-01,4.666666666666666741e-01,2.388921239454166665e-02,5.078624007287224629e-01,3.037974683544303889e-01,1.292517796739395819e-01,2.901732704075125069e-01,2.207046998058200676e-02,8.217678338943976146e-02,3.433867326545623766e-01,8.333333384668803467e-02,2.758634349648300677e-01,2.660850018840222320e-01,1.123337918386061313e-01,1.018348708453209184e-01
4.307965470162632149e-02,2.857142859999999840e-01,8.117741421951268563e-03,4.503988856780677397e-01,0.000000000000000000e+00,3.151724342675803897e-02,9.231851511133960519e-01,6.119408473492755629e-01,1.000000000000000000e+00,1.062175334072694155e-01,9.393939393939394478e-01,7.298245614035088202e-01,7.508382694580525984e-02,5.838416661746017589e-01,4.177215189873417778e-01,2.305728169067439715e-01,4.685031602680782559e-01,4.583471090925827357e-02,1.281405407163918320e-01,4.044509145495165936e-01,1.314102573382437411e-01,4.711540318043668241e-01,4.493224016735314907e-01,1.742320036680421458e-01,1.961192102009454152e-01
1.646643393140059114e-02,3.263157890000000227e-01,8.276299044820567162e-04,2.597226328007655738e-01,0.000000000000000000e+00,7.395698770312481365e-03,8.402013041478395561e-01,5.207028620242923900e-01,3.999999976000001567e-01,4.718710562390462243e-02,5.757575757575758013e-01,4.432748538011695993e-01,0.000000000000000000e+00,5.030592969478999699e-01,2.405063291139240556e-01,1.144965935265939705e-01,2.721296192755460197e-01,1.650845006910261689e-02,5.804378455183236557e-02,3.380552856658653460e-01,6.089743662797912627e-02,2.395034603976710919e-01,2.304250094201109877e-01,8.711600183402108677e-02,9.039251813162875460e-02
6.899471401541941093e-03,4.505494509999999897e-01,4.880048839177067682e-04,2.352319840378384042e-01,0.000000000000000000e+00,1.801375793154887496e-03,7.265889228604670569e-01,4.655442598281314126e-01,3.999999976000001567e-01,3.427800346855732622e-02,3.636363636363636465e-01,3.684210526315789269e-01,1.743928860027296052e-02,4.399236682493471440e-01,1.518987341772151667e-01,9.519399672735227858e-02,2.227677425170079550e-01,7.714681054021204319e-03,4.036775813544356273e-02,3.018290445671338307e-01,4.166666538327991332e-02,1.324941161588420735e-01,1.222139209750139621e-01,5.823016964695093556e-02,6.709906353876055052e-02
2.735633371452490109e-02,4.886363639999999897e-01,1.911759132747616356e-03,4.033202834863272579e-01,0.000000000000000000e+00,8.694157715246585150e-03,8.367921209989448439e-01,5.456741512646878789e-01,3.999999976000001567e-01,8.260216421019542232e-02,8.181818181818182323e-01,5.754385964912280826e-01,4.436704538741905596e-02,5.306401770044264499e-01,3.670886075949366667e-01,2.040454469051052877e-01,3.670276968203499135e-01,2.118664862772913840e-02,1.000122755563500887e-01,3.635027938386686253e-01,1.025641020112590396e-01,3.605145156941267914e-01,3.429102295908423859e-01,1.425951398441082096e-01,1.355775484646903895e-01
1.207572668431174112e-01,1.000000000000000000e+00,0.000000000000000000e+00,2.534143149096212966e-02,0.000000000000000000e+00,6.774986666572178434e-06,2.784436808355204573e-01,2.832832662944168023e-01,3.999999976000001567e-01,2.466367129351703519e-03,3.030303030303030387e-02,6.783625730994152780e-02,5.839501872416795469e-02,2.572021435462299443e-01,1.265822784810126563e-02,2.017310416959557443e-02,3.985607349504961816e-02,1.268248184754298372e-04,3.796348414708334250e-03,1.738905847564758411e-01,3.205125974009692853e-03,7.261009523999746931e-03,6.183490768291256823e-03,4.585052728106372988e-03,1.062264837177483504e-02
2.563310096758215917e-02,5.090909089999999804e-01,3.264356993773849178e-04,1.652546364808187285e-01,0.000000000000000000e+00,1.200642684042673661e-03,8.159852809870398183e-01,5.201823911112619658e-01,3.999999976000001567e-01,2.619738795891727451e-02,2.727272727272727071e-01,3.590643274853800859e-01,2.767823716578176121e-02,4.674100081338039558e-01,1.139240506329114028e-01,9.790582080342383198e-02,2.175266751028007706e-01,5.919876955091672548e-03,3.203789585505607135e-02,3.195970099141873244e-01,3.205128130099441086e-02,1.127686843165256886e-01,1.053259358392994033e-01,4.447501146263181659e-02,6.463943669058237751e-02
3.357820716394799287e-02,2.494117650000000075e-01,1.301815677126120889e-02,5.878956603397140768e-01,0.000000000000000000e+00,4.345584888375980670e-02,8.946670635028004526e-01,5.982445421270290442e-01,3.999999976000001567e-01,1.389437225273141840e-01,8.787878787878788955e-01,6.538011695906432719e-01,1.058006085041914568e-01,5.803195019314220104e-01,4.303797468354430000e-01,2.314512928684246407e-01,4.334147680590971774e-01,5.928724113798929801e-02,1.580554229018456547e-01,4.065101099487202219e-01,1.602564095851002623e-01,4.344741493813227828e-01,4.204383924743058665e-01,1.976157725813846855e-01,1.816789434144763515e-01
3.748438614780270212e-02,2.327327329999999972e-01,1.185013246914556201e-02,5.267526576996370835e-01,0.000000000000000000e+00,2.697882363758837693e-02,8.430152330961335760e-01,5.489384090561939544e-01,3.999999976000001567e-01,1.070604391960612578e-01,6.666666666666667407e-01,5.134502923976608235e-01,5.801897680809745689e-02,5.263998666273899119e-01,3.291139240506328889e-01,1.560099430056550163e-01,3.300209667171070671e-01,3.931001793593565802e-02,1.117038380771696038e-01,3.642167553723925644e-01,1.153846151476824317e-01,2.934120952466552357e-01,2.824168756415420534e-01,1.458046767537826693e-01,1.222268729622145028e-01
1.904840083557665653e-02,2.673400670000000146e-01,1.455917507654422641e-02,6.178866544453655019e-01,0.000000000000000000e+00,4.757996606361754310e-02,8.761059552477069579e-01,5.947172202327410950e-01,3.999999976000001567e-01,1.495761113557879385e-01,9.090909090909091717e-01,6.140350877192982670e-01,1.194524757867296422e-01,5.823252254100463876e-01,4.556962025316455556e-01,2.219576147588452619e-01,4.078826803703514137e-01,5.977665709897932861e-02,1.710148870792548015e-01,4.018189194848845180e-01,1.730769227215236405e-01,4.360583756936607380e-01,4.352195210685654292e-01,2.077028885832186700e-01,1.691644625283143799e-01
1.713527438033459263e-02,2.676450029999999924e-01,1.666960935077149361e-02,5.935488811734805914e-01,0.000000000000000000e+00,4.022047195485293353e-02,8.979680186152223520e-01,6.059497745568924731e-01,3.999999976000001567e-01,1.476531705467397093e-01,9.090909090909091717e-01,6.432748538011696660e-01,1.160394929315600454e-01,5.904341014080971561e-01,4.556962025316455556e-01,2.385819319651679427e-01,4.297667866211447030e-01,6.088602181472660413e-02,1.664277950729693423e-01,4.106313784079708706e-01,1.698717936673857509e-01,4.519196135806044512e-01,4.446851084287255507e-01,2.072443833104080646e-01,1.849529582552026652e-01
2.482419589492592359e-03,3.882978719999999884e-01,5.418436930028981344e-03,4.444980855887362692e-01,0.000000000000000000e+00,2.912238127583656119e-02,9.661516815931168178e-01,6.710736975498265977e-01,1.000000000000000000e+00,1.170218502253099757e-01,1.000000000000000000e+00,8.421052631578948011e-01,9.556165993868265263e-02,6.235263631146259478e-01,5.189873417721518889e-01,3.369595140431540514e-01,5.599633029515628246e-01,4.792566843926283904e-02,1.462420028922445936e-01,4.407598891055808932e-01,1.506410255028147460e-01,5.585757609046634320e-01,5.246988812806153701e-01,2.017423200366804115e-01,2.610518065640253793e-01
7.067471351879137456e-03,3.598862019999999884e-01,3.073881213632095617e-03,4.031596329738422746e-01,0.000000000000000000e+00,1.967350009323905885e-02,8.975892204875673963e-01,5.854081453697890236e-01,1.000000000000000000e+00,9.248820954538747308e-02,9.393939393939394478e-01,6.923976608187134563e-01,6.143189552512685198e-02,5.700073274438572923e-01,4.430379746835442778e-01,2.242050084664097276e-01,4.415630707106747987e-01,3.419218070042938373e-02,1.155842969010841548e-01,3.906334659484001492e-01,1.185897442018203490e-01,4.524802013322281047e-01,4.330236607200863008e-01,1.641448876662081613e-01,1.824124489061830778e-01
6.157688710891096560e-03,3.809523810000000066e-01,1.672471873113102678e-03,3.252407724206661799e-01,0.000000000000000000e+00,5.616255641493287862e-03,8.096268838442599591e-01,5.078268642193219939e-01,1.000000000000000000e+00,5.520475111285257780e-02,5.757575757575758013e-01,4.374269005847953307e-01,6.824298118693655074e-03,4.875310689237443151e-01,2.405063291139240556e-01,1.184769609755441933e-01,2.689304717746598405e-01,1.577426217911157350e-02,6.518337962107846606e-02,3.324956399598626988e-01,6.730769165612672522e-02,2.317803987363473150e-01,2.185491729792237992e-01,9.353507565337000618e-02,8.644738269269587605e-02
6.695222039287710911e-03,2.928118390000000182e-01,7.017839963766297345e-03,4.864617210075265485e-01,0.000000000000000000e+00,2.880046638872713061e-02,8.828972645363781790e-01,5.813773244400695095e-01,3.999999976000001567e-01,1.144017767462373880e-01,9.090909090909091717e-01,6.830409356725146708e-01,8.190979265614445337e-02,5.716964952603398320e-01,4.303797468354430000e-01,2.360193478682037216e-01,4.465829226446683120e-01,4.641208381819527523e-02,1.314630291842529830e-01,3.977190922188345579e-01,1.378205123663913401e-01,4.429209151828068514e-01,4.229545365955069691e-01,1.792755616689591935e-01,1.930043638459085498e-01
1.351498907640045696e-02,4.545454549999999871e-01,2.187229096838370175e-04,1.670394605523803366e-01,0.000000000000000000e+00,1.604747382206973870e-03,6.793473849400687437e-01,4.464197824205291543e-01,3.999999976000001567e-01,2.812503912384406446e-02,3.333333333333333703e-01,3.274853801169590461e-01,2.426525431061216098e-02,4.196647184090152027e-01,1.392405063291139167e-01,7.761632395539336260e-02,1.953015506830377834e-01,6.024443011536758513e-03,3.398574028278245757e-02,2.860147577920456041e-01,3.525641035513231436e-02,1.125922523044350920e-01,1.040162155841118513e-01,5.043558000917010287e-02,5.403706717722621400e-02
1.396040233965011555e-02,2.710223840000000051e-01,8.603218352641474331e-03,5.435980618752418447e-01,0.000000000000000000e+00,5.554553195676015936e-02,9.341432398062718967e-01,6.370903413044586294e-01,1.000000000000000000e+00,1.437429553838810159e-01,9.696969696969697239e-01,7.672514619883041842e-01,1.296914243522384325e-01,6.255904133422280911e-01,5.569620253164557777e-01,2.944646740273284546e-01,5.163148931387323559e-01,6.999027396078777441e-02,1.772080395813828702e-01,4.374068286360606739e-01,1.826923068038091569e-01,5.223942156931281611e-01,5.132959993763236417e-01,2.310866574965612097e-01,2.452388597406180704e-01
9.315489163088653407e-03,4.619047620000000243e-01,6.187989856884434578e-04,2.569113168192173613e-01,0.000000000000000000e+00,4.789839309274120799e-03,8.449903947617630751e-01,5.349252954521024339e-01,1.000000000000000000e+00,4.968929624927998639e-02,6.060606060606060774e-01,4.923976608187134452e-01,3.412149059346827971e-03,5.082253515402048727e-01,2.531645569620252778e-01,1.441486769827366732e-01,3.037189837970944439e-01,1.345909484693338931e-02,6.210233118760189602e-02,3.441420856999570232e-01,6.410256260198882172e-02,2.574995256309108860e-01,2.447858061665995622e-01,9.170105456212745976e-02,1.061420318637865817e-01
1.302068899157461483e-02,3.428165009999999957e-01,4.670624400930040859e-03,4.941515428513166830e-01,0.000000000000000000e+00,1.983015231054162039e-02,8.538921507616549222e-01,5.593817710720003777e-01,3.999999976000001567e-01,1.008653295619084123e-01,8.181818181818182323e-01,5.473684210526316152e-01,6.143189552512685198e-02,5.420094079407875576e-01,3.797468354430379445e-01,1.833921691151238209e-01,3.526745604600520223e-01,3.310769503897389304e-02,1.165790496800061526e-01,3.708350764999331362e-01,1.185897442018203490e-01,3.661536822692485482e-01,3.546613307693307626e-01,1.545162769371847822e-01,1.314598577531255197e-01
4.127583075448882505e-02,2.248677249999999905e-01,4.030172946292996487e-03,3.971586860797574614e-01,0.000000000000000000e+00,1.891920592969326131e-02,8.295949565735004638e-01,5.354570809501988382e-01,3.999999976000001567e-01,7.211951511596587094e-02,6.666666666666667407e-01,4.643274853801169222e-01,2.730219524971126688e-02,5.119126616040912126e-01,3.037974683544303889e-01,1.192343596336422201e-01,2.890160428199473608e-01,2.839893614816236395e-02,8.317336607462341713e-02,3.450922097924001286e-01,8.653845982069773013e-02,2.771420677166035462e-01,2.695516027181892871e-01,1.182943603851444314e-01,1.020064464298603840e-01
2.124099141143902594e-02,3.596059110000000003e-01,2.598724926770690745e-03,3.916219925263783597e-01,0.000000000000000000e+00,1.403292990399271356e-02,8.686652777401986381e-01,5.588273564037722352e-01,1.000000000000000000e+00,7.381276409756834522e-02,6.969696969696970168e-01,5.403508771929824706e-01,3.071517810488086711e-02,5.310369389116627037e-01,3.291139240506328889e-01,1.635989060453758026e-01,3.400496712766124530e-01,2.408265661858658563e-02,8.776475719876679349e-02,3.624057383945266664e-01,8.974358887483563363e-02,3.109644173249577759e-01,2.974728116107740461e-01,1.228794131132508044e-01,1.256811915177591110e-01
1.949658546059367115e-02,2.498487600000000031e-01,9.465415269734368114e-03,5.947494715877051918e-01,0.000000000000000000e+00,5.887474855526204920e-02,8.969939662869667041e-01,5.917952286394778660e-01,3.999999976000001567e-01,1.488861681763150868e-01,9.393939393939394478e-01,6.701754385964913130e-01,1.296914243522384325e-01,6.003590809490586544e-01,4.810126582278480556e-01,2.519046719263131617e-01,4.507560187470096569e-01,6.845609867664055603e-02,1.782621421891798508e-01,4.180824952208616607e-01,1.826923068038091569e-01,4.740408589908754466e-01,4.696126710237387147e-01,2.214580467675377751e-01,2.057360820028804049e-01
1.965211428297776106e-02,2.955665020000000087e-01,1.520497919736297967e-03,3.517746323916114415e-01,0.000000000000000000e+00,1.535612736044049929e-02,8.770529505668444026e-01,5.560637690014313961e-01,1.000000000000000000e+00,7.072996013179577712e-02,7.878787878787879562e-01,5.590643274853801525e-01,3.071517810488086711e-02,5.400621763508832718e-01,3.544303797468354444e-01,1.577673221146702054e-01,3.503277537503780015e-01,2.777364096945122984e-02,8.500058334728856357e-02,3.647652843336138262e-01,8.974358887483563363e-02,3.533540391279597626e-01,3.406429063316139261e-01,1.283814763869784437e-01,1.294647948878422938e-01
1.385503516525519313e-02,2.643849209999999950e-01,2.012338697899213741e-02,5.852246507272513831e-01,0.000000000000000000e+00,7.197309979349061915e-02,9.476446873562597295e-01,6.638776214479273907e-01,1.000000000000000000e+00,1.651445812747735498e-01,9.696969696969697239e-01,7.684210526315790046e-01,1.501692573451158252e-01,6.370625759810548683e-01,5.696202531645570000e-01,3.361172171182355561e-01,5.355934494601887197e-01,8.299300305037971004e-02,1.951215317650718539e-01,4.572839094338577159e-01,2.019230749683801618e-01,5.488030918877893072e-01,5.274242168314644541e-01,2.420907840440164605e-01,2.701144078384255520e-01
2.021458986728059265e-02,3.349753690000000228e-01,3.641076980176538493e-03,3.956642374374809146e-01,0.000000000000000000e+00,1.425744368716617104e-02,8.989420709434779999e-01,5.883046791466539638e-01,1.000000000000000000e+00,7.589052686694025551e-02,6.666666666666667407e-01,5.497076023391813671e-01,3.071517810488086711e-02,5.406864602974268408e-01,3.164556962025316111e-01,1.789450402013385288e-01,3.522285192566505518e-01,2.679016005538880849e-02,8.731004881630981262e-02,3.738203455020680521e-01,8.974358887483563363e-02,3.124308003688427426e-01,2.944005561113782199e-01,1.187528656579550507e-01,1.352171876698183284e-01
3.757872330236354530e-02,2.573024050000000118e-01,4.434985087713821938e-02,6.923957779734599693e-01,0.000000000000000000e+00,1.238949936957563641e-01,9.896101084986066443e-01,7.540916368244487966e-01,1.000000000000000000e+00,2.516670011432530218e-01,1.000000000000000000e+00,1.000000000000000000e+00,2.627974350131518366e-01,7.095302491666204414e-01,7.088607594936708889e-01,5.031219088550749063e-01,7.267952229472136594e-01,1.490588353414744882e-01,3.052418553235641263e-01,5.434468300521673179e-01,3.076923060337771187e-01,6.677745265463600477e-01,6.332861245013837737e-01,3.425034387895460886e-01,4.392635173526466263e-01
9.766999422226498723e-03,3.847517730000000191e-01,4.865716443487232146e-03,4.490105497674535817e-01,0.000000000000000000e+00,3.152612088826186459e-02,9.616602180794935339e-01,6.651816273767701126e-01,1.000000000000000000e+00,1.177834403968301413e-01,1.000000000000000000e+00,8.362573099415204769e-01,9.556165993868265263e-02,6.204213722534119846e-01,5.063291139240506666e-01,3.293940753712574221e-01,5.543738277951085758e-01,4.785567683610979228e-02,1.455551711116285230e-01,4.380431471415370814e-01,1.506410255028147460e-01,5.536409908155486281e-01,5.208112989358523182e-01,2.017423200366804115e-01,2.565679659915871547e-01
4.815595805089461362e-02,1.799999999999999933e-01,1.100719196098563779e-02,5.077748498704518498e-01,0.000000000000000000e+00,1.847279933468818150e-02,6.661976785086177744e-01,4.823888483449592091e-01,1.000000000000000000e+00,9.427194694255139340e-02,3.939393939393939226e-01,2.538011695906432497e-01,1.706324668420246271e-02,4.181091619157316641e-01,2.405063291139240556e-01,6.649055134298702263e-02,1.599420190713100598e-01,2.135000516245670263e-02,7.447548434097740755e-02,2.926069721488024356e-01,7.692307573841222768e-02,1.298819237081348665e-01,1.191663526629679198e-01,9.628610729023383275e-02,3.916586779839504456e-02
1.957706580631772900e-02,3.015384620000000071e-01,1.107441353463520239e-02,4.639497991533327870e-01,0.000000000000000000e+00,9.802119346586545684e-03,8.817608701534133120e-01,5.953027500099004055e-01,1.000000000000000000e+00,9.041776022330064166e-02,4.242424242424243097e-01,3.625730994152046582e-01,2.047622953937206294e-02,5.080354793358059506e-01,2.531645569620252778e-01,1.163455540635587593e-01,2.330360519462556790e-01,2.359905857839209378e-02,7.711244756790909538e-02,3.528097283237409676e-01,8.012820479255013117e-02,1.881417714439795053e-01,1.780914205527331373e-01,1.008711600183402057e-01,7.454513150373819064e-02
6.495894615532307736e-02,1.923076920000000023e-01,9.881285557860365609e-03,5.374586037007119677e-01,0.000000000000000000e+00,7.256498437638957133e-02,9.254849968884439892e-01,6.259285031369687946e-01,1.000000000000000000e+00,1.339149218000352526e-01,9.696969696969697239e-01,7.134502923976608901e-01,1.126265742145306503e-01,6.083865369755678820e-01,5.189873417721518889e-01,2.363874001287441795e-01,4.707800882115292240e-01,7.144697205089739489e-02,1.602544512820471279e-01,4.198817544333967589e-01,1.666666646132478335e-01,4.984131105629512337e-01,4.921572703766745605e-01,2.109124254928931297e-01,2.160655912550547286e-01
8.296958286349513656e-03,1.860465119999999972e-01,4.351374683379354014e-02,6.500978959993639616e-01,0.000000000000000000e+00,3.616830879866197307e-02,8.597364647311886987e-01,6.083399806520595199e-01,1.000000000000000000e+00,1.602336634011918004e-01,4.242424242424243097e-01,3.789473684210526438e-01,7.849680980097485661e-02,5.164136475966032425e-01,3.037974683544303889e-01,1.340807714091747926e-01,2.546624025895640187e-01,4.980509875722566315e-02,1.308466563634504698e-01,3.679251857134944736e-01,1.346153833122534227e-01,1.906684110133522458e-01,1.828469524316879702e-01,1.513067400275103225e-01,8.786617657963949335e-02
4.676384760791571504e-02,2.414174970000000087e-01,1.331407018319175767e-02,4.903528995221204112e-01,0.000000000000000000e+00,3.563411616757310857e-02,9.079791119889608630e-01,5.994240876201466506e-01,1.000000000000000000e+00,1.134421037143511224e-01,8.787878787878788955e-01,6.666666666666667407e-01,7.849680980097485661e-02,5.762135312147653732e-01,4.050632911392405000e-01,2.108696887188891977e-01,4.313696466574566957e-01,5.028873715655929333e-02,1.291801480159547322e-01,3.984689239649116810e-01,1.346153833122534227e-01,4.308190107157480186e-01,4.151956134766056628e-01,1.746905089408528067e-01,1.796337862881265401e-01
5.526871345405237439e-03,3.846153849999999763e-01,1.553877893440308664e-03,3.966092827444036018e-01,0.000000000000000000e+00,7.850891777775573580e-03,7.350036526962310246e-01,4.707857413598999230e-01,3.999999976000001567e-01,6.784288384844999742e-02,6.666666666666667407e-01,4.245614035087719174e-01,2.047622953937206294e-02,4.713806546330182590e-01,2.911392405063291111e-01,1.220690050991905112e-01,2.638046091940567384e-01,1.709995714905556546e-02,7.866257419324662603e-02,3.182451327873805913e-01,8.012820479255013117e-02,2.464472251904966382e-01,2.368131439782752978e-01,1.104997707473635987e-01,8.523113075517427251e-02
4.567913661217207905e-02,2.631578949999999750e-01,1.473324114290919858e-03,3.664836313132429080e-01,0.000000000000000000e+00,1.020804122286707132e-02,6.275602694878108512e-01,4.261412173362071343e-01,3.999999976000001567e-01,5.256050607071906938e-02,5.454545454545455252e-01,3.239766081871344738e-01,0.000000000000000000e+00,4.180432314441080432e-01,2.278481012658227778e-01,6.663494832463015549e-02,1.934345330781413463e-01,1.372126746224558262e-02,5.971048926674363266e-02,2.788610423415254780e-01,6.089743662797912627e-02,1.659785818195133877e-01,1.597144082221327310e-01,8.574048601558917349e-02,5.270291012031775441e-02
1.805226256191776527e-02,2.476190480000000083e-01,1.320341177843312001e-02,4.648175371822003132e-01,0.000000000000000000e+00,3.452345529347036063e-02,9.228604670039775026e-01,6.113383456945176153e-01,1.000000000000000000e+00,9.831839055568689090e-02,7.575757575757575690e-01,5.438596491228070429e-01,5.460599395292786012e-02,5.642387997110973608e-01,3.417721518987341667e-01,1.640033662939620329e-01,3.480674105827383791e-01,3.998544285165015616e-02,1.084186949777504599e-01,3.835072794590683176e-01,1.121794860935445420e-01,3.595924087630118504e-01,3.524329872796019281e-01,1.467216872994039356e-01,1.309669650271355901e-01
4.432953885870444255e-02,2.243589739999999888e-01,3.302171876726976707e-02,4.821468035325192081e-01,3.194888178913737886e-02,3.394301411697536047e-02,9.285965529370384663e-01,6.253146868971448669e-01,1.000000000000000000e+00,1.208221157654247868e-01,8.484848484848485084e-01,6.163742690058480189e-01,6.825786123546605244e-02,5.785569178486822395e-01,3.924050632911392222e-01,1.937431821497787310e-01,3.994785968278747323e-01,4.870648316655334237e-02,1.182480784299497906e-01,3.969311944862222163e-01,1.249999992299679480e-01,4.175576483277240736e-01,4.050849109312267271e-01,1.636863823933975559e-01,1.601856965209645656e-01
1.085685960813388001e-01,1.000000000000000000e+00,0.000000000000000000e+00,1.630887885050992248e-01,0.000000000000000000e+00,2.032495999971653530e-05,2.534700614194106971e-01,2.965977042706900990e-01,3.999999976000001567e-01,1.143314932782601989e-02,9.090909090909091161e-02,8.421052631578948566e-02,5.156905301382875423e-02,2.611807560623948810e-01,3.797468354430379861e-02,2.533741883701203998e-02,4.961823599919058803e-02,2.446152415390463611e-04,1.069692819204617028e-02,1.708242601063997834e-01,9.615384082285502454e-03,1.352268150027130522e-02,1.258266959448046431e-02,1.375515818431911896e-02,1.104833997539023636e-02
6.936130975000542875e-02,7.333333330000000316e-01,8.551076569549005788e-05,2.200426804383563972e-01,0.000000000000000000e+00,1.061777820253933049e-04,3.234665440082253318e-01,3.196143989409550024e-01,3.999999976000001567e-01,1.863875425465993940e-02,1.212121212121212155e-01,1.099415204678362706e-01,4.474308730348955376e-02,2.843027197289512698e-01,5.063291139240506944e-02,2.855794284668019753e-02,6.479636822596336609e-02,8.093069102741818569e-04,1.744976265450527003e-02,1.898398847364902164e-01,1.602563911043310141e-02,2.157330750102363567e-02,1.950547665761469956e-02,2.154974782209995512e-02,1.525426427397329719e-02
1.028297155607307313e-02,2.375886520000000113e-01,3.612755111147728654e-02,5.908546562095197130e-01,3.833865814696485463e-02,4.684229756830180641e-02,8.992126410346601428e-01,5.953027500099004055e-01,3.999999976000001567e-01,1.500405772367590096e-01,9.090909090909091717e-01,6.502923976608188106e-01,9.556165993868265263e-02,5.771460084711195204e-01,4.177215189873417778e-01,2.044267025430172025e-01,4.206746735342836718e-01,5.584472169581149864e-02,1.490552607695777299e-01,3.984004272814264946e-01,1.506410255028147460e-01,4.391439385617129099e-01,4.293790522718709535e-01,1.893626776707931780e-01,1.674561057258562857e-01
1.527666615377998027e-01,2.500000000000000000e-01,3.017623263219195232e-02,4.395274501284196500e-01,0.000000000000000000e+00,3.108416765459240394e-02,9.365783706269109610e-01,6.402244813677071544e-01,1.000000000000000000e+00,1.127271212746818185e-01,9.393939393939394478e-01,7.321637426900585721e-01,6.825786123546605244e-02,5.888953455027070572e-01,4.177215189873417778e-01,2.273239865191160058e-01,4.710013036917429230e-01,4.790021496527373246e-02,1.211573238954082865e-01,4.068685221111026373e-01,1.249999992299679480e-01,4.779290210686453211e-01,4.553096942686745696e-01,1.678129298486932819e-01,1.918146388475075459e-01
7.998039206122359301e-02,2.105263159999999911e-01,5.567959867885207206e-03,3.661167504432862319e-01,0.000000000000000000e+00,8.459572805993484032e-03,8.597094077220704955e-01,5.593817710720003777e-01,1.000000000000000000e+00,5.361798096545190156e-02,4.545454545454545858e-01,3.906432748538011812e-01,3.720012132370602298e-04,5.019862843527740370e-01,1.898734177215189722e-01,9.380705789025672869e-02,2.406263100491472240e-01,1.992642923684841486e-02,5.576086249011860674e-02,3.388450095518524274e-01,5.769230757384122277e-02,1.928148895302581045e-01,1.859854735392331426e-01,7.840440165061898781e-02,7.274514988624930512e-02
5.566357707866542714e-02,2.026515150000000043e-01,4.388339954226021765e-03,4.470498922116382667e-01,0.000000000000000000e+00,2.823095993908717599e-02,8.651208095457129099e-01,5.544118395818129486e-01,3.999999976000001567e-01,8.401849384883305905e-02,7.878787878787879562e-01,5.005847953216374657e-01,4.436704538741905596e-02,5.403608726058408696e-01,3.417721518987341667e-01,1.330488558046633296e-01,3.147507864965095603e-01,3.691348083138722147e-02,9.892138860517567245e-02,3.610723500970213773e-01,1.025641020112590396e-01,3.438087343832701981e-01,3.411165105310344225e-01,1.398441082072443553e-01,1.135252901753918547e-01
3.850906944766537693e-02,5.999999999999999778e-01,1.725602855294593575e-04,1.442495217188819456e-01,0.000000000000000000e+00,1.804707138108675767e-04,5.999350631781164012e-01,4.239320446020942157e-01,3.999999976000001567e-01,1.465924727769320896e-02,1.515151515151515194e-01,2.233918128654970858e-01,4.474308730348955376e-02,3.779867006941759477e-01,6.329113924050633333e-02,4.993246744058296716e-02,1.303228910831422949e-01,1.930658077692101694e-03,1.579396387767015297e-02,2.572652715241640631e-01,1.602563911043310141e-02,4.794623151208891876e-02,4.382755349973364162e-02,2.292526364053186494e-02,2.636968205435578222e-02
4.982714462384638804e-02,2.326530609999999943e-01,1.126087756291591947e-02,5.263753366034844561e-01,0.000000000000000000e+00,5.185361979390674253e-02,9.411510051678888544e-01,6.465351911882011304e-01,3.999999976000001567e-01,1.288799232360740010e-01,9.090909090909091717e-01,7.052631578947369251e-01,1.023876256490218462e-01,6.071575670160271887e-01,4.556962025316455556e-01,2.561950196167030458e-01,4.717290748517179444e-01,6.388453296569246431e-02,1.523420813386317796e-01,4.244676068616680120e-01,1.570512805309623450e-01,4.796896793930738312e-01,4.635961436014708892e-01,1.971572673085740246e-01,2.231433239011064995e-01
2.120712537064192368e-02,2.861538459999999895e-01,2.043894148839027567e-03,3.514998927913072224e-01,0.000000000000000000e+00,1.208143582753123772e-02,8.800833355880841591e-01,5.705662384096219508e-01,3.999999976000001567e-01,6.476441836835505894e-02,7.272727272727272929e-01,4.888888888888888729e-01,2.047622953937206294e-02,5.349477428209057361e-01,3.037974683544303889e-01,1.330266214934020808e-01,3.047086991572820480e-01,2.483629688317385426e-02,7.655305409136309303e-02,3.570636924229718123e-01,8.012820479255013117e-02,3.195952716220759604e-01,3.126950612632043991e-01,1.132508023842274114e-01,1.034867893924908827e-01
1.937641921436106252e-02,2.494623659999999910e-01,6.314904100006005737e-03,4.763135171004480029e-01,0.000000000000000000e+00,1.726318561370334542e-02,8.415270975946319565e-01,5.456741512646878789e-01,3.999999976000001567e-01,8.532251868678750184e-02,6.666666666666667407e-01,4.713450292397660668e-01,3.754107967707984855e-02,5.180693345968159225e-01,3.037974683544303889e-01,1.369567226234864599e-01,2.993089049480371910e-01,3.096095988131867052e-02,9.280147880310068986e-02,3.537594502234284177e-01,9.615384698311145450e-02,2.857556117031015419e-01,2.754687317282330516e-01,1.224209078404401435e-01,1.050021818955503977e-01
3.010569086944935024e-02,2.747747750000000266e-01,5.002984303740570272e-03,4.941238432796905000e-01,0.000000000000000000e+00,2.191470618341142748e-02,8.195297491815255464e-01,5.354570809501988382e-01,1.000000000000000000e+00,9.714563589866340165e-02,8.181818181818182323e-01,5.204678362573099681e-01,5.801897680809745689e-02,5.252997674673272055e-01,3.670886075949366667e-01,1.556442827373195892e-01,3.311606224244527663e-01,3.504130461037877758e-02,1.109801679718920991e-01,3.575671202108198776e-01,1.153846151476824317e-01,3.467940971840784981e-01,3.366890583787015001e-01,1.499312242090783953e-01,1.248970094329028141e-01
1.454721048027034225e-02,5.714285709999999963e-01,6.111052149960472489e-04,3.036380425376319359e-01,0.000000000000000000e+00,2.421071270850948774e-03,6.521280337671474525e-01,4.341632581479155650e-01,3.999999976000001567e-01,3.974325585500335101e-02,3.939393939393939226e-01,3.146198830409356328e-01,1.402636988324356890e-02,4.086723136697181236e-01,1.645569620253164445e-01,7.955503786050534265e-02,1.873772557375689707e-01,5.679648743149495749e-03,4.517509713883283845e-02,2.810899209525140052e-01,4.487179443741781681e-02,1.259624699150130311e-01,1.143549497810636278e-01,6.281522237505730855e-02,5.397903264693417608e-02
2.377434863021564426e-02,2.957983189999999762e-01,4.550810409047451911e-03,4.569146670288621870e-01,0.000000000000000000e+00,2.300449215829676250e-02,8.475066966097568599e-01,5.478465515973367506e-01,3.999999976000001567e-01,8.986677254224478828e-02,7.878787878787879562e-01,5.450292397660818633e-01,5.119301109775825642e-02,5.337357113358778271e-01,3.544303797468354444e-01,1.607929985384881633e-01,3.446378529068742091e-01,3.230871032264515108e-02,1.080699024182082552e-01,3.631286607545233802e-01,1.089743570394066385e-01,3.446985509272667003e-01,3.343281836726739176e-01,1.435121503897294759e-01,1.360766344636568370e-01
1.092187021247254669e-01,1.889338730000000022e-01,4.616802078496332756e-02,6.885977940884002724e-01,0.000000000000000000e+00,2.542977266467878056e-02,6.719067074325604239e-01,5.007354480292822707e-01,1.000000000000000000e+00,1.735173628056169148e-01,4.242424242424243097e-01,2.573099415204678220e-01,6.484487838029645568e-02,4.292189583174998990e-01,2.658227848101265556e-01,8.675839561828557756e-02,1.711371459131449391e-01,3.426436472709061543e-02,1.182929186774058089e-01,3.085857299158260569e-01,1.217948701758300445e-01,1.448443570051831109e-01,1.334498395332822385e-01,1.329665291150848305e-01,4.353805133214835865e-02
6.193882695572782912e-03,2.600806449999999992e-01,1.631414615368179458e-02,5.995373202213911679e-01,0.000000000000000000e+00,1.443143836628811572e-02,6.387889282718689499e-01,4.784966310822966751e-01,1.000000000000000000e+00,1.296201928494070676e-01,4.242424242424243097e-01,2.678362573099414834e-01,4.095406253224945226e-02,4.160385652650832045e-01,2.658227848101265556e-01,8.646908269517017409e-02,1.739106163167442320e-01,2.299955045845408427e-02,9.714940808881286638e-02,2.950875572188136897e-01,9.935897295712113608e-02,1.375190995975352770e-01,1.259559788469784281e-01,1.173773498395231513e-01,4.640613275428606688e-02
1.303587605405973418e-02,3.571428569999999802e-01,3.462240775982281579e-03,4.489593780696212733e-01,0.000000000000000000e+00,5.736501162403093330e-03,6.067804864850240287e-01,4.445868196398568006e-01,1.000000000000000000e+00,7.394304262463013977e-02,3.939393939393939226e-01,2.502923976608186774e-01,3.412149059346827971e-03,3.918014630709838464e-01,2.025316455696202500e-01,6.561830472828404648e-02,1.537024503568055478e-01,1.148482796667828210e-02,6.272344196496222601e-02,2.741258723122830809e-01,6.410256260198882172e-02,1.175643061395011263e-01,1.052050985538505457e-01,8.344795965153598005e-02,3.667878913072920161e-02
2.814955287957789792e-02,4.840336129999999737e-01,1.571914290163483512e-03,3.487695454617186774e-01,0.000000000000000000e+00,1.176886597763042268e-02,9.289212370464570157e-01,6.210292878034431308e-01,1.000000000000000000e+00,8.422203080547954746e-02,9.393939393939394478e-01,7.415204678362573576e-01,5.119301109775825642e-02,5.808216777028896161e-01,4.177215189873417778e-01,2.641673528660122283e-01,4.735022393413026442e-01,2.593098578061854564e-02,1.044347664041536672e-01,4.000118277808583644e-01,1.089743570394066385e-01,4.726134241458859186e-01,4.458090251159648743e-01,1.545162769371847822e-01,1.908352727503717094e-01
2.709671254415887964e-03,2.085365849999999965e-01,4.113859189224289281e-02,6.344350671579016554e-01,0.000000000000000000e+00,2.682498831069206682e-02,8.678535674666523203e-01,6.071434632813428323e-01,1.000000000000000000e+00,1.583904267718778680e-01,4.242424242424243097e-01,3.976608187134502703e-01,7.167084409063566308e-02,5.149815547413452155e-01,2.784810126582278333e-01,1.399419716623940824e-01,2.655817926812700791e-01,4.603313065181151992e-02,1.249470022261054414e-01,3.692959074827360522e-01,1.282051282841058515e-01,1.929304025645890985e-01,1.820186323298208508e-01,1.476386978450252019e-01,9.190062805816831548e-02
1.795526490006025752e-02,4.900284899999999833e-01,1.553548160410634727e-03,3.173634105002529071e-01,0.000000000000000000e+00,6.286169760034681329e-03,9.010254606455803117e-01,5.859880178544152329e-01,1.000000000000000000e+00,6.523012381666254411e-02,7.272727272727272929e-01,5.988304093567251574e-01,2.388921239454166665e-02,5.449956866294709545e-01,3.037974683544303889e-01,2.028737627821763922e-01,3.782210185406977843e-01,1.832768135790489167e-02,8.042957885017422426e-02,3.735905227898945191e-01,8.333333384668803467e-02,3.412165153678939911e-01,3.219852396606161515e-01,1.150848234754699717e-01,1.473816458683223640e-01
4.992369886782111604e-02,2.055335970000000123e-01,2.783930473988152632e-02,5.571382456691855722e-01,0.000000000000000000e+00,1.109219891348658081e-02,7.305121891826078517e-01,5.175885224849090527e-01,1.000000000000000000e+00,9.626888992158622038e-02,3.939393939393939226e-01,2.549707602339181256e-01,1.023728097386325704e-02,4.411530270471267778e-01,1.898734177215189722e-01,6.423626677201293989e-02,1.588153384045713490e-01,2.024806430305891441e-02,6.923327759579732399e-02,3.047183300557028685e-01,7.051282071026462872e-02,1.401629166541832894e-01,1.313267414212024031e-01,8.436497019715726020e-02,3.695351285457652846e-02
6.913067702372596712e-02,2.272727270000000077e-01,4.140735728473027982e-02,6.133679483069280902e-01,0.000000000000000000e+00,2.049392253039193645e-02,8.326253415947402203e-01,5.773747899730148347e-01,1.000000000000000000e+00,1.355098730918565253e-01,4.242424242424243097e-01,3.181286549707602052e-01,4.436704538741905596e-02,4.889809357795589229e-01,2.405063291139240556e-01,1.037557765145840083e-01,2.080753931092273745e-01,3.290678778019909961e-02,1.047274808303083060e-01,3.449770722028881464e-01,1.025641020112590396e-01,1.777256249188579329e-01,1.672745345165859154e-01,1.205868867491976110e-01,6.180924110866602150e-02
8.124247021007809447e-03,4.545454549999999871e-01,1.116102341042960692e-03,2.597200983176818356e-01,0.000000000000000000e+00,6.431153402218936325e-03,8.868475878676371771e-01,5.790861209642290675e-01,1.000000000000000000e+00,5.462760856099744405e-02,6.363636363636364646e-01,5.532163742690059394e-01,1.023728097386325704e-02,5.293071224036081102e-01,2.784810126582278333e-01,1.762860329700391970e-01,3.468662532946246713e-01,1.614143065172776378e-02,6.779497147167297399e-02,3.625605985373903661e-01,7.051282071026462872e-02,2.903205403480038083e-01,2.728804750334576368e-01,9.949564419990829245e-02,1.321173175257622512e-01
6.258782445440755349e-02,1.784810129999999939e-01,6.633225069523110418e-02,6.636942574307883591e-01,0.000000000000000000e+00,1.356765336544939193e-01,9.774885684136476183e-01,7.103126785582956071e-01,1.000000000000000000e+00,2.195395230467177272e-01,1.000000000000000000e+00,8.631578947368421240e-01,2.047768547515490256e-01,6.705385555814609155e-01,5.949367088607595555e-01,3.626557580166543948e-01,6.068162751219708939e-01,1.310998527949544246e-01,2.448718488306009244e-01,4.924171085189737451e-01,2.532051275140738134e-01,6.043695218692471949e-01,5.840507776464014533e-01,2.934433745988078712e-01,3.261726948679087856e-01
5.562084268021277866e-02,6.388888889999999599e-01,3.583098922458837995e-04,2.988235552787270599e-01,0.000000000000000000e+00,3.511366809420942629e-04,3.731702697583809125e-01,3.483053580217581047e-01,3.999999976000001567e-01,3.334659257194232812e-02,2.424242424242424032e-01,1.216374269005848080e-01,3.450420287612095821e-02,3.002140606073897544e-01,1.012658227848101250e-01,3.034333728148775819e-02,7.192342149211886082e-02,1.651689501784890787e-03,2.524259489678775531e-02,2.044639464869883461e-01,2.564102627284681191e-02,4.470753897316568498e-02,3.861206034068318665e-02,3.668042182485098390e-02,1.297882563815512189e-02
2.471334142423163484e-03,2.810457519999999820e-01,3.122461880004083912e-03,4.298312053057432580e-01,0.000000000000000000e+00,6.410643733725233072e-03,5.293703833978192774e-01,4.182294937288912884e-01,3.999999976000001567e-01,6.541159647472008509e-02,3.939393939393939226e-01,2.163742690058479690e-01,3.790564086605217094e-03,3.659255154962191003e-01,1.898734177215189722e-01,4.807826469925069457e-02,1.305533012581202856e-01,9.897584498421360677e-03,5.313775190768999651e-02,2.511627884509016195e-01,5.448717851970331927e-02,1.014204441426236336e-01,9.188051401322713807e-02,7.381934892251261482e-02,2.632914489041551787e-02
4.154116093009561222e-02,3.549783550000000232e-01,3.381324290500250813e-03,5.250123805384412368e-01,0.000000000000000000e+00,3.823914412975538621e-03,4.544495251494899968e-01,3.955720371344682018e-01,1.000000000000000000e+00,8.806456559176759069e-02,3.939393939393939226e-01,2.152046783625731208e-01,6.824298118693655074e-03,3.394601930979792570e-01,1.898734177215189722e-01,5.727671162952127637e-02,1.326419436056547330e-01,9.194874130960824232e-03,6.637253142480135926e-02,2.381098403020709964e-01,6.730769165612672522e-02,8.974597119164844095e-02,7.827397580655640064e-02,8.528198074277854035e-02,2.583016850689999477e-02
3.372165284902640253e-02,2.142857139999999883e-01,1.736214763299605973e-02,5.899160985490263798e-01,0.000000000000000000e+00,1.570354521468413436e-02,6.897372764414622104e-01,4.912425111590095206e-01,1.000000000000000000e+00,1.138235185837794539e-01,4.242424242424243097e-01,2.631578947368420907e-01,3.071517810488086711e-02,4.288159144134299217e-01,2.151898734177215000e-01,7.169329098609650286e-02,1.662616493667495865e-01,2.400785443731631372e-02,8.859842755438558648e-02,3.013676919478324723e-01,8.974358887483563363e-02,1.442551406629183353e-01,1.332257058586593657e-01,1.104997707473635987e-01,3.894164939355525962e-02
1.860315385403303948e-02,2.208333329999999928e-01,3.263731600127567356e-02,6.850773562344875112e-01,0.000000000000000000e+00,1.492544662058634952e-01,9.723206796720691436e-01,7.166035878549243954e-01,1.000000000000000000e+00,2.419262330998939448e-01,1.000000000000000000e+00,9.555555555555556024e-01,2.593844521579822260e-01,7.036351392888433587e-01,7.215189873417722222e-01,4.740753447903582329e-01,6.978118171096566735e-01,1.556042634077520193e-01,2.955430960589542910e-01,5.340749287948900470e-01,3.044871800597674372e-01,6.530720807992037580e-01,6.258643763886543310e-01,3.434204493351673548e-01,4.261474668718814307e-01
1.273069923896188449e-01,1.709183669999999877e-01,5.071448970912007664e-02,6.776863898047144064e-01,0.000000000000000000e+00,4.257678560371430665e-02,8.761059552477069579e-01,6.083399806520595199e-01,1.000000000000000000e+00,1.864958807318058687e-01,4.545454545454545858e-01,4.421052631578947234e-01,9.897464279385224939e-02,5.287092749995567775e-01,3.164556962025316111e-01,1.563045046477056776e-01,2.979466373936453527e-01,6.085273263220564860e-02,1.520153935716162807e-01,3.830551007998769797e-01,1.538461545569526356e-01,2.126764736234141862e-01,2.018684302846822654e-01,1.733149931224208795e-01,1.123286182977893399e-01
1.259428727004902743e-02,2.369230770000000097e-01,1.140158563777885978e-02,5.175059057570083887e-01,0.000000000000000000e+00,1.226661338771985535e-02,7.298087069455343467e-01,5.057930675537303244e-01,1.000000000000000000e+00,9.720513513081341372e-02,4.242424242424243097e-01,2.818713450292397726e-01,2.047622953937206294e-02,4.438571697549621442e-01,2.405063291139240556e-01,7.902146296707070194e-02,1.782887523859123247e-01,2.183600151699624167e-02,7.750626283954933915e-02,3.100912467995557420e-01,8.012820479255013117e-02,1.529985119790678583e-01,1.417038057248288241e-01,1.008711600183402057e-01,4.907963990008990668e-02
3.848041356699090365e-02,4.158163269999999856e-01,1.330720074507354619e-02,4.770916320025382351e-01,0.000000000000000000e+00,2.689575883226302810e-02,9.216158445845397118e-01,6.167721751724060120e-01,1.000000000000000000e+00,1.253452969761622571e-01,1.000000000000000000e+00,9.976608187134503591e-01,9.897464279385224939e-02,6.010829613831574214e-01,5.189873417721518889e-01,3.105867585659330410e-01,6.262353389518049429e-01,4.309510747154680910e-02,1.515653985997901521e-01,4.232277035968514123e-01,1.538461545569526356e-01,5.252094714030339784e-01,4.964255551368839670e-01,2.063273727647867983e-01,2.460173075671985288e-01
3.269996261987247882e-02,3.011363639999999897e-01,3.865779048798466313e-03,4.162990824868942896e-01,0.000000000000000000e+00,1.895294945538473705e-02,8.803268486701480988e-01,5.711319676629160735e-01,1.000000000000000000e+00,8.279082635880444241e-02,7.575757575757575690e-01,5.625730994152047248e-01,4.436704538741905596e-02,5.436206531009997178e-01,3.417721518987341667e-01,1.709753104659559875e-01,3.574418329914659798e-01,3.158802315414867279e-02,1.003039009977640950e-01,3.717027932085714137e-01,1.025641020112590396e-01,3.459605391495976789e-01,3.323493107077427067e-01,1.370930765703805565e-01,1.410644046677986263e-01
1.811689626105606743e-01,1.556329850000000015e-01,7.156124500861131554e-02,7.204404565578960140e-01,0.000000000000000000e+00,3.383245191716591216e-02,8.058659595768284944e-01,5.632739883346626897e-01,1.000000000000000000e+00,1.896637190168594944e-01,4.242424242424243097e-01,3.017543859649122751e-01,7.508382694580525984e-02,4.830810590367519142e-01,2.658227848101265556e-01,9.930615474307281920e-02,2.007910094148667168e-01,4.678979287392511649e-02,1.356098603826366711e-01,3.456089757931682382e-01,1.314102573382437411e-01,1.731766750222204498e-01,1.639222743396177573e-01,1.425951398441082096e-01,6.030998948075325106e-02
1.283450890804355669e-02,3.260869570000000106e-01,2.334395542642526619e-02,5.801646856803349683e-01,0.000000000000000000e+00,6.204281223829391512e-02,9.666116507481263831e-01,6.904159807199472532e-01,1.000000000000000000e+00,1.790114971110024211e-01,1.000000000000000000e+00,1.000000000000000000e+00,1.672341716209638229e-01,6.536491518873137618e-01,6.075949367088607778e-01,3.906214640515767167e-01,6.687568979950280212e-01,8.172921600467039638e-02,2.133449044232264835e-01,4.759908748448480886e-01,2.179487171589414851e-01,5.915006374854776539e-01,5.626911632862544588e-01,2.691425951398441208e-01,3.229773222622459028e-01
1.839086754265347595e-02,3.523809520000000250e-01,6.725124962223586259e-03,4.029757093355497699e-01,0.000000000000000000e+00,3.384122111438280303e-03,6.282908087340025594e-01,4.556694557118854405e-01,1.000000000000000000e+00,5.860538014369313237e-02,3.333333333333333703e-01,2.175438596491228171e-01,1.402636988324356890e-02,3.913052565439676389e-01,1.518987341772151667e-01,5.294703365907713760e-02,1.319335494473861670e-01,8.336499477628010746e-03,4.449079215643438751e-02,2.721315209357722531e-01,4.487179443741781681e-02,1.018904856540800707e-01,9.075529800033782513e-02,6.006419073819348198e-02,2.782925288903852906e-02
8.735991874810715430e-02,1.311827959999999904e-01,4.115586990299782005e-02,6.420392155367867781e-01,0.000000000000000000e+00,2.485900905528796653e-02,6.730701588246436051e-01,4.902524849657450279e-01,1.000000000000000000e+00,1.392403509909287407e-01,3.939393939393939226e-01,2.584795321637426979e-01,3.754107967707984855e-02,4.232918899484603426e-01,2.151898734177215000e-01,6.823616834878258597e-02,1.646468024097781369e-01,3.003143055397651875e-02,9.584224411084706075e-02,2.992965107796584090e-01,9.615384698311145450e-02,1.321003065922323472e-01,1.219767940438912235e-01,1.127922971114167783e-01,3.960831686406856428e-02
6.933725432986476492e-03,2.717391299999999954e-01,1.051065798270035996e-02,5.474246107794094041e-01,0.000000000000000000e+00,7.092923755760063148e-03,4.853215725533699398e-01,4.112908244372408539e-01,1.000000000000000000e+00,1.000950624190330152e-01,3.939393939393939226e-01,2.198830409356725135e-01,1.365026382903285901e-02,3.514532827713767738e-01,2.151898734177215000e-01,5.922121709835297815e-02,1.374050270365713700e-01,1.272880102159690274e-02,7.193370285988345825e-02,2.477407413024967364e-01,7.371794668427432418e-02,9.618207783647747533e-02,8.448605173914737476e-02,8.895002292526363319e-02,2.714147759325904671e-02
5.140083468982253184e-02,2.516129029999999989e-01,2.620597217739074284e-03,3.733609625409084476e-01,0.000000000000000000e+00,2.315207186900435782e-02,9.089531643172163999e-01,5.865650616927751138e-01,1.000000000000000000e+00,7.562798650507834841e-02,7.878787878787879562e-01,5.789473684210526550e-01,3.754107967707984855e-02,5.568725449750377976e-01,3.544303797468354444e-01,1.628456264123795127e-01,3.649885696406937607e-01,3.347009416127830900e-02,9.320850672247488200e-02,3.761961919311762048e-01,9.615384698311145450e-02,3.681303865858407964e-01,3.576400348219274661e-01,1.334250343878954359e-01,1.406406655894025803e-01
1.925331532465505285e-02,1.764705880000000116e-01,2.615752340423062317e-02,6.443661645478879763e-01,0.000000000000000000e+00,2.460590291783533792e-02,6.811331475418708203e-01,4.967187703308950653e-01,1.000000000000000000e+00,1.458556739521410517e-01,4.242424242424243097e-01,2.783625730994152003e-01,5.119301109775825642e-02,4.345357076860260070e-01,2.658227848101265556e-01,8.388530484255526942e-02,1.807942853828541918e-01,3.153687176685603805e-02,1.076958132066496848e-01,3.075331288086446402e-01,1.089743570394066385e-01,1.460827099957057174e-01,1.364123020152540888e-01,1.242549289316827038e-01,5.207184026748801209e-02
1.389754785476645174e-02,4.487179490000000048e-01,6.583669492493386026e-04,2.238925474039054064e-01,0.000000000000000000e+00,1.811446288483275005e-03,7.035904651099867957e-01,4.617623597698614635e-01,3.999999976000001567e-01,3.273684939913833192e-02,3.636363636363636465e-01,3.321637426900584389e-01,2.085227145544256075e-02,4.303442993404004158e-01,1.518987341772151667e-01,8.276007362246989851e-02,1.997439805588689665e-01,6.898859954500543949e-03,3.645686799237507492e-02,2.932360734893805776e-01,3.846153632914200982e-02,1.267644033435530726e-01,1.175097124592336534e-01,5.502063273727647585e-02,5.694839874571424460e-02
5.710335494404287886e-03,3.645320200000000121e-01,5.278212463609563941e-03,4.017657174655389074e-01,0.000000000000000000e+00,1.254789857139006551e-02,8.424199788955329948e-01,5.317345824635246743e-01,1.000000000000000000e+00,7.500411226463871150e-02,6.666666666666667407e-01,5.052631578947368585e-01,3.071517810488086711e-02,5.146503056946796217e-01,3.037974683544303889e-01,1.538421461269302015e-01,3.181438040451024518e-01,2.287352151898730881e-02,8.850246120317892262e-02,3.537733276437135532e-01,8.974358887483563363e-02,2.873405037966171305e-01,2.721814378337643059e-01,1.201283814763869640e-01,1.229870766671838783e-01
3.883254279315132007e-02,2.417582420000000121e-01,7.045295734037162897e-04,3.408476442174651622e-01,0.000000000000000000e+00,3.888812072584510622e-03,5.019616331610704529e-01,3.646521047956867712e-01,3.999999976000001567e-01,3.750025875968149291e-02,3.939393939393939226e-01,2.245614035087719340e-01,1.743928860027296052e-02,3.564509745600143997e-01,1.645569620253164445e-01,3.771439413492225917e-02,1.307120275453881320e-01,7.830027022428935266e-03,4.138428994243734116e-02,2.382136725931022769e-01,4.166666538327991332e-02,9.483986298223362477e-02,8.932474045970141552e-02,5.960568546538284884e-02,2.882173173448967715e-02
6.125707196095794317e-03,3.714285709999999852e-01,6.682589401395623617e-04,3.592782260441046982e-01,0.000000000000000000e+00,2.458245308331049022e-03,4.778267810276252137e-01,3.666321571822157566e-01,3.999999976000001567e-01,4.112760465636033230e-02,3.939393939393939226e-01,2.350877192982456232e-01,1.402636988324356890e-02,3.522054208442019219e-01,1.645569620253164445e-01,4.616989532805646640e-02,1.378580490585954998e-01,6.255018296056345448e-03,4.361112764785245177e-02,2.348936581355726694e-01,4.487179443741781681e-02,9.153559099730690374e-02,8.657796603562750715e-02,6.143970655662539526e-02,3.125909294420140677e-02
5.530684739197119781e-02,2.046783630000000020e-01,1.343651104821074957e-03,3.223965565960758006e-01,0.000000000000000000e+00,9.353725343117760133e-03,7.161449173408371838e-01,4.664946849736653078e-01,3.999999976000001567e-01,4.799220460893448975e-02,5.151515151515151381e-01,3.426900584795321558e-01,3.720012132370602298e-04,4.499653651152814016e-01,2.151898734177215000e-01,7.021750285869024499e-02,2.058988908528260331e-01,1.673698613408308028e-02,5.574341507732915452e-02,3.003145084400498654e-01,5.769230757384122277e-02,1.787103152806767126e-01,1.727531411197588684e-01,8.115543328748280050e-02,5.842543954288603042e-02
1.727632560884600765e-01,1.741001560000000059e-01,3.494402935696695744e-02,6.636921973973355371e-01,0.000000000000000000e+00,1.077110319001500643e-01,9.374712519278119993e-01,6.478052533618461339e-01,1.000000000000000000e+00,1.933640754296557518e-01,9.696969696969697239e-01,7.532163742690058950e-01,1.774730560483324115e-01,6.379101004911427175e-01,5.569620253164557777e-01,2.903776175934084658e-01,5.180874787707937523e-01,1.076644005461859233e-01,2.201502537530393433e-01,4.548531459914549324e-01,2.275641012412269737e-01,5.333356635674553203e-01,5.283460883801306407e-01,2.608895002292526133e-01,2.652759407293910909e-01
8.501872775427908244e-03,3.379310340000000190e-01,1.921717070243774642e-03,3.754752746655732887e-01,0.000000000000000000e+00,1.514800632145550836e-02,8.629562488162558775e-01,5.505733665982135427e-01,1.000000000000000000e+00,7.489267516109107681e-02,7.878787878787879562e-01,5.356725146198830778e-01,3.412809682191025179e-02,5.355817264477524819e-01,3.544303797468354444e-01,1.656665399114322090e-01,3.396008378473158729e-01,2.613608833383231425e-02,8.880493204263438523e-02,3.628717279139344609e-01,9.294871792897353713e-02,3.496959044470853706e-01,3.364506321219287721e-01,1.315910132966529034e-01,1.273475107947926177e-01
5.481243645267466769e-02,1.679487179999999968e-01,9.620675562306925388e-03,5.457487157911938835e-01,0.000000000000000000e+00,4.104162082640115672e-02,8.794339673692470605e-01,5.677517353744845341e-01,3.999999976000001567e-01,1.100473006499919637e-01,7.878787878787879562e-01,5.345029239766082574e-01,6.825786123546605244e-02,5.506676430726478166e-01,3.291139240506328889e-01,1.509441312389211143e-01,3.422433361508088745e-01,5.001188220512686744e-02,1.211937024407802876e-01,3.755568668932340315e-01,1.249999992299679480e-01,3.578930023069317734e-01,3.518515390512324537e-01,1.554332874828060485e-01,1.316758344462498898e-01
2.196315286077698062e-02,3.138461539999999883e-01,3.360573091832759225e-03,3.396857293264762268e-01,0.000000000000000000e+00,1.130282799833564472e-02,8.563272815822939865e-01,5.370609233832872587e-01,3.999999976000001567e-01,6.494514728601069598e-02,6.666666666666667407e-01,5.099415204678362512e-01,2.047622953937206294e-02,5.203936511364839479e-01,2.911392405063291111e-01,1.448704475180986606e-01,3.190881933379090540e-01,2.299958720755142932e-02,7.663360735373134225e-02,3.538075940416450238e-01,8.012820479255013117e-02,2.902193416089933198e-01,2.774560503098891795e-01,1.118752865657954981e-01,1.179281797373317869e-01
2.210449231091220559e-02,3.166666670000000128e-01,7.414124109929650687e-03,4.604023024974061018e-01,0.000000000000000000e+00,8.295712653276408888e-03,8.315160042208934454e-01,5.338588958096435189e-01,3.999999976000001567e-01,7.229540972100934049e-02,5.454545454545455252e-01,3.964912280701754499e-01,1.706324668420246271e-02,4.981922121549104965e-01,2.531645569620252778e-01,1.102626010434476223e-01,2.471485958246334158e-01,2.076841258001722174e-02,7.619919129156799142e-02,3.386373449697899773e-01,7.692307573841222768e-02,2.245853015489399085e-01,2.161740056910463614e-01,1.004126547455295587e-01,8.039153323680231500e-02
2.412293051331384358e-02,3.030303030000000009e-01,5.620486339512295940e-03,4.737088843335836574e-01,0.000000000000000000e+00,3.175802897318306256e-02,9.134987418490760902e-01,6.023800229686078200e-01,3.999999976000001567e-01,1.123035611158139102e-01,9.393939393939394478e-01,7.368421052631579649e-01,8.532277551131406401e-02,5.886195317398446036e-01,4.556962025316455556e-01,2.515549411479541808e-01,4.795830817685393099e-01,4.817810176818385776e-02,1.351248872179787730e-01,4.091745880971022209e-01,1.410256414205292574e-01,4.754895988335513524e-01,4.551849590062757578e-01,1.866116460339293792e-01,2.117323143554093734e-01
4.711109923736557514e-02,3.296703300000000114e-01,1.733989065349305627e-03,2.697942769943367236e-01,0.000000000000000000e+00,3.366476292815913200e-03,7.574339132552287968e-01,4.823888483449592091e-01,3.999999976000001567e-01,3.666330289410463933e-02,3.636363636363636465e-01,3.368421052631578871e-01,1.743928860027296052e-02,4.479472667938475539e-01,1.518987341772151667e-01,7.537381100934410771e-02,2.019126844873384563e-01,1.004654447132167193e-02,4.063865199806451778e-02,3.058362885478091431e-01,4.166666538327991332e-02,1.352724210133855465e-01,1.259553291841534473e-01,5.823016964695093556e-02,5.783341334347788520e-02
1.478166768578876612e-02,3.269230770000000064e-01,9.308605231922341752e-03,5.570748789234596376e-01,0.000000000000000000e+00,5.503769186935849461e-02,9.516491247057551339e-01,6.710736975498265977e-01,1.000000000000000000e+00,1.601938732896915074e-01,1.000000000000000000e+00,9.461988304093568170e-01,1.535822402002854359e-01,6.469581150572241146e-01,6.329113924050633333e-01,3.799464510598287159e-01,6.368936018448378977e-01,7.524736068980858450e-02,2.023104897799362645e-01,4.662356460088262211e-01,2.051282040225180514e-01,5.800465381043212743e-01,5.544742278757325282e-01,2.549289316827143548e-01,3.213958453442180008e-01
5.835933609700918838e-03,3.333333330000000094e-01,1.505780835511842891e-04,1.388564224180086626e-01,0.000000000000000000e+00,5.766029785287156905e-04,5.376498281879921182e-01,3.989324688990343315e-01,3.999999976000001567e-01,1.672126754189211251e-02,1.818181818181818232e-01,2.374269005847953196e-01,4.133016858646016561e-02,3.598840579686299890e-01,7.594936708860759722e-02,4.337665687487501226e-02,1.381990672275652254e-01,3.497957102349528048e-03,1.817210041230112039e-02,2.444410177527250316e-01,1.923076816457100491e-02,5.075416362904004025e-02,4.614944843626158505e-02,2.751031636863823793e-02,3.131936088930577233e-02
7.119595123999593322e-02,1.515151519999999863e-01,1.847779933889846663e-03,4.068470502532135491e-01,0.000000000000000000e+00,3.475252207770833379e-03,4.260126085662491180e-01,3.513800965134106224e-01,3.999999976000001567e-01,3.934981718241138682e-02,2.727272727272727071e-01,1.461988304093567448e-01,2.426525431061216098e-02,3.244518096832389453e-01,1.139240506329114028e-01,2.616553495193641929e-02,8.677071785686406302e-02,6.851758357220087171e-03,3.372896381001944804e-02,2.177779687164282385e-01,3.525641035513231436e-02,5.696956381346142406e-02,5.283967620804802534e-02,4.630903255387436301e-02,2.026973978333300452e-02
6.688676082793214295e-02,1.636904760000000014e-01,2.102333832798271990e-02,6.317014371971029218e-01,0.000000000000000000e+00,1.013567492771165618e-01,9.278930706999649614e-01,6.421111884274424142e-01,1.000000000000000000e+00,1.668534488048153963e-01,9.393939393939394478e-01,7.157894736842105310e-01,1.501692573451158252e-01,6.219842902306156329e-01,5.189873417721518889e-01,2.526200985314657754e-01,4.824897386561562418e-01,9.408953065456077125e-02,1.951196802514801043e-01,4.355701782427934821e-01,2.019230749683801618e-01,4.954417291668746781e-01,4.947676156074997667e-01,2.393397524071526616e-01,2.284826856640474191e-01
3.649445572450268904e-02,5.769230770000000064e-01,1.176047805837716594e-04,1.799006596545750236e-01,0.000000000000000000e+00,1.106384770808281756e-03,6.840011905084012467e-01,4.510248185423419987e-01,3.999999976000001567e-01,2.999703371536385776e-02,3.636363636363636465e-01,3.368421052631578871e-01,2.085227145544256075e-02,4.237806259790645180e-01,1.518987341772151667e-01,8.848647649429364215e-02,2.015628803782590073e-01,5.208558533219816676e-03,3.685471388301648360e-02,2.886157542748858940e-01,3.846153632914200982e-02,1.233845651949573713e-01,1.141990307030651131e-01,5.502063273727647585e-02,5.955297147482602887e-02
1.716237829841934723e-02,1.961538459999999928e-01,1.469487120935611922e-02,5.598443167008686494e-01,0.000000000000000000e+00,3.694491459219764740e-02,8.568413647555399582e-01,5.627167450201684407e-01,3.999999976000001567e-01,1.171326675451893617e-01,7.878787878787879562e-01,5.286549707602339332e-01,6.825786123546605244e-02,5.395273008842564888e-01,3.417721518987341667e-01,1.539497513473938872e-01,3.389858880497044202e-01,4.639433434261936579e-02,1.201214431811921668e-01,3.702637252240850718e-01,1.249999992299679480e-01,3.501183426043362190e-01,3.405201200576901122e-01,1.554332874828060485e-01,1.291776503632135475e-01
4.620220343214308939e-02,2.748414379999999935e-01,1.098937538628224492e-02,4.770571524114629591e-01,0.000000000000000000e+00,3.367081946813962889e-02,9.351172921345275446e-01,6.402244813677071544e-01,1.000000000000000000e+00,1.144054954482467690e-01,9.090909090909091717e-01,7.087719298245614974e-01,8.190979265614445337e-02,5.941711590593983239e-01,4.303797468354430000e-01,2.431605414792535891e-01,4.640639318805665492e-01,5.070342604207047493e-02,1.327611594461994560e-01,4.126010243155704971e-01,1.378205123663913401e-01,4.675435004776979375e-01,4.485116224679391861e-01,1.792755616689591935e-01,1.988533620949661518e-01
3.965037165069844327e-02,2.370766490000000004e-01,3.966127800829291616e-03,4.084516073917562329e-01,0.000000000000000000e+00,2.773411140035373507e-02,8.948294055575097827e-01,5.825285834705227206e-01,1.000000000000000000e+00,8.512666704762703040e-02,8.181818181818182323e-01,5.801169590643274754e-01,4.778002824258865966e-02,5.550005796217514220e-01,3.670886075949366667e-01,1.653446590985858666e-01,3.675931319578528145e-01,3.769648304658190091e-02,1.008468734714334375e-01,3.764717651314359315e-01,1.057692310653969570e-01,3.787462674642724791e-01,3.675948182893079008e-01,1.444291609353507422e-01,1.415641689123675606e-01
1.009640348189458185e-02,3.186813190000000184e-01,2.802796698836007485e-03,3.743608841044052671e-01,0.000000000000000000e+00,2.507502338056367616e-03,6.585946589464001244e-01,4.328196511713424677e-01,3.999999976000001567e-01,4.653050680578248860e-02,3.030303030303030942e-01,2.830409356725145931e-01,1.743928860027296052e-02,4.022120335916237188e-01,1.265822784810126389e-01,5.680214096777986416e-02,1.672509559722825945e-01,8.896586798539532839e-03,4.115776911506139474e-02,2.789878137813465719e-01,4.166666538327991332e-02,9.829959487215336744e-02,8.867052999493263421e-02,5.547913801008710899e-02,4.243039405165179023e-02
5.848598732977740994e-02,0.000000000000000000e+00,0.000000000000000000e+00,9.546093477854400433e-03,0.000000000000000000e+00,0.000000000000000000e+00,1.605021780892340044e-01,2.423046678320689429e-01,0.000000000000000000e+00,1.782497829827499325e-04,0.000000000000000000e+00,3.157894736842105365e-02,6.180800157933755840e-02,2.133633872980078561e-01,0.000000000000000000e+00,4.518775333989409095e-03,1.846473037410148454e-02,2.859453257881328678e-04,4.917695317835763490e-04,1.422606307929591418e-01,0.000000000000000000e+00,2.058595401449405705e-03,1.682626716734015237e-03,0.000000000000000000e+00,4.517143116618289184e-03
4.181602459018210483e-02,2.492307689999999909e-01,2.351590021029933194e-03,3.731101654313890847e-01,0.000000000000000000e+00,1.511846702728994810e-02,8.143077464217106654e-01,5.155207820641198868e-01,3.999999976000001567e-01,6.532135597262592186e-02,6.666666666666667407e-01,4.561403508771929571e-01,2.047622953937206294e-02,5.011817187683289543e-01,2.911392405063291111e-01,1.154937731975232001e-01,2.821527388754914156e-01,2.453277182572121892e-02,7.801617214718192805e-02,3.385249685610012826e-01,8.012820479255013117e-02,2.707259345071055257e-01,2.605414289983498666e-01,1.104997707473635987e-01,9.826318839667835814e-02
1.117917452440106429e-02,4.000000000000000222e-01,5.726363615340657708e-04,1.615460872265574443e-01,0.000000000000000000e+00,3.174879210541155499e-04,6.063205173300144635e-01,4.391247036993035646e-01,3.999999976000001567e-01,1.656421436036280281e-02,1.515151515151515194e-01,2.222222222222222376e-01,4.474308730348955376e-02,3.848222193989314643e-01,6.329113924050633333e-02,4.382136175080681567e-02,1.297880023586960863e-01,2.907647879389987228e-03,1.524205150330451737e-02,2.588138060386900308e-01,1.602563911043310141e-02,4.842958864709935585e-02,4.532827462546938635e-02,2.292526364053186494e-02,2.671717673567708395e-02
2.959093813478041318e-03,3.333333330000000094e-01,2.857686257175760385e-05,7.241491219443552119e-02,0.000000000000000000e+00,1.213785793681541219e-04,3.989826564571552492e-01,3.239818287763842619e-01,3.999999976000001567e-01,8.144453227467676054e-03,9.090909090909091161e-02,9.707602339181287121e-02,5.156905301382875423e-02,2.965726185627355349e-01,3.797468354430379861e-02,1.884616220464678873e-02,5.695952392693709454e-02,1.428727900329732937e-03,9.667445988570073229e-03,2.041677095717774892e-01,9.615384082285502454e-03,2.079567508546965870e-02,1.773579512233151162e-02,1.375515818431911896e-02,1.492865842800591633e-02
6.419582397906358102e-03,3.315789470000000128e-01,1.268406027449439557e-03,3.085022122010627199e-01,0.000000000000000000e+00,6.933209847458025703e-03,8.214507968289186390e-01,5.312056256116948205e-01,1.000000000000000000e+00,5.017582642883999106e-02,5.454545454545455252e-01,4.081871345029239873e-01,0.000000000000000000e+00,4.927809763100590157e-01,2.278481012658227778e-01,1.086479505196683015e-01,2.517687202347843600e-01,1.595697987283242747e-02,5.786558223347514768e-02,3.324631820131601079e-01,6.089743662797912627e-02,2.214734403243685812e-01,2.119401530605615758e-01,8.574048601558917349e-02,8.347215901825770501e-02
6.522045185169091097e-02,2.040169129999999942e-01,1.003977723412372881e-02,5.172937847543035428e-01,0.000000000000000000e+00,5.155237020147723087e-02,8.959657999404746498e-01,5.871449341774013231e-01,1.000000000000000000e+00,1.132421615029803597e-01,9.090909090909091717e-01,6.479532163742690587e-01,8.190979265614445337e-02,5.745616312842174445e-01,4.177215189873417778e-01,1.937600639178619077e-01,4.170688171831625213e-01,5.390582172096849978e-02,1.340613260570124865e-01,3.933631634049687409e-01,1.378205123663913401e-01,4.354598384149081514e-01,4.259754687317282573e-01,1.751490142136634676e-01,1.754002731507421364e-01
3.236174562978419433e-02,2.157258059999999922e-01,1.127434166162761403e-02,4.716301261687154689e-01,0.000000000000000000e+00,2.416693420129223391e-02,7.766173327200411869e-01,5.175885224849090527e-01,1.000000000000000000e+00,8.920670293558055630e-02,6.969696969696970168e-01,4.795321637426900319e-01,4.095406253224945226e-02,4.952443542909739094e-01,3.291139240506328889e-01,1.240330294718723220e-01,2.993801805888625100e-01,3.145226882977198574e-02,9.885299738041891660e-02,3.375547815644400207e-01,9.935897295712113608e-02,2.756354049114677074e-01,2.652599300962800721e-01,1.297569922054103708e-01,1.077233443586380762e-01
1.971585560362697914e-02,3.202614380000000094e-01,1.410246185714259274e-03,3.220264415319560869e-01,0.000000000000000000e+00,6.460598503067373904e-03,6.953110203198139549e-01,4.598813100026588607e-01,1.000000000000000000e+00,4.633651451762672152e-02,4.848484848484848619e-01,3.485380116959064245e-01,3.790564086605217094e-03,4.354011533027474234e-01,2.025316455696202500e-01,7.895867243200714591e-02,2.096518948174405095e-01,1.224759939483482593e-02,5.200609604861759772e-02,2.956636172654805716e-01,5.448717851970331927e-02,1.648976860775168973e-01,1.542299546535348398e-01,7.657038055937642751e-02,6.239468353005379886e-02
1.048178904926328273e-02,5.000000000000000000e-01,1.001289300110429767e-04,1.587885544583376718e-01,0.000000000000000000e+00,1.669913069095958422e-04,4.424091560918856358e-01,3.483053580217581047e-01,3.999999976000001567e-01,1.236778309951581251e-02,1.212121212121212155e-01,1.111111111111111188e-01,4.815607015865915053e-02,3.112752210249630780e-01,5.063291139240506944e-02,2.404634017015792533e-02,6.512720408799094196e-02,1.449437790116320712e-03,1.257036437588697833e-02,2.165242673369403570e-01,1.282051313642340942e-02,2.885029577328819192e-02,2.415706248457050870e-02,1.834021091242549195e-02,1.691408883554026965e-02
2.138709760381410363e-02,1.730769229999999936e-01,1.184621963719342808e-02,5.129574610223317510e-01,0.000000000000000000e+00,4.673858302366591666e-02,9.083579101166158187e-01,5.947172202327410950e-01,1.000000000000000000e+00,1.085233765665497008e-01,8.181818181818182323e-01,5.859649122807017996e-01,6.825786123546605244e-02,5.680647643443264005e-01,3.797468354430379445e-01,1.630297172310704867e-01,3.736198623775986993e-01,5.141326511958058121e-02,1.187795063170712373e-01,3.856805772262896226e-01,1.249999992299679480e-01,3.861750538450527404e-01,3.814014526460767218e-01,1.609353507565337016e-01,1.496485413499351325e-01
3.009211119678929444e-02,1.555555560000000115e-01,4.735824711107703561e-02,4.387246714320465202e-01,1.597444089456868943e-02,1.658059690633851679e-03,6.898725614870533374e-01,4.698296589218331487e-01,1.000000000000000000e+00,7.390151711885878383e-02,2.121212121212121271e-01,2.327485380116959268e-01,3.109122002095136492e-02,4.084320354465035274e-01,8.860759493670886111e-02,4.018243262180517389e-02,1.371380767343220730e-01,8.967781575036600991e-03,2.659138701356491413e-02,2.811209085589751466e-01,2.884615224685650736e-02,7.332847313073612150e-02,6.686329794836479157e-02,3.713892709766161704e-02,3.027286903041790517e-02
1.900433618347567577e-03,3.406593410000000044e-01,2.481405914812636563e-03,3.272490558490277479e-01,0.000000000000000000e+00,2.793057350028395856e-03,7.044292323926514277e-01,4.688764051300329250e-01,3.999999976000001567e-01,4.067553444875388058e-02,3.636363636363636465e-01,2.912280701754385581e-01,1.743928860027296052e-02,4.291068714906286496e-01,1.518987341772151667e-01,6.301634375408471378e-02,1.735312534067859347e-01,9.016653801926219347e-03,4.137176951947604125e-02,2.907916110643236629e-01,4.166666538327991332e-02,1.244578044534102867e-01,1.167749438041656429e-01,5.823016964695093556e-02,4.281553478939555818e-02
2.152106523164815446e-02,2.666666670000000239e-01,2.011756169546789763e-03,1.982535338680465609e-01,0.000000000000000000e+00,5.068439882797744081e-04,4.813441922129927941e-01,3.762410685494135265e-01,3.999999976000001567e-01,2.078580883813990060e-02,1.515151515151515194e-01,1.415204678362573243e-01,4.474308730348955376e-02,3.304167237246847799e-01,6.329113924050633333e-02,2.859380613939536964e-02,8.413560861887857401e-02,2.994465351488225652e-03,1.602818065076123261e-02,2.284309374546389937e-01,1.602563911043310141e-02,3.823314991061887297e-02,3.289372815508750936e-02,2.292526364053186494e-02,2.373745197678586022e-02
2.177569795083294200e-03,3.918128650000000102e-01,7.495930874591802016e-04,2.948194052298726553e-01,0.000000000000000000e+00,4.795575752814583946e-03,7.778890121485971809e-01,4.952224164559324571e-01,3.999999976000001567e-01,4.745336468777592437e-02,5.151515151515151381e-01,3.847953216374269125e-01,3.720012132370602298e-04,4.692394236622318138e-01,2.278481012658227778e-01,1.024139344097823590e-01,2.355323902484332821e-01,1.255252720171554787e-02,5.662998830127539962e-02,3.193254809461882338e-01,5.769230757384122277e-02,1.974893391788920816e-01,1.855930771929368839e-01,8.115543328748280050e-02,7.764126787149758235e-02
3.405299686193163922e-02,4.502923979999999826e-01,1.653611143815742661e-03,3.029945668701057304e-01,0.000000000000000000e+00,5.265392764794586851e-03,8.643632132904029985e-01,5.582729417355443147e-01,1.000000000000000000e+00,4.959620474231193205e-02,4.848484848484848619e-01,4.093567251461988077e-01,3.720012132370602298e-04,5.048260117530680713e-01,2.151898734177215000e-01,1.277107710938288343e-01,2.558307995884793740e-01,1.261255206892220558e-02,5.569519635713413713e-02,3.435062727677685168e-01,5.769230757384122277e-02,2.091691383792888825e-01,1.986500006496628445e-01,7.977991746905088721e-02,8.521376355717044659e-02
4.533227297336964862e-03,4.090909090000000026e-01,1.450825330566155220e-04,1.701156233050279964e-01,0.000000000000000000e+00,1.727770359713140568e-03,6.821071998701264683e-01,4.373171987350294998e-01,3.999999976000001567e-01,2.735700320217430287e-02,3.333333333333333703e-01,3.192982456140350811e-01,2.426525431061216098e-02,4.187619756269815863e-01,1.392405063291139167e-01,7.101666237078171906e-02,1.895459596660384605e-01,6.561409382612829258e-03,3.401810692727463142e-02,2.855140710044741792e-01,3.525641035513231436e-02,1.123405870192643735e-01,1.037589491054142915e-01,5.043558000917010287e-02,5.196058743577836730e-02
7.462224122021506555e-03,2.137320040000000032e-01,3.665457440390643140e-02,5.323009183700329050e-01,0.000000000000000000e+00,4.102253058062147600e-02,9.250791417516708304e-01,6.204211288561520821e-01,1.000000000000000000e+00,1.274452480008568256e-01,7.878787878787879562e-01,6.198830409356725912e-01,7.849680980097485661e-02,5.734832039291848371e-01,3.797468354430379445e-01,1.891872878737577146e-01,4.000629997046597497e-01,5.267174712426046790e-02,1.324248331554759017e-01,3.975464414193050078e-01,1.346153833122534227e-01,3.864030838984151006e-01,3.742512635941946386e-01,1.719394773039890079e-01,1.640246762466551766e-01
4.524708131264108119e-02,4.880952379999999868e-01,5.290412585707506346e-03,4.691021289806132644e-01,0.000000000000000000e+00,1.961827049678297949e-02,9.021889120376633819e-01,6.089368250142848105e-01,1.000000000000000000e+00,1.210047040340851421e-01,1.000000000000000000e+00,1.000000000000000000e+00,9.897464279385224939e-02,5.929749982127598962e-01,5.189873417721518889e-01,3.281318699035543629e-01,6.280338741573106009e-01,3.668050046651456786e-02,1.523372022059529263e-01,4.191700842654428327e-01,1.538461545569526356e-01,5.177959979893408393e-01,4.861543858737315538e-01,2.063273727647867983e-01,2.467437565642528197e-01
2.450116596732276192e-02,3.107692309999999791e-01,1.154955883039561872e-03,3.489868772402593966e-01,0.000000000000000000e+00,1.252185751448984218e-02,8.042966530479721543e-01,5.103811317979440876e-01,1.000000000000000000e+00,6.281941326071782683e-02,7.272727272727272929e-01,4.865497076023391765e-01,2.047622953937206294e-02,5.000762825552198532e-01,3.037974683544303889e-01,1.301461918499647874e-01,3.012777451145854379e-01,2.167324472020443552e-02,7.833398690732555625e-02,3.386813776416343624e-01,8.012820479255013117e-02,2.943621649872336099e-01,2.800495043072645518e-01,1.132508023842274114e-01,1.119663186796292786e-01
2.692971028405792902e-02,2.885375490000000043e-01,1.613339749791542748e-03,3.112414906218587962e-01,0.000000000000000000e+00,1.003204339698739352e-02,8.655537216916042720e-01,5.494815091393561168e-01,3.999999976000001567e-01,5.632184919646907734e-02,6.060606060606060774e-01,4.654970760233917981e-01,1.023728097386325704e-02,5.191100401849051416e-01,2.784810126582278333e-01,1.235691137058038541e-01,2.886764210178101031e-01,2.116895722588026801e-02,6.811680447907793312e-02,3.491331664478820040e-01,7.051282071026462872e-02,2.617638540740814257e-01,2.535445603731663611e-01,9.949564419990829245e-02,1.010622668924671813e-01
2.349372053765304974e-02,5.120967739999999768e-01,1.213989086452219469e-03,3.646993161224661995e-01,0.000000000000000000e+00,8.536618950288782717e-03,8.379285153819097109e-01,5.322663679616208565e-01,1.000000000000000000e+00,7.643271361990727764e-02,8.181818181818182323e-01,6.362573099415205213e-01,4.095406253224945226e-02,5.270207981358594473e-01,3.670886075949366667e-01,2.125509837551425307e-01,3.997391451690245900e-01,1.946815652544066355e-02,9.857194629469816227e-02,3.643808418737181642e-01,9.935897295712113608e-02,3.627235776417364610e-01,3.387445915569819443e-01,1.366345712975698956e-01,1.623318231795354005e-01
4.790027221423823200e-02,2.347083929999999874e-01,1.675287793186519894e-02,4.967504711346110713e-01,0.000000000000000000e+00,3.050806299123798304e-02,8.600611488406072480e-01,5.655086188851738971e-01,1.000000000000000000e+00,1.064572657301404990e-01,8.181818181818182323e-01,5.555555555555555802e-01,6.143189552512685198e-02,5.392505438999231071e-01,3.544303797468354444e-01,1.580536024553819974e-01,3.521919791293793289e-01,4.059055467306760256e-02,1.160983099716168948e-01,3.695324941848718292e-01,1.185897442018203490e-01,3.638327690837852013e-01,3.511687434221639204e-01,1.545162769371847822e-01,1.367513038620866705e-01
4.405417635349982708e-02,2.222222219999999970e-01,2.327816269590428453e-03,3.123237779251584745e-01,0.000000000000000000e+00,7.444051911126687258e-03,7.850050055466869514e-01,4.977201111092255381e-01,1.000000000000000000e+00,4.699571642715540815e-02,4.545454545454545858e-01,3.567251461988303896e-01,3.790564086605217094e-03,4.675374046305059705e-01,2.025316455696202500e-01,7.794887451131730927e-02,2.159613428059379003e-01,1.661592973387428576e-02,5.257215411473943611e-02,3.169947718028309214e-01,5.448717851970331927e-02,1.740345340696873300e-01,1.650819224822317466e-01,7.519486474094451423e-02,6.448996917229865566e-02
2.487962313027307013e-03,4.188034190000000101e-01,4.427885935584938842e-03,3.325778505929120055e-01,0.000000000000000000e+00,9.154176342462676252e-03,8.422035228225872583e-01,5.451338798277920450e-01,1.000000000000000000e+00,6.773578523057999234e-02,6.969696969696970168e-01,5.520467836257310079e-01,2.388921239454166665e-02,5.159668321375223687e-01,2.911392405063291111e-01,1.643941317483592623e-01,3.435037821590884999e-01,1.923323256765164038e-02,8.086627714027307123e-02,3.535730016632703809e-01,8.333333384668803467e-02,3.011614552644981679e-01,2.838298922859036622e-01,1.150848234754699717e-01,1.288515443967513940e-01
3.749364249610567801e-02,3.122529640000000217e-01,8.932478764973066435e-03,3.786606956400563884e-01,0.000000000000000000e+00,8.397527166451628639e-03,8.048919072485728465e-01,5.170708802181454011e-01,1.000000000000000000e+00,6.416868230645303428e-02,5.151515151515151381e-01,4.046783625730994149e-01,1.023728097386325704e-02,4.832575465130972692e-01,2.278481012658227778e-01,1.111631064652410239e-01,2.517673243757216350e-01,1.882188439225563475e-02,6.902066692546354743e-02,3.319170690408161373e-01,7.051282071026462872e-02,2.071904367191635121e-01,1.948780582877486789e-01,9.536909674461256647e-02,8.677020019563069786e-02
4.237960871919187189e-02,2.428571429999999975e-01,2.052104501277913183e-03,3.076572757662661139e-01,0.000000000000000000e+00,1.162136256004767977e-02,8.636056170350929762e-01,5.429699654339426029e-01,3.999999976000001567e-01,5.225557250595024711e-02,5.454545454545455252e-01,4.479532163742689921e-01,3.412149059346827971e-03,5.105061319756352134e-01,2.405063291139240556e-01,1.144356798433473904e-01,2.776506120326095450e-01,2.112503887602475497e-02,6.069812809770693679e-02,3.460370073091309506e-01,6.410256260198882172e-02,2.350277464305806641e-01,2.247034289203903301e-01,8.895002292526363319e-02,9.817476298262106660e-02
8.849567822760549818e-03,3.801169589999999765e-01,2.603593984508878467e-03,3.692490289740530396e-01,0.000000000000000000e+00,5.845333343622279368e-03,7.907952054979843215e-01,5.088480055215176545e-01,1.000000000000000000e+00,5.308905758298502336e-02,4.848484848484848619e-01,3.461988304093567281e-01,3.720012132370602298e-04,4.702467778104011398e-01,2.025316455696202500e-01,8.685178052174791219e-02,2.101853871750542779e-01,1.286230522384427220e-02,5.670953278531219027e-02,3.187103986430626645e-01,5.769230757384122277e-02,1.858534815362234971e-01,1.764289333835739326e-01,7.977991746905088721e-02,6.170813455713138745e-02
8.109353722870030201e-02,4.444444439999999941e-01,2.152244422389945708e-03,3.913707408089101003e-01,0.000000000000000000e+00,6.758394920700355616e-04,4.408669065721474989e-01,3.622845278706516847e-01,3.999999976000001567e-01,4.357599805933338316e-02,1.818181818181818232e-01,1.192982456140350978e-01,3.450420287612095821e-02,3.106334651924090862e-01,7.594936708860759722e-02,2.897754341340778167e-02,7.158240332314913523e-02,2.909186123839918158e-03,2.610320460477697641e-02,2.205545626980108254e-01,2.564102627284681191e-02,4.079707322594283009e-02,3.277483985811364270e-02,3.392939018798716427e-02,2.094362132070943724e-02
7.847221698742776891e-03,3.514492750000000054e-01,2.976225281343608444e-03,3.024859545314341758e-01,0.000000000000000000e+00,8.056092221633405145e-03,9.089531643172163999e-01,5.958911084333260444e-01,1.000000000000000000e+00,5.997720931495189450e-02,6.363636363636364646e-01,5.602339181286549730e-01,1.365026382903285901e-02,5.407352342695534997e-01,2.658227848101265556e-01,1.730127275503287321e-01,3.541566301954301998e-01,2.148084380855404957e-02,6.969498630869805367e-02,3.704786409591659946e-01,7.371794668427432418e-02,2.990942047077386756e-01,2.824279199095669490e-01,1.027051811095827522e-01,1.311966505025895791e-01
4.561351076552105921e-02,2.804232799999999970e-01,9.781277529960202138e-03,5.133534969096457123e-01,0.000000000000000000e+00,1.194894071948657960e-02,8.505370816309966164e-01,5.516680527033372972e-01,3.999999976000001567e-01,8.330028853408891210e-02,5.454545454545455252e-01,3.941520467836256980e-01,2.730219524971126688e-02,5.091317954787126787e-01,2.658227848101265556e-01,1.097026924488047200e-01,2.470990811645248364e-01,2.551912917314075671e-02,8.568029587071628039e-02,3.456705484592919597e-01,8.653845982069773013e-02,2.297148126325320727e-01,2.239257825188727125e-01,1.072902338376891251e-01,8.051498078742587439e-02
2.495783095934789309e-02,3.263157890000000227e-01,9.745336629725723232e-03,4.467238676991986956e-01,0.000000000000000000e+00,5.441949358377089034e-03,7.029140398820314939e-01,4.843434429150896836e-01,1.000000000000000000e+00,7.622818500939160247e-02,3.636363636363636465e-01,2.701754385964912353e-01,0.000000000000000000e+00,4.240510459537544241e-01,1.898734177215189722e-01,7.439840817746848356e-02,1.679551615378236107e-01,1.337471315746555436e-02,6.276586206798175083e-02,2.975532002614830751e-01,6.089743662797912627e-02,1.264095419758388128e-01,1.139963359016670369e-01,8.023842274186153423e-02,4.361373395003717568e-02
1.454942756968422707e-02,2.549019610000000102e-01,1.170057655798636791e-02,4.391731710608372530e-01,0.000000000000000000e+00,5.307439777829488052e-03,7.095159501068752927e-01,4.858171676199205535e-01,1.000000000000000000e+00,6.999973101388801133e-02,3.333333333333333703e-01,2.608187134502923943e-01,3.790564086605217094e-03,4.260386301994480984e-01,1.772151898734176945e-01,6.201291332578991178e-02,1.595367070956772160e-01,1.390379159849892791e-02,5.321841434263671622e-02,2.955223314821635028e-01,5.448717851970331927e-02,1.161714919157520454e-01,1.065265127398880018e-01,6.969280146721686109e-02,4.000448765656032524e-02
1.357357566416238920e-02,3.055555560000000059e-01,3.422958581047103911e-03,2.182435026606172612e-01,0.000000000000000000e+00,1.087206285569759746e-03,5.537216916042101422e-01,4.230495069669557573e-01,1.000000000000000000e+00,3.096402019453522309e-02,2.121212121212121271e-01,1.836257309941520532e-01,3.450420287612095821e-02,3.588339595764822310e-01,8.860759493670886111e-02,3.839614160279691130e-02,1.092799557044411701e-01,4.858806958258747762e-03,2.399222202001904253e-02,2.487469426068791845e-01,2.564102627284681191e-02,5.912869217274357991e-02,5.172355547470863096e-02,3.530490600641907062e-02,2.330723188485466987e-02
7.641752937310909580e-04,2.678062680000000140e-01,1.041489251978200414e-02,5.307841933546791902e-01,0.000000000000000000e+00,1.032390665188956218e-02,6.972320679672069366e-01,4.848356273654554904e-01,1.000000000000000000e+00,9.858601314362830381e-02,3.939393939393939226e-01,2.771929824561403244e-01,2.388921239454166665e-02,4.301193845840738383e-01,2.405063291139240556e-01,7.738379767497605144e-02,1.744001789738094110e-01,2.052233300080633441e-02,8.162322157076364049e-02,3.025020766151959584e-01,8.333333384668803467e-02,1.364438629955492532e-01,1.254330002728583915e-01,9.995414947271893946e-02,4.741540331662374291e-02
1.114514220189791703e-02,4.727272730000000034e-01,2.352095611675433188e-04,1.856485638276032524e-01,0.000000000000000000e+00,1.085466750833229349e-03,7.135474444654889004e-01,4.566029089798204765e-01,3.999999976000001567e-01,2.596001081398545407e-02,3.030303030303030942e-01,3.157894736842105088e-01,2.767823716578176121e-02,4.264514574681318448e-01,1.265822784810126389e-01,7.486495704468305867e-02,1.879704450622333989e-01,5.541745707794146908e-03,3.151834473940125225e-02,2.920872541381779874e-01,3.205128130099441086e-02,1.073185995958708255e-01,9.856814313371360659e-02,4.585052728106372988e-02,5.357009850537688272e-02
9.575054906219335193e-03,2.727272729999999923e-01,1.279803799175175012e-02,5.593071346744582506e-01,0.000000000000000000e+00,7.858416816441015501e-03,5.459292729781650699e-01,4.418486900539140283e-01,1.000000000000000000e+00,9.583466948362476256e-02,3.636363636363636465e-01,1.906432748538011701e-01,6.824298118693655074e-03,3.726284733894226209e-01,1.898734177215189722e-01,5.139373375184221743e-02,1.191647131232333040e-01,1.280307068785812956e-02,6.871405197296243106e-02,2.584703436925936404e-01,6.730769165612672522e-02,9.750997839540077872e-02,8.868482257708248939e-02,8.115543328748280050e-02,2.248749328810892290e-02
1.149954394470756314e-02,3.268817199999999867e-01,1.323946258967749132e-02,4.518099782471788339e-01,0.000000000000000000e+00,1.406794381420902774e-02,8.584377282935145015e-01,5.728263267765314470e-01,1.000000000000000000e+00,9.197515262482724996e-02,6.060606060606060774e-01,4.444444444444444198e-01,3.754107967707984855e-02,5.194431219787682963e-01,3.164556962025316111e-01,1.362448940393985730e-01,2.819051650671788867e-01,2.672580313238635819e-02,9.279512659378220951e-02,3.555772782789647368e-01,9.615384698311145450e-02,2.625677848461545616e-01,2.534899886958668636e-01,1.265474552957359111e-01,9.604569522859836284e-02
1.706438294632559461e-03,4.183006539999999940e-01,9.672168870441034440e-04,2.102513904575116777e-01,0.000000000000000000e+00,4.652742083544101834e-03,8.885792364512027364e-01,5.802317227021491775e-01,3.999999976000001567e-01,4.385403301290104888e-02,4.848484848484848619e-01,4.947368421052631415e-01,3.790564086605217094e-03,5.185270877777008458e-01,2.025316455696202500e-01,1.537304807868289658e-01,3.101232725130813606e-01,1.347311022783182800e-02,5.119288561209137806e-02,3.550349301990186057e-01,5.448717851970331927e-02,2.206515334604975398e-01,2.074081051934046349e-01,7.657038055937642751e-02,1.055375232049058642e-01
7.890854018408050008e-02,2.000000000000000111e-01,2.322543838445939243e-02,4.261985329776977194e-01,4.792332268370606829e-03,3.746814442766170953e-04,1.691604210070618841e-01,2.822734395772871219e-01,3.999999976000001567e-01,4.598484926427340996e-02,1.212121212121212155e-01,4.561403508771929433e-02,4.474308730348955376e-02,2.273924563809461841e-01,5.063291139240506944e-02,8.101518634509582290e-03,2.692391353624672828e-02,1.239797175199813155e-03,1.696326109597336845e-02,1.527005832363479421e-01,1.602563911043310141e-02,1.118212777006581150e-02,8.844509699465976857e-03,2.154974782209995512e-02,4.908442872510161183e-03
7.032097690280590674e-02,4.871794870000000222e-01,2.791860553351815499e-03,3.972389427654813288e-01,0.000000000000000000e+00,1.276302606446109251e-03,3.839930734056657413e-01,3.674270067830938125e-01,3.999999976000001567e-01,5.734597972985117781e-02,3.030303030303030942e-01,1.497076023391812893e-01,2.085227145544256075e-02,3.072919387013594017e-01,1.265822784810126389e-01,3.807992388596345007e-02,9.012440305229052484e-02,3.456498561644775949e-03,3.831321977397955658e-02,2.117192860628556716e-01,3.846153632914200982e-02,5.756577085809206490e-02,4.914439405948313466e-02,5.226960110041265622e-02,1.629061670365183553e-02
7.218028351252589458e-02,5.256410259999999557e-01,2.543011035856752432e-03,3.961048033113731548e-01,0.000000000000000000e+00,8.855851606626943427e-04,4.243080169918017064e-01,3.742242437614207162e-01,1.000000000000000000e+00,5.412372443872701805e-02,3.030303030303030942e-01,1.555555555555555580e-01,2.085227145544256075e-02,3.198642610852584500e-01,1.265822784810126389e-01,4.029999985905724502e-02,9.352760290782556607e-02,3.516710237232991646e-03,3.881609454985169433e-02,2.210143515097400813e-01,3.846153632914200982e-02,6.318662845082706481e-02,5.427543105128438544e-02,5.226960110041265622e-02,1.964131440325650110e-02
5.202488993259604677e-02,2.000000000000000111e-01,4.709972542471152837e-03,4.105412312118252860e-01,0.000000000000000000e+00,9.842489486736596613e-03,6.569441813901891747e-01,4.409406946023772811e-01,3.999999976000001567e-01,5.958984452230856738e-02,4.545454545454545858e-01,3.251461988304093498e-01,0.000000000000000000e+00,4.206567113191765905e-01,2.025316455696202500e-01,6.458621030937719554e-02,1.946107289127583795e-01,1.637273971390685798e-02,6.057003137507547402e-02,2.856418146461500718e-01,6.089743662797912627e-02,1.458693271282527626e-01,1.378064784376908658e-01,8.161393856029344751e-02,5.016107853492154239e-02
1.834713545396457826e-02,3.095238100000000103e-01,1.014478621297394906e-03,2.699721996909872912e-01,0.000000000000000000e+00,7.792126010903806417e-03,8.301631537649828418e-01,5.207028620242923900e-01,3.999999976000001567e-01,5.031812875906543220e-02,6.060606060606060774e-01,4.619883040935672258e-01,3.412149059346827971e-03,5.008941071386263655e-01,2.531645569620252778e-01,1.187510590207252054e-01,2.840109705402781293e-01,1.787240053914413568e-02,6.044915760012251754e-02,3.381304433128233256e-01,6.410256260198882172e-02,2.505857209910818395e-01,2.390967088081286107e-01,9.170105456212745976e-02,9.613605946594365459e-02
1.171487321130768727e-01,1.000000000000000000e+00,0.000000000000000000e+00,1.146902464312742342e-01,0.000000000000000000e+00,1.354997333314435687e-05,1.809572769826023331e-01,2.641305024241499266e-01,3.999999976000001567e-01,7.208084061506837836e-03,6.060606060606060774e-02,3.976608187134502564e-02,5.498203586899835793e-02,2.266981072891540716e-01,2.531645569620253472e-02,1.124314339052126695e-02,2.322921017185053394e-02,1.287650676751906243e-04,6.623142565722026781e-03,1.517648056710573234e-01,6.410255028147598087e-03,7.063605404811600617e-03,5.662461182646206896e-03,9.170105456212745976e-03,5.517822567990765016e-03
1.580734867588768841e-02,3.128078819999999816e-01,4.036185078534054553e-03,3.790675271531054324e-01,0.000000000000000000e+00,1.478670190576614890e-02,8.684758786763712157e-01,5.700033378025943787e-01,1.000000000000000000e+00,7.611600416544209158e-02,6.666666666666667407e-01,5.192982456140351477e-01,3.071517810488086711e-02,5.280791159280835423e-01,3.164556962025316111e-01,1.540073734793742655e-01,3.277398506886982643e-01,2.637853926825065379e-02,8.678318197727473426e-02,3.613901606174848014e-01,8.974358887483563363e-02,2.966661007526655847e-01,2.833134103400335446e-01,1.228794131132508044e-01,1.233505820553039423e-01
2.457893037851480514e-02,3.333333330000000094e-01,8.220804975926410824e-03,5.020295566293409006e-01,0.000000000000000000e+00,4.958764117501263113e-03,5.635163289050029167e-01,4.332665772814447980e-01,1.000000000000000000e+00,8.075632448947489550e-02,3.333333333333333703e-01,2.128654970760233966e-01,3.720012132370602298e-04,3.742505973074325976e-01,1.518987341772151667e-01,5.427909895232516102e-02,1.305227548450635933e-01,1.008562501826820550e-02,5.959939087015377751e-02,2.605995829428374155e-01,5.769230757384122277e-02,9.267474259235217171e-02,8.311526317841040623e-02,7.015130674002750810e-02,3.047611662930515761e-02
4.068996487686949576e-02,3.897058820000000035e-01,2.286621623083141038e-03,4.090019240280601265e-01,0.000000000000000000e+00,3.947241670037871311e-03,4.790984604561812077e-01,4.035884206536435315e-01,1.000000000000000000e+00,6.422322326925722358e-02,3.636363636363636465e-01,2.000000000000000111e-01,7.200404172904366698e-03,3.450644683856426420e-01,1.645569620253164445e-01,5.007676446583981394e-02,1.214032958179259020e-01,6.875270220995477292e-03,5.118683857235552248e-02,2.389408009829733781e-01,5.128204946556540883e-02,8.576926021724438909e-02,7.539986746878370172e-02,6.923429619440624183e-02,2.429327082256475812e-02
1.467380628580322241e-02,2.999999999999999889e-01,1.036460823275669947e-04,1.212348192297827421e-01,0.000000000000000000e+00,2.680504766858599845e-04,3.315295327254525470e-01,3.199764656630628146e-01,3.999999976000001567e-01,1.143736385676998035e-02,1.212121212121212155e-01,8.888888888888889228e-02,4.815607015865915053e-02,2.803360256417692931e-01,5.063291139240506944e-02,1.669257126353468346e-02,5.213674352896976311e-02,1.639631600336244376e-03,1.315834324873748316e-02,1.904756491647988104e-01,1.282051313642340942e-02,2.173475943661596493e-02,1.854722399074880401e-02,1.834021091242549195e-02,1.317380412146422486e-02
4.282984415191673500e-02,5.777777779999999641e-01,7.056286835026300648e-04,3.018963752915395093e-01,0.000000000000000000e+00,7.929728456197033528e-04,4.330474309369842234e-01,3.650481152729925238e-01,3.999999976000001567e-01,3.709343275985577115e-02,2.727272727272727071e-01,1.485380116959064412e-01,3.109122002095136492e-02,3.209251161533701602e-01,1.139240506329114028e-01,3.752376691846967538e-02,8.845265135416349733e-02,2.433181107681611430e-03,2.976608773962870907e-02,2.202134773960707226e-01,2.884615224685650736e-02,5.802482698011644097e-02,5.023452827982277658e-02,4.126547455295735689e-02,1.938424561797163007e-02
3.900680602108273776e-02,2.212962960000000034e-01,3.071632434369718154e-02,6.659005929421715209e-01,0.000000000000000000e+00,9.724272710516645990e-02,9.522443789063558262e-01,6.830134134405956292e-01,1.000000000000000000e+00,2.120521644643067471e-01,1.000000000000000000e+00,8.748538011695906613e-01,2.081898376067186363e-01,6.627454652688409276e-01,5.949367088607595555e-01,3.707783671743162812e-01,6.105327394670837515e-01,1.194798819629358383e-01,2.474046321551672811e-01,4.857989895499398858e-01,2.564102565682117585e-01,5.911950439249131772e-01,5.741772020321452841e-01,2.939018798716184766e-01,3.252025364686494946e-01
2.934522920048651326e-02,1.988636360000000103e-01,1.260073673789574231e-02,6.576145256369195780e-01,0.000000000000000000e+00,1.977010422839349871e-02,5.328066235558321928e-01,4.409406946023772811e-01,1.000000000000000000e+00,1.365987090402017989e-01,3.939393939393939226e-01,2.292397660818713545e-01,4.436704538741905596e-02,3.746684778522196835e-01,2.405063291139240556e-01,6.555678111795729124e-02,1.468145932057377812e-01,2.231246250738054548e-02,1.015917550851720974e-01,2.669586072852206393e-01,1.025641020112590396e-01,1.064723917190137092e-01,9.622805763808582602e-02,1.137093076570380584e-01,3.394334240419459581e-02
1.129995047022249550e-03,3.555555559999999948e-01,1.143074502870304154e-04,9.257446842648764385e-02,0.000000000000000000e+00,1.523390204818449861e-03,8.469655564273925741e-01,5.248836012061346423e-01,3.999999976000001567e-01,2.181861634287721868e-02,2.727272727272727071e-01,3.836257309941520366e-01,3.109122002095136492e-02,4.773570923890699813e-01,1.139240506329114028e-01,9.594985835629740722e-02,2.331610303321473843e-01,7.682971439647363031e-03,2.675637248619263525e-02,3.276345747470231218e-01,2.884615224685650736e-02,1.176788205020655870e-01,1.091914296480126778e-01,4.126547455295735689e-02,7.093930384213664730e-02
5.222298687172673842e-02,2.427409990000000128e-01,6.353361962366998669e-03,5.056093438719571065e-01,0.000000000000000000e+00,3.625925731044689349e-02,8.849806542384806018e-01,5.739606139293857989e-01,1.000000000000000000e+00,1.098658279919343950e-01,9.090909090909091717e-01,6.152046783625731985e-01,7.508382694580525984e-02,5.653454142925127268e-01,4.050632911392405000e-01,1.819466856703404745e-01,3.925306339551016266e-01,4.627545419970033325e-02,1.280487885353683852e-01,3.843715499139357950e-01,1.314102573382437411e-01,4.229111947776124092e-01,4.153619271598040785e-01,1.728564878496102741e-01,1.582097752537967861e-01
9.367757046021010781e-03,3.618233619999999817e-01,2.600868191463572530e-03,3.979507701095420513e-01,0.000000000000000000e+00,1.011377815725532023e-02,7.831110149084120620e-01,4.972194407200603017e-01,1.000000000000000000e+00,6.987701384757860623e-02,6.969696969696970168e-01,4.818713450292397282e-01,2.388921239454166665e-02,4.908557593674465203e-01,3.037974683544303889e-01,1.338297141152673120e-01,2.983802829217327979e-01,1.975347102601037949e-02,8.245648701736428554e-02,3.341805542849811128e-01,8.333333384668803467e-02,2.758750861354398176e-01,2.616426074867144180e-01,1.150848234754699717e-01,1.077604080829775851e-01
2.590397386672366187e-02,2.857142859999999840e-01,5.038727364157246681e-03,3.782784654783498124e-01,0.000000000000000000e+00,1.890526879974705615e-02,8.989691279525962031e-01,5.947172202327410950e-01,3.999999976000001567e-01,7.491461550294639671e-02,7.575757575757575690e-01,5.134502923976608235e-01,3.071517810488086711e-02,5.484989226162166887e-01,3.417721518987341667e-01,1.504798296017161030e-01,3.246281543420244109e-01,2.891454753134092143e-02,8.436184819927917966e-02,3.681081766905082708e-01,8.974358887483563363e-02,3.449911617548659937e-01,3.372139859412964791e-01,1.270059605685465165e-01,1.131883459812207948e-01
1.793470139574646766e-02,2.014414409999999989e-01,3.060525926820194600e-02,6.627879039873100231e-01,0.000000000000000000e+00,1.148520270589037939e-01,9.640141778727779887e-01,6.850245809360557825e-01,1.000000000000000000e+00,1.978708943515520013e-01,1.000000000000000000e+00,8.128654970760234022e-01,1.877120046138412435e-01,6.561331453867866870e-01,5.696202531645570000e-01,3.173730548245689009e-01,5.575516230699326670e-01,1.107567171948426465e-01,2.288856570968582915e-01,4.695348133571726756e-01,2.371794853235124900e-01,5.712295979680358515e-01,5.658498239413743969e-01,2.732691425951398467e-01,2.779220012624411540e-01
1.613719615343854955e-02,3.090909090000000248e-01,5.330683979731706259e-04,1.756251903612428555e-01,0.000000000000000000e+00,2.012247957073061422e-03,7.544305852431073545e-01,4.972194407200603017e-01,1.000000000000000000e+00,2.650814749016744409e-02,3.030303030303030942e-01,3.017543859649122751e-01,2.767823716578176121e-02,4.451861136932715457e-01,1.265822784810126389e-01,6.603573956434292958e-02,1.806481248737690226e-01,8.076484759158633620e-03,3.077913345703277292e-02,3.012454345552250667e-01,3.205128130099441086e-02,1.127746763471249858e-01,1.061146265088419166e-01,4.585052728106372988e-02,4.684758157897001701e-02
1.266190849717254568e-02,2.036290319999999876e-01,1.418580737594322440e-02,6.944195192392434990e-01,0.000000000000000000e+00,1.754378583944657746e-02,5.399767309721583697e-01,4.328196511713424677e-01,1.000000000000000000e+00,1.409234355203722588e-01,3.939393939393939226e-01,2.116959064327485485e-01,4.095406253224945226e-02,3.738546609975933466e-01,2.025316455696202500e-01,5.675312409029386468e-02,1.338065607664971901e-01,2.149716098876605294e-02,1.053824219944338586e-01,2.654492596571104701e-01,9.935897295712113608e-02,1.057500191412088508e-01,9.573691254239050097e-02,1.104997707473635987e-01,2.886988717226830412e-02
4.828926055190449484e-02,5.606060609999999889e-01,1.560670393851595764e-03,4.190244653109350126e-01,0.000000000000000000e+00,7.185621697827038017e-04,3.622662950837414741e-01,3.579736709605516598e-01,1.000000000000000000e+00,5.150761757513110800e-02,2.727272727272727071e-01,1.239766081871345182e-01,2.426525431061216098e-02,2.985620915815635490e-01,1.139240506329114028e-01,3.274807997505033152e-02,7.453816611622005039e-02,2.598691905801336910e-03,3.833709086078827821e-02,2.049865580903874052e-01,3.525641035513231436e-02,4.879709985718993365e-02,4.150305991190572641e-02,4.630903255387436301e-02,1.331413245152818572e-02
1.064369200371229410e-02,4.761904759999999737e-01,1.989389279033894451e-04,1.898174932095316181e-01,0.000000000000000000e+00,3.369554852854691465e-04,2.540653156200113894e-01,3.269123063084469205e-01,1.000000000000000000e+00,2.518466144503058585e-02,1.818181818181818232e-01,1.064327485380116983e-01,4.133016858646016561e-02,2.602926103164835414e-01,7.594936708860759722e-02,2.390032532169887591e-02,6.290019955930317708e-02,1.280359118309199037e-03,1.891650743770367099e-02,1.763380484033548190e-01,1.923076816457100491e-02,2.420580627765072171e-02,1.987318581656120561e-02,2.751031636863823793e-02,8.318558997474625669e-03
1.127139435857164307e-01,1.000000000000000000e+00,0.000000000000000000e+00,1.673892413939415680e-01,0.000000000000000000e+00,2.709994666628871035e-05,2.013041478394978212e-01,3.025152322601448729e-01,1.000000000000000000e+00,1.799690628784166718e-02,1.212121212121212155e-01,6.666666666666667962e-02,4.815607015865915053e-02,2.402939717710673717e-01,5.063291139240506944e-02,2.028069405850008514e-02,3.937948587859146921e-02,2.491866000956429730e-04,1.331160083551500596e-02,1.616232281046850461e-01,1.282051313642340942e-02,1.346908611546642799e-02,1.070579369307329484e-02,1.834021091242549195e-02,6.241942236713142467e-03
1.976174935449441505e-02,4.230769229999999936e-01,1.432503165217262949e-03,4.055270333387165360e-01,0.000000000000000000e+00,1.162488514661509740e-03,3.583430287616006793e-01,3.630737201789966395e-01,1.000000000000000000e+00,5.310504800162533373e-02,2.727272727272727071e-01,1.345029239766082074e-01,2.085227145544256075e-02,3.003535904173647575e-01,1.265822784810126389e-01,3.275698309753161813e-02,8.101372996526252923e-02,3.709376797193345530e-03,3.854001539720559866e-02,2.053650759960811700e-01,3.846153632914200982e-02,4.869390377464638542e-02,4.216571599339943160e-02,5.089408528198073600e-02,1.325017868688691848e-02
1.717146836501627638e-02,3.098039220000000094e-01,6.926679772162391141e-03,4.764985530400892011e-01,0.000000000000000000e+00,4.353104251635091237e-02,9.479964284747964820e-01,6.574028501439781458e-01,1.000000000000000000e+00,1.256111841698326348e-01,9.696969696969697239e-01,8.491228070175439457e-01,1.058006085041914568e-01,6.180850146963636771e-01,5.189873417721518889e-01,3.195193972573421859e-01,5.642803456868477063e-01,5.896706292106761171e-02,1.538627597165976024e-01,4.393764731274886759e-01,1.602564095851002623e-01,5.355327414538664232e-01,5.040344061432115996e-01,2.072443833104080646e-01,2.634797476959243601e-01
1.536021716834226961e-02,4.393939390000000111e-01,5.495550494568770357e-04,2.818790267285699591e-01,0.000000000000000000e+00,1.614052478159195983e-03,6.072675126491517972e-01,4.279147785452837027e-01,1.000000000000000000e+00,3.229097702821417254e-02,3.333333333333333703e-01,2.479532163742690087e-01,2.426525431061216098e-02,3.877233506182908851e-01,1.392405063291139167e-01,5.047921969615388332e-02,1.450535857396811623e-01,5.467343677094194457e-03,3.449031882749693800e-02,2.642026214338511481e-01,3.525641035513231436e-02,9.787582515254711346e-02,8.921949508205241630e-02,5.043558000917010287e-02,3.375430370813176789e-02
4.100894861629232266e-03,4.000000000000000222e-01,2.341104510686295708e-04,1.555612243500347769e-01,0.000000000000000000e+00,1.052052257111705993e-03,7.039151492194053450e-01,4.594117547224250142e-01,1.000000000000000000e+00,2.343265697167998263e-02,2.727272727272727071e-01,2.923976608187134341e-01,3.109122002095136492e-02,4.191896829995416240e-01,1.139240506329114028e-01,6.558679627618914376e-02,1.739203898690317995e-01,5.685000542681243642e-03,2.784556673147770001e-02,2.882519071996583748e-01,2.884615224685650736e-02,9.563480570840780792e-02,8.695347114847394587e-02,4.126547455295735689e-02,4.858012229028550732e-02
5.230185982762572405e-02,1.648351650000000057e-01,2.019977513086664359e-03,2.968636406188283061e-01,0.000000000000000000e+00,5.333357888369174606e-03,6.681998971833654766e-01,4.477973331522999700e-01,1.000000000000000000e+00,3.986076683849963664e-02,3.333333333333333703e-01,2.666666666666666630e-01,1.743928860027296052e-02,4.113776073914234832e-01,1.518987341772151667e-01,4.614601273431773176e-02,1.570806887588439005e-01,1.213435779029856283e-02,4.001866761699342245e-02,2.804253445114796572e-01,4.166666538327991332e-02,1.078905056275153984e-01,1.000012993256499810e-01,5.685465382851902921e-02,4.065459634302029390e-02
2.164544394776714634e-02,4.722222220000000248e-01,1.835513865185968917e-04,1.184339428908516290e-01,0.000000000000000000e+00,7.818953867330579116e-04,7.603560702399957405e-01,4.922353659985405638e-01,3.999999976000001567e-01,2.056045549637173370e-02,2.424242424242424032e-01,3.040935672514619714e-01,3.450420287612095821e-02,4.438708261024317814e-01,1.012658227848101250e-01,7.428484107849094020e-02,1.817762019073401736e-01,4.819962056790442692e-03,2.388752954239668075e-02,3.010910311277265605e-01,2.564102627284681191e-02,9.291941717515703192e-02,8.717110819484687190e-02,3.668042182485098390e-02,4.893426925928401339e-02
1.667960707854571414e-02,3.049242420000000120e-01,1.236390049378180769e-02,4.884404770952041064e-01,0.000000000000000000e+00,1.874317442535486031e-02,8.561108255093482500e-01,5.538630822061179071e-01,1.000000000000000000e+00,9.367410361617739545e-02,6.363636363636364646e-01,4.456140350877192957e-01,4.436704538741905596e-02,5.205481611473077308e-01,3.164556962025316111e-01,1.329346434353270712e-01,2.821193997287698707e-01,2.952733571178906696e-02,9.956183100389430496e-02,3.561430682486454447e-01,1.025641020112590396e-01,2.741134291392448019e-01,2.657055987942258390e-01,1.288399816597891046e-01,1.000932252006140888e-01
5.730749345182641064e-02,6.666666669999999906e-01,2.033353682990444642e-04,1.158969025643965534e-01,0.000000000000000000e+00,5.014746759145324775e-04,7.768067317838687202e-01,4.887702743221149504e-01,1.000000000000000000e+00,2.033299489013157269e-02,2.424242424242424032e-01,3.309941520467836185e-01,3.450420287612095821e-02,4.437651522697478867e-01,1.012658227848101250e-01,9.182797017999906608e-02,1.979264776140811088e-01,3.349084278114447706e-03,2.459545637413845104e-02,3.062568246211396228e-01,2.564102627284681191e-02,9.551396642465520559e-02,8.713017943687226263e-02,3.668042182485098390e-02,5.691219824305067398e-02
2.282554521554321439e-02,1.676767680000000038e-01,2.175882983287283703e-02,6.449290596434108513e-01,0.000000000000000000e+00,7.356660341866573527e-02,8.925295597824617344e-01,5.912096988623185556e-01,1.000000000000000000e+00,1.509854994173413789e-01,8.787878787878788955e-01,5.824561403508772273e-01,1.194524757867296422e-01,5.821364423174422154e-01,4.177215189873417778e-01,1.839496933564437886e-01,3.823344176759884139e-01,7.211586958799309777e-02,1.691146073487103108e-01,3.995059450594118933e-01,1.730769227215236405e-01,4.182557198925428987e-01,4.221535023322895985e-01,2.035763411279229440e-01,1.622589357556448175e-01
2.237691717264342003e-02,4.666666669999999795e-01,3.033543873001960607e-05,7.887163127733642920e-02,0.000000000000000000e+00,2.856293925858942664e-04,5.658973457074055746e-01,3.968307847230472252e-01,3.999999976000001567e-01,1.259883845103170613e-02,1.515151515151515194e-01,1.964912280701754388e-01,4.474308730348955376e-02,3.615733000473400072e-01,6.329113924050633333e-02,4.189191640799277278e-02,1.152511777498639450e-01,2.404146809262196118e-03,1.510452149696758957e-02,2.487952376014221367e-01,1.602563911043310141e-02,4.513996384808204726e-02,4.012057742031886060e-02,2.292526364053186494e-02,2.939432174425805552e-02
4.457558035641042554e-02,6.111111110000000401e-01,7.605841884483176545e-05,1.169498510229910471e-01,0.000000000000000000e+00,6.803246213181330651e-04,6.779945344841581401e-01,4.288029734729552622e-01,3.999999976000001567e-01,1.954661337188223075e-02,2.424242424242424032e-01,2.935672514619883100e-01,3.450420287612095821e-02,4.049453564918602533e-01,1.012658227848101250e-01,7.368114226937007294e-02,1.738722715757556603e-01,3.272744991813690812e-03,2.468597832021797445e-02,2.811896516563317516e-01,2.564102627284681191e-02,8.300859856390999103e-02,7.399789509244701635e-02,3.668042182485098390e-02,5.108261563073580869e-02
2.010805872094337948e-02,2.529644269999999917e-01,4.600171443589669458e-03,3.794453390390976621e-01,0.000000000000000000e+00,1.091957399439389548e-02,8.739413945182500365e-01,5.671888347674569619e-01,3.999999976000001567e-01,6.171793372554070650e-02,5.454545454545455252e-01,4.269005847953216137e-01,1.023728097386325704e-02,5.163272582358946483e-01,2.405063291139240556e-01,1.157720361548935789e-01,2.672064131905291240e-01,2.301574826755748565e-02,6.661538435632460842e-02,3.499278858794522828e-01,7.051282071026462872e-02,2.375577149058419046e-01,2.287027532710523559e-01,9.536909674461256647e-02,9.181742993092636973e-02
1.167666167525936577e-01,1.000000000000000000e+00,0.000000000000000000e+00,1.005112200025471969e-01,0.000000000000000000e+00,1.354997333314435687e-05,2.012500338212613871e-01,2.746021509026210783e-01,3.999999976000001567e-01,7.164203377796204975e-03,6.060606060606060774e-02,5.497076023391812838e-02,5.498203586899835793e-02,2.403587605495915991e-01,2.531645569620253472e-02,1.608468839122420557e-02,3.225243210466622462e-02,1.423062817394249240e-04,6.606955270196621446e-03,1.569351790636670518e-01,6.410255028147598087e-03,7.947429918208780489e-03,7.233345893481283283e-03,9.170105456212745976e-03,7.077376395836301910e-03
5.773832935217976942e-02,0.000000000000000000e+00,0.000000000000000000e+00,0.000000000000000000e+00,0.000000000000000000e+00,0.000000000000000000e+00,4.684379988636055980e-01,3.823368012536561000e-01,3.999999976000001567e-01,2.803901315069391720e-04,0.000000000000000000e+00,1.146198830409356773e-01,6.180800157933755840e-02,3.260304388326028535e-01,0.000000000000000000e+00,1.667643278019900754e-02,6.716912400131196115e-02,8.103765636840704707e-04,2.145333325419044278e-04,2.206091196496571816e-01,0.000000000000000000e+00,6.072923012393516805e-03,5.463664358198095337e-03,0.000000000000000000e+00,1.358048429531213790e-02
1.212343844849856495e-01,1.000000000000000000e+00,0.000000000000000000e+00,2.201004401581863057e-02,0.000000000000000000e+00,6.774986666572178434e-06,5.142725723098569013e-01,3.930658565423761353e-01,3.999999976000001567e-01,2.859062061541794986e-03,3.030303030303030387e-02,1.274853801169590628e-01,5.839501872416795469e-02,3.406054512908236465e-01,1.265822784810126563e-02,3.900133472788477884e-02,7.521002014721733797e-02,2.374048361872323903e-04,3.441227954711282080e-03,2.321371398036534139e-01,3.205125974009692853e-03,1.341349338712845111e-02,1.201096630848589621e-02,4.585052728106372988e-03,1.705945947634616641e-02
5.773832935217976942e-02,0.000000000000000000e+00,0.000000000000000000e+00,0.000000000000000000e+00,0.000000000000000000e+00,0.000000000000000000e+00,4.684379988636055980e-01,3.823368012536561000e-01,3.999999976000001567e-01,2.803901315069391720e-04,0.000000000000000000e+00,1.146198830409356773e-01,6.180800157933755840e-02,3.260304388326028535e-01,0.000000000000000000e+00,1.667643278019900754e-02,6.716912400131196115e-02,8.103765636840704707e-04,2.145333325419044278e-04,2.206091196496571816e-01,0.000000000000000000e+00,6.072923012393516805e-03,5.463664358198095337e-03,0.000000000000000000e+00,1.358048429531213790e-02
3.921443644469314871e-02,2.450592890000000135e-01,3.237384831946505878e-03,3.530772855000584021e-01,0.000000000000000000e+00,1.405004080354282231e-02,8.699910711869910385e-01,5.666287628066959403e-01,1.000000000000000000e+00,5.988907607732967681e-02,5.454545454545455252e-01,4.374269005847953307e-01,1.023728097386325704e-02,5.165649257314957055e-01,2.531645569620252778e-01,1.167820203136811091e-01,2.733030228842679432e-01,2.338489455797847227e-02,6.736719347763121812e-02,3.495126979784520249e-01,7.051282071026462872e-02,2.371276202650474951e-01,2.288755635825006907e-01,9.674461256304447976e-02,8.921652931942014586e-02
1.804611013879423020e-02,4.285714290000000037e-01,4.956986546101030313e-04,3.879215059979485014e-01,0.000000000000000000e+00,6.857727952734224940e-04,5.996915500960524614e-01,4.217313578067807267e-01,3.999999976000001567e-01,3.560223325409606066e-02,1.515151515151515194e-01,1.637426900584795508e-01,3.791718573129056885e-02,3.741976859262375887e-01,6.329113924050633333e-02,3.641917739417654259e-02,9.703861802368744793e-02,3.585474115937460540e-03,2.614869154110091576e-02,2.565984508050679902e-01,2.243589721870890841e-02,4.729310017676489897e-02,4.291542689344230582e-02,2.796882164144887106e-02,2.266515253017398202e-02
5.773832935217976942e-02,0.000000000000000000e+00,0.000000000000000000e+00,0.000000000000000000e+00,0.000000000000000000e+00,0.000000000000000000e+00,4.684379988636055980e-01,3.823368012536561000e-01,3.999999976000001567e-01,2.803901315069391720e-04,0.000000000000000000e+00,1.146198830409356773e-01,6.180800157933755840e-02,3.260304388326028535e-01,0.000000000000000000e+00,1.667643278019900754e-02,6.716912400131196115e-02,8.103765636840704707e-04,2.145333325419044278e-04,2.206091196496571816e-01,0.000000000000000000e+00,6.072923012393516805e-03,5.463664358198095337e-03,0.000000000000000000e+00,1.358048429531213790e-02
1.224058391040475507e-01,1.000000000000000000e+00,0.000000000000000000e+00,1.495176073352688650e-02,0.000000000000000000e+00,6.774986666572178434e-06,5.064260396655754226e-01,3.951533974870307109e-01,3.999999976000001567e-01,2.953888962780877592e-03,3.030303030303030387e-02,1.368421052631579038e-01,5.839501872416795469e-02,3.404108644987611232e-01,1.265822784810126563e-02,4.169108195049751886e-02,8.068429047006740740e-02,2.353493045614401809e-04,3.195153498686304980e-03,2.308481070651345335e-01,3.205125974009692853e-03,1.327035043392288047e-02,1.199797305198601997e-02,4.585052728106372988e-03,1.727299037472206436e-02
3.359051201019505606e-02,2.476190480000000083e-01,1.707236725541744953e-03,3.119562119335945183e-01,0.000000000000000000e+00,9.400562147066172936e-03,8.438540003787982080e-01,5.489384090561939544e-01,3.999999976000001567e-01,5.363335160042399102e-02,5.454545454545455252e-01,4.175438596491227727e-01,3.412149059346827971e-03,5.048227849427731062e-01,2.531645569620252778e-01,1.092370388908506657e-01,2.597790699676330028e-01,2.045385140762789183e-02,6.096885547276307410e-02,3.400603443623671507e-01,6.410256260198882172e-02,2.288166738238143205e-01,2.207164481634032172e-01,9.170105456212745976e-02,8.223964973917276267e-02
4.131374298346627422e-02,2.205882349999999936e-01,2.049301770525683089e-03,3.374196954462183040e-01,0.000000000000000000e+00,6.145012508369946010e-03,7.975324007684191363e-01,5.134586989358631559e-01,3.999999976000001567e-01,4.513401024452822624e-02,4.545454545454545858e-01,3.403508771929824595e-01,7.200404172904366698e-03,4.732408273877265481e-01,1.898734177215189722e-01,7.311682275825680255e-02,2.055287226376320553e-01,1.599075794526359437e-02,4.927301783674255253e-02,3.176765671212172237e-01,5.128204946556540883e-02,1.753501176768231529e-01,1.687408235125969769e-01,7.198532783127005452e-02,5.563496585999377214e-02
1.172286581864474542e-01,8.000000000000000444e-01,1.083722557528961410e-04,3.697091038899649185e-01,0.000000000000000000e+00,8.772256597620056934e-05,5.225790741091480562e-01,4.010454676600871959e-01,3.999999976000001567e-01,2.910280983884262068e-02,1.515151515151515194e-01,1.473684210526315930e-01,4.474308730348955376e-02,3.503761665043199081e-01,6.329113924050633333e-02,4.041076227253385944e-02,8.701410256467932702e-02,1.102306674550346949e-03,1.915772593892407782e-02,2.372732606060054539e-01,1.602563911043310141e-02,4.125912536326685476e-02,3.754011667944337494e-02,2.292526364053186494e-02,1.898903396067534721e-02
5.166422491219217067e-02,2.079772079999999967e-01,5.453542506588285668e-03,4.025970232483925271e-01,0.000000000000000000e+00,1.950097977994050963e-02,9.017289428826538167e-01,5.883046791466539638e-01,3.999999976000001567e-01,7.213203474606411092e-02,6.060606060606060774e-01,4.690058479532163704e-01,2.388921239454166665e-02,5.367046817586020868e-01,3.037974683544303889e-01,1.316892577101362038e-01,2.976852720509560180e-01,3.102326051605312773e-02,8.002911106436887134e-02,3.644826568281986368e-01,8.333333384668803467e-02,2.762276172690321663e-01,2.674466951652093027e-01,1.095827602017423047e-01,1.075675602499955724e-01
3.004948765280734263e-02,5.769230770000000064e-01,6.166007654906160160e-04,2.192341406512618995e-01,0.000000000000000000e+00,1.184492092782642994e-03,7.451500311155605516e-01,4.838540871109904273e-01,3.999999976000001567e-01,3.204554269559536234e-02,3.333333333333333703e-01,3.345029239766081908e-01,2.085227145544256075e-02,4.429462517452004144e-01,1.392405063291139167e-01,9.145554363734538506e-02,2.013967640099441347e-01,5.584437622098818894e-03,3.828286083320778937e-02,3.027530342734456315e-01,3.846153632914200982e-02,1.233379605125183437e-01,1.145797331185114953e-01,5.364511691884456257e-02,5.432475292814383655e-02
2.970179260547470192e-03,3.809523810000000066e-01,2.780748550251797347e-04,1.241113209724315491e-01,0.000000000000000000e+00,4.942946480250966310e-04,7.243702481127737292e-01,4.814129653830270250e-01,3.999999976000001567e-01,1.682365580388359150e-02,1.818181818181818232e-01,2.842105263157894690e-01,4.133016858646016561e-02,4.251569115301926383e-01,7.594936708860759722e-02,6.142357991863556937e-02,1.683980012529055770e-01,4.279645792555372349e-03,1.776913784910659488e-02,2.898047585594923370e-01,1.923076816457100491e-02,6.838704522984430378e-02,6.337136026402297173e-02,2.751031636863823793e-02,3.833503063724449239e-02
3.006478556976315691e-02,2.417582420000000121e-01,7.516616126653359077e-03,2.605202789208729830e-01,0.000000000000000000e+00,3.761481807197747992e-03,8.085175464704131842e-01,5.196647488444980922e-01,1.000000000000000000e+00,3.888535130144034346e-02,3.636363636363636465e-01,3.672514619883040510e-01,1.743928860027296052e-02,4.713060709402296933e-01,1.518987341772151667e-01,8.307180843981781804e-02,2.228741619182721123e-01,1.288181927374830449e-02,3.921969606525528562e-02,3.206265090128362361e-01,4.166666538327991332e-02,1.459096068895036347e-01,1.373991398464197156e-01,5.823016964695093556e-02,6.757721983756853623e-02
1.553281757921327715e-02,4.789473679999999844e-01,1.043055483869152408e-03,2.685157035177118123e-01,0.000000000000000000e+00,4.416737189253084131e-03,8.437187153332071921e-01,5.604906004084564408e-01,1.000000000000000000e+00,4.937023161687553036e-02,5.757575757575758013e-01,4.467836257309941161e-01,0.000000000000000000e+00,5.054780938851299865e-01,2.405063291139240556e-01,1.372385478282835414e-01,2.774072268170245104e-01,1.235962405146133827e-02,5.855302077261320681e-02,3.412742697280222726e-01,6.089743662797912627e-02,2.427657881684026908e-01,2.317113418135987590e-01,8.711600183402108677e-02,9.425457876070196528e-02
3.497408665893049495e-02,6.071428570000000358e-01,1.846504966175106397e-04,1.659421927791840390e-01,0.000000000000000000e+00,3.473053711725055553e-04,6.386536432262778229e-01,4.445868196398568006e-01,3.999999976000001567e-01,1.978200720907572624e-02,2.121212121212121271e-01,2.690058479532163593e-01,3.791718573129056885e-02,3.966820758482201281e-01,8.860759493670886111e-02,6.364326180610480055e-02,1.580630140379844506e-01,2.726406029418484370e-03,2.234869945145801645e-02,2.698074292086088399e-01,2.243589721870890841e-02,6.899823235097320151e-02,6.357860270519599677e-02,3.209536909674461092e-02,3.510256690337940771e-02
1.219565459343235903e-02,4.487179490000000048e-01,4.341484890709327638e-04,2.252978782987162809e-01,0.000000000000000000e+00,1.833645614261669591e-03,6.648177710435889676e-01,4.712666112251999717e-01,3.999999976000001567e-01,3.310326550379549815e-02,3.636363636363636465e-01,3.391812865497075835e-01,2.085227145544256075e-02,4.260346958210807777e-01,1.518987341772151667e-01,8.657882502739211450e-02,2.047314814660884941e-01,6.589081743408694951e-03,3.672179749107847696e-02,2.854829085008112055e-01,3.846153632914200982e-02,1.211991384791560461e-01,1.154574275950781548e-01,5.502063273727647585e-02,5.259649407037959162e-02
1.962611890959995234e-02,5.054945050000000384e-01,5.165817464894643246e-04,2.006175278829875896e-01,0.000000000000000000e+00,2.048787545506781070e-03,8.427446630049515441e-01,5.349252954521024339e-01,1.000000000000000000e+00,3.318148220272604254e-02,3.939393939393939226e-01,4.011695906432748426e-01,1.743928860027296052e-02,4.870094620807881025e-01,1.645569620253164445e-01,1.171092294619805046e-01,2.459650104167391271e-01,7.982472769897374157e-03,4.055853579642155343e-02,3.316938786146390039e-01,4.166666538327991332e-02,1.658560780828165215e-01,1.559567584423684206e-01,5.960568546538284884e-02,7.947476441310270812e-02
1.060689940488886013e-01,8.000000000000000444e-01,1.769567259251143766e-04,3.650595243514879185e-01,0.000000000000000000e+00,8.685310775057696476e-05,5.752049568440704697e-01,4.147502588211333663e-01,3.999999976000001567e-01,2.891142064209340640e-02,1.515151515151515194e-01,1.590643274853801303e-01,4.474308730348955376e-02,3.641304603811408303e-01,6.329113924050633333e-02,4.438082917311026582e-02,9.414115633860457855e-02,1.224977332305536093e-03,1.901948951612012634e-02,2.496621322224032435e-01,1.602563911043310141e-02,4.538963178971967133e-02,4.063900835466393441e-02,2.292526364053186494e-02,2.133224234901965125e-02
5.773832935217976942e-02,0.000000000000000000e+00,0.000000000000000000e+00,0.000000000000000000e+00,0.000000000000000000e+00,0.000000000000000000e+00,4.684379988636055980e-01,3.823368012536561000e-01,3.999999976000001567e-01,2.803901315069391720e-04,0.000000000000000000e+00,1.146198830409356773e-01,6.180800157933755840e-02,3.260304388326028535e-01,0.000000000000000000e+00,1.667643278019900754e-02,6.716912400131196115e-02,8.103765636840704707e-04,2.145333325419044278e-04,2.206091196496571816e-01,0.000000000000000000e+00,6.072923012393516805e-03,5.463664358198095337e-03,0.000000000000000000e+00,1.358048429531213790e-02
1.390503053153831995e-03,3.333333330000000094e-01,2.287429469005842347e-02,3.108996487874060577e-01,2.396166134185303415e-03,3.107097775147562148e-05,5.228496442003301992e-01,4.001997024264127845e-01,3.999999976000001567e-01,3.270858726386707827e-02,3.030303030303030387e-02,1.309941520467836351e-01,5.498203586899835793e-02,3.449117428971590904e-01,1.265822784810126563e-02,2.652090761496164739e-02,7.725194006053834328e-02,1.404913898618785758e-03,5.649324914050431537e-03,2.348630964427427803e-01,6.410255028147598087e-03,1.364052476872426242e-02,1.231890648753296985e-02,7.794589637780834426e-03,1.648655432215641661e-02
5.713012629871554171e-02,2.153846150000000015e-01,1.150901265884668977e-02,4.172438529281635722e-01,0.000000000000000000e+00,1.761900036609656550e-02,8.866581888038097548e-01,5.733948846760916762e-01,1.000000000000000000e+00,7.574487770490639926e-02,6.060606060606060774e-01,4.736842105263157632e-01,2.047622953937206294e-02,5.287107257977805563e-01,2.658227848101265556e-01,1.245212269847878611e-01,2.964725360890677619e-01,2.871480947485277602e-02,8.087762434694768798e-02,3.581597685844006285e-01,8.012820479255013117e-02,2.697751989853494625e-01,2.611573093564440451e-01,1.077487391104997722e-01,1.049547389582027035e-01
7.002327722175638591e-02,7.142857139999999605e-01,1.995335464669018097e-03,2.598863424337491956e-01,0.000000000000000000e+00,1.834570263086925991e-04,6.753429475905734503e-01,4.547388310902169550e-01,3.999999976000001567e-01,2.488840485161697424e-02,1.818181818181818232e-01,2.526315789473684292e-01,3.791718573129056885e-02,4.034111997789397996e-01,7.594936708860759722e-02,6.365478925577675029e-02,1.484174532420498016e-01,2.311062989668082740e-03,2.352668164841228288e-02,2.772121922442798980e-01,2.243589721870890841e-02,6.320693477674692307e-02,5.756402427140314831e-02,3.071985327831269763e-02,3.358387223486118678e-02
1.897623457515467543e-02,2.536231879999999994e-01,5.301579544312470804e-03,4.450899553757420857e-01,0.000000000000000000e+00,1.029917609421022659e-02,8.205579155280176007e-01,5.408145369788928125e-01,3.999999976000001567e-01,6.811298557106434948e-02,5.454545454545455252e-01,3.742690058479531956e-01,1.365026382903285901e-02,4.960652623271692985e-01,2.405063291139240556e-01,9.371313213242288276e-02,2.309807487454428043e-01,2.208784909971380286e-02,7.181830887669075902e-02,3.325991649416406015e-01,7.371794668427432418e-02,2.188549229524732187e-01,2.144212153892130213e-01,9.720311783585509902e-02,6.527161639985261388e-02
1.944110279801117974e-02,2.857142859999999840e-01,3.207159304226377388e-03,2.585392842246047596e-01,0.000000000000000000e+00,9.313375914101948688e-04,7.003977380340378200e-01,4.727035635285665727e-01,1.000000000000000000e+00,3.069515803925734754e-02,2.121212121212121271e-01,2.339181286549707750e-01,3.791718573129056885e-02,4.111477556660018129e-01,8.860759493670886111e-02,4.597162253202108362e-02,1.381976708607327853e-01,5.591967106014979552e-03,2.170803536153304014e-02,2.825201785789677733e-01,2.243589721870890841e-02,7.450823737762109211e-02,6.768966906175694076e-02,3.209536909674461092e-02,3.198324001678651274e-02
2.198382721956146715e-02,2.967032969999999770e-01,3.936330926047739397e-03,3.223984520602840020e-01,0.000000000000000000e+00,3.037601812170723919e-03,7.418490760031386522e-01,5.083360205472864379e-01,1.000000000000000000e+00,4.802914371556096101e-02,3.636363636363636465e-01,2.725146198830409316e-01,1.743928860027296052e-02,4.375720418514961185e-01,1.645569620253164445e-01,6.638591721730544015e-02,1.663139562527532755e-01,1.036045844218666002e-02,4.032407636190162709e-02,3.007369761715448786e-01,4.166666538327991332e-02,1.314554975216295774e-01,1.206092537972792145e-01,5.960568546538284884e-02,4.083926412297801678e-02
3.057510412560432086e-02,2.666666670000000239e-01,9.122613820984157729e-04,1.222745251163906421e-01,0.000000000000000000e+00,5.082384480134253439e-04,7.204469817906329343e-01,4.751107415013322566e-01,1.000000000000000000e+00,1.530555768692272445e-02,1.515151515151515194e-01,2.444444444444444642e-01,4.474308730348955376e-02,4.148081091491777617e-01,6.329113924050633333e-02,4.596957319747368986e-02,1.437695746447373024e-01,4.497396770239833579e-03,1.599094926530673227e-02,2.858763503776577397e-01,1.602563911043310141e-02,5.741164251545444186e-02,5.200161116380598580e-02,2.292526364053186494e-02,3.345543718122114679e-02
1.498037432450828252e-02,2.666666670000000239e-01,1.167683577984983097e-03,1.092680423008273172e-01,0.000000000000000000e+00,4.876723534335207066e-04,7.006683081252199630e-01,4.598813100026588607e-01,3.999999976000001567e-01,1.659978994291917004e-02,1.515151515151515194e-01,2.514619883040935533e-01,4.474308730348955376e-02,4.115662077158714904e-01,6.329113924050633333e-02,4.692353688268000728e-02,1.477368132709427906e-01,4.359276822138762053e-03,1.549484854297919663e-02,2.814688452994784096e-01,1.602563911043310141e-02,5.603547282114786782e-02,5.144420045996128676e-02,2.292526364053186494e-02,3.613719288970608512e-02
1.172286581864474542e-01,8.000000000000000444e-01,1.083722557528961410e-04,3.697091038899649185e-01,0.000000000000000000e+00,8.772256597620056934e-05,5.225790741091480562e-01,4.010454676600871959e-01,3.999999976000001567e-01,2.910280983884262068e-02,1.515151515151515194e-01,1.473684210526315930e-01,4.474308730348955376e-02,3.503761665043199081e-01,6.329113924050633333e-02,4.041076227253385944e-02,8.701410256467932702e-02,1.102306674550346949e-03,1.915772593892407782e-02,2.372732606060054539e-01,1.602563911043310141e-02,4.125912536326685476e-02,3.754011667944337494e-02,2.292526364053186494e-02,1.898903396067534721e-02
9.046013030277903766e-02,5.000000000000000000e-01,2.147331400247801201e-03,1.924310518153934946e-01,0.000000000000000000e+00,1.330523187877971712e-04,5.999891771963528075e-01,4.292470709367910420e-01,3.999999976000001567e-01,1.906789246654191222e-02,9.090909090909091161e-02,1.964912280701754388e-01,4.815607015865915053e-02,3.767362977236980992e-01,3.797468354430379861e-02,4.349321258964805592e-02,1.154552301045128071e-01,1.953782648286659426e-03,1.234472152717868733e-02,2.558587715937281071e-01,1.282051313642340942e-02,3.179038545401282473e-02,2.930758936112157903e-02,1.696469509399358214e-02,2.447183439209984004e-02
2.162554557027751914e-02,3.043478259999999880e-01,2.241602073431633695e-03,3.857465740333544391e-01,0.000000000000000000e+00,8.901008308731861440e-03,8.189344949809248542e-01,5.259330289709951423e-01,3.999999976000001567e-01,6.190535630681325702e-02,5.454545454545455252e-01,4.198830409356725246e-01,1.023728097386325704e-02,4.941535908959053813e-01,2.405063291139240556e-01,1.165970337553701025e-01,2.620148604364304634e-01,1.947232903431114076e-02,6.915849763916077919e-02,3.363421144673178209e-01,7.051282071026462872e-02,2.236365633707169398e-01,2.133349791458233335e-01,9.536909674461256647e-02,8.816798217082767730e-02
5.761505918076770955e-02,6.666666669999999906e-01,9.694151072419309942e-05,7.773730974661718918e-02,0.000000000000000000e+00,6.470143898989177674e-05,5.572391027895776672e-01,4.117207786697443250e-01,3.999999976000001567e-01,8.734611236355618868e-03,9.090909090909091161e-02,1.578947368421052821e-01,5.156905301382875423e-02,3.607045792941538931e-01,3.797468354430379861e-02,3.955721581876491671e-02,9.299411105798156829e-02,1.030454010805218141e-03,9.407744191993945918e-03,2.442541524840517453e-01,9.615384082285502454e-03,2.929503759999200693e-02,2.682327871834518096e-02,1.375515818431911896e-02,1.990035626665778018e-02
3.242116362607633251e-02,2.888888889999999821e-01,7.605841884483177358e-04,2.656977510771194595e-01,0.000000000000000000e+00,1.471734684150951752e-03,5.980951865580779181e-01,4.341632581479155650e-01,3.999999976000001567e-01,2.722362575677136215e-02,2.727272727272727071e-01,2.421052631578947401e-01,3.109122002095136492e-02,3.886471863044433928e-01,1.139240506329114028e-01,4.462948135960524698e-02,1.417961376385767358e-01,6.006954028679870224e-03,2.845260493875612084e-02,2.604070278504171942e-01,2.884615224685650736e-02,8.034846986840835092e-02,7.576627730208021494e-02,4.126547455295735689e-02,2.991160390807582822e-02
1.206251837412851587e-02,2.641729979999999922e-01,1.268467577614978449e-02,5.646274301755074276e-01,0.000000000000000000e+00,5.619763759399180880e-02,9.393381855569685746e-01,6.452679576608226775e-01,3.999999976000001567e-01,1.501708557638208041e-01,1.000000000000000000e+00,8.116959064327485818e-01,1.331044072074080431e-01,6.261013192312190334e-01,5.443037974683544444e-01,3.047100341676438062e-01,5.439573831401898207e-01,7.378384481013974816e-02,1.804509213360966646e-01,4.426214726173563485e-01,1.858974358579470465e-01,5.463067453620018554e-01,5.282109585125319695e-01,2.370472260430995237e-01,2.583640768134656818e-01
3.967115686395362301e-02,4.166666669999999906e-01,8.562067670538142184e-04,3.650625081903107194e-01,0.000000000000000000e+00,7.762982091410132370e-04,6.769393111285478826e-01,4.487166431889026974e-01,3.999999976000001567e-01,3.819615186236936105e-02,1.515151515151515194e-01,2.409356725146198919e-01,3.450420287612095821e-02,4.012730004901396974e-01,6.329113924050633333e-02,4.952721219416914011e-02,1.413487000683428252e-01,4.709607667790819373e-03,2.908327949080954933e-02,2.774164126968289845e-01,2.564102627284681191e-02,5.405011334924549743e-02,4.908202642828372181e-02,3.117835855112333771e-02,3.243250579331360267e-02
6.089790347590843351e-04,3.571428569999999802e-01,1.648665148370630944e-04,9.774070435494330855e-02,0.000000000000000000e+00,9.083843444380456126e-04,7.586244216564301812e-01,4.897574718691128925e-01,3.999999976000001567e-01,1.778184135496609780e-02,2.121212121212121271e-01,2.994152046783625787e-01,3.791718573129056885e-02,4.388532101532723884e-01,8.860759493670886111e-02,6.634837899747676737e-02,1.785289361131778552e-01,5.372409931348630895e-03,2.090344397537241550e-02,2.996484156331947202e-01,2.243589721870890841e-02,8.218868904357204408e-02,7.616646960227640983e-02,3.209536909674461092e-02,4.684776655504343384e-02
2.057852509456994938e-02,3.143939390000000111e-01,3.654046479343720736e-03,4.086960528287256755e-01,0.000000000000000000e+00,1.897184818584132793e-02,9.032711924023919536e-01,5.958911084333260444e-01,1.000000000000000000e+00,8.215430853153293800e-02,8.181818181818182323e-01,5.847953216374269791e-01,4.436704538741905596e-02,5.598159876304140692e-01,3.544303797468354444e-01,1.802847904897251774e-01,3.718315094790351494e-01,3.172341579746294077e-02,9.948601648829477617e-02,3.787468056283819773e-01,1.025641020112590396e-01,3.834719822635894171e-01,3.728882709873576062e-01,1.398441082072443553e-01,1.427415210667468959e-01
1.240860603163609042e-02,4.848484849999999957e-01,2.275157904751470557e-04,2.127083754329570642e-01,0.000000000000000000e+00,1.342554876536657203e-03,6.652236261803621264e-01,4.566029089798204765e-01,3.999999976000001567e-01,2.921734586073139461e-02,3.333333333333333703e-01,3.146198830409356328e-01,2.426525431061216098e-02,4.178011015282164786e-01,1.392405063291139167e-01,7.540258049184223044e-02,1.873772557375689707e-01,5.522603734744776366e-03,3.511851189499064219e-02,2.818921581314204894e-01,3.525641035513231436e-02,1.099317907183445936e-01,1.033067837792185917e-01,5.043558000917010287e-02,4.881876882885153451e-02
2.807616721997827774e-02,3.054187190000000052e-01,2.386981366214955755e-03,3.740670801491893238e-01,0.000000000000000000e+00,1.432868406083744398e-02,8.002110446711221403e-01,5.259330289709951423e-01,1.000000000000000000e+00,7.301733373776284064e-02,7.272727272727272929e-01,5.099415204678362512e-01,3.071517810488086711e-02,5.042788115934309090e-01,3.291139240506328889e-01,1.449935403030701841e-01,3.196128997554130713e-01,2.470421894357210935e-02,8.750820623244727481e-02,3.438820868476920034e-01,8.974358887483563363e-02,2.985732309361881498e-01,2.838175486922287494e-01,1.256304447501145893e-01,1.204587757390095659e-01
1.216884998241848093e-01,1.000000000000000000e+00,0.000000000000000000e+00,2.602064669636938721e-02,0.000000000000000000e+00,6.774986666572178434e-06,2.700830650179928960e-01,2.917748623863590796e-01,3.999999976000001567e-01,2.680192494890817206e-03,3.030303030303030387e-02,5.614035087719298350e-02,5.839501872416795469e-02,2.537588023255088476e-01,1.265822784810126563e-02,1.629986816903322353e-02,3.287477147555495360e-02,1.243075531685973955e-04,3.431032742221127099e-03,1.725424218939294874e-01,3.205125974009692853e-03,6.983378772898711333e-03,5.744318698595429762e-03,4.585052728106372988e-03,8.630736950705330396e-03
2.262850139388411508e-02,2.473684210000000050e-01,2.214080356554833182e-03,3.369280891797422628e-01,0.000000000000000000e+00,9.071398003898551235e-03,7.748586271273574244e-01,4.917375242556418780e-01,3.999999976000001567e-01,5.222817806781451105e-02,5.151515151515151381e-01,3.649122807017543546e-01,0.000000000000000000e+00,4.698106089003517560e-01,2.151898734177215000e-01,8.445438208614577946e-02,2.222999413484292863e-01,1.744560569998968719e-02,5.808110762150974632e-02,3.171809902350917754e-01,6.089743662797912627e-02,1.948588377457980969e-01,1.862947130439302212e-01,8.436497019715726020e-02,6.723652816516943742e-02
1.160585338210338643e-02,5.333333329999999650e-01,2.319122308708021019e-04,3.035239931331767393e-01,0.000000000000000000e+00,1.802848204394626890e-04,1.855569685326984020e-01,2.602609143316191309e-01,3.999999976000001567e-01,2.024386999864019598e-02,1.515151515151515194e-01,5.730994152046783863e-02,4.474308730348955376e-02,2.332769174808118073e-01,6.329113924050633333e-02,1.295382262410297268e-02,3.375946380131081281e-02,6.738412736070099884e-04,1.714711175808170812e-02,1.533857862178269471e-01,1.602563911043310141e-02,1.482228635914233962e-02,1.341163935917258875e-02,2.292526364053186494e-02,7.415101600095102413e-03
9.732689963546614989e-03,3.770161289999999776e-01,4.855714541587116857e-03,4.363989636932269489e-01,0.000000000000000000e+00,1.174553877036424269e-02,8.272951107984524155e-01,5.269824567358554201e-01,1.000000000000000000e+00,8.388995071604227194e-02,6.969696969696970168e-01,5.274853801169591128e-01,4.095406253224945226e-02,5.141577272776627350e-01,3.164556962025316111e-01,1.614735516563856055e-01,3.319504740227190442e-01,2.465722847635172174e-02,9.743591632181197726e-02,3.541231907317375360e-01,9.935897295712113608e-02,2.973824812998711598e-01,2.823642529527175538e-01,1.297569922054103708e-01,1.263911639423482003e-01
2.200965631123323607e-02,4.695459579999999855e-01,4.460078870382122411e-03,4.276263497504044220e-01,0.000000000000000000e+00,1.703688484649673943e-02,8.475878676371114695e-01,5.711319676629160735e-01,1.000000000000000000e+00,1.065658518288142842e-01,1.000000000000000000e+00,9.976608187134503591e-01,7.849680980097485661e-02,5.605343981904837847e-01,4.810126582278480556e-01,2.871213714650978632e-01,6.130593855305321860e-01,3.089516729263985101e-02,1.318096447373835467e-01,3.934708575961574639e-01,1.346153833122534227e-01,4.790987985978648056e-01,4.452243285734703848e-01,1.856946354883081129e-01,2.200719400723561148e-01
8.115323236116918360e-03,4.640522879999999795e-01,3.638054427404525124e-04,2.459532209727750551e-01,0.000000000000000000e+00,3.621702257879143034e-03,7.295651938634704070e-01,4.612928044896273949e-01,3.999999976000001567e-01,4.184246313929602251e-02,5.151515151515151381e-01,4.163742690058479523e-01,3.790564086605217094e-03,4.525012895927080780e-01,2.151898734177215000e-01,1.136448087873223878e-01,2.537056176214433911e-01,9.801142158514460773e-03,5.414696243513294344e-02,3.088591130065905799e-01,5.448717851970331927e-02,1.881357794133802219e-01,1.749048243961384141e-01,7.794589637780834079e-02,8.891671735924540354e-02
7.693311351630824357e-02,7.904761900000000230e-01,7.045295734037161813e-05,1.616027288092491410e-01,0.000000000000000000e+00,8.772475809088640334e-04,7.499391217294840706e-01,4.799533839095286858e-01,1.000000000000000000e+00,3.371635550840793027e-02,4.242424242424243097e-01,4.385964912280701511e-01,1.402636988324356890e-02,4.543020095074988829e-01,1.772151898734176945e-01,1.513477214080757860e-01,2.686200000187468073e-01,4.410154802351917008e-03,4.363685039641744534e-02,3.141305752116543837e-01,4.487179443741781681e-02,1.624509402494682120e-01,1.478528643633954254e-01,6.419073819348922183e-02,9.344024557587929380e-02
2.304503706751790879e-02,3.093971629999999751e-01,7.496205652116529755e-03,4.959585312488102304e-01,0.000000000000000000e+00,3.632732699035821217e-02,9.226169539219135629e-01,6.113383456945176153e-01,1.000000000000000000e+00,1.213987624903453411e-01,9.696969696969697239e-01,8.035087719298246167e-01,9.556165993868265263e-02,5.968007885881014829e-01,4.683544303797468333e-01,2.655343257094743281e-01,5.187585152924819587e-01,5.141098738063151763e-02,1.467448810759013622e-01,4.169387779821605577e-01,1.506410255028147460e-01,5.000169774200313721e-01,4.779861751750841825e-01,1.976157725813846855e-01,2.223502972195547656e-01
8.167652089008158034e-02,8.222222219999999471e-01,2.033353682990444980e-05,1.259240342787559253e-01,0.000000000000000000e+00,3.363051471338589834e-04,5.951189155550745680e-01,4.078540192234800799e-01,1.000000000000000000e+00,2.160888154954842405e-02,2.727272727272727071e-01,2.947368421052631304e-01,3.109122002095136492e-02,3.805018380292882751e-01,1.139240506329114028e-01,8.463140204354298313e-02,1.748735651019480974e-01,2.092288582902653970e-03,2.921559606326526448e-02,2.639850478985794058e-01,2.884615224685650736e-02,8.216938138941873304e-02,7.237503735561243157e-02,4.126547455295735689e-02,5.326897801075689692e-02
3.070386159331574272e-02,2.538461539999999905e-01,8.180247813276494626e-03,5.130023148951893264e-01,0.000000000000000000e+00,2.907346411738236450e-02,8.609269731323899721e-01,5.660686908459349187e-01,1.000000000000000000e+00,1.084930071668064600e-01,8.484848484848485084e-01,5.660818713450292972e-01,6.825786123546605244e-02,5.490601464832649548e-01,3.924050632911392222e-01,1.731866165343689257e-01,3.630692446420238917e-01,4.204325029855671830e-02,1.208688163052916986e-01,3.745775898447346042e-01,1.249999992299679480e-01,3.825818328290040427e-01,3.733579772098281069e-01,1.623108665749655732e-01,1.397324878766681711e-01
9.626020249121033934e-02,9.047619049999999774e-01,3.846885346198138328e-06,1.181070896963998251e-01,0.000000000000000000e+00,8.212380669576877803e-05,5.751237858167158601e-01,3.926500455412049728e-01,3.999999976000001567e-01,1.486687480655002336e-02,1.818181818181818232e-01,2.058479532163742798e-01,4.133016858646016561e-02,3.617022953601571889e-01,7.594936708860759722e-02,5.476069179093558115e-02,1.201132910087674421e-01,1.168603768262350268e-03,1.975523630882071446e-02,2.516948413168142440e-01,1.923076816457100491e-02,5.348519801996677592e-02,4.647687850005847304e-02,2.751031636863823793e-02,3.270766797896457884e-02
1.792583303809092490e-02,1.871794870000000055e-01,3.673702964352694444e-02,6.590661518444261846e-01,0.000000000000000000e+00,2.951533400516585456e-02,7.672826645742580887e-01,5.301477119080351130e-01,1.000000000000000000e+00,1.560760305979759788e-01,4.242424242424243097e-01,3.216374269005847775e-01,6.825786123546605244e-02,4.669421522505958766e-01,2.911392405063291111e-01,1.049591781905569038e-01,2.121578365690370005e-01,4.017125954344553940e-02,1.260282646798157602e-01,3.362861229337648639e-01,1.249999992299679480e-01,1.667452288456353071e-01,1.547815183919545867e-01,1.416781292984869434e-01,7.041180688848704128e-02
4.050810811769552100e-02,1.471471470000000059e-01,3.284890568641755937e-02,6.397181239069223979e-01,0.000000000000000000e+00,4.601817922687261031e-02,7.904705213885657722e-01,5.386647658163756791e-01,1.000000000000000000e+00,1.395435491614265278e-01,4.545454545454545858e-01,3.298245614035087425e-01,5.801897680809745689e-02,4.800361757995982304e-01,2.658227848101265556e-01,8.999797279131326044e-02,2.108298957735445511e-01,4.076580119068799052e-02,1.168485275587269889e-01,3.360925520922108389e-01,1.153846151476824317e-01,1.794726347291435709e-01,1.724413029637618389e-01,1.348005502063273631e-01,6.528766136147980126e-02
7.159408507149447876e-02,5.333333329999999650e-01,1.865222811159607729e-03,4.239788410964460685e-01,0.000000000000000000e+00,1.431258181452726898e-03,4.469817906328634738e-01,3.926500455412049728e-01,1.000000000000000000e+00,6.450150613629218599e-02,3.636363636363636465e-01,1.754385964912280882e-01,1.061338702807396867e-02,3.297634932128837848e-01,1.772151898734176945e-01,5.007233429615882969e-02,1.070807058706847309e-01,4.583241070961628118e-03,4.853556099549215241e-02,2.300506030860084983e-01,4.807692349155572031e-02,7.981451336389268347e-02,6.793394228395462087e-02,6.464924346629985497e-02,1.874092623850250397e-02
1.126295833335180935e-01,2.087912090000000054e-01,5.676694829970745267e-03,3.707900688035183356e-01,0.000000000000000000e+00,4.166806034804468664e-03,6.047512108011581233e-01,4.112908244372408539e-01,3.999999976000001567e-01,4.635076954199599669e-02,3.333333333333333703e-01,2.596491228070175183e-01,1.743928860027296052e-02,3.880037480727760446e-01,1.392405063291139167e-01,4.470714576107080729e-02,1.520931883593941436e-01,1.006000604642551081e-02,4.327653369703508140e-02,2.648220598810486215e-01,4.166666538327991332e-02,9.793574545854014102e-02,9.006145810324441003e-02,5.685465382851902921e-02,3.838109653049011361e-02
8.777080084373554969e-02,7.454545449999999684e-01,4.418422597633290812e-04,3.961272390014851652e-01,0.000000000000000000e+00,6.597674088812479926e-04,2.594496604345355451e-01,3.250793435277743448e-01,3.999999976000001567e-01,4.561335093353676567e-02,2.727272727272727071e-01,1.134502923976608291e-01,2.767823716578176121e-02,2.703468372363222461e-01,1.139240506329114028e-01,2.922826045429163105e-02,6.686743818550865137e-02,1.183817825746500026e-03,3.478430334485916459e-02,1.797748000163030269e-01,3.205128130099441086e-02,3.535830678530887256e-02,3.130985018775255674e-02,4.447501146263181659e-02,8.940243027320063374e-03
3.983427921758027346e-02,4.333333329999999872e-01,2.251461091018890082e-03,4.767820340684644220e-01,0.000000000000000000e+00,3.388753709123122626e-03,4.591845017451771094e-01,3.897421971792740525e-01,1.000000000000000000e+00,6.442725605283830537e-02,3.636363636363636465e-01,1.602339181286549785e-01,1.061338702807396867e-02,3.366865854214792231e-01,1.518987341772151667e-01,3.947114390764130953e-02,9.659996690133301755e-02,5.669106967029847836e-03,5.095097480954664804e-02,2.312295394521351466e-01,4.807692349155572031e-02,8.053289125463133913e-02,7.110104855579953143e-02,6.464924346629985497e-02,1.915562889316401590e-02
6.255218474207933921e-02,6.888888890000000043e-01,7.792690601298515873e-04,3.166691156165390431e-01,0.000000000000000000e+00,5.197287137481515192e-04,3.785005005546687173e-01,3.630737201789966395e-01,3.999999976000001567e-01,3.750025875968149291e-02,2.727272727272727071e-01,1.263157894736842146e-01,3.109122002095136492e-02,3.057775666413382609e-01,1.139240506329114028e-01,3.436301507408579675e-02,7.531643954848149525e-02,1.758478899207830326e-03,3.049000676134842880e-02,2.075565517429212581e-01,2.884615224685650736e-02,5.067460277830485027e-02,4.393929550563258069e-02,4.126547455295735689e-02,1.439123442508312943e-02
6.491565748451695594e-02,4.640522879999999795e-01,4.025556683877559196e-03,4.767454320009959501e-01,0.000000000000000000e+00,2.093866893523933879e-03,4.504721448091127955e-01,3.955720371344682018e-01,1.000000000000000000e+00,7.493655584480171661e-02,3.636363636363636465e-01,1.766081871345029364e-01,3.790564086605217094e-03,3.322623101824195846e-01,1.898734177215189722e-01,5.024412652002859664e-02,1.086358558606054514e-01,5.990850478331830563e-03,5.523646757902986315e-02,2.325298923589372291e-01,5.448717851970331927e-02,8.077523560331426045e-02,6.916700232579291174e-02,6.969280146721686109e-02,1.929819748900598458e-02
3.311871538292016082e-02,3.116883120000000229e-01,2.779437311903793298e-02,5.614375173943709774e-01,1.757188498402555837e-02,5.952048220235900411e-03,4.928434210882329247e-01,4.108608702047373828e-01,1.000000000000000000e+00,1.032470342421799858e-01,3.636363636363636465e-01,1.824561403508772051e-01,6.824298118693655074e-03,3.528176470567656597e-01,1.898734177215189722e-01,4.746810007671481424e-02,1.127386639342993629e-01,1.081504677878163991e-02,6.841158510925569869e-02,2.451371571199633670e-01,6.730769165612672522e-02,8.800661786490633631e-02,7.901459142704936323e-02,8.115543328748280050e-02,2.311116409800213420e-02
2.451463478551211758e-02,4.166666669999999906e-01,2.093859693935646790e-03,4.860959681955485112e-01,0.000000000000000000e+00,2.767905291296090739e-03,3.328823831813631506e-01,3.583640241453245334e-01,3.999999976000001567e-01,6.758889650120963877e-02,3.636363636363636465e-01,1.426900584795321725e-01,1.061338702807396867e-02,2.994747507518190632e-01,1.518987341772151667e-01,3.542845383205435461e-02,8.633206622673987585e-02,4.316541141718004647e-03,5.075356718010908680e-02,2.019199183421137023e-01,4.807692349155572031e-02,5.972157031148572076e-02,5.331457973311851811e-02,6.464924346629985497e-02,1.275220939532664514e-02
7.614687818290898080e-02,2.159090909999999974e-01,5.182139249863512362e-03,4.218779647083775730e-01,0.000000000000000000e+00,2.655972913440707295e-02,8.712356936064288293e-01,5.621595017056737476e-01,1.000000000000000000e+00,8.420802369457758285e-02,8.181818181818182323e-01,5.380116959064328297e-01,4.436704538741905596e-02,5.445874763842963873e-01,3.924050632911392222e-01,1.423664865694412029e-01,3.372308742978624152e-01,3.634385879499986427e-02,9.894141756298356627e-02,3.646893145122002688e-01,1.025641020112590396e-01,3.620058655321755081e-01,3.569533412159089925e-01,1.412196240256762825e-01,1.259857511971514687e-01
5.651338745100786126e-02,4.705882350000000214e-01,3.796051504123377530e-03,4.892125998093356798e-01,0.000000000000000000e+00,2.110388067747143333e-03,4.558294326145188036e-01,3.951533974870307109e-01,1.000000000000000000e+00,7.250551638453908709e-02,3.636363636363636465e-01,1.672514619883040954e-01,7.200404172904366698e-03,3.352232370839585140e-01,1.645569620253164445e-01,4.532698731408695003e-02,1.019664219638562463e-01,5.569219928061629535e-03,5.389274683843380681e-02,2.321120739190508098e-01,5.128204946556540883e-02,8.078821833627941595e-02,7.044229045125580124e-02,6.510774873911048810e-02,1.904010105886881285e-02
7.456736825722139368e-03,3.630769229999999959e-01,3.971282627193197141e-03,3.837058471206363230e-01,0.000000000000000000e+00,9.207889595277980038e-03,7.643063935712547385e-01,5.119170867206372932e-01,1.000000000000000000e+00,7.036218050306849991e-02,6.060606060606060774e-01,4.210526315789473450e-01,2.047622953937206294e-02,4.769795466690325281e-01,2.911392405063291111e-01,1.225140961851670235e-01,2.629578533624046810e-01,1.859516874443731954e-02,7.781144385554580878e-02,3.266172639298940417e-01,8.012820479255013117e-02,2.332557698261312484e-01,2.199966217533100565e-01,1.104997707473635987e-01,8.958330261817053219e-02
5.081452539432042975e-02,2.137049940000000092e-01,1.837517542896289005e-02,5.293291181959809411e-01,0.000000000000000000e+00,3.800987286964482847e-02,9.129576016667118044e-01,6.035680544005250781e-01,1.000000000000000000e+00,1.158891335932540900e-01,8.484848484848485084e-01,5.964912280701755165e-01,7.508382694580525984e-02,5.740497416486656235e-01,3.797468354430379445e-01,1.749495940832532792e-01,3.818152962180443866e-01,4.994524297703654969e-02,1.315089308084552988e-01,3.900085656810955981e-01,1.314102573382437411e-01,4.043898281951670559e-01,4.002241336746228950e-01,1.687299403943144926e-01,1.564524888544379932e-01
2.061172600854288637e-03,3.418803420000000037e-01,2.830263460207861799e-03,3.958870274293033731e-01,0.000000000000000000e+00,1.270901018654136544e-02,7.986417381422658002e-01,5.124319003411348383e-01,1.000000000000000000e+00,6.969640888665656897e-02,6.666666666666667407e-01,4.502923976608186885e-01,2.388921239454166665e-02,4.962148747795480652e-01,2.784810126582278333e-01,1.242879315980497251e-01,2.793033949759149426e-01,2.082803061807624034e-02,8.194854377921383104e-02,3.358828174212026840e-01,8.333333384668803467e-02,2.663617388872798752e-01,2.559541597910684474e-01,1.137093076570380584e-01,9.784746494813023610e-02
7.202214961008047631e-03,4.411764710000000145e-01,7.495930874591802016e-04,2.598518173235211393e-01,0.000000000000000000e+00,4.025319848052089783e-03,7.156308341675912121e-01,4.645966633288640679e-01,1.000000000000000000e+00,4.132866247833392320e-02,4.848484848484848619e-01,3.578947368421052655e-01,7.200404172904366698e-03,4.391478098281900166e-01,2.025316455696202500e-01,8.938346464123392288e-02,2.155634204035823398e-01,9.281736486031828132e-03,5.025391932933648276e-02,3.003753231002846413e-01,5.128204946556540883e-02,1.698437744466526345e-01,1.564608967945636253e-01,7.336084364970196781e-02,6.931692665898736561e-02
8.037447970454180204e-03,2.800000000000000266e-01,2.326299497653927604e-03,4.132820654539202665e-01,0.000000000000000000e+00,1.187305849080065069e-02,7.831921859357667826e-01,4.977201111092255381e-01,1.000000000000000000e+00,6.554980823273523494e-02,6.060606060606060774e-01,4.093567251461988077e-01,1.706324668420246271e-02,4.824503669590315402e-01,2.784810126582278333e-01,1.022986181681859591e-01,2.516040007410716428e-01,2.112485456646900212e-02,7.443299539083078620e-02,3.265694139673000485e-01,7.692307573841222768e-02,2.342554402644482781e-01,2.248262151943141718e-01,1.059147180192572257e-01,8.369866564563527289e-02
2.038924108585944694e-02,4.615384619999999827e-01,1.768050487314642809e-03,3.557745730859911415e-01,0.000000000000000000e+00,7.237100160315493302e-03,8.337346789685868842e-01,5.343906813077397011e-01,1.000000000000000000e+00,6.710930789873381652e-02,6.969696969696970168e-01,5.040935672514620380e-01,2.388921239454166665e-02,5.136470230009946292e-01,3.037974683544303889e-01,1.591295837582820116e-01,3.153934899735128528e-01,1.748991349720566482e-02,8.160727015073072910e-02,3.492612089017813060e-01,8.333333384668803467e-02,2.955449252494182222e-01,2.818341280875226174e-01,1.150848234754699717e-01,1.164435823250127705e-01
2.382584053185314230e-02,3.333333330000000094e-01,9.347931391261476639e-03,3.344548795442241484e-01,0.000000000000000000e+00,9.930029983753617569e-04,6.058064341567683808e-01,4.164870476287458878e-01,1.000000000000000000e+00,3.592799155011738854e-02,2.121212121212121271e-01,1.812865497076023569e-01,3.450420287612095821e-02,3.725743122144505870e-01,8.860759493670886111e-02,3.842752198526756119e-02,1.077729240077965750e-01,4.989137710960237990e-03,2.554247786953734584e-02,2.599564707077936521e-01,2.564102627284681191e-02,6.416732412557964171e-02,5.595935709366838678e-02,3.392939018798716427e-02,2.792540619238509381e-02
3.475287656266004457e-05,4.311594200000000154e-01,3.280535894429859392e-03,3.337020785432911474e-01,0.000000000000000000e+00,8.373402705854472369e-03,7.975865147866555427e-01,5.207028620242923900e-01,1.000000000000000000e+00,5.990804145757749194e-02,6.666666666666667407e-01,4.538011695906432608e-01,1.365026382903285901e-02,4.916146641171823539e-01,2.911392405063291111e-01,1.292573620829152725e-01,2.797420466060391298e-01,1.543511076423516488e-02,7.184868053491964834e-02,3.328883443653096186e-01,7.371794668427432418e-02,2.650754496519628356e-01,2.518301001780076098e-01,1.054562127464465787e-01,9.776477379234876919e-02
4.328822738823762811e-02,6.428571429999999642e-01,1.241994411772542016e-04,2.046097338228675122e-01,0.000000000000000000e+00,3.337168907121446809e-04,5.428988879569253134e-01,3.872614744035800527e-01,3.999999976000001567e-01,1.944261367235335103e-02,2.121212121212121271e-01,1.824561403508772051e-01,3.791718573129056885e-02,3.576250810447725303e-01,8.860759493670886111e-02,4.411569694841829120e-02,1.072584004050044643e-01,2.139626303991876317e-03,2.284694974012275309e-02,2.442468659267414410e-01,2.243589721870890841e-02,5.767995233006767419e-02,5.184309343450749230e-02,3.209536909674461092e-02,2.719078399327224185e-02
2.588152583640806331e-02,3.057471259999999802e-01,2.831406534710732576e-03,3.959052981169357555e-01,0.000000000000000000e+00,1.500420910612882200e-02,8.482913498741849745e-01,5.473034515141743661e-01,1.000000000000000000e+00,7.544329097194599210e-02,7.575757575757575690e-01,5.333333333333333259e-01,3.412809682191025179e-02,5.265848778472377312e-01,3.417721518987341667e-01,1.523352870079173471e-01,3.345374644596586511e-01,2.696000227275242508e-02,8.985941790273128948e-02,3.573045917219004886e-01,9.294871792897353713e-02,3.285982975975285658e-01,3.158465756272494929e-01,1.274644658413571774e-01,1.300514636320871664e-01
1.817575444227120460e-02,2.971014490000000174e-01,2.750292209410897144e-03,3.895198445199263837e-01,0.000000000000000000e+00,1.057052123424281724e-02,7.807029410968912009e-01,5.093571618494820985e-01,1.000000000000000000e+00,6.412666097374708496e-02,6.060606060606060774e-01,4.023391812865497186e-01,1.365026382903285901e-02,4.802154418787427659e-01,2.658227848101265556e-01,1.042955333078553343e-01,2.482780697328067498e-01,1.966052692095649271e-02,7.082089375368297302e-02,3.257314566902377861e-01,7.371794668427432418e-02,2.338010446106678075e-01,2.226024193443602861e-01,1.013296652911508527e-01,7.963443301928689599e-02
5.978935876896553526e-04,3.250000000000000111e-01,3.182627166818622656e-03,3.964084901749528878e-01,0.000000000000000000e+00,3.814485922158662203e-03,5.902757109229146426e-01,4.436731668957869523e-01,1.000000000000000000e+00,5.989874470255405342e-02,3.636363636363636465e-01,2.257309941520467822e-01,1.061338702807396867e-02,3.813058720258646339e-01,1.772151898734176945e-01,5.393884592866464434e-02,1.369603822000023674e-01,8.952651035305330546e-03,4.659272860404500838e-02,2.648127301420544755e-01,4.807692349155572031e-02,1.046807745698221243e-01,9.297519587334172886e-02,6.602475928473176825e-02,2.915760717801434143e-02
1.219580424696779797e-01,1.000000000000000000e+00,0.000000000000000000e+00,2.188596055606917279e-02,0.000000000000000000e+00,6.774986666572178434e-06,4.026894667063503075e-01,3.456294586536774460e-01,3.999999976000001567e-01,2.597389396815381196e-03,3.030303030303030387e-02,9.941520467836258146e-02,5.839501872416795469e-02,3.006779218311592672e-01,1.265822784810126563e-02,2.856511550414733355e-02,5.814590206849627047e-02,1.866689594312587197e-04,3.309558468698377623e-03,2.056161717310691084e-01,3.205125974009692853e-03,1.047406948758151587e-02,9.013422033964371347e-03,4.585052728106372988e-03,1.367983699963218683e-02
7.136699968827722729e-03,3.308823530000000179e-01,5.021130611473636866e-03,3.403398944083809718e-01,0.000000000000000000e+00,4.392559491488199838e-03,7.043480613652967071e-01,4.902524849657450279e-01,1.000000000000000000e+00,6.091915653392678681e-02,3.939393939393939226e-01,2.619883040935672147e-01,7.200404172904366698e-03,4.254763455881677148e-01,1.898734177215189722e-01,7.050262574737720112e-02,1.620246677046299488e-01,1.132758595716462126e-02,4.828208283844717674e-02,2.949369654173780719e-01,5.128204946556540883e-02,1.355723554339395287e-01,1.229772747943817107e-01,7.060981201283814124e-02,3.910360622227723043e-02
2.168202592309625976e-02,2.952380949999999782e-01,2.887922775996877231e-03,3.045184273044476697e-01,0.000000000000000000e+00,3.758602064562689606e-03,7.447171189696691895e-01,4.992277795692539044e-01,1.000000000000000000e+00,4.898113142996116803e-02,3.636363636363636465e-01,2.935672514619883100e-01,1.402636988324356890e-02,4.369815679875788117e-01,1.645569620253164445e-01,7.348748046934196199e-02,1.800229932769851771e-01,1.124213548661965462e-02,4.322701048676303587e-02,3.038428297134963540e-01,4.487179443741781681e-02,1.332514422484762096e-01,1.203558852955316227e-01,6.281522237505730855e-02,5.148192416550990969e-02
9.063300784982677993e-02,2.113821140000000098e-01,1.775329893499748637e-02,5.609282940486101099e-01,0.000000000000000000e+00,3.707552750054655261e-02,8.861441056305636721e-01,5.871449341774013231e-01,1.000000000000000000e+00,1.181367170877208606e-01,7.878787878787879562e-01,5.426900584795322224e-01,7.508382694580525984e-02,5.577668982529302433e-01,3.544303797468354444e-01,1.637316924641578075e-01,3.496604970667628320e-01,4.883918601849168012e-02,1.276663722539126133e-01,3.807563397814193729e-01,1.314102573382437411e-01,3.630880928365273763e-01,3.585346205319439594e-01,1.646033929390187667e-01,1.366413390119252669e-01
7.199399257452412937e-02,2.200000000000000011e-01,2.410393510431918171e-02,6.089243114215340258e-01,0.000000000000000000e+00,8.275854096908792645e-03,5.213073946805920622e-01,4.328196511713424677e-01,1.000000000000000000e+00,1.247614607606902515e-01,3.939393939393939226e-01,2.140350877192982448e-01,1.706324668420246271e-02,3.622641965027729727e-01,2.025316455696202500e-01,5.188307212642172955e-02,1.322819571896331758e-01,1.577903748035161882e-02,7.473323674893017632e-02,2.554590373120870228e-01,7.692307573841222768e-02,1.013318952459894978e-01,8.958850356664890824e-02,9.215955983493810677e-02,2.455473792781746184e-02
1.530063289034408469e-01,1.666666669999999906e-01,2.343221396736804019e-02,5.423202067842205487e-01,0.000000000000000000e+00,3.213497091852217293e-03,3.577748315701182458e-01,3.634669020100360637e-01,1.000000000000000000e+00,7.653621749250155704e-02,2.121212121212121271e-01,1.157894736842105393e-01,2.085227145544256075e-02,2.945335362483624264e-01,1.012658227848101250e-01,2.205592722542449452e-02,6.930728100895500177e-02,6.082600829994505923e-03,3.993557923449873870e-02,2.040193517811589863e-01,3.846153632914200982e-02,3.828441506130179917e-02,3.232722217169289175e-02,4.814305364511691637e-02,1.076407285634791051e-02
1.216345136969566865e-02,2.549019610000000102e-01,2.767787843965406613e-02,4.574708001958812664e-01,1.437699680511182049e-02,5.430939786889339357e-03,6.001244622419438235e-01,4.373171987350294998e-01,1.000000000000000000e+00,8.566885380059405253e-02,3.636363636363636465e-01,2.152046783625731208e-01,3.790564086605217094e-03,3.788241702202339578e-01,1.772151898734176945e-01,5.073918064511262482e-02,1.315342306781981663e-01,1.186779672638924206e-02,5.194383700882417021e-02,2.681008555998518061e-01,5.448717851970331927e-02,1.061910991714353214e-01,9.178436391512805048e-02,6.969280146721686109e-02,3.005583728857851716e-02
1.005899009803525902e-02,4.269005849999999991e-01,8.485129963614181179e-04,3.120079677938875640e-01,0.000000000000000000e+00,5.309592747997362097e-03,7.530236207689602335e-01,4.741461731244660527e-01,3.999999976000001567e-01,4.775098480525965389e-02,5.454545454545455252e-01,3.719298245614034992e-01,3.720012132370602298e-04,4.592612802687644491e-01,2.278481012658227778e-01,9.571190222936686032e-02,2.254801206022636062e-01,1.134676801577965202e-02,5.586638192347678084e-02,3.115918162875390141e-01,5.769230757384122277e-02,2.003545284771254265e-01,1.880923300806881526e-01,8.253094910591471378e-02,6.725292937701209117e-02
8.220025283687674642e-03,3.308823530000000179e-01,7.439865268446210940e-03,4.285030492165813332e-01,0.000000000000000000e+00,4.055436130569615820e-03,5.095375957141697887e-01,4.195391569502666673e-01,1.000000000000000000e+00,6.645184138347615121e-02,3.333333333333333703e-01,2.011695906432748593e-01,7.200404172904366698e-03,3.555289413285545042e-01,1.772151898734176945e-01,4.823666092757094431e-02,1.221130858352571652e-01,8.320115556768304527e-03,4.951778490607355171e-02,2.459887443413105168e-01,5.128204946556540883e-02,8.371066481579499119e-02,7.449293816509230948e-02,6.785878037597432855e-02,2.495199117288697185e-02
1.079268041232542101e-02,3.333333330000000094e-01,1.670647350348905904e-04,8.526557244560323268e-02,0.000000000000000000e+00,5.496822950963802608e-05,4.272301739765686501e-01,3.463931931456243341e-01,3.999999976000001567e-01,7.277499832348523212e-03,6.060606060606060774e-02,9.005847953216375434e-02,5.498203586899835793e-02,3.044427226551686960e-01,2.531645569620253472e-02,1.733990375998365266e-02,5.275908289985848515e-02,1.144160446861433676e-03,7.113329907553299705e-03,2.114812881456457627e-01,6.410255028147598087e-03,1.656696593530604042e-02,1.379948806569390556e-02,9.170105456212745976e-03,1.356702214774705047e-02
1.525806477359747948e-02,3.549783550000000232e-01,1.036860899351674595e-02,3.989446422943497828e-01,0.000000000000000000e+00,9.739196366596331728e-03,6.455802375605401711e-01,4.519497858714776051e-01,3.999999976000001567e-01,6.218066421224071466e-02,5.454545454545455252e-01,3.333333333333333148e-01,6.824298118693655074e-03,4.243345251387120598e-01,2.405063291139240556e-01,7.805064244235847271e-02,2.008618757932676968e-01,1.322173376685001692e-02,6.452173420866615106e-02,2.864329065539751862e-01,6.730769165612672522e-02,1.718987080516246879e-01,1.630224913270013065e-01,9.353507565337000618e-02,5.338976053573017688e-02
5.764526702403190844e-02,1.806451609999999985e-01,3.311480240154677374e-02,6.243599553386147694e-01,0.000000000000000000e+00,2.208294055884487198e-02,5.543440028139290376e-01,4.524136838591787946e-01,1.000000000000000000e+00,1.273602136815757402e-01,4.242424242424243097e-01,2.561403508771929460e-01,3.754107967707984855e-02,3.923961816341454689e-01,2.405063291139240556e-01,6.627294213169158954e-02,1.611866978130875039e-01,2.274863778349027477e-02,9.548439274608860883e-02,2.710174894877202534e-01,9.615384698311145450e-02,1.184594489329192091e-01,1.127808167561035885e-01,1.141678129298486777e-01,3.773727703052620619e-02
4.842439215168083122e-02,6.483516480000000026e-01,1.956415976066482011e-04,2.595343089777041312e-01,0.000000000000000000e+00,1.048138093929926011e-03,6.056982061202955681e-01,4.134490815385574169e-01,3.999999976000001567e-01,3.411735554175229085e-02,3.939393939393939226e-01,2.959064327485380064e-01,1.743928860027296052e-02,3.933382918057165556e-01,1.645569620253164445e-01,7.645207450896754353e-02,1.755542050730550807e-01,4.279112417341060862e-03,4.178648354890872330e-02,2.686167577358981595e-01,4.166666538327991332e-02,1.168605754346718761e-01,1.064238660135389675e-01,5.960568546538284884e-02,5.011067598039922744e-02
5.806324380578473110e-02,1.904761899999999897e-01,3.308346677262674618e-02,7.230907362813183692e-01,0.000000000000000000e+00,3.663670796243485850e-02,6.622473551773587763e-01,5.093571618494820985e-01,1.000000000000000000e+00,1.959536555522514434e-01,4.242424242424243097e-01,2.959064327485380064e-01,9.897464279385224939e-02,4.424079267829088558e-01,3.164556962025316111e-01,1.122956656864546321e-01,2.025765695797654697e-01,4.412864046722914796e-02,1.523511928163451545e-01,3.203622457136152124e-01,1.538461545569526356e-01,1.490088182716986509e-01,1.408852305653366110e-01,1.678129298486932819e-01,6.029582168372292494e-02
5.990182062948488234e-02,6.785714290000000037e-01,5.418612787644807048e-05,1.884542004194735276e-01,0.000000000000000000e+00,2.659634421787221599e-04,4.607808652831515972e-01,3.614981642085730584e-01,3.999999976000001567e-01,1.928035430801092187e-02,2.121212121212121271e-01,1.438596491228070207e-01,3.791718573129056885e-02,3.293083765943575214e-01,8.860759493670886111e-02,3.640957115563277918e-02,8.488473149714600985e-02,1.709575392998257705e-03,2.147099497465286555e-02,2.243495030722595929e-01,2.243589721870890841e-02,4.883038891607494741e-02,4.330392526278861731e-02,3.209536909674461092e-02,2.101405609888585407e-02
4.874720037034261516e-02,4.264705879999999838e-01,2.795355723466361707e-03,4.345499669535035636e-01,0.000000000000000000e+00,2.272206025393334276e-03,3.219513514976054536e-01,3.678230172603995651e-01,1.000000000000000000e+00,7.052493569434550857e-02,3.333333333333333703e-01,1.684210526315789436e-01,7.200404172904366698e-03,2.988510512783865147e-01,1.772151898734176945e-01,4.503665283573540096e-02,1.029677154900486696e-01,4.509106575382550337e-03,4.882878147766368110e-02,2.020014105249736125e-01,5.128204946556540883e-02,5.497288606153814816e-02,4.956927354702909266e-02,6.785878037597432855e-02,1.350611021186858170e-02
4.661397236353703039e-02,3.333333330000000094e-01,3.374268003665224520e-04,2.818389371937036203e-01,0.000000000000000000e+00,3.535053321329999199e-04,1.922400497848967826e-01,2.782567618788999164e-01,3.999999976000001567e-01,1.990460041865147606e-02,1.515151515151515194e-01,5.263157894736841813e-02,4.474308730348955376e-02,2.360005904452937564e-01,6.329113924050633333e-02,1.031069768847534852e-02,3.100775336288876666e-02,1.068714460044420866e-03,1.732657648778407333e-02,1.578247607548799447e-01,1.602563911043310141e-02,1.523773381402734189e-02,1.252290061458103190e-02,2.292526364053186494e-02,7.211086693051471479e-03
5.220752267306488087e-02,1.938461539999999927e-01,5.329057296785314098e-03,4.598908492967377915e-01,0.000000000000000000e+00,1.546111697789199525e-02,7.944479017289429734e-01,5.124319003411348383e-01,3.999999976000001567e-01,7.348626206114514114e-02,6.060606060606060774e-01,3.766081871345028920e-01,2.047622953937206294e-02,4.861729408418371534e-01,2.658227848101265556e-01,8.878731439251354163e-02,2.320213751325714002e-01,2.626080842726287445e-02,7.651275192648837598e-02,3.279703848094743246e-01,8.012820479255013117e-02,2.350034454175946030e-01,2.275957278172628662e-01,1.077487391104997722e-01,7.175155433339200362e-02
3.010036985485602459e-02,5.000000000000000000e-01,7.034304633048025146e-04,3.213633354380027729e-01,0.000000000000000000e+00,1.698041458060734052e-03,5.310479179631484303e-01,3.811119974202745730e-01,3.999999976000001567e-01,3.463301555371907370e-02,3.030303030303030942e-01,1.847953216374269014e-01,2.426525431061216098e-02,3.544949375772318279e-01,1.265822784810126389e-01,4.252490358950747340e-02,1.093775891655956178e-01,4.215209282233049574e-03,3.514420051632120151e-02,2.438083009258607547e-01,3.525641035513231436e-02,7.802788957353386234e-02,6.946129958551511274e-02,4.906006419073818958e-02,2.602744206371255739e-02
4.450629631222648847e-02,1.000000000000000056e-01,4.396440395655015852e-04,1.783505644316004113e-01,0.000000000000000000e+00,3.853046015543452321e-04,4.501474606996942462e-01,3.494566170522110937e-01,3.999999976000001567e-01,1.416949422305840978e-02,1.212121212121212155e-01,1.169590643274853875e-01,4.815607015865915053e-02,3.140283137864412488e-01,5.063291139240506944e-02,1.954370331950419301e-02,6.905510985326025752e-02,3.298343487950572330e-03,1.192066622422542806e-02,2.184324191759441924e-01,1.282051313642340942e-02,2.949111015682475551e-02,2.484570507906396983e-02,1.834021091242549195e-02,1.893913837761350069e-02
5.337177175153166864e-02,2.640692640000000257e-01,6.534451342264028031e-03,4.036531983146246505e-01,0.000000000000000000e+00,8.472208698125574880e-03,7.729375794799643318e-01,5.227904029689471876e-01,1.000000000000000000e+00,7.515608322008854314e-02,4.242424242424243097e-01,3.415204678362572799e-01,6.824298118693655074e-03,4.573377018568551833e-01,2.151898734177215000e-01,9.796338838733052723e-02,2.157998242927749166e-01,1.893973160914546455e-02,6.419437579951396688e-02,3.217222321934752327e-01,6.730769165612672522e-02,1.647478853125343423e-01,1.493048607772566316e-01,8.803301237964235304e-02,7.124850162529569597e-02
1.097969190438668856e-02,3.333333330000000094e-01,2.681520890521863452e-03,4.671020652608023349e-01,0.000000000000000000e+00,3.427377246193053038e-03,3.167293487377905170e-01,3.622845278706516847e-01,3.999999976000001567e-01,6.559009417117012131e-02,3.333333333333333703e-01,1.438596491228070207e-01,1.061338702807396867e-02,2.951563025302839094e-01,1.518987341772151667e-01,3.383702006046831329e-02,8.712930790605320774e-02,4.876575301943735820e-03,4.708709535171749089e-02,1.983177125600448787e-01,4.807692349155572031e-02,5.282374441992149922e-02,4.779959201174590472e-02,6.189821182943604227e-02,1.247327232758489897e-02
6.606039617614154445e-03,3.986928100000000086e-01,4.017335340337683733e-03,3.275004003555381793e-01,0.000000000000000000e+00,3.861559908227792971e-03,7.034822370735139829e-01,4.731844333938663993e-01,1.000000000000000000e+00,5.333238465113184640e-02,4.242424242424243097e-01,3.005847953216373991e-01,3.790564086605217094e-03,4.325119127526841911e-01,2.025316455696202500e-01,7.801567868718645160e-02,1.831448719306012218e-01,1.054617474097596999e-02,5.332547698385436963e-02,2.963009065566400424e-01,5.448717851970331927e-02,1.458779822835628570e-01,1.352623988150150336e-01,7.657038055937642751e-02,5.248315169413694109e-02
6.053457794820789328e-02,3.333333330000000094e-01,1.409377888736117537e-03,3.982146078727547556e-01,0.000000000000000000e+00,7.096302048661456887e-04,2.400227278876592985e-01,3.214275611977619462e-01,3.999999976000001567e-01,3.966231210793260548e-02,2.121212121212121271e-01,8.304093567251462360e-02,3.450420287612095821e-02,2.598063699222371570e-01,8.860759493670886111e-02,1.698127080055495189e-02,4.922909953694474400e-02,2.039861191647003406e-03,2.728819612082428181e-02,1.731892441447185349e-01,2.564102627284681191e-02,2.577571829466808809e-02,2.227044164078843466e-02,3.530490600641907062e-02,7.068751030042691279e-03
4.583832363208909487e-05,3.333333330000000094e-01,1.176047805837716696e-05,4.341117307265085490e-02,0.000000000000000000e+00,5.721915973139794439e-05,3.359398252117211103e-01,3.283860310132775684e-01,3.999999976000001567e-01,5.362244340786317953e-03,6.060606060606060774e-02,7.836257309941521698e-02,5.498203586899835793e-02,2.820860007479917275e-01,2.531645569620253472e-02,1.604882509312953454e-02,4.630248679009810187e-02,9.271727061877069230e-04,6.211562527644957574e-03,1.908240624470705638e-01,6.410255028147598087e-03,1.314351911957096879e-02,1.132427270246741911e-02,9.170105456212745976e-03,1.153778666564212775e-02
2.387954952290452862e-02,2.536231879999999994e-01,8.583830050496635278e-03,4.930141995491472695e-01,0.000000000000000000e+00,1.001269695508691555e-02,5.330771936470143357e-01,4.341632581479155650e-01,1.000000000000000000e+00,9.318534221541177609e-02,4.242424242424243097e-01,2.362573099415204714e-01,1.365026382903285901e-02,3.702459179389092636e-01,2.151898734177215000e-01,6.545636300966231613e-02,1.487704583316789286e-01,1.458609968783430681e-02,7.115237249547069764e-02,2.606812167428646521e-01,7.371794668427432418e-02,1.134411233060030055e-01,1.001416264958486513e-01,9.720311783585509902e-02,3.255679601271605633e-02
4.405123871002642605e-02,2.380952379999999868e-01,1.640704293924198642e-02,5.854394083393442694e-01,0.000000000000000000e+00,1.214349901428855849e-02,4.872155631916448293e-01,4.243733134196636669e-01,1.000000000000000000e+00,1.197229914081869295e-01,4.242424242424243097e-01,2.315789473684210509e-01,2.730219524971126688e-02,3.590207165158967317e-01,2.278481012658227778e-01,6.664168953050429722e-02,1.473888137755806349e-01,1.613259297045477325e-02,8.498206418623435732e-02,2.531673507792314148e-01,8.653845982069773013e-02,1.054267823794353409e-01,9.405103751153151559e-02,1.031636863823933853e-01,3.269702157829478678e-02
2.054471448100819025e-02,2.800000000000000266e-01,8.094912905196829933e-03,5.593838005993221341e-01,0.000000000000000000e+00,9.218040781375065607e-03,4.036905760437241586e-01,4.069969394047396882e-01,1.000000000000000000e+00,1.104067751775649475e-01,4.242424242424243097e-01,2.093567251461988521e-01,2.047622953937206294e-02,3.354555115005759536e-01,2.278481012658227778e-01,6.084638577105642987e-02,1.326493331789320440e-01,1.153587452738227305e-02,7.760726340232941556e-02,2.309894590544773751e-01,8.012820479255013117e-02,8.825961471243246037e-02,8.084664059353195709e-02,9.949564419990829245e-02,2.286782464794394690e-02
3.525138911737226571e-02,2.545454549999999760e-01,1.061740355550686368e-03,2.626055404888003042e-01,0.000000000000000000e+00,2.100985955340852959e-03,5.372980870694553657e-01,3.897421971792740525e-01,3.999999976000001567e-01,2.919838048048357948e-02,3.030303030303030942e-01,2.035087719298245834e-01,2.767823716578176121e-02,3.576136797159384928e-01,1.265822784810126389e-01,3.722707964988140883e-02,1.195682204851488684e-01,6.395530610394535229e-03,3.215008666886524924e-02,2.461895142915738188e-01,3.205128130099441086e-02,7.914839929560350817e-02,6.976144381066226585e-02,4.585052728106372988e-02,3.263373235732466848e-02
1.639986582174867216e-02,3.333333330000000094e-01,5.165817464894643246e-04,2.614060664609766937e-01,0.000000000000000000e+00,1.885350326752356339e-03,6.102167266430369441e-01,4.130162986597873953e-01,3.999999976000001567e-01,3.010301672263107631e-02,3.333333333333333703e-01,2.654970760233917870e-01,2.426525431061216098e-02,3.897904266517415728e-01,1.392405063291139167e-01,4.868442472929065262e-02,1.547384793965519978e-01,6.807648787963194170e-03,3.490952928057856203e-02,2.650026447823868314e-01,3.525641035513231436e-02,9.863481569512547176e-02,9.052141938334004601e-02,5.043558000917010287e-02,3.690187712623146238e-02
1.575910481024153098e-01,1.523809519999999862e-01,5.030756617719923246e-02,5.026619909844228795e-01,2.396166134185303415e-02,4.083211894350871791e-03,6.014231986796180207e-01,4.173582706788185881e-01,3.999999976000001567e-01,9.226992173743708836e-02,2.727272727272727071e-01,2.432748538011695882e-01,1.402636988324356890e-02,3.867584346483574631e-01,1.139240506329114028e-01,3.845979895193891301e-02,1.418646205457371745e-01,1.189378529318286040e-02,4.406736019902438017e-02,2.637598794346153741e-01,4.487179443741781681e-02,8.052823078638743359e-02,7.505814482283694467e-02,5.731315910132966235e-02,3.482283512361855626e-02
1.849035943010159805e-02,2.999999999999999889e-01,9.045676114060195098e-05,1.391912823147191669e-01,0.000000000000000000e+00,2.565155605370075635e-04,3.763359398252117405e-01,3.239818287763842619e-01,3.999999976000001567e-01,1.140389553868560030e-02,1.212121212121212155e-01,9.473684210526316096e-02,4.815607015865915053e-02,2.888210507639418223e-01,5.063291139240506944e-02,1.746183896920193088e-02,5.542334218406824026e-02,1.865966720135645279e-03,1.283428338248897640e-02,2.009340068833603277e-01,1.282051313642340942e-02,2.454602045945558988e-02,1.998947546223510049e-02,1.834021091242549195e-02,1.535815231757481705e-02
6.483916789973789840e-02,4.619047620000000243e-01,5.556496149553538134e-03,5.544305983909425528e-01,0.000000000000000000e+00,2.635278562197967012e-03,4.121864769068427359e-01,3.807046723579030623e-01,1.000000000000000000e+00,8.861344600835147078e-02,3.636363636363636465e-01,1.730994152046783641e-01,3.412149059346827971e-03,3.217535867792451487e-01,1.772151898734176945e-01,4.961968826432192753e-02,1.067396877017150053e-01,6.307067946358161509e-03,7.030481820793491043e-02,2.256461505658742817e-01,6.410256260198882172e-02,7.456083409065941692e-02,6.392227433961773786e-02,7.932141219624025408e-02,2.073692083511846640e-02
2.209307430043068801e-02,4.285714290000000037e-01,3.346977099909196479e-03,4.107514252370622065e-01,0.000000000000000000e+00,2.219172521217759649e-03,2.895641115831055767e-01,3.444866855620236645e-01,1.000000000000000000e+00,5.768425765597074567e-02,3.636363636363636465e-01,1.649122807017543990e-01,1.402636988324356890e-02,2.840745075473601888e-01,1.645569620253164445e-01,3.810987564685327372e-02,9.847716681317160436e-02,3.501355615438620471e-03,4.514029247138196671e-02,1.918043963136823460e-01,4.487179443741781681e-02,5.319558320766713116e-02,4.644829333575874186e-02,6.143970655662539526e-02,1.450410408469372109e-02
5.367545757399867778e-02,2.287581700000000107e-01,8.131568226995603346e-03,4.553482000839366162e-01,0.000000000000000000e+00,5.246212959111162984e-03,6.433345058037285291e-01,4.603508652828929293e-01,1.000000000000000000e+00,6.851460538807693790e-02,3.636363636363636465e-01,2.280701754385965063e-01,3.790564086605217094e-03,4.010910256126636320e-01,1.772151898734176945e-01,5.166178152265664403e-02,1.389338192061629340e-01,1.319044905721589687e-02,5.351831040325479710e-02,2.783034962612072616e-01,5.448717851970331927e-02,1.134917226755082359e-01,1.026876551069994675e-01,6.969280146721686109e-02,3.529100271446222042e-02
6.642455311237228932e-02,3.544973539999999868e-01,1.017772654263839407e-02,5.812162078721422320e-01,0.000000000000000000e+00,8.309369237799738711e-03,5.533158364674369833e-01,4.382195368940331459e-01,1.000000000000000000e+00,1.131855132757042248e-01,3.939393939393939226e-01,2.456140350877193124e-01,2.730219524971126688e-02,3.758934862815828115e-01,2.278481012658227778e-01,7.729422704825515689e-02,1.562561016470235820e-01,1.437771283704910620e-02,9.161975861212942607e-02,2.693966749870795874e-01,8.653845982069773013e-02,1.106202084560867355e-01,9.678286969063056022e-02,1.031636863823933853e-01,3.879593620446526725e-02
6.952404411298464260e-02,0.000000000000000000e+00,1.472807532544430417e-05,1.179919017295461559e-01,0.000000000000000000e+00,1.953454488635811992e-05,2.454070727021834958e-02,1.401481079185122880e-01,3.999999976000001567e-01,7.334272016358327206e-03,3.030303030303030387e-02,1.403508771929824588e-02,5.839501872416795469e-02,1.134972172236738963e-01,1.265822784810126563e-02,1.721438222472155763e-03,8.080228499071785697e-03,9.388361061891751234e-05,3.601995301162340055e-03,7.767431912712102759e-02,3.205125974009692853e-03,7.057280483623447039e-04,7.302210152930629049e-04,4.585052728106372988e-03,5.746590014043383848e-04
4.435353885160975285e-02,6.999999999999999556e-01,1.659656249359768492e-05,2.368788611497337770e-01,0.000000000000000000e+00,8.867704770999471910e-05,6.420628263751725073e-02,1.961666185796800965e-01,3.999999976000001567e-01,1.965681090809340281e-02,1.212121212121212155e-01,4.210526315789473589e-02,4.815607015865915053e-02,1.636266185624337677e-01,5.063291139240506944e-02,9.715366968077229076e-03,2.453218951384627047e-02,1.444448049545048543e-04,1.440227948215007554e-02,1.103225879734842652e-01,1.282051313642340942e-02,4.625847622661859344e-03,4.235151956134766346e-03,1.834021091242549195e-02,2.008572969608074955e-03
2.742057388029224552e-02,5.272727270000000521e-01,8.023503722070403224e-04,3.032866265080438328e-01,0.000000000000000000e+00,1.136371725605330113e-03,2.983035255282880938e-01,3.467750603915977781e-01,1.000000000000000000e+00,3.909818501311029121e-02,3.030303030303030942e-01,1.333333333333333315e-01,2.767823716578176121e-02,2.831686562882943514e-01,1.265822784810126389e-01,3.138788295450915117e-02,7.902132471205008946e-02,2.114596177065861376e-03,3.193767811967031939e-02,1.898479629337666563e-01,3.205128130099441086e-02,4.493623480770574802e-02,3.925392721177708988e-02,4.585052728106372988e-02,1.153603281842754263e-02
8.802914718768858893e-02,2.424242420000000120e-01,2.938544489822548372e-02,6.643572923281180209e-01,0.000000000000000000e+00,1.440903403415568287e-02,4.252820693200573543e-01,4.117207786697443250e-01,1.000000000000000000e+00,1.442218002459549619e-01,4.242424242424243097e-01,2.070175438596491280e-01,4.436704538741905596e-02,3.428903851427328453e-01,2.531645569620252778e-01,6.212990054595089739e-02,1.330079232281211887e-01,1.676875443137852348e-02,1.017349150554478360e-01,2.407611108793699661e-01,1.025641020112590396e-01,9.293339857988874853e-02,8.502722087236723458e-02,1.178358551123337844e-01,2.347168246508487752e-02
1.167114666534232494e-02,3.777777780000000085e-01,4.011751861035201612e-04,3.094890259992947312e-01,0.000000000000000000e+00,1.533536347615460345e-03,4.602397251007873669e-01,3.552496846059414182e-01,3.999999976000001567e-01,2.822953465030752368e-02,2.727272727272727071e-01,1.403508771929824761e-01,3.109122002095136492e-02,3.271305270508914065e-01,1.139240506329114028e-01,2.904090189935639235e-02,8.284281158382499066e-02,3.834958221213305343e-03,3.057214842176358277e-02,2.245910520399441723e-01,2.884615224685650736e-02,6.087104151478533315e-02,5.307355482504580446e-02,4.126547455295735689e-02,2.204025539742369977e-02
3.697994287890833676e-02,4.476190480000000194e-01,3.247057000816946579e-03,4.050845171442012393e-01,0.000000000000000000e+00,1.875591854789895136e-03,5.458481019508104604e-01,4.270265836176121432e-01,1.000000000000000000e+00,5.792089106050069686e-02,3.333333333333333703e-01,2.023391812865497075e-01,1.402636988324356890e-02,3.679673018472257029e-01,1.518987341772151667e-01,5.061284540214124744e-02,1.219483663415444757e-01,6.066434642600961047e-03,4.443903403210613251e-02,2.524011056034422551e-01,4.487179443741781681e-02,8.878391738987147230e-02,8.019178046593818110e-02,6.006419073819348198e-02,2.580491584739622035e-02
9.031247214781423782e-02,6.666666669999999906e-01,7.254126652830776914e-04,3.226759554901725835e-01,0.000000000000000000e+00,6.317446127584116665e-04,5.410048973186504240e-01,4.270265836176121432e-01,1.000000000000000000e+00,4.612777137816708589e-02,3.333333333333333703e-01,2.046783625730994316e-01,2.085227145544256075e-02,3.666593505134371211e-01,1.518987341772151667e-01,5.946134524996073145e-02,1.234553980381890709e-01,3.366839270285481439e-03,3.734020594461886361e-02,2.503660892113298009e-01,3.846153632914200982e-02,8.822466120060319661e-02,7.960708392344373330e-02,5.364511691884456257e-02,2.615519202078440616e-02
4.519398202117851787e-02,2.195767200000000030e-01,2.003710683622740921e-02,6.059162138081899407e-01,0.000000000000000000e+00,1.299466700488303463e-02,5.341594740117427964e-01,4.468780231156972427e-01,1.000000000000000000e+00,1.211301482485347691e-01,3.939393939393939226e-01,2.105263157894737003e-01,2.730219524971126688e-02,3.765359731867614634e-01,2.151898734177215000e-01,6.183728864786696561e-02,1.350206925874481989e-01,1.817665236287822894e-02,8.557221025206455944e-02,2.629663024995437248e-01,8.653845982069773013e-02,1.056707911810625122e-01,9.708301391577771333e-02,1.031636863823933853e-01,2.828927468168632511e-02
1.668863617518376030e-01,3.224637679999999840e-01,1.536673523062011791e-02,3.853269119550094546e-01,0.000000000000000000e+00,8.939114837761783297e-03,7.516437133039314267e-01,5.002319489938507058e-01,1.000000000000000000e+00,7.113554656428502931e-02,6.060606060606060774e-01,4.105263157894736836e-01,1.365026382903285901e-02,4.710082412130098817e-01,2.784810126582278333e-01,1.098950802231633689e-01,2.538879089953754997e-01,1.818404681430915021e-02,7.208396193696892107e-02,3.201293619463662643e-01,7.371794668427432418e-02,2.273416356246192593e-01,2.153443862635292527e-01,1.027051811095827522e-01,8.178398516069870783e-02
5.492118468842577435e-03,3.692307690000000142e-01,1.437405196258418260e-03,3.393506908546278789e-01,0.000000000000000000e+00,1.268743985526758593e-02,8.481560648285939585e-01,5.375955375276499915e-01,1.000000000000000000e+00,6.386659974655806149e-02,6.969696969696970168e-01,5.087719298245614308e-01,2.047622953937206294e-02,5.180183054034284140e-01,2.911392405063291111e-01,1.524573554295565458e-01,3.190780115387366611e-01,2.054351052130544072e-02,7.743684103157835730e-02,3.526187635921116947e-01,8.012820479255013117e-02,3.009057952922612467e-01,2.858256564842847069e-01,1.118752865657954981e-01,1.211708445590973376e-01
3.912148497101598787e-02,5.384615379999999618e-01,1.413587480414957385e-03,3.551492963258948699e-01,0.000000000000000000e+00,1.188225355690441512e-03,4.688438540003788124e-01,4.078540192234800799e-01,1.000000000000000000e+00,4.884502693641801924e-02,3.333333333333333703e-01,1.953216374269005906e-01,2.085227145544256075e-02,3.449371003578162176e-01,1.392405063291139167e-01,5.024034004451444907e-02,1.170774671425312691e-01,3.781505375868866956e-03,3.819828418720718627e-02,2.332424979082823868e-01,3.846153632914200982e-02,7.689972336792065544e-02,6.990112131803594142e-02,5.364511691884456257e-02,2.204884650838889737e-02
4.275202431348933824e-02,1.428571429999999920e-01,4.577539667542935425e-02,3.832651248476037775e-01,1.118210862619808260e-02,6.297453761164843343e-04,4.725236072404556675e-01,3.690167059848497022e-01,3.999999976000001567e-01,6.077611046329946948e-02,1.212121212121212155e-01,1.274853801169590628e-01,4.133016858646016561e-02,3.278209350776762898e-01,5.063291139240506944e-02,2.203287225076766900e-02,7.526832074743561307e-02,4.355871390743009004e-03,1.839234450291038492e-02,2.257768646276382962e-01,1.923076816457100491e-02,3.100742678903724639e-02,2.717149799254187439e-02,2.475928473177441483e-02,2.010931071995811920e-02
3.002770474931591368e-02,5.277777780000000307e-01,2.099300288925270064e-04,1.274771203435000055e-01,0.000000000000000000e+00,6.719765742099028435e-04,6.483400524905977846e-01,4.364148605760254096e-01,1.000000000000000000e+00,2.079250250175678633e-02,2.424242424242424032e-01,2.853801169590642894e-01,3.450420287612095821e-02,3.993906623348044693e-01,1.012658227848101250e-01,6.723172614517251844e-02,1.687871377151514418e-01,3.690049896932633567e-03,2.456285780273900765e-02,2.743019268804332556e-01,2.564102627284681191e-02,7.943734832672545709e-02,7.189883450489195638e-02,3.668042182485098390e-02,4.557504210740527528e-02
1.252539121651252696e-02,2.500000000000000000e-01,1.514252776154270154e-02,4.631618135980352102e-01,0.000000000000000000e+00,1.055189424850142346e-02,6.902243026055900899e-01,4.947217460667672206e-01,1.000000000000000000e+00,8.883904726358693438e-02,4.242424242424243097e-01,3.076023391812865437e-01,1.365026382903285901e-02,4.321345950875910003e-01,2.151898734177215000e-01,8.449840899837933461e-02,1.932919823042604790e-01,1.889941450724967956e-02,7.132387789968631930e-02,3.011602826307144265e-01,7.371794668427432418e-02,1.467268532851307705e-01,1.350772449098917860e-01,9.307657038055937304e-02,5.650905316749466056e-02
2.599537337781110402e-02,2.999999999999999889e-01,1.411960797468565006e-03,3.076839780015832027e-01,0.000000000000000000e+00,7.014182387851028953e-03,7.195811574988500992e-01,4.722255223095330745e-01,1.000000000000000000e+00,4.981399672332772338e-02,5.454545454545455252e-01,3.871345029239766089e-01,0.000000000000000000e+00,4.508275367099777720e-01,2.278481012658227778e-01,9.473827667486604820e-02,2.363689642809130298e-01,1.492335790090120254e-02,5.874905573158711869e-02,3.068522865737955407e-01,6.089743662797912627e-02,1.945862003535298035e-01,1.818711588685472391e-01,8.574048601558917349e-02,7.605109707801929741e-02
8.750297644253814339e-04,3.768115940000000275e-01,3.790160273993199973e-03,3.387190828472426141e-01,0.000000000000000000e+00,9.059654445260315048e-03,8.467761573635651517e-01,5.489384090561939544e-01,1.000000000000000000e+00,6.153621315401588271e-02,6.060606060606060774e-01,4.573099415204678331e-01,1.365026382903285901e-02,5.083116416144428662e-01,2.784810126582278333e-01,1.339712415131885104e-01,2.853111576563787666e-01,1.838822136397410406e-02,7.070480678020078791e-02,3.462281051608976923e-01,7.371794668427432418e-02,2.574575814167157639e-01,2.447585203279498134e-01,1.027051811095827522e-01,9.979120037852408365e-02
1.505957984381935491e-04,4.090909090000000026e-01,6.957366926124061973e-04,2.168012037943790604e-01,0.000000000000000000e+00,1.798586132097545164e-03,5.641115831056036090e-01,4.212929176354780481e-01,1.000000000000000000e+00,3.197823418922566413e-02,3.333333333333333703e-01,2.795321637426900208e-01,2.426525431061216098e-02,3.784052662142977086e-01,1.392405063291139167e-01,6.192042631374542611e-02,1.658794937231264088e-01,5.462877666185013935e-03,3.460645672019576485e-02,2.575646388868622627e-01,3.525641035513231436e-02,9.348166937972496315e-02,8.505645569949196738e-02,5.043558000917010287e-02,4.473983403014962501e-02
3.202513602952098554e-02,1.420765029999999929e-01,7.870224025896088715e-02,7.965863741219656458e-01,0.000000000000000000e+00,6.290671813199472107e-02,6.954463053654049709e-01,5.317345824635246743e-01,1.000000000000000000e+00,2.560605236105968907e-01,4.242424242424243097e-01,3.192982456140350811e-01,1.399303729177472366e-01,4.645067381015045571e-01,3.291139240506328889e-01,1.265236516412832080e-01,2.237101570932286121e-01,6.342729652242291849e-02,1.945829464930848296e-01,3.418695461621888421e-01,1.923076908860946455e-01,1.597195729679526388e-01,1.534659511713420965e-01,2.035763411279229440e-01,7.568631741028235271e-02
6.018522008381483462e-02,0.000000000000000000e+00,2.330113409697158499e-04,1.324794715653074828e-01,0.000000000000000000e+00,2.396849797864715915e-04,3.947617630347141637e-01,3.335737682659831727e-01,3.999999976000001567e-01,1.026746020462034059e-02,9.090909090909091161e-02,1.040935672514620020e-01,5.156905301382875423e-02,2.987955252183817079e-01,3.797468354430379861e-02,1.479360972437008918e-02,6.089761250691830968e-02,2.816577882408929142e-03,8.844383565200732503e-03,2.044082767784484722e-01,9.615384082285502454e-03,2.063988228988778220e-02,1.777997219443109081e-02,1.375515818431911896e-02,1.506552702040047688e-02
5.822753013135367056e-02,0.000000000000000000e+00,0.000000000000000000e+00,6.344641591487509835e-03,0.000000000000000000e+00,0.000000000000000000e+00,2.293081522768473102e-01,2.765906892279492713e-01,3.999999976000001567e-01,1.896538024781860288e-05,0.000000000000000000e+00,4.327485380116959102e-02,6.180800157933755840e-02,2.376952784882297998e-01,0.000000000000000000e+00,6.025033778652545170e-03,2.521282948495327803e-02,4.041213159531446852e-04,4.547027991229054059e-04,1.623970901598275618e-01,0.000000000000000000e+00,2.933098978358782746e-03,2.289411795278250682e-03,0.000000000000000000e+00,6.624602924880039143e-03
3.946718463787612929e-02,2.015810279999999954e-01,1.543991398100579698e-02,5.432289715756385418e-01,0.000000000000000000e+00,1.127524816581378792e-02,4.830487837874401502e-01,4.138818644173272165e-01,1.000000000000000000e+00,9.407621926012457725e-02,3.939393939393939226e-01,1.988304093567251629e-01,1.023728097386325704e-02,3.540403635896611778e-01,2.151898734177215000e-01,4.812393669316257505e-02,1.231712841026051802e-01,1.387186657462332988e-02,6.935311214460400386e-02,2.447729259081688480e-01,7.051282071026462872e-02,9.409884853145315808e-02,8.538648441458882021e-02,8.849151765245300005e-02,2.542907187008289216e-02
4.222834779392952050e-03,3.736263739999999833e-01,5.539514898525319192e-04,2.841327132468460248e-01,0.000000000000000000e+00,2.280411069470500082e-03,6.413322871289808269e-01,4.288029734729552622e-01,3.999999976000001567e-01,3.657926022869274069e-02,3.636363636363636465e-01,2.970760233918128268e-01,1.743928860027296052e-02,4.064925778859357353e-01,1.518987341772151667e-01,6.471768278664095930e-02,1.765554991070172886e-01,7.781227066883864701e-03,4.016406262479583350e-02,2.761241280741017490e-01,4.166666538327991332e-02,1.143918588277590687e-01,1.064881826332133574e-01,5.823016964695093556e-02,4.538639391638632503e-02
1.157498041201502834e-02,3.214285709999999963e-01,7.012322431069750728e-04,2.038288883551891972e-01,0.000000000000000000e+00,9.363782485624926087e-04,5.112963013068535512e-01,3.972494243704847161e-01,1.000000000000000000e+00,2.543889670573824813e-02,2.121212121212121271e-01,1.707602339181286677e-01,3.791718573129056885e-02,3.420628972502914866e-01,8.860759493670886111e-02,3.395997993427053718e-02,1.007143531410317761e-01,3.853724391732066268e-03,2.187841110490054003e-02,2.375561015993006841e-01,2.243589721870890841e-02,5.440164581107127112e-02,4.663539622935696655e-02,3.209536909674461092e-02,2.373415666229282753e-02
7.398432916860478437e-02,9.333333329999999872e-01,2.143264692881820255e-04,2.438974511472200013e-01,0.000000000000000000e+00,4.804448066006039456e-05,1.939175843502259355e-01,2.873395450405346052e-01,3.999999976000001567e-01,2.270366742110867253e-02,1.515151515151515194e-01,7.017543859649123805e-02,4.474308730348955376e-02,2.358901483292020762e-01,6.329113924050633333e-02,1.970329498983904373e-02,4.121735343726363326e-02,3.148029589152985508e-04,1.934836442153301667e-02,1.585966529152226800e-01,1.602563911043310141e-02,1.563121049004823418e-02,1.274118732377895781e-02,2.292526364053186494e-02,7.004701351881876398e-03
5.397892168752430053e-03,3.636363639999999897e-01,9.583954293902215496e-03,5.610804120542638440e-01,0.000000000000000000e+00,6.945546447779132708e-03,5.221461619632566942e-01,4.191035454252303172e-01,1.000000000000000000e+00,9.427256672621961431e-02,3.636363636363636465e-01,2.304093567251462027e-01,1.023728097386325704e-02,3.628728181098898053e-01,1.772151898734176945e-01,6.277870017578143780e-02,1.424230738490778470e-01,1.067471876271782090e-02,7.786385933658952763e-02,2.555756693167588467e-01,7.051282071026462872e-02,9.506922459795139058e-02,8.399750529475202843e-02,8.298945437872536079e-02,3.653128783959620068e-02
1.346471657394059628e-02,3.380952380000000201e-01,2.104195725305831738e-02,4.838520291953356534e-01,0.000000000000000000e+00,5.428976229766193339e-03,5.208474255255824970e-01,4.261412173362071343e-01,1.000000000000000000e+00,9.141871084749098042e-02,3.636363636363636465e-01,2.269005847953216581e-01,3.412149059346827971e-03,3.622566713988021325e-01,1.898734177215189722e-01,6.404723617875272834e-02,1.415763180174257063e-01,1.036789295944082548e-02,6.475300595699792772e-02,2.547363960621677470e-01,6.410256260198882172e-02,9.530291379132420360e-02,8.365123500903030862e-02,8.207244383310406677e-02,3.308285426357243653e-02
6.327146397517924292e-02,6.969696969999999991e-01,7.891610510200752380e-04,3.844261001765929553e-01,0.000000000000000000e+00,6.828151030292716655e-04,2.446494764468735705e-01,3.199764656630628146e-01,1.000000000000000000e+00,4.890836882731105367e-02,3.030303030303030942e-01,1.181286549707602357e-01,2.426525431061216098e-02,2.604612760451989750e-01,1.265822784810126389e-01,3.261114738623759057e-02,7.061026035095073483e-02,1.339795253130950190e-03,3.970872772854365518e-02,1.769976923184453654e-01,3.525641035513231436e-02,3.740025765731577051e-02,3.092849810948118325e-02,4.906006419073818958e-02,9.928207086386788005e-03
7.475110954239717886e-02,6.166666669999999462e-01,1.786504545875404731e-03,4.335277520931419271e-01,0.000000000000000000e+00,1.387712121318005918e-03,4.134040423171622680e-01,3.734209082217432307e-01,1.000000000000000000e+00,6.314070911432789757e-02,3.333333333333333703e-01,1.719298245614035159e-01,1.061338702807396867e-02,3.180856293707982063e-01,1.645569620253164445e-01,5.036730990644552874e-02,1.044849294936354145e-01,3.509785514287311597e-03,5.246726235579875219e-02,2.220920316011121831e-01,4.807692349155572031e-02,6.837905585571189826e-02,5.778620895755103709e-02,6.327372764786795556e-02,2.119533950179668114e-02
5.925443052063023019e-02,1.897233200000000009e-01,3.888376752432133338e-03,4.406726769977036828e-01,0.000000000000000000e+00,1.445312707012893529e-02,7.576774263372927365e-01,4.902524849657450279e-01,3.999999976000001567e-01,6.330247265173574722e-02,5.454545454545455252e-01,3.450292397660818522e-01,1.023728097386325704e-02,4.648619610822531945e-01,2.405063291139240556e-01,7.478390317977290369e-02,2.096796490046020922e-01,2.182090845965205250e-02,6.985160608986946962e-02,3.137980733262358268e-01,7.051282071026462872e-02,1.999623833634599224e-01,1.922027467744240881e-01,9.674461256304447976e-02,6.210307902676607400e-02
2.317772986893897741e-02,2.688172039999999763e-01,2.601215510254829139e-02,5.732237239292888864e-01,0.000000000000000000e+00,1.699158126945587988e-02,7.473687058632539904e-01,5.134586989358631559e-01,1.000000000000000000e+00,1.174099587583551652e-01,4.242424242424243097e-01,3.228070175438596534e-01,3.754107967707984855e-02,4.548508353311234709e-01,2.405063291139240556e-01,9.901451201470813646e-02,2.068626571473390907e-01,2.544569523719597548e-02,1.004674902664589864e-01,3.221458137439925928e-01,9.615384698311145450e-02,1.601789619805658593e-01,1.479405688447695821e-01,1.141678129298486777e-01,6.797448678456941007e-02
4.474219462586393609e-02,2.357723579999999874e-01,2.390007216317265384e-02,6.605441067967654512e-01,0.000000000000000000e+00,2.134223319745973471e-02,6.918477231526827254e-01,5.012389470647138356e-01,1.000000000000000000e+00,1.656270208821232492e-01,4.242424242424243097e-01,3.122807017543859365e-01,7.508382694580525984e-02,4.399296355688566695e-01,2.911392405063291111e-01,1.162421277957649546e-01,2.105314109382909471e-01,3.549301015937901538e-02,1.335746936716533106e-01,3.223890320240389573e-01,1.314102573382437411e-01,1.543966524522385197e-01,1.394624689786001237e-01,1.453461714809720640e-01,6.856199819759313530e-02
1.137870702892725266e-01,7.333333330000000316e-01,1.213406558099795101e-03,4.622172135617994559e-01,0.000000000000000000e+00,4.107722156563756275e-04,3.836413322871289888e-01,3.603214473617215585e-01,1.000000000000000000e+00,6.194601411544909536e-02,3.333333333333333703e-01,1.532163742690058617e-01,1.402636988324356890e-02,3.051856390411282760e-01,1.392405063291139167e-01,4.496898723066174858e-02,9.213717241161753502e-02,2.394331482417209889e-03,5.113840009944033843e-02,2.132009893117861599e-01,4.487179443741781681e-02,6.282244614662498006e-02,5.189246780920702545e-02,6.006419073819348198e-02,1.809903871086091312e-02
2.128046668845326450e-01,2.012012009999999962e-01,2.703733905620910732e-02,7.218657861174083701e-01,0.000000000000000000e+00,2.009164425549066907e-02,3.749289753510646750e-01,3.947375864858595484e-01,1.000000000000000000e+00,1.699811251081677632e-01,4.242424242424243097e-01,2.081871345029239762e-01,5.801897680809745689e-02,3.302588178126278917e-01,2.531645569620252778e-01,6.006310555825827152e-02,1.337177132454524242e-01,1.827484084333732411e-02,1.162197779851874557e-01,2.312737261326492377e-01,1.153846151476824317e-01,8.364075779213644979e-02,7.844938476930472804e-02,1.251719394773039840e-01,2.245881514576416119e-02
1.529071141521694873e-03,2.761904760000000181e-01,4.001640048125195553e-03,5.313109748382576214e-01,0.000000000000000000e+00,6.538628735855949413e-03,3.568278362509808010e-01,3.706148911254052436e-01,1.000000000000000000e+00,8.389181006704696242e-02,3.939393939393939226e-01,1.742690058479532123e-01,3.412149059346827971e-03,3.099229266310811193e-01,1.898734177215189722e-01,4.109882522923074405e-02,1.064000658995777338e-01,8.121493313433066422e-03,6.338609373568503125e-02,2.119076662811781309e-01,6.410256260198882172e-02,7.031647908281984938e-02,6.323038343099930680e-02,8.207244383310406677e-02,1.724392857829911210e-02
2.495461617969775558e-02,4.095238099999999881e-01,2.704624184801030905e-03,3.977818537857747971e-01,0.000000000000000000e+00,2.150042782177678542e-03,4.189507291863957539e-01,3.876744567584844425e-01,1.000000000000000000e+00,6.079396023294447032e-02,3.333333333333333703e-01,1.754385964912280882e-01,1.402636988324356890e-02,3.245142527682385314e-01,1.518987341772151667e-01,4.662279752603935151e-02,1.072847582253335930e-01,5.142941982024419080e-03,4.326360419175416527e-02,2.232130362784912614e-01,4.487179443741781681e-02,6.962939290743311305e-02,6.093577433312111213e-02,6.143970655662539526e-02,2.003336091440770933e-02
1.212420888706989067e-02,3.272727269999999855e-01,4.452703841618410943e-03,3.703118136547007833e-01,0.000000000000000000e+00,1.469474957130679094e-03,4.885684136475554329e-01,3.959906767819056927e-01,1.000000000000000000e+00,4.515942137492561653e-02,2.121212121212121271e-01,1.567251461988304062e-01,2.767823716578176121e-02,3.372103564055566327e-01,1.012658227848101250e-01,3.403948467154479379e-02,9.365438641520426599e-02,5.113113535047322279e-03,3.126229610029081923e-02,2.341974546865659979e-01,3.205128130099441086e-02,5.215663167986577670e-02,4.521133531697049679e-02,4.034846400733608368e-02,1.977465474832484221e-02
2.927760797336300194e-02,2.727272729999999923e-01,2.163422372095898279e-03,4.009039529501058352e-01,0.000000000000000000e+00,1.609493058472304941e-03,1.690251359614708127e-01,2.870001074885580872e-01,3.999999976000001567e-01,4.773474647315203295e-02,2.727272727272727071e-01,8.538011695906433385e-02,2.767823716578176121e-02,2.360967910316155161e-01,1.139240506329114028e-01,1.688672210802332277e-02,5.076528127981359828e-02,2.045312278045449596e-03,3.113782787807469615e-02,1.547461805551292868e-01,3.205128130099441086e-02,2.359395337534412468e-02,2.182477294284266775e-02,4.447501146263181659e-02,5.172253008026098803e-03
1.739960686570513060e-02,3.205128210000000033e-01,4.663820909417764997e-03,3.798731093624267974e-01,0.000000000000000000e+00,2.492694073549587587e-03,3.802862631564706830e-01,3.678230172603995651e-01,1.000000000000000000e+00,4.748286639038364759e-02,3.333333333333333703e-01,1.450292397660818688e-01,2.085227145544256075e-02,3.115116780361243398e-01,1.392405063291139167e-01,3.187626330568189836e-02,8.696458790457076149e-02,4.753709988760669754e-03,3.835954534634458679e-02,2.107210578050027761e-01,3.846153632914200982e-02,6.193163093086195142e-02,5.481595052167925058e-02,5.364511691884456257e-02,1.788906346367396052e-02
2.028309793016966345e-02,4.727272730000000034e-01,1.209087055411064157e-03,3.792191952194413629e-01,0.000000000000000000e+00,1.015206801064945114e-03,1.795773695175735263e-01,3.046197450823984187e-01,3.999999976000001567e-01,4.766756192351597615e-02,2.727272727272727071e-01,1.029239766081871399e-01,2.767823716578176121e-02,2.397429177766793318e-01,1.139240506329114028e-01,2.392310084237825665e-02,6.126638435527985427e-02,1.475477138070525711e-03,3.339647628990027178e-02,1.600802952572189519e-01,3.205128130099441086e-02,2.544149614346252752e-02,2.142198199134649414e-02,4.447501146263181659e-02,6.081054158637563822e-03
6.309226772330192232e-03,3.111111109999999957e-01,2.929381208927904490e-03,4.268039779766527042e-01,0.000000000000000000e+00,9.089611254754190227e-04,1.426174950620958393e-01,2.726220985160922039e-01,3.999999976000001567e-01,4.946419082097908843e-02,2.121212121212121271e-01,8.070175438596491335e-02,3.109122002095136492e-02,2.181341109240061416e-01,8.860759493670886111e-02,1.725980906431257358e-02,4.830507435025270524e-02,1.460500800710499416e-03,2.834143455888957913e-02,1.449546141701015256e-01,2.884615224685650736e-02,1.625238432884263881e-02,1.468757714746046772e-02,3.713892709766161704e-02,4.575513344228744270e-03
1.973303804658459518e-02,2.444444440000000107e-01,4.155119782337512134e-03,4.222993512623184342e-01,0.000000000000000000e+00,1.447201712182760421e-03,3.010362834492275041e-01,3.429677025169295401e-01,1.000000000000000000e+00,4.615033150369064058e-02,2.121212121212121271e-01,9.707602339181287121e-02,3.109122002095136492e-02,2.808612894688513606e-01,1.012658227848101250e-01,1.898483361820804682e-02,5.774658329930826284e-02,3.399759458589027023e-03,2.878768407908306737e-02,1.884507229958700125e-01,2.884615224685650736e-02,3.215656510174800392e-02,2.833569377493081257e-02,3.851444291609353726e-02,1.035470710395266190e-02
1.707929287263397489e-02,4.642857140000000160e-01,4.989959849068442482e-04,4.112538335486410901e-01,0.000000000000000000e+00,3.539715112420419355e-04,7.410914797478287963e-02,2.307015608470097678e-01,3.999999976000001567e-01,3.878296303944886447e-02,2.121212121212121271e-01,4.678362573099414945e-02,3.791718573129056885e-02,1.879155510296383058e-01,8.860759493670886111e-02,1.007886709503867835e-02,2.763370406134775178e-02,4.686062871380942182e-04,2.307067969066668722e-02,1.241320313101653694e-01,2.243589721870890841e-02,8.574595787602487529e-03,7.380169691929889045e-03,3.209536909674461092e-02,2.270622406943744245e-03
9.211951087460186136e-03,3.333333330000000094e-01,2.066326985957857353e-04,3.382478108033249997e-01,0.000000000000000000e+00,9.339832379309634164e-05,3.741984361048730084e-02,1.633401786572981074e-01,3.999999976000001567e-01,2.287088505479693834e-02,6.060606060606060774e-02,2.456140350877192985e-02,5.156905301382875423e-02,1.332077469978452111e-01,2.531645569620253472e-02,3.855304352590914734e-03,1.408938703859828959e-02,1.501499816628534920e-04,8.960205689612862207e-03,9.005943647240849392e-02,9.615384082285502454e-03,1.615850918278689471e-03,1.635850993334459500e-03,1.237964236588720915e-02,8.156348683022424757e-04
1.994970310955658521e-02,1.157894740000000033e-01,3.185744243059141639e-02,5.605975425472277118e-01,0.000000000000000000e+00,1.160857470496465954e-02,5.547228009415839933e-01,4.323698964149738089e-01,1.000000000000000000e+00,9.212960271494999298e-02,3.636363636363636465e-01,1.871345029239766256e-01,0.000000000000000000e+00,3.696504312226658318e-01,1.772151898734176945e-01,3.729348680830150281e-02,1.135664520266693872e-01,1.577292023914533131e-02,5.834400509281262998e-02,2.568022956180802674e-01,6.089743662797912627e-02,9.724166858078754638e-02,8.734196951782025042e-02,7.473635946813388109e-02,2.558796631714501529e-02
1.281569136164319722e-01,2.666666670000000239e-01,3.062593352916251517e-03,5.776516292787654550e-01,0.000000000000000000e+00,1.005109538441736850e-03,7.335155171947294050e-02,2.190927965694177137e-01,3.999999976000001567e-01,6.025425261465038734e-02,1.818181818181818232e-01,4.093567251461988077e-02,3.109122002095136492e-02,1.808922728960532522e-01,7.594936708860759722e-02,7.811025934467407186e-03,2.434710540624927810e-02,8.394478627756177692e-04,2.988305772443438507e-02,1.178979607512585237e-01,2.884615224685650736e-02,7.341901937090336387e-03,7.899250289099957537e-03,3.576341127922971069e-02,1.826981273241558594e-03
1.889813760055054567e-02,2.545454549999999760e-01,3.558621740556028919e-03,3.995216652510229505e-01,0.000000000000000000e+00,1.769427308310703856e-03,2.327173354257420501e-01,3.309714137008310519e-01,1.000000000000000000e+00,5.115198570630113267e-02,2.121212121212121271e-01,9.824561403508773327e-02,2.767823716578176121e-02,2.580202943566115570e-01,1.139240506329114028e-01,2.015256428073571374e-02,5.880617742571896817e-02,2.886392277635320327e-03,3.124063197382673240e-02,1.732702477483505921e-01,3.205128130099441086e-02,2.555201581896078197e-02,2.207814144459025948e-02,4.172397982576799003e-02,6.825432132881551449e-03
5.418560984813380887e-02,5.333333329999999650e-01,3.429223508610912191e-04,3.339557947143773631e-01,0.000000000000000000e+00,2.528828647860389576e-04,5.993127519683974502e-02,2.057670440080786589e-01,3.999999976000001567e-01,3.050562819351283067e-02,1.515151515151515194e-01,3.859649122807017746e-02,4.474308730348955376e-02,1.674754923330046275e-01,6.329113924050633333e-02,8.169658899275603417e-03,2.257772075473754581e-02,2.457980116319234318e-04,1.535740757365854949e-02,1.107583305442168542e-01,1.602563911043310141e-02,5.201082560194940883e-03,4.945233423853020657e-03,2.292526364053186494e-02,1.442696906208032698e-03
3.415747720056101083e-02,1.695906430000000131e-01,2.361482011920157040e-02,4.673514466079543572e-01,0.000000000000000000e+00,8.346020940067814392e-03,6.226629508374145194e-01,4.547388310902169550e-01,1.000000000000000000e+00,7.466794160299114469e-02,3.636363636363636465e-01,2.444444444444444642e-01,3.720012132370602298e-04,3.968550173791863811e-01,1.645569620253164445e-01,4.998431192559572855e-02,1.476465698908353552e-01,1.559494819355558386e-02,5.625991871984729886e-02,2.745382345967490312e-01,5.769230757384122277e-02,1.103542288755954559e-01,1.006353702428439689e-01,7.565337001375514736e-02,3.430336750174823451e-02
1.740356437030891601e-01,1.363636360000000103e-01,1.171268875127639761e-02,4.549193688142002534e-01,0.000000000000000000e+00,3.419054282117958699e-03,2.923239265131632458e-01,3.403200896115137208e-01,1.000000000000000000e+00,6.095609564055325807e-02,2.424242424242424032e-01,1.122807017543859670e-01,2.426525431061216098e-02,2.822375771475468254e-01,1.139240506329114028e-01,2.013398057509743072e-02,6.685725587856650165e-02,4.780001311145435673e-03,3.635134747247687620e-02,1.874386236905045133e-01,3.525641035513231436e-02,3.562961261522175349e-02,3.294050387848707073e-02,4.630903255387436301e-02,9.656723869307033345e-03
5.475490298238434340e-03,3.333333330000000094e-01,1.010082180901739914e-04,1.241420318110879606e-01,0.000000000000000000e+00,4.640410739257649756e-04,4.819394464135934308e-01,3.638600838410752658e-01,3.999999976000001567e-01,1.324787590840142970e-02,1.515151515151515194e-01,1.438596491228070207e-01,4.474308730348955376e-02,3.337028020652152982e-01,6.329113924050633333e-02,2.895961176167070536e-02,8.485558145092174376e-02,2.659503373757976952e-03,1.523402054519717476e-02,2.277445470132106187e-01,1.602563911043310141e-02,3.818121897875825094e-02,3.392669204682769585e-02,2.292526364053186494e-02,2.194617793667877348e-02
7.174711966828795084e-02,7.619047620000000132e-01,1.593709643424943409e-05,1.469094649250085038e-01,0.000000000000000000e+00,1.566010981989162298e-04,4.302335019886902034e-01,3.525370128363967126e-01,3.999999976000001567e-01,1.610408696506936826e-02,1.818181818181818232e-01,1.508771929824561375e-01,4.133016858646016561e-02,3.178400807583102727e-01,7.594936708860759722e-02,3.926774778868617755e-02,8.873536892291493394e-02,1.183347174444323744e-03,1.912294328378635194e-02,2.172724634047331072e-01,1.923076816457100491e-02,4.016791001301601993e-02,3.503501682626716796e-02,2.751031636863823793e-02,2.271506181516719583e-02
2.450781723556441985e-02,2.290640389999999971e-01,5.595976184306519600e-03,4.323832208498850083e-01,0.000000000000000000e+00,1.844407921093546218e-02,8.367380069807084375e-01,5.381301516720127243e-01,3.999999976000001567e-01,7.727152883648880088e-02,6.363636363636364646e-01,4.526315789473683848e-01,3.071517810488086711e-02,5.135116225963827219e-01,2.911392405063291111e-01,1.218913941505335580e-01,2.841044154087050688e-01,2.954814018523477595e-02,8.547209388592437451e-02,3.479851426311178497e-01,8.974358887483563363e-02,2.677711976404714700e-01,2.600600288450294340e-01,1.173773498395231513e-01,9.960057225842303130e-02
6.754917171756586640e-04,3.333333330000000094e-01,3.462196811578324495e-05,4.802765084979254695e-02,0.000000000000000000e+00,5.722918490951801255e-05,3.452203793392678577e-01,3.287537550279187037e-01,3.999999976000001567e-01,5.516942344376350726e-03,6.060606060606060774e-02,8.771929824561404410e-02,5.498203586899835793e-02,2.853415215496228896e-01,2.531645569620253472e-02,1.705299739136479156e-02,5.145610355786275208e-02,9.535270443903317086e-04,6.409091775483108724e-03,1.926601814219169317e-01,6.410255028147598087e-03,1.352800774969290659e-02,1.181151982121278997e-02,9.170105456212745976e-03,1.164712807792650170e-02
1.705329749925616617e-02,4.642857140000000160e-01,1.307941017707367167e-04,1.900455984378097707e-01,0.000000000000000000e+00,6.449618543691345695e-04,4.935469033253064297e-01,3.790753721084163530e-01,3.999999976000001567e-01,1.981981401283770816e-02,2.121212121212121271e-01,1.824561403508772051e-01,3.791718573129056885e-02,3.394578490254581693e-01,8.860759493670886111e-02,3.993314001725547374e-02,1.074916028058775647e-01,2.863234338973187718e-03,2.142316179343064370e-02,2.337957076709321069e-01,2.243589721870890841e-02,5.288632785062533093e-02,4.611046866676195288e-02,3.209536909674461092e-02,2.764690073548130983e-02
2.505759998297275165e-02,3.333333330000000094e-01,4.176618375872265167e-04,2.541437616672810873e-01,0.000000000000000000e+00,3.587234463078055194e-04,1.184826429286506694e-01,2.706477034220963196e-01,3.999999976000001567e-01,2.452955010771220440e-02,1.515151515151515194e-01,5.730994152046783863e-02,4.474308730348955376e-02,2.094214159472602699e-01,6.329113924050633333e-02,1.081278383490322931e-02,3.358456200065598057e-02,7.007219172647509865e-04,1.588962222935130092e-02,1.387750524130040852e-01,1.602563911043310141e-02,9.834919556989204018e-03,8.009043306523914302e-03,2.292526364053186494e-02,3.024804113078641797e-03
4.544462397941831378e-02,2.483660129999999966e-01,7.112550280989695523e-03,4.497605968596432024e-01,0.000000000000000000e+00,7.442517376646708670e-03,5.265023404312887401e-01,4.221697979780836274e-01,1.000000000000000000e+00,7.254158779403002688e-02,3.636363636363636465e-01,1.941520467836257424e-01,3.790564086605217094e-03,3.592101685764245156e-01,1.898734177215189722e-01,4.778784231995990978e-02,1.196908153998000046e-01,1.057917781076252867e-02,5.418384861694368337e-02,2.508940447385440975e-01,5.448717851970331927e-02,9.389645105343226439e-02,8.228304509959330493e-02,6.969280146721686109e-02,2.577729960473216717e-02
3.109811551833998461e-02,3.896103899999999731e-01,6.075429991654677023e-03,5.193941195811696554e-01,0.000000000000000000e+00,4.917503720390771493e-03,3.472225980140155599e-01,3.758365721333085663e-01,1.000000000000000000e+00,8.929781113481027877e-02,4.242424242424243097e-01,1.883040935672514737e-01,6.824298118693655074e-03,3.112900282849900835e-01,2.151898734177215000e-01,4.984905034224504372e-02,1.155297067258878180e-01,6.724587082074586462e-03,6.682546124001287335e-02,2.119475743530195300e-01,6.730769165612672522e-02,7.458779822835627515e-02,6.745708977040915100e-02,8.803301237964235304e-02,1.734691229443061089e-02
1.696257974316349171e-01,2.545454549999999760e-01,1.278643138910722128e-02,5.187847570171809641e-01,0.000000000000000000e+00,1.352520021499878334e-03,3.161882085554262867e-01,3.452475914077042241e-01,1.000000000000000000e+00,6.199125832322983226e-02,2.121212121212121271e-01,9.356725146198831278e-02,2.767823716578176121e-02,2.798567284112007947e-01,8.860759493670886111e-02,1.779047717482120164e-02,5.541315987712608360e-02,3.762488775622584852e-03,3.416656523712635618e-02,1.919429325996926949e-01,3.205128130099441086e-02,3.348812745714865868e-02,2.804464482933357802e-02,4.034846400733608368e-02,9.446892492399402638e-03
4.904417949733261284e-02,3.499999999999999778e-01,8.867004776380775152e-03,5.769622253696602421e-01,0.000000000000000000e+00,5.277636960395050425e-03,3.394842934062068940e-01,3.758365721333085663e-01,1.000000000000000000e+00,1.080534565892982690e-01,4.242424242424243097e-01,1.894736842105263219e-01,1.706324668420246271e-02,3.078169903795949791e-01,2.151898734177215000e-01,5.205467799922441907e-02,1.176678637335308586e-01,8.152703811325170968e-03,7.612184890313980490e-02,2.127546583794833190e-01,7.692307573841222768e-02,7.390870142710194435e-02,6.553733612255238650e-02,9.628610729023383275e-02,1.693997178388677999e-02
7.018451504938123808e-02,2.190476189999999990e-01,2.617058083220572158e-03,4.509865630343864451e-01,0.000000000000000000e+00,4.203280646373564258e-03,2.598555155713087594e-01,3.429677025169295401e-01,1.000000000000000000e+00,6.600857210395855157e-02,3.333333333333333703e-01,1.321637426900584833e-01,1.402636988324356890e-02,2.710079309326578478e-01,1.518987341772151667e-01,2.784067691706380160e-02,7.979820177747909415e-02,4.761947810823056147e-03,4.424941138786939870e-02,1.835274510260391234e-01,4.487179443741781681e-02,4.386366133043052146e-02,3.774281148084144416e-02,6.006419073819348198e-02,9.452147183077481279e-03
3.067138123340231587e-02,2.282608700000000046e-01,8.633388924856657057e-03,5.185630775759706435e-01,0.000000000000000000e+00,1.142387064859416712e-02,5.860007034822370953e-01,4.455004723839266489e-01,1.000000000000000000e+00,9.608444230192117463e-02,3.939393939393939226e-01,2.467836257309941606e-01,1.365026382903285901e-02,3.839716888389765881e-01,2.025316455696202500e-01,6.274127761508332957e-02,1.534970016353242594e-01,1.659371263133141428e-02,7.103166668972807352e-02,2.721606707054423091e-01,7.371794668427432418e-02,1.146981181695012203e-01,1.011940802723386573e-01,9.170105456212745976e-02,3.589926570253666044e-02
3.761652467687030127e-02,4.117647059999999803e-01,4.196325419945788962e-03,4.286208551182989490e-01,0.000000000000000000e+00,2.336284683964131529e-03,4.757433913255229019e-01,4.014669359537912374e-01,1.000000000000000000e+00,6.548448303410386862e-02,3.939393939393939226e-01,2.210526315789473895e-01,7.200404172904366698e-03,3.410364278223977363e-01,1.772151898734176945e-01,5.315256952574279325e-02,1.329552075874629036e-01,6.557973841212223071e-03,5.089562905352446737e-02,2.386525169338457597e-01,5.128204946556540883e-02,9.221135889267273456e-02,7.874693034315190243e-02,6.923429619440624183e-02,2.521359529745331382e-02
7.007859360263284099e-02,1.714285710000000018e-01,6.165853779492311629e-03,4.396144197220211991e-01,0.000000000000000000e+00,4.919716002856917153e-03,4.715495549122000196e-01,4.018912328937616074e-01,1.000000000000000000e+00,6.374673358512253363e-02,3.333333333333333703e-01,1.695906432748538195e-01,1.402636988324356890e-02,3.376365093369751991e-01,1.392405063291139167e-01,3.449792937879308380e-02,1.023657407330442609e-01,8.997566890475271889e-03,4.343113955157505007e-02,2.339233196086422661e-01,4.487179443741781681e-02,7.659213246382311213e-02,6.659563686446734465e-02,6.006419073819348198e-02,2.096533203095562667e-02
4.473266114138423066e-02,2.142857139999999883e-01,1.401695109144710308e-03,4.253998819347558080e-01,0.000000000000000000e+00,8.668553617886409638e-04,9.066803755512865826e-02,2.532487002370404916e-01,3.999999976000001567e-01,4.404802530105682984e-02,1.818181818181818232e-01,4.444444444444444614e-02,3.791718573129056885e-02,1.959178198008685312e-01,7.594936708860759722e-02,8.787788428184561962e-03,2.665137827443743793e-02,9.342066715364420477e-04,2.256708105689071014e-02,1.291752431076576002e-01,2.243589721870890841e-02,8.973065822456131532e-03,7.858321531125344803e-03,3.071985327831269763e-02,2.491888045574596876e-03
4.365720649394357056e-02,1.498039220000000060e-01,3.935526377455335345e-02,7.527322354990606534e-01,0.000000000000000000e+00,4.820674450396907063e-02,6.403041207824887726e-01,4.987242805338221174e-01,1.000000000000000000e+00,2.099575435791589950e-01,4.242424242424243097e-01,3.111111111111111160e-01,1.058006085041914568e-01,4.338067984935033428e-01,3.037974683544303889e-01,1.095669691488252856e-01,2.108710332481980032e-01,4.799924653432977723e-02,1.610922896545921579e-01,3.169590226731558436e-01,1.602564095851002623e-01,1.452288456353050539e-01,1.360419942050076214e-01,1.728564878496102741e-01,6.809433072724424552e-02
1.176342746947178636e-01,1.000000000000000000e+00,0.000000000000000000e+00,7.654203748674270891e-02,0.000000000000000000e+00,6.774986666572178434e-06,6.469330880164507469e-02,2.097808930601992028e-01,3.999999976000001567e-01,5.229238765584304921e-03,3.030303030303030387e-02,2.339181286549707472e-02,5.839501872416795469e-02,1.707226714501004494e-01,1.265822784810126563e-02,5.756059056391270995e-03,1.340874706749128203e-02,2.839320641135255964e-05,3.589648124538708310e-03,1.127064534747014291e-01,3.205125974009692853e-03,1.733694186731646889e-03,1.539700895235372995e-03,4.585052728106372988e-03,1.621459153747892030e-03
1.601697447997059084e-02,2.333333330000000039e-01,4.653939909628529784e-03,4.464306484900223415e-01,0.000000000000000000e+00,4.572362052320018064e-03,4.906788603587759479e-01,4.052912657060583346e-01,1.000000000000000000e+00,6.558389633448782896e-02,3.333333333333333703e-01,1.918128654970760461e-01,1.061338702807396867e-02,3.455526068737940770e-01,1.518987341772151667e-01,4.216806379310068104e-02,1.162307113108791423e-01,9.005450872034755083e-03,4.776835036687603064e-02,2.404930405566439444e-01,4.807692349155572031e-02,8.047097360510520325e-02,6.998687681093512802e-02,6.189821182943604227e-02,2.856197737065746881e-02
1.128986271338931237e-02,4.363636359999999992e-01,3.283888180231546699e-03,2.722790257350852228e-01,0.000000000000000000e+00,1.118801376946935034e-03,5.646527232879677838e-01,4.112908244372408539e-01,1.000000000000000000e+00,3.309905097485154463e-02,2.727272727272727071e-01,2.491228070175438847e-01,2.767823716578176121e-02,3.701537993435952689e-01,1.139240506329114028e-01,5.284521915775255985e-02,1.465504351293836216e-01,4.672341821166809891e-03,3.299587103208759947e-02,2.546457904605372025e-01,3.205128130099441086e-02,7.663341089684053142e-02,6.845757052089965211e-02,4.447501146263181659e-02,3.785419561085484608e-02
1.217843335141000211e-01,0.000000000000000000e+00,2.219323111726651844e-03,2.067881765980146280e-01,0.000000000000000000e+00,8.187468731954506492e-05,2.335019886901701924e-01,3.067355724897178337e-01,1.000000000000000000e+00,1.389108739928980596e-02,6.060606060606060774e-02,5.146198830409356995e-02,5.498203586899835793e-02,2.430807282182843032e-01,2.531645569620253472e-02,7.638882112220191090e-03,3.029796334555749995e-02,1.241362321229951687e-03,6.853946486959933831e-03,1.665893052795610063e-01,6.410255028147598087e-03,9.119870572139053555e-03,6.970232449358783507e-03,9.170105456212745976e-03,6.531984719825374881e-03
4.516953861039042784e-02,2.761904760000000181e-01,2.240887651867340055e-03,4.418574687644393206e-01,0.000000000000000000e+00,3.286229956468712712e-03,2.611542520089829011e-01,3.339443209268908586e-01,1.000000000000000000e+00,6.020256265672006141e-02,3.333333333333333703e-01,1.380116959064327520e-01,1.402636988324356890e-02,2.697598205678368721e-01,1.518987341772151667e-01,2.853540019893585286e-02,8.250179341485526507e-02,4.239069551706232605e-03,4.510516112579476822e-02,1.836203494096115274e-01,4.487179443741781681e-02,4.394754975882076559e-02,3.725166638514611217e-02,6.143970655662539526e-02,1.078916109267531558e-02
3.433562033496673216e-02,2.727272729999999923e-01,1.413125854173413309e-03,4.208276522755923787e-01,0.000000000000000000e+00,1.881392179002139460e-03,1.445114857003706732e-01,2.921171285846019261e-01,1.000000000000000000e+00,5.180846056768962510e-02,3.030303030303030942e-01,1.017543859649122917e-01,2.426525431061216098e-02,2.282405366926441026e-01,1.265822784810126389e-01,1.962537382510361542e-02,6.026509082908743792e-02,1.984514285415916752e-03,3.499633817367348715e-02,1.499558293965748690e-01,3.525641035513231436e-02,2.307897163439292382e-02,2.081649623845224437e-02,4.906006419073818958e-02,4.711779051643293081e-03
1.354209299448521156e-02,2.999999999999999889e-01,9.386400244723457520e-05,1.380193053566497463e-01,0.000000000000000000e+00,2.378675745726932208e-04,3.135095646527232827e-01,3.109926851207549525e-01,3.999999976000001567e-01,1.166259324180450585e-02,1.212121212121212155e-01,7.368421052631579649e-02,4.815607015865915053e-02,2.755189619805527013e-01,5.063291139240506944e-02,1.480436871326053921e-02,4.363822750588835370e-02,1.547335515834934389e-03,1.268390631209556987e-02,1.855643969520585634e-01,1.282051313642340942e-02,2.049141308726060845e-02,1.782284994088068411e-02,1.834021091242549195e-02,1.131441778054690858e-02
2.792812107436605604e-03,2.794117649999999786e-01,6.093939005720383842e-03,4.373800111485275366e-01,0.000000000000000000e+00,4.001648801405096809e-03,4.216293730890987579e-01,3.918184235388628700e-01,1.000000000000000000e+00,7.178483193512205651e-02,3.636363636363636465e-01,1.777777777777777846e-01,7.200404172904366698e-03,3.232426077613106408e-01,1.772151898734176945e-01,4.113414605372606170e-02,1.080338811036010288e-01,7.621392926085893138e-03,4.932673970930835650e-02,2.248208910380921632e-01,5.128204946556540883e-02,7.564272850442244067e-02,6.473305354521002863e-02,7.060981201283814124e-02,1.724810766736512013e-02
2.369131863166562199e-02,3.090909090000000248e-01,8.946756205157956965e-04,3.592650260733765144e-01,0.000000000000000000e+00,1.557513802519429986e-03,1.375037203387537432e-01,2.746021509026210783e-01,3.999999976000001567e-01,4.625296767914941626e-02,3.030303030303030942e-01,1.005847953216374296e-01,2.767823716578176121e-02,2.204880884862691071e-01,1.265822784810126389e-01,1.969775248057364578e-02,5.943869910354984687e-02,1.588693086773034467e-03,3.168852691072438638e-02,1.453319481562749815e-01,3.205128130099441086e-02,2.205366862073442069e-02,1.972311370398763253e-02,4.585052728106372988e-02,5.241070958301570493e-03
6.328387967589700625e-02,0.000000000000000000e+00,0.000000000000000000e+00,4.702892679016124067e-02,0.000000000000000000e+00,0.000000000000000000e+00,1.599069238886333469e-02,1.101220277999355179e-01,3.999999976000001567e-01,2.352450891131157434e-03,0.000000000000000000e+00,9.356725146198830584e-03,6.180800157933755840e-02,8.790244315886863724e-02,0.000000000000000000e+00,1.022103944592842430e-03,5.299368014425478654e-03,2.789999615541776876e-05,7.696859692858846157e-04,6.040347146097524433e-02,0.000000000000000000e+00,2.157131015749053603e-04,2.306303028728090327e-04,0.000000000000000000e+00,2.834929599202613772e-04
3.896240880556967739e-02,2.222222219999999970e-01,1.008983070802826031e-03,2.319769024193888418e-01,0.000000000000000000e+00,1.921936640236619320e-03,6.114342920533565318e-01,4.108608702047373828e-01,3.999999976000001567e-01,2.573973969829675829e-02,2.727272727272727071e-01,2.035087719298245834e-01,3.109122002095136492e-02,3.850641885315282398e-01,1.139240506329114028e-01,3.600077226946356290e-02,1.194224687307182814e-01,6.909303294933659412e-03,2.810223267348719439e-02,2.613669699070393926e-01,2.884615224685650736e-02,8.103089557555118172e-02,7.460987747359119904e-02,4.126547455295735689e-02,2.958953316040035045e-02
4.144859744706588106e-02,1.428571429999999920e-01,1.285958815729092207e-04,1.282042362871069763e-01,0.000000000000000000e+00,1.081332744754108380e-03,5.579425850266511722e-01,3.968307847230472252e-01,3.999999976000001567e-01,1.580906993899221930e-02,1.818181818181818232e-01,1.801169590643274809e-01,4.133016858646016561e-02,3.612005366931790862e-01,7.594936708860759722e-02,3.002526399411732660e-02,1.057513687083598691e-01,5.190305084527811058e-03,1.849743091796605954e-02,2.471686313126740253e-01,1.923076816457100491e-02,5.169091774606440065e-02,4.631316346816002905e-02,2.751031636863823793e-02,2.767531169016447523e-02
1.344093828997667064e-02,3.333333330000000094e-01,1.967407077055619762e-04,1.962958700718950844e-01,0.000000000000000000e+00,5.090761954397069692e-05,2.987093806650613012e-02,1.352715217551183624e-01,3.999999976000001567e-01,1.467672517713727864e-02,6.060606060606060774e-02,2.339181286549707472e-02,5.498203586899835793e-02,1.045534047203185990e-01,2.531645569620253472e-02,3.783577759629275488e-03,1.343789762148530145e-02,8.735831183545602978e-05,6.532709656658777092e-03,6.929098465048749711e-02,6.410255028147598087e-03,1.334225480111451761e-03,1.439003157361329593e-03,9.170105456212745976e-03,4.451757500149488211e-04
5.886389022037424867e-02,0.000000000000000000e+00,0.000000000000000000e+00,1.272177860585188558e-02,0.000000000000000000e+00,0.000000000000000000e+00,1.343921642901593494e-01,2.438519373398279066e-01,3.999999976000001567e-01,1.296587433935736389e-04,0.000000000000000000e+00,2.690058479532163663e-02,6.180800157933755840e-02,2.099557393608477707e-01,0.000000000000000000e+00,3.604261278301075858e-03,1.559641873524287951e-02,2.297688522024229549e-04,5.685264949153961793e-04,1.383024490178315635e-01,0.000000000000000000e+00,1.720378563177640428e-03,1.460442030586126027e-03,0.000000000000000000e+00,3.958035807312041375e-03
6.352243849683111843e-02,2.666666670000000239e-01,3.647561729760129181e-03,4.981350966506945532e-01,0.000000000000000000e+00,4.087792817167943370e-03,2.680537893341269906e-01,3.354378461555869162e-01,3.999999976000001567e-01,6.618954893508152693e-02,2.727272727272727071e-01,1.204678362573099459e-01,1.402636988324356890e-02,2.751395233335590662e-01,1.265822784810126389e-01,2.525493325731174854e-02,7.229219384825015526e-02,4.347540759582670632e-03,4.509462205795825018e-02,1.842029121625666233e-01,4.487179443741781681e-02,3.701610191778267889e-02,3.375258240972935087e-02,5.731315910132966235e-02,1.115220061512902684e-02
7.877706678183707054e-03,2.770562770000000175e-01,4.722766184022508806e-03,5.278056283342290600e-01,0.000000000000000000e+00,6.016308812943644418e-03,3.246299954003084576e-01,3.622845278706516847e-01,1.000000000000000000e+00,9.050800072539483265e-02,3.939393939393939226e-01,1.929824561403508942e-01,6.824298118693655074e-03,3.001228589935508451e-01,2.025316455696202500e-01,4.785933603783470991e-02,1.187769730278198932e-01,8.002429224782807091e-03,6.519326478937233216e-02,2.069789477150857926e-01,6.730769165612672522e-02,6.614069953628340381e-02,5.811883632394787558e-02,8.528198074277854035e-02,1.855917011895961977e-02
6.963556371050309834e-02,1.526315789999999895e-01,3.680409734176266073e-02,6.262511897670685057e-01,1.597444089456868943e-02,7.181441564928696050e-03,3.829378500500554838e-01,3.758365721333085663e-01,1.000000000000000000e+00,1.139487148847617703e-01,3.333333333333333703e-01,1.485380116959064412e-01,0.000000000000000000e+00,3.111868273946136743e-01,1.518987341772151667e-01,3.146154856795328747e-02,9.066807720907667234e-02,1.034875322856584900e-02,6.071127417017022770e-02,2.158857126963893980e-01,6.089743662797912627e-02,6.303016987406748206e-02,5.511219676987643562e-02,7.060981201283814124e-02,1.520899994371246663e-02
2.386153567141670317e-02,3.090909090000000248e-01,2.108455876049221411e-03,3.279175092762752208e-01,0.000000000000000000e+00,1.534915872433003639e-03,3.573689764333450869e-01,3.599282655306823564e-01,1.000000000000000000e+00,4.443910879570952405e-02,2.424242424242424032e-01,1.543859649122807098e-01,2.767823716578176121e-02,2.954041965323582764e-01,1.139240506329114028e-01,3.216253015462161580e-02,9.188500176369254757e-02,3.892590682698012297e-03,3.076062577873110715e-02,2.042978815938329418e-01,3.205128130099441086e-02,4.397351522475107660e-02,3.679950105895040541e-02,4.309949564419991025e-02,1.681835344110030328e-02
1.601126547472983639e-03,4.285714290000000037e-01,1.453968785449048394e-03,2.873791479770034796e-01,0.000000000000000000e+00,4.918637387039672890e-04,2.125869206417922430e-01,3.011150523582423189e-01,3.999999976000001567e-01,3.199596000213701663e-02,1.515151515151515194e-01,7.719298245614035492e-02,4.133016858646016561e-02,2.458894095497186072e-01,6.329113924050633333e-02,1.843629596222570374e-02,4.629230499092570200e-02,1.132623865625810751e-03,1.965767318827012916e-02,1.642358598540063497e-01,1.923076816457100491e-02,1.731497108845235847e-02,1.498642204695762974e-02,2.613480055020632811e-02,7.975537996743654184e-03
7.886214758809494130e-02,2.285714289999999926e-01,1.122425521442011430e-02,5.954264522695740247e-01,0.000000000000000000e+00,2.450233760583075699e-03,2.829351443491436302e-01,3.403200896115137208e-01,1.000000000000000000e+00,8.962084238269138470e-02,2.121212121212121271e-01,1.087719298245614086e-01,1.402636988324356890e-02,2.707645991439082689e-01,1.012658227848101250e-01,2.336698687318359072e-02,6.586474829248377405e-02,4.964086327938909034e-03,4.436959219722694941e-02,1.878816875147533705e-01,4.487179443741781681e-02,3.093419085949020847e-02,2.563309642295648685e-02,5.456212746446584272e-02,1.032504242254969791e-02
2.152888047183210141e-02,4.761904759999999737e-01,2.291917135539707495e-02,3.734656571758878663e-01,5.591054313099041301e-03,2.117999992906589109e-04,9.023512540923726843e-02,2.129602914637113154e-01,3.999999976000001567e-01,4.835267079037666033e-02,1.515151515151515194e-01,6.315789473684210731e-02,4.133016858646016561e-02,1.755649540774790740e-01,6.329113924050633333e-02,1.381505406763102600e-02,3.725011481105815203e-02,4.625196943405500568e-04,1.874252687802397538e-02,1.170693618906668565e-01,1.923076816457100491e-02,7.887509612215751198e-03,7.611449657627692052e-03,2.613480055020632811e-02,2.292764728027898036e-03
9.718960637351128917e-02,6.190476190000000489e-01,3.506161215534875364e-04,3.359135553846231970e-01,0.000000000000000000e+00,1.654944470464721586e-04,1.515192510619876032e-01,2.799256631761172232e-01,3.999999976000001567e-01,3.237390408302324996e-02,1.515151515151515194e-01,7.134502923976608624e-02,4.133016858646016561e-02,2.244398474567650403e-01,6.329113924050633333e-02,1.778050997220017096e-02,4.227694756367433859e-02,5.700008395113875760e-04,1.944222983894627887e-02,1.483100194658723558e-01,1.923076816457100491e-02,1.259125363266854966e-02,1.108844509699465943e-02,2.613480055020632811e-02,4.801937760018126604e-03
9.652431326763948743e-03,3.055555560000000059e-01,2.450003240176571936e-02,4.555974016887930356e-01,7.188498402555910244e-03,9.889117675295571418e-04,3.749289753510646750e-01,3.502260088366908608e-01,3.999999976000001567e-01,6.214893128842736286e-02,1.818181818181818232e-01,9.941520467836258146e-02,3.450420287612095821e-02,2.886921526100280078e-01,7.594936708860759722e-02,2.048690801044056320e-02,5.913701379551629389e-02,3.266775516951007149e-03,2.565247448984719209e-02,2.043716255474164467e-01,2.564102627284681191e-02,3.455204577911377695e-02,2.706755194054286107e-02,3.392939018798716427e-02,1.349534049381651002e-02
7.776973220663804809e-02,5.714285709999999963e-01,2.025582974591124547e-03,4.204151833905448443e-01,0.000000000000000000e+00,2.025999222712554894e-04,2.210016504775562107e-01,3.046197450823984187e-01,3.999999976000001567e-01,4.154942942095719155e-02,1.818181818181818232e-01,5.029239766081871482e-02,4.133016858646016561e-02,2.435253654537753443e-01,7.594936708860759722e-02,1.420955032515439607e-02,3.055013399348248393e-02,8.857258842991002756e-04,1.941912021173450992e-02,1.661456055942301946e-01,1.923076816457100491e-02,2.042849676596792882e-02,1.574847654067539071e-02,2.751031636863823793e-02,6.600658799821524682e-03
8.500265385602841228e-03,5.000000000000000000e-01,6.187989856884434578e-04,1.708877238431620316e-01,0.000000000000000000e+00,1.003950760304755658e-04,1.781974620525447195e-01,2.934918506701063023e-01,3.999999976000001567e-01,1.390881321220116540e-02,9.090909090909091161e-02,5.380116959064327326e-02,5.156905301382875423e-02,2.370153354580731841e-01,3.797468354430379861e-02,1.186178525172219833e-02,3.163009273377749564e-02,4.708134743070499007e-04,1.026808835947856137e-02,1.546262630321718068e-01,9.615384082285502454e-03,9.466742565720923444e-03,8.458609981419642349e-03,1.375515818431911896e-02,5.125426657589777536e-03
2.156335621221802321e-02,3.333333330000000094e-01,1.662920606353542269e-03,3.107174449560782814e-01,0.000000000000000000e+00,1.259056633986829765e-03,4.290700505966070777e-01,3.774545577977292954e-01,3.999999976000001567e-01,3.816788972709810740e-02,2.424242424242424032e-01,1.356725146198830556e-01,3.109122002095136492e-02,3.162270559387686530e-01,1.012658227848101250e-01,2.910306494866988364e-02,8.087816051777411974e-02,3.907425007218546902e-03,2.860660250374040536e-02,2.192624791716612509e-01,2.884615224685650736e-02,5.145456542798078348e-02,4.335979626573808338e-02,3.988995873452544361e-02,1.612361756418793229e-02
8.255720423251237255e-03,3.454545450000000018e-01,3.360287323207041855e-03,3.500887879670395164e-01,0.000000000000000000e+00,1.433274634961770669e-03,3.330447252360724253e-01,3.568054400524998115e-01,1.000000000000000000e+00,4.716553715225022675e-02,2.727272727272727071e-01,1.286549707602339387e-01,2.767823716578176121e-02,2.879069386678952958e-01,1.139240506329114028e-01,2.719774582613901717e-02,7.647366713604665522e-02,3.368253893366663938e-03,3.163430616812229479e-02,1.977414025590772950e-01,3.205128130099441086e-02,4.506206745029110727e-02,3.746215714044411060e-02,4.447501146263181659e-02,1.108247148641785217e-02
1.212572759331840139e-01,1.000000000000000000e+00,0.000000000000000000e+00,3.099302005459614318e-02,0.000000000000000000e+00,6.774986666572178434e-06,2.439730512189182687e-01,2.839564841058366262e-01,3.999999976000001567e-01,2.666061427255186911e-03,3.030303030303030387e-02,4.795321637426900457e-02,5.839501872416795469e-02,2.453340378096113827e-01,1.265822784810126563e-02,1.436325016875204981e-02,2.819774283201820220e-02,1.128407419134054638e-04,3.503078897479331051e-03,1.666625390572987198e-01,3.205125974009692853e-03,6.304947752822079830e-03,5.090757896651637929e-03,4.585052728106372988e-03,7.837415677629291574e-03
3.411152802245822485e-02,2.727272729999999923e-01,4.583289112470353825e-04,2.945238954735851511e-01,0.000000000000000000e+00,2.696085445562740324e-03,5.283692740604454263e-01,3.811119974202745730e-01,3.999999976000001567e-01,3.129089410115936526e-02,3.333333333333333703e-01,2.397660818713450437e-01,2.426525431061216098e-02,3.589911654176085598e-01,1.392405063291139167e-01,4.112378981144623746e-02,1.394145954153486744e-01,6.702362511257752183e-03,3.436606235711534008e-02,2.449847356247237262e-01,3.525641035513231436e-02,8.561613054637332021e-02,7.706560295206787981e-02,5.043558000917010287e-02,3.252248637658070735e-02
4.662372755695812915e-02,2.287581700000000107e-01,4.996741358378740602e-03,5.458297533054616846e-01,0.000000000000000000e+00,5.841296400067135831e-03,3.332070672907816999e-01,3.583640241453245334e-01,3.999999976000001567e-01,7.803683771001837521e-02,3.333333333333333703e-01,1.391812865497076002e-01,3.790564086605217094e-03,2.953751492622522790e-01,1.645569620253164445e-01,2.912134819878441083e-02,8.391119215811515542e-02,7.093654360526110286e-03,5.596682346141370473e-02,2.026235896184049312e-01,5.448717851970331927e-02,5.488500294608170821e-02,4.776840819614620176e-02,6.694176983035304840e-02,1.397257876322311777e-02
7.980917733123626956e-02,8.095238099999999548e-01,5.363657282699118970e-05,3.233180469085910613e-01,0.000000000000000000e+00,9.840840746306380197e-05,8.252387781054683347e-02,2.488388407076141950e-01,3.999999976000001567e-01,3.123722083549070050e-02,1.818181818181818232e-01,6.081871345029239706e-02,4.133016858646016561e-02,1.951609295533589528e-01,7.594936708860759722e-02,1.521884595168888910e-02,3.553903075976470177e-02,2.317745421246012534e-04,2.046284471025272556e-02,1.292078076212787585e-01,1.923076816457100491e-02,8.418470101431761374e-03,6.685030469186492401e-03,2.751031636863823793e-02,2.801510588605923228e-03
3.274081249232332208e-02,2.777777779999999752e-01,2.868677358164897729e-04,2.045893429931573970e-01,0.000000000000000000e+00,1.360419174251549252e-03,4.829134987418490788e-01,3.698143842319943086e-01,3.999999976000001567e-01,2.241522010191475400e-02,2.424242424242424032e-01,1.789473684210526327e-01,3.450420287612095821e-02,3.378066763176513776e-01,1.012658227848101250e-01,3.297032373377969949e-02,1.049541270290465372e-01,4.543283145661774700e-03,2.519504501606074226e-02,2.311422657484125120e-01,2.564102627284681191e-02,5.808175127080981992e-02,5.134090407078726465e-02,3.668042182485098390e-02,2.579506415874553704e-02
8.935008906048175215e-02,0.000000000000000000e+00,1.270955962878919437e-03,3.475479158616463504e-01,0.000000000000000000e+00,1.921087497960263226e-03,4.946562406991531491e-01,3.786708756923111707e-01,3.999999976000001567e-01,2.763119549699895316e-02,1.818181818181818232e-01,1.298245614035087869e-01,3.791718573129056885e-02,3.395449714850456990e-01,7.594936708860759722e-02,1.936618000281175103e-02,7.654215004320708005e-02,6.936601184401826846e-03,2.126771615457435233e-02,2.309367374613216506e-01,2.243589721870890841e-02,4.534569023199144788e-02,4.088782921663657033e-02,3.071985327831269763e-02,1.778749789743863316e-02
4.647784307352444133e-02,5.714285709999999963e-01,1.652402122706937574e-03,4.409484016791604399e-01,0.000000000000000000e+00,1.343118297977822671e-03,3.482778213696258174e-01,3.568054400524998115e-01,1.000000000000000000e+00,6.159930713144162046e-02,3.333333333333333703e-01,1.520467836257310135e-01,1.402636988324356890e-02,2.971755057682978762e-01,1.518987341772151667e-01,4.126072239487948295e-02,9.171888539537766116e-02,3.009083059399279836e-03,4.938860411282567503e-02,2.049480176863412439e-01,4.487179443741781681e-02,5.767329451829066728e-02,4.883645388043605928e-02,6.006419073819348198e-02,1.493168655483734925e-02
3.056922883865752227e-02,2.666666670000000239e-01,2.333875663565740388e-02,3.959959862751724069e-01,7.987220447284344715e-03,1.195647142881586106e-03,1.375307773478719742e-01,2.842930930115464827e-01,3.999999976000001567e-01,5.981023959473089763e-02,2.424242424242424032e-01,8.654970760233918203e-02,3.109122002095136492e-02,2.222063149198829635e-01,1.012658227848101250e-01,1.660111985796585213e-02,5.124186889627174724e-02,1.571458345058107057e-03,2.749281812909061540e-02,1.459562925761972441e-01,2.884615224685650736e-02,1.771643713860565281e-02,1.607200862752231757e-02,3.988995873452544361e-02,4.079845977137615959e-03
1.626439057311317715e-01,2.857142859999999840e-01,3.472660339719983724e-03,2.958223573185028155e-01,0.000000000000000000e+00,8.125604059081501223e-04,2.088801103925972125e-01,3.117055039799052629e-01,3.999999976000001567e-01,3.655260953095888776e-02,1.818181818181818232e-01,1.076023391812865604e-01,3.791718573129056885e-02,2.488950339032635073e-01,7.594936708860759722e-02,1.989644445757518879e-02,6.314358477488819787e-02,1.769395205600389357e-03,2.307592795062513025e-02,1.649656248014932380e-01,2.243589721870890841e-02,2.022343616323622750e-02,1.795408183152943926e-02,3.071985327831269763e-02,7.428680214076784083e-03
6.287333014368069219e-03,3.333333330000000094e-01,2.407051116621121469e-05,1.305987112106249404e-01,0.000000000000000000e+00,5.462550147053965349e-05,5.262588273492248975e-02,1.881360918291723472e-01,3.999999976000001567e-01,1.312156399681629892e-02,6.060606060606060774e-02,3.040935672514619853e-02,5.498203586899835793e-02,1.498715420448113456e-01,2.531645569620253472e-02,5.505015980487583740e-03,1.769663924878218247e-02,1.575539355416826707e-04,6.513079723267036283e-03,1.018788399672428957e-01,6.410255028147598087e-03,2.246012802972047282e-03,1.980821953406182358e-03,9.170105456212745976e-03,1.036989569486960723e-03
4.392963135567479194e-02,1.333333329999999983e-01,1.450143882304828682e-03,2.168038538260814163e-01,0.000000000000000000e+00,6.128449562966442783e-04,4.262831786574312054e-01,3.490719211599713212e-01,3.999999976000001567e-01,1.839183244123738376e-02,1.212121212121212155e-01,1.111111111111111188e-01,4.474308730348955376e-02,3.091331722578594121e-01,5.063291139240506944e-02,1.843373430076583261e-02,6.530210588864578114e-02,3.426942277974950012e-03,1.569282396366238758e-02,2.139817074080497261e-01,1.602563911043310141e-02,2.788324861267846982e-02,2.363408391045047907e-02,2.154974782209995512e-02,1.750283342238675294e-02
6.235940881754195586e-02,0.000000000000000000e+00,2.291440121756778761e-02,3.443460554700621401e-01,2.396166134185303415e-03,6.497038495809600905e-05,1.752482480586596003e-01,2.782567618788999164e-01,3.999999976000001567e-01,3.538369753267841394e-02,3.030303030303030387e-02,3.742690058479532234e-02,5.498203586899835793e-02,2.260022573506520471e-01,1.265822784810126563e-02,5.379494445225486976e-03,2.195538138384882029e-02,9.240966488006540540e-04,6.124337237840515175e-03,1.514445798698025314e-01,6.410255028147598087e-03,4.549948568404022474e-03,3.704377428114808812e-03,7.794589637780834426e-03,4.961907808692319483e-03
3.740878339878919712e-02,4.285714290000000037e-01,7.792690601298515873e-04,3.646885543443063593e-01,0.000000000000000000e+00,5.386187873977782035e-04,3.143483319353878591e-01,3.335737682659831727e-01,3.999999976000001567e-01,3.648009484177605621e-02,1.818181818181818232e-01,9.239766081871345071e-02,3.791718573129056885e-02,2.772622595650624522e-01,7.594936708860759722e-02,1.928164508856406584e-02,5.435356524294562147e-02,1.903242498605110843e-03,2.223509428355875672e-02,1.894783948790153549e-01,2.243589721870890841e-02,2.904803278306518702e-02,2.422072944141990397e-02,3.071985327831269763e-02,1.007934624029690855e-02
1.845006383000422556e-03,3.333333330000000094e-01,2.198220197827507926e-04,6.367962454047382259e-02,0.000000000000000000e+00,5.654300860281371004e-05,2.231932682161313908e-01,3.039182408083138665e-01,3.999999976000001567e-01,6.984342157276061253e-03,6.060606060606060774e-02,5.847953216374268681e-02,5.498203586899835793e-02,2.481842059927925614e-01,2.531645569620253472e-02,1.109969020352208867e-02,3.420690137154470262e-02,6.098521698661812625e-04,6.499959789499592036e-03,1.647087928631361664e-01,6.410255028147598087e-03,8.775328812679136434e-03,7.515949222353599142e-03,9.170105456212745976e-03,6.707026892999920151e-03
1.204674378294871978e-01,1.000000000000000000e+00,0.000000000000000000e+00,5.273637202289094272e-02,0.000000000000000000e+00,6.774986666572178434e-06,6.125706864363213155e-02,2.060527372809920488e-01,3.999999976000001567e-01,6.226346731031617843e-03,3.030303030303030387e-02,3.040935672514619853e-02,5.839501872416795469e-02,1.629950354392961653e-01,1.265822784810126563e-02,8.338216390099505507e-03,1.766748920255791985e-02,2.682951559470263074e-05,3.350578752570080796e-03,1.085011309780309907e-01,3.205125974009692853e-03,1.697076221958129013e-03,1.524108987435521083e-03,4.585052728106372988e-03,1.095777706004016352e-03
4.304091106411866985e-02,4.761904759999999737e-01,6.649616098428211448e-04,3.169781859953036407e-01,0.000000000000000000e+00,4.472785788102339095e-04,3.358586541843664453e-01,3.358112274627609306e-01,3.999999976000001567e-01,3.074833547799142586e-02,1.818181818181818232e-01,9.122807017543860253e-02,4.133016858646016561e-02,2.853567329461103030e-01,7.594936708860759722e-02,1.937386499257086336e-02,5.352717402517779416e-02,1.598217354562293888e-03,1.923499329682466785e-02,1.937034793433230484e-01,1.923076816457100491e-02,3.085163399345536989e-02,2.625352442082559343e-02,2.751031636863823793e-02,1.091234830660296751e-02
8.699371100416856961e-02,8.888888889999999599e-01,7.386019864700426945e-05,4.151921769084645497e-01,0.000000000000000000e+00,8.989608793062786130e-05,7.451500311155605238e-02,2.051956574622516571e-01,3.999999976000001567e-01,4.343766234458460579e-02,2.424242424242424032e-01,7.251461988304094830e-02,3.109122002095136492e-02,1.738332631826969843e-01,1.012658227848101250e-01,2.107566379437884885e-02,4.304503868899364066e-02,2.419326785385277881e-04,3.515539674332044534e-02,1.172260010991972301e-01,2.884615224685650736e-02,1.040615980745608279e-02,9.505866455309694429e-03,3.988995873452544361e-02,4.106914142547111839e-03
2.259735128761901704e-02,2.222222219999999970e-01,1.884435255688620293e-03,5.297759254460143730e-01,0.000000000000000000e+00,1.513229666529770229e-03,9.191265997456642134e-02,2.383021333650141571e-01,3.999999976000001567e-01,5.685511106461357128e-02,1.818181818181818232e-01,4.912280701754385970e-02,3.109122002095136492e-02,1.908713179727742348e-01,8.860759493670886111e-02,9.306525390240091497e-03,2.928648751242292347e-02,1.143891596613614593e-03,2.954721351176489014e-02,1.278551239847032228e-01,2.884615224685650736e-02,9.129191508626857687e-03,7.935631407299610987e-03,3.438789546079779741e-02,3.058277931400787530e-03
5.892630128737513101e-02,0.000000000000000000e+00,0.000000000000000000e+00,1.573556611329385291e-02,0.000000000000000000e+00,0.000000000000000000e+00,1.146946616521009876e-01,2.352471953972268270e-01,0.000000000000000000e+00,2.632841022638110484e-04,0.000000000000000000e+00,2.573099415204678150e-02,6.180800157933755840e-02,2.007689502711571539e-01,0.000000000000000000e+00,3.012516889326272585e-03,1.468257585549299742e-02,2.054937874603096116e-04,5.008094534280586180e-04,1.324440328654917787e-01,0.000000000000000000e+00,1.467048825062666718e-03,1.165495108038927963e-03,0.000000000000000000e+00,3.281393330765774215e-03
6.131970473690021017e-02,6.944444440000000496e-01,6.902411421178374301e-05,1.163001561553211327e-01,0.000000000000000000e+00,3.852292593666214494e-04,6.542114234692497643e-01,4.221697979780836274e-01,3.999999976000001567e-01,2.013404433262996895e-02,2.424242424242424032e-01,2.900584795321637377e-01,3.450420287612095821e-02,3.967931312102367380e-01,1.012658227848101250e-01,7.677136294344073797e-02,1.718595022164286779e-01,2.682233287250507248e-03,2.445327895706898846e-02,2.757409396342241359e-01,2.564102627284681191e-02,8.030319674832472887e-02,7.125566830814807073e-02,3.668042182485098390e-02,4.800775836238462685e-02
3.041054066385864493e-02,2.352941179999999965e-01,1.407762196890714355e-03,3.812418527792412748e-01,0.000000000000000000e+00,5.565953671699450621e-03,5.390297356530210360e-01,3.922342345400338104e-01,3.999999976000001567e-01,4.732345803091505404e-02,4.242424242424243097e-01,2.643274853801169666e-01,7.200404172904366698e-03,3.750755843965668523e-01,1.772151898734176945e-01,4.854835516201277262e-02,1.558068599708421764e-01,1.056626903459006832e-02,4.920020239386038718e-02,2.520282941615124561e-01,5.128204946556540883e-02,1.109444438896267926e-01,1.047314943544300492e-01,7.060981201283814124e-02,3.597178317428040284e-02
2.095692683028490752e-02,5.714285709999999963e-01,6.495740684580286186e-04,2.871880165559415055e-01,0.000000000000000000e+00,4.095433865285074489e-04,3.413241700262453215e-01,3.239818287763842619e-01,3.999999976000001567e-01,2.440695689813645458e-02,1.818181818181818232e-01,1.064327485380116983e-01,3.791718573129056885e-02,2.861544442181374048e-01,7.594936708860759722e-02,2.443827476622142253e-02,6.257954600421775093e-02,1.576923159768620899e-03,2.422451178227248703e-02,1.950582957344409452e-01,2.243589721870890841e-02,3.163692289255290446e-02,2.708574249964268779e-02,3.071985327831269763e-02,1.432221779680288055e-02
1.340618541341401194e-03,3.333333330000000094e-01,9.826044284288960786e-06,5.905254780368029977e-02,0.000000000000000000e+00,5.667333415010314022e-05,2.277117887388727946e-01,2.686846229131661934e-01,0.000000000000000000e+00,5.781589970710265813e-03,6.060606060606060774e-02,5.964912280701754194e-02,5.498203586899835793e-02,2.421846978095405500e-01,2.531645569620253472e-02,1.124314339052126695e-02,3.485839078865769075e-02,6.297894221496049428e-04,6.437336017974866487e-03,1.604552950384293131e-01,6.410255028147598087e-03,8.948099028292369472e-03,7.884308044125099002e-03,9.170105456212745976e-03,7.640553178757644552e-03
3.108747348915333070e-03,2.934782610000000180e-01,4.315974545313540182e-03,4.668387889004739222e-01,0.000000000000000000e+00,9.297908395967604753e-03,7.232338537298087511e-01,4.608204205631267758e-01,3.999999976000001567e-01,6.937585677344837443e-02,5.454545454545455252e-01,3.438596491228069763e-01,1.365026382903285901e-02,4.493188662261882182e-01,2.405063291139240556e-01,8.013692540180815393e-02,2.086200548781913799e-01,1.786525688972629214e-02,7.302493775080698413e-02,3.059541267767050265e-01,7.371794668427432418e-02,1.915881877103452480e-01,1.818835024622221241e-01,9.720311783585509902e-02,5.970939272327694530e-02
6.740894081213758687e-03,4.473684210000000161e-01,5.132844161927229993e-04,2.818525199921782520e-01,0.000000000000000000e+00,4.670935522983731165e-03,7.468275656808897045e-01,4.736653032591662260e-01,3.999999976000001567e-01,4.815409210307598081e-02,5.757575757575758013e-01,4.152046783625730764e-01,0.000000000000000000e+00,4.626172880968043577e-01,2.405063291139240556e-01,1.164745486918860734e-01,2.547156970877455517e-01,1.160661696000162176e-02,5.935104310816856354e-02,3.151205514371575034e-01,6.089743662797912627e-02,2.143502475041528244e-01,2.002546678273975922e-01,8.711600183402108677e-02,8.438513240696950135e-02
1.951149538690205576e-02,3.484848480000000137e-01,4.011751861035201612e-04,2.426714330339562742e-01,0.000000000000000000e+00,2.230393602369251053e-03,6.638707757244515228e-01,4.310291180846670400e-01,3.999999976000001567e-01,2.975271499334786879e-02,3.333333333333333703e-01,2.982456140350877027e-01,2.426525431061216098e-02,4.041778910194775420e-01,1.392405063291139167e-01,6.302240757401832150e-02,1.768863349690448505e-01,7.241083466999411085e-03,3.479316323916845782e-02,2.803847209188997103e-01,3.525641035513231436e-02,1.088332517751390560e-01,9.695308135077894407e-02,5.043558000917010287e-02,5.067365408531578769e-02
9.514190259084634449e-02,8.571428570000000358e-01,1.956415976066481875e-05,2.945339522884557470e-01,0.000000000000000000e+00,7.430512330623089518e-05,1.569035958765118144e-01,2.482137098827242871e-01,0.000000000000000000e+00,2.181737677554076299e-02,1.818181818181818232e-01,6.198830409356725218e-02,4.133016858646016561e-02,2.227474527286746886e-01,7.594936708860759722e-02,1.692235252780345534e-02,3.651117423973285897e-02,3.701785604661101867e-04,2.014284776781586489e-02,1.473358293060291757e-01,1.923076816457100491e-02,1.491516283343153476e-02,1.259241453685537235e-02,2.751031636863823793e-02,6.919941204464439936e-03
5.337121747917819570e-02,2.307692309999999913e-01,1.529851346678054143e-03,3.806213934628144835e-01,0.000000000000000000e+00,4.661248355723439200e-03,4.194648123596417810e-01,3.513800965134106224e-01,3.999999976000001567e-01,4.109673942968252586e-02,3.636363636363636465e-01,1.625730994152046749e-01,1.743928860027296052e-02,3.256609834402297565e-01,1.518987341772151667e-01,2.976515657228382544e-02,9.592072329705846057e-02,6.736798065371347663e-03,4.245174437386790151e-02,2.180283712353813796e-01,4.166666538327991332e-02,7.337507781317513522e-02,6.791705105050478697e-02,5.823016964695093556e-02,2.104565275261113810e-02
8.173798969408157394e-03,3.333333330000000094e-01,5.385639484677393930e-04,2.168578109459166625e-01,0.000000000000000000e+00,3.797706514576165075e-04,2.936226629508373875e-01,3.046197450823984187e-01,3.999999976000001567e-01,1.951897102027920494e-02,1.515151515151515194e-01,8.187134502923977541e-02,4.474308730348955376e-02,2.709359870442348273e-01,6.329113924050633333e-02,1.640745805793773424e-02,4.831525665719485496e-02,1.639375220244519878e-03,1.545073760094362210e-02,1.813561946702872407e-01,1.602563911043310141e-02,2.323110263349744548e-02,2.050595740810519374e-02,2.292526364053186494e-02,1.142664344938339530e-02
5.338989645749018381e-02,6.666666669999999906e-01,3.473187912567462517e-05,9.735781299836360203e-02,0.000000000000000000e+00,6.293323034179269305e-05,2.695689818447468689e-01,3.018137279860603206e-01,3.999999976000001567e-01,8.493267475947131190e-03,9.090909090909091161e-02,7.602339181286550673e-02,5.156905301382875423e-02,2.663115842201762007e-01,3.797468354430379861e-02,1.947376989171626174e-02,4.494120684788408676e-02,5.090184090003975394e-04,1.000225217028733425e-02,1.749192359223344373e-01,9.615384082285502454e-03,1.424305673454305705e-02,1.316216883437495988e-02,1.375515818431911896e-02,1.017897298324423917e-02
3.535537061088351012e-03,4.152046779999999937e-01,1.552383103705785991e-03,3.133174814556693444e-01,0.000000000000000000e+00,5.657571382792359570e-03,6.367055385697665271e-01,4.270265836176121432e-01,3.999999976000001567e-01,5.022491329536373644e-02,5.151515151515151381e-01,3.719298245614034992e-01,3.720012132370602298e-04,4.211359980132217684e-01,2.151898734177215000e-01,9.424087791326656027e-02,2.252177676473964552e-01,1.008836855978205611e-02,5.632590466601064549e-02,2.845811654353402331e-01,5.769230757384122277e-02,1.638860315780012733e-01,1.545573847173317139e-01,8.115543328748280050e-02,6.187056410248541194e-02
4.780349626132211760e-02,6.666666669999999906e-01,1.132083401881166538e-04,2.316597074554314073e-01,0.000000000000000000e+00,6.321864622805851985e-04,5.131902919451284406e-01,3.766455649655189308e-01,3.999999976000001567e-01,2.978048130168454294e-02,3.333333333333333703e-01,2.713450292397660557e-01,2.426525431061216098e-02,3.584885017240569960e-01,1.392405063291139167e-01,6.457186497292495553e-02,1.588995880704641983e-01,2.999388650340178378e-03,3.566326063935492535e-02,2.430853523666881011e-01,3.525641035513231436e-02,8.480121438486812324e-02,7.747099255486401825e-02,5.043558000917010287e-02,3.582217863668304275e-02
2.199956855440005424e-02,3.333333330000000094e-01,4.473378102578978483e-04,2.097906788570397807e-01,0.000000000000000000e+00,1.339916442666694123e-03,6.127871425092671354e-01,4.078540192234800799e-01,3.999999976000001567e-01,2.522098076798882232e-02,2.424242424242424032e-01,2.748538011695906280e-01,3.109122002095136492e-02,3.842827122184505617e-01,1.012658227848101250e-01,5.219902776504480729e-02,1.608540568295729056e-01,5.720436078372307526e-03,2.797505832456106262e-02,2.647041101286333187e-01,2.884615224685650736e-02,7.469166009207753310e-02,6.732650754258540093e-02,3.988995873452544361e-02,4.009422845602856472e-02
6.778085756131692514e-03,3.333333330000000094e-01,4.231573880817952838e-04,2.270441266390310631e-01,0.000000000000000000e+00,5.108853500747228844e-04,5.176005844313970039e-01,3.798900222331595966e-01,3.999999976000001567e-01,2.061375689183945342e-02,1.515151515151515194e-01,1.578947368421052821e-01,4.133016858646016561e-02,3.463866566901284694e-01,6.329113924050633333e-02,3.125486272676007704e-02,9.293580994999353639e-02,3.290030357031908589e-03,1.887855115472408113e-02,2.360858059672544251e-01,1.923076816457100491e-02,4.100546273456302793e-02,3.712693112274730034e-02,2.613480055020632811e-02,2.186241803025090399e-02
1.198573502500211718e-01,1.000000000000000000e+00,0.000000000000000000e+00,3.447939557633417085e-02,0.000000000000000000e+00,6.774986666572178434e-06,2.839091966773992781e-01,2.822734395772871219e-01,3.999999976000001567e-01,2.708702543629364079e-03,3.030303030303030387e-02,6.900584795321637599e-02,5.839501872416795469e-02,2.583442837386460411e-01,1.265822784810126563e-02,2.028069405850008514e-02,4.047841286593834714e-02,1.312806162943353113e-04,3.681224370037940695e-03,1.739970185548738724e-01,3.205125974009692853e-03,7.397494665428313264e-03,6.425165339188961683e-03,4.585052728106372988e-03,9.777766730976225965e-03
7.333472197033623352e-02,7.619047620000000132e-01,9.990910799126022647e-06,1.227063769904193635e-01,0.000000000000000000e+00,1.559504091707466242e-04,3.734678968586812586e-01,3.178040653304141649e-01,3.999999976000001567e-01,1.584142264647379200e-02,1.818181818181818232e-01,1.614035087719298267e-01,4.133016858646016561e-02,3.012361200949846829e-01,7.594936708860759722e-02,4.154250543519910632e-02,9.477367750866569351e-02,1.035342569491679151e-03,1.881456120481235506e-02,2.021026752967582385e-01,1.923076816457100491e-02,3.544685568194301528e-02,3.232917116016787579e-02,2.751031636863823793e-02,2.288490410538912209e-02
4.288721134050103162e-02,2.190476189999999990e-01,1.942578179921157977e-03,4.058462107201356028e-01,0.000000000000000000e+00,4.582833413446985547e-03,5.468762682973025147e-01,3.926500455412049728e-01,3.999999976000001567e-01,4.487382506060554749e-02,3.636363636363636465e-01,2.315789473684210509e-01,1.402636988324356890e-02,3.717761371327679143e-01,1.518987341772151667e-01,3.918577453589836695e-02,1.352622726815461696e-01,9.579614250750340815e-03,4.271981701061841608e-02,2.500918316345561165e-01,4.487179443741781681e-02,9.567508546965867999e-02,9.002767563634474224e-02,6.143970655662539526e-02,3.013546606270014680e-02
1.209063661062012296e-01,1.000000000000000000e+00,0.000000000000000000e+00,2.701538958086890929e-02,0.000000000000000000e+00,6.774986666572178434e-06,3.172434319110365442e-01,3.063819917064091181e-01,3.999999976000001567e-01,2.615982906862258234e-03,3.030303030303030387e-02,6.432748538011696937e-02,5.839501872416795469e-02,2.639991468001536834e-01,1.265822784810126563e-02,1.898961539164596701e-02,3.775585298151031693e-02,1.459674900960916330e-04,3.710142608124004752e-03,1.850200251627889814e-01,3.205125974009692853e-03,8.193768953957901099e-03,6.280940192040331167e-03,4.585052728106372988e-03,1.092478966028143962e-02
1.190560387086075089e-01,1.000000000000000000e+00,0.000000000000000000e+00,9.272874625758309453e-02,0.000000000000000000e+00,6.774986666572178434e-06,9.892042533618335132e-02,2.337282123521325916e-01,3.999999976000001567e-01,6.826917105545813463e-03,3.030303030303030387e-02,2.222222222222221960e-02,5.839501872416795469e-02,1.951932368643338744e-01,1.265822784810126563e-02,5.756059056391270995e-03,1.281555825059657421e-02,4.437258601561172968e-05,3.463052353237364156e-03,1.293763706412687786e-01,3.205125974009692853e-03,2.575907376522558467e-03,1.993165547081065213e-03,4.585052728106372988e-03,3.053989226883869340e-03
1.199276319844413546e-01,1.000000000000000000e+00,0.000000000000000000e+00,1.120723973534731299e-01,0.000000000000000000e+00,6.774986666572178434e-06,6.052652939744040950e-02,1.964466545600607184e-01,3.999999976000001567e-01,6.423190024061244813e-03,3.030303030303030387e-02,1.871345029239766117e-02,5.839501872416795469e-02,1.714384127238014477e-01,1.265822784810126563e-02,4.787750056250683270e-03,1.077363833727555328e-02,2.467561566042402910e-05,3.290344633217650791e-03,1.121139711472495804e-01,3.205125974009692853e-03,1.613187793567888136e-03,1.611163805984694008e-03,4.585052728106372988e-03,1.674930940895732459e-03
5.851985337057451220e-02,0.000000000000000000e+00,0.000000000000000000e+00,7.725660006502321764e-03,0.000000000000000000e+00,0.000000000000000000e+00,2.129116047512107923e-01,2.683564999462557665e-01,3.999999976000001567e-01,0.000000000000000000e+00,0.000000000000000000e+00,3.625730994152046721e-02,6.180800157933755840e-02,2.309273109547614888e-01,0.000000000000000000e+00,5.271904556320977132e-03,2.124559085874779332e-02,3.632790621234100294e-04,5.955921476861613002e-04,1.578641717504633002e-01,0.000000000000000000e+00,2.717385876783877385e-03,2.089315645180151500e-03,0.000000000000000000e+00,6.337115851967184237e-03
6.626486724733715583e-02,0.000000000000000000e+00,3.220392589817298851e-05,1.003076927824562148e-01,0.000000000000000000e+00,1.965474626619729764e-05,3.282015206039124583e-02,1.450840956535022208e-01,3.999999976000001567e-01,7.946742237302524547e-03,3.030303030303030387e-02,1.871345029239766117e-02,5.839501872416795469e-02,1.160369985752331967e-01,1.265822784810126563e-02,2.313182611446959035e-03,1.077363833727555328e-02,1.253497886494874263e-04,3.479932340253744268e-03,7.723261836810918490e-02,3.205125974009692853e-03,9.314278676027549098e-04,9.485077244909891373e-04,4.585052728106372988e-03,6.233008577463842537e-04
6.957459375162124149e-02,0.000000000000000000e+00,3.022552772012823262e-05,1.248394441731885962e-01,0.000000000000000000e+00,1.948118876341496899e-05,2.897805676560513341e-02,1.463258713644823850e-01,3.999999976000001567e-01,8.556981237041100252e-03,3.030303030303030387e-02,1.286549707602339249e-02,5.839501872416795469e-02,1.173263479808754894e-01,1.265822784810126563e-02,1.667643278019901058e-03,7.457889128183058450e-03,1.063483445432098320e-04,3.715872815257825063e-03,8.174896438249096287e-02,3.205125974009692853e-03,8.129188179720971043e-04,6.756493379935813197e-04,4.585052728106372988e-03,5.657527460177666457e-04
7.345333625397912347e-02,0.000000000000000000e+00,0.000000000000000000e+00,1.129987132797621863e-01,0.000000000000000000e+00,0.000000000000000000e+00,5.330230796287778808e-03,7.754168010273643219e-02,0.000000000000000000e+00,5.457319155492693780e-03,0.000000000000000000e+00,3.508771929824561469e-03,6.180800157933755840e-02,6.003613131723317675e-02,0.000000000000000000e+00,3.227696667135292055e-04,1.954468759108722500e-03,9.111198814112479456e-06,7.545416855109644653e-04,4.468888175562746312e-02,0.000000000000000000e+00,7.157147660278497122e-05,6.106830554941986402e-05,0.000000000000000000e+00,1.526395153944761613e-04
6.971493551152022072e-02,0.000000000000000000e+00,0.000000000000000000e+00,1.023881882616556327e-01,0.000000000000000000e+00,0.000000000000000000e+00,4.058551367731810799e-03,4.097294116981498036e-02,0.000000000000000000e+00,4.465045502657572635e-03,0.000000000000000000e+00,4.678362573099415292e-03,6.180800157933755840e-02,2.504519842570196442e-02,0.000000000000000000e+00,3.765646111657840731e-04,2.576808129997449313e-03,7.505975267578548033e-06,6.585091072203283664e-04,1.507783119533201432e-02,0.000000000000000000e+00,5.692429069337780868e-05,7.016358509933344348e-05,0.000000000000000000e+00,2.432092817102290733e-05
1.133356708846053607e-01,1.000000000000000000e+00,0.000000000000000000e+00,1.421776573713448566e-01,0.000000000000000000e+00,6.774986666572178434e-06,5.925484996888444322e-02,2.097808930601992028e-01,3.999999976000001567e-01,6.926082492462504875e-03,3.030303030303030387e-02,1.871345029239766117e-02,5.839501872416795469e-02,1.773250879119617762e-01,1.265822784810126563e-02,4.787750056250683270e-03,1.077363833727555328e-02,2.500712520627061685e-05,3.607013404779865935e-03,1.160662173928446728e-01,3.205125974009692853e-03,1.581896078215972714e-03,1.499421800085755591e-03,4.585052728106372988e-03,1.550257067415091719e-03
5.997792222361651715e-02,0.000000000000000000e+00,2.044344783979582325e-05,3.526186747835613478e-02,0.000000000000000000e+00,2.008767936391872387e-05,3.247923374550177322e-01,3.283860310132775684e-01,1.000000000000000000e+00,3.990539126261214570e-03,3.030303030303030387e-02,6.900584795321637599e-02,5.839501872416795469e-02,2.727893961614142881e-01,1.265822784810126563e-02,1.005965461257166127e-02,4.047841286593834714e-02,1.140054684843412819e-03,3.325617848829865233e-03,1.874325274254870499e-01,3.205125974009692853e-03,8.403490024933504485e-03,6.859140106284838251e-03,4.585052728106372988e-03,9.597182126564959143e-03
6.070956173019884106e-02,0.000000000000000000e+00,0.000000000000000000e+00,5.186187790130847297e-02,0.000000000000000000e+00,0.000000000000000000e+00,1.147217186612191873e-02,9.142467597857006911e-02,3.999999976000001567e-01,3.297249114979913104e-03,0.000000000000000000e+00,8.187134502923977195e-03,6.180800157933755840e-02,6.851299377445552174e-02,0.000000000000000000e+00,9.145140556883328033e-04,4.647878597312489653e-03,2.159520607467036829e-05,3.769098176073090375e-04,4.701204695247257481e-02,0.000000000000000000e+00,1.581230297038272380e-04,1.507217753985681710e-04,0.000000000000000000e+00,1.759327987132023024e-04
7.575389908429772112e-02,0.000000000000000000e+00,0.000000000000000000e+00,1.630197604606407058e-01,0.000000000000000000e+00,0.000000000000000000e+00,7.575962553099378251e-04,3.983299672442763839e-02,0.000000000000000000e+00,7.127636141370675277e-03,0.000000000000000000e+00,1.169590643274853823e-03,6.180800157933755840e-02,3.004849108572238414e-02,0.000000000000000000e+00,1.613848333567646028e-04,6.806399711070070099e-04,1.141528890790128826e-06,4.938818297978938600e-04,2.001832246736640064e-02,0.000000000000000000e+00,1.231695178745601427e-05,2.598651299975313550e-05,0.000000000000000000e+00,3.555651188946729307e-05
6.188428655614623686e-02,0.000000000000000000e+00,0.000000000000000000e+00,6.923029714238826404e-02,0.000000000000000000e+00,0.000000000000000000e+00,1.439432885088882258e-02,1.135560043674298525e-01,0.000000000000000000e+00,3.968846697873191359e-03,0.000000000000000000e+00,5.847953216374268681e-03,6.180800157933755840e-02,1.060309275185851163e-01,0.000000000000000000e+00,6.455393334270584111e-04,3.315748701322736736e-03,2.625740801633532744e-05,3.762909170005250374e-04,7.152725603166182333e-02,0.000000000000000000e+00,1.890818544668923572e-04,1.948988474981484722e-04,0.000000000000000000e+00,4.424353637421575710e-04
6.188428655614623686e-02,0.000000000000000000e+00,0.000000000000000000e+00,6.923029714238826404e-02,0.000000000000000000e+00,0.000000000000000000e+00,1.439432885088882258e-02,1.135560043674298525e-01,0.000000000000000000e+00,3.968846697873191359e-03,0.000000000000000000e+00,5.847953216374268681e-03,6.180800157933755840e-02,1.060309275185851163e-01,0.000000000000000000e+00,6.455393334270584111e-04,3.315748701322736736e-03,2.625740801633532744e-05,3.762909170005250374e-04,7.152725603166182333e-02,0.000000000000000000e+00,1.890818544668923572e-04,1.948988474981484722e-04,0.000000000000000000e+00,4.424353637421575710e-04
6.010861964456509082e-02,0.000000000000000000e+00,0.000000000000000000e+00,2.699761493528607392e-02,0.000000000000000000e+00,0.000000000000000000e+00,6.812954895965800395e-02,1.834971119521618954e-01,0.000000000000000000e+00,7.356832141881888831e-04,0.000000000000000000e+00,1.520467836257310100e-02,6.180800157933755840e-02,1.660011371784017031e-01,0.000000000000000000e+00,1.829028111376665390e-03,8.702567869960512945e-03,1.214074136259217604e-04,5.895436263048093282e-04,1.108302695870008736e-01,0.000000000000000000e+00,8.721733427874260071e-04,7.029351766433220581e-04,0.000000000000000000e+00,1.888146694850260715e-03
3.353813327279200895e-02,1.666666669999999906e-01,4.484369203568115827e-05,8.919902483081809663e-02,0.000000000000000000e+00,1.857814051974778001e-04,4.038258610893151745e-01,3.380600012446044467e-01,3.999999976000001567e-01,8.324066534520526556e-03,9.090909090909091161e-02,1.052631578947368501e-01,5.156905301382875423e-02,3.047181897258859351e-01,3.797468354430379861e-02,1.734886958585219255e-02,6.151995137003728187e-02,2.054320243015713126e-03,9.345920526319355034e-03,2.062557860220758932e-01,9.615384082285502454e-03,2.108995036601320205e-02,1.873887452412198104e-02,1.375515818431911896e-02,1.463975320519689260e-02
5.826139617215077282e-02,0.000000000000000000e+00,0.000000000000000000e+00,9.251356380006514613e-03,0.000000000000000000e+00,0.000000000000000000e+00,1.652100976758029138e-01,2.500947596499267789e-01,3.999999976000001567e-01,1.611437537396565034e-05,0.000000000000000000e+00,3.274853801169590878e-02,6.180800157933755840e-02,2.210390467401320835e-01,0.000000000000000000e+00,4.626365222893918938e-03,1.911622029898423294e-02,2.822254256257791848e-04,3.701591345508974465e-04,1.455129437473988707e-01,0.000000000000000000e+00,2.118515707442434996e-03,1.844392760157478450e-03,0.000000000000000000e+00,4.882587328026375025e-03
8.071923710840103738e-03,4.444444439999999941e-01,4.165627274883127416e-04,2.882081801365335427e-01,0.000000000000000000e+00,1.070804395149295299e-03,3.446521821477853686e-01,3.203385323851710709e-01,3.999999976000001567e-01,2.761136241961561349e-02,2.424242424242424032e-01,1.251461988304093664e-01,3.109122002095136492e-02,2.940560028723381292e-01,1.012658227848101250e-01,2.765657866391153102e-02,7.408194311364620088e-02,2.585095526660215800e-03,2.945892005927777668e-02,1.975606328473355489e-01,2.884615224685650736e-02,4.165759539812050050e-02,3.743682029026935282e-02,3.988995873452544361e-02,1.742679455428247648e-02
1.170680854856467751e-01,1.000000000000000000e+00,0.000000000000000000e+00,1.016513463924040295e-01,0.000000000000000000e+00,6.774986666572178434e-06,7.373034984712791007e-02,1.981268704423436722e-01,3.999999976000001567e-01,4.672301161313452411e-03,3.030303030303030387e-02,2.105263157894736795e-02,5.839501872416795469e-02,1.773352402575204545e-01,1.265822784810126563e-02,5.002929834059702957e-03,1.201831707905300604e-02,3.169475439828263133e-05,3.583644711854280795e-03,1.167432554365321340e-01,3.205125974009692853e-03,1.942083695351848847e-03,1.700817275833842396e-03,4.585052728106372988e-03,2.221994252533062309e-03
5.950667986869508791e-02,0.000000000000000000e+00,0.000000000000000000e+00,2.059872385094352332e-02,0.000000000000000000e+00,0.000000000000000000e+00,8.011580399902595850e-02,1.919943653366371628e-01,0.000000000000000000e+00,4.233122454006185698e-04,0.000000000000000000e+00,1.871345029239766117e-02,6.180800157933755840e-02,1.769086532010747392e-01,0.000000000000000000e+00,2.366977555899213957e-03,1.077363833727555328e-02,1.415309415277041173e-04,5.733780714575510695e-04,1.159024838723089479e-01,0.000000000000000000e+00,1.029630591313552938e-03,9.387627821160817463e-04,0.000000000000000000e+00,2.177839778712712358e-03
5.898039826907394007e-02,0.000000000000000000e+00,0.000000000000000000e+00,1.164027563256941900e-02,0.000000000000000000e+00,0.000000000000000000e+00,1.671311453231959787e-01,2.410685494136216578e-01,3.999999976000001567e-01,6.743246310335002103e-05,0.000000000000000000e+00,2.807017543859649175e-02,6.180800157933755840e-02,2.122190531785294043e-01,0.000000000000000000e+00,3.873236000562350467e-03,1.633535930656816737e-02,2.901150131853240041e-04,6.682977561881932142e-04,1.446103768240560861e-01,0.000000000000000000e+00,2.128169534519089648e-03,1.579979990384990400e-03,0.000000000000000000e+00,4.853525531603423634e-03
7.475471231269473216e-04,5.000000000000000000e-01,2.055335884968719873e-04,1.895347480741264024e-01,0.000000000000000000e+00,7.363291759790693467e-05,3.040396114613490575e-01,2.907480637916306510e-01,3.999999976000001567e-01,1.437712175191523112e-02,6.060606060606060774e-02,7.485380116959064467e-02,5.156905301382875423e-02,2.661657924732871994e-01,3.797468354430379861e-02,1.799440891927925334e-02,4.452292033941397664e-02,7.818284922049736473e-04,1.038409387949995946e-02,1.801483145874692160e-01,9.615384082285502454e-03,1.196308909150829193e-02,1.042189103855099136e-02,1.237964236588720915e-02,1.159918502008401749e-02
6.468253053264685914e-02,0.000000000000000000e+00,0.000000000000000000e+00,1.023881882616556327e-01,0.000000000000000000e+00,0.000000000000000000e+00,1.496252604237127692e-02,1.408835559477944477e-01,3.999999976000001567e-01,5.649328135910132442e-03,0.000000000000000000e+00,4.678362573099415292e-03,6.180800157933755840e-02,1.187876334899999886e-01,0.000000000000000000e+00,3.765646111657840731e-04,2.576808129997449313e-03,3.081658708160914787e-05,3.841303131625439619e-04,8.145903722017755477e-02,0.000000000000000000e+00,1.910791979999933317e-04,1.013474006990372142e-04,0.000000000000000000e+00,3.807766726043530065e-04
6.468253053264685914e-02,0.000000000000000000e+00,0.000000000000000000e+00,1.023881882616556327e-01,0.000000000000000000e+00,0.000000000000000000e+00,1.496252604237127692e-02,1.408835559477944477e-01,3.999999976000001567e-01,5.649328135910132442e-03,0.000000000000000000e+00,4.678362573099415292e-03,6.180800157933755840e-02,1.187876334899999886e-01,0.000000000000000000e+00,3.765646111657840731e-04,2.576808129997449313e-03,3.081658708160914787e-05,3.841303131625439619e-04,8.145903722017755477e-02,0.000000000000000000e+00,1.910791979999933317e-04,1.013474006990372142e-04,0.000000000000000000e+00,3.807766726043530065e-04
5.840412130316968015e-02,0.000000000000000000e+00,0.000000000000000000e+00,6.344641591487509835e-03,0.000000000000000000e+00,0.000000000000000000e+00,2.500608782705159849e-01,2.839564841058366262e-01,3.999999976000001567e-01,1.747789944406621943e-05,0.000000000000000000e+00,4.327485380116959102e-02,6.180800157933755840e-02,2.410201016516020367e-01,0.000000000000000000e+00,6.025033778652545170e-03,2.521282948495327803e-02,4.286940801972408013e-04,5.906992431124894263e-04,1.679034580712490676e-01,0.000000000000000000e+00,3.188426060006857403e-03,2.344633135402725971e-03,0.000000000000000000e+00,7.365747243322131287e-03
8.926207061075049076e-02,0.000000000000000000e+00,1.340914320674779878e-04,2.860423665919680780e-01,0.000000000000000000e+00,2.106173979970625998e-04,1.151816878162287977e-01,2.389159496048380849e-01,3.999999976000001567e-01,1.400376407017389635e-02,9.090909090909091161e-02,2.923976608187134341e-02,5.156905301382875423e-02,2.053893583344644780e-01,3.797468354430379861e-02,3.765646111657840623e-03,1.695769867745689288e-02,8.361447244524628994e-04,9.493071540845249290e-03,1.343694343835814542e-01,9.615384082285502454e-03,6.061937622961460943e-03,5.316840559749490443e-03,1.375515818431911896e-02,3.767058287961214547e-03
5.876572858657445192e-02,0.000000000000000000e+00,0.000000000000000000e+00,1.164027563256941900e-02,0.000000000000000000e+00,0.000000000000000000e+00,1.391812549040828961e-01,2.352471953972268270e-01,3.999999976000001567e-01,1.789935233846261242e-04,0.000000000000000000e+00,2.807017543859649175e-02,6.180800157933755840e-02,2.047174946901978432e-01,0.000000000000000000e+00,3.873236000562350467e-03,1.633535930656816737e-02,2.477775630464783881e-04,5.615124938226096624e-04,1.360596172213733301e-01,0.000000000000000000e+00,1.784293556236871614e-03,1.470836635786027229e-03,0.000000000000000000e+00,3.784891351631403979e-03
6.044849945171378719e-02,0.000000000000000000e+00,0.000000000000000000e+00,3.061110619264351129e-02,0.000000000000000000e+00,0.000000000000000000e+00,6.147352471657784034e-02,1.854036195357626760e-01,0.000000000000000000e+00,6.776714628419257258e-04,0.000000000000000000e+00,1.169590643274853910e-02,6.180800157933755840e-02,1.683692496894476642e-01,0.000000000000000000e+00,1.613848333567646136e-03,6.806399711070070316e-03,1.099276164581174423e-04,5.939677308374091864e-04,1.111232496614024678e-01,0.000000000000000000e+00,7.862875708640840742e-04,6.652547327936801170e-04,0.000000000000000000e+00,1.730033257875883803e-03
8.288228496782337751e-02,9.000000000000000222e-01,5.220772969840330951e-06,2.165556034548024034e-01,0.000000000000000000e+00,3.936623831666676379e-05,1.215400849590086430e-01,2.331200534048415429e-01,3.999999976000001567e-01,1.388129481733178794e-02,1.212121212121212155e-01,4.678362573099414945e-02,4.815607015865915053e-02,2.081140176796381080e-01,5.063291139240506944e-02,1.302375605189090395e-02,2.751710286091119465e-02,1.763831620682204790e-04,1.455850093527871585e-02,1.363765440507114790e-01,1.282051313642340942e-02,8.257683947017133153e-03,7.522445850603537258e-03,1.834021091242549195e-02,6.481465698886466550e-03
5.950856439469689313e-02,0.000000000000000000e+00,0.000000000000000000e+00,2.010248338456688266e-02,0.000000000000000000e+00,0.000000000000000000e+00,8.157688249140940262e-02,2.034899837635703035e-01,0.000000000000000000e+00,5.477648059810623360e-04,0.000000000000000000e+00,1.988304093567251282e-02,6.180800157933755840e-02,1.821908456095648887e-01,0.000000000000000000e+00,2.420772500351468879e-03,1.139597770816427880e-02,1.464270279128026023e-04,5.867035909448751162e-04,1.196226192263467603e-01,0.000000000000000000e+00,1.048605354878012373e-03,9.088782921663656530e-04,0.000000000000000000e+00,2.248192345300947109e-03
5.763711922043588537e-02,0.000000000000000000e+00,0.000000000000000000e+00,2.880723778292579862e-01,0.000000000000000000e+00,0.000000000000000000e+00,0.000000000000000000e+00,3.756442241871882359e-02,0.000000000000000000e+00,1.372659681374174823e-02,0.000000000000000000e+00,0.000000000000000000e+00,6.180800157933755840e-02,3.029358480407440268e-02,0.000000000000000000e+00,0.000000000000000000e+00,0.000000000000000000e+00,0.000000000000000000e+00,0.000000000000000000e+00,2.005317289449659590e-02,0.000000000000000000e+00,0.000000000000000000e+00,0.000000000000000000e+00,0.000000000000000000e+00,3.631011811448490447e-05
6.340958864566433040e-02,0.000000000000000000e+00,0.000000000000000000e+00,5.771229295714030982e-02,0.000000000000000000e+00,0.000000000000000000e+00,1.801996807272924009e-02,1.240333101384338832e-01,3.999999976000001567e-01,2.596521699679860129e-03,0.000000000000000000e+00,7.017543859649123805e-03,6.180800157933755840e-02,1.011628589790347643e-01,0.000000000000000000e+00,8.069241667838229597e-04,3.996388672429743855e-03,3.294192690350909426e-05,6.294572345887572071e-04,7.250070517967616146e-02,0.000000000000000000e+00,2.366852086724655795e-04,1.994464872731052890e-04,0.000000000000000000e+00,3.780362863315616479e-04
9.980754555342763457e-02,1.000000000000000000e+00,0.000000000000000000e+00,2.085703272947185827e-01,0.000000000000000000e+00,2.032495999971653530e-05,1.330663708433669767e-01,2.457160152294315392e-01,3.999999976000001567e-01,1.179448320640370806e-02,9.090909090909091161e-02,3.508771929824561209e-02,5.156905301382875423e-02,2.136807495107542199e-01,3.797468354430379861e-02,1.005965461257166127e-02,2.056495088764078924e-02,1.256379627177502763e-04,1.106926630359722497e-02,1.398236744318220315e-01,9.615384082285502454e-03,7.029983455337733729e-03,6.047061575042552914e-03,1.375515818431911896e-02,5.203328988359552307e-03
1.144847883278223982e-01,1.000000000000000000e+00,0.000000000000000000e+00,1.638748208218793190e-01,0.000000000000000000e+00,6.774986666572178434e-06,1.298736437674179525e-02,1.135560043674298525e-01,3.999999976000001567e-01,1.045240365121996584e-02,3.030303030303030387e-02,1.052631578947368397e-02,5.839501872416795469e-02,8.877622701549270356e-02,1.265822784810126563e-02,2.420772500351468879e-03,5.980007985532485339e-03,2.909552376935669963e-06,3.509554214252130593e-03,6.231235652286365445e-02,3.205125974009692853e-03,3.994687066201951277e-04,3.599132050465808511e-04,4.585052728106372988e-03,2.444424555329851277e-04
5.982577446258860454e-02,0.000000000000000000e+00,0.000000000000000000e+00,2.221977584658119120e-02,0.000000000000000000e+00,0.000000000000000000e+00,8.141454043670012797e-02,2.003756442241871882e-01,3.999999976000001567e-01,4.897530546347991787e-04,0.000000000000000000e+00,1.754385964912280604e-02,6.180800157933755840e-02,1.795708781741433002e-01,0.000000000000000000e+00,2.205592722542449192e-03,1.009299836616854747e-02,1.439754367965594421e-04,6.264885800532980602e-04,1.181624453273038000e-01,0.000000000000000000e+00,1.042613324278709314e-03,8.783441393916557481e-04,0.000000000000000000e+00,2.301623026654695849e-03
5.977638879589430160e-02,0.000000000000000000e+00,0.000000000000000000e+00,2.475019955567403507e-02,0.000000000000000000e+00,0.000000000000000000e+00,7.787007224221435819e-02,2.179189083688328754e-01,3.999999976000001567e-01,5.374763970884544051e-04,0.000000000000000000e+00,1.637426900584795092e-02,6.180800157933755840e-02,1.850728097783973514e-01,0.000000000000000000e+00,1.990412944733429938e-03,9.383207841067520497e-03,1.421091714549227870e-04,5.540341030534907778e-04,1.219575981273038345e-01,0.000000000000000000e+00,9.950099700731362268e-04,8.081805542923222504e-04,0.000000000000000000e+00,2.149072573814085792e-03
6.798954110239893711e-02,0.000000000000000000e+00,0.000000000000000000e+00,1.421776573713448566e-01,0.000000000000000000e+00,0.000000000000000000e+00,7.088936388971562100e-03,8.774460718589294217e-02,0.000000000000000000e+00,7.526404953509410745e-03,0.000000000000000000e+00,2.339181286549707646e-03,6.180800157933755840e-02,7.984308517359772761e-02,0.000000000000000000e+00,2.151797778090194704e-04,1.302979341995733932e-03,1.223600568381347583e-05,3.527727359226972420e-04,5.560120073947621977e-02,0.000000000000000000e+00,9.121202134494454982e-05,7.795953899925939972e-05,0.000000000000000000e+00,2.423871658283917037e-04
6.798954110239893711e-02,0.000000000000000000e+00,0.000000000000000000e+00,1.421776573713448566e-01,0.000000000000000000e+00,0.000000000000000000e+00,7.088936388971562100e-03,8.774460718589294217e-02,0.000000000000000000e+00,7.526404953509410745e-03,0.000000000000000000e+00,2.339181286549707646e-03,6.180800157933755840e-02,7.984308517359772761e-02,0.000000000000000000e+00,2.151797778090194704e-04,1.302979341995733932e-03,1.223600568381347583e-05,3.527727359226972420e-04,5.560120073947621977e-02,0.000000000000000000e+00,9.121202134494454982e-05,7.795953899925939972e-05,0.000000000000000000e+00,2.423871658283917037e-04
9.214528453903829408e-02,0.000000000000000000e+00,0.000000000000000000e+00,1.421776573713448566e-01,0.000000000000000000e+00,0.000000000000000000e+00,2.083389702102329561e-03,0.000000000000000000e+00,0.000000000000000000e+00,6.049832342319910045e-03,0.000000000000000000e+00,2.339181286549707646e-03,6.180800157933755840e-02,0.000000000000000000e+00,0.000000000000000000e+00,2.151797778090194704e-04,1.302979341995733932e-03,3.467044576997019538e-06,1.175909118096050889e-03,0.000000000000000000e+00,0.000000000000000000e+00,2.962726240766447170e-05,3.248314124969141429e-05,0.000000000000000000e+00,0.000000000000000000e+00
1.784156146946912491e-01,0.000000000000000000e+00,0.000000000000000000e+00,2.880723778292579862e-01,0.000000000000000000e+00,0.000000000000000000e+00,7.278335452799046881e-03,1.044647352669958451e-01,0.000000000000000000e+00,1.295732132473553788e-02,0.000000000000000000e+00,0.000000000000000000e+00,6.180800157933755840e-02,9.021477572022063018e-02,0.000000000000000000e+00,0.000000000000000000e+00,0.000000000000000000e+00,1.651172813396508743e-05,8.231363821733536472e-04,6.114064688079395848e-02,0.000000000000000000e+00,8.954756840069374221e-05,1.104426802489508208e-05,0.000000000000000000e+00,1.930602129181480087e-04
