0.1565726552901444,0.1454224987719187,0.05309744428633853,0.20570482696836287,0.21496818723708958,0.2770460263010434,0.13417305585980285,0.13164556960220478,0.2641509433962264,0.21337585429236627,0.25,0.07854784637050277,0.3333333333333333,0.7264540003220095,0.0,0.42982457657017537,1.0,0.2639593908629441,0.41908694562739435,0.25581395348837205,0.2972972972972973,0.4351308549188029,0.25,0.4010967245377237,0.22580645161290322
0.3057158291650687,0.28472783830123577,0.16151079539725047,0.4532552637774443,0.15265903261368566,0.3828622172028246,0.24863088718510404,0.4886075949039962,0.6037735849056605,0.6066879271461831,0.624999969187499,0.36083952626615856,0.6666666666666667,0.7594326589224836,0.26666666666666666,0.3500000136500001,1.0,0.35532994923857864,0.4207024532117343,0.47674418604651153,0.5027027027027027,0.3879801368943767,0.45,0.38569460591317495,0.3709677419354839
0.08275808432509074,0.0732192846197012,0.012672126922947642,0.10321216182154136,0.1345729760648123,0.11972768996748179,0.06955093099671412,0.0430379746727475,0.18867924528301888,0.08227183000776067,0.124999969187499,0.022619791204539434,0.3333333333333333,0.5837389000991949,0.0,0.3500000136500001,0.0,0.0532994923857868,0.3154816112669039,0.1046511627906977,0.06486486486486487,0.3437713058649845,0.1,0.2998769356535459,0.08064516129032258
0.12075958302014214,0.12201140491969796,0.020235067394202867,0.1291131415492116,0.1974223674583361,0.20216072192120846,0.11391018619934282,0.048101265808845654,0.18867924528301888,0.08227183000776067,0.124999969187499,0.024359775136122537,0.3333333333333333,0.7455052732675536,0.0,0.5185185454814814,1.0,0.17258883248730963,0.46203417189089635,0.12790697674418605,0.22162162162162163,0.5117541269628236,0.125,0.439585129740672,0.14516129032258066
0.11491749428020212,0.10923794714339528,0.03738893681863509,0.17198747043872634,0.03036851218544726,0.23945537940040681,0.09529025191675794,0.11645569619391033,0.2641509433962264,0.21337585429236627,0.25,0.05070810335033422,0.0,0.6055156269736355,0.13333333333333333,0.27777780305555533,0.0,0.0862944162436548,0.3019492151587496,0.20930232558139533,0.10270270270270271,0.30195678432425177,0.2,0.2815074538327501,0.14516129032258066
0.04984789353038064,0.07585277348477586,0.01621270349912046,0.026282661698510734,0.0,0.18972916942814236,0.07447973713033954,0.010126582272196306,0.0,0.0,0.0,0.0,0.0,0.6044037112089573,0.0,0.27777780305555533,0.0,0.07106598984771573,0.2891849429211373,0.09302325581395349,0.05945945945945946,0.30131257549322243,0.1,0.27665387685592047,0.1129032258064516
0.24356790000674905,0.21486780715554066,0.11754490145768676,0.356326357675113,0.09981862433453029,0.339203788766374,0.21467688937568458,0.34177215198897615,0.5283018867924529,0.4755839028615775,0.5,0.22364593554419848,0.3333333333333333,0.7472018130755742,0.22222222222222224,0.27777780305555533,1.0,0.3248730964467005,0.39561852384799323,0.39534883720930225,0.4486486486486487,0.3557213796805797,0.375,0.36048566798744663,0.32258064516129037
0.04984789353038064,0.07585277348477586,0.01621270349912046,0.026282661698510734,0.0,0.18972916942814236,0.07447973713033954,0.010126582272196306,0.0,0.0,0.0,0.0,0.0,0.6044037112089573,0.0,0.27777780305555533,0.0,0.07106598984771573,0.2891849429211373,0.09302325581395349,0.05945945945945946,0.30131257549322243,0.1,0.27665387685592047,0.1129032258064516
0.10236211209792972,0.11021254540957058,0.03112570167281039,0.11318777988092271,0.055554188624779746,0.22702382690734071,0.10843373493975904,0.058227848081041964,0.18867924528301888,0.08227183000776067,0.124999969187499,0.024359775136122537,0.3333333333333333,0.7130178321524504,0.0,0.27777780305555533,1.0,0.2182741116751269,0.3759572725506698,0.17441860465116282,0.24324324324324326,0.3937887531874915,0.175,0.3559073073135838,0.17741935483870966
0.06128835954024344,0.052877138457833095,0.009086732921759981,0.08996986664093481,0.11986757224600386,0.11336391901022963,0.025739320920043808,0.0430379746727475,0.18867924528301888,0.08227183000776067,0.124999969187499,0.022619791204539434,0.3333333333333333,0.4658810040147918,0.0,0.27777780305555533,0.0,0.04314720812182741,0.23568347420231217,0.1046511627906977,0.03783783783783784,0.2665682458730372,0.1,0.2297949699245857,0.06451612903225806
0.22688160881756028,0.21922239503382568,0.051394382135774394,0.24510464573928395,0.22067507014743418,0.3791623499694031,0.20481927710843376,0.11645569619391033,0.32075471698113217,0.21337585429236627,0.25,0.08073525474491691,0.3333333333333333,0.8318057029092443,0.0,0.6176470597156862,1.0,0.24873096446700507,0.5742515117622159,0.23255813953488375,0.34054054054054056,0.6272983492148705,0.22500000000000003,0.5435477142621207,0.25806451612903225
0.0858680288010204,0.1151270088668566,0.01731073041198418,0.04912728959477433,0.0,0.18972916942814236,0.08105147864184009,0.010126582272196306,0.0,0.0,0.0,0.0,0.0,0.7094463368757659,0.0,0.5185185454814814,0.0,0.06852791878172587,0.5375800948719854,0.09302325581395349,0.06486486486486487,0.6311313917594954,0.1,0.5270652706399462,0.12903225806451613
0.5438537220051964,0.5087610161018291,0.22444566447434763,0.6300307817305103,0.0639448181198565,0.6631641260705753,0.41511500547645125,0.4430379747109392,0.6603773584905661,0.6066879271461831,0.624999969187499,0.19487820115161977,0.3333333333333333,0.9082684387896758,0.26666666666666666,0.6176470597156862,1.0,0.3857868020304568,0.7464136960433622,0.4534883720930231,0.5351351351351352,0.795592537914374,0.425,0.7194358146595966,0.4193548387096774
0.0858680288010204,0.1151270088668566,0.01731073041198418,0.04912728959477433,0.0,0.18972916942814236,0.08105147864184009,0.010126582272196306,0.0,0.0,0.0,0.0,0.0,0.7094463368757659,0.0,0.5185185454814814,0.0,0.06852791878172587,0.5375800948719854,0.09302325581395349,0.06486486486486487,0.6311313917594954,0.1,0.5270652706399462,0.12903225806451613
0.2463198689655221,0.29714878180467513,0.0851755162407144,0.17332968275405017,0.0,0.5885748111121787,0.2650602409638554,0.06835443035323828,0.18867924528301888,0.08227183000776067,0.124999969187499,0.010439903631258218,0.3333333333333333,0.8523017983478834,0.0,0.6176470597156862,1.0,0.3451776649746192,0.6965626145314024,0.26744186046511625,0.2972972972972973,0.782858676687693,0.275,0.6963513196935834,0.32258064516129037
0.170067259388104,0.22867807161232961,0.041310461507434094,0.15686177258667303,0.017897753560485306,0.4812786741723197,0.13910186199342828,0.06329113921714012,0.18867924528301888,0.08227183000776067,0.124999969187499,0.026099759078145546,0.3333333333333333,0.8331775398323892,0.0,0.5185185454814814,1.0,0.24365482233502536,0.6102444996211106,0.19767441860465113,0.2756756756756757,0.6870218762582205,0.2,0.6014046111458679,0.22580645161290322
0.7372787847876446,0.7459201661013863,0.6174384600732765,0.749816520662509,1.0,0.8565931627321391,0.7250821467688937,0.6253164558014311,0.6603773584905661,0.6066879271461831,0.624999969187499,0.5257387833848427,1.0,0.9895380669660926,0.0,0.7291666799375001,1.0,0.8274111675126903,0.9566126515116272,0.7558139534883721,0.8594594594594596,0.9843403569990605,0.75,0.9559578928905722,0.8064516129032258
0.18252167371839476,0.22859512705991494,0.04413395928336938,0.15860061645633677,0.0030202288657256004,0.4749149032150675,0.15224534501642936,0.06329113921714012,0.18867924528301888,0.08227183000776067,0.124999969187499,0.026099759078145546,0.3333333333333333,0.8342788635383387,0.0,0.5185185454814814,1.0,0.25380710659898476,0.6213355141484772,0.19767441860465113,0.2756756756756757,0.7010387867400347,0.2,0.610073864239674,0.22580645161290322
0.05106903256536106,0.04323483671129512,0.005154003876707264,0.0878120123077702,0.06042808427756559,0.09456859555991132,0.017524644030668127,0.03797468353664935,0.18867924528301888,0.08227183000776067,0.124999969187499,0.020879807262516432,0.3333333333333333,0.3158330312348234,0.0,0.21212121212121215,0.0,0.02791878172588832,0.22558725529755252,0.08139534883720928,0.02702702702702703,0.2879720842839887,0.07500000000000001,0.21934238028894593,0.03225806451612903
0.06584762248624046,0.04854328671765176,0.006016739308243046,0.10092128289091643,0.07538063717365583,0.10093236651716347,0.02135815991237678,0.03797468353664935,0.18867924528301888,0.08227183000776067,0.124999969187499,0.020879807262516432,0.3333333333333333,0.41423472528370897,0.0,0.27777780305555533,0.0,0.030456852791878167,0.29849323990484644,0.08139534883720928,0.032432432432432434,0.370565024828882,0.07500000000000001,0.2882665003933387,0.04838709677419355
0.03919949719010544,0.04230171072132713,0.006397687420869234,0.0772592080982461,0.04541374411215487,0.10063637709572523,0.013691128148959474,0.0430379746727475,0.18867924528301888,0.08227183000776067,0.124999969187499,0.022619791204539434,0.3333333333333333,0.22642460801586206,0.0,0.15217393084782582,0.0,0.035532994923857864,0.1671907732862209,0.1046511627906977,0.032432432432432434,0.21772111126023352,0.1,0.16514378721477208,0.04838709677419355
0.08716061024146976,0.06256091240567949,0.012672126922947642,0.11796062378563701,0.09027140280042563,0.13852301288324334,0.050383351588170866,0.048101265808845654,0.18867924528301888,0.08227183000776067,0.124999969187499,0.023489783170330986,0.3333333333333333,0.5252427788228848,0.0,0.3500000136500001,0.0,0.055837563451776644,0.3956214735975877,0.12790697674418605,0.07027027027027027,0.4690699235002014,0.125,0.3803879778327083,0.0967741935483871
0.0537552429894405,0.04935199587899777,0.006913087808539961,0.12411920148009387,0.03036851218544726,0.09427260613847305,0.02190580503833516,0.086075949345495,0.20754716981132076,0.21337585429236627,0.25,0.03479967876738076,0.0,0.143842722791925,0.13333333333333333,0.09722224623611098,0.0,0.02030456852791878,0.1204234163679615,0.11627906976744184,0.043243243243243246,0.15724063884042405,0.1,0.11097441313940348,0.03225806451612903
0.26566597545885856,0.2951373769329125,0.05066609897928315,0.2630955192813431,0.018217502960223165,0.4752108926365057,0.23110624315443593,0.10886075947384989,0.2641509433962264,0.21337585429236627,0.25,0.06959935754520143,0.3333333333333333,0.8702593295694524,0.0,0.6176470597156862,1.0,0.24365482233502536,0.6331726820470988,0.18604651162790692,0.31891891891891894,0.6889598711582339,0.175,0.6174261417560672,0.1935483870967742
0.2778134548128683,0.3166407465289899,0.08504106396566986,0.18399017026509867,0.005489160624236283,0.5955305609123074,0.3198247535596933,0.06329113921714012,0.18867924528301888,0.08227183000776067,0.124999969187499,0.026969751043937097,0.3333333333333333,0.8809267950256885,0.0,0.6176470597156862,1.0,0.365482233502538,0.7533875785860381,0.22093023255813954,0.2972972972972973,0.8368111662864046,0.22500000000000003,0.7574545646802336,0.29032258064516125
0.5234069976697892,0.46818040439371233,0.2964784708294585,0.5718527327291166,0.9598743484259687,0.7319816489145964,0.47754654983570644,0.4177215188713165,0.5283018867924529,0.4755839028615775,0.5,0.3628446506972407,0.6666666666666667,0.9413934050264781,0.0,0.6176470597156862,1.0,0.5939086294416244,0.8590355272662978,0.5348837209302324,0.6972972972972973,0.9028801503153938,0.5250000000000001,0.8457611011854728,0.5645161290322581
0.8798946464932875,0.7662415762000496,0.8404835800159103,0.9101748640143192,0.9677189262311521,0.956933550406426,0.8641840087623219,0.8556962025098103,0.7924528301886793,0.7377919514307887,0.75,0.7833983630180369,1.0,1.0,0.0,0.8555555788111113,1.0,0.9187817258883249,0.9999999999999999,0.8837209302325582,1.0000000000000002,1.0000000000000002,0.875,0.9999999999999999,0.9193548387096774
0.5468839604776013,0.5113737688288001,0.34843307077791846,0.5778526633912465,0.6282030742783951,0.743821222564786,0.5104052573932092,0.4303797469502598,0.5849056603773584,0.4755839028615775,0.5,0.3005366544035664,1.0,0.9237974484121787,0.0,0.7291666799375001,1.0,0.6345177664974619,0.8701404865855932,0.6046511627906976,0.6756756756756757,0.9099020265736142,0.6000000000000001,0.8656017005771065,0.5967741935483871
0.2911533798024276,0.31085536549604686,0.07105802736103797,0.28397309482913535,0.160294314521015,0.4809826847508814,0.2606790799561884,0.12405063288214435,0.2641509433962264,0.21337585429236627,0.25,0.07655929329241364,0.3333333333333333,0.8854448973969977,0.0,0.5185185454814814,1.0,0.3045685279187817,0.7090138624948227,0.23255813953488375,0.3621621621621622,0.7747416454167226,0.22500000000000003,0.6929343510235618,0.25806451612903225
0.04220736274581585,0.022975635101841665,0.0023641191695331146,0.03119822448835588,0.0,0.0506141777020225,0.012595837897042717,0.0025316455521358777,0.0,0.0,0.0,0.0,0.0,0.5094205512656549,0.0,0.27777780305555533,0.0,0.017766497461928932,0.3259280902695053,0.023255813953488386,0.010810810810810811,0.3924305462354045,0.024999999999999994,0.3258548869263158,0.03225806451612903
0.1657650507025711,0.12006220846224629,0.026655163527579524,0.2188765020517375,0.0904258728470901,0.14459079441905726,0.10843373493975904,0.10126582278561586,0.2641509433962264,0.21337585429236627,0.25,0.05567948602989719,0.3333333333333333,0.6401476624901855,0.06666666666666667,0.3500000136500001,0.0,0.06852791878172587,0.4539008123824103,0.16279069767441862,0.08648648648648649,0.4978714266541404,0.15,0.4472448334346433,0.0967741935483871
0.24665574881305252,0.26322446870515837,0.1034834343592789,0.2614311634633698,0.4186468688431094,0.49252626897963275,0.22070098576122674,0.15443037973055967,0.32075471698113217,0.21337585429236627,0.25,0.09395913268132397,0.6666666666666667,0.8024954907745661,0.0,0.42982457657017537,1.0,0.3908629441624365,0.6001372397200228,0.3255813953488372,0.372972972972973,0.6240719366527983,0.325,0.6089097220647627,0.33870967741935487
0.08042789767711231,0.052794193905418466,0.011663734860113613,0.11057274359192454,0.06042808427756559,0.11306792958879133,0.025739320920043808,0.048101265808845654,0.18867924528301888,0.08227183000776067,0.124999969187499,0.024359775136122537,0.3333333333333333,0.511363166768311,0.0,0.27777780305555533,0.0,0.0532994923857868,0.33837325577760813,0.12790697674418605,0.043243243243243246,0.39398201583680037,0.125,0.34119130542055365,0.08064516129032258
0.0816290188253086,0.0466770347377158,0.009176367771789673,0.11603617608165873,0.01519970197337208,0.12609146039017724,0.044906900328587074,0.0430379746727475,0.13207547169811323,0.08227183000776067,0.124999969187499,0.01826983135470188,0.0,0.5227694833931195,0.044444444444444446,0.3500000136500001,0.0,0.04060913705583755,0.3900598978178059,0.1046511627906977,0.06486486486486487,0.4668312978123741,0.1,0.369996904636116,0.08064516129032258
0.22037269310056898,0.128605495113987,0.03989871261946645,0.32577340292695367,0.23236647965367624,0.19461299381276004,0.12376779846659365,0.18987341771507316,0.33962264150943394,0.3444798785769719,0.374999969187499,0.1252788435750986,0.3333333333333333,0.6557860494176354,0.0,0.42982457657017537,1.0,0.1878172588832487,0.5215617163959451,0.24418604651162784,0.2972972972972973,0.588559924842303,0.22500000000000003,0.4944282709150206,0.1935483870967742
0.028893112413098693,0.013291861079096357,0.0006386483064615524,0.02600806195916615,0.0,0.0,0.006571741511500547,0.0,0.0,0.0,0.0,0.0,0.0,0.4099424142385848,0.0,0.27777780305555533,0.0,0.005076142131979693,0.283426839967146,0.0,0.005405405405405406,0.36686082405046305,0.0,0.2704136897629329,0.016129032258064516
0.08813417659654682,0.06612752726072214,0.012772966129231046,0.11853423688521458,0.08620836623755518,0.14488678384049555,0.06352683461117196,0.048101265808845654,0.18867924528301888,0.08227183000776067,0.124999969187499,0.023489783170330986,0.3333333333333333,0.5742795942468999,0.0,0.3500000136500001,1.0,0.13705583756345177,0.4069548110811748,0.12790697674418605,0.21081081081081082,0.4715447590927391,0.125,0.38325735675732453,0.12903225806451613
0.17992024273974036,0.16155521002222742,0.04520957748372568,0.16388600374464124,0.2425614053186381,0.2140002961059548,0.171960569550931,0.06329113921714012,0.18867924528301888,0.08227183000776067,0.124999969187499,0.026621754259708454,0.3333333333333333,0.7656344483529693,0.0,0.5185185454814814,1.0,0.2741116751269035,0.64539421736518,0.19767441860465113,0.2756756756756757,0.7275801905784458,0.2,0.6349428707735104,0.22580645161290322
0.14622223606848242,0.1560808709859404,0.045579321240098156,0.2308203349732402,0.03036851218544726,0.26431848438653904,0.12157721796276012,0.17974683541105044,0.3962264150943397,0.3444798785769719,0.374999969187499,0.049216688544377336,0.3333333333333333,0.4843910065912974,0.17777777777777778,0.21212121212121215,1.0,0.18274111675126903,0.27668389296194884,0.26744186046511625,0.2864864864864865,0.26078110320762304,0.25,0.24816216502160315,0.24193548387096772
0.02529703671642968,0.046842923842545084,0.005624586839363145,0.01623490439058318,0.0,0.10122835593860174,0.03723986856516977,0.005063291136098155,0.0,0.0,0.0,0.0,0.0,0.37646109545529316,0.0,0.15217393084782582,0.0,0.035532994923857864,0.1898376506805789,0.04651162790697677,0.043243243243243246,0.1937297007113139,0.04999999999999999,0.17403113630109068,0.06451612903225806
0.02529703671642968,0.046842923842545084,0.005624586839363145,0.01623490439058318,0.0,0.10122835593860174,0.03723986856516977,0.005063291136098155,0.0,0.0,0.0,0.0,0.0,0.37646109545529316,0.0,0.15217393084782582,0.0,0.035532994923857864,0.1898376506805789,0.04651162790697677,0.043243243243243246,0.1937297007113139,0.04999999999999999,0.17403113630109068,0.06451612903225806
0.21673552661918374,0.20806635565511392,0.07586469619388019,0.3401185281314987,0.08310406457234612,0.30797691282298956,0.19605695509309967,0.29113924046886264,0.47169811320754723,0.4755839028615775,0.5,0.13243763468127526,0.3333333333333333,0.5647525798566234,0.11111111111111112,0.27777780305555533,1.0,0.233502538071066,0.3731324501778335,0.3488372093023256,0.42702702702702705,0.33886458193531066,0.325,0.3303922356812953,0.29032258064516125
0.08113798321078572,0.11547952306482102,0.028134138553069434,0.09179880844686755,0.0,0.23945537940040681,0.09309967141292443,0.053164556944943805,0.18867924528301888,0.08227183000776067,0.124999969187499,0.010439903631258218,0.3333333333333333,0.4840781793019753,0.0,0.21212121212121215,1.0,0.19289340101522842,0.26709129017948374,0.19767441860465113,0.22162162162162163,0.26048584082673465,0.2,0.25114670570460174,0.20967741935483872
0.11495925403868415,0.11645412133099632,0.030509462078856263,0.12325415158933145,0.09714525243591465,0.22702382690734071,0.1117196056955093,0.058227848081041964,0.18867924528301888,0.08227183000776067,0.124999969187499,0.025751762293916902,0.3333333333333333,0.6125531718746149,0.0,0.3500000136500001,1.0,0.2182741116751269,0.4388840856546493,0.17441860465116282,0.25405405405405407,0.429676553482754,0.175,0.41700872096379415,0.1935483870967742
0.03624431922187985,0.0555935718004235,0.009445272321878747,0.022354256947397108,0.0,0.1200236788543633,0.048192771084337345,0.007594936688234029,0.0,0.0,0.0,0.0,0.0,0.4460719855757267,0.0,0.21212121212121215,0.0,0.05076142131979695,0.2576131862148142,0.06976744186046513,0.05945945945945946,0.2600456314588646,0.07500000000000001,0.23916520575731393,0.1129032258064516
0.07924576738211744,0.08731985486014358,0.019910141062845235,0.09212184416935826,0.0005406414165989829,0.1827734201625704,0.07338444687842278,0.053164556944943805,0.18867924528301888,0.08227183000776067,0.124999969187499,0.0240117783518939,0.3333333333333333,0.5479993861246152,0.0,0.21212121212121215,1.0,0.17258883248730963,0.2744456190526199,0.1511627906976744,0.24324324324324326,0.26093141860153,0.15,0.24979793073446444,0.17741935483870966
0.054122010252569,0.05202695702027976,0.009445272321878747,0.03480939065178559,0.0,0.1200236788543633,0.05585980284775466,0.007594936688234029,0.0,0.0,0.0,0.0,0.0,0.6016447280888503,0.0,0.3500000136500001,0.0,0.05076142131979695,0.39342134169409126,0.06976744186046513,0.05945945945945946,0.42551603811568905,0.07500000000000001,0.36620741991178196,0.1129032258064516
0.2936410953552373,0.19821669260243827,0.0863519736473541,0.4209804552945292,0.11464190766745916,0.2825218289939809,0.2245345016429354,0.3164556961493534,0.47169811320754723,0.4755839028615775,0.5,0.2199339698666395,0.3333333333333333,0.755821602377182,0.11111111111111112,0.42982457657017537,1.0,0.26903553299492383,0.5513622459678001,0.3488372093023256,0.4810810810810811,0.538279425580459,0.325,0.49787888873695596,0.30645161290322576
0.09697707045179943,0.08375324007999985,0.020134228187919465,0.11850544809185615,0.028559408965259714,0.1827734201625704,0.0832420591456736,0.053164556944943805,0.18867924528301888,0.08227183000776067,0.124999969187499,0.0240117783518939,0.3333333333333333,0.6680197685196287,0.0,0.3500000136500001,1.0,0.17258883248730963,0.4186141619597835,0.1511627906976744,0.24324324324324326,0.43009528922292306,0.15,0.38447454954218907,0.17741935483870966
0.11795005641991124,0.10044582690930956,0.02853749537820305,0.1206280165693692,0.004779916508018083,0.2015687436128887,0.10843373493975904,0.058227848081041964,0.18867924528301888,0.08227183000776067,0.124999969187499,0.025751762293916902,0.3333333333333333,0.6930101864402759,0.0,0.3500000136500001,1.0,0.2131979695431472,0.42797836938103617,0.17441860465116282,0.25405405405405407,0.4317648637766742,0.175,0.3978246703664846,0.1935483870967742
0.13676448560287174,0.10218766206062356,0.030800775341452757,0.19970484666894409,0.03234952271816656,0.20763652514870265,0.09693318729463307,0.11645569619391033,0.2641509433962264,0.21337585429236627,0.25,0.06263942178754932,0.3333333333333333,0.6629125132470483,0.06666666666666667,0.3500000136500001,1.0,0.1878172588832487,0.416924036649857,0.20930232558139533,0.2864864864864865,0.427180244262515,0.2,0.3797264186262381,0.20967741935483872
0.24602365894011202,0.16908242613158553,0.07229050654894624,0.2677599248971968,0.31591333987594233,0.27675003687960514,0.21686746987951808,0.13924050632226523,0.32075471698113217,0.21337585429236627,0.25,0.09047916480771785,0.6666666666666667,0.8050858283522347,0.0,0.5185185454814814,1.0,0.3248730964467005,0.6612706725207339,0.27906976744186046,0.3945945945945946,0.6667024560461683,0.275,0.6280607861534288,0.30645161290322576
0.2065873773028825,0.23616381552037932,0.06362953916482729,0.16723439302014126,0.15197480913809097,0.47461891379362925,0.20481927710843376,0.06835443035323828,0.18867924528301888,0.08227183000776067,0.124999969187499,0.026348328214211673,0.3333333333333333,0.8548699661666059,0.0,0.5185185454814814,1.0,0.31979695431472077,0.6635460706648048,0.22093023255813954,0.3081081081081081,0.7150181183733726,0.22500000000000003,0.6593933596475988,0.27419354838709675
0.678292993232096,0.60688439614272,0.45895284086452814,0.7786920303647314,0.3054714936840248,0.7174781710060192,0.5996714129244249,0.7316455696913188,0.7358490566037736,0.7377919514307887,0.75,0.6110492166634468,0.6666666666666667,0.951119406225687,0.0,0.6176470597156862,1.0,0.6294416243654822,0.7976972399691374,0.6976744186046511,0.7837837837837838,0.770350288551872,0.675,0.7789547774582116,0.6290322580645161
0.48836268235526675,0.5097563505061081,0.28976706143348535,0.42824868334327604,0.12326128231847264,0.649548616426313,0.5235487404162102,0.27088607592447,0.509433962264151,0.3444798785769719,0.374999969187499,0.1602235209843048,0.6666666666666667,0.9463155064237598,0.0,0.7291666799375001,1.0,0.5989847715736041,0.7943358715682264,0.49999999999999994,0.5567567567567568,0.7933324385988458,0.5,0.8009495857913119,0.5483870967741935
0.24134330570653206,0.19238983929328793,0.0724585718927519,0.26209197801741335,0.046864907547777473,0.3915939024624693,0.19222343921139104,0.13164556960220478,0.2641509433962264,0.21337585429236627,0.25,0.06611938966115541,0.3333333333333333,0.8144705532575217,0.06666666666666667,0.5185185454814814,1.0,0.299492385786802,0.6258237919867532,0.25581395348837205,0.32972972972972975,0.6629606764192726,0.25,0.6145119374034268,0.27419354838709675
0.15861156234683946,0.15191290827568943,0.042341262282775544,0.1490175930632064,0.01519970197337208,0.3542992449832709,0.14184008762322017,0.058227848081041964,0.13207547169811323,0.08227183000776067,0.124999969187499,0.01938839245655956,0.0,0.7364243898833156,0.044444444444444446,0.5185185454814814,0.0,0.10913705583756345,0.5661715194577769,0.17441860465116282,0.10270270270270271,0.6119124949671186,0.175,0.5577647043215531,0.1935483870967742
0.23920030883191723,0.26419906689643474,0.0775453496319369,0.16410548231739258,0.0,0.5061417791584519,0.26834611171960565,0.06329113921714012,0.18867924528301888,0.08227183000776067,0.124999969187499,0.010439903631258218,0.3333333333333333,0.8537297509512958,0.0,0.6176470597156862,1.0,0.33502538071065985,0.6441973346128204,0.24418604651162784,0.2864864864864865,0.6812401019997316,0.25,0.6459457277860495,0.30645161290322576
0.39632749457017363,0.30081907727533713,0.17845178205286216,0.47792883639948114,0.07847206883279396,0.4786147699139321,0.27491785323110624,0.3670886075103349,0.5283018867924529,0.4755839028615775,0.5,0.25334166148666576,0.6666666666666667,0.8427678980078834,0.22222222222222224,0.7291666799375001,1.0,0.4111675126903553,0.6445780687050874,0.441860465116279,0.4594594594594595,0.6604804724198095,0.425,0.6342806523780357,0.4032258064516129
0.4550200910296322,0.3828304821291241,0.2644788293688586,0.5088701875003333,0.28609748111276023,0.5283409798861967,0.4370208105147864,0.4177215188713165,0.5283018867924529,0.4755839028615775,0.5,0.36470063348382076,0.6666666666666667,0.8925358569123236,0.0,0.6176470597156862,1.0,0.5634517766497462,0.7290953201676013,0.5348837209302324,0.6864864864864866,0.7020265736142799,0.5250000000000001,0.7073659983541752,0.5483870967741935
0.12603467340568328,0.10307931577438421,0.029400230809738827,0.13118389036552755,0.0690474551818524,0.20793251457014092,0.1171960569550931,0.058227848081041964,0.18867924528301888,0.08227183000776067,0.124999969187499,0.025751762293916902,0.3333333333333333,0.6940562923960653,0.0,0.42982457657017537,1.0,0.2182741116751269,0.48262510868947117,0.17441860465116282,0.2648648648648649,0.49456985639511486,0.175,0.4529008506860126,0.20967741935483872
0.15990689937355101,0.11284603427464525,0.02853749537820305,0.2076906038370154,0.06519398053442865,0.1891371911198226,0.13417305585980285,0.10126582278561586,0.2641509433962264,0.21337585429236627,0.25,0.05567948602989719,0.3333333333333333,0.6736679263393265,0.06666666666666667,0.3500000136500001,1.0,0.17258883248730963,0.44473081895845445,0.16279069767441862,0.25405405405405407,0.43936115957589594,0.15,0.40606891696275094,0.16129032258064516
0.3363730046947316,0.22629341632959996,0.12145522179023205,0.453313937555719,0.24936246354861147,0.3261802574304314,0.28258488499452356,0.3544303797496555,0.47169811320754723,0.4755839028615775,0.5,0.2978852502437681,0.6666666666666667,0.7833758259910868,0.0,0.5185185454814814,1.0,0.35532994923857864,0.6198284237864612,0.4186046511627906,0.5675675675675675,0.6067749295396592,0.4,0.5698492824307012,0.3709677419354839
0.03891218356144348,0.029217211023267384,0.002453754019562806,0.028165029495050647,0.0,0.0506141777020225,0.03504928806133625,0.0025316455521358777,0.0,0.0,0.0,0.0,0.0,0.5368405861671331,0.0,0.27777780305555533,0.0,0.017766497461928932,0.321500855671913,0.023255813953488386,0.03783783783783784,0.3441256207220508,0.024999999999999994,0.2928801544495059,0.04838709677419355
0.18035443083724656,0.16105754278263848,0.07878903317609887,0.21340404642053404,0.15731608271440123,0.30161314186573746,0.17962760131434832,0.15443037973055967,0.32075471698113217,0.21337585429236627,0.25,0.09664367935919009,0.6666666666666667,0.7137343850265041,0.0,0.42982457657017537,1.0,0.3451776649746192,0.46654889725568993,0.3255813953488372,0.41621621621621624,0.4136464904039725,0.325,0.43244664189910154,0.33870967741935487
0.15504578415105566,0.10919647486718799,0.034722300030251764,0.21353709771367915,0.05618202761089513,0.2140002961059548,0.11555312157721796,0.11645569619391033,0.2641509433962264,0.21337585429236627,0.25,0.06263942178754932,0.3333333333333333,0.6613095036821726,0.06666666666666667,0.42982457657017537,1.0,0.20304568527918782,0.4657508480680318,0.20930232558139533,0.2972972972972973,0.48339820158367997,0.2,0.42858438789005704,0.22580645161290322
0.16949871349913567,0.11977190260369393,0.03958499064436253,0.21611653530696925,0.022097751716346443,0.22036406706320702,0.13636363636363638,0.11645569619391033,0.2641509433962264,0.21337585429236627,0.25,0.06263942178754932,0.3333333333333333,0.7012242398688832,0.06666666666666667,0.42982457657017537,1.0,0.2182741116751269,0.4741786348140361,0.20930232558139533,0.2972972972972973,0.4861682995571064,0.2,0.4387896532654333,0.22580645161290322
0.156762224135364,0.10919647486718799,0.03487916101780372,0.21510775751761382,0.061222292914211884,0.2140002961059548,0.11664841182913471,0.11645569619391033,0.2641509433962264,0.21337585429236627,0.25,0.06263942178754932,0.3333333333333333,0.6772485886679455,0.06666666666666667,0.42982457657017537,1.0,0.20304568527918782,0.4710991047403742,0.20930232558139533,0.2972972972972973,0.48663535095960264,0.2,0.43388239182092614,0.22580645161290322
0.2810907164262502,0.19817522032623092,0.0921334214742692,0.2855133511679001,0.5131939461844386,0.28918158937267124,0.2606790799561884,0.14683544301049922,0.32075471698113217,0.21337585429236627,0.25,0.09465512629154087,0.6666666666666667,0.8413167182585516,0.0,0.6176470597156862,1.0,0.3756345177664974,0.7200566912503529,0.30232558139534876,0.41621621621621624,0.7410763655885115,0.3,0.6946107440804111,0.33870967741935487
0.029147409721049247,0.03626749610603912,0.0032604676698300304,0.01868941994387603,0.0,0.0506141777020225,0.01642935377875137,0.0025316455521358777,0.0,0.0,0.0,0.0,0.0,0.48058881259728026,0.0,0.21212121212121215,0.0,0.02284263959390863,0.20356591532087953,0.023255813953488386,0.010810810810810811,0.22880687156086432,0.024999999999999994,0.19389540547153272,0.03225806451612903
0.029147409721049247,0.03626749610603912,0.0032604676698300304,0.01868941994387603,0.0,0.0506141777020225,0.01642935377875137,0.0025316455521358777,0.0,0.0,0.0,0.0,0.0,0.48058881259728026,0.0,0.21212121212121215,0.0,0.02284263959390863,0.20356591532087953,0.023255813953488386,0.010810810810810811,0.22880687156086432,0.024999999999999994,0.19389540547153272,0.03225806451612903
0.045194415623499844,0.05996889581681217,0.011058699622413196,0.024257638001971393,0.0,0.1200236788543633,0.06790799561883899,0.007594936688234029,0.0,0.0,0.0,0.0,0.0,0.5950257996995094,0.0,0.21212121212121215,0.0,0.055837563451776644,0.2716707808673725,0.06976744186046513,0.05405405405405406,0.27425043618306266,0.07500000000000001,0.2547066308805632,0.0967741935483871
0.045194415623499844,0.05996889581681217,0.011058699622413196,0.024257638001971393,0.0,0.1200236788543633,0.06790799561883899,0.007594936688234029,0.0,0.0,0.0,0.0,0.0,0.5950257996995094,0.0,0.21212121212121215,0.0,0.055837563451776644,0.2716707808673725,0.06976744186046513,0.05405405405405406,0.27425043618306266,0.07500000000000001,0.2547066308805632,0.0967741935483871
0.14723468583547197,0.13658890618672673,0.047540083584497655,0.19905996985585836,0.09807957740939786,0.26431848438653904,0.12595837897042717,0.13164556960220478,0.2641509433962264,0.21337585429236627,0.25,0.08351922905006574,0.3333333333333333,0.7276324395105235,0.0,0.3500000136500001,1.0,0.25380710659898476,0.40463110258313084,0.25581395348837205,0.3081081081081081,0.39281707153402223,0.25,0.37882912479605624,0.24193548387096772
0.08356026199129443,0.08902021773525025,0.022599186563735982,0.09857560856447709,0.010992495115420555,0.16368210729081384,0.09309967141292443,0.053164556944943805,0.18867924528301888,0.08227183000776067,0.124999969187499,0.0240117783518939,0.3333333333333333,0.6667096167473571,0.0,0.27777780305555533,1.0,0.18274111675126903,0.3037772839440177,0.1511627906976744,0.23243243243243245,0.2925352301704468,0.15,0.27871465539914164,0.16129032258064516
0.09876287250975824,0.08481078282369088,0.012851396623007025,0.11934744292181551,0.0636917604546347,0.16427408613369035,0.08652792990142387,0.0430379746727475,0.18867924528301888,0.08227183000776067,0.124999969187499,0.022619791204539434,0.3333333333333333,0.7169755012389301,0.0,0.3500000136500001,1.0,0.1319796954314721,0.4149893034861777,0.1046511627906977,0.21081081081081082,0.4619299422896255,0.1,0.3848791390276245,0.12903225806451613
0.16313215242637696,0.14048729917652905,0.02823497775935284,0.21503015232760062,0.11789965652295499,0.23975136882184508,0.1303395399780942,0.10886075947384989,0.2641509433962264,0.21337585429236627,0.25,0.06959935754520143,0.3333333333333333,0.7694645361830054,0.0,0.42982457657017537,1.0,0.18274111675126903,0.47301536105474784,0.18604651162790692,0.3081081081081081,0.4733539122265469,0.175,0.4338099909912052,0.17741935483870966
0.07060629583466499,0.04935199587899777,0.008134362640194508,0.09702093447030896,0.01519970197337208,0.07547728268815473,0.058598028477546554,0.03797468353664935,0.13207547169811323,0.08227183000776067,0.124999969187499,0.017399839388910328,0.0,0.5803676579897712,0.044444444444444446,0.27777780305555533,0.0,0.035532994923857864,0.2948810632048815,0.08139534883720928,0.05945945945945946,0.3056824587303718,0.07500000000000001,0.268451628947056,0.06451612903225806
0.06692056172737629,0.0583100052179128,0.007036335727330787,0.09304660897010342,0.009276692882475627,0.1200236788543633,0.05914567360350492,0.03797468353664935,0.18867924528301888,0.08227183000776067,0.124999969187499,0.020879807262516432,0.3333333333333333,0.6277215096703547,0.0,0.27777780305555533,1.0,0.09137055837563451,0.2808990277137804,0.08139534883720928,0.1891891891891892,0.27882968729029656,0.07500000000000001,0.24628670091533855,0.0967741935483871
0.07210313907300744,0.16655261795702916,0.01822948762478852,0.07765420871309153,0.0,0.3418676924902048,0.09090909090909091,0.0430379746727475,0.18867924528301888,0.08227183000776067,0.124999969187499,0.010439903631258218,0.3333333333333333,0.44134438355993955,0.0,0.09722224623611098,1.0,0.15228426395939085,0.18647496795723317,0.1511627906976744,0.2,0.1563226412562071,0.15,0.17950467679463322,0.17741935483870966
0.16391216384689508,0.30550544328838186,0.06483960964022813,0.2316650857155372,0.06702904107690424,0.4800947164865666,0.18510405257393212,0.19999999998726944,0.3962264150943397,0.3444798785769719,0.374999969187499,0.11014098330977422,0.3333333333333333,0.5175141872749827,0.0,0.15217393084782582,1.0,0.2588832487309644,0.27969300479806203,0.31395348837209297,0.41621621621621624,0.216921218628372,0.3,0.25846936346981775,0.30645161290322576
0.09935000096707952,0.17976153448371088,0.024010935451703623,0.1397540123202379,0.01519970197337208,0.3542992449832709,0.10186199342825848,0.09367088606555543,0.2641509433962264,0.21337585429236627,0.25,0.026447755862374182,0.3333333333333333,0.4414925982114587,0.06666666666666667,0.09722224623611098,1.0,0.14720812182741116,0.19127126939623507,0.18604651162790692,0.23243243243243245,0.1564353778016373,0.175,0.17787167679703664,0.1935483870967742
0.20675223408671853,0.3284396060391173,0.07808315873211505,0.25559482103797904,0.10937165704168181,0.4988900399368849,0.2157721796276013,0.21012658225946576,0.3962264150943397,0.3444798785769719,0.374999969187499,0.1769563665498268,0.6666666666666667,0.5890810660543048,0.0,0.21212121212121215,1.0,0.2944162436548223,0.3427627781013086,0.3372093023255814,0.4486486486486487,0.284230304657093,0.325,0.3233760979246675,0.3548387096774194
0.08150039718922644,0.19054432352635453,0.025176188502089615,0.08304058661131195,0.009036407808431634,0.40550540206272667,0.11281489594742607,0.053164556944943805,0.18867924528301888,0.08227183000776067,0.124999969187499,0.025229767112353994,0.3333333333333333,0.49226118168904076,0.0,0.09722224623611098,1.0,0.1979695431472081,0.21580853826744606,0.1511627906976744,0.25405405405405407,0.16082136625956256,0.15,0.20996910124828894,0.1935483870967742
0.018909146991639897,0.052358735155039415,0.0026778411446370352,0.010066688719666012,0.0,0.0506141777020225,0.02957283680175246,0.0025316455521358777,0.0,0.0,0.0,0.0,0.0,0.3385835719000545,0.0,0.04666668062000001,0.0,0.02030456852791878,0.11945532517475999,0.023255813953488386,0.03783783783783784,0.1037229902026573,0.024999999999999994,0.11181985493219848,0.04838709677419355
0.16536640708216557,0.26117159155718833,0.052021826085982235,0.1964233905663302,0.06871156863039767,0.4679591534149388,0.17524644030668127,0.11645569619391033,0.32075471698113217,0.21337585429236627,0.25,0.0849112161974202,0.3333333333333333,0.6035714555034132,0.0,0.27777780305555533,1.0,0.25380710659898476,0.3923824405557025,0.25581395348837205,0.34054054054054056,0.36062273520332844,0.25,0.3819269066658044,0.29032258064516125
0.16536640708216557,0.26117159155718833,0.052021826085982235,0.1964233905663302,0.06871156863039767,0.4679591534149388,0.17524644030668127,0.11645569619391033,0.32075471698113217,0.21337585429236627,0.25,0.0849112161974202,0.3333333333333333,0.6035714555034132,0.0,0.27777780305555533,1.0,0.25380710659898476,0.3923824405557025,0.25581395348837205,0.34054054054054056,0.36062273520332844,0.25,0.3819269066658044,0.29032258064516125
0.08609712558213636,0.16396060136816182,0.019428353743935645,0.09053400861208216,0.015119379647273484,0.32943614053169545,0.10733844468784227,0.048101265808845654,0.18867924528301888,0.08227183000776067,0.124999969187499,0.023489783170330986,0.3333333333333333,0.5206392615321908,0.0,0.15217393084782582,1.0,0.16751269035532995,0.25651088136729683,0.12790697674418605,0.23243243243243245,0.2170554288015032,0.125,0.24773182628951262,0.16129032258064516
0.14510094233665619,0.31985484711116924,0.05475568901188783,0.14169525828388946,0.002713495594398345,0.4618913718791248,0.20153340635268346,0.11645569619391033,0.32075471698113217,0.21337585429236627,0.25,0.08073525474491691,0.3333333333333333,0.510081525034826,0.0,0.04666668062000001,1.0,0.24873096446700507,0.19931032987660968,0.23255813953488375,0.32972972972972975,0.1142665414038384,0.22500000000000003,0.19135068720662707,0.24193548387096772
0.013721050010882578,0.023017107303150073,0.0016918577943104281,0.01256172289995533,0.0,0.0506141777020225,0.01971522453450164,0.0025316455521358777,0.0,0.0,0.0,0.0,0.0,0.34764293770190635,0.0,0.15217393084782582,0.0,0.015228426395939083,0.15013437835782384,0.023255813953488386,0.03783783783783784,0.17585290565024825,0.024999999999999994,0.12963211277318065,0.04838709677419355
0.07699864302590714,0.07411093833346186,0.011529282585069077,0.1467304352607734,0.04871782498950607,0.14488678384049555,0.061336254107338437,0.09367088606555543,0.20754716981132076,0.21337585429236627,0.25,0.04871955028268499,0.3333333333333333,0.4517070812710253,0.06666666666666667,0.21212121212121215,1.0,0.10152284263959391,0.22294048315408144,0.1395348837209302,0.23243243243243245,0.2399087370822709,0.125,0.18868140524828736,0.12903225806451613
0.05446908587750445,0.05741835150415213,0.007383670771195842,0.09091980422110543,0.05820322553375034,0.1324552313474294,0.044906900328587074,0.0430379746727475,0.18867924528301888,0.08227183000776067,0.124999969187499,0.022619791204539434,0.3333333333333333,0.47620802138272833,0.0,0.21212121212121215,1.0,0.10152284263959391,0.2640365877779467,0.1046511627906977,0.2,0.2990632129915447,0.1,0.23555350689822185,0.1129032258064516
0.0452308591143911,0.06264385695809414,0.010251985972145971,0.0782644779077681,0.028627134796333425,0.14488678384049555,0.04709748083242059,0.048101265808845654,0.18867924528301888,0.08227183000776067,0.124999969187499,0.024359775136122537,0.3333333333333333,0.44082539632792295,0.0,0.21212121212121215,1.0,0.12690355329949238,0.19429293641754508,0.12790697674418605,0.21081081081081082,0.20809018923634415,0.125,0.1696255677759405,0.12903225806451613
0.06930618918365167,0.05741835150415213,0.006565752764674906,0.10239085447883756,0.0719663688120135,0.1200236788543633,0.054764512595837894,0.03797468353664935,0.18867924528301888,0.08227183000776067,0.124999969187499,0.020879807262516432,0.3333333333333333,0.5161643948088109,0.0,0.27777780305555533,1.0,0.09137055837563451,0.3252431102623009,0.08139534883720928,0.1891891891891892,0.3765561669574553,0.07500000000000001,0.29563340039141595,0.0967741935483871
0.07173773353426266,0.07411093833346186,0.011652530503859901,0.1382501430341236,0.03246979639062159,0.14488678384049555,0.0624315443592552,0.09367088606555543,0.20754716981132076,0.21337585429236627,0.25,0.04871955028268499,0.3333333333333333,0.44346303822984845,0.06666666666666667,0.15217393084782582,1.0,0.10152284263959391,0.19029068893936607,0.1395348837209302,0.23243243243243245,0.19537243323043885,0.125,0.15845267684571174,0.12903225806451613
0.07849763984345476,0.02552617941450169,0.0036638244949636425,0.11455254212463836,0.01519970197337208,0.031226875943384434,0.016976998904709748,0.032911392400551194,0.13207547169811323,0.08227183000776067,0.124999969187499,0.015659855446887326,0.0,0.5462369132267322,0.044444444444444446,0.42982457657017537,0.0,0.015228426395939083,0.3745251820680343,0.05813953488372092,0.02702702702702703,0.4630412025231514,0.04999999999999999,0.3603878167050385,0.03225806451612903
0.12299433366596016,0.0900777605538402,0.016806534380567166,0.1384176934944583,0.030337616677423702,0.13852301288324334,0.08433734939759036,0.048101265808845654,0.13207547169811323,0.08227183000776067,0.124999969187499,0.023489783170330986,0.3333333333333333,0.6846703692401354,0.0,0.5185185454814814,0.0,0.06345177664974619,0.5035814157558098,0.12790697674418605,0.07567567567567568,0.58388941081734,0.125,0.4910318056137415,0.1129032258064516
0.02482399624334792,0.0,6.722613752226884e-05,0.025646677468310813,0.0,0.0,0.001095290251916758,0.0,0.0,0.0,0.0,0.0,0.0,0.43020594193949213,0.0,0.3500000136500001,0.0,0.0,0.27516741632953146,0.0,0.0,0.36373104281304525,0.0,0.26627038749929133,0.0
0.3387523273699653,0.26395023331408973,0.10766265924191326,0.3878209847691504,0.17273713755201342,0.4607074147279286,0.2667031763417305,0.23037974680385837,0.3962264150943397,0.3444798785769719,0.374999969187499,0.1695738632378945,0.3333333333333333,0.8687006441628724,0.0,0.6176470597156862,1.0,0.36040609137055835,0.6826330428327801,0.3372093023255814,0.42702702702702705,0.7341242786203193,0.325,0.6691298742825208,0.32258064516129037
0.0562603700700482,0.037117677543592464,0.003574189644933951,0.03851074359806038,0.0,0.0506141777020225,0.0492880613362541,0.0025316455521358777,0.0,0.0,0.0,0.0,0.0,0.6351256990581166,0.0,0.42982457657017537,0.0,0.025380710659898477,0.4273005650756144,0.023255813953488386,0.03783783783783784,0.5171064286672928,0.024999999999999994,0.4019109887631601,0.04838709677419355
0.1967910833909406,0.15000518409444505,0.044839833727353194,0.24764294820210622,0.0991294139657535,0.24552316093622076,0.14129244249726178,0.12405063288214435,0.2641509433962264,0.21337585429236627,0.25,0.06959935754520143,0.3333333333333333,0.8004430947775496,0.06666666666666667,0.5185185454814814,1.0,0.23857868020304565,0.5808602817043232,0.23255813953488375,0.31891891891891894,0.6515635485169775,0.22500000000000003,0.5503568447942866,0.25806451612903225
0.4146706987426322,0.3248107828446625,0.16097298629707232,0.5140445349218673,0.45247242576845575,0.5167973951228886,0.3417305585980285,0.3670886075103349,0.47169811320754723,0.4755839028615775,0.5,0.313793674889361,0.6666666666666667,0.9182614172652384,0.0,0.6176470597156862,1.0,0.42131979695431465,0.7410754078527263,0.441860465116279,0.6000000000000001,0.7937082270836131,0.425,0.7035142971263139,0.4193548387096774
0.15907969585676948,0.11297045102836832,0.02459356197689662,0.22374318337419616,0.09961405305899229,0.2015687436128887,0.11281489594742607,0.10886075947384989,0.2641509433962264,0.21337585429236627,0.25,0.06959935754520143,0.3333333333333333,0.7725354973684166,0.0,0.42982457657017537,1.0,0.16751269035532995,0.5011665267001488,0.18604651162790692,0.3081081081081081,0.5534451751442759,0.175,0.4614106997885751,0.17741935483870966
0.2241590124278896,0.14923794713440744,0.03974185163191449,0.2693118259771041,0.13487119302644546,0.23945537940040681,0.1429353778751369,0.11645569619391033,0.2641509433962264,0.21337585429236627,0.25,0.06263942178754932,0.3333333333333333,0.8199526384693294,0.06666666666666667,0.7291666799375001,1.0,0.2131979695431472,0.6574395864720984,0.20930232558139533,0.2972972972972973,0.7559146423298886,0.2,0.6297898250954538,0.22580645161290322
0.14369961505676676,0.11747019187337894,0.025176188502089615,0.14471498947540354,0.014045822564444737,0.1891371911198226,0.11938663745892662,0.053164556944943805,0.18867924528301888,0.08227183000776067,0.124999969187499,0.0240117783518939,0.3333333333333333,0.7847792472975592,0.0,0.5185185454814814,1.0,0.19289340101522842,0.5505729875593949,0.1511627906976744,0.25405405405405407,0.6323124412830492,0.15,0.5254021661425767,0.1935483870967742
0.3542430933522423,0.34986003115767894,0.16296736171023296,0.39187833510050774,0.36860291618001834,0.5231611660801407,0.3231106243154436,0.2607594936522737,0.45283018867924535,0.3444798785769719,0.374999969187499,0.204808537993391,0.6666666666666667,0.8979150176687009,0.0,0.7291666799375001,1.0,0.4568527918781725,0.7095254813952477,0.4302325581395349,0.5351351351351352,0.7577023218359953,0.425,0.6836466324128593,0.4516129032258065
0.2737289233920914,0.2730326594816267,0.09667118575702234,0.28087076927438714,0.4245122158107361,0.4607074147279286,0.24863088718510404,0.15443037973055967,0.3773584905660378,0.21337585429236627,0.25,0.09883108774404416,0.6666666666666667,0.8972311201056451,0.0,0.5185185454814814,1.0,0.3908629441624365,0.6892491329308038,0.3255813953488372,0.43783783783783786,0.739680579787948,0.325,0.6767365515463973,0.3709677419354839
0.08946389921332373,0.06625194401444519,0.00899709807173029,0.11771699604612507,0.037267468636272914,0.13881900230468158,0.05914567360350492,0.0430379746727475,0.18867924528301888,0.08227183000776067,0.124999969187499,0.022619791204539434,0.3333333333333333,0.7103981049969835,0.0,0.3500000136500001,1.0,0.1116751269035533,0.4102613609534692,0.1046511627906977,0.21081081081081082,0.4568567977452691,0.1,0.37680605819671875,0.12903225806451613
0.061578494865420254,0.0565681700665988,0.006095169802019026,0.09108865025639401,0.0058463997709161395,0.1200236788543633,0.05147864184008762,0.03797468353664935,0.18867924528301888,0.08227183000776067,0.124999969187499,0.020879807262516432,0.3333333333333333,0.5554668695810053,0.0,0.21212121212121215,1.0,0.0862944162436548,0.27187267663361325,0.08139534883720928,0.1891891891891892,0.2695638169373238,0.07500000000000001,0.23587856767702264,0.0967741935483871
0.07420256299005151,0.07143597719217988,0.013882197398348478,0.09293025457645326,0.007434056458697147,0.1512505547977477,0.07228915662650602,0.048101265808845654,0.18867924528301888,0.08227183000776067,0.124999969187499,0.023489783170330986,0.3333333333333333,0.5844123642519878,0.0,0.27777780305555533,1.0,0.14213197969543145,0.2805373811525813,0.12790697674418605,0.22162162162162163,0.2515903905516038,0.125,0.24756972336547112,0.14516129032258066
0.06367396154753815,0.05393468120152413,0.005467725851811185,0.09550577749783645,0.014321060851483122,0.1200236788543633,0.04709748083242059,0.03797468353664935,0.18867924528301888,0.08227183000776067,0.124999969187499,0.020879807262516432,0.3333333333333333,0.5576074607865106,0.0,0.27777780305555533,1.0,0.08121827411167512,0.2953762543646422,0.08139534883720928,0.1891891891891892,0.30829687290296603,0.07500000000000001,0.25895233369431103,0.0967741935483871
0.18235838881695104,0.14971487823589275,0.05281733537999574,0.26596574129002026,0.13262222784331132,0.2261358591775827,0.16265060240963855,0.19999999998726944,0.33962264150943394,0.3444798785769719,0.374999969187499,0.1393727134772972,0.3333333333333333,0.6488578066404189,0.0,0.3500000136500001,1.0,0.233502538071066,0.3790121810286401,0.26744186046511625,0.372972972972973,0.3271507180244263,0.25,0.3340629351227098,0.24193548387096772
0.08036490712690228,0.06710212545199852,0.010072716272086588,0.10809728986221087,0.0268623590992391,0.1324552313474294,0.06462212486308871,0.0430379746727475,0.18867924528301888,0.08227183000776067,0.124999969187499,0.022619791204539434,0.3333333333333333,0.5911333215918513,0.0,0.3500000136500001,1.0,0.11675126903553298,0.36167145918749,0.1046511627906977,0.2,0.3854838276741377,0.1,0.3267000927352043,0.1129032258064516
0.005417437654055543,0.01592534994417102,0.001288500969176816,0.006586095321893866,0.0,0.0506141777020225,0.002190580503833515,0.0025316455521358777,0.0,0.0,0.0,0.0,0.0,0.06636241140658639,0.0,0.04666668062000001,0.0,0.012690355329949235,0.06670136169623475,0.023255813953488386,0.005405405405405406,0.1044262515098644,0.024999999999999994,0.06919743558261149,0.016129032258064516
0.005417437654055543,0.01592534994417102,0.001288500969176816,0.006586095321893866,0.0,0.0506141777020225,0.002190580503833515,0.0025316455521358777,0.0,0.0,0.0,0.0,0.0,0.06636241140658639,0.0,0.04666668062000001,0.0,0.012690355329949235,0.06670136169623475,0.023255813953488386,0.005405405405405406,0.1044262515098644,0.024999999999999994,0.06919743558261149,0.016129032258064516
0.07600683607315478,0.06098496635919477,0.007193196714882747,0.10276679312336093,0.007785214668010736,0.1200236788543633,0.061336254107338437,0.03797468353664935,0.18867924528301888,0.08227183000776067,0.124999969187499,0.020879807262516432,0.3333333333333333,0.5626608392421434,0.0,0.27777780305555533,1.0,0.09137055837563451,0.33508179247723957,0.08139534883720928,0.1891891891891892,0.33677627164139035,0.07500000000000001,0.30229384839682105,0.0967741935483871
0.09833942561539663,0.06718507000441318,0.008604945602850389,0.11891898760844916,0.02247517073280739,0.1200236788543633,0.07447973713033954,0.03797468353664935,0.18867924528301888,0.08227183000776067,0.124999969187499,0.020879807262516432,0.3333333333333333,0.6108678823648819,0.0,0.3500000136500001,1.0,0.0964467005076142,0.42193715409458643,0.08139534883720928,0.1891891891891892,0.427180244262515,0.07500000000000001,0.3884917624784556,0.0967741935483871
0.1515971349907418,0.15908761018708314,0.039136816394214076,0.14258783935098318,0.0372578058282214,0.22702382690734071,0.14786418400876233,0.058227848081041964,0.18867924528301888,0.08227183000776067,0.124999969187499,0.024359775136122537,0.3333333333333333,0.7012639236100741,0.0,0.42982457657017537,1.0,0.23857868020304565,0.5453566264919948,0.17441860465116282,0.2648648648648649,0.5362555361696417,0.175,0.5215422823353942,0.20967741935483872
0.06433786321728069,0.013125972049165987,0.0022520756069960004,0.10732459869852573,0.01519970197337208,0.031226875943384434,0.009309967141292442,0.032911392400551194,0.13207547169811323,0.08227183000776067,0.124999969187499,0.015659855446887326,0.0,0.4475794337928932,0.044444444444444446,0.42982457657017537,0.0,0.010152284263959387,0.3388557992709539,0.05813953488372092,0.021621621621621623,0.4236585693195545,0.04999999999999999,0.3222952346373307,0.016129032258064516
0.020038494918010373,0.0,0.0,0.02294843156396746,0.0,0.0,0.0,0.0,0.0,0.0,0.0,0.0,0.0,0.34398500225275674,0.0,0.3500000136500001,0.0,0.0,0.24925113622684847,0.0,0.0,0.33108039189370564,0.0,0.23843072642987195,0.0
0.09620881415607385,0.03253499222106611,0.0058598783206910855,0.12777627045645226,0.030337616677423702,0.05002219885914599,0.02135815991237678,0.03797468353664935,0.13207547169811323,0.08227183000776067,0.124999969187499,0.020879807262516432,0.3333333333333333,0.5659937603703842,0.0,0.5185185454814814,0.0,0.02791878172588832,0.44823369613852426,0.08139534883720928,0.032432432432432434,0.5354985907931822,0.07500000000000001,0.43233538921787296,0.04838709677419355
0.15582985217579703,0.09347848630405356,0.02164681628217051,0.15492130496908202,0.04541374411215487,0.13852301288324334,0.1144578313253012,0.048101265808845654,0.13207547169811323,0.08227183000776067,0.124999969187499,0.023489783170330986,0.3333333333333333,0.7087267294629671,0.0,0.6176470597156862,0.0,0.07360406091370558,0.5982776220372464,0.12790697674418605,0.07567567567567568,0.6733002281572944,0.125,0.5823237313998769,0.1129032258064516
0.044231418894866044,0.03359253503965605,0.0032604676698300304,0.030317007857714226,0.0,0.0506141777020225,0.044906900328587074,0.0025316455521358777,0.0,0.0,0.0,0.0,0.0,0.5589837394625029,0.0,0.3500000136500001,0.0,0.02284263959390863,0.3443552697091208,0.023255813953488386,0.03783783783783784,0.3828049926184405,0.024999999999999994,0.31653950886012194,0.04838709677419355
0.04805445292416994,0.05916018665546614,0.00792147987137399,0.07892881170388709,0.025652586022024658,0.1324552313474294,0.048192771084337345,0.0430379746727475,0.18867924528301888,0.08227183000776067,0.124999969187499,0.022619791204539434,0.3333333333333333,0.45929924847678016,0.0,0.09722224623611098,1.0,0.10659898477157359,0.19594677670246063,0.1046511627906977,0.2,0.20135820695208695,0.1,0.17180753922515313,0.1129032258064516
0.05446010524218329,0.05916018665546614,0.008011114721403683,0.08656864577093501,0.03508031694954584,0.1324552313474294,0.0492880613362541,0.0430379746727475,0.18867924528301888,0.08227183000776067,0.124999969187499,0.022619791204539434,0.3333333333333333,0.4896213031468948,0.0,0.09722224623611098,1.0,0.10659898477157359,0.234838979380117,0.1046511627906977,0.2,0.2461414575224803,0.1,0.21170977185376316,0.1129032258064516
0.011913181810640515,0.023017107303150073,0.0016918577943104281,0.010146455843029582,0.0,0.0506141777020225,0.01971522453450164,0.0025316455521358777,0.0,0.0,0.0,0.0,0.0,0.34033307058701967,0.0,0.09722224623611098,0.0,0.015228426395939083,0.12231006608148276,0.023255813953488386,0.03783783783783784,0.13749563816937327,0.024999999999999994,0.10402899387004327,0.04838709677419355
0.10052128465365645,0.07585277348477586,0.013254753448140639,0.17029740542491062,0.06365699083124657,0.14488678384049555,0.07228915662650602,0.09367088606555543,0.20754716981132076,0.21337585429236627,0.25,0.04871955028268499,0.3333333333333333,0.5362520668492259,0.06666666666666667,0.15217393084782582,1.0,0.10659898477157359,0.298188102520647,0.1395348837209302,0.23243243243243245,0.315877063481412,0.125,0.27051585427156155,0.12903225806451613
0.07646991426950495,0.07241057545835518,0.011058699622413196,0.10029181616189337,0.02050058958303357,0.1324552313474294,0.0700985761226725,0.0430379746727475,0.18867924528301888,0.08227183000776067,0.124999969187499,0.022619791204539434,0.3333333333333333,0.5745067483330927,0.0,0.3500000136500001,1.0,0.1218274111675127,0.32142265114635793,0.1046511627906977,0.2,0.3160434840960945,0.1,0.2861926549393423,0.1129032258064516
0.14822413268075302,0.12155520995631637,0.04399950700832484,0.20203007710625184,0.05045975689416532,0.25188693189347294,0.12376779846659365,0.12405063288214435,0.2641509433962264,0.21337585429236627,0.25,0.06462797485519854,0.3333333333333333,0.6459546051933359,0.06666666666666667,0.42982457657017537,1.0,0.22842639593908629,0.4254377425555864,0.23255813953488375,0.3081081081081081,0.4044181988994766,0.22500000000000003,0.3888145342306343,0.24193548387096772
0.056904818012861645,0.05393468120152413,0.005546156345587165,0.0873580576099594,0.006101548109613231,0.1200236788543633,0.048192771084337345,0.03797468353664935,0.18867924528301888,0.08227183000776067,0.124999969187499,0.020879807262516432,0.3333333333333333,0.5416960119593118,0.0,0.27777780305555533,1.0,0.08121827411167512,0.2528908216944158,0.08139534883720928,0.1891891891891892,0.24443430412025224,0.07500000000000001,0.21685130849479706,0.0967741935483871
0.3826553631139949,0.29428719549535914,0.17119135920045714,0.5269429258626148,0.3079300545031456,0.3764984462455724,0.3302300109529025,0.4886075949039962,0.6037735849056605,0.6066879271461831,0.624999969187499,0.4064105342317519,0.6666666666666667,0.7720631424783011,0.0,0.5185185454814814,1.0,0.3857868020304568,0.5768096903381758,0.47674418604651153,0.6216216216216217,0.5105408669977185,0.45,0.5185789928696246,0.4193548387096774
0.041128612654094836,0.03800933125735312,0.0036190070699487964,0.026439243152224706,0.0,0.0506141777020225,0.04709748083242059,0.0025316455521358777,0.0,0.0,0.0,0.0,0.0,0.5142064906465331,0.0,0.3500000136500001,0.0,0.025380710659898477,0.3044952192702295,0.023255813953488386,0.03783783783783784,0.3150503288149241,0.024999999999999994,0.2754863310780441,0.04838709677419355
0.05842083787380769,0.0565681700665988,0.006095169802019026,0.07942908716894205,0.0007697687386548413,0.1200236788543633,0.05147864184008762,0.03797468353664935,0.18867924528301888,0.08227183000776067,0.124999969187499,0.020879807262516432,0.3333333333333333,0.5421911610972399,0.0,0.21212121212121215,1.0,0.0862944162436548,0.20987693328746404,0.08139534883720928,0.1891891891891892,0.1863588780029526,0.07500000000000001,0.17549107529297436,0.0967741935483871
0.10080399937826198,0.08850181443245657,0.010341620822175662,0.12288062556732371,0.02659952997089269,0.18972916942814236,0.07228915662650602,0.0430379746727475,0.18867924528301888,0.08227183000776067,0.124999969187499,0.022619791204539434,0.3333333333333333,0.7282744267971658,0.0,0.5185185454814814,1.0,0.11675126903553298,0.44054382266813874,0.1046511627906977,0.21081081081081082,0.47222117836532007,0.1,0.40648928726024347,0.12903225806451613
0.11544761398245379,0.11151892173560664,0.01365811027327425,0.13021221498975175,0.03330243145587445,0.18972916942814236,0.0887185104052574,0.0430379746727475,0.18867924528301888,0.08227183000776067,0.124999969187499,0.022619791204539434,0.3333333333333333,0.7466975037571104,0.0,0.6176470597156862,1.0,0.13705583756345177,0.4785633409490142,0.1046511627906977,0.21081081081081082,0.5239994631593075,0.1,0.4464899670320649,0.12903225806451613
0.13005367861567432,0.122820114081044,0.02304736081388444,0.1368019680375861,0.10968828167138672,0.2527749001577877,0.1117196056955093,0.053164556944943805,0.18867924528301888,0.08227183000776067,0.124999969187499,0.025229767112353994,0.3333333333333333,0.771512103809957,0.0,0.5185185454814814,1.0,0.19289340101522842,0.5160668798591411,0.1511627906976744,0.25405405405405407,0.5344893302912359,0.15,0.4845236037856986,0.1935483870967742
0.2215151282264219,0.22011404874758633,0.0629572777896046,0.24878064153905996,0.09281650551189762,0.4040254549555354,0.18510405257393212,0.13164556960220478,0.32075471698113217,0.21337585429236627,0.25,0.08550778211771498,0.3333333333333333,0.8324021400992537,0.0,0.6176470597156862,1.0,0.2791878172588832,0.588500042392368,0.27906976744186046,0.3621621621621622,0.6231968863239834,0.275,0.5605280591715259,0.29032258064516125
0.28821400948485554,0.2446656298959127,0.08523153802198295,0.3590399206457421,0.263438203725422,0.37161462186095473,0.23548740416210295,0.23037974680385837,0.3962264150943397,0.3444798785769719,0.374999969187499,0.1769563665498268,0.6666666666666667,0.8488042433613443,0.0,0.6176470597156862,1.0,0.31979695431472077,0.6340730468940737,0.3372093023255814,0.4810810810810811,0.623782042678835,0.325,0.5921114060100875,0.33870967741935487
0.2718543284335572,0.22241575947790132,0.07966297296388837,0.34415786262968295,0.13964802597842385,0.3464555274533842,0.2267250821467689,0.22025316453166208,0.3962264150943397,0.3444798785769719,0.374999969187499,0.16286249664762822,0.3333333333333333,0.8373973410508613,0.0,0.6176470597156862,1.0,0.3045685279187817,0.5986796010142846,0.31395348837209297,0.4702702702702703,0.5732975439538317,0.3,0.5502110183694051,0.32258064516129037
0.23246298056065068,0.2007050285756862,0.049377598010106334,0.2611113303888174,0.33605849623454526,0.3409797247604468,0.18619934282584885,0.12405063288214435,0.32075471698113217,0.21337585429236627,0.25,0.08073525474491691,0.3333333333333333,0.8211551196707882,0.0,0.6176470597156862,1.0,0.25380710659898476,0.6362318747557109,0.23255813953488375,0.35135135135135137,0.6714051805126828,0.22500000000000003,0.6056250696114381,0.24193548387096772
0.19956540075545065,0.20143079318461757,0.05710860382516723,0.22899279260516017,0.09475641070644976,0.3346159538031946,0.18510405257393212,0.12405063288214435,0.32075471698113217,0.21337585429236627,0.25,0.07099134469255589,0.3333333333333333,0.7511561309405724,0.06666666666666667,0.5185185454814814,1.0,0.2741116751269035,0.519703609176038,0.23255813953488375,0.31891891891891894,0.5090913971279023,0.22500000000000003,0.49333951463095616,0.25806451612903225
0.15797594101999543,0.12796267498257136,0.03216770680440555,0.20774785440159318,0.0904258728470901,0.1570223469121234,0.11500547645125958,0.10886075947384989,0.2641509433962264,0.21337585429236627,0.25,0.06263942178754932,0.3333333333333333,0.5728210142034549,0.06666666666666667,0.3500000136500001,0.0,0.08121827411167512,0.4149203269238153,0.18604651162790692,0.0918918918918919,0.43893705542880146,0.175,0.41230073034039194,0.1129032258064516
0.2368507596287986,0.28534992229454775,0.11660373553237499,0.24647763317376478,0.27517640235417173,0.5304129053017077,0.22562979189485213,0.16202531645062013,0.32075471698113217,0.21337585429236627,0.25,0.09813509413382726,0.6666666666666667,0.7146733557742659,0.0,0.42982457657017537,1.0,0.42131979695431465,0.5491452791387722,0.3488372093023256,0.3945945945945946,0.5516252851966179,0.35000000000000003,0.5616418680920311,0.3709677419354839
0.11127897282412277,0.06596163815589286,0.01643679062419469,0.17948400582373875,0.06052076705490959,0.1191357111246053,0.038335158817086525,0.10126582278561586,0.2641509433962264,0.21337585429236627,0.25,0.05567948602989719,0.3333333333333333,0.454756494559057,0.06666666666666667,0.27777780305555533,0.0,0.05076142131979695,0.3104226611623222,0.16279069767441862,0.05945945945945946,0.34518319688632404,0.15,0.3086305741513167,0.08064516129032258
0.04091406383987311,0.024717470253155665,0.0027226585696518806,0.02810923426241567,0.0,0.0506141777020225,0.015334063526834609,0.0025316455521358777,0.0,0.0,0.0,0.0,0.0,0.4529504232438225,0.0,0.27777780305555533,0.0,0.02030456852791878,0.2939886606277349,0.023255813953488386,0.010810810810810811,0.3437713058649845,0.024999999999999994,0.2961680015227314,0.03225806451612903
0.28255848251166255,0.36819077244778436,0.10347223000302518,0.31524850697030904,0.1708810204057187,0.5116175818513894,0.29791894852135814,0.21012658225946576,0.33962264150943394,0.3444798785769719,0.374999969187499,0.181654323183893,0.6666666666666667,0.6778827373056685,0.0,0.3500000136500001,1.0,0.34010152284263956,0.49156849437212247,0.3372093023255814,0.43783783783783786,0.4537968057978794,0.325,0.4835443315989131,0.33870967741935487
0.6257690163874968,0.694307931618483,0.4034352556273879,0.7271840875882416,0.999227248866925,0.7814118694654226,0.5887185104052574,0.6962025315158469,0.7358490566037736,0.7377919514307887,0.75,0.604934415920396,0.6666666666666667,0.8402695322805936,0.0,0.5185185454814814,1.0,0.583756345177665,0.698839220281461,0.6744186046511627,0.7189189189189189,0.6764675882431888,0.6500000000000001,0.6939553933405137,0.5645161290322581
0.0543284728163189,0.03512700880993344,0.007204401071136459,0.08910082783089213,0.030337616677423702,0.08790883518122086,0.016976998904709748,0.0430379746727475,0.13207547169811323,0.08227183000776067,0.124999969187499,0.022619791204539434,0.3333333333333333,0.351143181628369,0.0,0.21212121212121215,0.0,0.03807106598984771,0.22640561672364856,0.1046511627906977,0.032432432432432434,0.26597235270433506,0.1,0.22904816232348024,0.04838709677419355
0.026670105493050635,0.01940902024679902,0.002050397194429194,0.021096990301171972,0.0,0.0506141777020225,0.008762322015334063,0.0025316455521358777,0.0,0.0,0.0,0.0,0.0,0.3503427512093008,0.0,0.21212121212121215,0.0,0.017766497461928932,0.2176301796080593,0.023255813953488386,0.005405405405405406,0.2653764595356328,0.024999999999999994,0.22143793234750975,0.016129032258064516
0.039239672402880246,0.018434421980623717,0.0027226585696518806,0.07600988216689482,0.01519970197337208,0.031226875943384434,0.011500547645125956,0.032911392400551194,0.13207547169811323,0.08227183000776067,0.124999969187499,0.015659855446887326,0.0,0.25784527198740803,0.044444444444444446,0.15217393084782582,0.0,0.012690355329949235,0.16083593498612292,0.05813953488372092,0.021621621621621623,0.19841631995705278,0.04999999999999999,0.1588786614761063,0.016129032258064516
0.008061740030400267,0.0,3.361306876113442e-05,0.009985603496864413,0.0,0.0,0.0005476451259583794,0.0,0.0,0.0,0.0,0.0,0.0,0.17220098511752413,0.0,0.09722224623611098,0.0,0.0,0.10241948104430654,0.0,0.0,0.14012615756274327,0.0,0.10429726940214579,0.0
0.03228111724385029,0.0062001037201173045,0.0005378091001781494,0.026289140824640678,0.0,0.0,0.007119386637458927,0.0,0.0,0.0,0.0,0.0,0.0,0.45977873304916694,0.0,0.27777780305555533,0.0,0.002538071065989845,0.279727625543302,0.0,0.005405405405405406,0.33834384646356197,0.0,0.27679682069622025,0.016129032258064516
0.10124528823077722,0.09826853293271762,0.011899026341441554,0.11762728936848668,0.01519970197337208,0.07547728268815473,0.08050383351588171,0.03797468353664935,0.13207547169811323,0.08227183000776067,0.124999969187499,0.017399839388910328,0.0,0.5808566198375259,0.044444444444444446,0.3500000136500001,0.0,0.04314720812182741,0.38997681156415287,0.08139534883720928,0.05945945945945946,0.43239833579385323,0.07500000000000001,0.3838370705964137,0.06451612903225806
0.24882188815054151,0.3103162260551495,0.0998644272893301,0.24041539144630344,0.030337616677423702,0.6134379160983109,0.25136911281489593,0.13924050632226523,0.32075471698113217,0.21337585429236627,0.25,0.049067547066913623,0.3333333333333333,0.728257254161748,0.0,0.42982457657017537,1.0,0.35532994923857864,0.5296517402374664,0.3255813953488372,0.34054054054054056,0.5461978257951952,0.325,0.5401349603717522,0.3548387096774194
0.1838774447535255,0.2540383618471031,0.04979215919149366,0.15138400826827092,0.0,0.5128015390025856,0.18072289156626506,0.058227848081041964,0.18867924528301888,0.08227183000776067,0.124999969187499,0.010439903631258218,0.3333333333333333,0.7925609074646822,0.0,0.42982457657017537,1.0,0.2639593908629441,0.5757212265278323,0.22093023255813954,0.2648648648648649,0.6527821768890081,0.22500000000000003,0.5701596723681007,0.27419354838709675
0.3774449583887725,0.353592535042652,0.13103494638715532,0.4665598191347331,0.18690888385271376,0.5873908539609823,0.2957283680175246,0.3164556961493534,0.5283018867924529,0.4755839028615775,0.5,0.1621665030374113,0.3333333333333333,0.8432434620432109,0.11111111111111112,0.42982457657017537,1.0,0.33502538071065985,0.6300638036130105,0.39534883720930225,0.4810810810810811,0.6767843242517781,0.375,0.603736250738938,0.3709677419354839
0.4817902736746154,0.5468532919115968,0.23263604889581072,0.5261933231293389,0.8112074905338669,0.7004587835497738,0.44797371303395395,0.3670886075103349,0.5283018867924529,0.4755839028615775,0.5,0.26795752657042726,0.6666666666666667,0.8939350135055104,0.0,0.5185185454814814,1.0,0.4873096446700507,0.7549263762483097,0.511627906976744,0.5891891891891892,0.7940840155683799,0.5,0.7432218686511637,0.5
0.06891760771907013,0.09474339035388228,0.011394830310024539,0.0417149327950421,0.0,0.1200236788543633,0.0700985761226725,0.007594936688234029,0.0,0.0,0.0,0.0,0.0,0.6658584507509677,0.0,0.3500000136500001,0.0,0.055837563451776644,0.4549366161643018,0.06976744186046513,0.05945945945945946,0.5372647966715878,0.07500000000000001,0.44246060486823113,0.1129032258064516
0.15521188516165788,0.14940383623923673,0.032111685023137,0.15171134616721849,0.12444534910408515,0.22702382690734071,0.12595837897042717,0.058227848081041964,0.18867924528301888,0.08227183000776067,0.124999969187499,0.025751762293916902,0.3333333333333333,0.7917115478377055,0.0,0.5185185454814814,1.0,0.22335025380710657,0.5792686522354694,0.17441860465116282,0.25405405405405407,0.6654516172325862,0.175,0.5659204324851527,0.1935483870967742
0.16366620642276694,0.1553551063021101,0.04664373508420074,0.22306375483679144,0.055146979384659414,0.2324996301348349,0.11938663745892662,0.13164556960220478,0.2641509433962264,0.21337585429236627,0.25,0.08351922905006574,0.3333333333333333,0.7277385250113761,0.0,0.3500000136500001,1.0,0.24873096446700507,0.483360263674546,0.25581395348837205,0.3081081081081081,0.5403140518051268,0.25,0.46690793884647197,0.24193548387096772
0.2717030858347864,0.3085329186276282,0.1145533383379458,0.2772454710828056,0.37366548574713143,0.6134379160983109,0.2475355969331873,0.14683544301049922,0.32075471698113217,0.21337585429236627,0.25,0.08003926117645964,0.3333333333333333,0.8054228122451772,0.06666666666666667,0.6176470597156862,1.0,0.3959390862944162,0.6658943464927017,0.3255813953488372,0.372972972972973,0.7200805261038787,0.325,0.6723537374196912,0.3709677419354839
0.2717030858347864,0.3085329186276282,0.1145533383379458,0.2772454710828056,0.37366548574713143,0.6134379160983109,0.2475355969331873,0.14683544301049922,0.32075471698113217,0.21337585429236627,0.25,0.08003926117645964,0.3333333333333333,0.8054228122451772,0.06666666666666667,0.6176470597156862,1.0,0.3959390862944162,0.6658943464927017,0.3255813953488372,0.372972972972973,0.7200805261038787,0.325,0.6723537374196912,0.3709677419354839
0.3492502978035175,0.47504406430845003,0.19529192950219046,0.353277071023542,0.4206344061736673,0.6883232204781458,0.38663745892661555,0.2607594936522737,0.45283018867924535,0.3444798785769719,0.374999969187499,0.1474346390360135,0.6666666666666667,0.7481811005415913,0.0,0.42982457657017537,1.0,0.49746192893401014,0.5852545764601366,0.4534883720930231,0.5351351351351352,0.5568380083210307,0.45,0.5928785160568241,0.4838709677419355
0.24006437064981812,0.33540694664437326,0.09818377385127339,0.2294396195551239,0.23755684257364737,0.550096196481784,0.27710843373493976,0.14683544301049922,0.3773584905660378,0.21337585429236627,0.25,0.0960471134075756,0.6666666666666667,0.6897834658077632,0.0,0.3500000136500001,1.0,0.3857868020304568,0.5018919625588676,0.30232558139534876,0.42702702702702705,0.4568567977452691,0.3,0.505858192591642,0.3548387096774194
0.2930264041836454,0.46395023334404933,0.1404017882152581,0.31390589839091365,0.16777046920044375,0.6573923339561997,0.3461117196056955,0.22025316453166208,0.45283018867924535,0.3444798785769719,0.374999969187499,0.20044614972015778,0.6666666666666667,0.6531510586629414,0.0,0.3500000136500001,1.0,0.40101522842639586,0.48565305650391744,0.3837209302325581,0.4702702702702703,0.44966313246544076,0.375,0.4873306948186331,0.4193548387096774
0.2749340492677426,0.40008294461233374,0.13115819430594616,0.2990034598879744,0.2299736176865071,0.5876868433824206,0.32092004381161005,0.24050632910788108,0.3962264150943397,0.3444798785769719,0.374999969187499,0.1910502364520254,0.6666666666666667,0.6463758453666119,0.0,0.27777780305555533,1.0,0.4060913705583756,0.44855626565909623,0.3604651162790697,0.4918918918918919,0.36926587035297276,0.35000000000000003,0.44608207757163,0.3548387096774194
0.17751647554368902,0.3333540694964033,0.05273890488621977,0.19164277154341192,0.014080910659598824,0.5637117066606031,0.20700985761226726,0.10886075947384989,0.32075471698113217,0.21337585429236627,0.25,0.08073525474491691,0.3333333333333333,0.5945375328735056,0.0,0.27777780305555533,1.0,0.24365482233502536,0.37141194507439157,0.23255813953488375,0.31891891891891894,0.35481948731713864,0.22500000000000003,0.36823024471253263,0.25806451612903225
0.272911339610393,0.45316744430140565,0.1661718075987944,0.29381734300639517,0.06368516621571627,0.6631641260705753,0.3296823658269441,0.25063291138007737,0.45283018867924535,0.3444798785769719,0.374999969187499,0.2074930846712571,0.6666666666666667,0.6300973809971101,0.0,0.27777780305555533,1.0,0.4568527918781725,0.43296067290554086,0.4302325581395349,0.5243243243243243,0.3646490403972621,0.425,0.43791053405331815,0.467741935483871
0.19983727560093603,0.3824572317930561,0.09518100637527871,0.19557208269644924,0.05560719731354003,0.6388929999273195,0.2606790799561884,0.12405063288214435,0.32075471698113217,0.21337585429236627,0.25,0.057369756142619,0.6666666666666667,0.595513479223039,0.0,0.27777780305555533,1.0,0.34010152284263956,0.38020516428368967,0.3255813953488372,0.35135135135135137,0.355903905516038,0.325,0.3889855485840229,0.3709677419354839
0.19749635294972487,0.19162260240814924,0.06672194149085164,0.23465986019582483,0.1200838295619888,0.3915939024624693,0.151697699890471,0.13164556960220478,0.2641509433962264,0.21337585429236627,0.25,0.06611938966115541,0.3333333333333333,0.6686792271454247,0.06666666666666667,0.42982457657017537,0.0,0.12944162436548223,0.5077749402838433,0.25581395348837205,0.12972972972972974,0.5410763655885116,0.25,0.5122543581958928,0.22580645161290322
0.07815413488587619,0.06863659929717483,0.015630076973927463,0.14286717173470237,0.10528574296583634,0.13186325303910965,0.03504928806133625,0.10126582278561586,0.2641509433962264,0.21337585429236627,0.25,0.05567948602989719,0.3333333333333333,0.36300831588189597,0.06666666666666667,0.21212121212121215,0.0,0.05076142131979695,0.1807523500848245,0.16279069767441862,0.05405405405405406,0.200461682995571,0.15,0.17560906033771362,0.06451612903225806
0.6936268956127815,0.6633281493806968,0.5463132065747163,0.7028823036830987,0.36347770883663344,0.8699126834895199,0.6637458926615553,0.5949367087938838,0.6603773584905661,0.6066879271461831,0.624999969187499,0.4848133818873499,0.6666666666666667,0.9740052127961141,0.0,0.8555555788111113,1.0,0.7563451776649746,0.8590122980479532,0.7093023255813953,0.7621621621621621,0.8444557777479533,0.7,0.8679603444666398,0.7258064516129032
0.5502543930930809,0.5689165370866753,0.34386169342640416,0.4444920118909004,0.050255133164454124,0.7953233685311233,0.5980284775465499,0.2810126581966663,0.509433962264151,0.3444798785769719,0.374999969187499,0.15004461494382804,0.6666666666666667,0.9613236288725537,0.0,0.7291666799375001,1.0,0.6395939086294417,0.8414451180787089,0.5465116279069768,0.6000000000000001,0.8691182391625285,0.55,0.8506930134201977,0.6451612903225806
0.287249554904839,0.35435977192779067,0.13400410079438888,0.18027977165287049,0.0,0.6834393960935282,0.34392113910186195,0.07848101265726097,0.18867924528301888,0.08227183000776067,0.124999969187499,0.010439903631258218,0.3333333333333333,0.8768766904715294,0.0,0.7291666799375001,1.0,0.44670050761421315,0.7263906907040852,0.31395348837209297,0.35135135135135137,0.7784190041605155,0.325,0.7407688766801773,0.4032258064516129
0.2877777707256165,0.33260756874936825,0.1228781750344534,0.27809736417215225,0.0927911289322416,0.568595530510664,0.27491785323110624,0.16202531645062013,0.32075471698113217,0.21337585429236627,0.25,0.0994276535912596,0.6666666666666667,0.888154229003951,0.0,0.7291666799375001,1.0,0.42131979695431465,0.6764935711246093,0.3488372093023256,0.42702702702702705,0.7096550798550529,0.35000000000000003,0.6776790052926486,0.3548387096774194
0.23658009034720495,0.17748055989149952,0.05887889211325364,0.26204570813881833,0.03036851218544726,0.23945537940040681,0.18181818181818182,0.11645569619391033,0.2641509433962264,0.21337585429236627,0.25,0.05070810335033422,0.0,0.7502717237454108,0.13333333333333333,0.7291666799375001,0.0,0.1116751269035533,0.6191329965543856,0.20930232558139533,0.11351351351351352,0.6704657093007651,0.2,0.6137652340059981,0.17741935483870966
0.9999999999999999,1.0,0.8863430101623512,1.0,0.49658275861075435,0.9632973213636782,1.0,0.9392405063031695,0.8679245283018868,0.8688959757153943,0.875000030812501,0.746392879429736,0.6666666666666667,0.9978879218647808,0.0,0.7291666799375001,1.0,0.8223350253807107,0.9377524971740042,0.8953488372093024,0.945945945945946,0.9241444101462892,0.875,0.934344471165656,0.8709677419354839
0.4824590235383091,0.4203214100836835,0.26485977748148476,0.5424278437694527,0.3264605477682152,0.5728873760524053,0.40142387732749174,0.4177215188713165,0.5283018867924529,0.4755839028615775,0.5,0.3668217568325392,0.6666666666666667,0.9154179339301503,0.0,0.7291666799375001,1.0,0.5583756345177665,0.7770877938381845,0.5348837209302324,0.6000000000000001,0.804337672795598,0.5250000000000001,0.7780265794657876,0.4838709677419355
0.23395379224783286,0.228781752227949,0.07229050654894624,0.2574600339371813,0.4845710938966755,0.4040254549555354,0.21796276013143484,0.13924050632226523,0.32075471698113217,0.21337585429236627,0.25,0.09187115195507232,0.6666666666666667,0.823646055597371,0.0,0.3500000136500001,1.0,0.32994923857868014,0.5950677862139621,0.27906976744186046,0.372972972972973,0.6194121594416857,0.275,0.5893126846625233,0.27419354838709675
0.22110736724359956,0.1648315189438188,0.05722064738770434,0.3147020417137135,0.20901186974620167,0.22583986975614448,0.14786418400876233,0.21012658225946576,0.33962264150943394,0.3444798785769719,0.374999969187499,0.1534665833794958,0.3333333333333333,0.6945263257639787,0.0,0.27777780305555533,1.0,0.24873096446700507,0.47787953434503305,0.29069767441860467,0.32972972972972975,0.5004751040128841,0.275,0.46389827932027694,0.24193548387096772
0.3096761479448801,0.3086573354562502,0.09237991731185086,0.3687899630882312,0.43164790169200706,0.4543436437706764,0.2650602409638554,0.22025316453166208,0.33962264150943394,0.3444798785769719,0.374999969187499,0.181654323183893,0.6666666666666667,0.869091269022113,0.0,0.42982457657017537,1.0,0.32994923857868014,0.6338829120063699,0.3372093023255814,0.4486486486486487,0.6695208696819219,0.325,0.6143500169797472,0.32258064516129037
0.09076355916131587,0.0757283566561539,0.01845357474986275,0.11371787275744177,0.07725022380228679,0.15731833633356165,0.07995618838992333,0.053164556944943805,0.18867924528301888,0.08227183000776067,0.124999969187499,0.025229767112353994,0.3333333333333333,0.6021087326129564,0.0,0.21212121212121215,1.0,0.17258883248730963,0.3702308661010898,0.1511627906976744,0.22162162162162163,0.39907663400885784,0.15,0.3569245263343088,0.14516129032258066
0.08280362433796754,0.051052358754104465,0.01078979507232412,0.1105373338516106,0.01519970197337208,0.12609146039017724,0.05805038335158817,0.0430379746727475,0.13207547169811323,0.08227183000776067,0.124999969187499,0.01826983135470188,0.0,0.554152337292173,0.044444444444444446,0.21212121212121215,0.0,0.04568527918781725,0.3515560136476814,0.1046511627906977,0.06486486486486487,0.39495906589719487,0.1,0.33921382476336726,0.08064516129032258
0.1279674379027609,0.08532918612648456,0.024739218608194866,0.19257660787155514,0.07550421171229675,0.16338611786937557,0.0783132530120482,0.10886075947384989,0.2641509433962264,0.21337585429236627,0.25,0.05985544748240048,0.3333333333333333,0.5562187248712892,0.06666666666666667,0.21212121212121215,0.0,0.07106598984771573,0.3628843052681163,0.18604651162790692,0.0918918918918919,0.39652127231244116,0.175,0.35151606765754784,0.1129032258064516
0.19205167037350554,0.1962882322830902,0.042823049601685134,0.2347553060285795,0.043992977869910285,0.3982536628411597,0.14403066812705367,0.11645569619391033,0.32075471698113217,0.21337585429236627,0.25,0.08073525474491691,0.3333333333333333,0.7745632521261168,0.0,0.42982457657017537,1.0,0.233502538071066,0.5194977257304993,0.23255813953488375,0.2864864864864865,0.5773506911823918,0.22500000000000003,0.5067777117419312,0.24193548387096772
0.19012065902163203,0.1910627268291482,0.037702658793739005,0.23337784164433026,0.028855063165858657,0.3858221103480936,0.14184008762322017,0.10886075947384989,0.32075471698113217,0.21337585429236627,0.25,0.06681538324005261,0.3333333333333333,0.7741879411889927,0.06666666666666667,0.42982457657017537,1.0,0.2081218274111675,0.5170995750109985,0.20930232558139533,0.2756756756756757,0.5768084820829418,0.2,0.5014682154696558,0.22580645161290322
0.027999836980265515,0.013291861079096357,0.0007058744439838211,0.023516953295905654,0.0,0.0,0.007667031763417305,0.0,0.0,0.0,0.0,0.0,0.0,0.43700223001720273,0.0,0.15217393084782582,0.0,0.005076142131979693,0.25000617992841956,0.0,0.005405405405405406,0.3071534022278889,0.0,0.24281347434982237,0.016129032258064516
0.0640476936746443,0.05368584761917912,0.011462056447546807,0.09654360311211704,0.04541374411215487,0.11306792958879133,0.023548740416210294,0.048101265808845654,0.18867924528301888,0.08227183000776067,0.124999969187499,0.024359775136122537,0.3333333333333333,0.44010385683953857,0.0,0.15217393084782582,0.0,0.0532994923857868,0.2664401804630071,0.12790697674418605,0.043243243243243246,0.3094403435780432,0.125,0.2657852497231802,0.08064516129032258
0.032676486286000894,0.02560912389201742,0.0025882062946073437,0.02439677215717491,0.0,0.0506141777020225,0.013143483023001095,0.0025316455521358777,0.0,0.0,0.0,0.0,0.0,0.43877315069327427,0.0,0.15217393084782582,0.0,0.02030456852791878,0.25527144215955777,0.023255813953488386,0.010810810810810811,0.30845792511072334,0.024999999999999994,0.2528126847266001,0.03225806451612903
0.049844652088819295,0.02811819600336903,0.0045265599264994235,0.08654196843939785,0.06042808427756559,0.06274974077365036,0.01478641840087623,0.03797468353664935,0.13207547169811323,0.08227183000776067,0.124999969187499,0.020879807262516432,0.3333333333333333,0.32402258832978326,0.0,0.21212121212121215,0.0,0.025380710659898477,0.21150740400805423,0.08139534883720928,0.02702702702702703,0.26078110320762304,0.07500000000000001,0.21349199784923,0.03225806451612903
0.06650438785804666,0.03253499222106611,0.005467725851811185,0.09990243832566326,0.07538063717365583,0.06911351173090255,0.01971522453450164,0.03797468353664935,0.13207547169811323,0.08227183000776067,0.124999969187499,0.020879807262516432,0.3333333333333333,0.42338902309400506,0.0,0.27777780305555533,0.0,0.02791878172588832,0.2826106380921376,0.08139534883720928,0.02702702702702703,0.33834384646356197,0.07500000000000001,0.284363037572276,0.03225806451612903
0.03954830622097152,0.02544323486208704,0.004369698938947463,0.07563207732715446,0.04541374411215487,0.05638596981639817,0.013691128148959474,0.03797468353664935,0.13207547169811323,0.08227183000776067,0.124999969187499,0.020879807262516432,0.3333333333333333,0.23389908918325153,0.0,0.15217393084782582,0.0,0.025380710659898477,0.15381858722634634,0.08139534883720928,0.02702702702702703,0.19448664608777344,0.07500000000000001,0.1563945828425154,0.03225806451612903
0.09699752154222557,0.07861067910357357,0.012672126922947642,0.11731452147377008,0.09027140280042563,0.08790883518122086,0.03723986856516977,0.0430379746727475,0.13207547169811323,0.08227183000776067,0.124999969187499,0.022619791204539434,0.3333333333333333,0.5358023653432529,0.0,0.3500000136500001,0.0,0.05076142131979695,0.3749863894373906,0.1046511627906977,0.03783783783783784,0.4303046570930076,0.1,0.3791691154861726,0.06451612903225806
0.03026377118348575,0.021026438569491063,0.003820685482515603,0.06626479511090057,0.030337616677423702,0.05002219885914599,0.010952902519167577,0.03797468353664935,0.13207547169811323,0.08227183000776067,0.124999969187499,0.020879807262516432,0.3333333333333333,0.150759703953256,0.0,0.09722224623611098,0.0,0.02284263959390863,0.1050869664010835,0.08139534883720928,0.02702702702702703,0.13716816534693332,0.07500000000000001,0.10775599933638536,0.03225806451612903
0.3359581422635787,0.3544427164802053,0.15738759229588464,0.30556987757031506,0.09874463263140919,0.6895071776293421,0.3170865279299014,0.14683544301049922,0.32075471698113217,0.21337585429236627,0.25,0.08119925046766169,0.3333333333333333,0.8722967279307847,0.06666666666666667,0.7291666799375001,1.0,0.44670050761421315,0.7775921795226811,0.3488372093023256,0.3837837837837838,0.8256931955442222,0.35000000000000003,0.7856145973630017,0.4193548387096774
0.3359581422635787,0.3544427164802053,0.15738759229588464,0.30556987757031506,0.09874463263140919,0.6895071776293421,0.3170865279299014,0.14683544301049922,0.32075471698113217,0.21337585429236627,0.25,0.08119925046766169,0.3333333333333333,0.8722967279307847,0.06666666666666667,0.7291666799375001,1.0,0.44670050761421315,0.7775921795226811,0.3488372093023256,0.3837837837837838,0.8256931955442222,0.35000000000000003,0.7856145973630017,0.4193548387096774
0.3359581422635787,0.3544427164802053,0.15738759229588464,0.30556987757031506,0.09874463263140919,0.6895071776293421,0.3170865279299014,0.14683544301049922,0.32075471698113217,0.21337585429236627,0.25,0.08119925046766169,0.3333333333333333,0.8722967279307847,0.06666666666666667,0.7291666799375001,1.0,0.44670050761421315,0.7775921795226811,0.3488372093023256,0.3837837837837838,0.8256931955442222,0.35000000000000003,0.7856145973630017,0.4193548387096774
0.22467167357882614,0.2768895801203228,0.08695700888505452,0.17083615771419333,0.007254873002995159,0.5252330914956518,0.23329682365826945,0.07341772152116281,0.18867924528301888,0.08227183000776067,0.124999969187499,0.026534755066261267,0.3333333333333333,0.8561584748524182,0.0,0.6176470597156862,1.0,0.365482233502538,0.6828099962807578,0.24418604651162784,0.34054054054054056,0.7372433230438868,0.25,0.685065843311344,0.32258064516129037
0.04786209341877252,0.021026438569491063,0.004134407457619523,0.08511712922547407,0.030337616677423702,0.05002219885914599,0.013143483023001095,0.03797468353664935,0.13207547169811323,0.08227183000776067,0.124999969187499,0.020879807262516432,0.3333333333333333,0.3830784482733719,0.0,0.27777780305555533,0.0,0.02284263959390863,0.22156017021124996,0.08139534883720928,0.02702702702702703,0.2413206281036102,0.07500000000000001,0.2045152713695505,0.03225806451612903
0.07292634991389457,0.04846034216523712,0.007899071158866568,0.099486543749125,0.04541374411215487,0.05638596981639817,0.028477546549835704,0.03797468353664935,0.13207547169811323,0.08227183000776067,0.124999969187499,0.020879807262516432,0.3333333333333333,0.4909925018383764,0.0,0.3500000136500001,0.0,0.035532994923857864,0.3018511914686888,0.08139534883720928,0.032432432432432434,0.3160434840960945,0.07500000000000001,0.2804534791239812,0.04838709677419355
0.03443992266635837,0.013125972049165987,0.0021176233319514627,0.07302822736433624,0.01519970197337208,0.031226875943384434,0.008214676889375685,0.032911392400551194,0.13207547169811323,0.08227183000776067,0.124999969187499,0.015659855446887326,0.0,0.2867088353359586,0.044444444444444446,0.21212121212121215,0.0,0.010152284263959387,0.1570629268558097,0.05813953488372092,0.021621621621621623,0.17730237552006434,0.04999999999999999,0.141097583850753,0.016129032258064516
0.10648295136326832,0.09420425091298493,0.030016470403692957,0.11875462269412973,0.06042808427756559,0.22702382690734071,0.09419496166484118,0.058227848081041964,0.13207547169811323,0.08227183000776067,0.124999969187499,0.024359775136122537,0.3333333333333333,0.6162465560603636,0.0,0.42982457657017537,0.0,0.09390862944162437,0.4127674620944354,0.17441860465116282,0.0972972972972973,0.4044181988994766,0.175,0.38664901890238923,0.17741935483870966
0.006472646378287202,0.0,0.0,0.008773368299730619,0.0,0.0,0.0,0.0,0.0,0.0,0.0,0.0,0.0,0.19872879135341814,0.0,0.15217393084782582,0.0,0.0,0.09919416340653564,0.0,0.0,0.12185210038920946,0.0,0.09005617398102206,0.0
0.07980927792108924,0.06621047181313679,0.010162351122116279,0.10349888765859555,0.005717088993761516,0.1324552313474294,0.06571741511500548,0.0430379746727475,0.18867924528301888,0.08227183000776067,0.124999969187499,0.022619791204539434,0.3333333333333333,0.622441155178591,0.0,0.27777780305555533,1.0,0.11675126903553298,0.3376142235368932,0.1046511627906977,0.2,0.34447993557911694,0.1,0.3030140662133266,0.1129032258064516
0.08457365818303611,0.06892690515572718,0.00884023708417833,0.10173257226077129,0.003818461486802824,0.1200236788543633,0.07447973713033954,0.03797468353664935,0.18867924528301888,0.08227183000776067,0.124999969187499,0.020879807262516432,0.3333333333333333,0.6248568549501062,0.0,0.3500000136500001,1.0,0.10152284263959391,0.3304359603684722,0.08139534883720928,0.1891891891891892,0.32072473493490805,0.07500000000000001,0.2929957531724774,0.0967741935483871
0.036442822351833215,0.03180922761213471,0.002991563119740956,0.026255692800040947,0.0,0.0506141777020225,0.038335158817086525,0.0025316455521358777,0.0,0.0,0.0,0.0,0.0,0.5280979841575594,0.0,0.27777780305555533,0.0,0.02284263959390863,0.3018147657155432,0.023255813953488386,0.03783783783783784,0.33400617366796403,0.024999999999999994,0.27387988747381387,0.04838709677419355
0.10845995987164725,0.10312078797569263,0.030139718322483782,0.11881985068014797,0.01404767344741389,0.22702382690734071,0.10843373493975904,0.058227848081041964,0.18867924528301888,0.08227183000776067,0.124999969187499,0.024359775136122537,0.3333333333333333,0.6706883737517149,0.0,0.42982457657017537,1.0,0.2131979695431472,0.41984205754341763,0.17441860465116282,0.2648648648648649,0.4044181988994766,0.175,0.3874197472922646,0.20967741935483872
0.13821656598066287,0.10430274754800563,0.018117444062251405,0.145087627865891,0.015301429348868998,0.1512505547977477,0.10514786418400876,0.048101265808845654,0.18867924528301888,0.08227183000776067,0.124999969187499,0.023489783170330986,0.3333333333333333,0.7629242895508932,0.0,0.5185185454814814,1.0,0.15736040609137056,0.5451031333714637,0.12790697674418605,0.22162162162162163,0.6272983492148705,0.125,0.5278663551152669,0.14516129032258066
0.12159320459447781,0.09113530329753124,0.010565707947249892,0.13594500360236367,0.01042537558152804,0.1200236788543633,0.08652792990142387,0.03797468353664935,0.18867924528301888,0.08227183000776067,0.124999969187499,0.020879807262516432,0.3333333333333333,0.7352469436118887,0.0,0.6176470597156862,1.0,0.1116751269035533,0.5028599581180824,0.08139534883720928,0.1891891891891892,0.588012347335928,0.07500000000000001,0.47719395401134634,0.0967741935483871
0.13905060670868252,0.1458786936604014,0.03821805918140973,0.14159420719156265,0.011771825500507135,0.366730797476337,0.1117196056955093,0.06329113921714012,0.18867924528301888,0.08227183000776067,0.124999969187499,0.024608344272188665,0.3333333333333333,0.7721396486294962,0.0,0.6176470597156862,1.0,0.22842639593908629,0.5348964628486595,0.19767441860465113,0.2756756756756757,0.587459401422628,0.2,0.5130845523425149,0.22580645161290322
0.10824349636829128,0.06544323485309918,0.008291223627746468,0.1317571434904801,0.01519970197337208,0.07547728268815473,0.06407447973713033,0.03797468353664935,0.13207547169811323,0.08227183000776067,0.124999969187499,0.017399839388910328,0.0,0.6398345170955315,0.044444444444444446,0.5185185454814814,0.0,0.032994923857868015,0.4724957982278766,0.08139534883720928,0.05945945945945946,0.5542235941484364,0.07500000000000001,0.4556692810034655,0.06451612903225806
0.2458787997939914,0.20584758947721357,0.059461518638446634,0.26648788302366366,0.0641541589784304,0.3791623499694031,0.1955093099671413,0.12405063288214435,0.2641509433962264,0.21337585429236627,0.25,0.07655929329241364,0.3333333333333333,0.8060693841693365,0.0,0.6176470597156862,1.0,0.2791878172588832,0.6335932700031169,0.23255813953488375,0.2972972972972973,0.697425848879345,0.22500000000000003,0.6257430989145302,0.22580645161290322
0.037334778556817716,0.0062001037201173045,0.00040335682513361216,0.03207317347274577,0.0,0.0,0.004928806133625411,0.0,0.0,0.0,0.0,0.0,0.0,0.5091620543055829,0.0,0.42982457657017537,0.0,0.002538071065989845,0.3469299254191226,0.0,0.005405405405405406,0.4385129512817072,0.0,0.33570361164972784,0.016129032258064516
0.16712375089906295,0.1848211509077225,0.05066609897928315,0.15664772324882206,0.03979704865919995,0.38552612092665534,0.14786418400876233,0.06835443035323828,0.18867924528301888,0.08227183000776067,0.124999969187499,0.026348328214211673,0.3333333333333333,0.7996359479706217,0.0,0.7291666799375001,1.0,0.2741116751269035,0.6071077430677784,0.22093023255813954,0.2864864864864865,0.6657629848342506,0.22500000000000003,0.5971197358096295,0.24193548387096772
0.5563852896920571,0.5040124417493724,0.25636687544117154,0.7106843937053652,0.10682233926271935,0.541956489530459,0.43044906900328583,0.6075949365545632,0.7358490566037736,0.7377919514307887,0.75,0.40268199719076,0.3333333333333333,0.8926547874822219,0.3111111111111111,0.7291666799375001,1.0,0.3908629441624365,0.7078804230045094,0.48837209302325585,0.6432432432432433,0.7003784726882298,0.45,0.6578675075123633,0.4193548387096774
0.2789290043549409,0.1849663037995492,0.08413351110911924,0.35634669770134575,0.13531442329665777,0.23190765129195842,0.17415115005476453,0.22025316453166208,0.3962264150943397,0.3444798785769719,0.374999969187499,0.1460840800675635,0.3333333333333333,0.7200171173085336,0.08888888888888889,0.6176470597156862,0.0,0.13959390862944163,0.5858388456628806,0.31395348837209297,0.14054054054054055,0.6433713595490538,0.3,0.5836189606486687,0.20967741935483872
0.18671729974823592,0.17955417317757316,0.034811934880281455,0.16199294724617128,0.04311950723080965,0.3418676924902048,0.17305585980284777,0.053164556944943805,0.18867924528301888,0.08227183000776067,0.124999969187499,0.0240117783518939,0.3333333333333333,0.80927875189327,0.0,0.6176470597156862,1.0,0.233502538071066,0.6312863709218387,0.1511627906976744,0.24324324324324326,0.7086565561669573,0.15,0.6240919755371389,0.17741935483870966
0.0373808161502852,0.02544323486208704,0.0045265599264994235,0.06928542978449777,0.04541374411215487,0.05638596981639817,0.01478641840087623,0.03797468353664935,0.13207547169811323,0.08227183000776067,0.124999969187499,0.020879807262516432,0.3333333333333333,0.31023900790951786,0.0,0.15217393084782582,0.0,0.025380710659898477,0.1342234144280915,0.08139534883720928,0.02702702702702703,0.13077439269896662,0.07500000000000001,0.12187097336303576,0.03225806451612903
0.051113254186453426,0.03784344222742274,0.006016739308243046,0.07960261662843632,0.06042808427756559,0.06274974077365036,0.02135815991237678,0.03797468353664935,0.13207547169811323,0.08227183000776067,0.124999969187499,0.020879807262516432,0.3333333333333333,0.4084203016485627,0.0,0.21212121212121215,0.0,0.030456852791878167,0.19332323091118075,0.08139534883720928,0.032432432432432434,0.1868581398470004,0.07500000000000001,0.1756218238488334,0.04838709677419355
0.027851420278722762,0.021026438569491063,0.003820685482515603,0.06055666413442107,0.030337616677423702,0.05002219885914599,0.010952902519167577,0.03797468353664935,0.13207547169811323,0.08227183000776067,0.124999969187499,0.020879807262516432,0.3333333333333333,0.22096262023004498,0.0,0.09722224623611098,0.0,0.02284263959390863,0.08601247442062299,0.08139534883720928,0.02702702702702703,0.08171789021607834,0.07500000000000001,0.07688053685926755,0.03225806451612903
0.06991765924431825,0.061627786415711525,0.013882197398348478,0.09288948692877183,0.07538063717365583,0.13852301288324334,0.060240963855421686,0.048101265808845654,0.13207547169811323,0.08227183000776067,0.124999969187499,0.023489783170330986,0.3333333333333333,0.5190464010229388,0.0,0.27777780305555533,0.0,0.058375634517766485,0.2729467267493231,0.12790697674418605,0.07567567567567568,0.2515903905516038,0.125,0.24708801797787128,0.1129032258064516
0.020583185222066973,0.013125972049165987,0.0021176233319514627,0.052471291184202046,0.01519970197337208,0.031226875943384434,0.008214676889375685,0.032911392400551194,0.13207547169811323,0.08227183000776067,0.124999969187499,0.015659855446887326,0.0,0.1384592065793815,0.044444444444444446,0.04666668062000001,0.0,0.010152284263959387,0.04404224047648331,0.05813953488372092,0.021621621621621623,0.038448530398604186,0.04999999999999999,0.0349220401821948,0.016129032258064516
0.022720866033009157,0.01592534994417102,0.0013781358192065075,0.022756250580305268,0.0,0.0506141777020225,0.0032858707557502738,0.0025316455521358777,0.0,0.0,0.0,0.0,0.0,0.3515269294302842,0.0,0.3500000136500001,0.0,0.012690355329949235,0.2384448704144847,0.023255813953488386,0.005405405405405406,0.3153831700442893,0.024999999999999994,0.23761847604123743,0.016129032258064516
0.10690604038133933,0.05640228103666843,0.009378046184356479,0.18368129952324574,0.03036851218544726,0.09427260613847305,0.030120481927710843,0.086075949345495,0.20754716981132076,0.21337585429236627,0.25,0.03479967876738076,0.0,0.4560948028972911,0.13333333333333333,0.42982457657017537,0.0,0.025380710659898477,0.33054844915285186,0.11627906976744184,0.043243243243243246,0.40481546101194477,0.1,0.3205016262612437,0.03225806451612903
0.10762204310889456,0.06859512702096753,0.019574010375233892,0.12802847209911242,0.04541374411215487,0.15095456537630947,0.03888280394304491,0.053164556944943805,0.18867924528301888,0.08227183000776067,0.124999969187499,0.025229767112353994,0.3333333333333333,0.5754533794776119,0.0,0.5185185454814814,0.0,0.07360406091370558,0.43341056737614503,0.1511627906976744,0.04864864864864865,0.5119957052744597,0.15,0.43722159288402074,0.0967741935483871
0.022720866033009157,0.01592534994417102,0.0013781358192065075,0.022756250580305268,0.0,0.0506141777020225,0.0032858707557502738,0.0025316455521358777,0.0,0.0,0.0,0.0,0.0,0.3515269294302842,0.0,0.3500000136500001,0.0,0.012690355329949235,0.2384448704144847,0.023255813953488386,0.005405405405405406,0.3153831700442893,0.024999999999999994,0.23761847604123743,0.016129032258064516
0.15461161169406876,0.12949714882774768,0.039618603713123667,0.2530685729282134,0.04630807652528839,0.21977208822033054,0.12048192771084336,0.19999999998726944,0.33962264150943394,0.3444798785769719,0.374999969187499,0.1299768002091648,0.3333333333333333,0.662533066738511,0.08888888888888889,0.27777780305555533,1.0,0.1979695431472081,0.34757793004048776,0.26744186046511625,0.3621621621621622,0.31670916655482495,0.25,0.3008216761235757,0.22580645161290322
0.030517608554129487,0.040601347846220465,0.0051764125892146875,0.020492106126667797,0.0,0.10122835593860174,0.040525739320920046,0.005063291136098155,0.0,0.0,0.0,0.0,0.0,0.5277885675071058,0.0,0.21212121212121215,0.0,0.035532994923857864,0.2413368884174667,0.04651162790697677,0.04864864864864865,0.2413206281036102,0.04999999999999999,0.21485332849884453,0.08064516129032258
0.07337266875335993,0.07054432347841921,0.01357967977949827,0.09823010091504861,0.009296153380738342,0.1512505547977477,0.06790799561883899,0.048101265808845654,0.18867924528301888,0.08227183000776067,0.124999969187499,0.023489783170330986,0.3333333333333333,0.6261157739791634,0.0,0.3500000136500001,1.0,0.14213197969543145,0.31056013850557385,0.12790697674418605,0.22162162162162163,0.3073144544356462,0.125,0.2761330651525862,0.14516129032258066
0.12094318169355381,0.08897874545904294,0.02211739924482639,0.18890222799495088,0.06354077111703571,0.17611365978387997,0.08105147864184009,0.10886075947384989,0.2641509433962264,0.21337585429236627,0.25,0.05985544748240048,0.3333333333333333,0.6553933047319495,0.06666666666666667,0.3500000136500001,1.0,0.15736040609137056,0.3795272041550586,0.18604651162790692,0.2648648648648649,0.37844047778821643,0.175,0.34178582596882157,0.17741935483870966
0.10434601120330908,0.08897874545904294,0.02211739924482639,0.1695259814720143,0.02582737456735657,0.17611365978387997,0.08105147864184009,0.10886075947384989,0.2641509433962264,0.21337585429236627,0.25,0.05985544748240048,0.3333333333333333,0.6139006359471858,0.06666666666666667,0.3500000136500001,1.0,0.15736040609137056,0.3095438859028403,0.18604651162790692,0.2648648648648649,0.3035726748087505,0.175,0.2715702031924291,0.17741935483870966
0.07999956290633448,0.06536029030068453,0.008448084615298428,0.10240397624216696,0.015664374760249303,0.1200236788543633,0.07119386637458926,0.03797468353664935,0.18867924528301888,0.08227183000776067,0.124999969187499,0.020879807262516432,0.3333333333333333,0.6278337046528973,0.0,0.27777780305555533,1.0,0.10152284263959391,0.33405447776418085,0.08139534883720928,0.1891891891891892,0.34078647161454834,0.07500000000000001,0.2965659513341141,0.0967741935483871
0.03091874535896772,0.027392431319538734,0.0024985714445776522,0.023536625930017957,0.0,0.0506141777020225,0.031763417305585975,0.0025316455521358777,0.0,0.0,0.0,0.0,0.0,0.5219542909869165,0.0,0.27777780305555533,0.0,0.02030456852791878,0.2738114219344331,0.023255813953488386,0.03783783783783784,0.2933243859884579,0.024999999999999994,0.24643682617366747,0.04838709677419355
0.10047741267056287,0.06442716438561547,0.010341620822175662,0.12367392454833001,0.07469049761666782,0.1324552313474294,0.0700985761226725,0.0430379746727475,0.18867924528301888,0.08227183000776067,0.124999969187499,0.022619791204539434,0.3333333333333333,0.6832304484793893,0.0,0.42982457657017537,1.0,0.11675126903553298,0.4458401953708456,0.1046511627906977,0.2,0.4663803516306535,0.1,0.41348574433903496,0.1129032258064516
0.07236662374846345,0.0635355106718548,0.009803811721997513,0.09998428520972236,0.022715350898504953,0.1324552313474294,0.06352683461117196,0.0430379746727475,0.18867924528301888,0.08227183000776067,0.124999969187499,0.022619791204539434,0.3333333333333333,0.6004006601730086,0.0,0.27777780305555533,1.0,0.11675126903553298,0.31834282404366,0.1046511627906977,0.2,0.33108039189370564,0.1,0.2842039761290305,0.1129032258064516
0.024839116098593732,0.027392431319538734,0.0024985714445776522,0.018339410734594733,0.0,0.0506141777020225,0.031763417305585975,0.0025316455521358777,0.0,0.0,0.0,0.0,0.0,0.48761329577806034,0.0,0.27777780305555533,0.0,0.02030456852791878,0.21743672695665772,0.023255813953488386,0.03783783783783784,0.2301811837337271,0.024999999999999994,0.19074049350424438,0.04838709677419355
0.04211933831065427,0.03270088132589538,0.0031260153947854927,0.02976652907175406,0.0,0.0506141777020225,0.0416210295728368,0.0025316455521358777,0.0,0.0,0.0,0.0,0.0,0.5267903737922428,0.0,0.3500000136500001,0.0,0.02284263959390863,0.3387253139090486,0.023255813953488386,0.03783783783783784,0.3805234196752114,0.024999999999999994,0.31035867871451694,0.04838709677419355
0.35305761743392156,0.36553654744460606,0.17636777178967183,0.2874674969870009,0.01519970197337208,0.6764836468279563,0.384446878422782,0.15443037973055967,0.32075471698113217,0.21337585429236627,0.25,0.03827964665142677,0.3333333333333333,0.8638588942726613,0.06666666666666667,0.5185185454814814,1.0,0.4771573604060913,0.719497804702581,0.3720930232558139,0.372972972972973,0.6997181586364247,0.375,0.7160658297578423,0.4032258064516129
0.09218897649116481,0.0975012960475789,0.007876662446359145,0.04714457355323451,0.0,0.0506141777020225,0.10076670317634173,0.0025316455521358777,0.0,0.0,0.0,0.0,0.0,0.6801133589893691,0.0,0.42982457657017537,0.0,0.04060913705583755,0.5225808813927397,0.023255813953488386,0.03783783783783784,0.5555281170312709,0.024999999999999994,0.5030169279341444,0.04838709677419355
0.8464266233002821,0.9098600312565456,1.0,0.8550595149947586,0.7527299521545628,1.0,0.9090909090909091,0.8911392403670182,0.7924528301886793,0.7377919514307887,0.75,0.5891772188120509,1.0,0.9795917268954296,0.0,0.6176470597156862,1.0,1.0,0.9191511010808041,1.0,0.9891891891891893,0.8128036505167091,1.0,0.9185103511558766,1.0
0.7385393296931383,0.6774701918973466,0.5932370505652599,0.8088417159267923,0.5202292460183563,0.825662276210193,0.6440306681270537,0.7316455696913188,0.7924528301886793,0.7377919514307887,0.75,0.47185200809289757,0.6666666666666667,0.9414808575176261,0.4666666666666667,0.6176470597156862,1.0,0.700507614213198,0.8482709609294316,0.6976744186046511,0.7189189189189189,0.7903207623137833,0.675,0.8286621817033452,0.6612903225806451
0.41966197469356925,0.4097874546982838,0.21307324287683052,0.40150606333771055,0.22684049619984312,0.7013467518140885,0.4156626506024096,0.25063291138007737,0.45283018867924535,0.3444798785769719,0.374999969187499,0.09888908715066279,0.3333333333333333,0.8714969705045721,0.08888888888888889,0.5185185454814814,1.0,0.49238578680203043,0.7365370917520994,0.4302325581395349,0.4810810810810811,0.688637766742719,0.425,0.7194748064088577,0.467741935483871
0.567515483768833,0.5084914463813804,0.36324522974532497,0.6281713371848296,0.29756646244421137,0.7759360662379284,0.5312157721796276,0.5341772150970532,0.6603773584905661,0.6066879271461831,0.624999969187499,0.3553408757943431,0.6666666666666667,0.8617243775855534,0.0,0.5185185454814814,1.0,0.5736040609137055,0.749304735350479,0.5930232558139534,0.6756756756756757,0.6736169641658838,0.575,0.7200763949601033,0.5645161290322581
0.8110952830439719,0.8414722657664123,0.8200132211403794,0.9280802133417354,0.4191640032966548,0.8366138821306245,0.7491785323110624,1.0,0.8679245283018868,0.8688959757153943,0.875000030812501,0.9999999999999999,0.6666666666666667,0.9028056444229315,0.35555555555555557,0.7291666799375001,1.0,0.8020304568527918,0.8452703141820005,0.8488372093023255,0.8918918918918919,0.7729110186552142,0.825,0.8282961596682222,0.7580645161290323
0.6122212150291175,0.6527734577822946,0.32847811229005835,0.5467698034706022,0.2753448776650846,0.7701642741235528,0.6232201533406352,0.3670886075103349,0.5283018867924529,0.4755839028615775,0.5,0.2644775586237418,0.6666666666666667,0.9465471471289905,0.0,0.7291666799375001,1.0,0.5685279187817259,0.8059790543796735,0.5348837209302324,0.5891891891891892,0.7974875855589854,0.5250000000000001,0.7979296290995829,0.532258064516129
0.34683914065578747,0.3701607050433397,0.1546985467949939,0.2872339105790621,0.10268607667404092,0.6767796362493945,0.38006571741511497,0.14683544301049922,0.32075471698113217,0.21337585429236627,0.25,0.05045953421426808,0.3333333333333333,0.8856239539166035,0.0,0.6176470597156862,1.0,0.4568527918781725,0.723931944723685,0.3488372093023256,0.42702702702702705,0.713337807005771,0.35000000000000003,0.7149847085520128,0.4193548387096774
0.11922207848941577,0.1574701918643911,0.03248142877950948,0.054469095293106326,0.0,0.32943614053169545,0.1489594742606791,0.012658227824332183,0.0,0.0,0.0,0.0,0.0,0.7300060461051645,0.0,0.5185185454814814,0.0,0.10152284263959391,0.598434029941895,0.11627906976744184,0.07027027027027027,0.627003086833982,0.125,0.5861413246342205,0.14516129032258066
0.11922207848941577,0.1574701918643911,0.03248142877950948,0.054469095293106326,0.0,0.32943614053169545,0.1489594742606791,0.012658227824332183,0.0,0.0,0.0,0.0,0.0,0.7300060461051645,0.0,0.5185185454814814,0.0,0.10152284263959391,0.598434029941895,0.11627906976744184,0.07027027027027027,0.627003086833982,0.125,0.5861413246342205,0.14516129032258066
0.11922207848941577,0.1574701918643911,0.03248142877950948,0.054469095293106326,0.0,0.32943614053169545,0.1489594742606791,0.012658227824332183,0.0,0.0,0.0,0.0,0.0,0.7300060461051645,0.0,0.5185185454814814,0.0,0.10152284263959391,0.598434029941895,0.11627906976744184,0.07027027027027027,0.627003086833982,0.125,0.5861413246342205,0.14516129032258066
0.48551066138154714,0.3769621566186654,0.24230540834276368,0.6137213488275894,0.27019381790775804,0.5034778749000643,0.36254107338444685,0.5037974684077698,0.6603773584905661,0.6066879271461831,0.624999969187499,0.3561317775244814,0.3333333333333333,0.8613450284891951,0.26666666666666666,0.5185185454814814,1.0,0.42639593908629436,0.7261572577915655,0.49999999999999994,0.5783783783783785,0.6841283049255134,0.47500000000000003,0.6853992645641404,0.4193548387096774
0.40351108274857045,0.4007465008069541,0.3012067091685247,0.4197926232902819,0.454319723120197,0.6104780229530419,0.39101861993428255,0.33164556965312697,0.509433962264151,0.3444798785769719,0.374999969187499,0.23881279556503174,0.6666666666666667,0.9253506140647423,0.0,0.7291666799375001,1.0,0.6345177664974619,0.7843281378903774,0.569767441860465,0.6324324324324324,0.7659911421285732,0.575,0.771609698631175,0.5645161290322581
0.09413906974567779,0.10807672370918596,0.011226764966218867,0.047594167677777896,0.0,0.10122835593860174,0.104052573932092,0.005063291136098155,0.0,0.0,0.0,0.0,0.0,0.6852965488744671,0.0,0.42982457657017537,0.0,0.0532994923857868,0.5290410976460412,0.04651162790697677,0.04864864864864865,0.5467131928600188,0.04999999999999999,0.507595523498063,0.08064516129032258
0.1838619871690988,0.1768792120362912,0.036492588318338175,0.15766709839081103,0.20716548284903835,0.2464111292005355,0.17853231106243156,0.053164556944943805,0.18867924528301888,0.08227183000776067,0.124999969187499,0.025229767112353994,0.3333333333333333,0.7948123434229195,0.0,0.5185185454814814,1.0,0.233502538071066,0.6266747710989801,0.1511627906976744,0.24324324324324326,0.6182525835458328,0.15,0.5998252184706853,0.17741935483870966
0.14983629000178086,0.14927941941061476,0.03901356847542325,0.14250759170529284,0.04541374411215487,0.22702382690734071,0.13417305585980285,0.058227848081041964,0.13207547169811323,0.08227183000776067,0.124999969187499,0.024359775136122537,0.3333333333333333,0.6805381809801768,0.0,0.42982457657017537,0.0,0.10659898477157359,0.5380282103211419,0.17441860465116282,0.0972972972972973,0.5362555361696417,0.175,0.520771553945519,0.17741935483870966
0.1522461638112504,0.15908761018708314,0.039136816394214076,0.14281035122092225,0.03350252913978254,0.22702382690734071,0.14786418400876233,0.058227848081041964,0.18867924528301888,0.08227183000776067,0.124999969187499,0.024359775136122537,0.3333333333333333,0.7312574076063422,0.0,0.42982457657017537,1.0,0.23857868020304565,0.5469553936383286,0.17441860465116282,0.2648648648648649,0.5367601664206147,0.175,0.5225056931105938,0.20967741935483872
0.21203490779948622,0.19523068953939918,0.06164636810792036,0.24070353632585387,0.12678776139680156,0.28370578667973384,0.18510405257393212,0.12405063288214435,0.2641509433962264,0.21337585429236627,0.25,0.06462797485519854,0.3333333333333333,0.7025696312042986,0.06666666666666667,0.42982457657017537,1.0,0.26903553299492383,0.5597455308090001,0.23255813953488375,0.3081081081081081,0.5392994228962555,0.22500000000000003,0.5351793478455403,0.24193548387096772
0.2402521119401137,0.1762571280429792,0.07305240277419861,0.2619241568461498,0.36924821865908763,0.30220512070861394,0.21248630887185105,0.13924050632226523,0.32075471698113217,0.21337585429236627,0.25,0.08550778211771498,0.3333333333333333,0.8043858486851274,0.0,0.6176470597156862,1.0,0.31979695431472077,0.6419510116847519,0.27906976744186046,0.3945945945945946,0.6243671990336868,0.275,0.6070465390238661,0.30645161290322576
0.12596334146265686,0.17947122862515855,0.044436476902219586,0.05375229071135264,0.0,0.4755068815233872,0.17086527929901424,0.01518987340829446,0.0,0.0,0.0,0.0,0.0,0.7059466762097781,0.0,0.6176470597156862,0.0,0.12436548223350252,0.5888456145140849,0.1395348837209302,0.08648648648648649,0.613345859616159,0.15,0.582954516554773,0.1935483870967742
0.2466639077807239,0.24794193889240304,0.12668765616071528,0.25861535059731733,0.0452283823041935,0.5749593014679162,0.23493975903614459,0.15443037973055967,0.32075471698113217,0.21337585429236627,0.25,0.08119925046766169,0.3333333333333333,0.7503091508384855,0.06666666666666667,0.6176470597156862,1.0,0.40101522842639586,0.6125844292101551,0.3488372093023256,0.35135135135135137,0.6162286941350155,0.35000000000000003,0.6088406315728377,0.33870967741935487
0.2466639077807239,0.24794193889240304,0.12668765616071528,0.25861535059731733,0.0452283823041935,0.5749593014679162,0.23493975903614459,0.15443037973055967,0.32075471698113217,0.21337585429236627,0.25,0.08119925046766169,0.3333333333333333,0.7503091508384855,0.06666666666666667,0.6176470597156862,1.0,0.40101522842639586,0.6125844292101551,0.3488372093023256,0.35135135135135137,0.6162286941350155,0.35000000000000003,0.6088406315728377,0.33870967741935487
0.31017205640705414,0.3082840850452832,0.14116368444051047,0.2899443864440139,0.1948568450865769,0.5816190618466066,0.3023001095290252,0.15443037973055967,0.32075471698113217,0.21337585429236627,0.25,0.07841527616251286,0.3333333333333333,0.830173897738343,0.06666666666666667,0.7291666799375001,1.0,0.44162436548223344,0.7255882460790316,0.3255813953488372,0.3837837837837838,0.7481036102536571,0.325,0.7244635464928889,0.3548387096774194
0.5548908201217406,0.5419388284543109,0.3518952168603153,0.7021202411560528,0.14345781753973957,0.661980168919379,0.4129244249726177,0.6430379747300351,0.7924528301886793,0.7377919514307887,0.75,0.4126630040004064,0.3333333333333333,0.8348273638312269,0.6222222222222222,0.6176470597156862,1.0,0.4568527918781725,0.6852085988971198,0.5581395348837208,0.5783783783783785,0.6463937726479667,0.5250000000000001,0.6543006565340216,0.4838709677419355
0.25897812139264803,0.2765163297093558,0.10645258876651242,0.2573356654155241,0.038906762710857294,0.550096196481784,0.26834611171960565,0.13924050632226523,0.2641509433962264,0.21337585429236627,0.25,0.08119925046766169,0.3333333333333333,0.7986411802542239,0.0,0.6176470597156862,1.0,0.35532994923857864,0.6200986351800782,0.30232558139534876,0.3837837837837838,0.6159388001610522,0.3,0.6017934819960257,0.32258064516129037
0.12596334146265686,0.17947122862515855,0.044436476902219586,0.05375229071135264,0.0,0.4755068815233872,0.17086527929901424,0.01518987340829446,0.0,0.0,0.0,0.0,0.0,0.7059466762097781,0.0,0.6176470597156862,0.0,0.12436548223350252,0.5888456145140849,0.1395348837209302,0.08648648648648649,0.613345859616159,0.15,0.582954516554773,0.1935483870967742
0.14518834410785575,0.13457750131496404,0.01894656642502605,0.1438222227898763,0.08842672066389178,0.13881900230468158,0.12705366922234393,0.0430379746727475,0.18867924528301888,0.08227183000776067,0.124999969187499,0.022619791204539434,0.3333333333333333,0.7524972529144033,0.0,0.5185185454814814,1.0,0.15228426395939085,0.5522332356080449,0.1046511627906977,0.21081081081081082,0.5738343846463563,0.1,0.5255761966454807,0.12903225806451613
0.15214076808133478,0.13513737689396504,0.03482313923653517,0.14602445703057462,0.03120598802154252,0.2588426816936016,0.1303395399780942,0.058227848081041964,0.18867924528301888,0.08227183000776067,0.124999969187499,0.024359775136122537,0.3333333333333333,0.7780677850178598,0.0,0.42982457657017537,1.0,0.22335025380710657,0.5657351275316241,0.17441860465116282,0.25405405405405407,0.5655401959468527,0.175,0.5373566934575021,0.1935483870967742
0.08632625496975882,0.09275272162022326,0.018095035349743983,0.04652443488045582,0.0,0.18972916942814236,0.08981380065717415,0.010126582272196306,0.0,0.0,0.0,0.0,0.0,0.6783955792843027,0.0,0.42982457657017537,0.0,0.07360406091370558,0.5180910443669857,0.09302325581395349,0.06486486486486487,0.5431217286270298,0.1,0.4961067399854513,0.12903225806451613
0.08632625496975882,0.09275272162022326,0.018095035349743983,0.04652443488045582,0.0,0.18972916942814236,0.08981380065717415,0.010126582272196306,0.0,0.0,0.0,0.0,0.0,0.6783955792843027,0.0,0.42982457657017537,0.0,0.07360406091370558,0.5180910443669857,0.09302325581395349,0.06486486486486487,0.5431217286270298,0.1,0.4961067399854513,0.12903225806451613
0.1858556796458357,0.13934681188042336,0.04786500991585529,0.2357026361911593,0.10528574296583634,0.25188693189347294,0.13253012048192772,0.12405063288214435,0.2641509433962264,0.21337585429236627,0.25,0.06462797485519854,0.3333333333333333,0.6827968763688578,0.06666666666666667,0.42982457657017537,1.0,0.233502538071066,0.545637724491807,0.23255813953488375,0.2972972972972973,0.5467131928600188,0.22500000000000003,0.512924683752558,0.22580645161290322
0.17004486762937582,0.1527630897132428,0.04373060245823576,0.15742536020524026,0.14062004676881523,0.2840017761011721,0.1489594742606791,0.06329113921714012,0.18867924528301888,0.08227183000776067,0.124999969187499,0.026099759078145546,0.3333333333333333,0.7946716365826905,0.0,0.6176470597156862,1.0,0.2588832487309644,0.6221257766659752,0.19767441860465113,0.2648648648648649,0.6485142933834385,0.2,0.6006659274015694,0.20967741935483872
0.5107911469557609,0.4204043546360982,0.23250159662076617,0.6227053198019886,0.3353193082788747,0.541956489530459,0.4008762322015334,0.47341772140022254,0.6037735849056605,0.6066879271461831,0.624999969187499,0.36601804993420295,0.6666666666666667,0.8983382578231478,0.26666666666666666,0.7291666799375001,1.0,0.4314720812182741,0.7361607256776933,0.47674418604651153,0.5783783783783785,0.7523553885384513,0.45,0.7002673082571554,0.4516129032258065
0.17546160632758523,0.15102125456192877,0.031529058497944004,0.15368036565396512,0.152293011139719,0.24034334766472162,0.17962760131434832,0.048101265808845654,0.18867924528301888,0.08227183000776067,0.124999969187499,0.023489783170330986,0.3333333333333333,0.78807355298498,0.0,0.6176470597156862,1.0,0.22335025380710657,0.6033459672973055,0.12790697674418605,0.23243243243243245,0.6255375117433901,0.125,0.5792661663922299,0.16129032258064516
0.09213009870422675,0.0449351995864018,0.007742210171314608,0.11726053237106124,0.030337616677423702,0.05002219885914599,0.028477546549835704,0.03797468353664935,0.13207547169811323,0.08227183000776067,0.124999969187499,0.020879807262516432,0.3333333333333333,0.5434118725231896,0.0,0.3500000136500001,0.0,0.032994923857868015,0.3976493475767683,0.08139534883720928,0.032432432432432434,0.4246893034492014,0.07500000000000001,0.3786787352864145,0.04838709677419355
0.10038782491756978,0.06718507000441318,0.008369654121522449,0.12087779432727169,0.02024890321976866,0.1200236788543633,0.07119386637458926,0.03797468353664935,0.18867924528301888,0.08227183000776067,0.124999969187499,0.020879807262516432,0.3333333333333333,0.6621879525664118,0.0,0.3500000136500001,1.0,0.0964467005076142,0.4339541010863357,0.08139534883720928,0.1891891891891892,0.43766474298751845,0.07500000000000001,0.39728870019459894,0.0967741935483871
0.059118307564719884,0.042467599826156416,0.003977546470067563,0.03617443486867218,0.0,0.0506141777020225,0.05585980284775466,0.0025316455521358777,0.0,0.0,0.0,0.0,0.0,0.5600549763458037,0.0,0.3500000136500001,0.0,0.025380710659898477,0.40719975847857315,0.023255813953488386,0.03783783783783784,0.42634814118910214,0.024999999999999994,0.3828666085138531,0.04838709677419355
0.1863075473011093,0.3693312597438901,0.08204950084592891,0.17568421712800936,0.0002701389920565685,0.6264614474342535,0.2322015334063527,0.12405063288214435,0.32075471698113217,0.21337585429236627,0.25,0.05319379469011571,0.6666666666666667,0.583553911137461,0.0,0.21212121212121215,1.0,0.31472081218274106,0.3123024577118626,0.30232558139534876,0.35135135135135137,0.2791356864850355,0.3,0.3170690587038161,0.33870967741935487
0.12376750224710023,0.24026956974142036,0.029097713190888618,0.10118488525947522,0.0002884979526817722,0.4755068815233872,0.1544359255202629,0.048101265808845654,0.18867924528301888,0.08227183000776067,0.124999969187499,0.025229767112353994,0.3333333333333333,0.568362041833267,0.0,0.21212121212121215,1.0,0.20304568527918782,0.30691232854389283,0.1511627906976744,0.23243243243243245,0.2822171520601262,0.15,0.309320923509527,0.1935483870967742
0.35290993096314616,0.5875790565864393,0.25934723420465877,0.421985618738432,0.08920079064475023,0.7507769723649147,0.41401971522453446,0.47341772140022254,0.6603773584905661,0.6066879271461831,0.624999969187499,0.24552416215529801,0.6666666666666667,0.6016995319382991,0.13333333333333333,0.21212121212121215,1.0,0.45177664974619286,0.363668561665517,0.569767441860465,0.5891891891891892,0.28469735605958935,0.55,0.35769315222790043,0.532258064516129
0.2826232418068124,0.41210990156670246,0.16467042386079708,0.37603472354442047,0.04591834201830192,0.5998224064540485,0.28148959474260676,0.42784810120716554,0.6603773584905661,0.6066879271461831,0.624999969187499,0.15137860265324415,0.3333333333333333,0.5573259814235666,0.4,0.15217393084782582,1.0,0.30964467005076135,0.2801044624311817,0.4302325581395349,0.4594594594594595,0.2158582740571735,0.4,0.2663876189384349,0.3709677419354839
0.0559520348492517,0.12740279940357035,0.020291089175471424,0.021647572950030905,0.0,0.18972916942814236,0.09529025191675794,0.010126582272196306,0.0,0.0,0.0,0.0,0.0,0.4773830151711811,0.0,0.15217393084782582,0.0,0.08121827411167512,0.235817400668052,0.09302325581395349,0.07027027027027027,0.2141350154341699,0.1,0.24356360034867675,0.14516129032258066
0.11327097804159827,0.2663141524587157,0.06601606704686783,0.09190342257887779,0.0,0.5376646439887179,0.16757940854326397,0.06835443035323828,0.18867924528301888,0.08227183000776067,0.124999969187499,0.010439903631258218,0.3333333333333333,0.533910536347107,0.0,0.15217393084782582,1.0,0.299492385786802,0.2521260376569531,0.26744186046511625,0.2756756756756757,0.21505838142531208,0.275,0.26595884901860434,0.29032258064516125
0.11003510207852582,0.10312078797569263,0.030016470403692957,0.11880477721198615,0.012529091412303548,0.22702382690734071,0.10733844468784227,0.058227848081041964,0.18867924528301888,0.08227183000776067,0.124999969187499,0.024359775136122537,0.3333333333333333,0.6833726163002051,0.0,0.42982457657017537,1.0,0.2131979695431472,0.42064144111658464,0.17441860465116282,0.2648648648648649,0.4044181988994766,0.175,0.38713072428998896,0.20967741935483872
0.0847475634661417,0.06718507000441318,0.007977501652642547,0.10672547411802155,0.00529481416574854,0.1200236788543633,0.06571741511500548,0.03797468353664935,0.18867924528301888,0.08227183000776067,0.124999969187499,0.020879807262516432,0.3333333333333333,0.6404545132795892,0.0,0.3500000136500001,1.0,0.0964467005076142,0.3591598882792759,0.08139534883720928,0.1891891891891892,0.35481948731713864,0.07500000000000001,0.318947371427718,0.0967741935483871
0.11003753198716767,0.3009642302420628,0.08231840539601798,0.08682117568709444,0.0,0.64555276030601,0.16538882803943045,0.07341772152116281,0.18867924528301888,0.08227183000776067,0.124999969187499,0.010439903631258218,0.3333333333333333,0.4901497504757828,0.0,0.09722224623611098,1.0,0.31979695431472077,0.22658152947130783,0.29069767441860467,0.2864864864864865,0.16397262112468125,0.3,0.23910789776509944,0.30645161290322576
0.19637815267608444,0.4240746501067602,0.14927563836819757,0.22706293109972434,0.006984329364459504,0.7077105227713406,0.25848849945235486,0.24050632910788108,0.3962264150943397,0.3444798785769719,0.374999969187499,0.11896744733638298,0.3333333333333333,0.5284989284426872,0.0,0.09722224623611098,1.0,0.3756345177664974,0.2601556391621668,0.4302325581395349,0.4594594594594595,0.16537914373909546,0.425,0.2562914876280976,0.4032258064516129
0.46938358666446267,0.9323794712452077,0.4011719756641382,0.6274616849610074,0.14315348217347357,0.7822998371951806,0.4578313253012048,0.9215189873745655,1.0,1.0,1.0,0.42164556243853774,0.6666666666666667,0.5411115619240321,1.0,0.15217393084782582,1.0,0.3756345177664974,0.33264645609177435,0.6279069767441858,0.6216216216216217,0.2243135149644342,0.575,0.3021548625691035,0.4838709677419355
0.08912495918704377,0.19321928466763652,0.0246719924706726,0.08393786403333367,0.0014564163463974085,0.32943614053169545,0.12048192771084336,0.048101265808845654,0.18867924528301888,0.08227183000776067,0.124999969187499,0.023489783170330986,0.3333333333333333,0.5017320601890541,0.0,0.09722224623611098,1.0,0.1878172588832487,0.21998817226938927,0.12790697674418605,0.23243243243243245,0.16292041336733332,0.125,0.21519216373714256,0.16129032258064516
0.12773294538716504,0.28058061172908844,0.09390370976235561,0.15472583457650585,0.019916141438346854,0.6516205418418239,0.1511500547645126,0.14683544301049922,0.32075471698113217,0.21337585429236627,0.25,0.07516730614505916,0.3333333333333333,0.49020491850935344,0.06666666666666667,0.09722224623611098,1.0,0.31979695431472077,0.23521487196597268,0.3255813953488372,0.32972972972972975,0.16455777747953293,0.325,0.2411675174022364,0.30645161290322576
0.16878595979889566,0.2999481596996802,0.11637964840730076,0.19016529636430363,0.16914538300184523,0.6640520943348901,0.18565169769989048,0.16202531645062013,0.32075471698113217,0.21337585429236627,0.25,0.07934326759756245,0.3333333333333333,0.571688810432527,0.06666666666666667,0.21212121212121215,1.0,0.38071065989847713,0.3585487002588488,0.3488372093023256,0.372972972972973,0.29095691853442485,0.35000000000000003,0.3685849638151424,0.33870967741935487
0.04726314680556954,0.18608605495755123,0.04030206944460006,0.019063853202047593,0.0,0.5770312268834272,0.07886089813800656,0.017721518992256737,0.0,0.0,0.0,0.0,0.0,0.42579469749507004,0.0,0.09722224623611098,0.0,0.10659898477157359,0.20565191441437602,0.16279069767441862,0.08108108108108109,0.16245336196483695,0.175,0.21750864774021594,0.17741935483870966
0.04726314680556954,0.18608605495755123,0.04030206944460006,0.019063853202047593,0.0,0.5770312268834272,0.07886089813800656,0.017721518992256737,0.0,0.0,0.0,0.0,0.0,0.42579469749507004,0.0,0.09722224623611098,0.0,0.10659898477157359,0.20565191441437602,0.16279069767441862,0.08108108108108109,0.16245336196483695,0.175,0.21750864774021594,0.17741935483870966
0.04726314680556954,0.18608605495755123,0.04030206944460006,0.019063853202047593,0.0,0.5770312268834272,0.07886089813800656,0.017721518992256737,0.0,0.0,0.0,0.0,0.0,0.42579469749507004,0.0,0.09722224623611098,0.0,0.10659898477157359,0.20565191441437602,0.16279069767441862,0.08108108108108109,0.16245336196483695,0.175,0.21750864774021594,0.17741935483870966
0.04726314680556954,0.18608605495755123,0.04030206944460006,0.019063853202047593,0.0,0.5770312268834272,0.07886089813800656,0.017721518992256737,0.0,0.0,0.0,0.0,0.0,0.42579469749507004,0.0,0.09722224623611098,0.0,0.10659898477157359,0.20565191441437602,0.16279069767441862,0.08108108108108109,0.16245336196483695,0.175,0.21750864774021594,0.17741935483870966
0.04726314680556954,0.18608605495755123,0.04030206944460006,0.019063853202047593,0.0,0.5770312268834272,0.07886089813800656,0.017721518992256737,0.0,0.0,0.0,0.0,0.0,0.42579469749507004,0.0,0.09722224623611098,0.0,0.10659898477157359,0.20565191441437602,0.16279069767441862,0.08108108108108109,0.16245336196483695,0.175,0.21750864774021594,0.17741935483870966
0.05355919411595184,0.06451010886313119,0.00792147987137399,0.08804241275257368,0.04541374411215487,0.13881900230468158,0.044906900328587074,0.0430379746727475,0.18867924528301888,0.08227183000776067,0.124999969187499,0.022619791204539434,0.3333333333333333,0.33169028635234243,0.0,0.21212121212121215,1.0,0.10659898477157359,0.2578821239853756,0.1046511627906977,0.21081081081081082,0.2631485706616561,0.1,0.22420091356109484,0.12903225806451613
0.06883973893618794,0.0565681700665988,0.006095169802019026,0.10114815199716226,0.06042808427756559,0.1200236788543633,0.05257393209200438,0.03797468353664935,0.18867924528301888,0.08227183000776067,0.124999969187499,0.020879807262516432,0.3333333333333333,0.432418023175268,0.0,0.27777780305555533,1.0,0.0862944162436548,0.3290299489205587,0.08139534883720928,0.1891891891891892,0.34148973292175544,0.07500000000000001,0.2917650421194755,0.0967741935483871
0.07104642987850712,0.09984447905410124,0.01280657919799218,0.13831122693219358,0.030337616677423702,0.1891371911198226,0.06900328587075574,0.086075949345495,0.20754716981132076,0.21337585429236627,0.25,0.03479967876738076,0.3333333333333333,0.24053036183794552,0.0,0.15217393084782582,1.0,0.10659898477157359,0.2033071094027713,0.16279069767441862,0.25405405405405407,0.19625822037310425,0.15,0.16546288880982907,0.16129032258064516
0.09432691058879678,0.07241057545835518,0.011237969322472579,0.11847074954127065,0.07538063717365583,0.1324552313474294,0.07228915662650602,0.0430379746727475,0.18867924528301888,0.08227183000776067,0.124999969187499,0.022619791204539434,0.3333333333333333,0.5467658352884185,0.0,0.3500000136500001,1.0,0.1218274111675127,0.42021222536990654,0.1046511627906977,0.2,0.4344973829016239,0.1,0.3848075971585976,0.1129032258064516
0.039807221682848504,0.07427682743829113,0.006845861671017693,0.06656405665757834,0.0,0.16427408613369035,0.044906900328587074,0.032911392400551194,0.18867924528301888,0.08227183000776067,0.124999969187499,0.010439903631258218,0.3333333333333333,0.18370838385455834,0.0,0.09722224623611098,1.0,0.0862944162436548,0.13911330743299444,0.1046511627906977,0.16756756756756758,0.13837068849818812,0.1,0.11414895166770156,0.12903225806451613
0.039807221682848504,0.07427682743829113,0.006845861671017693,0.06656405665757834,0.0,0.16427408613369035,0.044906900328587074,0.032911392400551194,0.18867924528301888,0.08227183000776067,0.124999969187499,0.010439903631258218,0.3333333333333333,0.18370838385455834,0.0,0.09722224623611098,1.0,0.0862944162436548,0.13911330743299444,0.1046511627906977,0.16756756756756758,0.13837068849818812,0.1,0.11414895166770156,0.12903225806451613
0.06343507942943835,0.03626749610603912,0.003215650244815184,0.04414860152121064,0.0,0.0506141777020225,0.04381161007667032,0.0025316455521358777,0.0,0.0,0.0,0.0,0.0,0.6493152180576388,0.0,0.6176470597156862,0.0,0.02284263959390863,0.4869913686429854,0.023255813953488386,0.03783783783783784,0.5999838947792242,0.024999999999999994,0.46312960161270234,0.04838709677419355
0.18107906388919437,0.12196993264349064,0.022957725963854748,0.16766060172478195,0.12856372856642395,0.20216072192120846,0.13910186199342828,0.048101265808845654,0.18867924528301888,0.08227183000776067,0.124999969187499,0.024359775136122537,0.3333333333333333,0.8155326893776739,0.0,0.8555555788111113,1.0,0.17766497461928935,0.6731856985224968,0.12790697674418605,0.22162162162162163,0.7634572540598576,0.125,0.651982962962303,0.14516129032258066
0.1231239179586763,0.09644375330388787,0.011506873872561652,0.13403868393685878,0.007215813377583374,0.1200236788543633,0.09419496166484118,0.03797468353664935,0.18867924528301888,0.08227183000776067,0.124999969187499,0.020879807262516432,0.3333333333333333,0.7450448857263718,0.0,0.6176470597156862,1.0,0.11675126903553298,0.4972772099672118,0.08139534883720928,0.1891891891891892,0.582246678298215,0.07500000000000001,0.46583114468392517,0.0967741935483871
0.18395033342782838,0.21208916539863928,0.06766310741616341,0.15643721025496965,0.019519670316828937,0.43614029916323455,0.18619934282584885,0.07341772152116281,0.18867924528301888,0.08227183000776067,0.124999969187499,0.027218320180003225,0.3333333333333333,0.8261625060371829,0.0,0.7291666799375001,1.0,0.32994923857868014,0.6115990513856379,0.24418604651162784,0.31891891891891894,0.6707770769024293,0.25,0.5959024555167051,0.29032258064516125
0.33821776051951785,0.28433385175216513,0.12097343447132246,0.31400849157615895,0.27516075602364704,0.41645700744860153,0.32201533406352684,0.14683544301049922,0.32075471698113217,0.21337585429236627,0.25,0.08699919692367186,0.3333333333333333,0.9025140008468671,0.0,1.0,1.0,0.416243654822335,0.8154199928369915,0.30232558139534876,0.42702702702702705,0.8771010602603677,0.3,0.8066404548547091,0.3548387096774194
0.29518771555586015,0.2464074650472267,0.09000459378606403,0.282455247015057,0.1617956278929577,0.3976616839982832,0.28039430449069,0.13924050632226523,0.32075471698113217,0.21337585429236627,0.25,0.09047916480771785,0.6666666666666667,0.8730416208775615,0.0,0.8555555788111113,1.0,0.35532994923857864,0.7004784852206883,0.27906976744186046,0.372972972972973,0.7348168031136761,0.275,0.6896302499039023,0.27419354838709675
0.1447271715670674,0.12468636606097995,0.01894656642502605,0.13677759946566587,0.02658380870583486,0.18972916942814236,0.12924424972617746,0.0430379746727475,0.18867924528301888,0.08227183000776067,0.124999969187499,0.022619791204539434,0.3333333333333333,0.7700439569608635,0.0,0.42982457657017537,1.0,0.16243654822335024,0.5176492812692636,0.1046511627906977,0.21081081081081082,0.5149107502348678,0.1,0.48575385829994,0.12903225806451613
0.2324466010420374,0.23583203738561967,0.09603253745056078,0.25141725044411345,0.10364149946533648,0.42888855994166764,0.20810514786418402,0.15443037973055967,0.32075471698113217,0.21337585429236627,0.25,0.09117515837617512,0.3333333333333333,0.8329920684580587,0.0,0.5185185454814814,1.0,0.36040609137055835,0.6029008297815858,0.3255813953488372,0.40540540540540543,0.5741081733995437,0.325,0.576343154813919,0.32258064516129037
0.05341096820019683,0.03800933125735312,0.0036638244949636425,0.035273583561845095,0.0,0.0506141777020225,0.048192771084337345,0.0025316455521358777,0.0,0.0,0.0,0.0,0.0,0.5442179807384404,0.0,0.3500000136500001,0.0,0.025380710659898477,0.3998939489019967,0.023255813953488386,0.03783783783783784,0.43239833579385323,0.024999999999999994,0.37120975483350305,0.04838709677419355
0.2339001505682748,0.16945567654255247,0.05229073063607131,0.2597829481067109,0.15073309896284198,0.2903655470584243,0.19112814895947428,0.11645569619391033,0.2641509433962264,0.21337585429236627,0.25,0.06263942178754932,0.3333333333333333,0.8035699594382739,0.06666666666666667,0.7291666799375001,1.0,0.24873096446700507,0.6265480030425638,0.20930232558139533,0.2972972972972973,0.6558529056502482,0.2,0.6022286325199943,0.22580645161290322
0.31718057823338613,0.26521513743881736,0.08178059629583982,0.44334799376224454,0.090880354537457,0.4040254549555354,0.19715224534501644,0.29113924046886264,0.47169811320754723,0.4755839028615775,0.5,0.15311858662658687,0.3333333333333333,0.8032904669200039,0.33333333333333337,0.6176470597156862,1.0,0.233502538071066,0.5719295328922419,0.30232558139534876,0.3621621621621622,0.6314266541403839,0.275,0.550596270876424,0.25806451612903225
0.2386772568295482,0.15085536553199838,0.04538884718378506,0.271434481632713,0.165134785625283,0.23945537940040681,0.17141292442497263,0.11645569619391033,0.2641509433962264,0.21337585429236627,0.25,0.07377531899770472,0.3333333333333333,0.8095400188353481,0.0,0.6176470597156862,1.0,0.233502538071066,0.6575405581920616,0.20930232558139533,0.2756756756756757,0.7414253120386525,0.2,0.6401309691867066,0.1935483870967742
0.08069281783413393,0.044893727385093396,0.008055932146418528,0.11036340771092468,0.01519970197337208,0.07547728268815473,0.05750273822562979,0.03797468353664935,0.13207547169811323,0.08227183000776067,0.124999969187499,0.017399839388910328,0.0,0.5804506931821664,0.044444444444444446,0.27777780305555533,0.0,0.035532994923857864,0.36069609274144265,0.08139534883720928,0.05945945945945946,0.4275936115957588,0.07500000000000001,0.3406155968023422,0.06451612903225806
0.1328172346095383,0.08812856402148961,0.019798097500308122,0.19219535720287256,0.0182861317524215,0.15731833633356165,0.09036144578313253,0.10126582278561586,0.2641509433962264,0.21337585429236627,0.25,0.05567948602989719,0.3333333333333333,0.6726675515617311,0.06666666666666667,0.27777780305555533,1.0,0.14213197969543145,0.37853679030784926,0.16279069767441862,0.24324324324324326,0.42925781774258476,0.15,0.3527276075368786,0.14516129032258066
0.2524722834117559,0.3319440124798489,0.1950342293083551,0.30158035304880504,0.08666884643730186,0.6371170639332469,0.27437020810514784,0.2810126581966663,0.45283018867924535,0.3444798785769719,0.374999969187499,0.19776160304229168,0.6666666666666667,0.7112497746264649,0.08888888888888889,0.42982457657017537,1.0,0.49238578680203043,0.46345080043104236,0.47674418604651153,0.5135135135135136,0.4134424909408132,0.47500000000000003,0.45328056715681464,0.4838709677419355
0.06471875919166042,0.09907724209406363,0.011114721403681752,0.02864333065741767,0.0,0.10122835593860174,0.104052573932092,0.005063291136098155,0.0,0.0,0.0,0.0,0.0,0.5669433003395796,0.0,0.3500000136500001,0.0,0.058375634517766485,0.32245999128203817,0.04651162790697677,0.04864864864864865,0.32257683532411763,0.04999999999999999,0.30961953555290356,0.08064516129032258
0.5293259752233295,0.757449455891065,0.4485664026173376,0.6754267503871985,0.13950761365018097,0.7305017018074051,0.5290251916757941,0.8582278479346407,0.8679245283018868,0.8688959757153943,0.875000030812501,0.61609931291738,0.6666666666666667,0.7389906755451416,0.35555555555555557,0.42982457657017537,1.0,0.5431472081218274,0.5066786461422688,0.6860465116279069,0.7297297297297298,0.42634814118910214,0.6500000000000001,0.4730657290410164,0.5806451612903226
0.2877361956965542,0.27460860552811145,0.10499602245352994,0.3886942127161095,0.13560083432259093,0.3588870799464503,0.26396495071193865,0.3037974683250212,0.47169811320754723,0.4755839028615775,0.5,0.21357060002928213,0.3333333333333333,0.7239149407579455,0.11111111111111112,0.42982457657017537,1.0,0.2842639593908629,0.477429927922851,0.3488372093023256,0.4594594594594595,0.44149241712521814,0.325,0.4383598902442637,0.30645161290322576
0.2380727067096987,0.3191083463641342,0.10150026330237197,0.2666772109060107,0.017449525156910943,0.441616101856172,0.28148959474260676,0.19999999998726944,0.45283018867924535,0.3444798785769719,0.374999969187499,0.11570893187831224,0.3333333333333333,0.6934039735575384,0.0,0.3500000136500001,1.0,0.31979695431472077,0.3789275621471977,0.3372093023255814,0.41621621621621624,0.33056502482888195,0.325,0.35430108823661277,0.33870967741935487
0.14903212878329575,0.2652566097150247,0.07492353026856842,0.11588325986204659,0.0,0.54402841494597,0.20262869660460023,0.06835443035323828,0.18867924528301888,0.08227183000776067,0.124999969187499,0.010439903631258218,0.3333333333333333,0.6709032377353428,0.0,0.3500000136500001,1.0,0.31979695431472077,0.3896690987499998,0.26744186046511625,0.2756756756756757,0.3799543685411353,0.275,0.3882273390281259,0.29032258064516125
0.14522760305536755,0.19798859515819692,0.06815609909132671,0.18564311409493137,0.03036851218544726,0.5252330914956518,0.1380065717415115,0.13164556960220478,0.2641509433962264,0.21337585429236627,0.25,0.05335950744749312,0.0,0.5897640695271522,0.13333333333333333,0.3500000136500001,0.0,0.1218274111675127,0.3544261559255174,0.25581395348837205,0.12432432432432433,0.33400617366796403,0.25,0.3430434267518131,0.20967741935483872
0.07075667908171845,0.16460342149957746,0.03536094833671331,0.030834543334365833,0.0,0.4755068815233872,0.11500547645125958,0.01518987340829446,0.0,0.0,0.0,0.0,0.0,0.5886783117619651,0.0,0.3500000136500001,0.0,0.10659898477157359,0.34166188368790495,0.1395348837209302,0.08108108108108109,0.3333136491746075,0.15,0.33794121980235114,0.17741935483870966
0.07075667908171845,0.16460342149957746,0.03536094833671331,0.030834543334365833,0.0,0.4755068815233872,0.11500547645125958,0.01518987340829446,0.0,0.0,0.0,0.0,0.0,0.5886783117619651,0.0,0.3500000136500001,0.0,0.10659898477157359,0.34166188368790495,0.1395348837209302,0.08108108108108109,0.3333136491746075,0.15,0.33794121980235114,0.17741935483870966
0.11604440497727045,0.19276308970425488,0.0564923642312131,0.10872639786796914,0.008896947148759934,0.5128015390025856,0.14676889375684557,0.06835443035323828,0.18867924528301888,0.08227183000776067,0.124999969187499,0.024794771124238266,0.3333333333333333,0.6443023632706167,0.0,0.3500000136500001,1.0,0.2842639593908629,0.35610660042000597,0.22093023255813954,0.2864864864864865,0.33400617366796403,0.22500000000000003,0.34723264138569787,0.24193548387096772
0.25741182859978406,0.34208398139107693,0.13901244803979787,0.3066281533305283,0.12280691677663214,0.6061861774113007,0.2623220153340635,0.24050632910788108,0.3962264150943397,0.3444798785769719,0.374999969187499,0.11744891585165496,0.3333333333333333,0.7161704728437477,0.0,0.42982457657017537,1.0,0.38071065989847713,0.47430038843944966,0.4069767441860465,0.41621621621621624,0.4568567977452691,0.4,0.46090762286016385,0.3709677419354839
0.26154761871303533,0.3561016070791047,0.17895597808427918,0.30586420458650176,0.07247638448490831,0.6246855114401808,0.2957283680175246,0.27088607592447,0.45283018867924535,0.3444798785769719,0.374999969187499,0.20514410635422398,0.6666666666666667,0.7342966645631517,0.0,0.42982457657017537,1.0,0.4720812182741116,0.4813417751059209,0.4534883720930231,0.5351351351351352,0.4220104683935042,0.45,0.46307677322716445,0.4516129032258065
0.050138965410672816,0.06272680151050879,0.009983081422056896,0.02961639629440453,0.0,0.1200236788543633,0.05914567360350492,0.007594936688234029,0.0,0.0,0.0,0.0,0.0,0.5769205691813107,0.0,0.3500000136500001,0.0,0.05076142131979695,0.3353509827559199,0.06976744186046513,0.05945945945945946,0.34589182660045636,0.07500000000000001,0.31743623158507017,0.1129032258064516
0.11448277742302548,0.15637117684449273,0.03647017960583075,0.10964130987541518,0.010956661421661483,0.3030930884383719,0.13362541073384449,0.058227848081041964,0.18867924528301888,0.08227183000776067,0.124999969187499,0.026621754259708454,0.3333333333333333,0.6621729167338358,0.0,0.3500000136500001,1.0,0.233502538071066,0.3660536545720441,0.19767441860465113,0.2648648648648649,0.3514105489196081,0.2,0.34954500444999836,0.24193548387096772
0.12949801688492205,0.11576982892337333,0.02450392712686693,0.13495339238970805,0.13947879757545267,0.21459227441427456,0.11281489594742607,0.053164556944943805,0.18867924528301888,0.08227183000776067,0.124999969187499,0.0240117783518939,0.3333333333333333,0.7297652684608931,0.0,0.5185185454814814,1.0,0.18274111675126903,0.5031024184585918,0.1511627906976744,0.24324324324324326,0.5124788618977318,0.15,0.47894070066988137,0.17741935483870966
0.0954266913062248,0.09445308449532995,0.02147875093836484,0.10629010420516663,0.010504963549201626,0.1827734201625704,0.09090909090909091,0.053164556944943805,0.18867924528301888,0.08227183000776067,0.124999969187499,0.0240117783518939,0.3333333333333333,0.6378682613546446,0.0,0.3500000136500001,1.0,0.17258883248730963,0.34978291147562524,0.1511627906976744,0.24324324324324326,0.3466004563145886,0.15,0.3266861029598226,0.17741935483870966
0.22391163100278566,0.3192742353940645,0.09681684238832058,0.2708489493269831,0.023954157360593826,0.441616101856172,0.2595837897042716,0.19999999998726944,0.45283018867924535,0.3444798785769719,0.374999969187499,0.11570893187831224,0.3333333333333333,0.6897501928792976,0.0,0.3500000136500001,1.0,0.31472081218274106,0.3912508308177529,0.3372093023255814,0.42702702702702705,0.3441256207220508,0.325,0.36516343263607154,0.3548387096774194
0.10991918853775984,0.1751373768849772,0.030016470403692957,0.09876807110419011,0.0,0.3542992449832709,0.140197152245345,0.048101265808845654,0.18867924528301888,0.08227183000776067,0.124999969187499,0.010439903631258218,0.3333333333333333,0.6367320743956706,0.0,0.3500000136500001,1.0,0.1979695431472081,0.3072074977330014,0.17441860465116282,0.23243243243243245,0.29174607435243594,0.175,0.2927390160386546,0.22580645161290322
0.013865327113529544,0.022042509111873682,0.0023641191695331146,0.007481537415584202,0.0,0.0506141777020225,0.010952902519167577,0.0025316455521358777,0.0,0.0,0.0,0.0,0.0,0.18344216627194188,0.0,0.09722224623611098,0.0,0.02030456852791878,0.07205251022187187,0.023255813953488386,0.005405405405405406,0.09201986310562338,0.024999999999999994,0.07717537978081512,0.016129032258064516
0.06787430071636341,0.06944530845852086,0.01862164009366842,0.12993460656330388,0.07550421171229675,0.1379310345749236,0.03450164293537787,0.10886075947384989,0.20754716981132076,0.21337585429236627,0.25,0.06263942178754932,0.3333333333333333,0.27006024631842074,0.06666666666666667,0.15217393084782582,0.0,0.06091370558375634,0.13183833441925508,0.18604651162790692,0.05945945945945946,0.14300362367467456,0.175,0.1318381222834777,0.08064516129032258
0.057643972440781586,0.06154484193819579,0.014420006498526629,0.11696156155707596,0.04547553138147532,0.1191357111246053,0.0312157721796276,0.10126582278561586,0.2641509433962264,0.21337585429236627,0.25,0.05567948602989719,0.3333333333333333,0.18445639783096612,0.06666666666666667,0.09722224623611098,0.0,0.048223350253807105,0.08721008355180582,0.16279069767441862,0.05405405405405406,0.09259965105354995,0.15,0.08652921061570573,0.06451612903225806
0.06280174702225194,0.05219284605021013,0.004840281901603344,0.0972743528522288,0.015924502498675146,0.1200236788543633,0.0416210295728368,0.03797468353664935,0.18867924528301888,0.08227183000776067,0.124999969187499,0.020879807262516432,0.3333333333333333,0.6225542547605397,0.0,0.3500000136500001,1.0,0.07614213197969544,0.30681396989603194,0.08139534883720928,0.1891891891891892,0.3160434840960945,0.07500000000000001,0.2688352124681148,0.0967741935483871
0.07676713870596646,0.05924313120788077,0.006173600295795006,0.10730230196201959,0.026301354223252776,0.1200236788543633,0.05257393209200438,0.03797468353664935,0.18867924528301888,0.08227183000776067,0.124999969187499,0.020879807262516432,0.3333333333333333,0.6503447627303794,0.0,0.42982457657017537,1.0,0.0862944162436548,0.36246941102146923,0.08139534883720928,0.1891891891891892,0.3771198496846062,0.07500000000000001,0.32281589147442724,0.0967741935483871
0.18964116841467676,0.19458786940798353,0.044290820270921336,0.23142293416397183,0.14339242217264725,0.33491194322463286,0.15060240963855423,0.11645569619391033,0.32075471698113217,0.21337585429236627,0.25,0.06681538324005261,0.3333333333333333,0.7330366919870204,0.06666666666666667,0.5185185454814814,1.0,0.22842639593908629,0.5230518200218349,0.20930232558139533,0.2864864864864865,0.5495530801234734,0.2,0.4997962490540786,0.20967741935483872
0.09150017858119786,0.10434421982421296,0.016705695174283764,0.1063078626752533,0.01519970197337208,0.12609146039017724,0.08652792990142387,0.0430379746727475,0.13207547169811323,0.08227183000776067,0.124999969187499,0.01826983135470188,0.0,0.5713587654394966,0.044444444444444446,0.3500000136500001,0.0,0.058375634517766485,0.34264228443695266,0.1046511627906977,0.07027027027027027,0.3589853710911287,0.1,0.3262895550045326,0.0967741935483871
0.03772231591987038,0.10625194408035622,0.015977412017792517,0.016163679052121994,0.0,0.18972916942814236,0.06462212486308871,0.010126582272196306,0.0,0.0,0.0,0.0,0.0,0.43972151383442215,0.0,0.09722224623611098,0.0,0.06598984771573604,0.1767996860104435,0.09302325581395349,0.05945945945945946,0.15517380217420484,0.1,0.183127622742279,0.1129032258064516
0.03772231591987038,0.10625194408035622,0.015977412017792517,0.016163679052121994,0.0,0.18972916942814236,0.06462212486308871,0.010126582272196306,0.0,0.0,0.0,0.0,0.0,0.43972151383442215,0.0,0.09722224623611098,0.0,0.06598984771573604,0.1767996860104435,0.09302325581395349,0.05945945945945946,0.15517380217420484,0.1,0.183127622742279,0.1129032258064516
0.03772231591987038,0.10625194408035622,0.015977412017792517,0.016163679052121994,0.0,0.18972916942814236,0.06462212486308871,0.010126582272196306,0.0,0.0,0.0,0.0,0.0,0.43972151383442215,0.0,0.09722224623611098,0.0,0.06598984771573604,0.1767996860104435,0.09302325581395349,0.05945945945945946,0.15517380217420484,0.1,0.183127622742279,0.1129032258064516
0.09326520882632033,0.16808709180220546,0.0380836069063652,0.09311860764918423,0.002337623976047236,0.29672931748111975,0.11281489594742607,0.06329113921714012,0.18867924528301888,0.08227183000776067,0.124999969187499,0.026099759078145546,0.3333333333333333,0.5342276546227092,0.0,0.15217393084782582,1.0,0.23857868020304565,0.26071716161573044,0.19767441860465113,0.25405405405405407,0.21919205475775072,0.2,0.26610315211238866,0.1935483870967742
0.15007812161187775,0.17959564545378048,0.035954779218160024,0.1807223802675125,0.03192349367004206,0.29066153594530575,0.15224534501642936,0.10886075947384989,0.2641509433962264,0.21337585429236627,0.25,0.05985544748240048,0.3333333333333333,0.5618319026241875,0.06666666666666667,0.21212121212121215,1.0,0.1979695431472081,0.3310841649518098,0.18604651162790692,0.2756756756756757,0.2876607166823245,0.175,0.3251229441811918,0.1935483870967742
0.09711251908282215,0.15147744952531036,0.017512408824550987,0.09306814571383232,6.182098986037977e-05,0.31670859861719103,0.10843373493975904,0.0430379746727475,0.18867924528301888,0.08227183000776067,0.124999969187499,0.023489783170330986,0.3333333333333333,0.6239087842475955,0.0,0.27777780305555533,1.0,0.14720812182741116,0.27826793056353893,0.12790697674418605,0.21081081081081082,0.2647805663669307,0.125,0.25940813496901793,0.16129032258064516
0.10897992569570711,0.1771280456186362,0.022957725963854748,0.10530243227450231,0.00564269773596286,0.31034482765993887,0.13691128148959475,0.0430379746727475,0.18867924528301888,0.08227183000776067,0.124999969187499,0.023489783170330986,0.3333333333333333,0.636826450427134,0.0,0.3500000136500001,1.0,0.17258883248730963,0.3432197453787864,0.12790697674418605,0.21081081081081082,0.3300496577640585,0.125,0.32410519205215393,0.16129032258064516
0.08950937244301807,0.05631933648425379,0.010666547153533294,0.16485985273312953,0.04547553138147532,0.10670415863153918,0.028477546549835704,0.09367088606555543,0.20754716981132076,0.21337585429236627,0.25,0.04871955028268499,0.3333333333333333,0.4013049339151704,0.06666666666666667,0.21212121212121215,0.0,0.035532994923857864,0.25822101462570335,0.1395348837209302,0.04864864864864865,0.3073144544356462,0.125,0.25323341829768364,0.04838709677419355
0.13796907032063127,0.1458786936604014,0.03835251145645427,0.142024700553617,0.00830790551719026,0.366730797476337,0.11281489594742607,0.06329113921714012,0.18867924528301888,0.08227183000776067,0.124999969187499,0.024608344272188665,0.3333333333333333,0.7753336496832248,0.0,0.6176470597156862,1.0,0.22842639593908629,0.5386916312176181,0.19767441860465113,0.2756756756756757,0.5891128707556033,0.2,0.5154747284949052,0.22580645161290322
0.07940775087815569,0.11771902545572395,0.022173421026094948,0.045427374461399175,0.0,0.32943614053169545,0.08214676889375684,0.012658227824332183,0.0,0.0,0.0,0.0,0.0,0.6993600670392072,0.0,0.6176470597156862,0.0,0.07868020304568527,0.5016704356477877,0.11627906976744184,0.07567567567567568,0.556054220909945,0.125,0.48456461743171464,0.16129032258064516
0.07940775087815569,0.11771902545572395,0.022173421026094948,0.045427374461399175,0.0,0.32943614053169545,0.08214676889375684,0.012658227824332183,0.0,0.0,0.0,0.0,0.0,0.6993600670392072,0.0,0.6176470597156862,0.0,0.07868020304568527,0.5016704356477877,0.11627906976744184,0.07567567567567568,0.556054220909945,0.125,0.48456461743171464,0.16129032258064516
0.002968236278628765,0.0062001037201173045,0.0003025176188502091,0.0004133547323996248,0.0,0.0,0.0032858707557502738,0.0,0.0,0.0,0.0,0.0,0.0,0.029555078867372853,0.0,0.0,0.0,0.002538071065989845,0.0,0.0,0.0,0.008508924976513232,0.0,0.004083619348735357,0.0
0.025787529358189586,0.02900984971712969,0.0049971428891553045,0.05397423154390858,0.01519970197337208,0.07547728268815473,0.014238773274917852,0.03797468353664935,0.13207547169811323,0.08227183000776067,0.124999969187499,0.017399839388910328,0.0,0.10456075004983445,0.044444444444444446,0.04666668062000001,0.0,0.025380710659898477,0.04149873536419846,0.08139534883720928,0.02702702702702703,0.0480418735740169,0.07500000000000001,0.043448101534578565,0.03225806451612903
0.009007854357959092,0.01940902024679902,0.0020055797694143486,0.003992846882909962,0.0,0.0506141777020225,0.008214676889375685,0.0025316455521358777,0.0,0.0,0.0,0.0,0.0,0.1042459801757285,0.0,0.04666668062000001,0.0,0.017766497461928932,0.03511659924539223,0.023255813953488386,0.005405405405405406,0.04787008455240915,0.024999999999999994,0.04150124409270489,0.016129032258064516
0.07117873972034724,0.035209953362348084,0.005938308814467066,0.10679488540127519,0.01519970197337208,0.07547728268815473,0.018619934282584884,0.03797468353664935,0.13207547169811323,0.08227183000776067,0.124999969187499,0.017399839388910328,0.0,0.4556421511361507,0.044444444444444446,0.42982457657017537,0.0,0.02791878172588832,0.3252831868261752,0.08139534883720928,0.02702702702702703,0.4044181988994766,0.07500000000000001,0.32107546497038353,0.03225806451612903
0.02300155644210216,0.0062001037201173045,0.0003361306876113433,0.02241488910442549,0.0,0.0,0.0038335158817086523,0.0,0.0,0.0,0.0,0.0,0.0,0.3511264566443554,0.0,0.3500000136500001,0.0,0.002538071065989845,0.23653022955973513,0.0,0.0,0.3150503288149241,0.0,0.23329189505445613,0.0
0.1491093232089739,0.08091238983388857,0.025176188502089615,0.21493456884522108,0.04547553138147532,0.16338611786937557,0.0492880613362541,0.10886075947384989,0.2641509433962264,0.21337585429236627,0.25,0.05985544748240048,0.3333333333333333,0.5754533794776119,0.06666666666666667,0.5185185454814814,0.0,0.06852791878172587,0.437399402498168,0.18604651162790692,0.06486486486486487,0.5119957052744597,0.175,0.434662770852971,0.0967741935483871
0.04000113243412507,0.02560912389201742,0.0025433888695924976,0.0304031740201533,0.0,0.0506141777020225,0.012595837897042717,0.0025316455521358777,0.0,0.0,0.0,0.0,0.0,0.4551897546272555,0.0,0.42982457657017537,0.0,0.02030456852791878,0.31890105070736907,0.023255813953488386,0.005405405405405406,0.40402093678700846,0.024999999999999994,0.31856717769256226,0.016129032258064516
0.06530454980340919,0.04230171072132713,0.006857066027271404,0.040139206650672596,0.0,0.10122835593860174,0.02792990142387733,0.005063291136098155,0.0,0.0,0.0,0.0,0.0,0.5738594442007904,0.0,0.5185185454814814,0.0,0.04060913705583755,0.42224182916823416,0.04651162790697677,0.016216216216216217,0.5105408669977185,0.04999999999999999,0.42390234167931207,0.04838709677419355
0.045635426188964524,0.047651633003891095,0.008907463221700598,0.03128859563827424,0.0,0.1200236788543633,0.04271631982475356,0.007594936688234029,0.0,0.0,0.0,0.0,0.0,0.565355633395014,0.0,0.42982457657017537,0.0,0.04568527918781725,0.3468332904759477,0.06976744186046513,0.04864864864864865,0.386825929405449,0.07500000000000001,0.3339160315426952,0.08064516129032258
0.3101540789860972,0.2668740280377167,0.08070497809548353,0.3957436300013456,0.04556821415881934,0.2512949535851532,0.22234392113910187,0.2784810126445304,0.47169811320754723,0.4755839028615775,0.5,0.15311858662658687,0.3333333333333333,0.7092446110061207,0.33333333333333337,0.5185185454814814,1.0,0.2081218274111675,0.4779007095822755,0.30232558139534876,0.31891891891891894,0.49105354985907934,0.275,0.45019756608925343,0.22580645161290322
0.045635426188964524,0.047651633003891095,0.008907463221700598,0.03128859563827424,0.0,0.1200236788543633,0.04271631982475356,0.007594936688234029,0.0,0.0,0.0,0.0,0.0,0.565355633395014,0.0,0.42982457657017537,0.0,0.04568527918781725,0.3468332904759477,0.06976744186046513,0.04864864864864865,0.386825929405449,0.07500000000000001,0.3339160315426952,0.08064516129032258
0.045635426188964524,0.047651633003891095,0.008907463221700598,0.03128859563827424,0.0,0.1200236788543633,0.04271631982475356,0.007594936688234029,0.0,0.0,0.0,0.0,0.0,0.565355633395014,0.0,0.42982457657017537,0.0,0.04568527918781725,0.3468332904759477,0.06976744186046513,0.04864864864864865,0.386825929405449,0.07500000000000001,0.3339160315426952,0.08064516129032258
0.09017169297248595,0.08420943496848254,0.006487322270898926,0.04796271787440716,0.0,0.0506141777020225,0.09309967141292443,0.0025316455521358777,0.0,0.0,0.0,0.0,0.0,0.656630283789711,0.0,0.6176470597156862,0.0,0.035532994923857864,0.5284047217735387,0.023255813953488386,0.03783783783783784,0.5938317004428935,0.024999999999999994,0.5127376893911337,0.04838709677419355
0.42449055987888035,0.4774287195911797,0.22075943126687658,0.4171763272986563,0.26500203123165683,0.6752996891422032,0.4184008762322015,0.2607594936522737,0.45283018867924535,0.3444798785769719,0.374999969187499,0.15465971517832575,0.6666666666666667,0.8559452234243445,0.0,0.6176470597156862,1.0,0.5228426395939086,0.7692588431376904,0.47674418604651153,0.5135135135135136,0.8047241980942157,0.47500000000000003,0.7693548536935756,0.4838709677419355
0.07506094805391922,0.08327630897851457,0.006487322270898926,0.040313345522596924,0.0,0.0506141777020225,0.08433734939759036,0.0025316455521358777,0.0,0.0,0.0,0.0,0.0,0.5974171680509419,0.0,0.5185185454814814,0.0,0.03807106598984771,0.446456588134865,0.023255813953488386,0.03783783783783784,0.48872366125352307,0.024999999999999994,0.4300079626773231,0.04838709677419355
0.07506094805391922,0.08327630897851457,0.006487322270898926,0.040313345522596924,0.0,0.0506141777020225,0.08433734939759036,0.0025316455521358777,0.0,0.0,0.0,0.0,0.0,0.5974171680509419,0.0,0.5185185454814814,0.0,0.03807106598984771,0.446456588134865,0.023255813953488386,0.03783783783783784,0.48872366125352307,0.024999999999999994,0.4300079626773231,0.04838709677419355
0.10937511129312208,0.05198548474407244,0.00962454202193813,0.135747043837178,0.030337616677423702,0.08790883518122086,0.056407447973713026,0.0430379746727475,0.13207547169811323,0.08227183000776067,0.124999969187499,0.022619791204539434,0.3333333333333333,0.6429576406839579,0.0,0.5185185454814814,0.0,0.04314720812182741,0.4951810362200372,0.1046511627906977,0.06486486486486487,0.5896658166689035,0.1,0.47569804114684944,0.08064516129032258
0.0725679008173093,0.018434421980623717,0.0028571108446964182,0.11323543543240785,0.01519970197337208,0.031226875943384434,0.012595837897042717,0.032911392400551194,0.13207547169811323,0.08227183000776067,0.124999969187499,0.015659855446887326,0.0,0.5122249638287207,0.044444444444444446,0.42982457657017537,0.0,0.012690355329949235,0.37160225842791694,0.05813953488372092,0.02702702702702703,0.46772245336196483,0.04999999999999999,0.35352753022756056,0.03225806451612903
0.023080833870926146,0.0,3.361306876113442e-05,0.02528781446831077,0.0,0.0,0.0005476451259583794,0.0,0.0,0.0,0.0,0.0,0.0,0.40078428239001085,0.0,0.3500000136500001,0.0,0.0,0.2745583481161973,0.0,0.0,0.3676016642061468,0.0,0.262798737230277,0.0
0.4178225366453677,0.3068532918906252,0.18579063539904317,0.4341651374332126,0.6054999601891559,0.46618321742086605,0.359802847754655,0.2607594936522737,0.3962264150943397,0.3444798785769719,0.374999969187499,0.19261622199671413,0.6666666666666667,0.9040512448627446,0.0,0.7291666799375001,1.0,0.4873096446700507,0.8150687619729758,0.4069767441860465,0.4918918918918919,0.8472902966044826,0.4,0.8037870876022292,0.4193548387096774
0.1756512477880453,0.226480041497634,0.05357923160524812,0.13613904285596143,0.000906730331645519,0.39188989188390755,0.17853231106243156,0.06329113921714012,0.18867924528301888,0.08227183000776067,0.124999969187499,0.026348328214211673,0.3333333333333333,0.7621446459207677,0.0,0.5185185454814814,1.0,0.2639593908629441,0.5052463356345867,0.22093023255813954,0.25405405405405407,0.5146691719232317,0.22500000000000003,0.4907265469877813,0.22580645161290322
0.08464153571242264,0.13453602903875675,0.0258484498773123,0.04413303209727926,0.0,0.32943614053169545,0.09638554216867469,0.012658227824332183,0.0,0.0,0.0,0.0,0.0,0.6599324184252531,0.0,0.5185185454814814,0.0,0.0862944162436548,0.4869898467155023,0.11627906976744184,0.06486486486486487,0.512962018521004,0.125,0.4751838783289425,0.12903225806451613
0.08464153571242264,0.13453602903875675,0.0258484498773123,0.04413303209727926,0.0,0.32943614053169545,0.09638554216867469,0.012658227824332183,0.0,0.0,0.0,0.0,0.0,0.6599324184252531,0.0,0.5185185454814814,0.0,0.0862944162436548,0.4869898467155023,0.11627906976744184,0.06486486486486487,0.512962018521004,0.125,0.4751838783289425,0.12903225806451613
0.08464153571242264,0.13453602903875675,0.0258484498773123,0.04413303209727926,0.0,0.32943614053169545,0.09638554216867469,0.012658227824332183,0.0,0.0,0.0,0.0,0.0,0.6599324184252531,0.0,0.5185185454814814,0.0,0.0862944162436548,0.4869898467155023,0.11627906976744184,0.06486486486486487,0.512962018521004,0.125,0.4751838783289425,0.12903225806451613
0.08464153571242264,0.13453602903875675,0.0258484498773123,0.04413303209727926,0.0,0.32943614053169545,0.09638554216867469,0.012658227824332183,0.0,0.0,0.0,0.0,0.0,0.6599324184252531,0.0,0.5185185454814814,0.0,0.0862944162436548,0.4869898467155023,0.11627906976744184,0.06486486486486487,0.512962018521004,0.125,0.4751838783289425,0.12903225806451613
0.11893243629941477,0.11508553659064931,0.015450807273868081,0.1296129585993038,0.018920849728681348,0.13881900230468158,0.09748083242059145,0.0430379746727475,0.18867924528301888,0.08227183000776067,0.124999969187499,0.022619791204539434,0.3333333333333333,0.7042429495251985,0.0,0.5185185454814814,1.0,0.13705583756345177,0.47784374392256945,0.1046511627906977,0.21081081081081082,0.5004751040128841,0.1,0.4486425962227639,0.12903225806451613
0.5188946393159062,0.479212027018701,0.2208042486918914,0.6139853491287002,0.0710800394070219,0.6628681366491371,0.39101861993428255,0.4430379747109392,0.6037735849056605,0.6066879271461831,0.624999969187499,0.20796950883827728,0.6666666666666667,0.8220944663244695,0.4,0.6176470597156862,1.0,0.3857868020304568,0.7105255396577462,0.47674418604651153,0.4918918918918919,0.7573480069789291,0.45,0.6925711286706481,0.4516129032258065
0.32153578342195527,0.4486262312550866,0.14956695163079406,0.35647811972347665,0.0940622584052108,0.6440728131988188,0.3198247535596933,0.23037974680385837,0.45283018867924535,0.3444798785769719,0.374999969187499,0.14769977949375293,0.6666666666666667,0.7477336674055317,0.0,0.5185185454814814,1.0,0.4111675126903553,0.6102597523343981,0.4302325581395349,0.4702702702702703,0.64307072876124,0.425,0.6008755857748228,0.4516129032258065
0.13784146470655365,0.13760497672910935,0.04181465753885111,0.18263695390506784,0.03302680725599027,0.25188693189347294,0.11883899233296823,0.12405063288214435,0.2641509433962264,0.21337585429236627,0.25,0.07655929329241364,0.3333333333333333,0.6639108421667824,0.0,0.42982457657017537,1.0,0.22842639593908629,0.34193134204747166,0.23255813953488375,0.2864864864864865,0.33781774258488795,0.22500000000000003,0.3253388570778917,0.20967741935483872
0.28745556970519354,0.26005184039918633,0.12099584318382987,0.3806755397686544,0.06715265682953842,0.39647772684708693,0.2573932092004381,0.3164556961493534,0.5283018867924529,0.4755839028615775,0.5,0.14267868299532865,0.6666666666666667,0.7168103780966364,0.22222222222222224,0.5185185454814814,1.0,0.31979695431472077,0.44302842402775333,0.39534883720930225,0.41621621621621624,0.42884445040934094,0.375,0.42057863414852503,0.33870967741935487
0.0942793437522147,0.09895282534034057,0.016201499142866747,0.10776194534341757,0.011179767753977606,0.20216072192120846,0.09090909090909091,0.048101265808845654,0.18867924528301888,0.08227183000776067,0.124999969187499,0.024359775136122537,0.3333333333333333,0.6659654378197271,0.0,0.3500000136500001,1.0,0.15736040609137056,0.35173273637030644,0.12790697674418605,0.22162162162162163,0.3629955710642866,0.125,0.33141971674918813,0.14516129032258066
0.061803404351193504,0.04761016072768377,0.007506918689986668,0.08865066100048533,0.01519970197337208,0.07547728268815473,0.053121577217962755,0.03797468353664935,0.13207547169811323,0.08227183000776067,0.124999969187499,0.017399839388910328,0.0,0.5294099039002519,0.044444444444444446,0.3500000136500001,0.0,0.032994923857868015,0.24702883118701602,0.08139534883720928,0.05945945945945946,0.2594551066970876,0.07500000000000001,0.22811423025028232,0.06451612903225806
0.3533959440949055,0.3200207361410996,0.18360578592956942,0.4341822005641337,0.18270296586873264,0.45256770777660366,0.34008762322015335,0.3670886075103349,0.5283018867924529,0.4755839028615775,0.5,0.24767428515512627,0.6666666666666667,0.7896575097785412,0.0,0.6176470597156862,1.0,0.44162436548223344,0.5604504899120729,0.48837209302325585,0.5351351351351352,0.5375224802039995,0.47500000000000003,0.5403297567675786,0.4516129032258065
0.05061526007019807,0.06799377916575919,0.01132760417250227,0.028255656339575164,0.0,0.1200236788543633,0.06681270536692223,0.007594936688234029,0.0,0.0,0.0,0.0,0.0,0.5713347011955566,0.0,0.42982457657017537,0.0,0.055837563451776644,0.3117195041690918,0.06976744186046513,0.05405405405405406,0.33539122265467725,0.07500000000000001,0.3018481036404831,0.0967741935483871
0.05061526007019807,0.06799377916575919,0.01132760417250227,0.028255656339575164,0.0,0.1200236788543633,0.06681270536692223,0.007594936688234029,0.0,0.0,0.0,0.0,0.0,0.5713347011955566,0.0,0.42982457657017537,0.0,0.055837563451776644,0.3117195041690918,0.06976744186046513,0.05405405405405406,0.33539122265467725,0.07500000000000001,0.3018481036404831,0.0967741935483871
0.18565937073596764,0.19740798344109223,0.07751173656317577,0.20738567029155344,0.04541374411215487,0.37161462186095473,0.18400876232201535,0.13924050632226523,0.32075471698113217,0.21337585429236627,0.25,0.05567948602989719,0.6666666666666667,0.6940538463802898,0.0,0.5185185454814814,1.0,0.31979695431472077,0.42368334174818945,0.3255813953488372,0.3081081081081081,0.42780297946584356,0.325,0.4184375876858466,0.30645161290322576
0.15524224304269674,0.1396371177389757,0.027652351234159843,0.2066544842438429,0.03056512541356322,0.23975136882184508,0.1303395399780942,0.10886075947384989,0.2641509433962264,0.21337585429236627,0.25,0.06959935754520143,0.3333333333333333,0.7249677879598895,0.0,0.42982457657017537,1.0,0.17766497461928935,0.4420860322950182,0.18604651162790692,0.31891891891891894,0.44922829150449606,0.175,0.4083712384771665,0.1935483870967742
0.01727867912902354,0.0062001037201173045,0.00040335682513361216,0.014771419835921187,0.0,0.0,0.004928806133625411,0.0,0.0,0.0,0.0,0.0,0.0,0.415693118384694,0.0,0.27777780305555533,0.0,0.002538071065989845,0.16550332267069567,0.0,0.005405405405405406,0.1925969668500872,0.0,0.15518412990540376,0.016129032258064516
0.06995814694121141,0.07143597719217988,0.013882197398348478,0.09254878742245157,0.009968327383400264,0.1512505547977477,0.07228915662650602,0.048101265808845654,0.18867924528301888,0.08227183000776067,0.124999969187499,0.023489783170330986,0.3333333333333333,0.5760647170932263,0.0,0.27777780305555533,1.0,0.14213197969543145,0.2783904653113065,0.12790697674418605,0.22162162162162163,0.2510159710106026,0.125,0.24579429478884907,0.14516129032258066
0.2264580264400035,0.16605495079233915,0.0460162911339929,0.26424910823012715,0.0503241253891383,0.2140002961059548,0.16812705366922234,0.11645569619391033,0.2641509433962264,0.21337585429236627,0.25,0.06263942178754932,0.3333333333333333,0.7742236471988364,0.06666666666666667,0.5185185454814814,1.0,0.22842639593908629,0.6374422542246762,0.20930232558139533,0.2972972972972973,0.7177130586498457,0.2,0.6170010155106559,0.22580645161290322
0.10761104068664551,0.17903576987477948,0.01630233834915015,0.09603409636267521,1.0303498310063293e-05,0.32943614053169545,0.11281489594742607,0.03797468353664935,0.18867924528301888,0.08227183000776067,0.124999969187499,0.024359775136122537,0.3333333333333333,0.559645701904662,0.0,0.21212121212121215,1.0,0.13705583756345177,0.2835170361921293,0.12790697674418605,0.1891891891891892,0.2786740034894645,0.125,0.27503726331826983,0.16129032258064516
0.2868985202708898,0.2584344220015954,0.11732081433261253,0.2680665828170501,0.1928934778896911,0.40979724706991105,0.3023001095290252,0.15443037973055967,0.32075471698113217,0.21337585429236627,0.25,0.09743910052361036,0.6666666666666667,0.8485087904031965,0.0,0.7291666799375001,1.0,0.4314720812182741,0.6500233408502446,0.3255813953488372,0.43783783783783786,0.650038920950208,0.325,0.6405158664800873,0.3709677419354839
0.10758347978724606,0.08545360295510653,0.021949333901020718,0.11786737325583874,0.01519970197337208,0.14488678384049555,0.10021905805038335,0.048101265808845654,0.13207547169811323,0.08227183000776067,0.124999969187499,0.018791826536264787,0.0,0.6277350426876529,0.044444444444444446,0.5185185454814814,0.0,0.07360406091370558,0.402081618674745,0.12790697674418605,0.08108108108108109,0.42531203865252976,0.125,0.386635456304511,0.12903225806451613
0.2638941949939655,0.22755832037942866,0.09755632990106554,0.3206170700872326,0.05429946606784682,0.3652508509037025,0.25082146768893754,0.23037974680385837,0.3962264150943397,0.3444798785769719,0.374999969187499,0.1695738632378945,0.3333333333333333,0.7995648922531576,0.0,0.5185185454814814,1.0,0.34010152284263956,0.5228659260858556,0.3372093023255814,0.4810810810810811,0.5088498188162662,0.325,0.4906353670435265,0.33870967741935487
0.11570622880785486,0.09262830486650021,0.019663645225263583,0.17559543895965865,0.03036851218544726,0.13215924192599116,0.08433734939759036,0.09367088606555543,0.2641509433962264,0.21337585429236627,0.25,0.04175961452503287,0.0,0.5542897517220079,0.13333333333333333,0.42982457657017537,0.0,0.05076142131979695,0.3168252130832445,0.1395348837209302,0.08108108108108109,0.33521406522614405,0.125,0.29657104061865636,0.08064516129032258
0.03657687220655085,0.01592534994417102,0.0012436835441619702,0.026055423440998232,0.0,0.0,0.013691128148959474,0.0,0.0,0.0,0.0,0.0,0.0,0.4991425958852982,0.0,0.42982457657017537,0.0,0.007614213197969538,0.28635051310639104,0.0,0.005405405405405406,0.3324547040665683,0.0,0.2742541295094677,0.016129032258064516
0.10474459899093491,0.09360290305777662,0.01731073041198418,0.11923182432797821,0.03563673208537586,0.1703418676695043,0.09638554216867469,0.048101265808845654,0.18867924528301888,0.08227183000776067,0.124999969187499,0.023489783170330986,0.3333333333333333,0.7221730384020517,0.0,0.42982457657017537,1.0,0.15736040609137056,0.41822831875791144,0.12790697674418605,0.23243243243243245,0.43703127097033945,0.125,0.39021283933844275,0.16129032258064516
0.22939223457051197,0.20644893733242187,0.07781425418202598,0.24528165314596626,0.05321028888158002,0.3340239749603181,0.23329682365826945,0.13924050632226523,0.32075471698113217,0.21337585429236627,0.25,0.08769519050256903,0.3333333333333333,0.7959908149474266,0.0,0.5185185454814814,1.0,0.33502538071065985,0.5761006622525854,0.27906976744186046,0.40540540540540543,0.580335525432828,0.275,0.553565012900327,0.32258064516129037
0.11397103686041599,0.10782789012684096,0.018520800887385017,0.11379635723657375,0.002096653251024792,0.20216072192120846,0.10624315443592551,0.048101265808845654,0.18867924528301888,0.08227183000776067,0.124999969187499,0.023489783170330986,0.3333333333333333,0.7133168491433338,0.0,0.42982457657017537,1.0,0.16243654822335024,0.3884292400329338,0.12790697674418605,0.23243243243243245,0.402829150449604,0.125,0.36394482590518484,0.16129032258064516
0.2108036118887177,0.1853395542105162,0.06116458078901077,0.23922457828487784,0.0626640970266423,0.3088648810873043,0.1982475355969332,0.13164556960220478,0.2641509433962264,0.21337585429236627,0.25,0.08351922905006574,0.3333333333333333,0.7794640521879661,0.0,0.5185185454814814,1.0,0.2893401015228426,0.5564786250935626,0.25581395348837205,0.3837837837837838,0.5615675748221716,0.25,0.5301247182223051,0.29032258064516125
0.0,0.0,0.0,0.0,0.0,0.0,0.0,0.0,0.0,0.0,0.0,0.0,0.0,0.06132734239862758,0.0,0.0,0.0,0.0,0.002991239649647426,0.0,0.0,0.0,0.0,0.0,0.0
0.10642645285210431,0.09096941426760086,0.015999820730299943,0.12392110364816328,0.038813304361095036,0.1703418676695043,0.08762322015334063,0.048101265808845654,0.18867924528301888,0.08227183000776067,0.124999969187499,0.023489783170330986,0.3333333333333333,0.7161383678509317,0.0,0.5185185454814814,1.0,0.15228426395939085,0.4521176693105037,0.12790697674418605,0.23243243243243245,0.4619299422896255,0.125,0.41436064877149703,0.16129032258064516
0.1077593109749822,0.09096941426760086,0.015999820730299943,0.12282906910889416,0.01282243013582772,0.1703418676695043,0.08762322015334063,0.048101265808845654,0.18867924528301888,0.08227183000776067,0.124999969187499,0.023489783170330986,0.3333333333333333,0.7230397183995144,0.0,0.5185185454814814,1.0,0.15228426395939085,0.4464001735409292,0.12790697674418605,0.23243243243243245,0.4555415380485841,0.125,0.409206257081307,0.16129032258064516
0.08495618352432457,0.05924313120788077,0.006252030789570985,0.10955311525804987,0.0036197126244916903,0.1200236788543633,0.05366922234392114,0.03797468353664935,0.18867924528301888,0.08227183000776067,0.124999969187499,0.020879807262516432,0.3333333333333333,0.6712845286080847,0.0,0.42982457657017537,1.0,0.0862944162436548,0.3754174149688967,0.08139534883720928,0.1891891891891892,0.3902939202791571,0.07500000000000001,0.33678074145174164,0.0967741935483871
0.011774580116167208,0.01592534994417102,0.0013333183941916617,0.012728247244904699,0.0,0.0506141777020225,0.0027382256297918952,0.0025316455521358777,0.0,0.0,0.0,0.0,0.0,0.2456804107658499,0.0,0.04666668062000001,0.0,0.012690355329949235,0.12998916969365681,0.023255813953488386,0.005405405405405406,0.17225070460340897,0.024999999999999994,0.13155585012503357,0.016129032258064516
0.07354824844888569,0.05109383103031177,0.008033523433911106,0.1467267053730599,0.03036851218544726,0.09427260613847305,0.025739320920043808,0.086075949345495,0.20754716981132076,0.21337585429236627,0.25,0.03479967876738076,0.0,0.33813913833155196,0.13333333333333333,0.09722224623611098,0.0,0.02284263959390863,0.19816594406857058,0.11627906976744184,0.043243243243243246,0.2357160112736546,0.1,0.18841544580122027,0.03225806451612903
0.011774580116167208,0.01592534994417102,0.0013333183941916617,0.012728247244904699,0.0,0.0506141777020225,0.0027382256297918952,0.0025316455521358777,0.0,0.0,0.0,0.0,0.0,0.2456804107658499,0.0,0.04666668062000001,0.0,0.012690355329949235,0.12998916969365681,0.023255813953488386,0.005405405405405406,0.17225070460340897,0.024999999999999994,0.13155585012503357,0.016129032258064516
0.08646471857088511,0.06187662007295543,0.007036335727330787,0.11220061433402981,0.03187643103648835,0.1200236788543633,0.061336254107338437,0.03797468353664935,0.18867924528301888,0.08227183000776067,0.124999969187499,0.020879807262516432,0.3333333333333333,0.6949606044159587,0.0,0.3500000136500001,1.0,0.09137055837563451,0.3821412367053387,0.08139534883720928,0.1891891891891892,0.41648637766742724,0.07500000000000001,0.34838054620979164,0.0967741935483871
0.02552562798454029,0.0062001037201173045,0.00043696989389474636,0.02377436309982625,0.0,0.0,0.00547645125958379,0.0,0.0,0.0,0.0,0.0,0.0,0.4594343328962148,0.0,0.21212121212121215,0.0,0.002538071065989845,0.25965125701259295,0.0,0.005405405405405406,0.33434975171117975,0.0,0.24770139478593656,0.016129032258064516
0.05901051029117214,0.013125972049165987,0.0023865278820405372,0.09847275926750554,0.01519970197337208,0.031226875943384434,0.010405257393209199,0.032911392400551194,0.13207547169811323,0.08227183000776067,0.124999969187499,0.015659855446887326,0.0,0.42821297828513194,0.044444444444444446,0.27777780305555533,0.0,0.010152284263959387,0.2963363023669495,0.05813953488372092,0.021621621621621623,0.3322829150449603,0.04999999999999999,0.2770111970204717,0.016129032258064516
0.01734109069453161,0.0,0.0,0.01918430079499686,0.0,0.0,0.0,0.0,0.0,0.0,0.0,0.0,0.0,0.3267699565632808,0.0,0.21212121212121215,0.0,0.0,0.21310538449080407,0.0,0.0,0.254489330291236,0.0,0.20005199530880657,0.0
0.04023087751171004,0.07630896837325857,0.0045601729952605575,0.021902023704137186,0.0,0.0506141777020225,0.024096385542168676,0.0025316455521358777,0.0,0.0,0.0,0.0,0.0,0.46732138232983966,0.0,0.27777780305555533,0.0,0.02791878172588832,0.24166786933411288,0.023255813953488386,0.010810810810810811,0.2559441685679775,0.024999999999999994,0.2351807018370271,0.03225806451612903
0.04023087751171004,0.07630896837325857,0.0045601729952605575,0.021902023704137186,0.0,0.0506141777020225,0.024096385542168676,0.0025316455521358777,0.0,0.0,0.0,0.0,0.0,0.46732138232983966,0.0,0.27777780305555533,0.0,0.02791878172588832,0.24166786933411288,0.023255813953488386,0.010810810810810811,0.2559441685679775,0.024999999999999994,0.2351807018370271,0.03225806451612903
0.09245015265043241,0.11601866258061726,0.012683331279201354,0.10153510052607373,0.004263992247183277,0.1200236788543633,0.10186199342825848,0.03797468353664935,0.18867924528301888,0.08227183000776067,0.124999969187499,0.020879807262516432,0.3333333333333333,0.6137765995239822,0.0,0.3500000136500001,1.0,0.1218274111675127,0.3245552915211791,0.08139534883720928,0.1891891891891892,0.32190041605153674,0.07500000000000001,0.29987437546708007,0.0967741935483871
0.02072752241938223,0.0062001037201173045,0.00043696989389474636,0.018133758023859928,0.0,0.0,0.00547645125958379,0.0,0.0,0.0,0.0,0.0,0.0,0.45936387640512233,0.0,0.21212121212121215,0.0,0.002538071065989845,0.20379583203634433,0.0,0.005405405405405406,0.23196886323983357,0.0,0.18747731794682976,0.016129032258064516
0.06835683259885902,0.05758424053408251,0.0045601729952605575,0.041699919809291205,0.0,0.0506141777020225,0.0624315443592552,0.0025316455521358777,0.0,0.0,0.0,0.0,0.0,0.645357583126052,0.0,0.42982457657017537,0.0,0.02791878172588832,0.4585632372267424,0.023255813953488386,0.03783783783783784,0.5262273520332841,0.024999999999999994,0.4427784375964182,0.04838709677419355
0.158518940027212,0.11212026959081499,0.02607253700238653,0.15237546222665815,0.03353496080573597,0.15731833633356165,0.12486308871851041,0.053164556944943805,0.18867924528301888,0.08227183000776067,0.124999969187499,0.025229767112353994,0.3333333333333333,0.7743223291719765,0.0,0.5185185454814814,1.0,0.19289340101522842,0.5861267440894501,0.1511627906976744,0.22162162162162163,0.653394175278486,0.15,0.5736701249774833,0.14516129032258066
0.3141780373466928,0.20207361331603324,0.07708597102553473,0.38232555458131834,0.0685565777887277,0.23886340109208706,0.20810514786418402,0.19999999998726944,0.3962264150943397,0.3444798785769719,0.374999969187499,0.1085004269950339,0.3333333333333333,0.8051038279806753,0.17777777777777778,0.6176470597156862,1.0,0.2639593908629441,0.6777491632088967,0.26744186046511625,0.34054054054054056,0.7463427727821768,0.25,0.6584866903650674,0.25806451612903225
0.058494939962849705,0.04526697772116145,0.0021512364007125976,0.037842188129659046,0.0,0.0,0.02135815991237678,0.0,0.0,0.0,0.0,0.0,0.0,0.5866861989484224,0.0,0.42982457657017537,0.0,0.012690355329949235,0.4111402784697008,0.0,0.005405405405405406,0.4852449335659643,0.0,0.40016125186210116,0.016129032258064516
0.165296692270961,0.11288750647595368,0.03275033332959855,0.2216658307128477,0.03036851218544726,0.16974988882662778,0.10624315443592551,0.10886075947384989,0.2641509433962264,0.21337585429236627,0.25,0.04871955028268499,0.0,0.6667520051922681,0.13333333333333333,0.6176470597156862,0.0,0.07614213197969544,0.47787650558514183,0.18604651162790692,0.0918918918918919,0.5252341967521139,0.175,0.46264754389001894,0.1129032258064516
0.07841915820507186,0.07950233281733422,0.012873805335514448,0.042842115123217867,0.0,0.1200236788543633,0.08652792990142387,0.007594936688234029,0.0,0.0,0.0,0.0,0.0,0.6655251978253253,0.0,0.6176470597156862,0.0,0.06091370558375634,0.465112233251991,0.06976744186046513,0.04864864864864865,0.5242464098778687,0.07500000000000001,0.4570620886476886,0.08064516129032258
0.07841915820507186,0.07950233281733422,0.012873805335514448,0.042842115123217867,0.0,0.1200236788543633,0.08652792990142387,0.007594936688234029,0.0,0.0,0.0,0.0,0.0,0.6655251978253253,0.0,0.6176470597156862,0.0,0.06091370558375634,0.465112233251991,0.06976744186046513,0.04864864864864865,0.5242464098778687,0.07500000000000001,0.4570620886476886,0.08064516129032258
0.07056548015587677,0.04327630898750244,0.00612878287078016,0.04538963176850397,0.0,0.10122835593860174,0.054764512595837894,0.005063291136098155,0.0,0.0,0.0,0.0,0.0,0.6385418057411202,0.0,0.5185185454814814,0.0,0.035532994923857864,0.49826491606371637,0.04651162790697677,0.043243243243243246,0.5924412830492551,0.04999999999999999,0.4831862273160873,0.06451612903225806
0.07056548015587677,0.04327630898750244,0.00612878287078016,0.04538963176850397,0.0,0.10122835593860174,0.054764512595837894,0.005063291136098155,0.0,0.0,0.0,0.0,0.0,0.6385418057411202,0.0,0.5185185454814814,0.0,0.035532994923857864,0.49826491606371637,0.04651162790697677,0.043243243243243246,0.5924412830492551,0.04999999999999999,0.4831862273160873,0.06451612903225806
0.03716727269315061,0.0940176257449509,0.005815060895676239,0.013036527344730958,0.0,0.0506141777020225,0.06681270536692223,0.0025316455521358777,0.0,0.0,0.0,0.0,0.0,0.3815589411559911,0.0,0.04666668062000001,0.0,0.035532994923857864,0.1472431734825762,0.023255813953488386,0.03783783783783784,0.11078781371627977,0.024999999999999994,0.14626497797209514,0.04838709677419355
0.07787365208581537,0.05219284605021013,0.005075573382931285,0.10891134932648591,0.009664355449620106,0.1200236788543633,0.044906900328587074,0.03797468353664935,0.18867924528301888,0.08227183000776067,0.124999969187499,0.020879807262516432,0.3333333333333333,0.6337983235191381,0.0,0.27777780305555533,1.0,0.07614213197969544,0.3711363337521324,0.08139534883720928,0.1891891891891892,0.3674137699637633,0.07500000000000001,0.33117243106155647,0.0967741935483871
0.06353235927958012,0.03270088132589538,0.003350102519859722,0.042713610438893726,0.0,0.0506141777020225,0.04709748083242059,0.0025316455521358777,0.0,0.0,0.0,0.0,0.0,0.6156164227445795,0.0,0.42982457657017537,0.0,0.02284263959390863,0.4705620596194451,0.023255813953488386,0.03783783783783784,0.5698080794524225,0.024999999999999994,0.4512724270145273,0.04838709677419355
0.11253077325186336,0.06884396060331253,0.01132760417250227,0.13364455301737038,0.02050655437187343,0.1324552313474294,0.07667031763417305,0.0430379746727475,0.18867924528301888,0.08227183000776067,0.124999969187499,0.022619791204539434,0.3333333333333333,0.6928389241075986,0.0,0.42982457657017537,1.0,0.1218274111675127,0.490452545105558,0.1046511627906977,0.2,0.5730291236075695,0.1,0.46661524971705126,0.1129032258064516
0.08936710456594313,0.06090202180678013,0.009176367771789673,0.11551570324543675,0.008424173938847672,0.1324552313474294,0.060240963855421686,0.0430379746727475,0.18867924528301888,0.08227183000776067,0.124999969187499,0.022619791204539434,0.3333333333333333,0.661678139661928,0.0,0.3500000136500001,1.0,0.1116751269035533,0.39292960912170116,0.1046511627906977,0.2,0.4592779492685546,0.1,0.368977607298966,0.1129032258064516
0.19781359406985363,0.2327216174190597,0.05286215280501059,0.2336632201835411,0.05380241406918939,0.41675299687003975,0.1544359255202629,0.13164556960220478,0.2641509433962264,0.21337585429236627,0.25,0.09047916480771785,0.6666666666666667,0.7978873829854565,0.0,0.5185185454814814,1.0,0.2639593908629441,0.5181974474477405,0.27906976744186046,0.32972972972972975,0.58388941081734,0.275,0.5063308126851965,0.24193548387096772
0.05680142832739551,0.06905132198434914,0.008705784809133792,0.03857928602019711,0.0,0.1200236788543633,0.048192771084337345,0.007594936688234029,0.0,0.0,0.0,0.0,0.0,0.6372146179530016,0.0,0.5185185454814814,0.0,0.04568527918781725,0.4173656117279124,0.06976744186046513,0.04864864864864865,0.500952892229231,0.07500000000000001,0.40936360923882775,0.08064516129032258
0.05680142832739551,0.06905132198434914,0.008705784809133792,0.03857928602019711,0.0,0.1200236788543633,0.048192771084337345,0.007594936688234029,0.0,0.0,0.0,0.0,0.0,0.6372146179530016,0.0,0.5185185454814814,0.0,0.04568527918781725,0.4173656117279124,0.06976744186046513,0.04864864864864865,0.500952892229231,0.07500000000000001,0.40936360923882775,0.08064516129032258
0.05680142832739551,0.06905132198434914,0.008705784809133792,0.03857928602019711,0.0,0.1200236788543633,0.048192771084337345,0.007594936688234029,0.0,0.0,0.0,0.0,0.0,0.6372146179530016,0.0,0.5185185454814814,0.0,0.04568527918781725,0.4173656117279124,0.06976744186046513,0.04864864864864865,0.500952892229231,0.07500000000000001,0.40936360923882775,0.08064516129032258
0.08632894730062196,0.09814411617899454,0.01754602189331212,0.04787013640520968,0.0,0.18972916942814236,0.09090909090909091,0.010126582272196306,0.0,0.0,0.0,0.0,0.0,0.7030611522438045,0.0,0.6176470597156862,0.0,0.07106598984771573,0.5266963538745818,0.09302325581395349,0.06486486486486487,0.5971815863642465,0.1,0.5095696201264556,0.12903225806451613
0.08632894730062196,0.09814411617899454,0.01754602189331212,0.04787013640520968,0.0,0.18972916942814236,0.09090909090909091,0.010126582272196306,0.0,0.0,0.0,0.0,0.0,0.7030611522438045,0.0,0.6176470597156862,0.0,0.07106598984771573,0.5266963538745818,0.09302325581395349,0.06486486486486487,0.5971815863642465,0.1,0.5095696201264556,0.12903225806451613
0.1708199717400814,0.17522032143739183,0.036795105937188384,0.15798226764580128,0.04138945994311022,0.3542992449832709,0.14676889375684557,0.058227848081041964,0.18867924528301888,0.08227183000776067,0.124999969187499,0.024359775136122537,0.3333333333333333,0.8048451048707517,0.0,0.7291666799375001,1.0,0.22842639593908629,0.6162891274453989,0.17441860465116282,0.25405405405405407,0.680284525567038,0.175,0.6027898234359096,0.1935483870967742
0.011162824733275085,0.0062001037201173045,0.0002689045500890747,0.012002728607657505,0.0,0.0,0.0027382256297918952,0.0,0.0,0.0,0.0,0.0,0.0,0.21373338917896767,0.0,0.09722224623611098,0.0,0.002538071065989845,0.12263186470231446,0.0,0.0,0.17046302509730227,0.0,0.1240225803789945,0.0
0.04186811154049347,0.02726801456581569,0.004369698938947463,0.08103627542923267,0.01519970197337208,0.07547728268815473,0.011500547645125956,0.03797468353664935,0.13207547169811323,0.08227183000776067,0.124999969187499,0.017399839388910328,0.0,0.30309455415246234,0.044444444444444446,0.15217393084782582,0.0,0.02284263959390863,0.18516596730075063,0.08139534883720928,0.02702702702702703,0.2336330693866595,0.07500000000000001,0.18424881803390125,0.03225806451612903
0.01862390765882025,0.01766718509548502,0.0016470403692955824,0.017523869242692072,0.0,0.0506141777020225,0.00547645125958379,0.0025316455521358777,0.0,0.0,0.0,0.0,0.0,0.3027143800840809,0.0,0.15217393084782582,0.0,0.015228426395939083,0.1787838311819444,0.023255813953488386,0.005405405405405406,0.23335391222654678,0.024999999999999994,0.1820172272118249,0.016129032258064516
0.0428279866498499,0.03270088132589538,0.0031260153947854927,0.03014519735005035,0.0,0.0506141777020225,0.0416210295728368,0.0025316455521358777,0.0,0.0,0.0,0.0,0.0,0.5397390295749364,0.0,0.3500000136500001,0.0,0.02284263959390863,0.34265716569675275,0.023255813953488386,0.03783783783783784,0.38318614951013275,0.024999999999999994,0.314108382389917,0.04838709677419355
0.08541502183485031,0.06884396060331253,0.010969064772383503,0.10951647668199399,0.03273469371208333,0.1324552313474294,0.07228915662650602,0.0430379746727475,0.18867924528301888,0.08227183000776067,0.124999969187499,0.022619791204539434,0.3333333333333333,0.6203696645755689,0.0,0.3500000136500001,1.0,0.1218274111675127,0.3690870394795891,0.1046511627906977,0.2,0.38778687424506786,0.1,0.3342242890468431,0.1129032258064516
0.03002971617420412,0.024758942454464073,0.0021848494694737316,0.024639944401564612,0.0,0.0506141777020225,0.028477546549835704,0.0025316455521358777,0.0,0.0,0.0,0.0,0.0,0.5360297178916029,0.0,0.21212121212121215,0.0,0.017766497461928932,0.2755154240129134,0.023255813953488386,0.03783783783783784,0.33573480069789285,0.024999999999999994,0.25774181052046696,0.04838709677419355
0.2852758516643912,0.22419906690542266,0.0894891933983933,0.2894852857358339,0.06745640395971907,0.3915939024624693,0.2480832420591457,0.13164556960220478,0.2641509433962264,0.21337585429236627,0.25,0.06611938966115541,0.3333333333333333,0.7975761409681942,0.06666666666666667,0.7291666799375001,1.0,0.33502538071065985,0.7238322111820131,0.25581395348837205,0.34054054054054056,0.7937082270836131,0.25,0.7153003299745521,0.29032258064516125
0.2852758516643912,0.22419906690542266,0.0894891933983933,0.2894852857358339,0.06745640395971907,0.3915939024624693,0.2480832420591457,0.13164556960220478,0.2641509433962264,0.21337585429236627,0.25,0.06611938966115541,0.3333333333333333,0.7975761409681942,0.06666666666666667,0.7291666799375001,1.0,0.33502538071065985,0.7238322111820131,0.25581395348837205,0.34054054054054056,0.7937082270836131,0.25,0.7153003299745521,0.29032258064516125
0.09538241423979715,0.08850181443245657,0.010251985972145971,0.10544924727877275,0.0004737023981234954,0.18972916942814236,0.07119386637458926,0.0430379746727475,0.18867924528301888,0.08227183000776067,0.124999969187499,0.022619791204539434,0.3333333333333333,0.6790178818330659,0.0,0.3500000136500001,1.0,0.11675126903553298,0.3452752100975581,0.1046511627906977,0.21081081081081082,0.3657549322238627,0.1,0.31779327828693393,0.12903225806451613
0.1100931608283578,0.1017107309591383,0.014106284523422708,0.12216522501174354,0.008350603214187163,0.18972916942814236,0.10076670317634173,0.0430379746727475,0.18867924528301888,0.08227183000776067,0.124999969187499,0.022619791204539434,0.3333333333333333,0.6997330322021343,0.0,0.42982457657017537,1.0,0.13705583756345177,0.43402807125231924,0.1046511627906977,0.21081081081081082,0.4617098376056905,0.1,0.40776727569408233,0.12903225806451613
0.021417281517772772,0.023017107303150073,0.001736675219325274,0.01879130903043419,0.0,0.0506141777020225,0.020810514786418398,0.0025316455521358777,0.0,0.0,0.0,0.0,0.0,0.42160475007799647,0.0,0.09722224623611098,0.0,0.015228426395939083,0.21025367396812622,0.023255813953488386,0.03783783783783784,0.2406119983894779,0.024999999999999994,0.193625672239378,0.04838709677419355
0.08304355167914582,0.11508553659064931,0.01785974386841604,0.04714746419535647,0.0,0.18972916942814236,0.08105147864184009,0.010126582272196306,0.0,0.0,0.0,0.0,0.0,0.6508550125749695,0.0,0.5185185454814814,0.0,0.07106598984771573,0.5142860861732192,0.09302325581395349,0.05945945945945946,0.6011112602335256,0.1,0.5073880925503632,0.1129032258064516
0.08304355167914582,0.11508553659064931,0.01785974386841604,0.04714746419535647,0.0,0.18972916942814236,0.08105147864184009,0.010126582272196306,0.0,0.0,0.0,0.0,0.0,0.6508550125749695,0.0,0.5185185454814814,0.0,0.07106598984771573,0.5142860861732192,0.09302325581395349,0.05945945945945946,0.6011112602335256,0.1,0.5073880925503632,0.1129032258064516
0.08304355167914582,0.11508553659064931,0.01785974386841604,0.04714746419535647,0.0,0.18972916942814236,0.08105147864184009,0.010126582272196306,0.0,0.0,0.0,0.0,0.0,0.6508550125749695,0.0,0.5185185454814814,0.0,0.07106598984771573,0.5142860861732192,0.09302325581395349,0.05945945945945946,0.6011112602335256,0.1,0.5073880925503632,0.1129032258064516
0.23751856392419624,0.34355624682194225,0.0852763554469978,0.2414217524419424,0.014294713869622626,0.5819150512680449,0.2300109529025192,0.13164556960220478,0.32075471698113217,0.21337585429236627,0.25,0.08968374357021827,0.3333333333333333,0.7397198669420852,0.0,0.5185185454814814,1.0,0.3248730964467005,0.5543411195028402,0.30232558139534876,0.35135135135135137,0.6056368272715071,0.3,0.5462896595743614,0.30645161290322576
0.20339597133316567,0.19981337486192555,0.04517596441496454,0.1719715018308829,0.3305707443795325,0.3288441616888189,0.19496166484118294,0.058227848081041964,0.18867924528301888,0.08227183000776067,0.124999969187499,0.025751762293916902,0.3333333333333333,0.8251914001837116,0.0,0.7291666799375001,1.0,0.2741116751269035,0.6964491053008554,0.17441860465116282,0.2756756756756757,0.7710803918937055,0.175,0.6819674713379015,0.22580645161290322
0.3036291773124532,0.482882322489363,0.11853088480801337,0.39678226107449166,0.03164422390511945,0.6252774902830572,0.28696604600219056,0.29113924046886264,0.47169811320754723,0.4755839028615775,0.5,0.12289257987303973,0.3333333333333333,0.6825779245094064,0.0,0.42982457657017537,1.0,0.3045685279187817,0.48977945858425687,0.4186046511627906,0.4702702702702703,0.5124788618977318,0.4,0.46297592767225604,0.3870967741935484
0.23594962141935505,0.3008398134134408,0.07825122407592072,0.30532600664979914,0.03036851218544726,0.5755512803107927,0.18619934282584885,0.19999999998726944,0.45283018867924535,0.3444798785769719,0.374999969187499,0.06313656005968157,0.3333333333333333,0.6577437399602589,0.17777777777777778,0.42982457657017537,1.0,0.2639593908629441,0.4705942526371727,0.31395348837209297,0.34054054054054056,0.5122372835860958,0.3,0.45533823052824207,0.32258064516129037
0.022787987270893366,0.013125972049165987,0.0021176233319514627,0.057590986699227506,0.01519970197337208,0.031226875943384434,0.008214676889375685,0.032911392400551194,0.13207547169811323,0.08227183000776067,0.124999969187499,0.015659855446887326,0.0,0.07313362150697444,0.044444444444444446,0.04666668062000001,0.0,0.010152284263959387,0.061980448882559824,0.05813953488372092,0.021621621621621623,0.08711850758287476,0.04999999999999999,0.06246759051921602,0.016129032258064516
0.0011055965905163653,0.0,0.0,0.0023000643318035335,0.0,0.0,0.0,0.0,0.0,0.0,0.0,0.0,0.0,0.0,0.0,0.0,0.0,0.0,0.01963014426513887,0.0,0.0,0.043043886726613856,0.0,0.024585568388064027,0.0
0.025096577501964867,0.021233799950527665,0.0019607623443995024,0.020112064689083567,0.0,0.0506141777020225,0.008762322015334063,0.0025316455521358777,0.0,0.0,0.0,0.0,0.0,0.43712003893234164,0.0,0.3500000136500001,0.0,0.015228426395939083,0.2192893323083983,0.023255813953488386,0.010810810810810811,0.2569641658837739,0.024999999999999994,0.21215490059941555,0.03225806451612903
0.025096577501964867,0.021233799950527665,0.0019607623443995024,0.020112064689083567,0.0,0.0506141777020225,0.008762322015334063,0.0025316455521358777,0.0,0.0,0.0,0.0,0.0,0.43712003893234164,0.0,0.3500000136500001,0.0,0.015228426395939083,0.2192893323083983,0.023255813953488386,0.010810810810810811,0.2569641658837739,0.024999999999999994,0.21215490059941555,0.03225806451612903
0.015591210831196634,0.021192327674320343,0.002050397194429194,0.011171161779581155,0.0,0.0506141777020225,0.008762322015334063,0.0025316455521358777,0.0,0.0,0.0,0.0,0.0,0.2682242619865004,0.0,0.15217393084782582,0.0,0.017766497461928932,0.11301103279234603,0.023255813953488386,0.005405405405405406,0.14189236344114886,0.024999999999999994,0.1148018177544059,0.016129032258064516
0.13350148210717636,0.24192846041521862,0.03482313923653517,0.12284667950135406,0.00017010139028249946,0.50702974688821,0.13910186199342828,0.053164556944943805,0.18867924528301888,0.08227183000776067,0.124999969187499,0.025751762293916902,0.3333333333333333,0.6643922863003491,0.0,0.42982457657017537,1.0,0.22842639593908629,0.43011704120959837,0.17441860465116282,0.25405405405405407,0.4822493625016777,0.175,0.4212545337383278,0.22580645161290322
0.11258523437636372,0.09992742353161697,0.014106284523422708,0.12216522501174354,0.005490224694607213,0.18972916942814236,0.10076670317634173,0.0430379746727475,0.18867924528301888,0.08227183000776067,0.124999969187499,0.022619791204539434,0.3333333333333333,0.7075836670634674,0.0,0.42982457657017537,1.0,0.13705583756345177,0.43402807125231924,0.1046511627906977,0.21081081081081082,0.4617098376056905,0.1,0.40776727569408233,0.12903225806451613
0.0654962297312989,0.03626749610603912,0.003708641919978488,0.04190710793902325,0.0,0.0506141777020225,0.02190580503833516,0.0025316455521358777,0.0,0.0,0.0,0.0,0.0,0.5973883999305105,0.0,0.6176470597156862,0.0,0.02284263959390863,0.44944732601658133,0.023255813953488386,0.010810810810810811,0.5322238625687827,0.024999999999999994,0.44498224979084267,0.03225806451612903
0.0654962297312989,0.03626749610603912,0.003708641919978488,0.04190710793902325,0.0,0.0506141777020225,0.02190580503833516,0.0025316455521358777,0.0,0.0,0.0,0.0,0.0,0.5973883999305105,0.0,0.6176470597156862,0.0,0.02284263959390863,0.44944732601658133,0.023255813953488386,0.010810810810810811,0.5322238625687827,0.024999999999999994,0.44498224979084267,0.03225806451612903
0.05671441677389947,0.05758424053408251,0.004425720720216021,0.03471996094187724,0.0,0.0506141777020225,0.025739320920043808,0.0025316455521358777,0.0,0.0,0.0,0.0,0.0,0.5327922192684014,0.0,0.3500000136500001,0.0,0.02791878172588832,0.36319083426535526,0.023255813953488386,0.010810810810810811,0.42780297946584356,0.024999999999999994,0.36641365395647707,0.03225806451612903
0.08052781329123229,0.08866770353728586,0.006083965445765314,0.045161815799687144,0.0,0.0506141777020225,0.0832420591456736,0.0025316455521358777,0.0,0.0,0.0,0.0,0.0,0.6387750133273148,0.0,0.5185185454814814,0.0,0.035532994923857864,0.4866930441055415,0.023255813953488386,0.03783783783783784,0.5716870218762582,0.024999999999999994,0.47961784494669546,0.04838709677419355
0.08052781329123229,0.08866770353728586,0.006083965445765314,0.045161815799687144,0.0,0.0506141777020225,0.0832420591456736,0.0025316455521358777,0.0,0.0,0.0,0.0,0.0,0.6387750133273148,0.0,0.5185185454814814,0.0,0.035532994923857864,0.4866930441055415,0.023255813953488386,0.03783783783783784,0.5716870218762582,0.024999999999999994,0.47961784494669546,0.04838709677419355
0.04980529456729103,0.056775531372736485,0.003215650244815184,0.034927322593560614,0.0,0.0506141777020225,0.04271631982475356,0.0025316455521358777,0.0,0.0,0.0,0.0,0.0,0.6155895291012461,0.0,0.3500000136500001,0.0,0.02284263959390863,0.3802400589376612,0.023255813953488386,0.03783783783783784,0.4568567977452691,0.024999999999999994,0.36583322796297846,0.04838709677419355
0.035946265633973774,0.04344219809233173,0.0028571108446964182,0.020533631264406008,0.0,0.0506141777020225,0.040525739320920046,0.0025316455521358777,0.0,0.0,0.0,0.0,0.0,0.44357669055517857,0.0,0.15217393084782582,0.0,0.02030456852791878,0.22715938374493372,0.023255813953488386,0.03783783783783784,0.2166527982821097,0.024999999999999994,0.2223631435516754,0.04838709677419355
0.0524980660974818,0.09575946089626491,0.006352869995854389,0.02214577365983121,0.0,0.0506141777020225,0.07995618838992333,0.0025316455521358777,0.0,0.0,0.0,0.0,0.0,0.4519865366029032,0.0,0.15217393084782582,0.0,0.03807106598984771,0.24274623167322984,0.023255813953488386,0.03783783783783784,0.2194604751040129,0.024999999999999994,0.24194035174266104,0.04838709677419355
0.08152233429212696,0.05758424053408251,0.004873894970364478,0.04850313530703054,0.0,0.0506141777020225,0.0700985761226725,0.0025316455521358777,0.0,0.0,0.0,0.0,0.0,0.6330163642277091,0.0,0.6176470597156862,0.0,0.02791878172588832,0.5313767423356747,0.023255813953488386,0.03783783783783784,0.6296550798550531,0.024999999999999994,0.5154627375878413,0.04838709677419355
0.13850227014482408,0.10069466049165458,0.019125836125085435,0.14598370857041665,0.03764397719815592,0.14488678384049555,0.11062431544359255,0.048101265808845654,0.18867924528301888,0.08227183000776067,0.124999969187499,0.024359775136122537,0.3333333333333333,0.7110847347493534,0.0,0.6176470597156862,1.0,0.16243654822335024,0.5519614478300293,0.12790697674418605,0.21081081081081082,0.6332035968326399,0.125,0.5360967616209912,0.12903225806451613
0.08152233429212696,0.05758424053408251,0.004873894970364478,0.04850313530703054,0.0,0.0506141777020225,0.0700985761226725,0.0025316455521358777,0.0,0.0,0.0,0.0,0.0,0.6330163642277091,0.0,0.6176470597156862,0.0,0.02791878172588832,0.5313767423356747,0.023255813953488386,0.03783783783783784,0.6296550798550531,0.024999999999999994,0.5154627375878413,0.04838709677419355
0.13850227014482408,0.10069466049165458,0.019125836125085435,0.14598370857041665,0.03764397719815592,0.14488678384049555,0.11062431544359255,0.048101265808845654,0.18867924528301888,0.08227183000776067,0.124999969187499,0.024359775136122537,0.3333333333333333,0.7110847347493534,0.0,0.6176470597156862,1.0,0.16243654822335024,0.5519614478300293,0.12790697674418605,0.21081081081081082,0.6332035968326399,0.125,0.5360967616209912,0.12903225806451613
0.16480325423595807,0.09250388803787825,0.022700025770019384,0.21025201058080964,0.06052076705490959,0.16974988882662778,0.08926615553121577,0.10886075947384989,0.2641509433962264,0.21337585429236627,0.25,0.06959935754520143,0.3333333333333333,0.6859933994279455,0.0,0.5185185454814814,1.0,0.16243654822335024,0.4402502870909595,0.18604651162790692,0.25405405405405407,0.5057254059857736,0.175,0.4187997265508071,0.16129032258064516
0.09779124676180778,0.09932607575130754,0.007025131371077076,0.052000150722168015,0.0,0.0506141777020225,0.09419496166484118,0.0025316455521358777,0.0,0.0,0.0,0.0,0.0,0.6858360830027779,0.0,0.6176470597156862,0.0,0.03807106598984771,0.5684446820021553,0.023255813953488386,0.03783783783783784,0.6546235404643672,0.024999999999999994,0.5576765693123596,0.04838709677419355
0.09779124676180778,0.09932607575130754,0.007025131371077076,0.052000150722168015,0.0,0.0506141777020225,0.09419496166484118,0.0025316455521358777,0.0,0.0,0.0,0.0,0.0,0.6858360830027779,0.0,0.6176470597156862,0.0,0.03807106598984771,0.5684446820021553,0.023255813953488386,0.03783783783783784,0.6546235404643672,0.024999999999999994,0.5576765693123596,0.04838709677419355
0.09779124676180778,0.09932607575130754,0.007025131371077076,0.052000150722168015,0.0,0.0506141777020225,0.09419496166484118,0.0025316455521358777,0.0,0.0,0.0,0.0,0.0,0.6858360830027779,0.0,0.6176470597156862,0.0,0.03807106598984771,0.5684446820021553,0.023255813953488386,0.03783783783783784,0.6546235404643672,0.024999999999999994,0.5576765693123596,0.04838709677419355
0.044206071159544745,0.02650077760577808,0.002812293419681572,0.032027679854610955,0.0,0.0506141777020225,0.014238773274917852,0.0025316455521358777,0.0,0.0,0.0,0.0,0.0,0.5312251339813225,0.0,0.5185185454814814,0.0,0.02030456852791878,0.34534746114470105,0.023255813953488386,0.010810810810810811,0.41485975036907785,0.024999999999999994,0.33781347645750004,0.03225806451612903
0.044206071159544745,0.02650077760577808,0.002812293419681572,0.032027679854610955,0.0,0.0506141777020225,0.014238773274917852,0.0025316455521358777,0.0,0.0,0.0,0.0,0.0,0.5312251339813225,0.0,0.5185185454814814,0.0,0.02030456852791878,0.34534746114470105,0.023255813953488386,0.010810810810810811,0.41485975036907785,0.024999999999999994,0.33781347645750004,0.03225806451612903
0.06412198538714081,0.04340072581612439,0.003529372219919105,0.04126327976580693,0.0,0.0506141777020225,0.05147864184008762,0.0025316455521358777,0.0,0.0,0.0,0.0,0.0,0.6374193371251048,0.0,0.6176470597156862,0.0,0.02284263959390863,0.45968055422173393,0.023255813953488386,0.03783783783783784,0.5205422090994498,0.024999999999999994,0.4365100936337035,0.04838709677419355
0.05137053120706559,0.049642301737550104,0.0032604676698300304,0.03419944472516742,0.0,0.0506141777020225,0.04709748083242059,0.0025316455521358777,0.0,0.0,0.0,0.0,0.0,0.5840505089278785,0.0,0.42982457657017537,0.0,0.02284263959390863,0.3827606095046405,0.023255813953488386,0.03783783783783784,0.4347067507717086,0.024999999999999994,0.361840487922255,0.04838709677419355
0.02892757875473729,0.013291861079096357,0.0008739397877894927,0.021633774617939333,0.0,0.0,0.010405257393209199,0.0,0.0,0.0,0.0,0.0,0.0,0.4517054747784698,0.0,0.27777780305555533,0.0,0.005076142131979693,0.24072943251098788,0.0,0.005405405405405406,0.27698832371493765,0.0,0.22936311592135095,0.016129032258064516
0.05448516592197509,0.049600829461342796,0.0038430941950230255,0.03316926867594812,0.0,0.0506141777020225,0.05695509309967141,0.0025316455521358777,0.0,0.0,0.0,0.0,0.0,0.5980679592158964,0.0,0.42982457657017537,0.0,0.025380710659898477,0.37548283530359405,0.023255813953488386,0.03783783783783784,0.40164273251912497,0.024999999999999994,0.351681301297578,0.04838709677419355
0.08648828200231443,0.06811819599438115,0.007663779677538628,0.1162694179484153,0.01519970197337208,0.07547728268815473,0.05421686746987952,0.03797468353664935,0.13207547169811323,0.08227183000776067,0.124999969187499,0.017399839388910328,0.0,0.616437820023652,0.044444444444444446,0.3500000136500001,0.0,0.032994923857868015,0.38789862226112093,0.08139534883720928,0.05945945945945946,0.4577372164810092,0.07500000000000001,0.3706531373651447,0.06451612903225806
0.028437999992398433,0.0062001037201173045,0.00040335682513361216,0.026074835375063457,0.0,0.0,0.004928806133625411,0.0,0.0,0.0,0.0,0.0,0.0,0.4897334280007526,0.0,0.27777780305555533,0.0,0.002538071065989845,0.2808207710242324,0.0,0.005405405405405406,0.3593450543551201,0.0,0.2708594972717613,0.016129032258064516
0.10301939440215568,0.22260238472083427,0.022935317251347325,0.10853366294884695,0.0,0.4755068815233872,0.10514786418400876,0.0430379746727475,0.18867924528301888,0.08227183000776067,0.124999969187499,0.010439903631258218,0.3333333333333333,0.5872159898378224,0.0,0.3500000136500001,1.0,0.16751269035532995,0.35577134740610095,0.1511627906976744,0.21081081081081082,0.40461682995571047,0.15,0.3432210013311472,0.1935483870967742
0.10301939440215568,0.22260238472083427,0.022935317251347325,0.10853366294884695,0.0,0.4755068815233872,0.10514786418400876,0.0430379746727475,0.18867924528301888,0.08227183000776067,0.124999969187499,0.010439903631258218,0.3333333333333333,0.5872159898378224,0.0,0.3500000136500001,1.0,0.16751269035532995,0.35577134740610095,0.1511627906976744,0.21081081081081082,0.40461682995571047,0.15,0.3432210013311472,0.1935483870967742
0.08580298573342268,0.0548263349152848,0.005781447826915105,0.11399205829655157,0.007371752141097859,0.1200236788543633,0.05147864184008762,0.03797468353664935,0.18867924528301888,0.08227183000776067,0.124999969187499,0.020879807262516432,0.3333333333333333,0.6654996055036129,0.0,0.42982457657017537,1.0,0.08121827411167512,0.39769015520084994,0.08139534883720928,0.1891891891891892,0.41811837337270163,0.07500000000000001,0.36144080752384333,0.0967741935483871
0.048369476883425515,0.09045101088990826,0.007025131371077076,0.03087711127229234,0.0,0.10122835593860174,0.054764512595837894,0.005063291136098155,0.0,0.0,0.0,0.0,0.0,0.5238775024685333,0.0,0.3500000136500001,0.0,0.04060913705583755,0.34292284264453154,0.04651162790697677,0.043243243243243246,0.40421956784324253,0.04999999999999999,0.33201476695150345,0.06451612903225806
0.048369476883425515,0.09045101088990826,0.007025131371077076,0.03087711127229234,0.0,0.10122835593860174,0.054764512595837894,0.005063291136098155,0.0,0.0,0.0,0.0,0.0,0.5238775024685333,0.0,0.3500000136500001,0.0,0.04060913705583755,0.34292284264453154,0.04651162790697677,0.043243243243243246,0.40421956784324253,0.04999999999999999,0.33201476695150345,0.06451612903225806
0.10489809351861737,0.06956972528714282,0.014688911048615704,0.18251144289152424,0.04547553138147532,0.14459079441905726,0.053121577217962755,0.10126582278561586,0.2641509433962264,0.21337585429236627,0.25,0.05567948602989719,0.3333333333333333,0.5483247438133506,0.06666666666666667,0.42982457657017537,0.0,0.048223350253807105,0.3401333727459114,0.16279069767441862,0.08648648648648649,0.4000590524761778,0.15,0.31847112205251715,0.0967741935483871
0.05105253508011864,0.032576464497273416,0.0049971428891553045,0.09053926390791109,0.01519970197337208,0.07547728268815473,0.014238773274917852,0.03797468353664935,0.13207547169811323,0.08227183000776067,0.124999969187499,0.017399839388910328,0.0,0.432440208495911,0.044444444444444446,0.3500000136500001,0.0,0.025380710659898477,0.24782412542797605,0.08139534883720928,0.032432432432432434,0.31174339014897334,0.07500000000000001,0.23580067283798212,0.04838709677419355
0.025204992219170913,0.022975635101841665,0.0020055797694143486,0.022275363273471266,0.0,0.0506141777020225,0.008214676889375685,0.0025316455521358777,0.0,0.0,0.0,0.0,0.0,0.43200051599029177,0.0,0.3500000136500001,0.0,0.017766497461928932,0.24144198930916982,0.023255813953488386,0.010810810810810811,0.31141054891960807,0.024999999999999994,0.23346483170661003,0.03225806451612903
0.014848318298756144,0.0062001037201173045,0.0003025176188502091,0.015988308424615252,0.0,0.0,0.0032858707557502738,0.0,0.0,0.0,0.0,0.0,0.0,0.3305348237058017,0.0,0.27777780305555533,0.0,0.002538071065989845,0.17393291910598963,0.0,0.0,0.23710642866729292,0.0,0.1667663772074942,0.0
