9.329729589271078538e-01,4.285714285714285476e-01,2.807435453559286587e-01,4.824465642912870167e-01,5.000000000000000000e-01,3.224848826614192254e-01,4.617593597371233427e-01,2.570967121659850640e-01,7.413389729132462413e-01,7.167726504675554500e-01,9.004928367120781374e-01,2.999999999999999889e-01,7.128629339797423192e-01,1.140659236700469932e-02,1.666666669999999906e-01,8.249999890274999359e-01,9.179903369998940743e-01,3.928571428571428492e-01,2.184435720434196593e-01,7.843623117598874650e-01,4.594594594594594850e-01,2.266023823093194223e-01,8.711684320495465261e-01,7.298125307142460105e-01,5.378274502155907522e-01
8.132751675616438636e-01,2.857142857142856984e-01,1.020112419034859413e-01,1.633399908507081333e-01,1.875000000000000000e-01,1.224686328053351120e-01,1.584102639340845553e-01,6.202137570052568966e-02,5.349038294594461451e-01,3.252093796325752351e-01,6.373212254291673595e-01,0.000000000000000000e+00,8.105038661092975327e-02,1.890376028753739390e-01,1.666666669999999906e-01,6.769230744353846863e-01,8.007594897065062334e-01,2.170329670329670668e-01,4.605703643127058433e-02,5.793755794322776875e-01,3.716216216216216561e-01,9.723010022680744768e-02,6.683688049583758062e-01,5.117654459602425376e-01,3.329773410418981339e-01
7.929041997303312161e-01,4.285714285714285476e-01,1.362829606963615880e-01,2.390182481916137414e-01,2.500000000000000000e-01,1.576489263256131423e-01,2.111590314791386980e-01,7.956283614290156347e-02,5.807425226646452110e-01,3.563905943427307932e-01,5.753924113536157403e-01,0.000000000000000000e+00,4.415381330417520456e-01,4.749561174044419215e-02,2.999999999999999889e-01,6.769230744353846863e-01,7.880106004116322893e-01,3.901098901098901117e-01,6.909277875363832588e-02,6.448310629716063058e-01,4.527027027027027417e-01,1.971922858819396551e-01,6.756021119007575848e-01,5.448646720170022828e-01,4.106424844591639589e-01
9.507956280566454144e-01,5.714285714285713969e-01,2.082542730908662487e-01,3.237120244762259902e-01,3.750000000000000000e-01,2.602472639127418330e-01,3.631962286279935559e-01,2.199783809080850250e-01,7.609893594811800721e-01,5.674535101751635446e-01,7.444468882710368884e-01,2.333333333333333370e-01,7.068695842680007280e-01,1.857325642571501165e-02,1.428571429999999920e-01,8.249999890274999359e-01,9.179649088423404990e-01,3.543956043956044133e-01,2.004034532286949055e-01,7.866269617395800218e-01,4.662162162162162837e-01,2.217810550261423985e-01,9.508847215129980768e-01,7.438209474196455506e-01,5.354125776585622054e-01
8.226886776316149064e-01,2.857142857142856984e-01,9.766461475923060576e-02,2.312959770212200394e-01,1.875000000000000000e-01,1.093111330996889563e-01,1.521095953528869560e-01,1.906759163311422603e-02,4.997351492244271332e-01,3.054190751171772522e-01,5.957766473835320875e-01,0.000000000000000000e+00,4.553291074066727687e-03,3.059455783126502904e-01,6.666666669999999906e-01,6.769230744353846863e-01,5.188245911806397270e-01,1.401098901098901395e-01,1.341400634987416178e-02,5.309824515353744889e-01,4.391891891891891997e-01,1.671393458328740700e-01,6.514005162632288126e-01,4.787633854790386834e-01,3.030796985980719338e-01
8.094944948397020390e-01,2.857142857142856984e-01,8.562445629388135138e-02,1.309994914254641596e-01,1.250000000000000000e-01,1.004967507540368427e-01,1.081636409910584629e-01,7.125839649021827732e-03,4.978280504082127078e-01,2.049249841979420006e-01,3.674267261338189927e-01,0.000000000000000000e+00,0.000000000000000000e+00,1.523740930891460121e-01,1.000000000000000000e+00,6.769230744353846863e-01,4.719225730280540709e-01,1.428571428571428770e-01,7.026384278840102152e-03,5.264749416564045159e-01,4.391891891891891997e-01,1.928530913270803671e-01,6.510116791672329040e-01,4.676217179109220523e-01,3.002824314717552623e-01
8.797189862532663884e-01,2.857142857142856984e-01,1.845255615732616095e-01,4.431467170527783050e-01,4.375000000000000000e-01,2.230454536503900242e-01,3.669846877948980124e-01,1.375497986319170196e-01,6.092641931072924066e-01,7.359620796000064802e-01,9.427159908572990688e-01,2.666666666666666630e-01,1.154525834181523297e-01,3.607194292879609687e-01,2.142857139999999883e-01,6.769230744353846863e-01,8.555484175925808232e-01,1.978021978021978211e-01,8.907368369714167844e-02,6.443818880290650419e-01,4.459459459459459985e-01,1.718458795794624294e-01,7.817405847547751474e-01,6.210185168850774762e-01,3.939520967493099768e-01
6.495475501851607492e-01,0.000000000000000000e+00,3.710509170584295330e-02,7.164034700762642038e-03,0.000000000000000000e+00,4.228852237247356094e-02,2.048276701799052468e-02,1.209891672404773445e-02,4.770807330266229607e-01,2.752357258525453543e-02,4.273156631028307562e-02,0.000000000000000000e+00,0.000000000000000000e+00,8.204946984066771587e-02,0.000000000000000000e+00,6.769230744353846863e-01,7.779734608947652674e-03,1.263736263736263965e-01,0.000000000000000000e+00,5.078085368094156227e-01,2.094594594594594850e-01,3.374929098223906215e-02,6.479009823992656347e-01,4.326109757947042556e-01,2.593057806431475765e-01
8.875846253837158528e-01,2.857142857142856984e-01,1.641656470010634528e-01,1.689409634107132963e-01,1.875000000000000000e-01,1.795546109796244960e-01,1.781850238897523531e-01,8.084864521896474587e-02,6.663331188617833689e-01,2.356691126600679309e-01,5.067525507168252341e-01,0.000000000000000000e+00,1.024767003831739826e-01,1.530015781298904934e-02,3.333333330000000094e-01,8.249999890274999359e-01,7.662753321241920768e-01,4.752747252747253071e-01,3.909193996496226897e-02,6.853273425168782129e-01,4.662162162162162837e-01,1.703535639895165654e-01,7.864394233967499925e-01,6.072236922253062552e-01,4.674347163549952278e-01
9.357194367284732417e-01,5.714285714285713969e-01,3.299691194458393984e-01,2.941264037536602260e-01,3.125000000000000000e-01,3.440783075263558755e-01,2.962410798554943048e-01,1.709379062497649038e-01,7.621014499007252585e-01,3.204509837372140346e-01,4.831253483819815120e-01,0.000000000000000000e+00,2.039169705635718310e-01,5.600866161386760383e-02,4.000000000000000222e-01,8.249999890274999359e-01,8.454623228789294176e-01,7.087912087912089376e-01,1.006154743040450633e-01,7.676879965218561530e-01,9.189189189189189699e-01,4.020986954169625816e-01,7.968864923614593643e-01,6.847679722542960867e-01,6.304738618993496191e-01
5.811545586285058462e-01,0.000000000000000000e+00,2.498670245659223230e-02,5.014824281937003275e-02,6.250000000000000000e-02,3.247447334088077869e-02,5.224953107001027025e-02,1.324231261152287835e-02,3.494719681837464287e-01,2.021362188464932708e-01,6.409734961498499972e-01,6.666666666666666574e-02,2.484645534278389148e-02,1.076447293136454514e-01,0.000000000000000000e+00,5.499999849849999123e-01,5.679206623022082789e-01,4.945054945054945528e-02,6.148086243985089600e-03,3.866089845088065968e-01,3.378378378378378566e-02,1.446398184953102788e-02,4.964700150381575749e-01,3.296345630440492003e-01,1.669325412891901061e-01
7.810435227553943482e-01,2.857142857142856984e-01,5.899035482925980151e-02,1.361166590565848766e-01,1.250000000000000000e-01,6.903348137169279530e-02,9.985878372846271334e-02,1.905331412144630615e-02,4.331886254847451823e-01,2.000907459895303331e-01,4.866650621269720256e-01,0.000000000000000000e+00,1.936998936616548747e-02,1.219780574310660726e-01,3.333333330000000094e-01,6.769230744353846863e-01,6.396671084259168971e-01,1.181318681318681424e-01,2.000846570747963002e-02,4.672206990514700675e-01,3.648648648648649129e-01,8.035545473568790620e-02,5.601783965857292102e-01,4.111426259489806001e-01,2.482994962288277707e-01
6.901052743927011957e-01,2.857142857142856984e-01,5.980428507514929520e-02,1.473744278536471830e-01,1.875000000000000000e-01,8.832299972092864937e-02,1.404589723825764580e-01,4.891937454881840203e-02,4.144938396764381028e-01,4.503930750105062941e-01,7.057182940655469805e-01,0.000000000000000000e+00,2.447426191052867184e-01,4.077879329728242158e-02,1.666666669999999906e-01,3.437499935031249620e-01,7.720990165240519953e-01,9.340659340659340781e-02,4.170939778075206938e-02,4.453466196344840200e-01,2.094594594594594850e-01,7.473057288924363217e-02,5.921473645745982672e-01,4.246535171473671544e-01,2.280967006783607143e-01
8.200628638891713784e-01,2.857142857142856984e-01,1.347788032830976312e-01,3.596345412733433777e-01,3.750000000000000000e-01,1.720307209936546844e-01,3.128670455784656745e-01,1.258483461163817374e-01,5.865078961997707285e-01,6.966006756585514381e-01,9.323956408063833745e-01,2.333333333333333370e-01,6.688528971630681719e-01,2.844455861365193794e-01,9.523809499999999484e-02,4.400000018479999220e-01,8.910178238568424725e-01,2.472527472527472903e-01,1.539062051447704083e-01,6.389341600379179198e-01,2.364864864864865135e-01,1.118088755647138055e-01,7.696538412888778158e-01,5.872484388784522391e-01,3.686022545216907087e-01
7.312973471103902945e-01,2.857142857142856984e-01,5.730553985778739229e-02,9.722618503427715719e-02,1.250000000000000000e-01,8.315698138407429107e-02,1.008515050400254909e-01,2.614435727803725296e-02,4.222586868064052701e-01,2.881975743320864813e-01,5.056568691267192550e-01,0.000000000000000000e+00,1.555970520931211631e-01,4.077879329728242158e-02,3.333333330000000094e-01,3.437499935031249620e-01,6.465118636403320851e-01,1.016483516483516480e-01,1.885413114939200538e-02,4.560785915453673955e-01,2.094594594594594850e-01,8.035545473568790620e-02,6.014794548785002970e-01,4.256643115839873759e-01,2.326797091690775698e-01
4.961340766514060752e-01,0.000000000000000000e+00,1.758467892230821186e-02,5.014824281937003275e-02,6.250000000000000000e-02,2.542508917045914474e-02,4.644679941085106539e-02,1.302632892574564008e-02,2.738550792932527567e-01,2.430619414194730432e-01,6.409734961498499972e-01,6.666666666666666574e-02,2.484645534278389148e-02,1.076447293136454514e-01,0.000000000000000000e+00,2.588235128341174196e-01,5.679206623022082789e-01,3.846153846153846367e-02,6.148086243985089600e-03,3.001097510816850833e-01,3.378378378378378566e-02,1.446398184953102788e-02,4.377837222485090329e-01,2.776583366153248522e-01,1.201900220542398146e-01
5.002484281851233838e-01,1.428571428571428492e-01,2.845655716630650367e-02,9.313245093797745122e-02,1.250000000000000000e-01,4.719361009576468480e-02,8.225266475567474811e-02,2.863016101744222247e-02,2.816416210195937242e-01,3.876164444291456679e-01,7.798510872191215526e-01,1.000000000000000056e-01,1.721145169803806330e-01,1.076447293136454514e-01,0.000000000000000000e+00,2.588235128341174196e-01,7.546343052400557028e-01,5.219780219780220665e-02,2.014230159817056651e-02,3.063948709447327778e-01,5.405405405405405705e-02,2.410663641588504241e-02,4.411099190937755044e-01,2.942861525017037017e-01,1.311336033724299910e-01
5.847009491784017632e-01,0.000000000000000000e+00,2.550357792945363508e-02,4.093734096299705971e-03,0.000000000000000000e+00,3.145947927976906061e-02,1.690658441870127038e-02,8.738480786949418683e-03,3.866510951773396987e-01,4.737402137883217623e-02,8.012168692525600822e-02,0.000000000000000000e+00,0.000000000000000000e+00,8.000183619224432441e-02,0.000000000000000000e+00,3.437499935031249620e-01,7.779734608947652674e-03,6.868131868131868711e-02,0.000000000000000000e+00,4.193877220559564800e-01,1.081081081081081141e-01,2.410663641588504241e-02,5.724993792660819647e-01,3.663402520041740273e-01,1.907389231391342366e-01
6.532032704306035553e-01,1.428571428571428492e-01,4.198869900429599844e-02,1.330463584521219267e-01,1.250000000000000000e-01,5.246881302304289701e-02,9.580236608308015378e-02,1.556452626571797754e-02,3.917427880228644965e-01,3.141823612341000382e-01,7.157537373797958624e-01,1.000000000000000056e-01,2.484645534278389148e-02,2.199455379937644561e-01,3.333333330000000094e-01,3.437499935031249620e-01,5.609347773404970150e-01,6.593406593406593574e-02,9.954044393852414657e-03,4.264639183891787977e-01,2.094594594594594850e-01,5.464170919326834241e-02,5.735347165939743697e-01,3.874442658670444461e-01,1.994932083761611075e-01
6.529129638344171038e-01,1.428571428571428492e-01,3.750800076192201127e-02,6.140601161643236688e-02,6.250000000000000000e-02,4.815673025847279354e-02,5.635364122506066747e-02,2.337116459251493798e-03,3.913427279833555095e-01,1.668511973817947414e-01,3.584703624483206452e-01,0.000000000000000000e+00,0.000000000000000000e+00,2.199455379937644561e-01,1.000000000000000000e+00,3.437499935031249620e-01,2.643522226827799138e-01,6.868131868131868711e-02,3.513192139420051509e-03,4.242147026950877087e-01,2.094594594594594850e-01,8.678389109718616379e-02,5.731880425565805126e-01,3.786368661761546073e-01,1.999476277400943081e-01
8.382974239971399122e-01,5.714285714285713969e-01,1.688057455087930980e-01,3.919068119080247881e-01,3.125000000000000000e-01,1.572484381245040641e-01,2.478340319277244075e-01,4.860852940524221927e-02,5.514364563457436752e-01,3.016161788864835103e-01,5.324124370468055201e-01,0.000000000000000000e+00,2.909702816542537596e-01,4.634022142945918438e-02,5.333333329999999650e-01,3.437499935031249620e-01,7.895495271152492833e-01,3.461538461538461453e-01,8.242218712763432764e-02,6.276423517447453637e-01,9.459459459459459429e-01,3.821705426625687241e-01,6.517893533592247213e-01,5.287570564577812604e-01,4.274676187851941256e-01
8.710636880288979977e-01,2.857142857142856984e-01,1.139041972925448343e-01,1.527148900640234730e-01,1.875000000000000000e-01,1.396376492886393650e-01,1.881382057359765325e-01,1.175476436666447050e-01,7.013424607656653098e-01,3.200791483570208928e-01,6.149137150018685327e-01,1.333333333333333315e-01,7.358336203201446546e-01,1.297342151114252995e-01,0.000000000000000000e+00,5.499999849849999123e-01,8.479911261488386476e-01,3.214285714285714524e-01,7.175019329811506419e-02,7.314088320869365223e-01,4.324324324324324564e-01,1.012478729467171934e-01,9.178241987847670647e-01,6.608122138396916867e-01,4.516251105875643823e-01
4.937065363124385486e-01,0.000000000000000000e+00,8.925660849942864544e-03,0.000000000000000000e+00,0.000000000000000000e+00,1.433044670898203816e-02,9.343690252972693122e-03,4.016209294423947647e-03,2.065130544831958459e-01,7.231763138971489258e-02,2.670722900001206712e-01,0.000000000000000000e+00,0.000000000000000000e+00,7.181137321291283793e-02,0.000000000000000000e+00,3.437499935031249620e-01,7.779734608947652674e-03,1.923076923076923184e-02,0.000000000000000000e+00,2.320948374479557264e-01,1.351351351351351426e-02,4.821327283177008136e-03,3.586202373311722091e-01,2.160514287722460902e-01,8.300081090104480253e-02
6.877307025501319115e-01,1.428571428571428492e-01,4.165674915813451923e-02,1.045949064076166224e-01,1.250000000000000000e-01,5.869484958557388832e-02,8.860749412674057135e-02,3.525746077731773537e-02,3.223937325478800076e-01,3.255753518913105937e-01,7.032903635922040930e-01,1.000000000000000056e-01,1.444931991658870707e-01,2.294781257332639268e-01,0.000000000000000000e+00,4.400000018479999220e-01,7.546343052400557028e-01,8.516483516483516758e-02,2.342128093063807620e-02,3.546109891048060958e-01,1.486486486486486847e-01,3.374929098223906215e-02,4.915978393774858013e-01,3.455624461961336880e-01,1.646343654738882945e-01
7.370920942491421268e-01,2.857142857142856984e-01,7.400299221682678230e-02,2.048913920463567018e-01,2.500000000000000000e-01,1.087020410756331934e-01,1.647129801686697537e-01,7.668960838874949726e-02,3.231468351671566430e-01,5.433059607518866407e-01,7.828725110769859663e-01,0.000000000000000000e+00,3.144529321315722714e-01,2.746926410048296935e-02,1.000000000000000056e-01,5.499999849849999123e-01,8.439456640177518398e-01,1.318681318681318992e-01,8.797479236298440253e-02,3.586593028892114954e-01,1.891891891891891997e-01,8.581962564055076181e-02,4.873721639487109680e-01,3.686858015069764405e-01,1.913773953206703016e-01
6.250343404459275387e-01,1.428571428571428492e-01,6.032449255740646860e-02,1.891305157218726163e-01,1.875000000000000000e-01,8.021213846926876501e-02,1.187898259817090629e-01,2.996575123169166813e-02,2.853068256981016737e-01,4.050437218641094184e-01,6.908269905524146992e-01,0.000000000000000000e+00,2.227190353632157171e-01,2.353027008389873276e-01,3.333333330000000094e-01,4.400000018479999220e-01,6.729470862446946811e-01,9.615384615384615918e-02,2.744681358921915310e-02,3.165071183627262141e-01,1.959459459459459429e-01,9.321232745868440750e-02,4.399996252172571065e-01,3.135695641661369604e-01,1.610197741268823146e-01
5.840186968756151398e-01,1.428571428571428492e-01,8.222218714443310650e-02,2.836957735828088412e-01,3.125000000000000000e-01,1.146676813121886018e-01,1.779687942580631954e-01,6.101358043865906522e-02,2.380342454867708235e-01,7.007803247261448210e-01,9.685821719431554344e-01,4.000000000000000222e-01,1.535597542331082477e-01,2.353027008389873276e-01,1.333333329999999983e-01,3.437499935031249620e-01,8.510165783722869470e-01,9.065934065934067032e-02,5.423490365229704374e-02,2.720462171319805722e-01,1.959459459459459429e-01,7.778408015251797591e-02,3.753823955175985549e-01,2.871387526731613016e-01,1.383944366357599265e-01
6.489076095234234121e-01,4.285714285714285476e-01,9.336345706173401759e-02,3.381424372140396373e-01,3.125000000000000000e-01,1.171323165610963363e-01,1.948899582452274515e-01,6.928384355855575494e-02,3.004169240446891709e-01,6.112954737080611434e-01,7.716500794980893918e-01,0.000000000000000000e+00,3.005637072409585997e-01,5.969271924352030634e-03,2.666666670000000239e-01,4.400000018479999220e-01,7.731932955172930999e-01,1.208791208791208799e-01,9.290441433793827919e-02,3.343569397781313568e-01,2.770270270270270285e-01,1.491397239435377498e-01,4.480996172531235278e-01,3.543710206240202054e-01,1.954196309676051457e-01
5.335191047720152513e-01,1.428571428571428492e-01,3.298123771719128211e-02,6.304350525495228119e-02,6.250000000000000000e-02,4.131149821012092965e-02,3.911466435807889330e-02,1.930554497933896062e-03,1.879109522094049578e-01,1.731364635845309141e-01,3.293891574424747670e-01,0.000000000000000000e+00,0.000000000000000000e+00,1.493026605201014378e-01,1.000000000000000000e+00,3.437499935031249620e-01,3.092444697504662665e-01,4.945054945054945528e-02,3.513192139420051509e-03,2.079370164730584558e-01,1.418918918918918859e-01,8.678389109718616379e-02,3.192446253812244450e-01,2.040639163364830755e-01,9.620078395598322119e-02
6.308950624454631173e-01,1.428571428571428492e-01,2.414079260971142143e-02,5.731227747714847526e-02,6.250000000000000000e-02,3.336475716561311533e-02,4.992824874118702988e-02,1.717212674254616281e-02,3.106927171366608564e-01,1.742466740025033489e-01,4.415595192873935648e-01,0.000000000000000000e+00,2.230851395627901357e-01,1.434780854143780648e-01,0.000000000000000000e+00,5.499999849849999123e-01,5.679206623022082789e-01,6.043956043956044688e-02,8.490214338102854141e-03,3.387600853198562967e-01,1.081081081081081141e-01,2.410663641588504241e-02,4.728118543781651972e-01,3.158196274046298213e-01,1.499220254088323157e-01
4.144066827500074712e-01,0.000000000000000000e+00,1.462411940785611139e-02,5.731227734819578645e-03,0.000000000000000000e+00,1.777329574494930509e-02,6.561445098619313188e-03,6.562209909570181597e-03,1.446257644738327408e-01,6.419531684119222925e-02,1.068289161496088768e-01,0.000000000000000000e+00,0.000000000000000000e+00,8.614470133033345911e-02,0.000000000000000000e+00,2.588235128341174196e-01,7.779734608947652674e-03,4.670329670329670391e-02,0.000000000000000000e+00,1.633685425414232451e-01,8.108108108108108558e-02,1.928530913270803254e-02,2.658849323282909127e-01,1.575748656662731562e-01,6.862929626527433657e-02
4.162537146978182445e-01,1.428571428571428492e-01,2.124345766614888290e-02,6.304350525495228119e-02,6.250000000000000000e-02,2.698105150113889322e-02,3.611019650335835912e-02,1.681543855606218441e-02,1.522677013301511617e-01,1.963222719557821960e-01,3.792426518450394690e-01,0.000000000000000000e+00,7.423758557533464975e-02,2.294781257332639268e-01,0.000000000000000000e+00,2.588235128341174196e-01,5.679206623022082789e-01,6.318681318681318437e-02,8.782980348550128991e-03,1.729270047095647356e-01,9.459459459459459985e-02,3.374929098223906215e-02,2.670795523220134138e-01,1.740586362477523630e-01,8.175607047518648751e-02
4.144066827500074712e-01,0.000000000000000000e+00,1.462411940785611139e-02,5.731227734819578645e-03,0.000000000000000000e+00,1.777329574494930509e-02,6.561445098619313188e-03,6.562209909570181597e-03,1.446257644738327408e-01,6.419531684119222925e-02,1.068289161496088768e-01,0.000000000000000000e+00,0.000000000000000000e+00,8.614470133033345911e-02,0.000000000000000000e+00,2.588235128341174196e-01,7.779734608947652674e-03,4.670329670329670391e-02,0.000000000000000000e+00,1.633685425414232451e-01,8.108108108108108558e-02,1.928530913270803254e-02,2.658849323282909127e-01,1.575748656662731562e-01,6.862929626527433657e-02
7.883461817992275522e-01,2.857142857142856984e-01,5.128612702314346711e-02,1.590415700388474185e-01,1.875000000000000000e-01,7.661710721443625027e-02,1.331886434489734927e-01,4.008890851075853218e-02,3.778067408782097014e-01,3.525661369557084868e-01,7.092253034198380268e-01,0.000000000000000000e+00,1.034184221709663065e-01,4.180262802508464409e-02,1.666666669999999906e-01,4.400000018479999220e-01,7.541480715469260909e-01,8.791208791208791895e-02,4.400691393121428791e-02,4.100540187316725205e-01,2.432432432432432567e-01,6.910569104279935815e-02,5.179263270822695997e-01,3.794918471858634290e-01,2.035547000313187860e-01
8.026439654507370181e-01,2.857142857142856984e-01,5.257902379168911955e-02,1.504447284151259334e-01,1.875000000000000000e-01,8.336247339923499866e-02,1.429322884725175435e-01,4.057129344956505318e-02,4.307620027594973311e-01,3.623395821599210143e-01,7.567048220409096082e-01,0.000000000000000000e+00,1.297919699932059134e-01,7.046928425992589340e-02,1.666666669999999906e-01,5.499999849849999123e-01,7.541480715469260909e-01,8.241758241758241621e-02,3.858656031958625915e-02,4.664343336473089630e-01,2.364864864864865135e-01,5.785592739812410457e-02,6.061923478733424187e-01,4.326335630069814697e-01,2.251151124849951890e-01
7.565625974695945333e-01,2.857142857142856984e-01,4.004314801019549092e-02,1.146245549972811362e-01,1.250000000000000000e-01,5.631614698172228428e-02,8.968949068332754404e-02,1.629933436385408094e-02,3.447854157221275639e-01,2.423789823361172380e-01,5.697542189660449452e-01,0.000000000000000000e+00,9.739303972539884932e-03,7.181137321291283793e-02,3.333333330000000094e-01,4.400000018479999220e-01,6.145990733167405740e-01,6.318681318681318437e-02,1.780017350756599170e-02,3.719782723592424678e-01,2.432432432432432567e-01,6.107014560297986672e-02,4.900893388363933845e-01,3.403406854784887803e-01,1.740933983431707521e-01
7.663710826724509095e-01,2.857142857142856984e-01,6.865593400914145328e-02,2.292491099515780728e-01,2.500000000000000000e-01,9.442443666130741209e-02,1.660840531251253360e-01,5.003312944820320629e-02,3.557914976611231128e-01,4.707782026544430343e-01,7.656072317823605644e-01,0.000000000000000000e+00,1.626910450632367000e-01,1.134693044193688383e-01,2.000000000000000111e-01,3.437499935031249620e-01,7.838861091173392470e-01,1.016483516483516480e-01,6.357204825385422142e-02,3.798488171469566743e-01,2.500000000000000555e-01,9.449801475026937958e-02,4.534683800484407001e-01,3.552409048123690849e-01,2.076953088883183030e-01
7.165890555467445688e-01,1.428571428571428492e-01,3.077479162467960938e-02,6.447631217791111036e-02,6.250000000000000000e-02,3.880829825010066736e-02,5.068996420483887905e-02,1.723770248378223360e-02,3.277606599480291094e-01,1.407417718655658012e-01,4.415595192873935648e-01,0.000000000000000000e+00,4.087220638924699695e-02,2.509781179093948378e-01,0.000000000000000000e+00,4.400000018479999220e-01,5.679206623022082789e-01,7.692307692307692735e-02,8.490214338102854141e-03,3.641439662651508313e-01,1.486486486486486847e-01,2.410663641588504241e-02,4.531872929910942815e-01,3.172564922749884775e-01,1.660702139562387769e-01
7.794367244496731573e-01,1.428571428571428492e-01,5.403679338273775085e-02,9.886367867279702293e-02,1.250000000000000000e-01,7.531567030745046909e-02,1.151090059256568432e-01,4.923183357467163235e-02,5.393721390284744732e-01,2.656527375292352389e-01,6.469084359774839310e-01,1.000000000000000056e-01,1.549073613214768941e-01,1.219780574310660726e-01,0.000000000000000000e+00,6.769230744353846863e-01,7.546343052400557028e-01,1.291208791208791340e-01,2.549573723986077456e-02,5.698619671502247463e-01,2.364864864864865135e-01,4.339194554859308189e-02,7.350004919023505057e-01,5.160806722356066079e-01,2.958895236593643840e-01
7.366734166605990453e-01,1.428571428571428492e-01,2.648376711421656510e-02,5.444666363123077529e-02,6.250000000000000000e-02,3.910061617237813036e-02,5.560273275241710972e-02,2.248518204068829587e-02,3.801771831320198136e-01,1.511951500259301195e-01,3.560963866668275246e-01,0.000000000000000000e+00,3.085830274378413909e-02,1.219780574310660726e-01,0.000000000000000000e+00,4.400000018479999220e-01,5.679206623022082789e-01,7.142857142857143848e-02,8.958639955521130113e-03,4.166153423690522328e-01,2.094594594594594850e-01,3.374929098223906215e-02,5.431257817733783355e-01,3.703961295753837590e-01,1.914344797471191073e-01
4.961336158013952558e-01,1.428571428571428492e-01,2.311545490064169373e-02,1.146245549972811362e-01,1.250000000000000000e-01,3.134408985732131669e-02,7.625243348532695364e-02,7.519351453297976051e-03,2.424356891133042091e-01,3.568231413999545243e-01,7.656072317823605644e-01,1.000000000000000056e-01,2.484645534278389148e-02,1.421359964613911064e-01,3.333333330000000094e-01,1.833333360283333491e-01,5.610053416540041749e-01,2.747252747252747207e-02,9.368512372957866693e-03,2.615527945178217073e-01,8.108108108108108558e-02,3.535640007502428850e-02,3.702244480152911965e-01,2.505379972931402466e-01,1.116944110857124861e-01
3.432401325168321637e-01,0.000000000000000000e+00,3.309669129146383150e-03,1.432806935854106373e-02,0.000000000000000000e+00,1.956216780969253013e-03,6.414257335375823932e-03,1.788756140144976640e-03,1.503807065808077659e-01,8.125397415611715357e-02,2.670722900001206712e-01,0.000000000000000000e+00,0.000000000000000000e+00,2.151447618086622382e-01,0.000000000000000000e+00,1.157894668757892820e-01,7.779734608947652674e-03,1.373626373626373777e-02,0.000000000000000000e+00,1.646182187743635006e-01,1.351351351351351426e-02,4.821327283177008136e-03,2.617248438795636289e-01,1.482951768826558658e-01,5.660032094739875230e-02
4.961336158013952558e-01,1.428571428571428492e-01,2.311545490064169373e-02,1.146245549972811362e-01,1.250000000000000000e-01,3.134408985732131669e-02,7.625243348532695364e-02,7.519351453297976051e-03,2.424356891133042091e-01,3.568231413999545243e-01,7.656072317823605644e-01,1.000000000000000056e-01,2.484645534278389148e-02,1.421359964613911064e-01,3.333333330000000094e-01,1.833333360283333491e-01,5.610053416540041749e-01,2.747252747252747207e-02,9.368512372957866693e-03,2.615527945178217073e-01,8.108108108108108558e-02,3.535640007502428850e-02,3.702244480152911965e-01,2.505379972931402466e-01,1.116944110857124861e-01
6.179845447092884303e-01,2.857142857142856984e-01,4.235363559146169271e-02,1.318182382447241063e-01,1.250000000000000000e-01,4.918477888544708215e-02,9.286934847669642279e-02,1.688272735918951162e-02,3.679217091875040535e-01,2.985155333000710787e-01,5.578843393107770776e-01,0.000000000000000000e+00,9.878226661459928171e-02,9.913597630194821708e-02,3.333333330000000094e-01,2.588235128341174196e-01,5.610053416540041749e-01,1.126373626373626397e-01,1.940620419937041582e-02,3.892124799836763072e-01,1.013513513513513570e-01,6.749858196447812431e-02,5.050853333458260597e-01,3.637894474300676362e-01,2.019035319520626481e-01
1.288077485850518400e-01,0.000000000000000000e+00,1.762041455518907965e-03,0.000000000000000000e+00,0.000000000000000000e+00,2.593824317955547090e-03,3.357024470424813806e-03,1.868046539714329594e-03,8.652769035484514371e-02,9.737226244239483020e-02,3.917060256326312384e-01,0.000000000000000000e+00,0.000000000000000000e+00,7.181137321291283793e-02,0.000000000000000000e+00,2.588235128341174196e-01,7.779734608947652674e-03,2.747252747252747901e-03,0.000000000000000000e+00,1.016348414757626828e-01,0.000000000000000000e+00,0.000000000000000000e+00,1.599010573558140580e-01,8.271176216384218405e-02,2.901195864331565510e-02
2.476148476658578401e-01,0.000000000000000000e+00,1.958037642594576133e-02,5.731227747714847526e-02,6.250000000000000000e-02,2.244307361415426305e-02,3.561136195955540845e-02,9.300826344679656230e-03,1.601142901688545339e-01,2.395692232271906807e-01,6.908269905524146992e-01,6.666666666666666574e-02,2.484645534278389148e-02,2.151447618086622382e-01,0.000000000000000000e+00,3.437499935031249620e-01,5.679206623022082789e-01,3.571428571428571230e-02,5.855320233537816485e-03,1.835705734555029278e-01,1.351351351351351426e-02,9.642654566354018006e-03,2.456138707093232787e-01,1.585021693773553397e-01,6.997286370968550107e-02
3.824013968685291420e-01,1.428571428571428492e-01,4.489844561118033761e-02,1.025480393809588553e-01,1.250000000000000000e-01,5.979366209906086804e-02,7.833173877311874755e-02,2.062704004628624840e-02,2.641322924003061678e-01,3.019010131095613003e-01,5.152067269445415043e-01,0.000000000000000000e+00,4.959231720122878051e-02,1.006450341401777561e-02,3.333333330000000094e-01,4.400000018479999220e-01,6.668010956347582008e-01,1.043956043956043994e-01,1.717560601533283174e-02,2.928781200362531867e-01,2.905405405405405705e-01,8.678389109718616379e-02,3.498456363576738504e-01,2.604313829320317741e-01,1.536761337487277668e-01
3.432401325168321637e-01,0.000000000000000000e+00,3.309669129146383150e-03,1.432806935854106373e-02,0.000000000000000000e+00,1.956216780969253013e-03,6.414257335375823932e-03,1.788756140144976640e-03,1.503807065808077659e-01,8.125397415611715357e-02,2.670722900001206712e-01,0.000000000000000000e+00,0.000000000000000000e+00,2.151447618086622382e-01,0.000000000000000000e+00,1.157894668757892820e-01,7.779734608947652674e-03,1.373626373626373777e-02,0.000000000000000000e+00,1.646182187743635006e-01,1.351351351351351426e-02,4.821327283177008136e-03,2.617248438795636289e-01,1.482951768826558658e-01,5.660032094739875230e-02
6.973102129279125094e-01,2.857142857142856984e-01,9.584895759899347834e-02,2.206522683278566432e-01,2.500000000000000000e-01,1.146842650980150063e-01,1.736422203425950772e-01,4.485473923651493028e-02,3.929113861642651861e-01,4.738512348301188171e-01,8.587857858797297572e-01,1.666666666666666574e-01,9.762009148165051720e-02,7.046928425992589340e-02,2.000000000000000111e-01,5.499999849849999123e-01,7.930475254281181829e-01,1.043956043956043994e-01,4.252635435663133096e-02,4.410899745807768668e-01,2.094594594594594850e-01,7.714123653083214405e-02,5.116252922134201242e-01,3.894788226301121870e-01,2.253443171688029045e-01
6.576316890096129963e-01,1.000000000000000000e+00,2.593609568964954093e-01,7.866110085705155797e-01,6.250000000000000000e-01,2.338430864767105100e-01,4.426013146638683171e-01,8.326830992533636178e-02,5.023711664944323640e-01,5.879854049884949418e-01,8.193208396124775916e-01,0.000000000000000000e+00,2.686837392385172940e-01,5.178148066202751219e-03,5.272727270000000521e-01,5.499999849849999123e-01,8.406329536020726856e-01,2.719780219780220110e-01,1.485726576978342317e-01,6.185687530283581204e-01,9.864864864864865135e-01,5.647089154726236959e-01,5.091283021873258541e-01,5.890041973489805738e-01,4.530251039215716924e-01
6.962543945393488976e-01,2.857142857142856984e-01,9.188505154896932370e-02,1.874371984492848864e-01,1.875000000000000000e-01,1.015946950501938617e-01,1.384409550705493763e-01,2.733873102008400544e-02,4.307583883634001354e-01,2.890197352668267827e-01,5.388925315632274726e-01,0.000000000000000000e+00,2.895572193117400966e-02,1.575551773441949688e-01,5.000000000000000000e-01,5.499999849849999123e-01,6.451110654489204954e-01,2.912087912087912289e-01,2.609027744725958900e-02,4.979308682205279557e-01,3.783783783783783994e-01,1.639251276280183078e-01,5.110022159029687927e-01,3.951317890573096681e-01,2.895555745187821106e-01
5.007205599006587793e-01,0.000000000000000000e+00,1.057974571480728779e-02,8.596841623721478143e-03,0.000000000000000000e+00,1.285184963840783380e-02,1.084198258943439019e-02,4.952672909901102358e-03,2.542821840316515369e-01,4.855458925429795292e-02,1.424385543676101040e-01,0.000000000000000000e+00,0.000000000000000000e+00,1.004780652549351339e-01,0.000000000000000000e+00,4.400000018479999220e-01,7.779734608947652674e-03,4.120879120879120810e-02,0.000000000000000000e+00,2.852387458913237528e-01,6.081081081081081419e-02,1.446398184953102788e-02,3.743939060325967016e-01,2.374592344146316258e-01,1.163121266236006590e-01
6.144351178496120225e-01,1.428571428571428492e-01,4.476974737604760141e-02,1.160573619202400208e-01,1.250000000000000000e-01,5.201758837171485683e-02,7.992704211226642208e-02,1.277263602954403603e-02,2.815375415158606898e-01,2.731654765790992867e-01,6.676807253742027548e-01,1.000000000000000056e-01,2.484645534278389148e-02,2.881135305346989653e-02,3.333333330000000094e-01,4.400000018479999220e-01,6.298473540016924499e-01,6.868131868131868711e-02,1.124221484614416552e-02,3.233083058253786723e-01,1.486486486486486847e-01,5.464170919326834241e-02,3.781042551895699155e-01,2.697183918396832136e-01,1.510426335347155868e-01
5.958460019769471483e-01,1.428571428571428492e-01,1.937345962574816768e-02,5.158104974232888967e-02,6.250000000000000000e-02,2.954910061711155805e-02,4.582900308913260418e-02,1.580660841617876136e-02,2.729807540261076082e-01,1.762944164548692905e-01,4.807301222993380918e-01,0.000000000000000000e+00,2.926622237201305723e-02,1.004780652549351339e-01,0.000000000000000000e+00,4.400000018479999220e-01,5.679206623022082789e-01,5.494505494505494414e-02,8.080341920666117561e-03,3.065969252730121331e-01,9.459459459459459985e-02,2.410663641588504241e-02,3.931939453847848043e-01,2.682911875819293246e-01,1.328678845492547167e-01
3.325937941160043154e-01,0.000000000000000000e+00,1.698616959447460731e-02,4.298420811860742541e-03,0.000000000000000000e+00,2.037086842426203553e-02,1.022967636718911943e-02,6.086089082791822265e-03,2.396066400762961179e-01,6.053786384924136899e-02,1.424385543676101040e-01,0.000000000000000000e+00,0.000000000000000000e+00,8.614470133033345911e-02,0.000000000000000000e+00,4.400000018479999220e-01,7.779734608947652674e-03,4.120879120879120810e-02,0.000000000000000000e+00,2.647464658193212084e-01,6.081081081081081419e-02,1.446398184953102788e-02,3.467958417854650754e-01,2.247864430777454792e-01,1.098072933442890420e-01
4.832938251190778134e-01,1.428571428571428492e-01,7.807312798568318002e-02,1.985461041648539926e-01,2.500000000000000000e-01,1.102150349967239845e-01,1.696884671379115528e-01,5.718532055273371079e-02,3.728783143963084190e-01,5.442013161383740805e-01,9.073609853431049421e-01,3.333333333333333148e-01,3.399538354743445456e-01,1.006450341401777561e-02,1.000000000000000056e-01,5.499999849849999123e-01,8.572490110504669136e-01,1.263736263736263965e-01,4.530953257237858162e-02,4.116691522703466721e-01,2.972972972972973138e-01,6.990924560606662230e-02,4.766393231423660115e-01,3.742044586552444874e-01,2.151992469349643666e-01
3.325937941160043154e-01,0.000000000000000000e+00,1.698616959447460731e-02,4.298420811860742541e-03,0.000000000000000000e+00,2.037086842426203553e-02,1.022967636718911943e-02,6.086089082791822265e-03,2.396066400762961179e-01,6.053786384924136899e-02,1.424385543676101040e-01,0.000000000000000000e+00,0.000000000000000000e+00,8.614470133033345911e-02,0.000000000000000000e+00,4.400000018479999220e-01,7.779734608947652674e-03,4.120879120879120810e-02,0.000000000000000000e+00,2.647464658193212084e-01,6.081081081081081419e-02,1.446398184953102788e-02,3.467958417854650754e-01,2.247864430777454792e-01,1.098072933442890420e-01
6.611457577631132398e-01,1.428571428571428492e-01,7.030485750464998684e-02,5.900559479272040470e-02,6.250000000000000000e-02,7.823014022513397059e-02,6.632764898185666835e-02,4.356466091439977623e-02,5.168342339972502586e-01,1.264372685721937561e-01,2.218754412338028170e-01,0.000000000000000000e+00,3.621345757811402777e-01,9.917500612929422421e-02,0.000000000000000000e+00,6.769230744353846863e-01,5.679206623022082789e-01,2.637362637362637430e-01,9.517556886473122271e-03,5.477112995466728584e-01,3.040540540540541126e-01,6.749858196447812431e-02,6.325676834210167687e-01,4.710674192008905137e-01,3.198570326242966555e-01
3.835855454647394414e-01,4.285714285714285476e-01,1.306502134657983594e-01,5.430338290884595409e-01,4.375000000000000000e-01,1.323084466036063278e-01,2.544431506607875426e-01,5.818563684147706749e-02,2.848259646021560898e-01,7.738189309222159862e-01,9.226631696394775872e-01,0.000000000000000000e+00,1.965585983858084973e-01,5.547314015621742644e-01,2.857142859999999840e-01,4.400000018479999220e-01,7.964795548236509592e-01,9.340659340659340781e-02,6.950442548417271049e-02,3.306540320347551298e-01,5.405405405405405705e-01,1.763228263493001602e-01,3.512557564286953316e-01,3.304385896493395314e-01,1.976040080795382348e-01
4.755703287900485687e-01,0.000000000000000000e+00,1.570150555091866587e-02,0.000000000000000000e+00,0.000000000000000000e+00,2.281682030408873491e-02,1.340169810513719417e-02,3.045647154292210803e-03,3.261223883595790185e-01,5.869438498314635821e-02,3.917060256326312384e-01,0.000000000000000000e+00,0.000000000000000000e+00,7.181137321291283793e-02,0.000000000000000000e+00,5.499999849849999123e-01,7.779734608947652674e-03,2.747252747252747207e-02,0.000000000000000000e+00,3.361795905103159288e-01,0.000000000000000000e+00,0.000000000000000000e+00,4.399996252172571065e-01,2.850491997771486541e-01,1.542439643939322591e-01
6.633112093623870775e-01,0.000000000000000000e+00,7.175299199462675803e-02,5.796355335122067159e-02,6.250000000000000000e-02,6.770286317935279852e-02,6.405075340778054738e-02,4.847962422106493613e-02,5.149526614842236949e-01,1.490352517340654270e-01,4.985349417822400042e-01,6.666666666666666574e-02,2.484645534278389148e-02,8.679621298956338715e-02,0.000000000000000000e+00,6.769230744353846863e-01,5.679206623022082789e-01,3.653846153846154188e-01,6.733618268392829037e-03,5.197718586152253462e-01,3.108108108108108558e-01,5.303460011494709470e-02,5.957218549871872160e-01,4.370773538812838255e-01,3.329105599649850866e-01
9.591722243974805107e-01,1.000000000000000000e+00,7.029708438109720792e-01,6.240391051137312850e-01,6.875000000000000000e-01,7.216364569298827636e-01,6.502090546594003762e-01,5.723878898280294614e-01,8.684252811798840455e-01,7.127456316908145073e-01,7.418701279181908470e-01,4.000000000000000222e-01,1.186434102172650856e-01,1.764481202823367859e-02,3.484848480000000137e-01,8.249999890274999359e-01,9.642328866746422422e-01,8.653846153846155298e-01,3.439803759452995657e-01,8.389167003747586282e-01,9.797297297297297147e-01,8.095446810496184087e-01,7.997582651306822665e-01,8.308682881612703408e-01,8.591695856656027530e-01
5.512436679171934806e-01,2.857142857142856984e-01,4.579658446144414113e-02,1.533103423040278190e-01,1.250000000000000000e-01,5.253989831693253038e-02,7.120660534136893927e-02,3.584096523134483805e-03,1.963770697564978795e-01,2.715720314732359419e-01,4.955674718684229818e-01,0.000000000000000000e+00,0.000000000000000000e+00,1.851360166208340652e-01,1.000000000000000000e+00,3.437499935031249620e-01,3.228417182468144020e-01,7.417582417582417598e-02,7.026384278840102152e-03,2.226156045229626401e-01,2.770270270270270285e-01,1.253545093626022289e-01,3.250443883311393556e-01,2.236558572373700815e-01,1.134959653251575995e-01
5.516135697463304677e-01,2.857142857142856984e-01,6.182538902294958810e-02,2.693677042242677566e-01,2.500000000000000000e-01,7.586248234750855857e-02,1.343190170813595985e-01,2.560638183635915652e-02,1.963824246932783235e-01,5.550823238992556030e-01,9.015713061340602241e-01,3.333333333333333148e-01,4.964261394339827826e-02,5.969271924352030634e-03,2.999999999999999889e-01,3.437499935031249620e-01,7.123125460098356232e-01,6.868131868131868711e-02,1.873702474240254365e-02,2.271231144019325021e-01,2.770270270270270285e-01,7.810550198746754602e-02,3.254894428386045924e-01,2.430033282237395453e-01,1.122307566231197651e-01
5.512436679171934806e-01,2.857142857142856984e-01,4.579658446144414113e-02,1.533103423040278190e-01,1.250000000000000000e-01,5.253989831693253038e-02,7.120660534136893927e-02,3.584096523134483805e-03,1.963770697564978795e-01,2.715720314732359419e-01,4.955674718684229818e-01,0.000000000000000000e+00,0.000000000000000000e+00,1.851360166208340652e-01,1.000000000000000000e+00,3.437499935031249620e-01,3.228417182468144020e-01,7.417582417582417598e-02,7.026384278840102152e-03,2.226156045229626401e-01,2.770270270270270285e-01,1.253545093626022289e-01,3.250443883311393556e-01,2.236558572373700815e-01,1.134959653251575995e-01
7.772249557034300871e-01,1.428571428571428492e-01,5.513599880816813514e-02,6.447631217791111036e-02,6.250000000000000000e-02,6.087679661114740737e-02,6.689644781273279550e-02,2.807149564871237388e-02,5.268698640697500046e-01,1.130358751162694741e-01,2.937795192244734288e-01,0.000000000000000000e+00,9.460408260482590370e-02,1.291447214897763762e-01,0.000000000000000000e+00,5.499999849849999123e-01,5.679206623022082789e-01,1.758241758241758379e-01,9.251405965968404962e-03,5.647259831437307920e-01,2.229729729729729715e-01,4.339194554859308189e-02,6.655766735220678409e-01,4.748631649456045989e-01,3.032655965941266629e-01
8.091696823140586137e-01,1.428571428571428492e-01,7.913959337515528991e-02,2.192194614048977586e-01,2.500000000000000000e-01,1.129557800530428674e-01,1.908663208189635418e-01,5.800338701744536807e-02,4.696626583173207359e-01,4.904313857809091681e-01,8.973628947593503824e-01,0.000000000000000000e+00,1.362737866109272888e-01,1.851360166208340652e-01,1.000000000000000056e-01,4.400000018479999220e-01,8.282741654940357634e-01,9.615384615384615918e-02,5.831898951437285844e-02,5.209708363405134435e-01,2.162162162162162282e-01,5.930232558307721447e-02,6.124137414092769571e-01,4.630456624761103979e-01,2.640611033444107969e-01
9.330660699030964844e-01,5.714285714285713969e-01,2.149020941307773214e-01,3.309318828110563993e-01,3.125000000000000000e-01,2.228341178647392506e-01,2.937611793965566598e-01,1.067704487573712668e-01,7.378091903141934527e-01,3.281172987426819176e-01,5.823572381239119355e-01,0.000000000000000000e+00,2.710771606632420561e-01,5.826916895364148141e-02,4.000000000000000222e-01,6.769230744353846863e-01,8.339263739517008833e-01,4.972527472527473180e-01,1.106835687787929151e-01,7.676136096183630020e-01,7.837837837837837718e-01,3.143505388631410158e-01,8.192094894990562537e-01,6.782424109293865300e-01,5.570465221806251144e-01
5.785181050673641190e-01,0.000000000000000000e+00,1.503462100462821249e-02,4.728262893046814713e-02,6.250000000000000000e-02,2.298404397078319256e-02,4.914254410147885638e-02,1.459132687467150184e-02,3.121974461521760946e-01,2.173534777577758870e-01,6.053638571840462834e-01,6.666666666666666574e-02,2.484645534278389148e-02,8.614470133033345911e-02,0.000000000000000000e+00,3.437499935031249620e-01,5.679206623022082789e-01,3.571428571428571230e-02,6.323745850956092457e-03,3.471805680988528375e-01,6.081081081081081419e-02,1.928530913270803254e-02,4.534683800484407001e-01,2.994355309360680617e-01,1.447017938903483458e-01
7.220725404924551727e-01,1.428571428571428492e-01,4.475429524284733201e-02,5.158104974232888967e-02,6.250000000000000000e-02,5.878008097817120914e-02,5.430577268456015377e-02,2.549038761060294211e-03,3.727015323849380279e-01,1.435430199917311078e-01,3.204867477010238108e-01,0.000000000000000000e+00,0.000000000000000000e+00,1.851360166208340652e-01,1.000000000000000000e+00,3.437499935031249620e-01,3.214586541171736700e-01,7.417582417582417598e-02,3.513192139420051509e-03,4.152096386763667879e-01,2.094594594594594850e-01,8.678389109718616379e-02,5.001475707051068476e-01,3.537419227549230549e-01,1.996131179770566921e-01
8.362172900525538521e-01,2.857142857142856984e-01,8.670425982312428281e-02,2.598156579422561951e-01,2.500000000000000000e-01,1.021278222320008006e-01,1.918911639374188127e-01,8.070356304559503369e-02,4.815784314298683921e-01,4.348068177132842216e-01,7.715421716099944982e-01,1.666666666666666574e-01,1.518483428573269844e-01,1.074970963061705892e-01,1.000000000000000056e-01,3.437499935031249620e-01,8.282741654940357634e-01,3.434065934065934078e-01,8.759816442905730971e-02,5.492892082712970137e-01,2.905405405405405705e-01,1.070334656865295914e-01,5.635748651953322863e-01,4.643459398351094669e-01,3.239726141752289346e-01
2.205789299953575533e-01,1.428571428571428492e-01,2.299450354261586491e-02,1.289526243558222207e-01,1.875000000000000000e-01,4.772072236808864998e-02,8.756434339802687816e-02,2.906221893737280168e-02,1.168461698012220329e-01,6.484744725365716445e-01,9.899479554721981600e-01,2.666666666666666630e-01,9.903374417594904000e-02,7.181137321291283793e-02,0.000000000000000000e+00,1.157894668757892820e-01,8.479911261488386476e-01,1.648351648351648741e-02,2.634894104565038697e-02,1.313159516395485116e-01,4.054054054054054279e-02,1.928530913270803254e-02,2.230800582787165753e-01,1.447138006365378815e-01,4.909516506360336874e-02
1.050766030351892866e-01,0.000000000000000000e+00,6.734791832565314822e-03,4.298420811860740459e-02,6.250000000000000000e-02,1.396303842296837440e-02,2.698953207302979412e-02,1.207577248904783893e-02,5.910276603743142010e-02,3.129860953237634247e-01,6.409734961498499972e-01,6.666666666666666574e-02,2.484645534278389148e-02,7.181137321291283793e-02,0.000000000000000000e+00,5.499999156849999515e-02,5.679206623022082789e-01,1.373626373626373777e-02,6.148086243985089600e-03,6.583616052290192089e-02,3.378378378378378566e-02,1.446398184953102788e-02,1.415273333739348605e-01,7.399069569404742586e-02,2.540876614225803798e-02
1.046313494758721596e-01,0.000000000000000000e+00,4.040875099539189587e-03,0.000000000000000000e+00,0.000000000000000000e+00,7.489497309575028280e-03,2.304878278738972663e-03,4.909615393660745480e-03,5.765416586279364930e-02,1.120726210006419421e-01,1.922920487701748060e-01,0.000000000000000000e+00,0.000000000000000000e+00,7.181137321291283793e-02,0.000000000000000000e+00,5.499999156849999515e-02,7.779734608947652674e-03,1.373626373626373777e-02,0.000000000000000000e+00,6.284324649441702659e-02,3.378378378378378566e-02,9.642654566354018006e-03,1.412228223951428330e-01,6.574668647411169298e-02,2.261728706172035086e-02
1.046313494758721596e-01,0.000000000000000000e+00,4.040875099539189587e-03,0.000000000000000000e+00,0.000000000000000000e+00,7.489497309575028280e-03,2.304878278738972663e-03,4.909615393660745480e-03,5.765416586279364930e-02,1.120726210006419421e-01,1.922920487701748060e-01,0.000000000000000000e+00,0.000000000000000000e+00,7.181137321291283793e-02,0.000000000000000000e+00,5.499999156849999515e-02,7.779734608947652674e-03,1.373626373626373777e-02,0.000000000000000000e+00,6.284324649441702659e-02,3.378378378378378566e-02,9.642654566354018006e-03,1.412228223951428330e-01,6.574668647411169298e-02,2.261728706172035086e-02
3.494822591824272573e-01,1.428571428571428492e-01,1.381319549414740736e-02,4.298420811860740459e-02,6.250000000000000000e-02,2.652380567914521675e-02,3.908330742954543163e-02,1.837462564337212848e-02,1.897570552980350489e-01,2.533269431613874856e-01,4.415595192873935648e-01,0.000000000000000000e+00,1.232263480200271460e-01,7.181137321291283793e-02,0.000000000000000000e+00,1.833333360283333491e-01,5.679206623022082789e-01,3.296703296703296787e-02,8.490214338102854141e-03,2.037004518061949487e-01,4.729729729729729992e-02,2.410663641588504241e-02,3.207999737652080796e-01,2.019058155791873532e-01,8.512357982819465652e-02
0.000000000000000000e+00,0.000000000000000000e+00,2.693916733026126102e-03,0.000000000000000000e+00,0.000000000000000000e+00,5.083255937289081483e-03,0.000000000000000000e+00,2.520896361865047376e-03,8.659744735185437303e-03,1.265696616373693517e-01,3.917060256326312384e-01,0.000000000000000000e+00,0.000000000000000000e+00,7.181137321291283793e-02,0.000000000000000000e+00,0.000000000000000000e+00,7.779734608947652674e-03,5.494505494505494067e-03,0.000000000000000000e+00,1.243717664101423592e-02,0.000000000000000000e+00,0.000000000000000000e+00,7.296083051855872803e-02,1.645776676934129767e-02,0.000000000000000000e+00
4.366324699994607039e-01,0.000000000000000000e+00,1.042372135044785861e-02,4.298420811860740459e-02,6.250000000000000000e-02,1.857793285196734923e-02,4.314217749700852839e-02,9.671934332985186386e-03,2.520451970155001553e-01,2.495667909774504090e-01,6.908269905524146992e-01,6.666666666666666574e-02,2.484645534278389148e-02,7.181137321291283793e-02,0.000000000000000000e+00,5.499999849849999123e-01,5.679206623022082789e-01,1.648351648351648741e-02,5.855320233537816485e-03,2.598416076523210605e-01,1.351351351351351426e-02,9.642654566354018006e-03,3.605363141054171994e-01,2.349974456380544141e-01,1.131766829455202461e-01
2.934386808557150061e-01,0.000000000000000000e+00,1.635592302194433488e-03,0.000000000000000000e+00,0.000000000000000000e+00,2.593824317955547090e-03,6.285304889049089794e-03,2.255483136109969616e-03,1.561000025378860845e-01,1.012602685007014947e-01,3.917060256326312384e-01,0.000000000000000000e+00,0.000000000000000000e+00,7.181137321291283793e-02,0.000000000000000000e+00,4.400000018479999220e-01,7.779734608947652674e-03,2.747252747252747901e-03,0.000000000000000000e+00,1.620629280559873764e-01,0.000000000000000000e+00,0.000000000000000000e+00,2.538918845481760167e-01,1.430143772338467456e-01,5.697343675745353275e-02
6.115397713835607485e-01,1.428571428571428492e-01,4.522470111387832253e-02,1.074605202965185080e-01,1.250000000000000000e-01,5.492710151978626165e-02,9.336932157894706208e-02,3.393547763031143361e-02,3.908677720364312491e-01,3.228815312808878124e-01,7.050708459891756874e-01,0.000000000000000000e+00,1.235281284730441742e-01,1.793114057079296386e-01,0.000000000000000000e+00,6.769230744353846863e-01,7.546343052400557028e-01,1.236263736263736451e-01,2.482655778640609559e-02,3.988912690054612908e-01,3.378378378378378566e-02,2.892796369906205228e-02,4.934202204659485780e-01,3.564991726478802803e-01,2.185299486866167096e-01
9.537387972621772514e-01,5.714285714285713969e-01,2.480826004838652954e-01,3.065183412287829645e-01,3.750000000000000000e-01,3.151976215520175817e-01,3.797956665189615166e-01,2.173226503320887515e-01,8.238960350554900280e-01,5.692167966703521875e-01,7.221535119347175513e-01,0.000000000000000000e+00,6.666388196909820429e-01,3.924309491635066122e-02,2.380952379999999868e-01,8.249999890274999359e-01,8.828687054334092288e-01,3.956043956043956422e-01,1.671564263084715785e-01,8.405897587438364571e-01,4.797297297297297702e-01,2.350971017990668710e-01,1.000000000000000000e+00,7.891054680002898003e-01,5.865670851634882110e-01
9.488091368380604518e-01,5.714285714285713969e-01,2.682617815101608350e-01,2.613927952619621298e-01,3.125000000000000000e-01,3.080486532712629066e-01,3.126396756168446922e-01,2.132859939584063613e-01,8.013343018784651051e-01,4.201526075948983641e-01,6.431648585822595798e-01,2.000000000000000111e-01,2.642113817044545732e-01,3.467857451182548151e-02,2.000000000000000111e-01,6.769230744353846863e-01,8.873650093132502414e-01,5.054945054945055860e-01,1.218261476338712845e-01,8.094788711832245909e-01,5.743243243243243423e-01,2.391378332455796618e-01,9.239893749092324970e-01,7.371171709403365746e-01,5.896379989291803403e-01
9.535260198178243662e-01,4.285714285714285476e-01,2.508333884930423197e-01,3.606579747651800782e-01,4.375000000000000000e-01,3.218676072716165071e-01,4.241200866405993031e-01,2.438013177628801098e-01,7.842340409049648464e-01,6.817819198734473840e-01,8.618611636816415622e-01,2.666666666666666630e-01,3.238179038765364171e-01,9.248121170354849097e-02,1.785714290000000037e-01,8.249999890274999359e-01,9.127271553787666969e-01,3.489010989010989383e-01,1.867757072131134566e-01,8.030522172769292144e-01,4.729729729729730270e-01,2.062839316365934483e-01,9.497228950092992950e-01,7.655378263444114761e-01,5.485901745045606015e-01
9.507289139084655893e-01,4.285714285714285476e-01,2.293227727954077755e-01,2.585875377348583748e-01,3.125000000000000000e-01,2.824571898678912563e-01,3.101456698140266366e-01,2.016924788441988026e-01,7.736472928734874355e-01,4.401717629800997456e-01,6.946473485603219533e-01,0.000000000000000000e+00,5.222327650578355573e-01,1.818709388166636076e-01,1.333333329999999983e-01,8.249999890274999359e-01,9.003570344994806796e-01,3.763736263736263687e-01,1.501648836278536570e-01,7.995270258182767265e-01,4.864864864864865135e-01,1.761391567293289495e-01,9.450896433473723324e-01,7.383290434035534311e-01,5.338339916160680376e-01
8.039151131674516781e-01,1.428571428571428492e-01,9.287665601346582755e-02,2.328311273234515422e-01,1.875000000000000000e-01,1.082686962749438014e-01,1.633507015861983824e-01,3.728669415661346742e-02,5.595181871961363296e-01,3.413399615606191873e-01,6.523038356168414653e-01,0.000000000000000000e+00,4.959231720122878051e-02,4.201003754060668727e-01,3.333333330000000094e-01,6.769230744353846863e-01,6.329146924434319033e-01,1.401098901098901395e-01,2.677833119524323721e-02,5.832564471902788039e-01,3.445945945945946276e-01,1.124976365913924470e-01,7.518938240488717284e-01,5.315100930434339954e-01,3.263995756738169440e-01
6.615953732213200045e-01,0.000000000000000000e+00,4.849839544806473085e-02,9.620275149945617388e-02,1.250000000000000000e-01,6.266491733397047681e-02,1.142560034635290989e-01,4.088474765823304352e-02,5.379281802100359666e-01,3.488931750618370353e-01,7.905339786097417276e-01,2.000000000000000111e-01,4.964261394339827826e-02,9.228756646842259381e-02,0.000000000000000000e+00,6.769230744353846863e-01,7.546343052400557028e-01,1.181318681318681424e-01,1.756596069710025798e-02,5.622947966444342693e-01,1.081081081081081141e-01,3.374929098223906215e-02,7.433956253484308441e-01,5.036827835828154853e-01,2.881723034524804605e-01
9.627376111572916173e-01,5.714285714285713969e-01,2.568724109056115812e-01,3.266799817014162111e-01,3.750000000000000000e-01,3.020444211918033584e-01,3.760258627352338623e-01,2.632435929771329564e-01,8.299834946679560677e-01,5.218117574876788289e-01,7.485355518020577748e-01,2.333333333333333370e-01,8.004887510127761674e-01,1.976771237122708358e-02,1.428571429999999920e-01,6.769230744353846863e-01,9.180427314619885593e-01,5.714285714285715079e-01,1.958469495087208356e-01,8.460209355033456724e-01,5.000000000000000000e-01,2.217810550261423985e-01,9.450896433473723324e-01,7.695244121897346634e-01,6.171076538515639642e-01
1.000000000000000000e+00,1.000000000000000000e+00,6.841347767395888901e-01,7.954776646476499069e-01,8.125000000000000000e-01,7.114002246992364720e-01,8.582288200695816771e-01,8.885391757813234648e-01,1.000000000000000000e+00,8.073977840427015717e-01,8.715422122156655238e-01,0.000000000000000000e+00,5.562661334379764844e-01,3.784583067808166001e-01,1.978021980000000124e-01,6.769230744353846863e-01,9.638391669774122317e-01,1.000000000000000222e+00,1.000000000000000000e+00,1.000000000000000222e+00,7.567567567567567988e-01,6.256069514074193982e-01,9.920171275713611792e-01,9.804232165438102609e-01,9.249022628694220094e-01
9.521001643394408909e-01,5.714285714285713969e-01,3.587891097821097053e-01,3.690921167337992137e-01,3.750000000000000000e-01,3.693542240197520976e-01,3.559330077583280905e-01,1.993335727245645894e-01,7.724564170443093403e-01,3.796679430619035456e-01,6.343902542554898938e-01,0.000000000000000000e+00,4.647628674335672894e-02,8.166883950609149512e-02,3.333333330000000094e-01,6.769230744353846863e-01,8.577024417705889636e-01,5.659340659340660329e-01,1.371123889579300148e-01,7.788943725562877951e-01,7.229729729729730270e-01,3.503497825936004451e-01,8.478147823683459539e-01,7.153813306351304302e-01,6.062549168810351663e-01
6.574407697604371936e-01,0.000000000000000000e+00,3.953375029215935865e-02,8.596841623721478143e-03,0.000000000000000000e+00,4.413443798544319091e-02,2.184833050627897622e-02,1.092079745062226465e-02,5.121835768479339190e-01,2.442614225899639169e-02,1.068289161496088768e-01,0.000000000000000000e+00,0.000000000000000000e+00,9.331136538904377664e-02,0.000000000000000000e+00,5.499999849849999123e-01,7.779734608947652674e-03,1.208791208791208799e-01,0.000000000000000000e+00,5.316126685109054950e-01,8.108108108108108558e-02,1.928530913270803254e-02,6.865926158430035731e-01,4.566127870658625576e-01,2.724689512220016541e-01
6.207174458486821589e-01,0.000000000000000000e+00,2.462597249737420030e-02,9.210901727420388319e-03,0.000000000000000000e+00,2.813954560781636166e-02,1.740817967991042242e-02,9.375588120468033790e-03,4.015874363955387882e-01,3.929899006787226923e-02,5.934939752853718442e-02,0.000000000000000000e+00,0.000000000000000000e+00,8.716853605813568162e-02,0.000000000000000000e+00,5.499999849849999123e-01,7.779734608947652674e-03,9.340659340659340781e-02,0.000000000000000000e+00,4.278059404766429430e-01,1.486486486486486847e-01,2.892796369906205228e-02,5.815456977283481876e-01,3.728247627854877622e-01,2.019018112329594994e-01
6.215424308684367460e-01,0.000000000000000000e+00,2.744358949954506244e-02,5.219510984602778597e-02,6.250000000000000000e-02,3.461308672120971125e-02,5.719613462863774173e-02,2.100771794690902555e-02,4.037301498614082607e-01,1.985094053924830459e-01,5.412665080925229688e-01,6.666666666666666574e-02,2.484645534278389148e-02,8.716853605813568162e-02,0.000000000000000000e+00,5.499999849849999123e-01,5.679206623022082789e-01,9.340659340659340781e-02,6.587235261412596743e-03,4.307988545051277263e-01,1.486486486486486847e-01,3.374929098223906215e-02,5.822484153717142341e-01,3.816885054599438720e-01,2.050551156750779758e-01
7.348318230182567801e-01,1.428571428571428492e-01,4.447848948849921630e-02,8.085124860609413378e-02,6.250000000000000000e-02,4.900047679949547097e-02,5.731759373439548194e-02,2.333010620691047549e-03,4.071689008470095739e-01,1.270640551693250353e-01,2.919990368275018344e-01,0.000000000000000000e+00,0.000000000000000000e+00,6.535025384963899509e-02,1.000000000000000000e+00,5.499999849849999123e-01,3.359873094292175066e-01,9.065934065934067032e-02,3.513192139420051509e-03,4.341493879516772902e-01,2.770270270270270285e-01,1.060692002298941894e-01,5.818970565500312109e-01,3.834262496563299316e-01,2.136092375501455198e-01
8.263006300325759224e-01,1.428571428571428492e-01,8.084361649247527593e-02,1.013199191305768632e-01,1.250000000000000000e-01,1.034146288421525645e-01,1.121207220334411170e-01,3.110346543947613285e-02,5.177079607608838785e-01,2.296206409110458091e-01,4.778166063295685717e-01,0.000000000000000000e+00,1.081394100489164317e-02,3.216093580492161881e-03,3.333333330000000094e-01,6.769230744353846863e-01,6.834656052733978360e-01,1.620879120879121227e-01,1.776113803974056771e-02,5.457608680373766674e-01,3.108108108108108558e-01,9.964076386839594568e-02,7.133567884866742759e-01,4.946022871707435598e-01,2.978868014438889045e-01
8.452764167893860314e-01,2.857142857142856984e-01,8.269041873602661630e-02,1.189229758091419065e-01,1.250000000000000000e-01,1.006087779213919176e-01,1.174832332578598648e-01,2.812956151210917535e-02,5.682339012568855541e-01,1.719776459983439476e-01,4.599578329026192680e-01,0.000000000000000000e+00,3.966155476546535594e-03,2.164468899475958247e-02,3.333333330000000094e-01,6.769230744353846863e-01,6.298473540016924499e-01,1.620879120879121227e-01,2.127990667255671292e-02,5.967080657629852958e-01,3.851351351351351426e-01,8.678389109718616379e-02,7.407346678722179778e-01,5.291445108625205673e-01,3.310785922030502482e-01
9.311766722787983008e-01,5.714285714285713969e-01,1.890756235148835229e-01,2.508094429303968087e-01,2.500000000000000000e-01,2.131682292856780236e-01,2.428048413684851248e-01,1.291024358405369055e-01,7.290379138075204768e-01,2.909988224582517047e-01,5.180828901838167022e-01,0.000000000000000000e+00,4.085045561567400563e-02,1.439899848746886424e-01,2.000000000000000111e-01,6.769230744353846863e-01,8.527922710446307342e-01,4.368131868131868156e-01,1.013284321717278780e-01,7.594107126763882665e-01,5.675675675675675436e-01,1.986386840668927789e-01,8.633073640124242498e-01,6.712876555598268347e-01,5.164739310896270252e-01
9.624689312987526613e-01,5.714285714285713969e-01,3.564347104537088362e-01,4.615298734920680324e-01,5.625000000000000000e-01,4.287869331121298977e-01,5.720840150102497468e-01,5.732411142556906869e-01,8.807211248284030347e-01,8.443711953542893944e-01,9.422422453164662759e-01,1.000000000000000000e+00,9.077755270479325178e-01,2.567630186585133090e-01,4.444444399999999962e-02,6.769230744353846863e-01,9.999999999999998890e-01,7.225274725274726251e-01,5.449627109470133179e-01,8.984763378900257891e-01,6.283783783783783994e-01,2.522089872079469886e-01,9.774802419222607952e-01,8.548830733125376558e-01,6.882623565792921339e-01
5.582334994611523049e-01,0.000000000000000000e+00,1.182391208310071273e-02,0.000000000000000000e+00,0.000000000000000000e+00,1.864917258836279457e-02,1.572390124881072049e-02,4.501328973607977846e-03,3.605003265261769729e-01,5.540744344073689209e-02,2.670722900001206712e-01,0.000000000000000000e+00,0.000000000000000000e+00,7.181137321291283793e-02,0.000000000000000000e+00,5.499999849849999123e-01,7.779734608947652674e-03,2.472527472527472764e-02,0.000000000000000000e+00,3.871590304760195722e-01,1.351351351351351426e-02,4.821327283177008136e-03,5.464332394814883642e-01,3.396265397315627044e-01,1.562870511690379050e-01
1.995123667218650088e-01,0.000000000000000000e+00,1.249922386286589707e-02,2.579052487116444831e-02,0.000000000000000000e+00,8.079803698566175377e-03,4.058663056836244593e-03,2.820888296821089537e-03,1.040299969610483655e-01,4.478989787955484081e-02,1.424385543676101040e-01,0.000000000000000000e+00,0.000000000000000000e+00,1.578114135317986999e-01,0.000000000000000000e+00,2.588235128341174196e-01,7.779734608947652674e-03,6.043956043956044688e-02,0.000000000000000000e+00,1.287955366986928696e-01,6.081081081081081419e-02,1.446398184953102788e-02,1.614798296612433015e-01,9.466511544703654080e-02,5.412390348452941757e-02
3.276166688941629657e-01,4.285714285714285476e-01,7.597394965509003673e-02,2.959769759146921309e-01,2.500000000000000000e-01,7.857404820553409719e-02,1.289527189688587649e-01,1.516457680632188332e-02,1.925563584536669759e-01,4.520198075156137696e-01,7.394021900157898841e-01,1.666666666666666574e-01,2.484645534278389148e-02,8.787404494639108887e-02,5.999999999999999778e-01,3.437499935031249620e-01,6.130960281206697671e-01,8.516483516483516758e-02,1.679944604913828285e-02,2.279081702059073122e-01,5.405405405405405705e-01,1.600680658014766999e-01,2.475252626992791027e-01,2.114773929180659429e-01,1.349334519758406681e-01
3.275055560291564305e-01,4.285714285714285476e-01,6.745787411617240603e-02,2.357990845486418185e-01,1.875000000000000000e-01,6.727958844745429712e-02,9.836322126753790918e-02,5.149101816575129241e-03,1.925626894905944630e-01,3.256188524698682141e-01,5.371120499140582538e-01,0.000000000000000000e+00,0.000000000000000000e+00,1.953741132485889154e-01,1.000000000000000000e+00,3.437499935031249620e-01,4.272290157893935403e-01,8.791208791208791895e-02,1.053957641826015409e-02,2.256498670603703238e-01,5.405405405405405705e-01,2.024957458934343868e-01,2.473378713277147867e-01,2.005647446168825065e-01,1.355219938835214022e-01
3.276166688941629657e-01,4.285714285714285476e-01,7.597394965509003673e-02,2.959769759146921309e-01,2.500000000000000000e-01,7.857404820553409719e-02,1.289527189688587649e-01,1.516457680632188332e-02,1.925563584536669759e-01,4.520198075156137696e-01,7.394021900157898841e-01,1.666666666666666574e-01,2.484645534278389148e-02,8.787404494639108887e-02,5.999999999999999778e-01,3.437499935031249620e-01,6.130960281206697671e-01,8.516483516483516758e-02,1.679944604913828285e-02,2.279081702059073122e-01,5.405405405405405705e-01,1.600680658014766999e-01,2.475252626992791027e-01,2.114773929180659429e-01,1.349334519758406681e-01
3.275055560291564305e-01,4.285714285714285476e-01,6.745787411617240603e-02,2.357990845486418185e-01,1.875000000000000000e-01,6.727958844745429712e-02,9.836322126753790918e-02,5.149101816575129241e-03,1.925626894905944630e-01,3.256188524698682141e-01,5.371120499140582538e-01,0.000000000000000000e+00,0.000000000000000000e+00,1.953741132485889154e-01,1.000000000000000000e+00,3.437499935031249620e-01,4.272290157893935403e-01,8.791208791208791895e-02,1.053957641826015409e-02,2.256498670603703238e-01,5.405405405405405705e-01,2.024957458934343868e-01,2.473378713277147867e-01,2.005647446168825065e-01,1.355219938835214022e-01
8.693290313791333102e-01,4.285714285714285476e-01,1.731192417490144686e-01,3.113284788080541987e-01,3.125000000000000000e-01,2.013344041207931756e-01,2.558328461846709478e-01,8.160364484058073298e-02,5.549556040768259813e-01,4.971794603129090495e-01,6.912918245319000787e-01,0.000000000000000000e+00,1.687939419280542475e-01,6.003754239704513218e-02,4.000000000000000222e-01,3.437499935031249620e-01,7.816012304172126335e-01,2.609890109890110055e-01,7.134443502892554023e-02,5.755673740991118503e-01,5.472972972972972583e-01,2.198525241128716223e-01,6.772183624804997137e-01,5.536959333525657279e-01,3.820258825599606167e-01
7.462308477109158567e-01,1.428571428571428492e-01,4.310366732546407065e-02,9.743087174983819376e-02,1.250000000000000000e-01,6.319556926156269516e-02,9.346682975256642711e-02,3.684960532898870489e-02,3.642878262783728061e-01,2.904979984059875564e-01,6.676807253742027548e-01,1.000000000000000056e-01,4.358145371986994060e-02,1.219780574310660726e-01,0.000000000000000000e+00,4.400000018479999220e-01,7.546343052400557028e-01,9.065934065934067032e-02,2.482655778640609559e-02,3.914664067437809147e-01,1.689189189189189144e-01,3.857061826541607202e-02,5.434584014579049160e-01,3.747695737924337522e-01,1.883508976824061210e-01
5.355783299275145293e-01,0.000000000000000000e+00,1.094884729351332589e-02,0.000000000000000000e+00,0.000000000000000000e+00,1.651050077032895774e-02,1.056620088575309369e-02,4.368113758920801060e-03,2.371209062673533263e-01,6.244886317857592517e-02,2.670722900001206712e-01,0.000000000000000000e+00,0.000000000000000000e+00,7.181137321291283793e-02,0.000000000000000000e+00,3.437499935031249620e-01,7.779734608947652674e-03,2.197802197802197627e-02,0.000000000000000000e+00,2.602471410535231455e-01,1.351351351351351426e-02,4.821327283177008136e-03,3.993497519406719043e-01,2.385933636135034175e-01,9.619334250569058775e-02
8.531668905383839041e-01,2.857142857142856984e-01,9.434672833738894093e-02,1.662056047396100189e-01,1.875000000000000000e-01,1.201355512654627561e-01,1.516385563652838386e-01,6.364401496846897044e-02,4.775386380451888679e-01,3.256905338580132758e-01,6.261361465807651072e-01,0.000000000000000000e+00,6.700319342188716665e-02,6.464470915420252040e-02,1.666666669999999906e-01,3.437499935031249620e-01,7.777984661472767680e-01,2.142857142857143016e-01,5.196178468898743352e-02,5.085071128537137497e-01,2.837837837837838273e-01,8.598033653391889963e-02,6.382784354694388540e-01,4.791481212586857219e-01,2.880553908843601629e-01
8.047549525979944551e-01,2.857142857142856984e-01,7.447217855175274071e-02,2.364131446523407287e-01,2.500000000000000000e-01,9.953822629940697886e-02,1.890043569505659993e-01,7.155941403389963484e-02,4.466053490777650015e-01,5.057452916297698886e-01,8.451893785193400621e-01,1.666666666666666574e-01,9.815482720876769762e-02,1.636359886375220452e-01,1.000000000000000056e-01,5.499999849849999123e-01,8.227847844026419111e-01,1.538461538461538824e-01,7.204832134265748422e-02,4.759535915920188320e-01,1.756756756756757132e-01,7.521270561756134010e-02,6.467391558955668529e-01,4.627266118449893662e-01,2.527019090388141764e-01
8.287000346007324936e-01,2.857142857142856984e-01,8.910779332563845134e-02,1.490119214921670765e-01,1.875000000000000000e-01,1.200450041287803721e-01,1.457150697819271090e-01,5.603050460299565522e-02,4.497880330332089671e-01,3.600904131155379106e-01,6.617457855465688210e-01,0.000000000000000000e+00,1.286092555377426339e-01,7.311360877338955212e-03,1.666666669999999906e-01,2.588235128341174196e-01,7.777984661472767680e-01,1.593406593406593574e-01,4.721897530077036331e-02,4.899976279480199870e-01,2.770270270270270285e-01,8.035545473568790620e-02,5.642588437015416680e-01,4.460012665804208853e-01,2.725169005178886827e-01
8.992140891929900626e-01,4.285714285714285476e-01,1.817625770292561616e-01,2.528252968508969967e-01,2.500000000000000000e-01,1.938123778801974784e-01,2.130897553212963147e-01,5.620123058819317952e-02,5.691456735786986076e-01,3.296931544841720241e-01,5.429438423637540367e-01,0.000000000000000000e+00,4.741611448583932242e-02,2.772550028808667619e-02,5.000000000000000000e-01,3.437499935031249620e-01,7.570029451739459514e-01,2.664835164835164805e-01,5.064350118078844026e-02,5.897635409246360094e-01,6.013513513513513153e-01,2.579410096499700211e-01,7.297441639299719895e-01,5.628891870803018893e-01,3.907941082529643451e-01
8.810382557973328588e-01,4.285714285714285476e-01,1.295898898408745781e-01,2.108273064967373378e-01,2.500000000000000000e-01,1.664534326991370938e-01,2.065567760343808013e-01,1.013864359870970816e-01,5.339296971816591686e-01,4.191290200681407896e-01,6.439409660636670196e-01,0.000000000000000000e+00,1.944651064152753961e-01,2.286213315050664163e-02,2.000000000000000111e-01,2.588235128341174196e-01,8.293635118862676681e-01,2.692307692307692180e-01,7.929776542760516578e-02,5.633414835044188163e-01,3.783783783783783994e-01,1.465683494085810723e-01,6.651784668574938220e-01,5.294898216042536188e-01,3.527174900780546407e-01
3.967588674799453763e-01,0.000000000000000000e+00,1.829939152219890036e-02,9.313245093797745122e-02,1.250000000000000000e-01,3.179787115823875382e-02,6.826033375006543280e-02,1.972516156301011916e-02,1.856862275797852013e-01,4.264339020056792107e-01,8.546313284490674178e-01,2.000000000000000111e-01,4.964261394339827826e-02,1.076447293136454514e-01,0.000000000000000000e+00,3.437499935031249620e-01,7.546343052400557028e-01,3.296703296703296787e-02,1.545804541344822890e-02,2.048507359710884379e-01,3.378378378378378566e-02,1.928530913270803254e-02,3.022435431960535102e-01,1.920428712674184246e-01,7.914057013395917051e-02
5.603507645282184146e-01,2.857142857142856984e-01,3.990845217354418301e-02,1.662056047396100189e-01,1.875000000000000000e-01,6.150893813566461754e-02,1.164509919151606177e-01,3.465991882586442335e-02,2.859791673324215133e-01,4.691285850623551079e-01,7.359325326441907844e-01,0.000000000000000000e+00,1.009185836875249320e-01,1.004780652549351339e-01,1.666666669999999906e-01,4.400000018479999220e-01,7.627252295022290962e-01,5.494505494505494414e-02,3.992491922649562403e-02,3.083301620780142804e-01,1.486486486486486847e-01,6.348080924456837859e-02,4.195739657167485426e-01,2.943539513638563920e-01,1.452940645742908654e-01
2.594514391186231173e-01,0.000000000000000000e+00,4.637385233280688114e-03,0.000000000000000000e+00,0.000000000000000000e+00,7.489497309575028280e-03,4.421732185380583546e-03,3.547017134048223441e-03,1.093941989868393860e-01,1.013436761317620949e-01,2.670722900001206712e-01,0.000000000000000000e+00,0.000000000000000000e+00,7.181137321291283793e-02,0.000000000000000000e+00,2.588235128341174196e-01,7.779734608947652674e-03,1.098901098901098987e-02,0.000000000000000000e+00,1.202139448707237324e-01,1.351351351351351426e-02,4.821327283177008136e-03,2.064724979738308264e-01,1.066098072110104877e-01,3.802993841280825904e-02
2.594514391186231173e-01,0.000000000000000000e+00,4.637385233280688114e-03,0.000000000000000000e+00,0.000000000000000000e+00,7.489497309575028280e-03,4.421732185380583546e-03,3.547017134048223441e-03,1.093941989868393860e-01,1.013436761317620949e-01,2.670722900001206712e-01,0.000000000000000000e+00,0.000000000000000000e+00,7.181137321291283793e-02,0.000000000000000000e+00,2.588235128341174196e-01,7.779734608947652674e-03,1.098901098901098987e-02,0.000000000000000000e+00,1.202139448707237324e-01,1.351351351351351426e-02,4.821327283177008136e-03,2.064724979738308264e-01,1.066098072110104877e-01,3.802993841280825904e-02
5.539709170185894704e-01,1.428571428571428492e-01,2.031982907196849472e-02,5.014824281937003275e-02,6.250000000000000000e-02,3.241667218955154861e-02,4.212989553172075824e-02,1.523869809965370734e-02,2.303897661464378577e-01,1.925950289051887865e-01,5.163397605173394300e-01,0.000000000000000000e+00,2.294653726270333427e-02,1.076447293136454514e-01,0.000000000000000000e+00,3.437499935031249620e-01,5.679206623022082789e-01,4.945054945054945528e-02,7.904682313695114704e-03,2.570328149869935408e-01,8.108108108108108558e-02,1.928530913270803254e-02,3.467958417854650754e-01,2.311088548083407024e-01,1.055046704178370098e-01
5.287709967087458329e-01,2.857142857142856984e-01,3.409728893515925202e-02,1.088933272194773649e-01,1.250000000000000000e-01,5.213921601916072374e-02,7.949220851842070390e-02,9.061113193047996839e-03,2.716227397981436087e-01,3.216298494161276000e-01,5.074373507758884738e-01,0.000000000000000000e+00,2.340369707559281261e-03,1.851360166208340652e-01,6.666666669999999906e-01,4.400000018479999220e-01,4.895009324251518024e-01,5.219780219780220665e-02,1.077378922872588782e-02,2.882822827098994733e-01,1.554054054054054279e-01,9.481943658521893581e-02,4.060958413169866166e-01,2.711445599926704531e-01,1.374640384331628218e-01
5.869827507780001064e-01,2.857142857142856984e-01,5.295470606634213734e-02,2.149210405930370438e-01,2.500000000000000000e-01,8.317140923600203906e-02,1.706619965411388662e-01,4.300631856418220267e-02,3.758037710467621584e-01,5.881119349322128098e-01,8.754036170979838660e-01,1.666666666666666574e-01,2.233561848260085247e-01,1.851360166208340652e-01,2.000000000000000111e-01,5.499999849849999123e-01,7.782846998404066019e-01,5.769230769230769551e-02,4.135529032186861798e-02,3.983991666860339786e-01,1.554054054054054279e-01,7.135564379101973220e-02,5.378741385852887635e-01,3.813680375923934052e-01,1.947119225426829636e-01
4.437566298567906520e-01,0.000000000000000000e+00,1.011593222170076647e-02,0.000000000000000000e+00,0.000000000000000000e+00,1.433044670898203816e-02,1.145938105103867094e-02,2.842447791916116566e-03,2.659632733858421916e-01,7.974336928246364420e-02,3.917060256326312384e-01,0.000000000000000000e+00,0.000000000000000000e+00,7.181137321291283793e-02,0.000000000000000000e+00,4.400000018479999220e-01,7.779734608947652674e-03,1.648351648351648741e-02,0.000000000000000000e+00,2.875343970599600341e-01,0.000000000000000000e+00,0.000000000000000000e+00,4.295572410368364569e-01,2.522654468698026231e-01,1.047957322506073152e-01
6.422262409991388310e-01,2.857142857142856984e-01,8.897960656908200650e-02,2.173772810508168563e-01,2.500000000000000000e-01,1.168294506330843502e-01,1.839610139210700046e-01,8.708499826174606606e-02,4.488853970087722245e-01,5.485110886757402771e-01,8.172412078340944852e-01,1.666666666666666574e-01,2.450946901509754583e-01,1.311923551381997677e-01,1.000000000000000056e-01,6.769230744353846863e-01,8.494350451091459142e-01,1.950549450549450836e-01,7.424546053469976981e-02,4.603824355216926123e-01,1.351351351351351426e-01,8.581962564055076181e-02,5.333111586876981836e-01,4.310015077010192486e-01,2.851357453098322114e-01
4.596300882620716344e-01,0.000000000000000000e+00,1.821886507866885690e-02,4.298420811860742541e-03,0.000000000000000000e+00,2.411520801511525536e-02,1.207911707960213771e-02,6.581580611861497301e-03,2.859813445494863715e-01,6.113817183333755678e-02,1.424385543676101040e-01,0.000000000000000000e+00,0.000000000000000000e+00,8.614470133033345911e-02,0.000000000000000000e+00,5.499999849849999123e-01,7.779734608947652674e-03,4.945054945054945528e-02,0.000000000000000000e+00,2.963963203894301457e-01,6.081081081081081419e-02,1.446398184953102788e-02,3.914090425706349130e-01,2.628796553871132757e-01,1.399305652520238530e-01
4.602816088558789875e-01,0.000000000000000000e+00,2.097050859883125770e-02,4.728262893046814713e-02,6.250000000000000000e-02,3.058874912850859107e-02,4.653800942802117230e-02,1.541970292332603756e-02,2.878907461914423371e-01,2.326749489246467684e-01,6.053638571840462834e-01,6.666666666666666574e-02,2.484645534278389148e-02,8.614470133033345911e-02,0.000000000000000000e+00,5.499999849849999123e-01,5.679206623022082789e-01,4.945054945054945528e-02,6.323745850956092457e-03,2.993892344179150400e-01,6.081081081081081419e-02,1.928530913270803254e-02,3.919196840581475882e-01,2.715215109735870658e-01,1.429588016083760682e-01
9.030056650273255991e-01,5.714285714285713969e-01,3.119751903723078090e-01,3.268244664544546763e-01,3.750000000000000000e-01,3.401766431986061878e-01,3.300861948245016886e-01,2.898835783542076383e-01,6.893434448051027896e-01,4.854097168187988531e-01,6.968158843240960243e-01,2.333333333333333370e-01,3.089982046295313145e-01,7.851129066661834133e-02,1.904761899999999897e-01,8.249999890274999359e-01,9.241339951830075394e-01,6.565934065934067032e-01,1.933107359474873499e-01,6.854370339653832467e-01,9.054054054054053724e-01,3.117791643281843661e-01,7.091076891364538337e-01,6.461837922986244376e-01,5.694175639295484537e-01
5.249296941601273581e-01,1.428571428571428492e-01,5.558184083446369300e-02,2.478756001649640994e-01,2.500000000000000000e-01,7.910229792604271670e-02,1.534430575132841590e-01,3.705585216071465710e-02,3.009125085838792457e-01,6.030184484062333095e-01,9.062653045008013386e-01,1.666666666666666574e-01,1.112306395823271093e-01,3.499693973927144319e-01,2.000000000000000111e-01,5.499999849849999123e-01,7.496054843425116188e-01,5.769230769230769551e-02,3.583455982208452739e-02,3.139455614561176833e-01,1.283783783783783994e-01,6.557005105120732036e-02,3.942152283598103768e-01,3.078452472816532448e-01,1.667260365942689060e-01
5.242181947462122293e-01,1.428571428571428492e-01,3.876410351542916577e-02,1.418478867914044206e-01,1.250000000000000000e-01,5.215677237536153060e-02,8.227527332629303025e-02,8.076906773677222998e-03,2.981175976220406532e-01,3.077909914462730878e-01,5.661932549199041320e-01,0.000000000000000000e+00,1.229748889071706833e-02,3.499693973927144319e-01,6.666666669999999906e-01,5.499999849849999123e-01,4.098364450554750071e-01,5.769230769230769551e-02,9.368512372957866693e-03,3.083225222208897942e-01,1.283783783783783994e-01,8.678389109718616379e-02,3.931939453847848043e-01,2.881140661374109180e-01,1.634016699203257594e-01
4.382507339712298222e-01,0.000000000000000000e+00,6.269478941965489320e-03,1.432806935854106373e-02,0.000000000000000000e+00,5.691978551567430933e-03,7.139969234463076908e-03,2.251269282859864190e-03,1.736536851478557852e-01,5.752024762798910174e-02,2.670722900001206712e-01,0.000000000000000000e+00,0.000000000000000000e+00,2.151447618086622382e-01,0.000000000000000000e+00,3.437499935031249620e-01,7.779734608947652674e-03,2.197802197802197627e-02,0.000000000000000000e+00,2.038849840155277371e-01,1.351351351351351426e-02,4.821327283177008136e-03,2.680820961598824326e-01,1.597365585600722393e-01,7.226205561011289635e-02
4.719630291156537982e-01,0.000000000000000000e+00,2.772460149812916441e-02,6.564860875124106654e-02,6.250000000000000000e-02,2.539991921613415915e-02,4.666314044337219885e-02,1.741379554906568108e-02,3.045699899984077308e-01,1.422385700338509862e-01,5.067525507168252341e-01,6.666666666666666574e-02,2.484645534278389148e-02,9.700330059852776965e-02,0.000000000000000000e+00,4.400000018479999220e-01,5.679206623022082789e-01,2.307692307692308098e-01,6.707003174937080023e-03,3.714756452988048907e-01,2.770270270270270285e-01,4.821327283177008483e-02,3.729181989815280041e-01,2.622123991037386692e-01,1.877924881740556107e-01
6.120500977216014604e-01,1.000000000000000000e+00,1.738293504452084193e-01,6.029512103627863162e-01,4.375000000000000000e-01,1.396550178093601269e-01,2.713094277171124169e-01,1.648274336422447806e-02,3.824603491892600293e-01,3.263447447329310691e-01,6.097185962913875823e-01,0.000000000000000000e+00,0.000000000000000000e+00,1.580670768045055741e-01,1.000000000000000000e+00,4.400000018479999220e-01,6.699268803011750872e-01,2.197802197802198043e-01,2.459234497594036187e-02,4.944626002387327302e-01,9.864864864864865135e-01,6.653431650784271678e-01,3.743939060325967016e-01,4.015676509438100283e-01,3.644176523519833122e-01
6.135752266251482956e-01,1.000000000000000000e+00,1.904896509793403692e-01,6.960836609998742874e-01,5.000000000000000000e-01,1.514301819538293736e-01,3.097016029047126029e-01,2.569320650736653042e-02,3.854424769299095721e-01,3.817001766123488959e-01,6.986471462438749169e-01,0.000000000000000000e+00,8.248622669314214020e-03,1.350313504402618214e-01,8.333333330000000094e-01,4.400000018479999220e-01,7.037716045263535669e-01,2.170329670329670668e-01,2.914648293340688784e-02,5.012923677205010087e-01,9.864864864864865135e-01,6.267725468130110889e-01,3.746421995999196231e-01,4.218003407044079167e-01,3.704471210180813046e-01
6.120500977216014604e-01,1.000000000000000000e+00,1.738293504452084193e-01,6.029512103627863162e-01,4.375000000000000000e-01,1.396550178093601269e-01,2.713094277171124169e-01,1.648274336422447806e-02,3.824603491892600293e-01,3.263447447329310691e-01,6.097185962913875823e-01,0.000000000000000000e+00,0.000000000000000000e+00,1.580670768045055741e-01,1.000000000000000000e+00,4.400000018479999220e-01,6.699268803011750872e-01,2.197802197802198043e-01,2.459234497594036187e-02,4.944626002387327302e-01,9.864864864864865135e-01,6.653431650784271678e-01,3.743939060325967016e-01,4.015676509438100283e-01,3.644176523519833122e-01
6.120500977216014604e-01,1.000000000000000000e+00,1.738293504452084193e-01,6.029512103627863162e-01,4.375000000000000000e-01,1.396550178093601269e-01,2.713094277171124169e-01,1.648274336422447806e-02,3.824603491892600293e-01,3.263447447329310691e-01,6.097185962913875823e-01,0.000000000000000000e+00,0.000000000000000000e+00,1.580670768045055741e-01,1.000000000000000000e+00,4.400000018479999220e-01,6.699268803011750872e-01,2.197802197802198043e-01,2.459234497594036187e-02,4.944626002387327302e-01,9.864864864864865135e-01,6.653431650784271678e-01,3.743939060325967016e-01,4.015676509438100283e-01,3.644176523519833122e-01
6.120500977216014604e-01,1.000000000000000000e+00,1.738293504452084193e-01,6.029512103627863162e-01,4.375000000000000000e-01,1.396550178093601269e-01,2.713094277171124169e-01,1.648274336422447806e-02,3.824603491892600293e-01,3.263447447329310691e-01,6.097185962913875823e-01,0.000000000000000000e+00,0.000000000000000000e+00,1.580670768045055741e-01,1.000000000000000000e+00,4.400000018479999220e-01,6.699268803011750872e-01,2.197802197802198043e-01,2.459234497594036187e-02,4.944626002387327302e-01,9.864864864864865135e-01,6.653431650784271678e-01,3.743939060325967016e-01,4.015676509438100283e-01,3.644176523519833122e-01
6.120500977216014604e-01,1.000000000000000000e+00,1.738293504452084193e-01,6.029512103627863162e-01,4.375000000000000000e-01,1.396550178093601269e-01,2.713094277171124169e-01,1.648274336422447806e-02,3.824603491892600293e-01,3.263447447329310691e-01,6.097185962913875823e-01,0.000000000000000000e+00,0.000000000000000000e+00,1.580670768045055741e-01,1.000000000000000000e+00,4.400000018479999220e-01,6.699268803011750872e-01,2.197802197802198043e-01,2.459234497594036187e-02,4.944626002387327302e-01,9.864864864864865135e-01,6.653431650784271678e-01,3.743939060325967016e-01,4.015676509438100283e-01,3.644176523519833122e-01
6.135752266251482956e-01,1.000000000000000000e+00,1.904896509793403692e-01,6.960836609998742874e-01,5.000000000000000000e-01,1.514301819538293736e-01,3.097016029047126029e-01,2.569320650736653042e-02,3.854424769299095721e-01,3.817001766123488959e-01,6.986471462438749169e-01,0.000000000000000000e+00,8.248622669314214020e-03,1.350313504402618214e-01,8.333333330000000094e-01,4.400000018479999220e-01,7.037716045263535669e-01,2.170329670329670668e-01,2.914648293340688784e-02,5.012923677205010087e-01,9.864864864864865135e-01,6.267725468130110889e-01,3.746421995999196231e-01,4.218003407044079167e-01,3.704471210180813046e-01
6.135752266251482956e-01,1.000000000000000000e+00,1.904896509793403692e-01,6.960836609998742874e-01,5.000000000000000000e-01,1.514301819538293736e-01,3.097016029047126029e-01,2.569320650736653042e-02,3.854424769299095721e-01,3.817001766123488959e-01,6.986471462438749169e-01,0.000000000000000000e+00,8.248622669314214020e-03,1.350313504402618214e-01,8.333333330000000094e-01,4.400000018479999220e-01,7.037716045263535669e-01,2.170329670329670668e-01,2.914648293340688784e-02,5.012923677205010087e-01,9.864864864864865135e-01,6.267725468130110889e-01,3.746421995999196231e-01,4.218003407044079167e-01,3.704471210180813046e-01
3.231512950659787275e-01,0.000000000000000000e+00,1.721832623932726888e-02,0.000000000000000000e+00,0.000000000000000000e+00,2.075023139504962588e-02,7.217275736945590048e-03,2.476269267184930557e-03,1.821750289000584888e-01,5.581124228952244470e-02,3.917060256326312384e-01,0.000000000000000000e+00,0.000000000000000000e+00,7.181137321291283793e-02,0.000000000000000000e+00,3.437499935031249620e-01,7.779734608947652674e-03,2.472527472527472764e-02,0.000000000000000000e+00,2.221649192614931212e-01,0.000000000000000000e+00,0.000000000000000000e+00,2.638985837897094289e-01,1.579785171504639041e-01,7.971487900126661419e-02
6.526204006563810500e-01,1.428571428571428492e-01,2.162830291372403943e-02,5.731227747714847526e-02,6.250000000000000000e-02,3.278638250372611224e-02,4.716558471955987347e-02,1.790791476754480943e-02,2.724665195523972572e-01,1.877759213327972188e-01,4.415595192873935648e-01,0.000000000000000000e+00,4.527177846783615039e-02,2.151447618086622382e-01,0.000000000000000000e+00,3.437499935031249620e-01,5.679206623022082789e-01,5.219780219780220665e-02,8.490214338102854141e-03,3.044492602695123007e-01,8.108108108108108558e-02,2.410663641588504241e-02,4.347526668134567007e-01,2.905273616595252517e-01,1.289152107214129872e-01
7.000440875656303019e-01,1.428571428571428492e-01,4.825959404592517626e-02,9.743087174983819376e-02,1.250000000000000000e-01,7.131655067147479876e-02,8.265921869933989807e-02,2.063582565933642921e-02,2.726489888883351642e-01,2.963745483032315109e-01,5.929004841442568896e-01,0.000000000000000000e+00,4.711240309052602826e-02,5.613595614250527222e-02,3.333333330000000094e-01,4.400000018479999220e-01,6.298473540016924499e-01,7.692307692307692735e-02,1.592647103086650487e-02,3.028313677441987761e-01,1.486486486486486847e-01,6.107014560297986672e-02,4.306487957761986340e-01,3.047328025754631464e-01,1.441362005673999525e-01
6.847486144063008595e-01,1.428571428571428492e-01,4.413075431012211669e-02,1.361166590565848766e-01,1.875000000000000000e-01,7.112783027762052679e-02,1.294885245249830230e-01,4.395495172109741000e-02,3.487843778101819558e-01,4.737088177185798665e-01,8.777775936272793622e-01,1.333333333333333315e-01,1.262525896611224607e-01,1.076447293136454514e-01,0.000000000000000000e+00,2.588235128341174196e-01,8.479911261488386476e-01,7.142857142857143848e-02,4.215830567304061638e-02,3.904100517817033489e-01,9.459459459459459985e-02,3.374929098223906215e-02,5.157151088978109144e-01,3.677544038663432269e-01,1.739536164100657645e-01
7.066632816068909584e-01,2.857142857142856984e-01,5.277627782044154447e-02,1.604743769618062477e-01,1.875000000000000000e-01,7.506315472339290806e-02,1.253428887537182401e-01,3.832200774837265372e-02,3.150532269760535908e-01,4.129301876236692870e-01,7.383065084256839050e-01,1.333333333333333315e-01,1.834509562118493697e-01,1.313593598306234470e-02,1.666666669999999906e-01,4.400000018479999220e-01,7.627252295022290962e-01,9.340659340659340781e-02,3.744059052442853114e-02,3.490927335656239250e-01,1.824324324324324564e-01,6.910569104279935815e-02,4.846737281981852163e-01,3.509192419794971429e-01,1.736026857210725971e-01
3.432405136903848852e-01,0.000000000000000000e+00,3.037528562042901212e-03,0.000000000000000000e+00,0.000000000000000000e+00,5.083255937289081483e-03,7.594200513596351815e-03,2.219951005272835509e-03,1.745999050713324396e-01,9.914387078739450576e-02,3.917060256326312384e-01,0.000000000000000000e+00,0.000000000000000000e+00,7.181137321291283793e-02,0.000000000000000000e+00,1.833333360283333491e-01,7.779734608947652674e-03,5.494505494505494067e-03,0.000000000000000000e+00,1.936421229083538642e-01,0.000000000000000000e+00,0.000000000000000000e+00,3.159324828888254721e-01,1.764219713243053156e-01,6.120598329955861949e-02
5.299115356087792383e-01,0.000000000000000000e+00,2.266738508217697873e-02,4.728262893046814713e-02,6.250000000000000000e-02,3.242243456466691043e-02,4.127996504314433018e-02,1.595126686264180388e-02,2.053577351568220410e-01,2.314077581579660758e-01,6.053638571840462834e-01,6.666666666666666574e-02,2.484645534278389148e-02,8.614470133033345911e-02,0.000000000000000000e+00,4.400000018479999220e-01,5.679206623022082789e-01,4.945054945054945528e-02,6.323745850956092457e-03,2.306677590013593293e-01,6.081081081081081419e-02,1.928530913270803254e-02,3.557578341305274172e-01,2.287596481316928609e-01,9.544878507367596243e-02
5.075116558144316947e-01,0.000000000000000000e+00,1.443169678406853312e-02,7.164034700762642038e-03,0.000000000000000000e+00,1.712559518150234827e-02,9.225632265195626847e-03,4.602390102165513502e-03,1.995447528507608426e-01,6.025643401926811249e-02,1.922920487701748060e-01,0.000000000000000000e+00,0.000000000000000000e+00,1.076447293136454514e-01,0.000000000000000000e+00,3.437499935031249620e-01,7.779734608947652674e-03,3.571428571428571230e-02,0.000000000000000000e+00,2.237242704631233203e-01,3.378378378378378566e-02,9.642654566354018006e-03,3.531484092814947129e-01,2.144071989678517087e-01,8.520647379013940315e-02
6.809531690150776306e-01,2.857142857142856984e-01,6.773051447987468721e-02,3.080534915310144117e-01,2.500000000000000000e-01,8.070403785026843135e-02,1.731602640734589693e-01,2.711321655770048203e-02,3.687448629181764859e-01,4.540416387537953291e-01,8.338590390523485940e-01,0.000000000000000000e+00,2.390590257451552791e-01,4.314468117089052118e-02,2.999999999999999889e-01,3.437499935031249620e-01,6.650117568091340470e-01,8.791208791208791895e-02,4.938544379845670462e-02,4.067025995240664549e-01,3.175675675675675991e-01,8.437322745559765191e-02,5.427978468731409212e-01,4.064030950892988936e-01,2.044184197431455907e-01
4.167496325034792948e-01,0.000000000000000000e+00,1.000597643695418093e-02,8.596841623721478143e-03,0.000000000000000000e+00,1.285184963840783380e-02,1.064709096671516420e-02,5.156301810671840707e-03,2.489503633576335972e-01,6.801428937265735497e-02,1.424385543676101040e-01,0.000000000000000000e+00,0.000000000000000000e+00,1.004780652549351339e-01,0.000000000000000000e+00,4.400000018479999220e-01,7.779734608947652674e-03,3.846153846153846367e-02,0.000000000000000000e+00,2.642697973374625309e-01,6.081081081081081419e-02,1.446398184953102788e-02,3.949788481989346955e-01,2.353607831693393382e-01,1.057642931037023892e-01
4.917900087680810994e-01,1.428571428571428492e-01,3.440516513321938141e-02,1.662056047396100189e-01,1.875000000000000000e-01,5.171759423948654733e-02,1.108844294029382449e-01,2.248859808938475507e-02,2.566259887693169151e-01,5.102502493717948617e-01,8.712491596673215266e-01,2.666666666666666630e-01,4.964261394339827826e-02,1.004780652549351339e-01,1.666666669999999906e-01,4.400000018479999220e-01,7.627252295022290962e-01,3.571428571428571230e-02,1.937274522494108683e-02,2.740318944939780788e-01,1.486486486486486847e-01,4.660616375344884404e-02,3.962624790941502440e-01,2.653275705646890859e-01,1.202132074507291926e-01
6.731007494652807566e-01,1.428571428571428492e-01,4.604245562471975112e-02,5.158104974232888967e-02,6.250000000000000000e-02,6.408908594361255318e-02,6.574010631332252719e-02,2.631731186377574139e-02,5.075632047468909835e-01,1.607219658630155423e-01,3.560963866668275246e-01,0.000000000000000000e+00,2.414376207307834254e-01,1.004780652549351339e-01,0.000000000000000000e+00,6.769230744353846863e-01,5.679206623022082789e-01,1.043956043956043994e-01,8.958639955521130113e-03,5.222461781385119295e-01,1.486486486486486847e-01,3.374929098223906215e-02,6.977564568039467119e-01,4.706019425558371494e-01,2.736683855795891684e-01
9.775087569491228701e-01,1.000000000000000000e+00,1.000000000000000222e+00,9.728975773243200287e-01,1.000000000000000000e+00,9.999999999999998890e-01,9.999999999999998890e-01,1.000000000000000000e+00,9.640811230985892877e-01,9.828494240712530861e-01,8.762869579497101213e-01,0.000000000000000000e+00,4.329367751809911624e-01,2.207798095050806653e-01,3.088235289999999855e-01,1.000000000000000000e+00,9.690003682209618052e-01,8.736263736263737423e-01,5.950633670285487842e-01,9.392208733649447527e-01,9.797297297297297147e-01,9.999999999999998890e-01,8.775163147612869974e-01,1.000000000000000000e+00,1.000000000000000222e+00
9.482150340599315719e-01,7.142857142857141906e-01,5.320082062499457143e-01,4.591050388871554255e-01,5.000000000000000000e-01,5.461092431742229358e-01,4.584227657845057480e-01,3.417975818939092414e-01,7.839487751232503410e-01,4.988780633391118879e-01,6.504534090168402338e-01,0.000000000000000000e+00,8.038782127389970666e-02,2.537765923372847440e-02,3.611111109999999846e-01,8.249999890274999359e-01,9.182672986815919591e-01,7.445054945054946360e-01,2.454633734995676775e-01,7.759828777557991053e-01,9.391891891891892552e-01,5.744075755409644435e-01,7.527979874166694785e-01,7.396587660984006440e-01,7.131211239451521466e-01
9.668381619712649311e-01,1.000000000000000000e+00,7.902654067720201736e-01,7.302235540835169125e-01,7.500000000000000000e-01,7.828379668224312304e-01,7.260323598032351056e-01,5.927989767174293156e-01,9.014081641728852734e-01,7.278208517564587199e-01,7.713643471875593072e-01,0.000000000000000000e+00,9.588718146170438494e-02,1.544958476023457761e-01,3.717948719999999985e-01,1.000000000000000000e+00,9.416944860845117837e-01,8.543956043956044688e-01,4.221816941313869531e-01,8.803110574011054901e-01,9.797297297297297147e-01,8.567745829511279609e-01,8.519186534056040205e-01,8.814874742859064582e-01,8.888975619289184449e-01
9.769193857135816117e-01,1.000000000000000000e+00,9.841915651393158271e-01,9.636444502319911898e-01,1.000000000000000000e+00,9.923500014468550345e-01,9.821852817973589778e-01,9.741067864770092122e-01,9.406638748748583634e-01,9.596329761620610022e-01,8.878664240513471917e-01,0.000000000000000000e+00,2.758100047728712090e-01,3.675473932211062444e-01,3.088235289999999855e-01,8.249999890274999359e-01,9.651136914792121102e-01,8.461538461538462563e-01,4.517526272516819708e-01,9.283859157140703644e-01,9.797297297297297147e-01,9.684486672708011445e-01,8.386653986517191850e-01,9.727333124305741485e-01,9.730476290442661158e-01
9.446294662685751353e-01,7.142857142857141906e-01,3.752678725207406196e-01,4.479165375080763067e-01,4.375000000000000000e-01,3.890741256302754358e-01,4.081065433520367214e-01,2.644519934896649715e-01,7.811868198710611999e-01,4.223316083147383715e-01,6.236831609875981286e-01,0.000000000000000000e+00,1.336877813648891522e-01,1.564143605558979133e-02,3.571428569999999802e-01,8.249999890274999359e-01,8.792550973939099457e-01,7.802197802197803345e-01,2.207833718151185343e-01,7.856145677663040061e-01,8.783783783783783994e-01,4.549266672335487427e-01,7.988025691357041325e-01,7.377422963970221570e-01,6.703002037748179154e-01
9.626660546422497466e-01,8.571428571428572063e-01,6.567486110770013319e-01,6.078178028851899395e-01,6.250000000000000000e-01,6.580891845154982489e-01,5.828978716653803183e-01,4.614416549290336067e-01,8.355602201532128515e-01,6.226515834399727334e-01,7.181815257706803957e-01,0.000000000000000000e+00,7.006824454333848706e-02,2.647869424387748194e-01,3.636363639999999897e-01,8.249999890274999359e-01,9.307975268828042603e-01,7.390109890109891611e-01,2.556447554220009355e-01,8.111595913630391674e-01,9.662162162162162282e-01,7.398545869466776059e-01,7.878542282520601958e-01,7.981617039860888774e-01,7.988537554436566657e-01
9.412922570529955735e-01,8.571428571428572063e-01,5.440675535611534386e-01,4.191682293009568738e-01,4.375000000000000000e-01,5.358277885082273206e-01,3.918707065501750297e-01,1.840621645405393914e-01,7.593187373651717476e-01,4.115368451791713289e-01,5.042324835082629964e-01,0.000000000000000000e+00,9.478251643179624181e-03,1.055934433327548050e-01,6.071428570000000358e-01,8.249999890274999359e-01,8.665701997188974826e-01,7.197802197802198876e-01,9.670791605332214325e-02,7.320025572302528705e-01,9.797297297297297147e-01,7.652135158753605726e-01,7.116562117897282658e-01,6.850655052593017658e-01,7.188562309158904595e-01
9.766405506344140175e-01,1.000000000000000000e+00,8.645432786900758559e-01,9.755253025496575248e-01,9.375000000000000000e-01,8.520447514691890101e-01,9.160926875840170736e-01,9.366678176758016505e-01,9.205507061269133651e-01,1.000000000000000000e+00,9.235876381282754899e-01,0.000000000000000000e+00,8.199846820930425384e-01,1.000000000000000000e+00,2.333333330000000039e-01,8.249999890274999359e-01,9.754896154319523394e-01,7.719780219780221220e-01,5.561851767348651165e-01,8.910611168484638966e-01,9.729729729729730270e-01,7.871620345940771868e-01,8.828475992822910623e-01,9.578752299136641390e-01,8.982586084048865827e-01
9.632165041860938359e-01,8.571428571428572063e-01,6.704834069960458054e-01,7.150873189843547362e-01,6.875000000000000000e-01,6.524298601186049318e-01,6.349047206492264284e-01,5.608410927498193033e-01,8.182966614781368442e-01,6.690754008767446637e-01,8.074063520477111622e-01,0.000000000000000000e+00,7.682623510540909084e-02,3.610392232219308828e-01,2.575757579999999880e-01,8.249999890274999359e-01,9.504502998684207782e-01,7.747252747252748595e-01,4.296719627595506075e-01,8.207760979863705231e-01,9.594594594594594295e-01,6.088021452526604094e-01,7.906932075312593788e-01,8.093172202293570372e-01,7.625110000700630053e-01
9.633734169033971728e-01,1.000000000000000000e+00,6.983175323343883134e-01,7.186713989964390592e-01,6.875000000000000000e-01,6.716399553656984267e-01,6.457927846924430559e-01,5.027951230297779128e-01,8.506087085997291464e-01,6.642458909920893051e-01,7.641206895751962991e-01,0.000000000000000000e+00,1.632978160071008600e-01,2.348726924017412454e-01,3.484848480000000137e-01,8.249999890274999359e-01,9.348316259950317786e-01,8.186813186813187704e-01,3.439127741535910054e-01,8.389534350408085484e-01,9.797297297297297147e-01,7.380283265098703804e-01,7.954529483689924962e-01,8.256071875532846605e-01,8.199210483347417755e-01
6.624251307404593891e-01,0.000000000000000000e+00,6.885790616366009587e-02,1.497934523261326700e-02,0.000000000000000000e+00,6.122932206595944893e-02,2.083548906948181484e-02,2.311154126497755659e-02,5.125859350895523026e-01,7.754829226185241953e-03,8.217608934585340918e-03,0.000000000000000000e+00,0.000000000000000000e+00,8.679621298956338715e-02,0.000000000000000000e+00,6.769230744353846863e-01,7.779734608947652674e-03,3.653846153846154188e-01,0.000000000000000000e+00,5.167789445867403408e-01,3.108108108108108558e-01,4.821327283177008483e-02,5.950050829909536709e-01,4.281020525892862971e-01,3.294997422292522682e-01
6.410755652918269654e-01,1.428571428571428492e-01,2.046552049536863246e-02,1.002964855957558798e-01,6.250000000000000000e-02,2.080398782237538602e-02,5.456905282156546827e-02,7.183283032410346701e-04,3.747491557156918396e-01,1.578965087192181482e-01,5.163397605173394300e-01,0.000000000000000000e+00,0.000000000000000000e+00,3.571360972586057891e-01,1.000000000000000000e+00,5.499999849849999123e-01,6.029294658019090924e-02,4.670329670329670391e-02,3.513192139420051509e-03,3.972939954025453413e-01,1.081081081081081141e-01,4.821327283177008483e-02,5.594991028638087727e-01,3.560656881710508315e-01,1.731818334551455674e-01
6.410755652918269654e-01,1.428571428571428492e-01,2.046552049536863246e-02,1.002964855957558798e-01,6.250000000000000000e-02,2.080398782237538602e-02,5.456905282156546827e-02,7.183283032410346701e-04,3.747491557156918396e-01,1.578965087192181482e-01,5.163397605173394300e-01,0.000000000000000000e+00,0.000000000000000000e+00,3.571360972586057891e-01,1.000000000000000000e+00,5.499999849849999123e-01,6.029294658019090924e-02,4.670329670329670391e-02,3.513192139420051509e-03,3.972939954025453413e-01,1.081081081081081141e-01,4.821327283177008483e-02,5.594991028638087727e-01,3.560656881710508315e-01,1.731818334551455674e-01
5.931385036886397399e-01,0.000000000000000000e+00,2.545980387994855806e-02,2.674572948647033904e-02,0.000000000000000000e+00,1.885221856816123032e-02,1.216818950849370834e-02,7.557815387462833365e-03,2.980224833412899454e-01,4.998594742179632289e-03,2.913515894989338051e-02,0.000000000000000000e+00,0.000000000000000000e+00,1.052558174226213006e-01,0.000000000000000000e+00,3.437499935031249620e-01,7.779734608947652674e-03,2.472527472527472903e-01,0.000000000000000000e+00,3.581443831499137587e-01,2.364864864864865135e-01,3.857061826541607202e-02,3.734101013318842366e-01,2.605343935247939613e-01,1.862933885143770729e-01
8.335218950140472760e-01,1.000000000000000000e+00,2.808962554137737211e-01,6.588523900912862663e-01,5.625000000000000000e-01,2.612129699438918151e-01,4.019313258014262091e-01,7.558919872115235639e-02,5.074532144430305980e-01,5.436804439933833333e-01,7.455874589443483025e-01,3.333333333333333148e-01,7.433817905967365913e-02,4.777483613828288622e-02,6.222222219999999915e-01,4.400000018479999220e-01,8.505320923188517401e-01,3.159340659340659219e-01,7.373872458636643312e-02,6.031875234835608612e-01,9.932432432432432012e-01,6.551648075341794941e-01,5.103744548082282950e-01,5.833325680926957357e-01,4.828852758686908997e-01
8.430620961593446872e-01,1.000000000000000000e+00,3.017731937781916729e-01,7.152094629101446444e-01,5.625000000000000000e-01,2.614515961377310571e-01,4.270030952661945656e-01,5.281896299703153080e-02,5.701968458449344634e-01,4.540391800254421906e-01,6.615541065888409511e-01,0.000000000000000000e+00,5.180784595478596377e-02,1.695771877319298127e-01,8.444444439999999608e-01,4.400000018479999220e-01,7.673087237985930509e-01,3.324175824175824023e-01,4.507481279774755434e-02,6.741709499295795993e-01,1.000000000000000000e+00,8.440536965355659449e-01,5.875328520498273033e-01,6.381444386939618685e-01,5.425638972279901440e-01
8.457198811561852381e-01,1.000000000000000000e+00,3.241681467171875775e-01,8.062144127454545783e-01,6.250000000000000000e-01,2.778986544311469742e-01,4.740563278671683367e-01,7.256671681621761072e-02,5.735631406597514470e-01,5.142012367025350361e-01,7.338149999961451897e-01,0.000000000000000000e+00,5.564178108001981149e-02,1.699029614651353104e-01,7.272727270000000077e-01,4.400000018479999220e-01,7.904374457096008388e-01,3.296703296703296648e-01,4.450043377769796055e-02,6.810007174113477113e-01,1.000000000000000000e+00,8.064765638629177724e-01,5.878842108715105486e-01,6.624150227727281237e-01,5.489736497393615799e-01
8.554097036763805839e-01,1.000000000000000000e+00,3.521245300786250976e-01,8.544088278566396299e-01,6.875000000000000000e-01,3.155459394920767657e-01,5.296035178672370280e-01,1.089473750419235748e-01,5.895705018563344169e-01,6.028735725663412204e-01,7.945922574331460986e-01,0.000000000000000000e+00,1.764507246340627777e-01,1.438423518672137802e-01,6.060606060000000017e-01,4.400000018479999220e-01,8.345171702720850515e-01,3.434065934065934078e-01,1.165934635819386583e-01,6.997446350874194643e-01,1.000000000000000000e+00,7.646917272480060479e-01,5.978721709758874070e-01,7.058920283155465381e-01,5.664110106597899374e-01
8.578826799028307359e-01,1.000000000000000000e+00,3.054768103222862963e-01,7.012907671116781483e-01,5.625000000000000000e-01,2.747645484866559906e-01,4.362821491033347376e-01,6.826011419244787382e-02,5.927509076454089421e-01,4.705332754838682519e-01,6.560555595715453769e-01,0.000000000000000000e+00,2.873939428406397378e-01,1.175490313996393338e-01,7.777777780000000307e-01,5.499999849849999123e-01,7.956066681712350430e-01,3.901098901098901117e-01,1.500270694967534013e-01,6.965536197249908579e-01,1.000000000000000000e+00,8.217684500516667656e-01,5.878842108715105486e-01,6.588129766323009839e-01,5.690145654459903835e-01
8.430620961593446872e-01,1.000000000000000000e+00,3.017731937781916729e-01,7.152094629101446444e-01,5.625000000000000000e-01,2.614515961377310571e-01,4.270030952661945656e-01,5.281896299703153080e-02,5.701968458449344634e-01,4.540391800254421906e-01,6.615541065888409511e-01,0.000000000000000000e+00,5.180784595478596377e-02,1.695771877319298127e-01,8.444444439999999608e-01,4.400000018479999220e-01,7.673087237985930509e-01,3.324175824175824023e-01,4.507481279774755434e-02,6.741709499295795993e-01,1.000000000000000000e+00,8.440536965355659449e-01,5.875328520498273033e-01,6.381444386939618685e-01,5.425638972279901440e-01
8.371767749568002071e-01,1.000000000000000000e+00,2.893234500191352310e-01,6.951501656448469957e-01,5.625000000000000000e-01,2.568263123196251052e-01,4.030830317678782970e-01,5.482576148471452610e-02,5.148793758851826219e-01,4.848686074481310948e-01,7.040428801509106549e-01,3.333333333333333148e-01,2.487160678861752294e-02,1.298347616758175893e-01,7.777777780000000307e-01,4.400000018479999220e-01,7.956066681712350430e-01,3.131868131868131844e-01,3.619964417954375790e-02,6.183647847035014244e-01,1.000000000000000000e+00,7.703409593525337717e-01,5.100605742608583792e-01,5.820736420750007856e-01,5.008436182154111238e-01
8.370485154770677116e-01,1.000000000000000000e+00,2.713768334354953460e-01,6.438079172497735980e-01,5.000000000000000000e-01,2.331805051691228092e-01,3.595517458455319559e-01,3.328627322802852478e-02,5.142496348574387977e-01,3.962554701977535343e-01,5.994436169084309540e-01,0.000000000000000000e+00,2.515144583363102007e-05,1.759062144043051223e-01,9.722222219999999693e-01,4.400000018479999220e-01,7.358227373359849111e-01,3.159340659340659219e-01,2.884032240013394838e-02,6.160881955429120538e-01,1.000000000000000000e+00,8.556516668989124774e-01,5.097513784977771856e-01,5.592840155104845667e-01,5.007054856915293950e-01
8.549931184983240451e-01,1.000000000000000000e+00,2.976168651043799573e-01,6.994485864567078215e-01,5.625000000000000000e-01,2.685807122953066672e-01,4.219914174605577384e-01,6.463588564912085832e-02,5.557636891330439699e-01,4.856310023705923129e-01,6.677857931087356480e-01,0.000000000000000000e+00,9.769196066195801054e-02,1.155014335583969820e-01,7.777777780000000307e-01,4.400000018479999220e-01,7.956066681712350430e-01,3.461538461538461453e-01,1.237592021050490654e-01,6.579572075912349938e-01,1.000000000000000000e+00,8.046259533126667307e-01,5.470984788505413032e-01,6.277981292589098761e-01,5.376416215923053299e-01
5.939275193478349424e-01,0.000000000000000000e+00,2.851290949788332085e-02,6.972993760507772976e-02,6.250000000000000000e-02,2.532576176861547207e-02,4.671615428580431356e-02,1.737217248089863164e-02,2.999561860238806887e-01,1.447037289074205313e-01,5.163397605173394300e-01,6.666666666666666574e-02,2.484645534278389148e-02,1.052558174226213006e-01,0.000000000000000000e+00,3.437499935031249620e-01,5.679206623022082789e-01,2.472527472527472903e-01,6.675065064898096437e-03,3.611372971783985419e-01,2.364864864864865135e-01,4.339194554859308189e-02,3.739020036822404691e-01,2.691715159331015683e-01,1.894151925939532022e-01
6.312362654338727896e-01,0.000000000000000000e+00,2.899584031143475488e-02,1.432806935854106373e-02,0.000000000000000000e+00,2.834258115231035741e-02,1.620441300815553265e-02,8.135251266816766191e-03,3.666861929593109859e-01,2.883785745654765531e-02,1.068289161496088768e-01,0.000000000000000000e+00,0.000000000000000000e+00,1.076447293136454514e-01,0.000000000000000000e+00,3.437499935031249620e-01,7.779734608947652674e-03,1.126373626373626397e-01,0.000000000000000000e+00,3.884605199224838157e-01,8.108108108108108558e-02,1.928530913270803254e-02,5.484289575886478474e-01,3.517424248633162498e-01,1.829033040757523099e-01
8.984401129385195528e-01,5.714285714285713969e-01,1.901664477420276778e-01,2.929438910806025365e-01,3.125000000000000000e-01,2.100997739285209165e-01,2.605296424451176152e-01,9.629985439720245566e-02,5.700760516536569344e-01,4.513504660046760986e-01,6.744567125925305939e-01,2.000000000000000111e-01,8.479777370470575892e-02,4.205882840550730084e-02,3.333333330000000094e-01,4.400000018479999220e-01,8.484666969992686880e-01,2.582417582417582680e-01,8.394577438241715428e-02,5.898250195520553518e-01,6.081081081081081141e-01,2.474948005203486956e-01,7.376427102414071513e-01,5.734210141438511599e-01,3.957067713814217402e-01
9.085116884296371431e-01,4.285714285714285476e-01,2.261586413632273862e-01,3.531217824466529320e-01,3.125000000000000000e-01,2.282032260096707454e-01,2.669310263842409880e-01,5.207723139318755357e-02,5.992272548037271829e-01,3.853994279863052208e-01,6.043165150374761874e-01,0.000000000000000000e+00,5.863822840447356979e-03,9.865508586042812111e-02,6.666666669999999906e-01,3.437499935031249620e-01,6.914772393466924738e-01,2.967032967032967039e-01,3.087555399289705627e-02,6.190723671052891230e-01,6.148648648648649129e-01,3.519568916719216789e-01,7.518938240488717284e-01,6.045329219419632860e-01,4.310875790760538839e-01
9.591031707213326651e-01,5.714285714285713969e-01,3.700509049567782816e-01,6.722097482384583600e-01,6.250000000000000000e-01,3.848118985762289945e-01,5.703066600120489937e-01,2.710227811576333967e-01,7.285738953196123635e-01,7.732509646726126729e-01,8.911524585406060961e-01,0.000000000000000000e+00,4.221153625363224804e-01,7.284265583437375680e-02,2.909090910000000085e-01,4.400000018479999220e-01,8.829141810347649333e-01,4.065934065934065922e-01,2.818858400285623178e-01,7.581644809204342028e-01,6.148648648648649129e-01,3.886866395288907650e-01,8.785797607949143995e-01,7.802118424854949108e-01,5.652424499691458548e-01
9.586169118362883879e-01,5.714285714285713969e-01,4.005466644769767326e-01,7.538797436638124960e-01,6.875000000000000000e-01,4.096188754454688219e-01,6.264007829445885633e-01,3.028711708099333655e-01,7.287226432210225369e-01,8.708564280426668303e-01,9.505799475794547426e-01,0.000000000000000000e+00,5.028638887507643762e-01,3.636357093415099051e-01,2.575757579999999880e-01,4.400000018479999220e-01,8.997518044676718896e-01,3.956043956043956422e-01,2.249688564826799464e-01,7.571790392627244515e-01,6.148648648648649129e-01,3.784011412926376328e-01,8.722225085145955958e-01,7.979986260591864777e-01,5.679526685158005073e-01
4.100480170381818334e-01,0.000000000000000000e+00,4.733596545174477248e-03,0.000000000000000000e+00,0.000000000000000000e+00,7.489497309575028280e-03,8.546571901003059690e-03,2.545753309472392149e-03,2.014100129322506372e-01,8.776790209570659029e-02,3.917060256326312384e-01,0.000000000000000000e+00,0.000000000000000000e+00,7.181137321291283793e-02,0.000000000000000000e+00,2.588235128341174196e-01,7.779734608947652674e-03,8.241758241758241968e-03,0.000000000000000000e+00,2.265520359779492066e-01,0.000000000000000000e+00,0.000000000000000000e+00,3.284174330192966007e-01,1.918369340528047196e-01,7.461037954348689882e-02
5.748991776206070492e-01,0.000000000000000000e+00,1.676875700605121033e-02,4.298420811860742541e-03,0.000000000000000000e+00,2.225646323885908245e-02,1.315772275770903110e-02,6.128369990378744990e-03,2.947745956391540356e-01,5.392936943452653065e-02,1.424385543676101040e-01,0.000000000000000000e+00,0.000000000000000000e+00,8.614470133033345911e-02,0.000000000000000000e+00,4.400000018479999220e-01,7.779734608947652674e-03,4.395604395604395948e-02,0.000000000000000000e+00,3.162281385765045028e-01,6.081081081081081419e-02,1.446398184953102788e-02,4.793049654028680440e-01,2.917398110082478069e-01,1.316406061251693405e-01
7.614207092946889688e-01,1.428571428571428492e-01,5.334967224362970051e-02,1.762352532862903609e-01,1.875000000000000000e-01,7.863686456418031434e-02,1.454497190451834177e-01,3.595273256038337972e-02,4.452281732333088216e-01,4.148967920403775489e-01,8.213956652647568246e-01,1.333333333333333315e-01,9.472064018534684382e-02,1.994693447382546725e-01,1.666666669999999906e-01,6.769230744353846863e-01,7.296613551736372827e-01,7.417582417582417598e-02,2.920968321531723644e-02,4.728241260942415702e-01,1.621621621621621712e-01,5.223104555167983748e-02,6.560946701209144916e-01,4.474218574603922582e-01,2.289291953798297252e-01
6.913038772965349743e-01,1.428571428571428492e-01,2.982188313816189901e-02,5.444666363123077529e-02,6.250000000000000000e-02,4.292337081496420265e-02,5.384619182151028499e-02,2.131905478016409786e-03,3.565433146537588249e-01,1.649685679949977890e-01,3.560963866668275246e-01,0.000000000000000000e+00,0.000000000000000000e+00,1.994693447382546725e-01,1.000000000000000000e+00,5.499999849849999123e-01,2.871500222959614268e-01,5.219780219780220665e-02,3.513192139420051509e-03,3.788987987629792165e-01,1.486486486486486847e-01,7.714123653083214405e-02,5.578078957354408729e-01,3.545887406154412669e-01,1.721717699695080872e-01
2.957519909667383207e-01,0.000000000000000000e+00,1.751045876466981142e-03,0.000000000000000000e+00,0.000000000000000000e+00,2.593824317955547090e-03,2.864874963479820125e-03,1.868046539714329594e-03,7.582516528684596357e-02,1.018246412242500287e-01,3.917060256326312384e-01,0.000000000000000000e+00,0.000000000000000000e+00,7.181137321291283793e-02,0.000000000000000000e+00,1.157894668757892820e-01,7.779734608947652674e-03,2.747252747252747901e-03,0.000000000000000000e+00,8.523874033571571251e-02,0.000000000000000000e+00,0.000000000000000000e+00,1.465400525632798434e-01,7.197380288062144027e-02,2.369804482959372849e-02
4.393665067434929794e-01,0.000000000000000000e+00,1.166081100152737554e-02,5.731227747714847526e-02,6.250000000000000000e-02,1.572172323900872248e-02,3.423836175637003792e-02,8.030201256690846362e-03,1.446848925108462081e-01,2.499635919070767043e-01,6.908269905524146992e-01,6.666666666666666574e-02,2.484645534278389148e-02,2.151447618086622382e-01,0.000000000000000000e+00,1.833333360283333491e-01,5.679206623022082789e-01,2.472527472527472764e-02,5.855320233537816485e-03,1.600644808600841240e-01,1.351351351351351426e-02,9.642654566354018006e-03,2.294841584019264857e-01,1.437508526109441687e-01,5.968613690406807115e-02
6.150554109506904954e-01,1.428571428571428492e-01,3.257715020723737226e-02,1.017292925616989363e-01,1.250000000000000000e-01,4.880127935997689848e-02,7.502887755991172192e-02,1.664095920319132518e-02,2.375969187142525363e-01,3.251641768574652369e-01,5.929004841442568896e-01,0.000000000000000000e+00,4.959231720122878051e-02,4.180262802508464409e-02,3.333333330000000094e-01,2.588235128341174196e-01,6.298473540016924499e-01,5.769230769230769551e-02,1.592647103086650487e-02,2.534655294926614899e-01,1.486486486486486847e-01,6.107014560297986672e-02,3.300008901090150104e-01,2.376391282384617276e-01,1.236551549959107044e-01
3.466396129285447270e-01,0.000000000000000000e+00,5.731445295069029049e-03,0.000000000000000000e+00,0.000000000000000000e+00,9.826556787502381193e-03,7.911853139060891216e-03,3.812430359803301201e-03,1.799805163680693876e-01,9.091696571738316912e-02,2.670722900001206712e-01,0.000000000000000000e+00,0.000000000000000000e+00,7.181137321291283793e-02,0.000000000000000000e+00,1.833333360283333491e-01,7.779734608947652674e-03,1.373626373626373777e-02,0.000000000000000000e+00,1.967419268355785067e-01,1.351351351351351426e-02,4.821327283177008136e-03,3.185793860121710619e-01,1.838681821202368671e-01,6.810798335095039069e-02
2.924557261579523448e-01,1.428571428571428492e-01,1.148763064011855059e-02,9.313245093797745122e-02,6.250000000000000000e-02,1.190525482382122531e-02,3.078174864318928422e-02,5.246798198689435781e-04,1.032974700191347517e-01,2.209078532918400672e-01,5.163397605173394300e-01,0.000000000000000000e+00,0.000000000000000000e+00,3.929694175521573629e-01,1.000000000000000000e+00,5.499999156849999515e-02,6.029294658019090924e-02,1.648351648351648741e-02,3.513192139420051509e-03,1.240025837107897044e-01,8.108108108108108558e-02,4.821327283177008483e-02,1.926570691052530426e-01,1.117814476709403926e-01,4.572737039036303686e-02
3.848964250605491078e-01,1.428571428571428492e-01,3.259639246961612558e-02,2.149210405930370438e-01,1.875000000000000000e-01,4.339783280223373507e-02,9.768359328958245436e-02,1.596602267017559196e-02,1.757484988108244939e-01,5.117739044190157127e-01,9.044848221038297442e-01,1.333333333333333315e-01,7.433817905967365913e-02,3.929694175521573629e-01,1.666666669999999906e-01,1.157894668757892820e-01,6.729470862446946811e-01,3.021978021978022344e-02,2.318706812017233901e-02,2.075011687173587416e-01,8.783783783783784271e-02,3.535640007502428850e-02,2.851768740308352479e-01,1.980418103624583259e-01,8.279940427736096065e-02
2.924557261579523448e-01,1.428571428571428492e-01,1.148763064011855059e-02,9.313245093797745122e-02,6.250000000000000000e-02,1.190525482382122531e-02,3.078174864318928422e-02,5.246798198689435781e-04,1.032974700191347517e-01,2.209078532918400672e-01,5.163397605173394300e-01,0.000000000000000000e+00,0.000000000000000000e+00,3.929694175521573629e-01,1.000000000000000000e+00,5.499999156849999515e-02,6.029294658019090924e-02,1.648351648351648741e-02,3.513192139420051509e-03,1.240025837107897044e-01,8.108108108108108558e-02,4.821327283177008483e-02,1.926570691052530426e-01,1.117814476709403926e-01,4.572737039036303686e-02
2.492543245051188627e-01,0.000000000000000000e+00,5.426317990809768378e-03,7.164034700762642038e-03,0.000000000000000000e+00,5.431713710427879191e-03,4.207435351957708458e-03,3.318686610798116457e-03,1.009019011494601270e-01,8.129993346302810675e-02,1.922920487701748060e-01,0.000000000000000000e+00,0.000000000000000000e+00,1.076447293136454514e-01,0.000000000000000000e+00,5.499999156849999515e-02,7.779734608947652674e-03,1.923076923076923184e-02,0.000000000000000000e+00,1.205284881649775763e-01,3.378378378378378566e-02,9.642654566354018006e-03,1.924884168708451693e-01,1.029058610332296841e-01,4.042376176229363349e-02
5.448989862921340688e-01,1.428571428571428492e-01,2.917126976619719564e-02,1.103261341854203936e-01,1.250000000000000000e-01,3.880501530332179649e-02,8.033259764293809724e-02,2.891187690024385123e-02,2.706321651133793416e-01,3.243817338422775309e-01,6.469084359774839310e-01,1.000000000000000056e-01,1.234275349887051509e-01,1.506447494730883685e-01,0.000000000000000000e+00,1.833333360283333491e-01,7.546343052400557028e-01,9.340659340659340781e-02,2.549573723986077456e-02,3.055087581824300069e-01,1.013513513513513570e-01,4.339194554859308189e-02,3.978037731252666021e-01,2.800538736269246320e-01,1.425203060594197046e-01
9.435093520758209840e-01,7.142857142857141906e-01,4.524944343059732477e-01,3.986167774673321507e-01,4.375000000000000000e-01,4.780813223484222663e-01,4.033319326852036757e-01,2.872800241964443835e-01,7.703629599036765363e-01,4.394250660925094198e-01,6.370587722077323267e-01,0.000000000000000000e+00,1.999724490201408578e-01,1.154640150541982879e-01,3.571428569999999802e-01,8.249999890274999359e-01,8.868939845665892996e-01,7.500000000000001110e-01,2.030948818670909317e-01,7.642481638445479675e-01,9.256756756756756577e-01,4.810995868258962083e-01,7.710405374384536881e-01,7.246644795551184792e-01,6.713883594483545103e-01
8.883733410946028641e-01,4.285714285714285476e-01,2.520666451008498066e-01,2.271566353475960864e-01,2.500000000000000000e-01,2.625538794334769666e-01,2.179768320982645169e-01,1.421779150023680383e-01,6.456203130421034331e-01,2.776271228755168297e-01,5.202727876713005850e-01,1.666666666666666574e-01,2.514511800043718256e-02,3.560118233879544514e-02,2.999999999999999889e-01,6.769230744353846863e-01,8.458331989088462288e-01,6.181318681318682673e-01,7.852516732910819197e-02,6.474208307182158784e-01,8.986486486486486847e-01,2.849404424357612764e-01,6.639885316480602651e-01,5.690866377941785625e-01,5.166936361432497016e-01
9.391263637054103608e-01,7.142857142857141906e-01,3.657702418273383604e-01,3.391574789419096181e-01,3.750000000000000000e-01,3.951613204671455826e-01,3.415385438059688750e-01,2.764618931190486739e-01,7.398795878594572883e-01,3.845080443917729962e-01,5.576415465625637058e-01,0.000000000000000000e+00,1.426646521567955239e-01,3.840889501939656614e-02,2.857142859999999840e-01,8.249999890274999359e-01,9.068802307318168943e-01,7.912087912087912844e-01,2.261560992239596279e-01,7.416951452175304382e-01,9.121621621621621712e-01,4.056802528135474151e-01,7.425102011177895367e-01,6.855857804649787557e-01,6.380883462005001450e-01
9.651533968954958409e-01,8.571428571428572063e-01,6.563566052063271039e-01,6.027865597834299871e-01,6.250000000000000000e-01,6.591380891419393873e-01,5.983660299132090854e-01,5.186196893217976944e-01,8.628095664017270128e-01,5.781949378187598576e-01,7.067390854874684436e-01,0.000000000000000000e+00,1.182453593768335171e-01,6.751587215962670530e-02,3.090909090000000248e-01,8.249999890274999359e-01,9.509119265705969770e-01,8.324175824175825689e-01,3.666915701399384164e-01,8.628814765150967236e-01,9.527027027027027417e-01,6.783169185388064903e-01,8.266348725972914036e-01,8.284036092877917756e-01,8.145772179077266362e-01
8.273592383017880358e-01,1.428571428571428492e-01,1.343988961003476923e-01,1.145944540160198644e-01,1.250000000000000000e-01,1.406878332834056167e-01,1.167543330496902398e-01,5.731312946350680670e-02,5.905712397985771744e-01,1.527575773279523375e-01,4.030363650996227065e-01,0.000000000000000000e+00,1.930820536218248035e-02,2.256310738154653286e-02,3.333333330000000094e-01,6.769230744353846863e-01,7.064955116030693372e-01,4.862637362637363125e-01,1.873702474240254365e-02,5.992983684608852446e-01,6.216216216216216006e-01,1.639251276280183078e-01,6.580575947380504775e-01,5.095053944621390496e-01,4.219196742190247651e-01
9.251979122738011041e-01,4.285714285714285476e-01,2.134708621595276246e-01,2.843098336865077513e-01,3.125000000000000000e-01,2.511364792666518908e-01,2.841431994461726673e-01,2.466269092999050505e-01,6.832059644268637655e-01,4.057285722769676806e-01,6.831655222718565623e-01,0.000000000000000000e+00,4.918978460683057219e-01,1.875019044944421509e-01,6.666666699999999890e-02,6.769230744353846863e-01,9.059069320964208138e-01,5.576923076923078204e-01,2.174345285957085538e-01,7.065677936357817046e-01,4.662162162162162837e-01,1.652108149196032660e-01,7.614039361557598529e-01,6.289318296178052492e-01,5.031289674939790624e-01
6.256296671095223916e-01,0.000000000000000000e+00,3.823013873919977462e-02,1.289526243558222068e-02,0.000000000000000000e+00,3.793542051318510994e-02,1.629739199158213026e-02,8.784417970866740394e-03,3.967257273861627964e-01,1.513044688711752406e-02,1.424385543676101040e-01,0.000000000000000000e+00,0.000000000000000000e+00,1.148113933723557550e-01,0.000000000000000000e+00,5.499999849849999123e-01,7.779734608947652674e-03,1.291208791208791340e-01,0.000000000000000000e+00,4.139274477993242773e-01,6.081081081081081419e-02,1.446398184953102788e-02,4.925113723138618838e-01,3.401377346331582729e-01,2.177942855377600628e-01
9.798091966447932677e-01,8.571428571428572063e-01,5.247952822969477182e-01,7.392339089474443403e-01,6.875000000000000000e-01,5.159670624641984338e-01,6.908330091944365758e-01,3.958701820684619177e-01,9.176397021803477383e-01,6.317812200815313695e-01,8.337950114620050757e-01,0.000000000000000000e+00,3.533351856440516414e-01,5.416709829239491764e-02,3.333333330000000094e-01,6.769230744353846863e-01,9.060342151599842797e-01,7.280219780219781001e-01,5.268772397728501700e-01,9.442632055009922976e-01,8.108108108108108558e-01,5.560597464990374439e-01,9.608305185587731057e-01,9.099614025472919643e-01,7.892746625649206260e-01
9.591661312995207744e-01,8.571428571428572063e-01,3.447253708513074444e-01,4.756236744889892898e-01,4.375000000000000000e-01,3.385928979133679961e-01,4.274348890854005600e-01,2.054765928349306103e-01,8.397748251113081874e-01,3.837208730528289813e-01,5.925862815002859163e-01,0.000000000000000000e+00,1.929549066061631568e-01,5.754009894025424732e-02,3.928571430000000198e-01,6.769230744353846863e-01,8.763635468592265720e-01,6.950549450549451391e-01,2.481282712838290549e-01,8.573324433553912716e-01,8.175675675675675436e-01,5.007292766165833964e-01,9.023316171406889907e-01,7.826856693746300220e-01,7.052556603451297645e-01
9.341859409363788558e-01,7.142857142857141906e-01,2.741406290216177877e-01,4.148999515948814110e-01,3.750000000000000000e-01,2.728203552634699824e-01,3.416591798039182448e-01,6.379478610446825959e-02,7.266367827082185205e-01,3.428216290928842724e-01,5.959460448205831096e-01,0.000000000000000000e+00,1.389647514847132219e-02,1.166337998519659525e-01,7.142857139999999605e-01,6.769230744353846863e-01,7.538593704316655097e-01,4.120879120879121227e-01,5.117243843065957115e-02,7.541083032624511517e-01,8.108108108108108558e-01,4.614698970834223424e-01,8.241519369240646320e-01,6.856085766952937366e-01,5.591853605288900075e-01
9.401803529771831647e-01,7.142857142857141906e-01,2.872212472859527188e-01,4.985144709255258655e-01,4.375000000000000000e-01,2.847867004465819973e-01,3.906863691457818644e-01,7.750230809187108605e-02,7.170289398273788084e-01,4.078171674465878027e-01,6.775217146359717724e-01,0.000000000000000000e+00,1.202547815635056187e-02,1.410190988700363579e-01,6.428571429999999642e-01,6.769230744353846863e-01,7.653346908251623670e-01,3.543956043956044133e-01,6.467536564799643284e-02,7.504377663446144542e-01,8.040540540540540571e-01,4.656024633399206691e-01,8.040916905981065899e-01,6.912531719179861867e-01,5.525908431907423646e-01
9.376116230288082942e-01,7.142857142857141906e-01,3.181625554264299605e-01,5.523470743241051251e-01,5.000000000000000000e-01,3.133817596158539054e-01,4.494077845970448903e-01,1.007761217354617433e-01,7.401751825788067674e-01,4.871852969557537438e-01,7.642456862440170084e-01,2.999999999999999889e-01,6.416505261823907125e-02,1.674520315365301548e-01,5.833333330000000094e-01,6.769230744353846863e-01,7.959155119542553614e-01,3.846153846153846367e-01,4.915753315230261128e-02,7.751151966192433296e-01,8.108108108108108558e-01,4.712847419305526420e-01,8.197013918494122642e-01,7.197787160820230401e-01,5.805110256203080965e-01
9.268897095283772369e-01,7.142857142857141906e-01,2.630598348410566056e-01,4.374154894469113875e-01,3.750000000000000000e-01,2.516922239273162165e-01,3.300888289668762465e-01,4.051606821899127187e-02,6.930308241671356839e-01,3.319409995979033523e-01,5.863588350200689137e-01,0.000000000000000000e+00,2.447918273863528959e-03,1.671262578033246571e-01,8.571428570000000358e-01,6.769230744353846863e-01,6.989829530138127467e-01,3.543956043956044133e-01,2.702806459999527317e-02,7.220115950082903744e-01,8.108108108108108558e-01,5.096831698669791466e-01,7.812721063258643017e-01,6.468560473649695997e-01,5.338013843966646910e-01
9.270981489939867926e-01,7.142857142857141906e-01,2.766173831616933199e-01,4.896105991210022990e-01,4.375000000000000000e-01,2.702916952476611678e-01,3.812627019779138426e-01,7.110872557060204935e-02,6.940266484726118623e-01,4.254084231494191792e-01,7.152998893655495571e-01,2.666666666666666630e-01,2.729437361664741740e-02,1.179833725057926191e-01,6.428571429999999642e-01,6.769230744353846863e-01,7.759659370952820545e-01,3.516483516483516758e-01,3.752756240639357893e-02,7.242744559925868852e-01,8.108108108108108558e-01,4.497609594370324260e-01,7.817405847547751474e-01,6.638503594794797902e-01,5.340104522923249109e-01
9.162088717374130553e-01,7.142857142857141906e-01,2.171715788946816938e-01,3.636259320333546374e-01,3.125000000000000000e-01,2.105271476480060078e-01,2.739333959757935255e-01,2.921676604363573904e-02,6.656155426917009788e-01,2.846002656183153068e-01,5.293053217627132767e-01,0.000000000000000000e+00,2.837206079988755739e-03,1.263599970194102251e-01,8.666666669999999462e-01,5.499999849849999123e-01,6.889976903888372917e-01,3.021978021978021789e-01,2.290494814640472998e-02,6.949076108946197206e-01,7.972972972972972583e-01,4.403478918474291182e-01,7.550513686597302154e-01,6.173512130454994473e-01,4.928336465766162133e-01
9.267421475231882866e-01,5.714285714285713969e-01,3.059387142883192023e-01,2.397346516316010978e-01,2.500000000000000000e-01,3.006287698776505257e-01,2.387742943765546189e-01,1.229806167263135935e-01,7.478645563610613056e-01,2.171766384492913871e-01,3.896113405916885597e-01,0.000000000000000000e+00,2.971392425734944651e-02,1.951949699217888842e-02,4.000000000000000222e-01,6.769230744353846863e-01,8.288016311608530362e-01,7.500000000000001110e-01,6.894295839379738222e-02,7.577766286898608428e-01,7.770270270270269730e-01,3.615995462382757264e-01,7.766013763896244537e-01,6.449086635321048533e-01,6.070029672057533077e-01
9.109637142218538486e-01,4.285714285714285476e-01,1.637213343497817553e-01,2.626130429546272294e-01,2.500000000000000000e-01,1.809788568105195061e-01,2.493673263315702715e-01,1.150076208357386776e-01,7.719962192178717597e-01,3.087366561975274371e-01,6.351782016924912844e-01,0.000000000000000000e+00,3.007551472556888594e-01,1.871836144620764031e-01,2.000000000000000111e-01,8.249999890274999359e-01,7.721480445391710745e-01,4.505494505494505586e-01,1.005442131362721259e-01,7.966810504539925120e-01,4.932432432432432567e-01,1.639251276280183078e-01,9.117011857189039059e-01,6.934613865148384626e-01,5.354237071654398550e-01
9.285601648499244298e-01,5.714285714285713969e-01,2.890601681489831098e-01,2.448363127096429281e-01,2.500000000000000000e-01,2.841183922439140530e-01,2.381173365295886080e-01,1.400450323439851319e-01,7.401499467938468246e-01,2.198757547823212144e-01,4.180990514652105916e-01,0.000000000000000000e+00,9.795159860683374728e-03,6.573056191958573380e-02,2.999999999999999889e-01,5.499999849849999123e-01,8.397508302257591373e-01,7.280219780219781001e-01,8.692898497560262727e-02,7.534057500300408439e-01,7.635135135135134865e-01,2.974758933720215159e-01,7.742777233822271121e-01,6.433857681638071035e-01,5.871547334578873789e-01
9.781019807049009529e-01,5.714285714285713969e-01,3.468235656136590683e-01,4.406563620492725541e-01,4.375000000000000000e-01,3.574237908933623475e-01,4.396948696718823157e-01,2.799059591541165903e-01,8.516749564758676616e-01,4.466433251388329806e-01,7.694275897902678185e-01,0.000000000000000000e+00,5.802439045778496896e-01,6.686296402033575781e-02,1.785714290000000037e-01,5.499999849849999123e-01,9.066413978430669651e-01,6.703296703296703907e-01,2.604907597000529207e-01,8.768770419830576035e-01,6.891891891891891442e-01,2.631067174464863379e-01,9.762809371442493500e-01,8.090250859655836457e-01,6.497878405748755970e-01
9.451254449931697499e-01,7.142857142857141906e-01,4.067163791810867179e-01,5.808047289038735794e-01,5.000000000000000000e-01,3.684738641695484151e-01,4.248325002658424054e-01,1.522218603305835194e-01,6.886158841579899104e-01,4.374473028317362733e-01,7.091549434386671402e-01,0.000000000000000000e+00,1.003507636624652311e-02,1.598271429819052986e-02,4.722222220000000248e-01,6.769230744353846863e-01,8.383726023528880189e-01,5.082417582417583235e-01,1.238661269509784280e-01,7.082716529230939084e-01,8.243243243243243423e-01,5.227122331118182474e-01,7.154930501225071904e-01,6.517894399944168526e-01,5.865930513224383303e-01
9.813814353297940496e-01,1.000000000000000000e+00,7.466248279487505135e-01,1.000000000000000000e+00,9.375000000000000000e-01,7.066790550426933493e-01,8.762909834533162412e-01,6.361447159023284614e-01,8.499792609157661438e-01,8.446632166294767430e-01,9.303467347335168114e-01,0.000000000000000000e+00,3.454036864246627370e-01,2.614253642816709022e-01,2.833333330000000205e-01,8.249999890274999359e-01,9.465943210900723548e-01,7.335164835164835750e-01,4.927075469250345452e-01,8.701969174921144745e-01,8.310810810810811411e-01,7.266543771902057580e-01,8.172418800976311015e-01,8.871357321378796623e-01,8.149765556560287783e-01
8.330456051510833904e-01,1.000000000000000000e+00,2.445861063050573103e-01,5.728839738540714155e-01,4.375000000000000000e-01,2.076377892469425945e-01,3.131245037574839629e-01,2.477299441442384897e-02,5.003487355378686274e-01,3.408580508033800527e-01,5.500899072744975804e-01,0.000000000000000000e+00,0.000000000000000000e+00,1.289970884823015140e-01,1.000000000000000000e+00,4.400000018479999220e-01,7.294305569463542804e-01,3.104395604395604469e-01,2.459234497594036187e-02,5.959783245496999005e-01,9.932432432432432012e-01,7.810550198746754047e-01,5.085005410925853564e-01,5.308127608401103092e-01,4.709737909832077962e-01
5.953996907685757956e-01,0.000000000000000000e+00,2.402304828258720534e-02,3.343216187958002877e-02,0.000000000000000000e+00,1.556206934215976535e-02,1.219811784164045315e-02,6.701013005852404086e-03,3.003818630411438373e-01,0.000000000000000000e+00,2.913515894989338051e-02,0.000000000000000000e+00,0.000000000000000000e+00,1.136169374268437005e-01,0.000000000000000000e+00,3.437499935031249620e-01,7.779734608947652674e-03,2.637362637362637430e-01,0.000000000000000000e+00,3.630078686142140243e-01,2.364864864864865135e-01,3.857061826541607202e-02,3.731664925488507034e-01,2.598782010774734474e-01,1.894666415220739031e-01
7.704197713398093228e-01,2.857142857142856984e-01,8.981600854472980566e-02,1.662056047396100189e-01,1.250000000000000000e-01,7.908430119999426688e-02,9.771011260922998765e-02,5.465397940542857450e-03,4.313230522806026923e-01,1.059356350309024475e-01,2.658853017354729231e-01,0.000000000000000000e+00,0.000000000000000000e+00,8.436827127119324310e-02,1.000000000000000000e+00,3.437499935031249620e-01,5.650773802315461891e-01,3.076923076923077094e-01,7.026384278840102152e-03,4.993377829461598805e-01,6.824324324324324564e-01,2.699943278579125527e-01,5.303972228598734517e-01,3.917993608890331658e-01,3.028230298442734503e-01
9.455515688027626986e-01,8.571428571428572063e-01,4.479413467302572061e-01,5.308239571586439443e-01,5.000000000000000000e-01,4.200477663538673689e-01,4.372526502050976260e-01,1.343225904900927914e-01,7.235923530638668222e-01,4.380256713936033774e-01,6.446212015368055770e-01,0.000000000000000000e+00,1.259045096394791757e-02,1.307344529069146555e-01,6.388888889999999599e-01,6.769230744353846863e-01,8.240255436093203434e-01,5.137362637362637985e-01,6.992771788453856774e-02,7.283743813757079799e-01,8.310810810810811411e-01,6.698966406315910449e-01,7.514440847571173254e-01,6.820028636468133953e-01,6.346318057966724435e-01
8.672438146616116006e-01,2.857142857142856984e-01,1.713286957411815914e-01,2.309858456587548237e-01,1.875000000000000000e-01,1.555943672355399598e-01,1.584603691415052418e-01,2.709033370164530899e-02,5.613316232952658691e-01,1.845701178260453490e-01,4.660069060734304269e-01,0.000000000000000000e+00,1.643164249653718614e-03,2.493878493845407829e-01,6.666666669999999906e-01,6.769230744353846863e-01,6.384245119569955662e-01,3.434065934065934078e-01,1.628843628148816947e-02,5.789508832156249341e-01,6.824324324324324564e-01,2.474948005203486956e-01,6.576640728577651807e-01,4.944280063476797493e-01,3.931169014736831668e-01
9.473869643738419555e-01,8.571428571428572063e-01,4.914113444369201389e-01,7.086005635403339609e-01,6.250000000000000000e-01,4.524707602508525883e-01,5.433890374844738691e-01,2.412566719644078927e-01,7.309488651368942769e-01,5.931059904835864760e-01,7.920928878997514078e-01,0.000000000000000000e+00,5.731218145524741292e-02,4.957382472148547659e-01,4.363636359999999992e-01,6.769230744353846863e-01,8.831729919098418868e-01,5.082417582417583235e-01,1.296973613118586888e-01,7.396886862971900900e-01,8.310810810810811411e-01,6.136234725358373776e-01,7.523435633406261314e-01,7.173868169897923419e-01,6.478258281289073217e-01
9.660614385138168725e-01,8.571428571428572063e-01,5.906962600380357697e-01,7.555809335371012070e-01,6.875000000000000000e-01,5.563124351439305837e-01,6.347387986709882579e-01,4.291833830670925276e-01,8.152181941941833987e-01,6.331511100401981951e-01,8.129496782212577433e-01,0.000000000000000000e+00,1.610010154911629132e-01,2.899953769348544430e-01,3.181818180000000051e-01,6.769230744353846863e-01,9.182557833044004969e-01,6.813186813186814517e-01,3.478930787037999850e-01,8.204749481878281792e-01,8.310810810810811411e-01,6.322513276413004313e-01,7.959307963664814523e-01,8.023305591227782863e-01,7.486096265080083301e-01
9.208043322691594756e-01,7.142857142857141906e-01,3.286361290375870436e-01,3.242268425542522148e-01,3.125000000000000000e-01,3.080285715713860228e-01,2.644857013879511887e-01,4.173418242030825509e-02,6.453226086620942326e-01,2.628443023509603460e-01,4.147221664608813363e-01,0.000000000000000000e+00,4.003323041000927517e-04,1.377925495926771993e-01,9.333333329999999872e-01,6.769230744353846863e-01,7.513162858086639417e-01,4.615384615384615641e-01,2.192930029162354355e-02,6.493021320941128049e-01,8.310810810810811411e-01,6.335224050094589998e-01,6.715731974121252890e-01,5.754261762745254138e-01,5.445736994003690379e-01
9.621148816430487027e-01,8.571428571428572063e-01,5.850145639363458772e-01,7.132897494897803004e-01,6.875000000000000000e-01,5.583983231050131391e-01,6.184297097154168865e-01,3.454010947120189634e-01,7.823355903360533770e-01,6.417038911834918036e-01,8.201040437387777660e-01,4.000000000000000222e-01,4.757544182327295285e-02,9.818973573548434031e-02,3.939393939999999983e-01,6.769230744353846863e-01,9.078845622948890082e-01,6.373626373626374297e-01,1.949022009903532415e-01,7.890765265487076352e-01,8.310810810810811411e-01,6.489798724517578110e-01,7.775336484631567568e-01,7.717126684521480318e-01,7.134524364266179308e-01
9.489029160293561693e-01,7.142857142857141906e-01,3.667278564901773064e-01,3.944033695327621158e-01,3.750000000000000000e-01,3.559856431498836793e-01,3.574805330941461801e-01,1.660319916231227655e-01,7.870390866118830431e-01,3.389198163292093113e-01,5.507221076596821030e-01,0.000000000000000000e+00,1.852363152981806038e-01,3.681479512617000585e-03,4.285714290000000037e-01,6.769230744353846863e-01,8.527376517027712710e-01,6.318681318681319548e-01,1.034260375011998856e-01,7.901676031649855769e-01,7.905405405405405705e-01,4.656024633399206691e-01,8.638273750685152574e-01,7.156013387001587400e-01,6.486036502275533966e-01
9.376119338186214014e-01,5.714285714285713969e-01,3.911797739883485781e-01,5.188497848356258269e-01,5.000000000000000000e-01,3.789591161572626321e-01,4.238423199542088460e-01,1.805463917081039094e-01,6.786880625486535479e-01,5.064865036618030336e-01,7.671777080800836757e-01,2.999999999999999889e-01,6.504187875618241965e-02,9.970992960702083907e-02,4.166666669999999906e-01,8.249999890274999359e-01,8.703837332583090891e-01,4.670329670329670391e-01,8.767463608235606665e-02,6.882813390629913819e-01,8.243243243243243423e-01,4.753025145058226153e-01,7.219346285200298752e-01,6.571964200031445991e-01,5.681502440999314230e-01
7.779307681456089085e-01,1.428571428571428492e-01,8.569300300515320101e-02,8.531714036314261285e-02,6.250000000000000000e-02,7.847496498981446078e-02,6.309564955411992027e-02,4.655120019509417957e-03,4.995585547270322002e-01,6.417526874846565810e-02,2.492674705172188143e-01,0.000000000000000000e+00,0.000000000000000000e+00,6.069657356429585676e-02,1.000000000000000000e+00,5.499999849849999123e-01,3.617576817217094121e-01,2.939560439560439664e-01,3.513192139420051509e-03,5.165250340337781410e-01,4.662162162162162837e-01,1.446398184953102684e-01,5.925034081805702346e-01,4.257152894146856714e-01,3.172690042629279228e-01
8.967876720683694014e-01,4.285714285714285476e-01,2.918759159193020092e-01,2.646369237891356696e-01,2.500000000000000000e-01,2.917974218140293452e-01,2.258586220635259989e-01,8.257496181486487230e-02,6.813995762845328485e-01,2.581326222943113313e-01,4.554034806539556945e-01,0.000000000000000000e+00,8.981679699153779367e-03,2.732082901215256432e-01,5.999999999999999778e-01,8.249999890274999359e-01,7.542436976858200026e-01,6.236263736263737423e-01,2.997923958854670917e-02,6.738007425789691585e-01,9.121621621621621712e-01,4.146341463532228211e-01,7.074164820080861560e-01,6.045703141350511345e-01,5.581829760720751210e-01
9.112040242707413196e-01,5.714285714285713969e-01,3.601502085175543599e-01,2.427325835504492157e-01,2.500000000000000000e-01,3.517986003773134751e-01,2.277258170830619433e-01,7.641772392142323622e-02,7.063767447947781886e-01,2.197664359370762044e-01,2.936763718465353334e-01,0.000000000000000000e+00,1.106909596590118286e-04,5.446318787250881144e-02,6.999999999999999556e-01,8.249999890274999359e-01,8.057481585820716052e-01,6.758241758241758657e-01,4.193413056895645141e-02,6.895361981405960794e-01,9.459459459459459429e-01,5.640952921317100577e-01,7.044603831216591505e-01,6.136312278889122229e-01,6.125214479178494598e-01
9.642773631861843997e-01,1.000000000000000000e+00,7.469056564531205700e-01,6.950086560437735983e-01,7.500000000000000000e-01,7.650381487077007048e-01,7.254141110929775982e-01,6.586702479364749951e-01,8.924427074403258331e-01,7.791541823158422142e-01,7.983413461321491322e-01,4.333333333333333481e-01,1.907443466467950988e-01,1.433922556013978722e-01,3.076923080000000255e-01,1.000000000000000000e+00,9.623277712003912576e-01,8.434065934065935188e-01,3.684990252869740357e-01,8.692230382196268756e-01,9.729729729729730270e-01,7.721541081897945746e-01,8.544905999803240615e-01,8.842311847519963575e-01,8.665861844449442852e-01
8.571017279142145728e-01,2.857142857142856984e-01,2.240909246126800425e-01,1.815506243248615481e-01,1.875000000000000000e-01,2.188812746298620937e-01,1.661524061095779325e-01,6.776523565857944797e-02,6.169574032199933722e-01,2.394674696999557206e-01,3.906586827382587113e-01,0.000000000000000000e+00,1.475698420906137731e-01,8.164037279715562418e-04,5.000000000000000000e-01,8.249999890274999359e-01,7.684526839312749713e-01,5.576923076923078204e-01,3.321815620985999612e-02,6.072604248658508563e-01,7.972972972972972583e-01,2.868689733490320526e-01,6.612151393489087425e-01,5.363036536752858741e-01,4.777594805446324644e-01
9.437332129801446756e-01,7.142857142857141906e-01,4.168982370158198503e-01,3.816848396777541286e-01,4.375000000000000000e-01,4.387004619010113071e-01,4.217032575576777353e-01,3.484430712820845710e-01,8.301597077156881443e-01,5.137238651361019093e-01,6.853668454323978976e-01,5.333333333333333259e-01,4.217284730343232590e-01,4.529336268424092454e-02,2.500000000000000000e-01,8.249999890274999359e-01,9.444471295111002140e-01,8.131868131868132954e-01,1.886161529558022798e-01,8.122177156070651272e-01,9.324324324324324564e-01,4.363301191275193447e-01,8.462828579058077061e-01,7.757894016163946471e-01,7.127077720096053337e-01
8.883994200770157779e-01,5.714285714285713969e-01,3.142859322785558907e-01,4.549097191372037385e-01,4.375000000000000000e-01,3.228613634011186506e-01,3.875281466770031380e-01,2.674267075537457017e-01,7.162403644444157447e-01,5.352672429673749344e-01,7.185651558862141686e-01,0.000000000000000000e+00,1.661985463989383571e-01,3.402107947264186305e-01,2.857142859999999840e-01,8.249999890274999359e-01,8.588532972380908959e-01,6.428571428571429047e-01,1.579164722000638288e-01,7.106763947281073968e-01,8.243243243243243423e-01,3.994814034770131084e-01,7.478555399916613222e-01,6.528941399028374004e-01,6.002503885124584881e-01
8.607608458529416584e-01,2.857142857142856984e-01,2.347718378342659729e-01,1.682381159434245543e-01,1.875000000000000000e-01,2.333712667085268422e-01,1.750339860961144522e-01,7.473353916961086862e-02,6.732357926576995055e-01,2.265536609897781106e-01,4.262683217040624251e-01,1.333333333333333315e-01,2.484645534278389148e-02,1.827623585889378427e-02,5.000000000000000000e-01,8.249999890274999359e-01,7.887862073891356296e-01,6.016483516483517313e-01,2.174172854622371392e-02,6.620113856783556017e-01,8.378378378378378288e-01,3.302609188976251553e-01,7.319272734086958998e-01,5.817557179377159660e-01,5.277054970547405688e-01
8.029743202226280463e-01,1.428571428571428492e-01,1.341154267494042707e-01,6.408554665346777313e-02,6.250000000000000000e-02,1.356650582836275987e-01,7.106234743234299267e-02,9.802813581111666230e-03,6.022997090539061738e-01,6.348795960725409082e-02,8.308915683907303062e-02,0.000000000000000000e+00,0.000000000000000000e+00,1.298502661852128648e-01,1.000000000000000000e+00,6.769230744353846863e-01,4.831944849653502239e-01,4.917582417582417320e-01,3.513192139420051509e-03,6.026817162855517829e-01,6.418918918918918859e-01,2.603516732915585052e-01,6.841331040912221884e-01,5.078055942065577977e-01,4.289812793411957870e-01
9.359608505458334449e-01,8.571428571428572063e-01,3.723255397197857142e-01,3.733704982648508586e-01,3.750000000000000000e-01,3.759516113263166592e-01,3.436903477189192091e-01,2.091428958400060045e-01,7.583799370871551204e-01,3.392315074312227674e-01,5.011266544443199189e-01,0.000000000000000000e+00,2.239462598834574339e-02,1.612110905295413218e-02,3.809523810000000066e-01,8.249999890274999359e-01,8.770993412601534311e-01,7.582417582417583235e-01,1.909105019635508049e-01,7.607213003270880680e-01,8.918918918918918859e-01,4.763930529346679932e-01,7.609495120797165058e-01,6.852372124006922416e-01,6.572915282096346568e-01
9.291564655281053797e-01,7.142857142857141906e-01,3.297617546280467993e-01,3.535001427286332265e-01,3.750000000000000000e-01,3.446356905298182949e-01,3.264476982021392582e-01,1.597501366146618085e-01,6.866075218869669428e-01,3.753905122590304178e-01,6.042549611775125395e-01,0.000000000000000000e+00,5.823023997566373344e-02,3.027697678108409729e-02,4.285714290000000037e-01,8.249999890274999359e-01,8.618501464252075195e-01,6.153846153846154188e-01,1.023553503545932414e-01,7.035497731873063820e-01,8.851351351351350871e-01,4.036139696852982239e-01,7.057252748797182562e-01,6.390227583753727014e-01,5.691744250853730813e-01
8.029743202226280463e-01,1.428571428571428492e-01,1.341154267494042707e-01,6.408554665346777313e-02,6.250000000000000000e-02,1.356650582836275987e-01,7.106234743234299267e-02,9.802813581111666230e-03,6.022997090539061738e-01,6.348795960725409082e-02,8.308915683907303062e-02,0.000000000000000000e+00,0.000000000000000000e+00,1.298502661852128648e-01,1.000000000000000000e+00,6.769230744353846863e-01,4.831944849653502239e-01,4.917582417582417320e-01,3.513192139420051509e-03,6.026817162855517829e-01,6.418918918918918859e-01,2.603516732915585052e-01,6.841331040912221884e-01,5.078055942065577977e-01,4.289812793411957870e-01
8.010039112583069443e-01,1.428571428571428492e-01,1.513759860024117554e-01,1.151756345532762571e-01,1.250000000000000000e-01,1.465641848809949022e-01,1.147640898279219390e-01,5.661611727037112879e-02,5.821796187284447033e-01,1.801160368476379114e-01,4.540228930749853342e-01,1.000000000000000056e-01,2.484645534278389148e-02,2.019131132306495671e-02,3.333333330000000094e-01,8.249999890274999359e-01,7.148609844598241558e-01,5.082417582417583235e-01,1.438735828440754726e-02,5.795201627874879691e-01,6.486486486486486847e-01,1.639251276280183078e-01,6.432630459530490619e-01,4.943667524029490834e-01,4.199545058972212752e-01
6.648265242945853304e-01,0.000000000000000000e+00,7.189690849250282567e-02,1.322591020356665009e-02,0.000000000000000000e+00,6.547330820783341110e-02,2.185460645658232615e-02,2.392105692241159112e-02,5.317078589829216106e-01,7.634540669825690129e-03,0.000000000000000000e+00,0.000000000000000000e+00,0.000000000000000000e+00,8.383936339988325159e-02,0.000000000000000000e+00,8.249999890274999359e-01,7.779734608947652674e-03,3.626373626373626258e-01,0.000000000000000000e+00,5.369689556740002701e-01,3.445945945945946276e-01,5.303460011494709470e-02,6.356081084246476554e-01,4.511388102508916975e-01,3.400746426711349635e-01
3.396450560371440108e-01,0.000000000000000000e+00,5.984343599793751599e-03,7.164034700762642038e-03,0.000000000000000000e+00,7.489497309575028280e-03,6.801490081589339765e-03,3.743626590723202023e-03,1.631070198983119446e-01,8.088686709968023747e-02,1.922920487701748060e-01,0.000000000000000000e+00,0.000000000000000000e+00,1.076447293136454514e-01,0.000000000000000000e+00,3.437499935031249620e-01,7.779734608947652674e-03,2.472527472527472764e-02,0.000000000000000000e+00,1.753718279864411866e-01,3.378378378378378566e-02,9.642654566354018006e-03,2.826986231418974205e-01,1.555364644260926466e-01,6.301569467090839538e-02
3.396450560371440108e-01,0.000000000000000000e+00,5.984343599793751599e-03,7.164034700762642038e-03,0.000000000000000000e+00,7.489497309575028280e-03,6.801490081589339765e-03,3.743626590723202023e-03,1.631070198983119446e-01,8.088686709968023747e-02,1.922920487701748060e-01,0.000000000000000000e+00,0.000000000000000000e+00,1.076447293136454514e-01,0.000000000000000000e+00,3.437499935031249620e-01,7.779734608947652674e-03,2.472527472527472764e-02,0.000000000000000000e+00,1.753718279864411866e-01,3.378378378378378566e-02,9.642654566354018006e-03,2.826986231418974205e-01,1.555364644260926466e-01,6.301569467090839538e-02
7.544197213257091139e-01,4.285714285714285476e-01,1.013414989710732100e-01,3.324112094362358105e-01,3.125000000000000000e-01,1.257666356414630093e-01,2.175413948673525222e-01,4.753930613140022049e-02,4.009318402729785125e-01,5.304986338927002443e-01,7.852464868584790869e-01,0.000000000000000000e+00,2.021944839423269191e-01,1.636359886375220452e-01,4.000000000000000222e-01,2.588235128341174196e-01,7.143352765152380934e-01,1.181318681318681424e-01,5.874280316705642047e-02,4.496329621013763211e-01,3.986486486486486847e-01,1.591038003448412841e-01,5.382020734855263999e-01,4.240675511237909645e-01,2.473012654615312778e-01
7.208343876058896926e-01,2.857142857142856984e-01,6.340675312766892724e-02,2.206522683278566432e-01,1.875000000000000000e-01,7.279818232858203952e-02,1.216956833744008981e-01,8.676702874348614022e-03,3.155536876492152643e-01,3.161232435695742193e-01,5.721281947475380658e-01,0.000000000000000000e+00,1.614077125254433998e-03,1.708026526962323766e-01,8.333333330000000094e-01,1.833333360283333491e-01,4.744082465668126858e-01,8.241758241758241621e-02,1.204523019380297245e-02,3.564319579214591527e-01,3.918918918918919414e-01,1.671393458328740700e-01,4.350290690865139531e-01,3.242310449901706915e-01,1.879775767000655684e-01
7.458601508380706679e-01,2.857142857142856984e-01,8.551611260086192101e-02,3.281127886243750957e-01,3.125000000000000000e-01,1.075658179957054705e-01,2.005516701449039096e-01,4.290014650053464162e-02,3.351840425871835394e-01,5.585521570045577366e-01,8.434088968701708433e-01,0.000000000000000000e+00,8.251860379884240482e-02,7.046928425992589340e-02,3.333333330000000094e-01,1.833333360283333491e-01,7.520151277125907141e-01,8.791208791208791895e-02,5.550843580283681966e-02,3.795794525949449105e-01,3.918918918918919414e-01,1.317829457241004865e-01,4.526157493078231120e-01,3.660911043215943628e-01,2.042978213784024943e-01
7.794085334388121122e-01,4.285714285714285476e-01,1.021557965132669915e-01,2.464427931990210430e-01,2.500000000000000000e-01,1.280297589003259462e-01,1.843288060501138692e-01,4.027102173191120932e-02,4.374810109830585270e-01,4.077844474461944646e-01,6.844064644805516462e-01,0.000000000000000000e+00,1.533209323381461708e-01,4.180262802508464409e-02,4.000000000000000222e-01,2.588235128341174196e-01,7.281832060012386476e-01,1.428571428571428770e-01,4.876087629919715477e-02,4.920412807681396328e-01,4.054054054054054279e-01,1.456040839519456842e-01,5.704287046102962666e-01,4.432925193552260112e-01,2.727297316542348637e-01
8.110216461141706024e-01,4.285714285714285476e-01,7.639940358076670324e-02,1.776680602092492178e-01,1.875000000000000000e-01,9.570733003229173197e-02,1.531855490003351250e-01,5.631783288201951121e-02,4.920705444971409936e-01,3.273030813918520465e-01,5.454209655231853082e-01,0.000000000000000000e+00,3.772479811906049862e-01,1.148113933723557550e-01,1.666666669999999906e-01,3.437499935031249620e-01,7.918992365263470834e-01,1.813186813186813406e-01,5.915964618982039874e-02,5.366731392591790328e-01,4.121621621621622267e-01,1.084798638714827013e-01,6.608169326843347235e-01,4.897544727729796210e-01,2.957377031899290909e-01
6.904070292741099069e-01,2.857142857142856984e-01,4.521931659008140286e-02,1.533103423040278190e-01,1.250000000000000000e-01,5.089944550027115933e-02,8.136265143353052509e-02,3.456728026328373567e-03,2.815935825077247601e-01,2.244593918316505066e-01,4.391855435059004442e-01,0.000000000000000000e+00,0.000000000000000000e+00,1.134693044193688383e-01,1.000000000000000000e+00,1.833333360283333491e-01,4.071394695545625941e-01,7.692307692307692735e-02,7.026384278840102152e-03,3.144170269318311006e-01,3.851351351351351426e-01,1.446398184953102684e-01,4.071405482134575760e-01,2.877345787001420185e-01,1.579495081632222575e-01
3.831180645828092812e-01,0.000000000000000000e+00,1.383518665032703113e-02,0.000000000000000000e+00,0.000000000000000000e+00,1.864917258836279457e-02,7.258267665453330131e-03,3.997151006855708712e-03,1.672736408006516018e-01,7.203922768694565049e-02,2.670722900001206712e-01,0.000000000000000000e+00,0.000000000000000000e+00,7.181137321291283793e-02,0.000000000000000000e+00,1.157894668757892820e-01,7.779734608947652674e-03,2.472527472527472764e-02,0.000000000000000000e+00,1.933836993199227750e-01,1.351351351351351426e-02,4.821327283177008136e-03,2.839354061942218621e-01,1.671954567722921392e-01,6.689118699491888864e-02
9.575881758716662251e-01,8.571428571428572063e-01,4.411286499045347642e-01,6.003523094877289967e-01,5.625000000000000000e-01,4.496410291793965786e-01,5.248972668467003500e-01,2.600438977826210474e-01,7.947599270373255642e-01,5.568435299319914877e-01,7.628400427974201259e-01,0.000000000000000000e+00,3.574557857568112507e-01,6.930587314038538782e-02,4.000000000000000222e-01,6.769230744353846863e-01,8.650870440068871847e-01,5.961538461538462563e-01,2.195020423454168423e-01,8.182667561788028454e-01,8.581081081081081141e-01,4.898468519707840918e-01,8.391713553549426940e-01,7.879675477019922880e-01,6.656481897586452590e-01
9.375754831296525538e-01,8.571428571428572063e-01,3.876159445911080415e-01,5.522168192782433982e-01,5.000000000000000000e-01,3.827636924995028722e-01,4.268828591022389984e-01,1.340183064357729770e-01,6.801992071108193816e-01,4.745451636245892058e-01,7.249222226975671202e-01,0.000000000000000000e+00,9.261155923799507458e-03,1.445559173712057666e-01,5.555555559999999504e-01,6.769230744353846863e-01,7.971991555503580296e-01,4.505494505494505586e-01,7.327383820438089501e-02,7.115508169677766670e-01,8.648648648648649129e-01,4.928467888398426200e-01,7.137831038569830699e-01,6.683420833029829478e-01,5.623000057745223268e-01
9.469046803631634424e-01,8.571428571428572063e-01,4.552649494825409815e-01,6.587159319943507452e-01,6.250000000000000000e-01,4.609971156714157137e-01,5.449380695072917336e-01,2.856714458311272464e-01,7.196191184070044322e-01,6.293168177397627794e-01,8.467753418050218972e-01,3.666666666666666408e-01,7.240760573326532334e-02,8.517493544591882293e-02,3.636363639999999897e-01,6.769230744353846863e-01,8.834725855255823879e-01,5.686813186813187704e-01,2.398125257808139399e-01,7.521871318862232147e-01,8.716216216216216006e-01,4.702985613718179692e-01,7.358765465644134807e-01,7.322144496220348575e-01,6.140904743200896743e-01
6.518935663637052125e-01,0.000000000000000000e+00,2.714389911383896167e-02,2.507412138819290620e-02,0.000000000000000000e+00,2.205927772603780146e-02,1.946073161995030137e-02,7.865115419322440266e-03,4.677721295717081618e-01,5.819999145119061912e-03,4.273156631028307562e-02,0.000000000000000000e+00,0.000000000000000000e+00,1.076447293136454514e-01,0.000000000000000000e+00,5.499999849849999123e-01,7.779734608947652674e-03,1.840659340659341059e-01,0.000000000000000000e+00,4.970762414187736566e-01,2.094594594594594850e-01,3.374929098223906215e-02,6.098464796188460824e-01,4.011555060961590757e-01,2.601369198111967984e-01
6.284925124641254079e-01,4.285714285714285476e-01,4.637385233280688634e-02,2.750989319590874116e-01,1.875000000000000000e-01,4.258105734908350370e-02,1.144125516107424578e-01,2.981599677273180822e-03,2.817025062937402180e-01,2.745652495439059315e-01,6.035833755348770646e-01,0.000000000000000000e+00,0.000000000000000000e+00,1.636359886375220452e-01,1.000000000000000000e+00,3.437499935031249620e-01,3.301525084725066561e-01,6.318681318681318437e-02,1.053957641826015409e-02,3.200582737763527086e-01,5.405405405405405705e-01,1.639251276280183078e-01,3.781042551895699155e-01,2.848620051907300721e-01,1.623824589146905806e-01
6.284925124641254079e-01,4.285714285714285476e-01,4.637385233280688634e-02,2.750989319590874116e-01,1.875000000000000000e-01,4.258105734908350370e-02,1.144125516107424578e-01,2.981599677273180822e-03,2.817025062937402180e-01,2.745652495439059315e-01,6.035833755348770646e-01,0.000000000000000000e+00,0.000000000000000000e+00,1.636359886375220452e-01,1.000000000000000000e+00,3.437499935031249620e-01,3.301525084725066561e-01,6.318681318681318437e-02,1.053957641826015409e-02,3.200582737763527086e-01,5.405405405405405705e-01,1.639251276280183078e-01,3.781042551895699155e-01,2.848620051907300721e-01,1.623824589146905806e-01
6.284925124641254079e-01,4.285714285714285476e-01,4.637385233280688634e-02,2.750989319590874116e-01,1.875000000000000000e-01,4.258105734908350370e-02,1.144125516107424578e-01,2.981599677273180822e-03,2.817025062937402180e-01,2.745652495439059315e-01,6.035833755348770646e-01,0.000000000000000000e+00,0.000000000000000000e+00,1.636359886375220452e-01,1.000000000000000000e+00,3.437499935031249620e-01,3.301525084725066561e-01,6.318681318681318437e-02,1.053957641826015409e-02,3.200582737763527086e-01,5.405405405405405705e-01,1.639251276280183078e-01,3.781042551895699155e-01,2.848620051907300721e-01,1.623824589146905806e-01
7.170626341729938735e-01,4.285714285714285476e-01,8.867659171694698694e-02,3.911562938793273214e-01,3.125000000000000000e-01,1.036460651112281889e-01,2.185737065295138559e-01,4.371371332989783948e-02,4.133533198263728559e-01,4.663458719653144069e-01,7.769375712493520325e-01,0.000000000000000000e+00,1.421358568445134085e-01,1.432287242055362703e-04,4.000000000000000222e-01,4.400000018479999220e-01,6.846166892783982494e-01,1.236263736263736451e-01,8.953760521603804090e-02,4.565342562445616204e-01,5.405405405405405705e-01,1.591038003448412841e-01,5.153965435661516103e-01,4.306567496697270570e-01,2.585027525399917758e-01
6.284925124641254079e-01,4.285714285714285476e-01,4.637385233280688634e-02,2.750989319590874116e-01,1.875000000000000000e-01,4.258105734908350370e-02,1.144125516107424578e-01,2.981599677273180822e-03,2.817025062937402180e-01,2.745652495439059315e-01,6.035833755348770646e-01,0.000000000000000000e+00,0.000000000000000000e+00,1.636359886375220452e-01,1.000000000000000000e+00,3.437499935031249620e-01,3.301525084725066561e-01,6.318681318681318437e-02,1.053957641826015409e-02,3.200582737763527086e-01,5.405405405405405705e-01,1.639251276280183078e-01,3.781042551895699155e-01,2.848620051907300721e-01,1.623824589146905806e-01
2.945097888640577644e-01,0.000000000000000000e+00,5.676467401733622208e-03,4.298420811860740459e-02,6.250000000000000000e-02,1.155679705068242934e-02,3.507594032302040893e-02,7.298334425456442717e-03,1.587359234822189324e-01,2.897866693800940086e-01,7.656072317823605644e-01,6.666666666666666574e-02,2.484645534278389148e-02,7.181137321291283793e-02,0.000000000000000000e+00,4.400000018479999220e-01,5.679206623022082789e-01,5.494505494505494067e-03,5.269788209130077047e-03,1.656544248005626385e-01,6.756756756756757132e-03,4.821327283177008136e-03,2.546695587401678340e-01,1.528546651241929344e-01,6.088213204305506498e-02
1.704138220724840114e-01,0.000000000000000000e+00,0.000000000000000000e+00,0.000000000000000000e+00,0.000000000000000000e+00,0.000000000000000000e+00,3.271352295941581945e-03,1.990069910354892290e-03,8.791101177720078708e-02,1.189235838575783410e-01,3.917060256326312384e-01,0.000000000000000000e+00,0.000000000000000000e+00,7.181137321291283793e-02,0.000000000000000000e+00,3.437499935031249620e-01,7.779734608947652674e-03,0.000000000000000000e+00,0.000000000000000000e+00,9.159437744204163012e-02,0.000000000000000000e+00,0.000000000000000000e+00,1.673826578655186470e-01,8.069923220082036996e-02,2.729156428872113460e-02
4.372650052248577834e-01,1.428571428571428492e-01,1.177067971696092036e-02,4.298420811860740459e-02,6.250000000000000000e-02,2.131214540770270255e-02,4.341268166337996365e-02,1.232606658841265725e-02,2.544093382859924923e-01,2.410949587368642344e-01,5.661932549199041320e-01,0.000000000000000000e+00,4.959231720122878051e-02,7.181137321291283793e-02,0.000000000000000000e+00,5.499999849849999123e-01,5.679206623022082789e-01,2.197802197802197627e-02,7.611916303247841589e-03,2.609639502449904724e-01,1.351351351351351426e-02,1.446398184953102788e-02,3.610141621029061554e-01,2.377023817605621869e-01,1.175381595663557710e-01
8.511079871862903268e-01,4.285714285714285476e-01,1.776939086176019811e-01,2.776188686516362081e-01,2.500000000000000000e-01,1.791348571194462669e-01,2.096899095060434370e-01,3.040055643330550131e-02,5.801754393034201929e-01,2.901908464947801081e-01,4.785615865355640208e-01,0.000000000000000000e+00,5.740033450562029814e-03,1.029448219575649776e-01,8.000000000000000444e-01,6.769230744353846863e-01,6.722248170066079664e-01,2.774725274725274859e-01,1.890736133279031367e-02,6.085937040391744546e-01,6.554054054054053724e-01,3.722064662612651342e-01,6.760050033496207700e-01,5.435732417689820295e-01,4.206549016896982129e-01
7.974493771892865457e-01,2.857142857142856984e-01,9.293159226846967047e-02,1.498385408691439435e-01,1.250000000000000000e-01,9.111026536447006108e-02,9.739780302920572619e-02,6.776644746742244499e-03,4.246875697172305952e-01,1.527587121256538671e-01,2.982307240951989069e-01,0.000000000000000000e+00,0.000000000000000000e+00,8.488854961186985404e-02,1.000000000000000000e+00,5.499999849849999123e-01,5.354362078317590479e-01,2.005494505494505864e-01,7.026384278840102152e-03,4.512012520075273092e-01,5.810810810810810301e-01,2.507090187252045133e-01,5.339623437038842901e-01,3.864930838240759337e-01,2.761360525493976592e-01
8.872629028591163536e-01,5.714285714285713969e-01,2.786519206716436270e-01,4.843524410950579839e-01,4.375000000000000000e-01,2.780929117975405873e-01,3.702879013456201185e-01,1.093281778353938638e-01,6.451323726514073265e-01,5.079772495756801343e-01,7.172725958682076852e-01,0.000000000000000000e+00,2.082605699135600952e-01,3.154164344720171709e-01,5.000000000000000000e-01,6.769230744353846863e-01,7.920725654147307004e-01,3.351648351648351953e-01,8.301256438152072870e-02,6.874045830199115859e-01,6.621621621621621712e-01,4.098128190700457973e-01,7.120778423757478937e-01,6.288857450983349473e-01,5.043543093322114812e-01
9.009012791520689678e-01,5.714285714285713969e-01,3.977933967174469565e-01,8.792875665470872848e-01,7.500000000000000000e-01,3.763649892154780630e-01,6.154520253101126714e-01,2.374978841283388042e-01,6.360396201299856056e-01,9.151252646442806782e-01,9.904894160170694128e-01,0.000000000000000000e+00,2.633205162631278018e-01,6.994072013755399109e-01,2.692307689999999809e-01,6.769230744353846863e-01,8.940292983235812452e-01,2.664835164835164805e-01,1.336437397033476138e-01,6.808856464317323276e-01,6.621621621621621712e-01,3.942362232357979890e-01,7.172029963880313108e-01,6.833135522220872282e-01,5.002668673781959230e-01
9.300339743704614248e-01,7.142857142857141906e-01,4.004701728279912998e-01,6.417689226518802359e-01,6.250000000000000000e-01,4.210089288534613061e-01,5.819561239449105861e-01,3.337988963387176211e-01,7.829408582212946666e-01,7.452388616768602647e-01,8.513364399792469062e-01,0.000000000000000000e+00,8.327995651271968836e-01,5.878139067858152017e-02,2.727272729999999923e-01,8.249999890274999359e-01,9.160887224064411249e-01,4.780219780219780445e-01,3.447209563564424539e-01,8.144772405383384761e-01,6.689189189189188589e-01,4.383024802932020680e-01,8.351377560820212320e-01,7.864510052411997076e-01,6.421659682150402393e-01
8.761296741846369418e-01,5.714285714285713969e-01,2.814245782817045849e-01,5.391061346062014925e-01,5.000000000000000000e-01,2.829791742316101755e-01,4.028420115650004907e-01,1.253651596402499679e-01,5.980847062065668407e-01,6.191391954208642634e-01,8.361028904838798681e-01,2.999999999999999889e-01,5.280335739947480955e-02,1.722691716033728504e-01,4.166666669999999906e-01,6.769230744353846863e-01,8.237315704476484424e-01,2.692307692307692180e-01,6.605315975021963659e-02,6.341878096408344323e-01,6.621621621621621712e-01,3.660190962639257028e-01,6.780288301625152503e-01,6.019235360514141320e-01,4.550562001845445126e-01
8.527341487643140816e-01,5.714285714285713969e-01,1.692490320087066680e-01,2.773583583020072796e-01,2.500000000000000000e-01,1.654917338248945990e-01,1.873007739766240909e-01,2.904787241826618446e-02,4.760007455134405707e-01,2.857800769619800452e-01,4.836602394826607365e-01,0.000000000000000000e+00,1.195068796460762445e-03,1.512985885990866461e-02,6.999999999999999556e-01,5.499999849849999123e-01,7.175468064345842389e-01,2.280219780219780445e-01,3.022764711458532372e-02,5.055664000352497744e-01,6.486486486486486847e-01,3.264038570710835474e-01,5.635748651953322863e-01,4.486144069868905349e-01,3.433937769675137197e-01
8.774007362018350076e-01,5.714285714285713969e-01,2.246115230592242440e-01,3.138484154576188234e-01,3.125000000000000000e-01,2.353247390044266585e-01,2.698167729042592056e-01,5.911948381696894433e-02,6.368369981381958311e-01,3.591400200405273635e-01,5.174103862398189424e-01,0.000000000000000000e+00,1.914258401379268504e-01,1.039686208781861465e-01,6.666666669999999906e-01,6.769230744353846863e-01,7.576118351665763750e-01,3.406593406593406703e-01,5.153449346793274183e-02,6.738547623545583232e-01,6.554054054054053724e-01,4.162412554315440549e-01,7.112298964194192497e-01,5.999990528509142607e-01,4.887360178428267199e-01
8.651317249504930640e-01,4.285714285714285476e-01,1.874291349544986440e-01,3.987979309737113010e-01,3.750000000000000000e-01,1.887622790792567451e-01,2.992118771480127837e-01,1.405220022053779716e-01,5.658299810798474994e-01,5.169701430942074127e-01,7.834230372305015511e-01,2.333333333333333370e-01,4.861691891885975281e-01,1.514979271759996915e-01,1.428571429999999920e-01,5.499999849849999123e-01,9.027271195969642781e-01,5.000000000000001110e-01,1.908389445985486099e-01,6.376340572532999129e-01,6.216216216216216006e-01,1.997407017385065542e-01,6.220409731233926820e-01,5.439838026150443095e-01,4.297047057631055988e-01
7.565968803738034598e-01,1.428571428571428492e-01,6.875283415554388211e-02,7.604898358453981988e-02,6.250000000000000000e-02,6.794452187266421250e-02,5.954219247781736973e-02,4.185933008150273180e-03,4.457180645399570484e-01,8.191934387509963722e-02,1.424385543676101040e-01,0.000000000000000000e+00,0.000000000000000000e+00,1.092738486299402734e-01,1.000000000000000000e+00,5.499999849849999123e-01,4.487819604454331701e-01,2.197802197802198043e-01,3.513192139420051509e-03,4.779578255809445175e-01,5.608108108108107448e-01,1.928530913270803671e-01,5.615322992452811413e-01,3.980791530501480158e-01,2.795397841331863642e-01
8.443585663623378590e-01,4.285714285714285476e-01,1.447082560134572982e-01,1.952324697433105993e-01,1.875000000000000000e-01,1.522117006873766332e-01,1.569514823761985756e-01,1.947083349049316681e-02,5.379913123125998897e-01,2.297254205654848114e-01,4.132114545319491850e-01,0.000000000000000000e+00,1.172149618313588198e-03,1.394296897175275329e-01,8.333333330000000094e-01,6.769230744353846863e-01,6.109703504344484726e-01,2.609890109890110055e-01,1.555842233322302266e-02,5.625245017715811979e-01,6.283783783783783994e-01,2.908867460689418261e-01,6.455773293918682931e-01,4.953940345546443136e-01,3.688117041895427883e-01
8.602238089717935132e-01,4.285714285714285476e-01,1.710710108871298651e-01,2.783352720916235090e-01,2.500000000000000000e-01,1.735923559558315565e-01,2.028847625656930442e-01,3.975020056277234204e-02,5.438715314792119671e-01,2.991222718044758144e-01,5.350348208248258963e-01,0.000000000000000000e+00,5.525219194850440954e-03,4.235387957737070386e-02,5.999999999999999778e-01,6.769230744353846863e-01,7.008013149814644738e-01,2.582417582417582680e-01,3.407796375237449882e-02,5.715395215295209219e-01,6.351351351351350871e-01,2.834940442508081526e-01,6.459661664878642018e-01,5.069190674115684470e-01,3.809235827513508532e-01
7.803035680043983735e-01,1.428571428571428492e-01,6.325194358506025516e-02,1.548533651639761866e-01,1.250000000000000000e-01,6.199435927966387427e-02,1.054133165546096429e-01,2.424692836144819175e-02,4.771791776069544411e-01,2.073606383312724122e-01,5.350348208248258963e-01,0.000000000000000000e+00,2.043288762224540478e-01,6.320239590145276809e-02,3.333333330000000094e-01,6.769230744353846863e-01,5.791529420283064722e-01,2.197802197802198043e-01,1.773325556222052346e-02,5.094479936065596792e-01,4.391891891891891997e-01,1.060692002298941894e-01,6.378942831577321115e-01,4.424997829330563071e-01,2.823843847156809472e-01
7.361586638909003444e-01,1.428571428571428492e-01,5.724687755033879694e-02,6.888494892676139125e-02,6.250000000000000000e-02,5.986023934142961633e-02,5.918574534535011450e-02,3.616357302195920796e-03,4.368200177972904608e-01,1.057461238147510973e-01,2.919990368275018344e-01,0.000000000000000000e+00,0.000000000000000000e+00,2.065357844972021684e-01,1.000000000000000000e+00,6.769230744353846863e-01,3.053430937904919595e-01,2.087912087912088266e-01,3.513192139420051509e-03,4.658540293297117052e-01,4.391891891891891997e-01,1.446398184953102684e-01,5.815456977283481876e-01,3.971421956794664587e-01,2.558841679153043280e-01
7.525710972254335829e-01,1.428571428571428492e-01,6.682367400917153810e-02,1.154511743742580032e-01,1.250000000000000000e-01,7.340676302271992304e-02,9.713208478074725205e-02,2.749699976121500883e-02,4.199497450267029586e-01,2.103058166325786071e-01,4.851813271700635699e-01,1.000000000000000056e-01,2.484645534278389148e-02,2.532824532387756636e-02,3.333333330000000094e-01,5.499999849849999123e-01,7.055496262646745453e-01,2.032967032967033238e-01,1.398585061233473779e-02,4.455641387146025978e-01,5.608108108108107448e-01,1.382113821338120108e-01,5.342855938198327603e-01,3.829606046415778287e-01,2.645195695742902364e-01
6.465367196624947077e-01,0.000000000000000000e+00,2.425818449555790582e-02,2.763270522524536449e-02,0.000000000000000000e+00,1.855699337006497945e-02,1.822661371133661029e-02,6.678986975882367574e-03,4.394136127274307912e-01,6.276187821124115662e-03,5.934939752853718442e-02,0.000000000000000000e+00,0.000000000000000000e+00,1.178828259414003293e-01,0.000000000000000000e+00,5.499999849849999123e-01,7.779734608947652674e-03,1.675824175824175977e-01,0.000000000000000000e+00,4.666839117220638600e-01,1.486486486486486847e-01,2.892796369906205228e-02,5.815456977283481876e-01,3.759411682444341873e-01,2.389936081668502521e-01
9.158021506081333030e-01,4.285714285714285476e-01,1.608549426574433228e-01,3.704829366392836110e-01,3.125000000000000000e-01,1.674248384935757006e-01,2.823378417577777078e-01,6.996811802954447379e-02,6.569380891880318707e-01,3.896433822569840277e-01,7.202277689191567411e-01,0.000000000000000000e+00,3.500680497272494751e-01,3.904944968122477794e-02,4.000000000000000222e-01,6.769230744353846863e-01,7.195240602183492484e-01,2.829670329670329609e-01,8.208094360822050517e-02,6.895096728003899944e-01,5.270270270270269730e-01,1.996029495235281670e-01,8.633073640124242498e-01,6.444696593317500444e-01,4.307868503406618865e-01
9.170121401899065106e-01,4.285714285714285476e-01,1.793036907922112289e-01,4.327076952039285440e-01,3.750000000000000000e-01,1.855766248178608857e-01,3.313263933927022009e-01,7.322007085873644128e-02,6.556007705950017694e-01,4.567611814454523023e-01,7.720070055894798777e-01,0.000000000000000000e+00,9.744884026806249766e-02,1.554455256581905587e-01,4.285714290000000037e-01,5.499999849849999123e-01,7.357665843282654716e-01,2.445054945054945528e-01,5.423091140127749704e-02,6.883307983116238038e-01,5.270270270270269730e-01,2.383113200039226054e-01,8.447556182275588466e-01,6.433779422888605826e-01,4.376414445363712158e-01
8.377332040209313213e-01,2.857142857142856984e-01,8.420014178126099258e-02,1.379588394106657789e-01,1.250000000000000000e-01,8.723426353741522976e-02,1.161504507288949606e-01,6.185385136959077601e-03,5.500437332808927327e-01,1.558879167875541205e-01,3.584703624483206452e-01,0.000000000000000000e+00,0.000000000000000000e+00,1.298502661852128648e-01,1.000000000000000000e+00,5.499999849849999123e-01,4.953803654109811827e-01,1.923076923076923461e-01,7.026384278840102152e-03,5.762370587414238354e-01,5.202702702702702853e-01,1.832104367607263473e-01,7.604950880036729366e-01,5.237190843166565912e-01,3.283824746100475478e-01
9.283157570562798888e-01,4.285714285714285476e-01,2.142692555677778443e-01,4.388855119683066630e-01,3.750000000000000000e-01,2.140730494895043690e-01,3.359636254911439468e-01,1.027924315184202547e-01,6.681684781702157405e-01,4.466454056012857388e-01,7.119367654212115371e-01,0.000000000000000000e+00,2.566835170694622414e-01,5.698068335068848245e-03,3.809523810000000066e-01,5.499999849849999123e-01,7.846642680969091455e-01,3.186813186813187149e-01,8.008449860875165027e-02,6.961540599465332324e-01,5.878378378378378288e-01,2.966264214037614422e-01,8.555212525239277443e-01,6.605248589648275992e-01,4.755134594517287372e-01
8.771060553164674589e-01,4.285714285714285476e-01,1.128646569850669246e-01,1.911773827915145274e-01,1.875000000000000000e-01,1.240819413080701955e-01,1.702053140735998449e-01,2.034243972686282029e-02,6.005650295951419082e-01,2.357829706961189487e-01,4.642201989691788766e-01,0.000000000000000000e+00,5.649467337268577333e-02,6.637405277026016404e-02,6.666666669999999906e-01,5.499999849849999123e-01,6.482186421743416638e-01,1.785714285714286031e-01,2.188425936964180293e-02,6.297390225388748153e-01,5.067567567567567988e-01,1.992815276885786246e-01,7.983200363539262323e-01,5.694501597405592364e-01,3.729160797177329956e-01
8.377332040209313213e-01,2.857142857142856984e-01,8.420014178126099258e-02,1.379588394106657789e-01,1.250000000000000000e-01,8.723426353741522976e-02,1.161504507288949606e-01,6.185385136959077601e-03,5.500437332808927327e-01,1.558879167875541205e-01,3.584703624483206452e-01,0.000000000000000000e+00,0.000000000000000000e+00,1.298502661852128648e-01,1.000000000000000000e+00,5.499999849849999123e-01,4.953803654109811827e-01,1.923076923076923461e-01,7.026384278840102152e-03,5.762370587414238354e-01,5.202702702702702853e-01,1.832104367607263473e-01,7.604950880036729366e-01,5.237190843166565912e-01,3.283824746100475478e-01
9.056322085923591558e-01,4.285714285714285476e-01,1.363495883190796176e-01,3.101003585576722066e-01,3.125000000000000000e-01,1.588446515114948776e-01,2.684132256800286220e-01,6.946879329331819009e-02,6.033488900758419149e-01,4.287814201841927408e-01,7.381238950766003670e-01,0.000000000000000000e+00,3.560724869834503425e-01,5.920738871154983957e-02,3.333333330000000094e-01,4.400000018479999220e-01,7.823088161210207669e-01,2.170329670329670668e-01,8.284422644262788571e-02,6.431460004568601008e-01,5.000000000000000000e-01,1.767820003992280897e-01,7.888005546784599975e-01,5.957471958384472632e-01,3.847568540169670204e-01
9.386091616159935036e-01,4.285714285714285476e-01,1.886179678555386374e-01,3.628071851711104912e-01,3.750000000000000000e-01,2.184603290579160417e-01,3.521346519290300958e-01,1.206155704309494342e-01,7.309951749240291008e-01,4.788532339654030245e-01,7.722062201521164848e-01,0.000000000000000000e+00,3.584571638223620349e-01,1.354812318629914081e-01,2.857142859999999840e-01,5.499999849849999123e-01,8.267864065438816912e-01,2.967032967032967039e-01,1.135345228297873488e-01,7.617601188331659667e-01,5.135135135135134865e-01,2.135159225613589562e-01,9.105955766266742302e-01,7.031457997918260094e-01,4.989948359308836734e-01
8.521671981055167766e-01,2.857142857142856984e-01,1.719209862199637950e-01,2.119251715293206939e-01,1.875000000000000000e-01,1.692627773598264218e-01,1.646815872168329586e-01,7.452314958777633835e-02,5.997793676142493258e-01,2.474483128016906897e-01,5.305836159541004182e-01,0.000000000000000000e+00,6.191892396383392311e-02,5.480188799807386019e-02,3.333333330000000094e-01,6.769230744353846863e-01,7.227433178419337967e-01,4.423076923076923461e-01,3.672186603290422680e-02,6.028592520130140464e-01,6.216216216216216006e-01,1.960673095319361015e-01,6.776212539293628989e-01,5.255128269484510284e-01,4.297867581312565521e-01
8.028726960838166171e-01,1.428571428571428492e-01,1.322673365635051168e-01,6.864447781495741641e-02,6.250000000000000000e-02,1.301342759669063542e-01,6.971379015079531838e-02,8.647309968000387037e-03,5.849492759245311646e-01,6.490494367053342706e-02,9.130676577365826052e-02,0.000000000000000000e+00,0.000000000000000000e+00,1.244209665511157026e-01,1.000000000000000000e+00,6.769230744353846863e-01,4.785812942375637924e-01,4.230769230769230727e-01,3.513192139420051509e-03,5.856902390009275372e-01,6.216216216216216006e-01,2.507090187252045133e-01,6.723789803098516593e-01,4.955985573140308520e-01,4.070351585678916306e-01
5.621201707831738892e-01,2.857142857142856984e-01,6.002536283349928919e-02,1.934289365337333311e-01,1.250000000000000000e-01,4.473188420973663731e-02,7.128187936466354180e-02,2.530337166572759183e-03,2.437251656988373427e-01,8.824811065639348584e-02,2.670722900001206712e-01,0.000000000000000000e+00,0.000000000000000000e+00,3.463592815919328688e-02,1.000000000000000000e+00,3.437499935031249620e-01,5.702257688115157652e-01,2.032967032967033238e-01,7.026384278840102152e-03,3.219392664575770335e-01,6.824324324324324564e-01,2.507090187252045133e-01,2.656881713881484863e-01,1.963630538589355434e-01,1.926253203158129479e-01
8.346162652785227287e-01,2.857142857142856984e-01,9.142877988934601519e-02,2.034585850804136453e-01,1.875000000000000000e-01,9.896512564038724424e-02,1.398692070022044265e-01,3.270959810685018093e-02,4.311650843426983459e-01,2.724195362233100548e-01,6.095183153625109984e-01,0.000000000000000000e+00,1.273943607605074191e-01,2.881135305346989653e-02,3.333333330000000094e-01,4.400000018479999220e-01,6.980561808041527705e-01,1.785714285714286031e-01,3.108338569201671980e-02,4.512442134349143319e-01,2.770270270270270285e-01,1.060692002298941894e-01,5.300739727439252036e-01,4.024200333479957536e-01,2.649069943755920642e-01
9.205901643587544037e-01,4.285714285714285476e-01,2.428901088852260803e-01,3.094521839942157571e-01,3.125000000000000000e-01,2.555835531295420626e-01,2.620534808551986949e-01,8.120750598256598618e-02,6.090516218702930473e-01,3.313823008628623557e-01,5.857785560519752632e-01,0.000000000000000000e+00,9.484380232646077991e-02,1.324097992939468338e-01,5.333333329999999650e-01,5.499999849849999123e-01,7.660400202813137938e-01,4.038461538461538547e-01,5.495957994802050384e-02,6.158930825884556537e-01,7.094594594594594295e-01,3.230289279728596474e-01,6.727771869744256783e-01,5.672800775644417648e-01,4.622088753277487916e-01
8.789379036503268683e-01,4.285714285714285476e-01,1.610217762087559346e-01,1.896081180295255408e-01,1.875000000000000000e-01,1.672919532396929254e-01,1.621878504784828312e-01,3.126325216377746213e-02,5.731233448675978615e-01,2.086435271328238861e-01,4.515576106189505001e-01,0.000000000000000000e+00,5.215812749662691178e-02,7.354071682897048157e-02,6.666666669999999906e-01,5.499999849849999123e-01,6.566247700596283821e-01,3.351648351648351953e-01,2.117230566010223913e-02,5.833975152793031693e-01,5.878378378378378288e-01,2.233881641044636601e-01,6.683688049583758062e-01,5.175956458844532815e-01,3.964703565251169737e-01
7.589213935455285664e-01,2.857142857142856984e-01,4.512264711992037408e-02,1.232213966210026490e-01,1.250000000000000000e-01,5.853088382092762332e-02,8.685658047994165853e-02,1.611322371164219600e-02,3.292528465903915014e-01,2.279116355725791798e-01,5.430469897416921876e-01,0.000000000000000000e+00,6.708327218170270084e-03,1.363113855484866799e-01,3.333333330000000094e-01,3.437499935031249620e-01,6.298473540016924499e-01,9.065934065934067032e-02,1.826859912498426941e-02,3.483133852528471075e-01,2.500000000000000555e-01,6.749858196447812431e-02,4.375073199754517805e-01,3.160806511412579956e-01,1.785171916873066478e-01
9.670694300328026571e-01,7.142857142857141906e-01,4.962362824622256197e-01,5.763156967703212397e-01,5.625000000000000000e-01,4.931765954779589456e-01,5.236962574380622515e-01,3.968275948825544797e-01,8.010552831376918093e-01,5.499265596754175922e-01,7.554201475993408410e-01,0.000000000000000000e+00,1.433103063749887884e-01,2.372333882340968703e-01,2.666666670000000239e-01,6.769230744353846863e-01,9.160628304521994947e-01,7.225274725274726251e-01,2.855743195873781670e-01,8.047930070206716913e-01,7.702702702702702853e-01,4.972395536442780206e-01,8.060265065095078008e-01,7.517762530956177969e-01,7.034649005731610227e-01
9.690997761720849812e-01,7.142857142857141906e-01,4.918798257930792617e-01,5.725165873974396025e-01,5.625000000000000000e-01,4.965630980440368103e-01,5.205684988406490410e-01,2.954803847343830392e-01,7.769917181645094040e-01,5.415201674356181494e-01,7.816183537040606311e-01,0.000000000000000000e+00,6.743212089056584146e-02,5.512526265014890819e-02,3.333333330000000094e-01,5.499999849849999123e-01,8.938678623473744755e-01,5.164835164835165360e-01,1.979510901484744234e-01,7.907604425472456455e-01,7.432432432432432012e-01,4.660616373898486264e-01,8.256416983280006061e-01,7.526441539659325386e-01,6.468024344981658791e-01
9.363123658706520303e-01,5.714285714285713969e-01,3.456718234625857922e-01,4.416876683997156827e-01,4.375000000000000000e-01,3.550387937138685945e-01,3.909073549638219514e-01,2.098832143307533815e-01,7.158697536032119224e-01,4.814481380428445867e-01,7.738399769855732746e-01,2.666666666666666630e-01,4.554205504383466996e-02,1.634522261843663615e-01,3.214285709999999963e-01,5.499999849849999123e-01,8.736213836693953461e-01,5.054945054945055860e-01,9.731054282450490867e-02,7.229632733541870859e-01,7.229729729729730270e-01,3.407645247714340964e-01,7.719634399434078809e-01,6.774180305241073174e-01,5.638085446911091925e-01
9.529545169314921349e-01,7.142857142857141906e-01,3.765427655358832837e-01,4.742249816819142372e-01,5.000000000000000000e-01,4.003734127601922266e-01,4.467612775937376268e-01,2.538641183651491051e-01,7.201690606790418503e-01,5.298308054453645388e-01,7.901317910295443392e-01,2.999999999999999889e-01,1.019812599467357639e-01,1.723116747272808794e-02,2.777777779999999752e-01,5.499999849849999123e-01,9.051733939431507725e-01,4.917582417582417320e-01,2.080981292475998778e-01,7.330769208750136379e-01,7.297297297297297147e-01,3.599924371599544370e-01,7.964086443639704083e-01,6.992972417996634604e-01,5.713880080524764704e-01
6.337401351314418951e-01,0.000000000000000000e+00,4.793860980706775299e-02,8.187468192599411942e-03,0.000000000000000000e+00,5.186074783294468415e-02,1.769062557134601366e-02,1.287618992973439160e-02,4.231994904015396464e-01,2.167198823744356795e-02,8.012168692525600822e-02,0.000000000000000000e+00,0.000000000000000000e+00,8.819233497875685057e-02,0.000000000000000000e+00,6.769230744353846863e-01,7.779734608947652674e-03,1.593406593406593574e-01,0.000000000000000000e+00,4.361783139301549928e-01,1.081081081081081141e-01,2.410663641588504241e-02,5.268555259373082222e-01,3.729562427260853519e-01,2.414600286464168299e-01
8.191524768919115074e-01,1.428571428571428492e-01,1.198497171457375832e-01,1.526621677405713695e-01,1.875000000000000000e-01,1.413769098289829884e-01,1.504035583530873577e-01,1.060892835492396463e-01,5.040290815846051320e-01,2.911987359866667902e-01,6.925701194710895958e-01,1.333333333333333315e-01,3.044757778847161783e-02,1.103748836400892663e-01,0.000000000000000000e+00,6.769230744353846863e-01,8.479911261488386476e-01,3.131868131868131844e-01,6.251885104246678038e-02,5.216213088837546863e-01,3.851351351351351426e-01,8.196256381400915392e-02,5.711173679007950366e-01,4.579447946252376833e-01,3.350876869162860983e-01
7.851839649734664306e-01,1.428571428571428492e-01,1.041299843810229164e-01,8.375407822238511990e-02,6.250000000000000000e-02,9.723580994518114806e-02,6.470967871927396642e-02,5.571132276205271669e-03,5.207772819864595615e-01,6.646982970090895004e-02,2.136578322992175316e-01,0.000000000000000000e+00,0.000000000000000000e+00,8.089354242196693245e-02,1.000000000000000000e+00,6.769230744353846863e-01,3.960663135429216553e-01,3.516483516483516758e-01,3.513192139420051509e-03,5.307862821193241043e-01,5.337837837837837718e-01,1.542824730616642881e-01,5.975161273699154396e-01,4.462152199683891429e-01,3.443456896070227202e-01
5.841240410273784711e-01,0.000000000000000000e+00,1.997291295973181377e-02,0.000000000000000000e+00,0.000000000000000000e+00,2.883451392628423593e-02,1.334292534549894049e-02,6.542840727565822113e-03,3.188873506655106049e-01,3.437850723414620502e-02,1.922920487701748060e-01,0.000000000000000000e+00,0.000000000000000000e+00,7.181137321291283793e-02,0.000000000000000000e+00,5.499999849849999123e-01,7.779734608947652674e-03,4.945054945054945528e-02,0.000000000000000000e+00,3.346939223524824647e-01,3.378378378378378566e-02,9.642654566354018006e-03,4.209091292391442529e-01,2.858027520562975154e-01,1.578359757318325285e-01
7.354299216654122118e-01,1.428571428571428492e-01,5.064164995092456517e-02,5.731227747714847526e-02,6.250000000000000000e-02,6.489910558066411261e-02,5.460653297146541435e-02,2.343410827750392125e-02,3.886252751918181647e-01,1.081176618779464693e-01,4.415595192873935648e-01,0.000000000000000000e+00,1.008517632448774430e-04,2.151447618086622382e-01,0.000000000000000000e+00,5.499999849849999123e-01,5.679206623022082789e-01,1.236263736263736451e-01,8.490214338102854141e-03,4.034112552567830634e-01,1.081081081081081141e-01,2.410663641588504241e-02,4.934202204659485780e-01,3.506519729464929180e-01,2.133330446597477004e-01
5.780564605290184899e-01,2.857142857142856984e-01,2.662604324770936198e-02,1.848320949100118460e-01,1.250000000000000000e-01,2.537188581426905176e-02,7.788869852795046733e-02,1.393106731721489681e-03,2.474855874054799343e-01,2.447701902261386897e-01,5.786566287074959014e-01,0.000000000000000000e+00,0.000000000000000000e+00,1.708026526962323766e-01,1.000000000000000000e+00,2.588235128341174196e-01,1.969828925320358248e-01,3.571428571428571230e-02,7.026384278840102152e-03,2.776255516532293854e-01,3.108108108108108558e-01,9.642654566354018353e-02,3.993497519406719043e-01,2.683097557431748936e-01,1.232629584054192318e-01
5.780564605290184899e-01,2.857142857142856984e-01,2.662604324770936198e-02,1.848320949100118460e-01,1.250000000000000000e-01,2.537188581426905176e-02,7.788869852795046733e-02,1.393106731721489681e-03,2.474855874054799343e-01,2.447701902261386897e-01,5.786566287074959014e-01,0.000000000000000000e+00,0.000000000000000000e+00,1.708026526962323766e-01,1.000000000000000000e+00,2.588235128341174196e-01,1.969828925320358248e-01,3.571428571428571230e-02,7.026384278840102152e-03,2.776255516532293854e-01,3.108108108108108558e-01,9.642654566354018353e-02,3.993497519406719043e-01,2.683097557431748936e-01,1.232629584054192318e-01
5.780564605290184899e-01,2.857142857142856984e-01,2.662604324770936198e-02,1.848320949100118460e-01,1.250000000000000000e-01,2.537188581426905176e-02,7.788869852795046733e-02,1.393106731721489681e-03,2.474855874054799343e-01,2.447701902261386897e-01,5.786566287074959014e-01,0.000000000000000000e+00,0.000000000000000000e+00,1.708026526962323766e-01,1.000000000000000000e+00,2.588235128341174196e-01,1.969828925320358248e-01,3.571428571428571230e-02,7.026384278840102152e-03,2.776255516532293854e-01,3.108108108108108558e-01,9.642654566354018353e-02,3.993497519406719043e-01,2.683097557431748936e-01,1.232629584054192318e-01
7.443544168709048670e-01,1.428571428571428492e-01,5.902293259521943641e-02,6.695116054236968650e-02,6.250000000000000000e-02,6.243194498808032900e-02,6.610954120369363918e-02,3.628068661207024814e-02,4.939410875922425892e-01,1.144326219538719935e-01,2.136578322992175316e-01,0.000000000000000000e+00,2.403286080059597873e-01,1.258871631936266944e-01,0.000000000000000000e+00,3.437499935031249620e-01,5.679206623022082789e-01,2.417582417582418153e-01,9.544171979928871286e-03,5.215090726083397854e-01,3.378378378378378843e-01,7.231990924765513418e-02,6.747916442187420483e-01,4.798923339401382493e-01,2.991456768842586378e-01
7.416219018955978459e-01,1.428571428571428492e-01,5.111981890104738691e-02,1.461463076032651909e-01,1.875000000000000000e-01,7.751597303354540447e-02,1.292842868289212632e-01,5.840469514837715731e-02,3.580158318506840298e-01,3.759866593182210615e-01,7.780706048221499582e-01,1.333333333333333315e-01,6.879643001484747611e-02,1.148113933723557550e-01,0.000000000000000000e+00,4.400000018479999220e-01,8.479911261488386476e-01,1.153846153846154049e-01,5.401532914358329190e-02,3.978933617281893986e-01,1.891891891891891997e-01,5.303460011494709470e-02,4.690078095354099919e-01,3.576822779606942393e-01,1.993770221034040502e-01
8.316517787484575264e-01,4.285714285714285476e-01,1.048902631200407942e-01,2.063241989693155309e-01,2.500000000000000000e-01,1.458806661785657099e-01,2.100807926959091798e-01,1.097706466315708090e-01,5.633152275566641887e-01,4.166897724087555988e-01,6.844064644805516462e-01,0.000000000000000000e+00,4.108792892577757261e-01,2.881135305346989653e-02,1.000000000000000056e-01,5.499999849849999123e-01,8.535925354257711817e-01,2.225274725274725696e-01,1.113068493606398646e-01,5.953219451406170926e-01,2.770270270270270285e-01,1.123369256980243092e-01,6.739858613210156779e-01,5.343017680146722181e-01,3.629388392029503363e-01
3.399772800221860791e-01,0.000000000000000000e+00,2.790128044919915236e-03,0.000000000000000000e+00,0.000000000000000000e+00,5.083255937289081483e-03,6.183507351612743674e-03,2.520896361865047376e-03,1.426839244553055885e-01,1.022668340619364846e-01,3.917060256326312384e-01,0.000000000000000000e+00,0.000000000000000000e+00,7.181137321291283793e-02,0.000000000000000000e+00,1.157894668757892820e-01,7.779734608947652674e-03,5.494505494505494067e-03,0.000000000000000000e+00,1.636704813259138303e-01,0.000000000000000000e+00,0.000000000000000000e+00,2.680820961598824326e-01,1.460169478752381678e-01,4.749039211227654156e-02
4.921910658132461203e-01,0.000000000000000000e+00,1.171853778866364937e-02,4.298420811860740459e-02,6.250000000000000000e-02,2.080398782237538602e-02,4.268983966191629981e-02,1.306636112827057501e-02,2.305179039501112359e-01,2.518008293858134961e-01,6.409734961498499972e-01,6.666666666666666574e-02,2.484645534278389148e-02,7.181137321291283793e-02,0.000000000000000000e+00,1.833333360283333491e-01,5.679206623022082789e-01,2.197802197802197627e-02,6.148086243985089600e-03,2.605370161039688992e-01,3.378378378378378566e-02,1.446398184953102788e-02,3.781042551895699155e-01,2.376726049268128027e-01,9.693996848921015985e-02
3.885352803983116443e-01,0.000000000000000000e+00,8.370384134759750044e-03,1.289526243558222068e-02,0.000000000000000000e+00,7.853261587275965974e-03,5.078706193486142578e-03,3.664328849824025069e-03,1.132581797817156510e-01,6.231760491110183153e-02,1.424385543676101040e-01,0.000000000000000000e+00,0.000000000000000000e+00,1.148113933723557550e-01,0.000000000000000000e+00,2.588235128341174196e-01,7.779734608947652674e-03,3.846153846153846367e-02,0.000000000000000000e+00,1.340073753644822063e-01,6.081081081081081419e-02,1.446398184953102788e-02,2.254458743447157465e-01,1.255004659597184768e-01,5.205605837921886692e-02
3.885352803983116443e-01,0.000000000000000000e+00,8.370384134759750044e-03,1.289526243558222068e-02,0.000000000000000000e+00,7.853261587275965974e-03,5.078706193486142578e-03,3.664328849824025069e-03,1.132581797817156510e-01,6.231760491110183153e-02,1.424385543676101040e-01,0.000000000000000000e+00,0.000000000000000000e+00,1.148113933723557550e-01,0.000000000000000000e+00,2.588235128341174196e-01,7.779734608947652674e-03,3.846153846153846367e-02,0.000000000000000000e+00,1.340073753644822063e-01,6.081081081081081419e-02,1.446398184953102788e-02,2.254458743447157465e-01,1.255004659597184768e-01,5.205605837921886692e-02
8.840420679081824051e-01,4.285714285714285476e-01,1.627479731086435566e-01,1.903958516996437089e-01,1.875000000000000000e-01,1.686431352429752506e-01,1.677878494014354016e-01,2.037947114622430667e-02,5.820394867089115909e-01,2.286295842517313825e-01,3.884957622227985241e-01,0.000000000000000000e+00,5.106217015554527852e-03,1.032932616363760048e-01,8.333333330000000094e-01,4.400000018479999220e-01,6.486232868602254120e-01,2.719780219780220110e-01,1.438735828440754726e-02,6.023387260379553521e-01,5.945945945945946276e-01,2.997258461202418345e-01,7.623174690921357133e-01,5.615593353804633203e-01,3.933446782245666462e-01
9.179711632116176467e-01,4.285714285714285476e-01,2.823163574680409016e-01,2.616315964372807334e-01,2.500000000000000000e-01,2.821352127233158757e-01,2.379009285085273429e-01,4.629175642491228232e-02,7.203688506552206050e-01,2.361896065391582977e-01,4.579586953236984836e-01,0.000000000000000000e+00,4.670728032767181188e-03,1.182339511587902070e-01,8.000000000000000444e-01,5.499999849849999123e-01,6.845620721771025208e-01,4.697802197802197766e-01,1.995365960797015198e-02,7.256137656888339560e-01,7.364864864864865135e-01,3.982416335904209181e-01,8.133207156476480737e-01,6.544199512546104991e-01,5.444440062211760578e-01
9.032818509933238094e-01,4.285714285714285476e-01,1.844674316799707614e-01,1.800901862502556905e-01,1.875000000000000000e-01,1.950031942988675882e-01,1.804637807089579660e-01,7.614908753868764035e-02,6.826790290921609383e-01,1.818757298167717751e-01,4.058585743948505131e-01,0.000000000000000000e+00,4.717222540472396780e-02,4.553359306191465811e-02,3.333333330000000094e-01,5.499999849849999123e-01,7.674573616748838756e-01,4.560439560439560891e-01,4.330503593376884564e-02,7.001126596217086551e-01,6.824324324324324564e-01,1.960673095319361015e-01,8.133207156476480737e-01,6.178276115783283284e-01,4.798786043544798208e-01
8.575572714385810702e-01,2.857142857142856984e-01,1.425886468066959734e-01,1.480567168338769724e-01,1.250000000000000000e-01,1.356705242960967173e-01,1.135154683452112290e-01,9.130052746472739136e-03,5.562538005759620763e-01,1.182962298615962693e-01,3.102147370936440551e-01,0.000000000000000000e+00,0.000000000000000000e+00,8.838598021388274772e-02,1.000000000000000000e+00,5.499999849849999123e-01,5.280884180572288367e-01,2.857142857142856984e-01,7.026384278840102152e-03,5.715522425278398710e-01,6.486486486486486847e-01,2.314237095924964183e-01,6.643867383126345061e-01,4.902882662255996782e-01,3.687321014590285717e-01
9.739007262475264382e-01,5.714285714285713969e-01,4.855739031953402174e-01,5.814514723081206649e-01,5.625000000000000000e-01,4.862217092504831362e-01,5.414248974638522505e-01,3.459493765420647016e-01,8.348221926301022666e-01,5.402885336635846469e-01,7.891255593205903640e-01,0.000000000000000000e+00,6.537063705586743101e-02,0.000000000000000000e+00,3.111111109999999957e-01,6.769230744353846863e-01,8.980480372512895659e-01,7.032967032967033516e-01,2.491892970115246186e-01,8.446680302485458647e-01,7.500000000000000000e-01,4.581332324973946823e-01,8.812454030554164319e-01,7.934620457239274227e-01,7.020344780583542832e-01
9.842634932081524290e-01,8.571428571428572063e-01,4.912148849789081395e-01,5.773608393075156942e-01,5.625000000000000000e-01,4.944864265438413953e-01,5.672166476681842484e-01,4.272010329169859122e-01,8.893606581257014199e-01,5.606095452373863752e-01,7.726071813363576402e-01,0.000000000000000000e+00,5.028826201209377622e-01,1.173577852456438864e-01,2.444444440000000107e-01,5.499999849849999123e-01,9.267356190140805250e-01,7.445054945054946360e-01,3.616362682833466069e-01,8.897993930106633531e-01,7.432432432432432012e-01,4.463477658266123416e-01,9.567219627372258728e-01,8.538872221680495755e-01,7.485694415545182112e-01
9.119067086805645594e-01,4.285714285714285476e-01,2.197819811302220427e-01,2.677302105857478631e-01,2.500000000000000000e-01,2.187374782216500724e-01,2.289033476868970740e-01,8.565071792960046726e-02,6.802642074176912246e-01,2.337157475498771453e-01,5.477575885741839956e-01,0.000000000000000000e+00,5.413410256498872586e-02,5.031138103678188533e-02,4.000000000000000222e-01,6.769230744353846863e-01,7.664984004066730527e-01,4.972527472527473180e-01,5.372006171574041089e-02,7.021565006156489375e-01,6.959459459459459429e-01,2.468519568986628776e-01,7.925952299526368705e-01,6.155462395985529245e-01,4.952330004572552680e-01
8.808680121588403633e-01,2.857142857142856984e-01,1.304930298705841984e-01,1.781456625169021701e-01,1.875000000000000000e-01,1.444545670376010393e-01,1.780021667644401673e-01,5.793340206183859170e-02,6.664886776304037586e-01,2.280642658634316200e-01,5.460144596555092100e-01,0.000000000000000000e+00,3.947496670446681150e-02,8.958040035221376263e-02,3.333333330000000094e-01,6.769230744353846863e-01,6.917740457011767319e-01,3.324175824175824023e-01,4.459244593102967141e-02,6.868651693216063503e-01,4.256756756756757132e-01,1.382113821338120108e-01,8.021662442552834893e-01,5.984707574577523559e-01,4.384788937207626525e-01
8.945984577828538509e-01,2.857142857142856984e-01,2.250436153729989397e-01,1.938120680628148129e-01,1.875000000000000000e-01,2.232798702424155513e-01,1.731525702607394079e-01,3.736818404301622820e-02,6.449109846613954034e-01,1.850427610687222224e-01,4.327110642377924310e-01,0.000000000000000000e+00,9.347236593427665709e-05,3.741134276248605714e-03,6.666666669999999906e-01,5.499999849849999123e-01,6.744125347816987137e-01,3.763736263736263687e-01,1.876630134590650742e-02,6.569322561516512948e-01,6.756756756756756577e-01,2.635658914964142396e-01,7.402942981490419072e-01,5.704500351775751987e-01,4.572376666669013545e-01
8.641772109623835352e-01,4.285714285714285476e-01,1.872608340459838427e-01,2.471809058992871233e-01,2.500000000000000000e-01,2.014608946201111306e-01,2.261551940245782044e-01,7.290127863803899655e-02,6.477903688711712515e-01,3.523270729065913764e-01,6.513596408482094091e-01,1.666666666666666574e-01,4.018699245197115966e-02,3.109166176436518533e-02,4.000000000000000222e-01,6.769230744353846863e-01,7.670141904959932866e-01,3.214285714285714524e-01,3.967976790610461962e-02,6.727909086657219984e-01,6.216216216216216006e-01,1.996029495235281670e-01,7.728910272326512398e-01,6.074910449083132935e-01,4.408254137199955069e-01
7.971361934685297079e-01,1.428571428571428492e-01,1.028012485139515736e-01,6.826301622236136124e-02,6.250000000000000000e-02,1.035217201105044504e-01,6.398573208541888380e-02,5.463982412185938199e-03,5.071197128744702187e-01,6.810809931598177380e-02,1.673653019427935873e-01,0.000000000000000000e+00,0.000000000000000000e+00,1.209772467206798874e-01,1.000000000000000000e+00,5.499999849849999123e-01,4.347121479351547801e-01,2.774725274725274859e-01,3.513192139420051509e-03,5.204861525499548947e-01,5.337837837837837718e-01,1.639251276280183078e-01,6.014794548785002970e-01,4.355832792550149990e-01,3.254133763804687440e-01
8.644551176301215056e-01,2.857142857142856984e-01,1.783188400154489262e-01,1.226152090750206591e-01,1.250000000000000000e-01,1.806131891332875272e-01,1.238426544897969495e-01,2.629426133026106435e-02,6.380444222041565805e-01,1.269252315838409195e-01,2.666723959299218127e-01,0.000000000000000000e+00,2.515144583363102007e-05,4.176324012592812218e-02,6.666666669999999906e-01,5.499999849849999123e-01,6.421853788058217161e-01,3.708791208791208938e-01,1.307688185150503689e-02,6.491353375075548104e-01,6.486486486486486847e-01,2.233881641044636601e-01,7.442857343633613176e-01,5.614067839827550088e-01,4.410928366655147981e-01
6.512392703445895048e-01,0.000000000000000000e+00,3.862174202326045663e-02,1.381635259113057901e-02,0.000000000000000000e+00,3.730895162016502342e-02,1.882412669264825478e-02,1.142334366641746535e-02,4.489115493003966173e-01,1.223311922222478088e-02,5.934939752853718442e-02,0.000000000000000000e+00,0.000000000000000000e+00,9.484709957715657669e-02,0.000000000000000000e+00,4.400000018479999220e-01,7.779734608947652674e-03,1.593406593406593574e-01,0.000000000000000000e+00,4.658679864508201152e-01,1.486486486486486847e-01,2.892796369906205228e-02,5.742280646687623058e-01,3.909798974351997303e-01,2.504413947273846919e-01
9.382945812340386382e-01,7.142857142857141906e-01,3.170102975827249203e-01,5.283336021551381378e-01,5.000000000000000000e-01,3.389754603484989026e-01,4.482031611381603886e-01,2.064526881921494028e-01,6.964173450613420080e-01,6.619418733921333953e-01,7.720443583199741999e-01,0.000000000000000000e+00,3.256353079956889052e-01,6.643610661502220849e-02,3.333333330000000094e-01,3.437499935031249620e-01,8.657051292729864844e-01,3.653846153846154188e-01,1.478091888750349692e-01,7.135282702377396813e-01,6.148648648648649129e-01,3.824919644493049997e-01,8.172418800976311015e-01,7.208528709030872506e-01,5.404282543048997134e-01
8.795427692896327088e-01,5.714285714285713969e-01,1.873795907662585969e-01,3.125565990154520191e-01,3.750000000000000000e-01,2.357351052647248257e-01,3.096169925541061851e-01,1.427015387759229537e-01,5.771982234014580992e-01,6.327249935032831507e-01,8.316905032885744120e-01,4.666666666666666741e-01,1.497011350238704464e-01,3.924309491635066122e-02,2.380952379999999868e-01,3.437499935031249620e-01,8.852329325770710300e-01,2.719780219780220110e-01,9.092323760124351728e-02,5.985556746162683517e-01,5.405405405405405705e-01,1.933122653770083244e-01,7.006844469846387202e-01,5.871431244875939814e-01,3.968273906053337852e-01
7.190775120657937336e-01,1.428571428571428492e-01,4.684991090704557909e-02,9.456525786093630814e-02,1.250000000000000000e-01,6.709284241320130626e-02,9.396964166383633965e-02,3.770507494020931133e-02,3.680924255070658346e-01,3.000768258043918779e-01,6.783636167648229298e-01,0.000000000000000000e+00,9.220627043870135986e-02,1.004780652549351339e-01,0.000000000000000000e+00,1.833333360283333491e-01,7.546343052400557028e-01,9.890109890109891055e-02,2.576340902124265100e-02,3.958546516070960419e-01,1.486486486486486847e-01,3.374929098223906215e-02,5.091283021873258541e-01,3.775493616917842687e-01,1.958789770895669469e-01
8.981334950397628081e-01,4.285714285714285476e-01,2.140388706542336872e-01,3.531527955957946552e-01,3.750000000000000000e-01,2.460573974511413853e-01,3.403454742047999915e-01,1.714072624673637635e-01,6.920278072879180176e-01,5.815172472228662404e-01,7.991879803546653172e-01,2.333333333333333370e-01,3.954320153159883167e-01,1.511063040368406957e-03,2.380952379999999868e-01,4.400000018479999220e-01,8.655055208128392685e-01,4.203296703296703352e-01,1.427177274180843058e-01,7.040388499405147993e-01,5.540540540540540571e-01,2.171893147679293812e-01,8.123462805155137190e-01,6.707299935095278887e-01,4.995543024962132428e-01
8.803010293197024438e-01,4.285714285714285476e-01,1.736702477421981361e-01,1.955130193307643705e-01,1.875000000000000000e-01,1.781868097104807314e-01,1.674041232523956479e-01,1.575130355102073026e-02,5.829754293253133213e-01,2.295273983665721829e-01,3.509603809892364312e-01,0.000000000000000000e+00,0.000000000000000000e+00,1.386147182767980268e-01,1.000000000000000000e+00,3.437499935031249620e-01,6.256083094065587602e-01,2.857142857142856984e-01,1.053957641826015409e-02,5.994251272749369086e-01,6.148648648648649129e-01,3.567782189550987026e-01,7.465156916849764457e-01,5.667014527378542166e-01,4.037899976782386435e-01
8.256676465195468273e-01,2.857142857142856984e-01,1.127850864201628139e-01,1.277245041054402008e-01,1.250000000000000000e-01,1.233827070371445872e-01,1.130328143096237248e-01,8.448616703253971488e-03,5.296169679582019008e-01,1.915816545577447572e-01,3.335436156209394820e-01,0.000000000000000000e+00,0.000000000000000000e+00,1.452074290304357085e-01,1.000000000000000000e+00,3.437499935031249620e-01,5.156402146529043273e-01,2.307692307692308098e-01,7.026384278840102152e-03,5.467944355977885085e-01,5.405405405405405705e-01,2.024957458934343868e-01,6.711703059632621038e-01,5.016865921126767436e-01,3.363891584073552821e-01
8.109399851442780083e-01,2.857142857142856984e-01,9.148079743950772447e-02,2.136929203426549961e-01,2.500000000000000000e-01,1.201169910329741991e-01,1.791575696840834453e-01,7.261891110206895872e-02,4.074239044417436451e-01,4.889985145498086938e-01,8.036448004737047901e-01,1.666666666666666574e-01,1.059726222145957464e-01,2.212876269467513590e-01,1.000000000000000056e-01,2.588235128341174196e-01,8.741056333433592229e-01,1.456043956043956145e-01,7.057612653803080338e-02,4.333259729143328909e-01,3.310810810810810856e-01,9.112308565204546573e-02,5.333111586876981836e-01,4.259901841830516234e-01,2.449275776491427747e-01
6.206165544579465010e-01,0.000000000000000000e+00,2.890054529683318274e-02,1.023433526224136469e-02,0.000000000000000000e+00,3.227114560786228242e-02,1.629169105709030174e-02,9.289480998363098055e-03,3.717969945064255044e-01,3.955545434841239993e-02,8.012168692525600822e-02,0.000000000000000000e+00,0.000000000000000000e+00,9.228756646842259381e-02,0.000000000000000000e+00,2.588235128341174196e-01,7.779734608947652674e-03,9.890109890109891055e-02,0.000000000000000000e+00,3.921261490878610867e-01,1.081081081081081141e-01,2.410663641588504241e-02,5.204654801669659214e-01,3.517873157122218264e-01,1.910941888796151844e-01
6.206165544579465010e-01,0.000000000000000000e+00,2.890054529683318274e-02,1.023433526224136469e-02,0.000000000000000000e+00,3.227114560786228242e-02,1.629169105709030174e-02,9.289480998363098055e-03,3.717969945064255044e-01,3.955545434841239993e-02,8.012168692525600822e-02,0.000000000000000000e+00,0.000000000000000000e+00,9.228756646842259381e-02,0.000000000000000000e+00,2.588235128341174196e-01,7.779734608947652674e-03,9.890109890109891055e-02,0.000000000000000000e+00,3.921261490878610867e-01,1.081081081081081141e-01,2.410663641588504241e-02,5.204654801669659214e-01,3.517873157122218264e-01,1.910941888796151844e-01
4.860638289865335526e-01,0.000000000000000000e+00,1.201266951387098408e-02,8.187468192599411942e-03,0.000000000000000000e+00,1.300067377630219866e-02,6.777593061038526823e-03,6.027570426555191666e-03,1.629753419335261966e-01,5.164577819319779439e-02,8.012168692525600822e-02,0.000000000000000000e+00,0.000000000000000000e+00,8.819233497875685057e-02,0.000000000000000000e+00,2.588235128341174196e-01,7.779734608947652674e-03,5.769230769230769551e-02,0.000000000000000000e+00,1.890488823807270902e-01,1.081081081081081141e-01,2.410663641588504241e-02,2.404934014813289167e-01,1.537172868449673824e-01,8.370615165231767851e-02
6.773808123720919117e-01,2.857142857142856984e-01,1.038990538723712914e-01,4.298420811860740320e-01,3.750000000000000000e-01,1.147848301269660393e-01,2.141154247551143031e-01,4.519631043053098235e-02,2.658483196127341963e-01,7.321911468379049825e-01,1.000000000000000000e+00,4.666666666666666741e-01,9.903374417594904000e-02,4.052551478283356046e-01,1.904761899999999897e-01,3.437499935031249620e-01,8.248106909071042381e-01,7.142857142857143848e-02,3.726112876526464085e-02,3.104059276567188719e-01,3.445945945945946276e-01,9.941117684343196703e-02,3.439943407805787778e-01,2.986044744689886898e-01,1.637995083451108391e-01
5.440961826476613528e-01,1.428571428571428492e-01,2.328313747829723057e-02,9.415588442981423500e-02,6.250000000000000000e-02,2.352014521435738525e-02,3.592206393798344499e-02,1.257894936488694170e-03,1.654961852941532752e-01,1.693311086254838671e-01,4.332506036782665104e-01,0.000000000000000000e+00,0.000000000000000000e+00,3.550884636101823699e-01,1.000000000000000000e+00,2.588235128341174196e-01,1.320967264886944159e-01,5.494505494505494414e-02,3.513192139420051509e-03,1.926612632831805061e-01,1.486486486486486847e-01,7.714123653083214405e-02,2.406807928528931217e-01,1.629011319798003288e-01,8.909711117035440386e-02
5.440961826476613528e-01,1.428571428571428492e-01,2.328313747829723057e-02,9.415588442981423500e-02,6.250000000000000000e-02,2.352014521435738525e-02,3.592206393798344499e-02,1.257894936488694170e-03,1.654961852941532752e-01,1.693311086254838671e-01,4.332506036782665104e-01,0.000000000000000000e+00,0.000000000000000000e+00,3.550884636101823699e-01,1.000000000000000000e+00,2.588235128341174196e-01,1.320967264886944159e-01,5.494505494505494414e-02,3.513192139420051509e-03,1.926612632831805061e-01,1.486486486486486847e-01,7.714123653083214405e-02,2.406807928528931217e-01,1.629011319798003288e-01,8.909711117035440386e-02
7.561616249193343631e-01,2.857142857142856984e-01,1.219752659001118594e-01,3.152175261887928959e-01,3.125000000000000000e-01,1.405185956029529615e-01,2.119316258570380640e-01,5.521974355239067656e-02,3.922707194934543229e-01,5.323216864001681925e-01,8.188390761341801660e-01,2.000000000000000111e-01,1.016367773812813929e-01,1.708026526962323766e-01,3.333333330000000094e-01,4.400000018479999220e-01,7.583257101327205429e-01,1.483516483516483797e-01,4.342062146582838927e-02,4.427139092778696328e-01,3.513513513513513709e-01,1.510682548568085259e-01,4.701743208233979399e-01,3.994919825576685457e-01,2.610583919297387867e-01
7.289836850806693525e-01,2.857142857142856984e-01,9.516438032545641856e-02,2.005929712344959870e-01,1.875000000000000000e-01,1.064603018426420605e-01,1.314303186243454269e-01,1.803940558613434039e-02,3.830017395396668189e-01,3.143416111782112443e-01,5.283175480607021912e-01,0.000000000000000000e+00,7.058880567812153561e-02,1.134693044193688383e-01,6.666666669999999906e-01,4.400000018479999220e-01,5.716120671948730081e-01,1.483516483516483797e-01,2.068879815475288195e-02,4.292826027250195575e-01,3.513513513513513709e-01,1.751748912726935892e-01,4.643605035206155307e-01,3.696992212914481102e-01,2.511927637259319113e-01
4.860638289865335526e-01,0.000000000000000000e+00,1.201266951387098408e-02,8.187468192599411942e-03,0.000000000000000000e+00,1.300067377630219866e-02,6.777593061038526823e-03,6.027570426555191666e-03,1.629753419335261966e-01,5.164577819319779439e-02,8.012168692525600822e-02,0.000000000000000000e+00,0.000000000000000000e+00,8.819233497875685057e-02,0.000000000000000000e+00,2.588235128341174196e-01,7.779734608947652674e-03,5.769230769230769551e-02,0.000000000000000000e+00,1.890488823807270902e-01,1.081081081081081141e-01,2.410663641588504241e-02,2.404934014813289167e-01,1.537172868449673824e-01,8.370615165231767851e-02
6.764720672605505358e-01,2.857142857142856984e-01,5.812995834893584096e-02,1.371400925484216327e-01,1.250000000000000000e-01,6.359468417660663064e-02,7.771059142061539915e-02,4.294093902277252607e-03,2.627058065451053914e-01,2.319621068351513660e-01,4.225677122876463354e-01,0.000000000000000000e+00,0.000000000000000000e+00,1.615883907962797073e-01,1.000000000000000000e+00,3.437499935031249620e-01,4.232987387981139715e-01,8.241758241758241621e-02,7.026384278840102152e-03,2.968833975717762308e-01,3.445945945945946276e-01,1.542824730616642881e-01,3.430667534913356409e-01,2.586189285861734688e-01,1.598286041283362990e-01
7.466093475419550707e-01,1.428571428571428492e-01,5.270118300576672604e-02,1.292131347054510937e-01,1.250000000000000000e-01,5.506344712062349878e-02,9.764953115900756875e-02,4.470987096497212876e-02,4.193887694837138969e-01,2.135172941278379588e-01,5.537298811323123626e-01,1.000000000000000056e-01,1.232810724005830166e-01,1.552053668948789322e-01,0.000000000000000000e+00,3.437499935031249620e-01,7.546343052400557028e-01,3.598901098901098883e-01,2.828570081382694723e-02,4.904736911374216191e-01,4.189189189189189699e-01,7.714123653083214405e-02,5.091283021873258541e-01,3.924239527827851348e-01,2.813415690905617383e-01
6.830233511463216223e-01,1.428571428571428492e-01,2.534480844470098429e-02,5.731227747714847526e-02,6.250000000000000000e-02,3.620371095913899051e-02,4.794641424666903212e-02,1.938936024019140281e-02,2.880726617189809935e-01,1.594786058480664737e-01,3.792426518450394690e-01,0.000000000000000000e+00,3.266046225799251745e-02,1.076447293136454514e-01,0.000000000000000000e+00,1.157894668757892820e-01,5.679206623022082789e-01,8.791208791208791895e-02,8.782980348550128991e-03,3.170124322765051628e-01,1.486486486486486847e-01,3.374929098223906215e-02,4.006380676201763968e-01,2.938924828589651317e-01,1.521145237354131208e-01
5.360435444186144593e-01,0.000000000000000000e+00,1.527835632873388375e-02,5.731227747714847526e-02,6.250000000000000000e-02,1.913905169442160076e-02,4.094322006689848220e-02,1.230197766281006765e-02,2.139089524540253584e-01,2.058615705675842233e-01,5.786566287074959014e-01,6.666666666666666574e-02,2.484645534278389148e-02,1.076447293136454514e-01,0.000000000000000000e+00,1.157894668757892820e-01,5.679206623022082789e-01,6.318681318681318437e-02,6.440852254432364449e-03,2.447146426064824021e-01,8.108108108108108558e-02,2.410663641588504241e-02,3.281925633734195102e-01,2.173950036722319124e-01,1.038186140101531318e-01
8.558113021084517991e-01,2.857142857142856984e-01,9.851242824312855806e-02,1.985461041648539926e-01,1.875000000000000000e-01,1.093646495150124437e-01,1.629082269809133954e-01,3.427213125869722071e-02,5.557933145431126487e-01,2.675546584769576963e-01,5.793040767838671945e-01,0.000000000000000000e+00,4.677181315715300824e-02,9.638279795808833705e-02,3.333333330000000094e-01,4.400000018479999220e-01,7.074299678259754476e-01,1.648351648351648602e-01,3.286786425329956546e-02,5.887166793318177049e-01,3.851351351351351426e-01,1.189260730011039713e-01,7.425102011177895367e-01,5.339683133237260737e-01,3.326021861002039781e-01
7.823032559160137955e-01,1.428571428571428492e-01,6.520057347583718688e-02,1.125776879276391973e-01,1.250000000000000000e-01,7.475440328367308207e-02,1.099711502082569015e-01,1.958902996231867352e-02,5.059592222722644195e-01,2.257025627136493295e-01,5.828110861381582408e-01,1.000000000000000056e-01,2.484645534278389148e-02,2.471612156380415329e-02,3.333333330000000094e-01,4.400000018479999220e-01,6.715798987495082972e-01,1.126373626373626397e-01,1.263076221469751868e-02,5.345587053043991954e-01,3.783783783783783994e-01,8.035545473568790620e-02,7.074164820080861560e-01,4.762723796391275521e-01,2.783574589004114141e-01
9.212196278243700576e-01,4.285714285714285476e-01,1.589003877469615245e-01,1.489095781128944584e-01,1.875000000000000000e-01,1.965409011079485846e-01,2.002794959529927421e-01,9.391051016862871081e-02,7.857659982340821081e-01,2.632849821250449196e-01,5.276700999843308981e-01,0.000000000000000000e+00,1.000000000000000000e+00,4.877564684866907835e-02,1.666666669999999906e-01,6.769230744353846863e-01,8.079587323475758698e-01,3.241758241758241899e-01,5.839706044299732002e-02,8.082005235324551951e-01,4.662162162162162837e-01,1.197296275161579548e-01,9.920171275713611792e-01,7.128716294474604087e-01,5.180990045552938961e-01
7.821829363760322007e-01,1.428571428571428492e-01,8.287573844426007752e-02,6.265273973050894396e-02,6.250000000000000000e-02,8.928418100407059521e-02,7.007450123337924386e-02,4.796685386952240400e-03,5.464845564533848954e-01,1.058361510990704912e-01,2.136578322992175316e-01,0.000000000000000000e+00,0.000000000000000000e+00,1.421359964613911064e-01,1.000000000000000000e+00,4.400000018479999220e-01,3.960663135429216553e-01,2.307692307692308098e-01,3.513192139420051509e-03,5.681197799918462632e-01,3.851351351351351426e-01,1.542824730616642881e-01,7.332436977939353895e-01,5.162271491669316870e-01,3.306390392339068063e-01
8.569292550557664478e-01,1.428571428571428492e-01,1.570573062834750289e-01,3.138715560490436540e-01,2.500000000000000000e-01,1.642859093513695246e-01,2.385320381549221325e-01,1.090159724702687571e-01,6.904326952518122784e-01,4.035121232329780261e-01,7.218283225777050172e-01,0.000000000000000000e+00,3.292103738632669030e-01,6.055806422655289900e-01,2.000000000000000111e-01,5.499999849849999123e-01,7.281832060012386476e-01,3.516483516483516758e-01,7.170515238315970652e-02,7.134011503091650663e-01,4.662162162162162837e-01,1.523539421483934841e-01,8.581072534515148398e-01,6.564467458964422519e-01,4.676406029502451211e-01
8.460856475534281884e-01,2.857142857142856984e-01,1.289030826777617655e-01,1.382007418536158883e-01,1.250000000000000000e-01,1.292320583280089641e-01,1.131726364176372235e-01,8.535745808539552115e-03,5.296976744870451892e-01,1.568447403828731879e-01,2.658853017354729231e-01,0.000000000000000000e+00,0.000000000000000000e+00,1.058682992545052354e-01,1.000000000000000000e+00,3.437499935031249620e-01,5.650773802315461891e-01,2.115384615384615641e-01,7.026384278840102152e-03,5.499311050166719728e-01,6.081081081081081141e-01,2.699943278579125527e-01,7.053036442936986283e-01,5.043698887710212908e-01,3.414236908064611775e-01
6.781144666598322157e-01,1.428571428571428492e-01,4.234053828784679896e-02,9.456525786093630814e-02,6.250000000000000000e-02,4.436267479017551307e-02,6.160509889695894165e-02,1.568577683266911185e-03,4.502596376173387260e-01,1.430194999854367544e-01,4.807301222993380918e-01,0.000000000000000000e+00,0.000000000000000000e+00,3.643027613173160928e-01,1.000000000000000000e+00,4.400000018479999220e-01,9.460157840140315244e-02,7.417582417582417598e-02,3.513192139420051509e-03,4.743930472787580288e-01,1.486486486486486847e-01,5.785592739812410457e-02,6.386579029968566523e-01,4.299744454782317704e-01,2.312519965507728037e-01
6.781144666598322157e-01,1.428571428571428492e-01,4.234053828784679896e-02,9.456525786093630814e-02,6.250000000000000000e-02,4.436267479017551307e-02,6.160509889695894165e-02,1.568577683266911185e-03,4.502596376173387260e-01,1.430194999854367544e-01,4.807301222993380918e-01,0.000000000000000000e+00,0.000000000000000000e+00,3.643027613173160928e-01,1.000000000000000000e+00,4.400000018479999220e-01,9.460157840140315244e-02,7.417582417582417598e-02,3.513192139420051509e-03,4.743930472787580288e-01,1.486486486486486847e-01,5.785592739812410457e-02,6.386579029968566523e-01,4.299744454782317704e-01,2.312519965507728037e-01
8.376907089347320756e-01,2.857142857142856984e-01,8.956960762272864196e-02,1.987693987441095933e-01,1.875000000000000000e-01,9.954834019647654242e-02,1.593030421681291831e-01,4.322408132542820275e-02,5.274972390821111023e-01,2.792194331836787002e-01,6.071443395810178778e-01,0.000000000000000000e+00,4.613290493800119296e-02,1.999036858444079856e-01,3.333333330000000094e-01,3.437499935031249620e-01,6.335621772662622941e-01,2.609890109890110055e-01,4.235648575505526064e-02,5.618997472132480908e-01,3.851351351351351426e-01,1.253545093626022289e-01,6.994289247951579469e-01,5.209209175917446366e-01,3.291251147466012217e-01
7.640533595525854649e-01,1.428571428571428492e-01,7.392092265930753914e-02,1.064370867616975525e-01,1.250000000000000000e-01,8.899517524742446561e-02,9.378928828147523045e-02,2.349935035184910065e-02,3.842955083971623664e-01,2.216884049775253163e-01,5.080308449082123756e-01,0.000000000000000000e+00,4.806238365380846589e-02,1.243039128762587348e-02,3.333333330000000094e-01,4.400000018479999220e-01,6.715798987495082972e-01,1.510989010989011172e-01,1.731501840293304950e-02,4.315618908358387906e-01,3.108108108108108558e-01,8.678389109718616379e-02,4.736925938245173384e-01,3.658588345781437767e-01,2.356482290501065446e-01
5.424440413816444817e-01,0.000000000000000000e+00,1.978745980640876645e-02,1.432806935854106373e-02,0.000000000000000000e+00,1.917782928574483792e-02,1.043868628737387033e-02,6.068269034977269612e-03,2.456930115939667814e-01,4.031974060037607499e-02,1.068289161496088768e-01,0.000000000000000000e+00,0.000000000000000000e+00,1.076447293136454514e-01,0.000000000000000000e+00,3.437499935031249620e-01,7.779734608947652674e-03,7.142857142857143848e-02,0.000000000000000000e+00,2.802632441357656989e-01,8.108108108108108558e-02,1.928530913270803254e-02,3.416753725574706024e-01,2.287924222455954282e-01,1.241629976071156327e-01
6.122506060239165659e-01,0.000000000000000000e+00,3.969626826583470131e-02,6.140601165941665662e-03,0.000000000000000000e+00,4.157528183591984589e-02,1.494128807471529347e-02,8.187958701537143003e-03,3.526861681011227989e-01,2.549776955511770526e-02,8.012168692525600822e-02,0.000000000000000000e+00,0.000000000000000000e+00,8.409710348909110733e-02,0.000000000000000000e+00,4.400000018479999220e-01,7.779734608947652674e-03,1.098901098901099022e-01,0.000000000000000000e+00,3.979133144256547516e-01,1.081081081081081141e-01,2.410663641588504241e-02,4.603222194634049025e-01,3.185608013073983336e-01,1.929887412107315903e-01
7.340242045409031135e-01,1.428571428571428492e-01,4.514567953071987882e-02,7.737157461349331022e-02,6.250000000000000000e-02,5.209351982098944789e-02,5.484219470796827117e-02,1.920946522175115845e-03,3.810237666055116823e-01,1.179845387595828965e-01,3.792426518450394690e-01,0.000000000000000000e+00,0.000000000000000000e+00,7.763594831863621093e-02,1.000000000000000000e+00,4.400000018479999220e-01,2.489515231702753573e-01,7.142857142857143848e-02,3.513192139420051509e-03,4.037791588221873451e-01,1.959459459459459429e-01,7.714123653083214405e-02,5.075682690190530533e-01,3.557891589115806386e-01,2.006498399772175534e-01
8.012466730361358369e-01,1.428571428571428492e-01,8.506581818444358678e-02,1.375494659795437058e-01,1.250000000000000000e-01,1.049207312881868942e-01,1.056080305281615894e-01,1.310072373271486609e-02,4.761473421415001739e-01,1.995437734974049027e-01,5.246486761264664844e-01,0.000000000000000000e+00,5.185994449979880808e-03,3.284694052165834655e-01,6.666666669999999906e-01,5.499999849849999123e-01,4.434449007170705448e-01,1.373626373626373742e-01,9.703102099685207912e-03,4.994344025865803949e-01,2.364864864864865135e-01,1.028549820250384272e-01,6.018401832687614306e-01,4.444573566626870975e-01,2.804421638889852408e-01
8.879284277520413937e-01,2.857142857142856984e-01,1.531740258131167043e-01,3.206417239147472120e-01,3.125000000000000000e-01,1.820184468842116488e-01,2.617280557085641668e-01,1.366944890117889055e-01,5.856838233937491367e-01,4.664599191343157258e-01,7.935014485235587500e-01,0.000000000000000000e+00,5.561899350112468055e-01,1.569812240391223468e-01,1.333333329999999983e-01,5.499999849849999123e-01,8.376181462968141922e-01,3.214285714285714524e-01,1.455674433499049569e-01,6.177687383016956524e-01,3.108108108108108558e-01,1.324257893939995989e-01,6.833179516249174856e-01,5.581314943288260277e-01,3.958119544630472886e-01
7.713894469146851396e-01,1.428571428571428492e-01,7.194602767689373124e-02,1.346838520906418202e-01,1.875000000000000000e-01,1.077672986798369342e-01,1.401211374546689759e-01,7.582683715352309117e-02,4.188747456421403892e-01,3.655489791927275522e-01,7.282171111673876318e-01,0.000000000000000000e+00,4.203456539217874655e-01,8.614470133033345911e-02,0.000000000000000000e+00,4.400000018479999220e-01,8.479911261488386476e-01,1.318681318681318992e-01,6.192001145727841355e-02,4.535939309745620762e-01,1.824324324324324564e-01,5.785592739812410457e-02,5.249300795944851217e-01,4.146760695668056385e-01,2.445819155374663045e-01
7.448911061355398822e-01,1.428571428571428492e-01,4.598969591974035737e-02,1.490119214921670765e-01,1.250000000000000000e-01,5.492760450146058626e-02,1.020068496068519959e-01,1.614799429868058953e-02,4.437651563163675372e-01,2.399079603410899375e-01,6.077378337133417796e-01,0.000000000000000000e+00,2.014272049574594436e-01,2.711360569397199272e-01,3.333333330000000094e-01,4.400000018479999220e-01,5.022251217456782380e-01,9.065934065934067032e-02,1.823514015055494042e-02,4.742567807583942252e-01,1.351351351351351426e-01,6.107014560297986672e-02,6.011187264882389414e-01,4.233232191715541881e-01,2.396857718451040620e-01
9.361382211832809386e-01,7.142857142857141906e-01,3.075580757421970679e-01,4.438041953331609557e-01,4.375000000000000000e-01,3.274672479882585474e-01,3.918989758374875620e-01,1.960745469514021122e-01,7.218807378241036687e-01,4.780931086383448658e-01,6.752797843088377272e-01,0.000000000000000000e+00,3.179780148813664553e-01,1.352372775384883333e-02,3.928571430000000198e-01,6.769230744353846863e-01,8.644270433951684041e-01,6.153846153846154188e-01,2.132281320032564653e-01,7.366259620213537751e-01,8.513513513513513153e-01,4.134288145324285235e-01,7.514440847571173254e-01,6.998638946207285105e-01,5.977320177563631987e-01
9.147971518608202235e-01,5.714285714285713969e-01,2.751920073805759759e-01,3.894598752531396868e-01,3.750000000000000000e-01,2.822468913515024935e-01,3.255045371838501400e-01,1.117826954599865225e-01,6.792695898802387777e-01,3.945880741083420684e-01,6.477196669903946269e-01,2.333333333333333370e-01,2.664082344333181668e-02,5.242851642362601761e-02,5.238095240000000263e-01,6.769230744353846863e-01,8.124446769811001223e-01,5.549450549450550829e-01,7.730650235141003912e-02,6.929037644541584662e-01,8.513513513513513153e-01,4.017772735820130392e-01,7.125041577460564657e-01,6.397303464755283997e-01,5.489215660847045486e-01
6.584074752791747587e-01,0.000000000000000000e+00,4.349713410718255430e-02,6.140601165941665662e-03,0.000000000000000000e+00,4.937007858650378778e-02,2.152976212403071021e-02,1.177938023158262883e-02,4.937307187454173518e-01,3.164156431106621148e-02,8.012168692525600822e-02,0.000000000000000000e+00,0.000000000000000000e+00,8.409710348909110733e-02,0.000000000000000000e+00,6.769230744353846863e-01,7.779734608947652674e-03,1.208791208791208799e-01,0.000000000000000000e+00,5.214275418201499424e-01,1.081081081081081141e-01,2.410663641588504241e-02,7.061469054657381061e-01,4.569135178115139584e-01,2.565822122977887698e-01
8.793112635754194439e-01,4.285714285714285476e-01,1.785806363252186446e-01,2.010085472438653542e-01,1.875000000000000000e-01,1.816283459851485982e-01,1.638538468363918976e-01,1.560479396408986225e-02,5.936428319982052226e-01,1.743037921534791035e-01,3.393872487740317023e-01,0.000000000000000000e+00,0.000000000000000000e+00,1.295400327685836406e-01,1.000000000000000000e+00,6.769230744353846863e-01,6.398253325540442793e-01,3.324175824175824023e-01,1.053957641826015409e-02,6.104035679122028490e-01,7.972972972972972583e-01,3.567782189550987026e-01,6.792421892933941940e-01,5.323454780237677486e-01,4.294994342004352372e-01
8.175334228669683956e-01,1.428571428571428492e-01,5.763068156061211533e-02,1.008082023631663715e-01,1.250000000000000000e-01,7.922860685106329626e-02,1.163969169890565203e-01,5.685878908408729948e-02,5.514927621689897919e-01,2.529218203819502131e-01,5.419139561688942619e-01,0.000000000000000000e+00,1.089939934534660676e-01,1.204423590501343122e-01,0.000000000000000000e+00,6.769230744353846863e-01,7.546343052400557028e-01,1.538461538461538824e-01,3.107223269819815031e-02,5.754620370824266029e-01,1.689189189189189144e-01,5.785592739812410457e-02,7.536974660001782844e-01,5.238768629837879942e-01,3.117869111220636924e-01
5.460493016484666562e-01,0.000000000000000000e+00,9.012251030647275285e-03,7.164034700762642038e-03,0.000000000000000000e+00,1.145915390697641902e-02,1.312254402809742704e-02,4.333356912855932351e-03,2.986180138569586862e-01,6.070184211710885624e-02,1.922920487701748060e-01,0.000000000000000000e+00,0.000000000000000000e+00,1.076447293136454514e-01,0.000000000000000000e+00,5.499999849849999123e-01,7.779734608947652674e-03,2.747252747252747207e-02,0.000000000000000000e+00,3.201104176381616706e-01,3.378378378378378566e-02,9.642654566354018006e-03,4.864726853652023841e-01,2.885440322865632790e-01,1.249501997597306790e-01
8.956513453512026102e-01,5.714285714285713969e-01,2.140292685728840683e-01,2.680434432588288951e-01,2.500000000000000000e-01,2.154138546260450648e-01,2.096454593404130651e-01,2.013834388885062110e-02,5.890665965771275658e-01,2.411951992004971734e-01,4.328625503114640338e-01,0.000000000000000000e+00,0.000000000000000000e+00,1.679328861708692111e-01,1.000000000000000000e+00,5.499999849849999123e-01,6.530646543584419650e-01,3.076923076923077094e-01,1.405276855768020604e-02,6.105820902081255941e-01,8.445945945945946276e-01,4.242768009195768131e-01,6.643867383126345061e-01,5.492106867349095811e-01,4.390738840674726085e-01
6.400918947105521672e-01,0.000000000000000000e+00,3.709438710058581695e-02,2.251553759412467520e-02,0.000000000000000000e+00,3.090752054755795813e-02,1.741504162573077191e-02,8.066242201668199011e-03,4.204852574561452339e-01,1.062435434739107676e-02,8.012168692525600822e-02,0.000000000000000000e+00,0.000000000000000000e+00,1.168590270207791604e-01,0.000000000000000000e+00,5.499999849849999123e-01,7.779734608947652674e-03,1.593406593406593574e-01,0.000000000000000000e+00,4.412772805618348504e-01,1.081081081081081141e-01,2.410663641588504241e-02,5.294274725120282632e-01,3.631821428470060620e-01,2.355357422144587487e-01
6.565090246539342367e-01,0.000000000000000000e+00,3.873685541357640982e-02,1.563062114966967675e-02,0.000000000000000000e+00,3.749687475675957810e-02,1.844631959180009773e-02,1.264511271401838437e-02,4.435746788493283854e-01,6.590148518540520084e-03,1.780481948290191241e-02,0.000000000000000000e+00,0.000000000000000000e+00,8.918512488058753795e-02,0.000000000000000000e+00,5.499999849849999123e-01,7.779734608947652674e-03,2.170329670329670668e-01,0.000000000000000000e+00,4.661882694946410388e-01,2.770270270270270285e-01,4.339194554859308189e-02,5.470984788505413032e-01,3.839948763821296462e-01,2.647582612970650340e-01
7.287707780545172875e-01,1.428571428571428492e-01,6.286939755693220222e-02,1.100191041335709663e-01,1.250000000000000000e-01,6.918645458663509606e-02,1.027070848882095655e-01,4.658248505078616680e-02,4.608942584805286180e-01,2.590623998777444870e-01,6.166941973988401271e-01,1.000000000000000056e-01,6.337193959328672743e-02,1.357994860881761023e-01,0.000000000000000000e+00,5.499999849849999123e-01,7.546343052400557028e-01,2.060439560439560613e-01,2.638797651347581097e-02,4.832916049149072468e-01,1.486486486486486847e-01,5.303460011494709470e-02,5.632328759422273734e-01,4.236282976849365389e-01,2.785941728737353351e-01
8.654095842942006733e-01,2.857142857142856984e-01,1.205599321169466553e-01,1.440994405336232242e-01,1.875000000000000000e-01,1.528992557655656781e-01,1.634654145881969667e-01,1.147868352514149620e-01,5.676810460965147076e-01,2.888640788487704114e-01,6.416209442262212903e-01,0.000000000000000000e+00,3.023711245757507715e-01,1.035494978239797081e-01,0.000000000000000000e+00,6.769230744353846863e-01,8.479911261488386476e-01,2.912087912087912289e-01,7.193260905462554866e-02,5.961237260129976789e-01,3.108108108108108558e-01,7.714123653083214405e-02,6.792421892933941940e-01,5.279767265504835549e-01,3.662530831024785050e-01
6.549466890815462961e-01,0.000000000000000000e+00,5.695294333348519672e-02,1.074605202965184941e-02,0.000000000000000000e+00,5.636608200055973072e-02,2.107072494145315750e-02,1.486585032446838955e-02,5.087927500677369430e-01,1.565983001486963289e-02,5.934939752853718442e-02,0.000000000000000000e+00,0.000000000000000000e+00,8.972803335968861094e-02,0.000000000000000000e+00,6.769230744353846863e-01,7.779734608947652674e-03,2.115384615384615641e-01,0.000000000000000000e+00,5.184971543680529926e-01,1.486486486486486847e-01,2.892796369906205228e-02,6.295413127702536027e-01,4.369543830286353736e-01,2.976787418949500275e-01
6.549466890815462961e-01,0.000000000000000000e+00,5.695294333348519672e-02,1.074605202965184941e-02,0.000000000000000000e+00,5.636608200055973072e-02,2.107072494145315750e-02,1.486585032446838955e-02,5.087927500677369430e-01,1.565983001486963289e-02,5.934939752853718442e-02,0.000000000000000000e+00,0.000000000000000000e+00,8.972803335968861094e-02,0.000000000000000000e+00,6.769230744353846863e-01,7.779734608947652674e-03,2.115384615384615641e-01,0.000000000000000000e+00,5.184971543680529926e-01,1.486486486486486847e-01,2.892796369906205228e-02,6.295413127702536027e-01,4.369543830286353736e-01,2.976787418949500275e-01
7.786993809526223664e-01,1.428571428571428492e-01,1.036138169464480008e-01,6.734192606681299598e-02,6.250000000000000000e-02,1.052863196571050819e-01,6.807652620170839830e-02,7.713768462959952679e-03,5.600521060136542939e-01,8.392150528645508922e-02,2.255277112066830236e-01,0.000000000000000000e+00,0.000000000000000000e+00,1.370169302439231684e-01,1.000000000000000000e+00,6.769230744353846863e-01,3.742781925981080171e-01,4.038461538461538547e-01,3.513192139420051509e-03,5.595939817017439033e-01,5.405405405405405705e-01,1.832104367607263473e-01,6.592381603789054800e-01,4.822350863023722733e-01,3.740466205794211740e-01
7.039059333897346171e-01,1.428571428571428492e-01,4.775226806531032014e-02,1.504447284151259334e-01,1.250000000000000000e-01,5.290127708403699613e-02,9.619884411140727787e-02,1.584399023408089233e-02,4.111348707500933064e-01,2.495370971042610575e-01,6.196077126208072716e-01,0.000000000000000000e+00,4.032421234496178647e-02,1.779693525621237338e-01,3.333333330000000094e-01,5.499999849849999123e-01,5.290219870169056149e-01,1.071428571428571508e-01,1.733174788663452426e-02,4.264661652742058329e-01,1.216216216216216423e-01,5.464170919326834241e-02,5.320134734396155807e-01,3.800429491290978068e-01,2.270944943549976502e-01
8.517912573859456327e-01,1.428571428571428492e-01,1.200562768095454341e-01,1.461463076032651909e-01,1.875000000000000000e-01,1.449973907042996779e-01,1.920091380353113331e-01,1.538643671055406892e-01,7.484267535704449692e-01,3.286487623328868679e-01,7.032903635922040930e-01,1.333333333333333315e-01,9.494470082588861715e-01,1.148113933723557550e-01,0.000000000000000000e+00,8.249999890274999359e-01,8.479911261488386476e-01,4.752747252747253071e-01,6.060256440499588865e-02,7.568424204910937370e-01,4.729729729729730270e-01,1.012478729467171934e-01,9.206210150053644181e-01,6.715127981518840272e-01,5.039206956245343427e-01
3.105431253964209271e-01,0.000000000000000000e+00,1.091311166255667930e-02,8.596841623721482306e-02,1.250000000000000000e-01,2.349876536260736559e-02,6.998819285281576708e-02,1.366825184357830375e-02,1.970398823415663858e-01,4.704508135175587968e-01,9.400944610696334580e-01,2.000000000000000111e-01,4.964261394339827826e-02,7.181137321291283793e-02,0.000000000000000000e+00,1.833333360283333491e-01,7.546343052400557028e-01,5.494505494505494067e-03,1.171064046356243976e-02,2.098719917431405846e-01,2.027027027027027140e-02,9.642654566354018006e-03,3.270635303597446697e-01,2.042107718322073162e-01,7.632894046336186067e-02
1.845358439314870314e-01,0.000000000000000000e+00,1.346958366513062617e-03,0.000000000000000000e+00,0.000000000000000000e+00,2.593824317955547090e-03,4.966202949740341349e-03,3.317136039130279788e-03,1.199524597923934954e-01,1.147656850792637129e-01,2.670722900001206712e-01,0.000000000000000000e+00,0.000000000000000000e+00,7.181137321291283793e-02,0.000000000000000000e+00,1.157894668757892820e-01,7.779734608947652674e-03,5.494505494505494067e-03,0.000000000000000000e+00,1.261359389912837803e-01,1.351351351351351426e-02,4.821327283177008136e-03,2.267295052399311839e-01,1.179138360116320228e-01,4.079456203925638236e-02
1.845358439314870314e-01,0.000000000000000000e+00,1.346958366513062617e-03,0.000000000000000000e+00,0.000000000000000000e+00,2.593824317955547090e-03,4.966202949740341349e-03,3.317136039130279788e-03,1.199524597923934954e-01,1.147656850792637129e-01,2.670722900001206712e-01,0.000000000000000000e+00,0.000000000000000000e+00,7.181137321291283793e-02,0.000000000000000000e+00,1.157894668757892820e-01,7.779734608947652674e-03,5.494505494505494067e-03,0.000000000000000000e+00,1.261359389912837803e-01,1.351351351351351426e-02,4.821327283177008136e-03,2.267295052399311839e-01,1.179138360116320228e-01,4.079456203925638236e-02
4.556161643435937547e-01,1.428571428571428492e-01,1.488618069512410991e-02,4.298420811860740459e-02,6.250000000000000000e-02,2.613202469606627776e-02,4.839066497352419866e-02,1.332216154349955169e-02,3.005479672875109309e-01,2.370166849306052093e-01,5.661932549199041320e-01,0.000000000000000000e+00,7.423758557533464975e-02,7.181137321291283793e-02,0.000000000000000000e+00,2.588235128341174196e-01,5.679206623022082789e-01,2.747252747252747207e-02,7.611916303247841589e-03,3.131671858227810801e-01,2.702702702702702853e-02,1.446398184953102788e-02,4.506387703378198495e-01,2.924359115669002418e-01,1.355122425903987904e-01
4.679600613124836883e-01,0.000000000000000000e+00,7.963547731004962799e-03,1.432806935854106373e-02,0.000000000000000000e+00,7.489497309575028280e-03,1.122657194071258191e-02,2.578659319763821397e-03,2.582374551065181323e-01,6.914000869255040871e-02,2.670722900001206712e-01,0.000000000000000000e+00,0.000000000000000000e+00,2.151447618086622382e-01,0.000000000000000000e+00,2.588235128341174196e-01,7.779734608947652674e-03,2.197802197802197627e-02,0.000000000000000000e+00,2.857544528244385096e-01,1.351351351351351426e-02,4.821327283177008136e-03,4.227924125233653019e-01,2.497957704969853698e-01,1.045486075191093822e-01
5.323667040607789058e-01,0.000000000000000000e+00,1.614425813577799809e-02,0.000000000000000000e+00,0.000000000000000000e+00,2.281682030408873491e-02,9.880501500771590728e-03,5.890575717978385403e-03,2.295579495269602366e-01,5.241233404056447331e-02,1.922920487701748060e-01,0.000000000000000000e+00,0.000000000000000000e+00,7.181137321291283793e-02,0.000000000000000000e+00,3.437499935031249620e-01,7.779734608947652674e-03,3.296703296703296787e-02,0.000000000000000000e+00,2.555250229642290205e-01,3.378378378378378566e-02,9.642654566354018006e-03,3.407524700525164096e-01,2.175936591647949503e-01,1.004421928996361568e-01
6.848020762772255576e-01,1.428571428571428492e-01,2.979810104882012201e-02,4.298420811860740459e-02,6.250000000000000000e-02,4.635502068219947425e-02,5.139313501531792699e-02,1.773787726425489833e-02,3.418160242903179324e-01,1.477447976145039032e-01,5.163397605173394300e-01,0.000000000000000000e+00,1.459481211396451011e-02,7.181137321291283793e-02,0.000000000000000000e+00,5.499999849849999123e-01,5.679206623022082789e-01,5.494505494505494414e-02,7.904682313695114704e-03,3.724044726223630364e-01,8.108108108108108558e-02,1.928530913270803254e-02,4.580313599460312801e-01,3.210623998905087206e-01,1.715103258772008588e-01
2.912744108084108774e-01,1.428571428571428492e-01,3.168375946218456723e-02,9.824961856909814051e-02,6.250000000000000000e-02,3.021504000567012960e-02,3.678077843767599275e-02,1.410821253360788549e-03,1.762334343542786841e-01,1.548215852140398530e-01,4.166327724600124016e-01,0.000000000000000000e+00,0.000000000000000000e+00,3.468979648236698576e-01,1.000000000000000000e+00,3.437499935031249620e-01,1.434388655346592323e-01,8.791208791208791895e-02,3.513192139420051509e-03,2.032912776895934859e-01,2.770270270270270285e-01,8.678389109718616379e-02,2.465695667043010797e-01,1.697177948867344965e-01,9.909627210812199660e-02
2.912744108084108774e-01,1.428571428571428492e-01,3.168375946218456723e-02,9.824961856909814051e-02,6.250000000000000000e-02,3.021504000567012960e-02,3.678077843767599275e-02,1.410821253360788549e-03,1.762334343542786841e-01,1.548215852140398530e-01,4.166327724600124016e-01,0.000000000000000000e+00,0.000000000000000000e+00,3.468979648236698576e-01,1.000000000000000000e+00,3.437499935031249620e-01,1.434388655346592323e-01,8.791208791208791895e-02,3.513192139420051509e-03,2.032912776895934859e-01,2.770270270270270285e-01,8.678389109718616379e-02,2.465695667043010797e-01,1.697177948867344965e-01,9.909627210812199660e-02
8.718133405922592338e-01,2.857142857142856984e-01,1.688499617070031156e-01,1.225732220575461995e-01,1.250000000000000000e-01,1.722010982093528930e-01,1.299654633154513350e-01,1.296208063283339242e-02,6.815315167688844600e-01,1.195278636336297717e-01,2.937421664939791066e-01,0.000000000000000000e+00,0.000000000000000000e+00,1.404296410555684882e-01,1.000000000000000000e+00,5.499999849849999123e-01,5.489031787511443605e-01,4.258241758241758657e-01,7.026384278840102152e-03,6.958912841664468552e-01,5.878378378378378288e-01,2.314237095924964183e-01,8.281293187855167659e-01,6.045583763597088822e-01,4.624906756687292564e-01
9.105890620926044843e-01,4.285714285714285476e-01,2.515326496139695944e-01,3.621528079864224647e-01,3.125000000000000000e-01,2.344730219778677349e-01,2.572631725404562197e-01,5.974685455229462178e-02,6.026978140675680606e-01,2.824570110260727906e-01,6.005397352151456980e-01,0.000000000000000000e+00,1.743567099562201269e-03,9.825175377306533120e-02,5.999999999999999778e-01,6.769230744353846863e-01,7.134921803979206167e-01,3.873626373626373742e-01,3.927568648352323943e-02,6.221128797017447809e-01,7.162162162162162282e-01,3.606352807816403105e-01,6.747916442187420483e-01,5.448717299592500396e-01,4.596315869526240716e-01
8.794853683385177590e-01,4.285714285714285476e-01,1.818808852316371183e-01,2.044137897387037495e-01,1.875000000000000000e-01,1.727670945131054292e-01,1.614387683379726601e-01,2.231729711297495908e-02,5.837993811462904858e-01,1.649286609424948924e-01,3.987366463025687757e-01,0.000000000000000000e+00,3.074748879416995691e-05,1.044256637371260288e-01,8.333333330000000094e-01,6.769230744353846863e-01,6.314731294358665314e-01,3.818681318681318992e-01,1.491966012541697841e-02,6.010353812872246682e-01,7.094594594594594295e-01,3.085649461233285762e-01,6.731800784232893076e-01,5.133179454068492742e-01,4.206278071638893667e-01
6.594520536082493223e-01,0.000000000000000000e+00,4.223520564328665794e-02,1.194005782027632301e-02,0.000000000000000000e+00,4.147639271686292400e-02,1.912856530425561391e-02,1.280885310804626316e-02,4.525226436103839123e-01,9.847585320710852685e-03,4.273156631028307562e-02,0.000000000000000000e+00,0.000000000000000000e+00,8.887485565677728794e-02,0.000000000000000000e+00,4.400000018479999220e-01,7.779734608947652674e-03,1.758241758241758379e-01,0.000000000000000000e+00,4.691079928674935506e-01,2.094594594594594850e-01,3.374929098223906215e-02,5.925034081805702346e-01,3.983033253235659932e-01,2.543158518272656821e-01
8.847289407571947706e-01,2.857142857142856984e-01,1.329192433618624214e-01,2.607708626005462715e-01,2.500000000000000000e-01,1.538206242751832820e-01,2.196513485842558344e-01,5.519306641255928431e-02,6.192520271517492070e-01,3.242415863261415288e-01,7.590787978224027288e-01,0.000000000000000000e+00,1.250914845407837504e-02,3.643027613173160928e-01,2.999999999999999889e-01,6.769230744353846863e-01,7.061136534501242235e-01,2.060439560439560613e-01,5.236329234700747709e-02,6.504038217138838895e-01,3.918918918918919414e-01,1.094441293281181032e-01,7.766013763896244537e-01,5.775954940479315347e-01,3.787717007889082055e-01
8.582570912818316966e-01,2.857142857142856984e-01,1.253439337299377954e-01,1.232213966210026490e-01,1.250000000000000000e-01,1.273451695356605518e-01,1.197840538569041602e-01,4.762786294220152511e-02,6.070220610158922891e-01,1.488457405179141324e-01,3.101786945129760276e-01,0.000000000000000000e+00,3.159080631882540957e-01,6.054947766453677022e-02,3.333333330000000094e-01,8.249999890274999359e-01,7.093905831836242459e-01,4.148351648351648602e-01,2.259464748482870045e-02,6.265867046746602664e-01,6.216216216216216006e-01,1.767820003992280897e-01,7.150667347521986184e-01,5.270256591786188771e-01,4.223835560851920690e-01
6.518937226190486545e-01,0.000000000000000000e+00,4.027786772439699570e-02,1.791008673041449145e-02,0.000000000000000000e+00,3.472977220846971275e-02,1.731240950731073591e-02,1.171398255077145401e-02,4.194208333460708871e-01,7.640971190134224211e-03,4.273156631028307562e-02,0.000000000000000000e+00,0.000000000000000000e+00,9.740663268589055956e-02,0.000000000000000000e+00,6.769230744353846863e-01,7.779734608947652674e-03,2.060439560439560613e-01,0.000000000000000000e+00,4.386713374831960333e-01,2.094594594594594850e-01,3.374929098223906215e-02,5.365670837686278283e-01,3.574740246465131777e-01,2.406566041620276375e-01
8.530222003274374742e-01,2.857142857142856984e-01,1.633323054495201820e-01,1.344884693499122374e-01,1.250000000000000000e-01,1.538574087233572640e-01,1.148887717856557078e-01,1.194111909139244573e-02,5.758079881076396678e-01,1.131525701465742606e-01,2.172187955975559692e-01,0.000000000000000000e+00,0.000000000000000000e+00,1.169130242498046396e-01,1.000000000000000000e+00,6.769230744353846863e-01,6.034577235079986446e-01,3.901098901098901117e-01,7.026384278840102152e-03,5.886885356967528349e-01,7.027027027027027417e-01,3.085649461233285762e-01,6.651784668574938220e-01,4.966146156035795012e-01,4.107982059462684798e-01
2.352230845914667912e-01,0.000000000000000000e+00,9.217043679425100666e-03,4.298420811860740459e-02,6.250000000000000000e-02,1.630009790089572558e-02,3.114823825840822707e-02,7.484973127897497081e-03,1.114397234454085894e-01,2.884686018497959470e-01,7.656072317823605644e-01,6.666666666666666574e-02,2.484645534278389148e-02,7.181137321291283793e-02,0.000000000000000000e+00,3.437499935031249620e-01,5.679206623022082789e-01,1.098901098901098987e-02,5.269788209130077047e-03,1.187133258547949377e-01,6.756756756756757132e-03,4.821327283177008136e-03,1.901179160205568319e-01,1.137406442320201827e-01,4.269522510647373592e-02
3.680617207808346558e-01,1.428571428571428492e-01,1.336787456371087840e-02,5.158104974232888967e-02,6.250000000000000000e-02,2.018011940722336944e-02,3.846802484354369667e-02,1.449714619118009327e-02,1.934475535569062932e-01,2.394213212600944940e-01,4.807301222993380918e-01,0.000000000000000000e+00,4.959231720122878051e-02,1.004780652549351339e-01,0.000000000000000000e+00,4.400000018479999220e-01,5.679206623022082789e-01,4.120879120879120810e-02,8.080341920666117561e-03,2.015268371847739881e-01,6.081081081081081419e-02,2.410663641588504241e-02,2.818741011070146074e-01,1.890661062240275858e-01,9.355706818803499747e-02
1.177430253163189722e-01,0.000000000000000000e+00,1.154535742725485217e-04,0.000000000000000000e+00,0.000000000000000000e+00,0.000000000000000000e+00,1.683233878669716105e-03,1.990069910354892290e-03,5.043089813841949987e-02,1.184619103260160511e-01,3.917060256326312384e-01,0.000000000000000000e+00,0.000000000000000000e+00,7.181137321291283793e-02,0.000000000000000000e+00,2.588235128341174196e-01,7.779734608947652674e-03,0.000000000000000000e+00,0.000000000000000000e+00,5.384579769101066615e-02,0.000000000000000000e+00,0.000000000000000000e+00,1.137606168923952499e-01,4.875769062749318872e-02,1.452543041304928118e-02
6.310672308813312092e-01,0.000000000000000000e+00,3.632449910285443645e-02,1.023433526224136469e-02,0.000000000000000000e+00,3.836336400029297794e-02,1.916432262733559072e-02,9.314383803005936782e-03,4.427908940631397061e-01,3.322876802957130948e-02,8.012168692525600822e-02,0.000000000000000000e+00,0.000000000000000000e+00,9.228756646842259381e-02,0.000000000000000000e+00,3.437499935031249620e-01,7.779734608947652674e-03,1.098901098901099022e-01,0.000000000000000000e+00,4.590103584907839207e-01,1.081081081081081141e-01,2.410663641588504241e-02,6.043746515691685861e-01,4.064442152699176414e-01,2.352709910285787631e-01
6.344317517412459972e-01,1.428571428571428492e-01,4.319673566394770237e-02,5.321854338084876929e-02,6.250000000000000000e-02,5.265437360671076233e-02,6.122173964279654240e-02,2.460109446406269496e-02,4.493581857565016047e-01,1.787208030736373854e-01,4.332506036782665104e-01,0.000000000000000000e+00,9.878226661459928171e-02,9.228756646842259381e-02,0.000000000000000000e+00,3.437499935031249620e-01,5.679206623022082789e-01,1.208791208791208799e-01,8.281095756702522293e-03,4.643227809921519067e-01,1.081081081081081141e-01,3.374929098223906215e-02,6.072885873969935400e-01,4.209614344012559406e-01,2.449488763807306790e-01
4.742826216207577383e-01,0.000000000000000000e+00,8.872057404470005265e-03,0.000000000000000000e+00,0.000000000000000000e+00,1.433044670898203816e-02,1.561925096183013062e-02,3.940330567417789538e-03,3.611713565901414902e-01,7.915195054702922617e-02,2.670722900001206712e-01,0.000000000000000000e+00,0.000000000000000000e+00,7.181137321291283793e-02,0.000000000000000000e+00,5.499999849849999123e-01,7.779734608947652674e-03,1.923076923076923184e-02,0.000000000000000000e+00,3.808686287530352321e-01,1.351351351351351426e-02,4.821327283177008136e-03,5.527670678403613369e-01,3.366035513225331122e-01,1.551161148545201207e-01
4.742826216207577383e-01,0.000000000000000000e+00,8.872057404470005265e-03,0.000000000000000000e+00,0.000000000000000000e+00,1.433044670898203816e-02,1.561925096183013062e-02,3.940330567417789538e-03,3.611713565901414902e-01,7.915195054702922617e-02,2.670722900001206712e-01,0.000000000000000000e+00,0.000000000000000000e+00,7.181137321291283793e-02,0.000000000000000000e+00,5.499999849849999123e-01,7.779734608947652674e-03,1.923076923076923184e-02,0.000000000000000000e+00,3.808686287530352321e-01,1.351351351351351426e-02,4.821327283177008136e-03,5.527670678403613369e-01,3.366035513225331122e-01,1.551161148545201207e-01
5.632833496713640642e-01,1.428571428571428492e-01,3.055258931003167894e-02,6.447631217791111036e-02,6.250000000000000000e-02,4.154884712269594355e-02,4.782678949193070600e-02,1.944313511488477211e-02,2.928295452786168762e-01,1.495131906993493465e-01,3.917060256326312384e-01,0.000000000000000000e+00,3.386964230696046796e-01,1.793114057079296386e-01,0.000000000000000000e+00,3.437499935031249620e-01,5.679206623022082789e-01,7.967032967032967872e-02,8.782980348550128991e-03,3.209196596025368220e-01,1.486486486486486847e-01,2.892796369906205228e-02,3.919196840581475882e-01,2.875571888139928922e-01,1.520839682792238523e-01
6.478291230964596803e-01,1.428571428571428492e-01,2.497233322019184673e-02,4.298420811860740459e-02,6.250000000000000000e-02,4.154884712269594355e-02,4.783131263711710296e-02,2.194679294718959034e-02,2.928593682205309912e-01,1.809028299206814350e-01,4.415595192873935648e-01,0.000000000000000000e+00,1.382045505717661472e-02,7.181137321291283793e-02,0.000000000000000000e+00,3.437499935031249620e-01,5.679206623022082789e-01,5.219780219780220665e-02,8.490214338102854141e-03,3.191560013631724035e-01,6.756756756756757132e-02,2.410663641588504241e-02,4.079275919740275036e-01,2.888881276429607348e-01,1.432620914863272921e-01
1.995123667218650088e-01,0.000000000000000000e+00,1.249922386286589707e-02,2.579052487116444831e-02,0.000000000000000000e+00,8.079803698566175377e-03,4.058663056836244593e-03,2.820888296821089537e-03,1.040299969610483655e-01,4.478989787955484081e-02,1.424385543676101040e-01,0.000000000000000000e+00,0.000000000000000000e+00,1.578114135317986999e-01,0.000000000000000000e+00,2.588235128341174196e-01,7.779734608947652674e-03,6.043956043956044688e-02,0.000000000000000000e+00,1.287955366986928696e-01,6.081081081081081419e-02,1.446398184953102788e-02,1.614798296612433015e-01,9.466511544703654080e-02,5.412390348452941757e-02
6.639799873951947040e-01,0.000000000000000000e+00,6.725425086008808562e-02,1.910409230611795350e-03,0.000000000000000000e+00,7.559994678412144953e-02,2.390002615265916786e-02,1.777810631846111350e-02,5.570720070200998464e-01,3.057334140804943146e-02,2.913515894989338051e-02,0.000000000000000000e+00,0.000000000000000000e+00,7.420024929675592129e-02,0.000000000000000000e+00,5.499999849849999123e-01,7.779734608947652674e-03,1.565934065934066199e-01,0.000000000000000000e+00,5.791095195709854426e-01,2.364864864864865135e-01,3.857061826541607202e-02,7.253966841096801677e-01,4.999536730880662083e-01,3.186640567948555436e-01
6.639799873951947040e-01,0.000000000000000000e+00,6.725425086008808562e-02,1.910409230611795350e-03,0.000000000000000000e+00,7.559994678412144953e-02,2.390002615265916786e-02,1.777810631846111350e-02,5.570720070200998464e-01,3.057334140804943146e-02,2.913515894989338051e-02,0.000000000000000000e+00,0.000000000000000000e+00,7.420024929675592129e-02,0.000000000000000000e+00,5.499999849849999123e-01,7.779734608947652674e-03,1.565934065934066199e-01,0.000000000000000000e+00,5.791095195709854426e-01,2.364864864864865135e-01,3.857061826541607202e-02,7.253966841096801677e-01,4.999536730880662083e-01,3.186640567948555436e-01
6.639799873951947040e-01,0.000000000000000000e+00,6.725425086008808562e-02,1.910409230611795350e-03,0.000000000000000000e+00,7.559994678412144953e-02,2.390002615265916786e-02,1.777810631846111350e-02,5.570720070200998464e-01,3.057334140804943146e-02,2.913515894989338051e-02,0.000000000000000000e+00,0.000000000000000000e+00,7.420024929675592129e-02,0.000000000000000000e+00,5.499999849849999123e-01,7.779734608947652674e-03,1.565934065934066199e-01,0.000000000000000000e+00,5.791095195709854426e-01,2.364864864864865135e-01,3.857061826541607202e-02,7.253966841096801677e-01,4.999536730880662083e-01,3.186640567948555436e-01
6.675425885765419176e-01,1.428571428571428492e-01,8.058272460752191613e-02,1.451911029879592585e-01,1.250000000000000000e-01,9.323746043467363853e-02,1.177175206806660157e-01,3.129950455285523958e-02,5.687960848522406465e-01,2.829979312637901367e-01,5.566060443715875605e-01,0.000000000000000000e+00,9.878226661459928171e-02,2.830805089732975066e-01,3.333333330000000094e-01,5.499999849849999123e-01,5.022251217456782380e-01,1.703296703296703629e-01,1.969516805411161003e-02,5.927308906434995972e-01,2.364864864864865135e-01,8.678389109718616379e-02,7.288727940521979587e-01,5.284680615294086170e-01,3.380923022684281243e-01
3.743781742241584221e-01,2.857142857142856984e-01,1.953089631443941446e-02,1.934289365337333311e-01,1.250000000000000000e-01,1.554090863180313149e-02,6.039018930455517659e-02,6.435019694012769067e-04,1.325011832472212103e-01,2.538387369247663283e-01,6.053638571840462834e-01,0.000000000000000000e+00,0.000000000000000000e+00,1.779693525621237338e-01,1.000000000000000000e+00,2.588235128341174196e-01,1.581879463842871258e-01,2.472527472527472764e-02,7.026384278840102152e-03,1.565279004049444089e-01,2.770270270270270285e-01,8.678389109718616379e-02,2.115882824175361332e-01,1.350188693879008084e-01,6.792481990919987944e-02
3.743781742241584221e-01,2.857142857142856984e-01,1.953089631443941446e-02,1.934289365337333311e-01,1.250000000000000000e-01,1.554090863180313149e-02,6.039018930455517659e-02,6.435019694012769067e-04,1.325011832472212103e-01,2.538387369247663283e-01,6.053638571840462834e-01,0.000000000000000000e+00,0.000000000000000000e+00,1.779693525621237338e-01,1.000000000000000000e+00,2.588235128341174196e-01,1.581879463842871258e-01,2.472527472527472764e-02,7.026384278840102152e-03,1.565279004049444089e-01,2.770270270270270285e-01,8.678389109718616379e-02,2.115882824175361332e-01,1.350188693879008084e-01,6.792481990919987944e-02
4.498053545685396504e-01,2.857142857142856984e-01,3.084534659314914357e-02,2.579052487116443859e-01,1.875000000000000000e-01,3.375107213622297042e-02,1.022639428648725590e-01,7.826013277823194725e-03,2.101459194226210081e-01,3.600363210917660872e-01,7.478024122994587630e-01,0.000000000000000000e+00,7.423758557533464975e-02,3.463592815919328688e-02,5.000000000000000000e-01,3.437499935031249620e-01,4.745638413934254451e-01,3.846153846153846367e-02,2.318706812017233901e-02,2.405808884987436502e-01,2.770270270270270285e-01,7.714123653083214405e-02,3.080620452831248635e-01,2.179815156671822129e-01,1.079056441264078792e-01
3.743781742241584221e-01,2.857142857142856984e-01,1.953089631443941446e-02,1.934289365337333311e-01,1.250000000000000000e-01,1.554090863180313149e-02,6.039018930455517659e-02,6.435019694012769067e-04,1.325011832472212103e-01,2.538387369247663283e-01,6.053638571840462834e-01,0.000000000000000000e+00,0.000000000000000000e+00,1.779693525621237338e-01,1.000000000000000000e+00,2.588235128341174196e-01,1.581879463842871258e-01,2.472527472527472764e-02,7.026384278840102152e-03,1.565279004049444089e-01,2.770270270270270285e-01,8.678389109718616379e-02,2.115882824175361332e-01,1.350188693879008084e-01,6.792481990919987944e-02
6.268855109232051026e-01,1.428571428571428492e-01,2.905581619192464798e-02,1.146245549972811362e-01,1.250000000000000000e-01,4.188119069870843703e-02,8.388196447053195004e-02,2.682879471274658006e-02,3.056301256895466723e-01,2.565603600788759486e-01,6.196077126208072716e-01,0.000000000000000000e+00,9.883256335676879334e-02,2.151447618086622382e-01,0.000000000000000000e+00,4.400000018479999220e-01,7.546343052400557028e-01,6.868131868131868711e-02,2.857396273277868631e-02,3.349940412273061940e-01,1.824324324324324564e-01,3.857061826541607202e-02,4.263013159559068121e-01,2.970416653199854928e-01,1.547207704594871502e-01
8.092599344023583274e-01,1.428571428571428492e-01,9.070471472252196465e-02,9.978476882834541595e-02,1.250000000000000000e-01,1.126833956493191319e-01,1.228153889275581112e-01,3.237211853373890558e-02,6.130288349058601316e-01,2.430318692803831448e-01,5.525968475595144369e-01,1.000000000000000056e-01,2.484645534278389148e-02,6.552714132403283714e-04,3.333333330000000094e-01,6.769230744353846863e-01,6.834656052733978360e-01,1.758241758241758379e-01,1.307688185150503689e-02,6.327740453881252058e-01,3.445945945945946276e-01,9.321232745868440750e-02,7.902200443180593670e-01,5.614778266893274417e-01,3.666190787400862572e-01
6.597275209373372196e-01,0.000000000000000000e+00,3.589792064012208711e-02,7.675751468173126757e-03,0.000000000000000000e+00,4.186445038331534224e-02,2.200534942378559039e-02,1.204234621999789728e-02,5.097545367336113742e-01,3.353989173273397295e-02,5.934939752853718442e-02,0.000000000000000000e+00,0.000000000000000000e+00,8.460900294940169875e-02,0.000000000000000000e+00,6.769230744353846863e-01,7.779734608947652674e-03,1.126373626373626397e-01,0.000000000000000000e+00,5.306609256482703874e-01,1.486486486486486847e-01,2.892796369906205228e-02,7.053036442936986283e-01,4.640856933375103188e-01,2.695555364440683777e-01
5.778058837468784681e-01,0.000000000000000000e+00,1.467359951166555612e-02,1.432806935854106373e-02,0.000000000000000000e+00,1.596953250076091346e-02,1.736200878470715164e-02,3.852932825728240876e-03,4.049815487802044811e-01,4.898751457742214765e-02,2.670722900001206712e-01,0.000000000000000000e+00,0.000000000000000000e+00,2.151447618086622382e-01,0.000000000000000000e+00,5.499999849849999123e-01,7.779734608947652674e-03,3.846153846153846367e-02,0.000000000000000000e+00,4.261707511929348491e-01,1.351351351351351426e-02,4.821327283177008136e-03,5.878842108715105486e-01,3.695990459203296052e-01,1.858770502405191205e-01
6.157215481305231553e-01,0.000000000000000000e+00,3.214744799411498044e-02,0.000000000000000000e+00,0.000000000000000000e+00,4.202948263607603208e-02,2.011347585073040151e-02,7.510605963295956949e-03,4.600774650697880275e-01,4.050925181652742513e-02,1.922920487701748060e-01,0.000000000000000000e+00,0.000000000000000000e+00,7.181137321291283793e-02,0.000000000000000000e+00,4.400000018479999220e-01,7.779734608947652674e-03,6.043956043956044688e-02,0.000000000000000000e+00,4.887642274064800119e-01,3.378378378378378566e-02,9.642654566354018006e-03,6.820905381411714874e-01,4.305180219163509681e-01,2.230027684407833444e-01
6.638137234495148364e-01,0.000000000000000000e+00,5.513959992060327164e-02,1.693317289781408330e-02,0.000000000000000000e+00,4.708860171418033369e-02,1.947441208623901243e-02,1.637355636558028571e-02,4.750793637425482774e-01,2.721244888209198298e-03,8.217608934585340918e-03,0.000000000000000000e+00,0.000000000000000000e+00,8.875078377443423872e-02,0.000000000000000000e+00,5.499999849849999123e-01,7.779734608947652674e-03,2.884615384615384914e-01,0.000000000000000000e+00,4.893096147275294849e-01,3.108108108108108558e-01,4.821327283177008483e-02,5.783975226860680330e-01,3.979863562083085227e-01,2.922056737922016367e-01
2.771770781541180728e-01,1.428571428571428492e-01,2.005043739866588237e-02,1.719368324744296184e-01,1.250000000000000000e-01,2.439733064494846448e-02,5.566798526543115938e-02,5.370253182790051504e-03,8.337084813705758490e-02,3.587097425787066918e-01,7.905339786097417276e-01,0.000000000000000000e+00,4.959231720122878051e-02,4.288027736528899347e-01,3.333333330000000094e-01,1.833333360283333491e-01,4.434449007170705448e-01,2.197802197802197627e-02,1.171064046356243976e-02,1.058994444899578613e-01,8.783783783783784271e-02,2.892796369906205228e-02,1.782700965534042004e-01,1.107936595523660306e-01,4.065424284048646530e-02
1.943392023070376062e-01,1.428571428571428492e-01,7.389028753443088911e-03,1.002964855957558798e-01,6.250000000000000000e-02,5.033441967983214027e-03,2.447855917096129069e-02,0.000000000000000000e+00,3.008537131915217655e-02,2.217447665967000880e-01,5.661932549199041320e-01,0.000000000000000000e+00,0.000000000000000000e+00,4.288027736528899347e-01,1.000000000000000000e+00,1.157894668757892820e-01,0.000000000000000000e+00,8.241758241758241968e-03,3.513192139420051509e-03,4.519059271237840791e-02,8.108108108108108558e-02,3.857061826541607202e-02,1.039881568653171495e-01,4.785251063065470989e-02,1.657957473944932092e-02
1.943392023070376062e-01,1.428571428571428492e-01,7.389028753443088911e-03,1.002964855957558798e-01,6.250000000000000000e-02,5.033441967983214027e-03,2.447855917096129069e-02,0.000000000000000000e+00,3.008537131915217655e-02,2.217447665967000880e-01,5.661932549199041320e-01,0.000000000000000000e+00,0.000000000000000000e+00,4.288027736528899347e-01,1.000000000000000000e+00,1.157894668757892820e-01,0.000000000000000000e+00,8.241758241758241968e-03,3.513192139420051509e-03,4.519059271237840791e-02,8.108108108108108558e-02,3.857061826541607202e-02,1.039881568653171495e-01,4.785251063065470989e-02,1.657957473944932092e-02
7.448510674246415775e-01,1.428571428571428492e-01,3.781654335801284267e-02,5.731227747714847526e-02,6.250000000000000000e-02,5.164410673851332206e-02,5.830583989072053025e-02,1.902766917364987626e-02,4.135411461540387523e-01,1.473309747193550512e-01,4.914130136899582668e-01,0.000000000000000000e+00,1.765526956058997496e-03,2.151447618086622382e-01,0.000000000000000000e+00,6.769230744353846863e-01,5.679206623022082789e-01,7.967032967032967872e-02,8.197448324142389553e-03,4.392323557762932151e-01,1.081081081081081141e-01,1.928530913270803254e-02,6.007579980979778078e-01,3.963266617433499062e-01,2.017360451822759748e-01
7.345151987544575878e-01,1.428571428571428492e-01,6.192049821502337154e-02,1.047251615824310589e-01,6.250000000000000000e-02,5.235988931523020973e-02,5.908381728512281800e-02,3.357384604393544476e-03,4.502697643994961196e-01,8.604962924267761659e-02,3.821188150843146669e-01,0.000000000000000000e+00,0.000000000000000000e+00,3.410653689093909868e-01,1.000000000000000000e+00,5.499999849849999123e-01,1.645960482196465735e-01,2.609890109890110055e-01,3.513192139420051509e-03,4.667908652414764492e-01,3.783783783783783994e-01,1.157118547962482091e-01,5.598364073326245194e-01,3.871771738682535102e-01,2.736925258908357028e-01
7.345151987544575878e-01,1.428571428571428492e-01,6.192049821502337154e-02,1.047251615824310589e-01,6.250000000000000000e-02,5.235988931523020973e-02,5.908381728512281800e-02,3.357384604393544476e-03,4.502697643994961196e-01,8.604962924267761659e-02,3.821188150843146669e-01,0.000000000000000000e+00,0.000000000000000000e+00,3.410653689093909868e-01,1.000000000000000000e+00,5.499999849849999123e-01,1.645960482196465735e-01,2.609890109890110055e-01,3.513192139420051509e-03,4.667908652414764492e-01,3.783783783783783994e-01,1.157118547962482091e-01,5.598364073326245194e-01,3.871771738682535102e-01,2.736925258908357028e-01
8.652748949415005608e-01,2.857142857142856984e-01,1.798506407281503516e-01,1.336341766967644173e-01,1.250000000000000000e-01,1.783611836477818902e-01,1.295332437550813232e-01,2.800444518666178259e-02,6.789894090665538062e-01,1.241659709726313232e-01,3.098521950061371433e-01,0.000000000000000000e+00,1.975353969088172127e-03,8.886447157427238355e-03,6.666666669999999906e-01,5.499999849849999123e-01,6.154183264753299021e-01,4.148351648351648602e-01,1.230681852464983982e-02,6.881482262462577104e-01,6.486486486486486847e-01,2.153526186646441409e-01,8.031266250345503455e-01,6.021396857333189967e-01,4.697142082957279641e-01
8.477051811859068753e-01,2.857142857142856984e-01,1.432226803141891935e-01,1.442358983726533816e-01,1.250000000000000000e-01,1.324961735564772758e-01,1.088754619589407946e-01,1.017298427428862603e-02,5.322062022893694344e-01,1.069283938867691131e-01,2.626991766397068218e-01,0.000000000000000000e+00,0.000000000000000000e+00,1.023780300887026234e-01,1.000000000000000000e+00,6.769230744353846863e-01,5.653154109984875886e-01,3.516483516483516758e-01,7.026384278840102152e-03,5.469825233962684052e-01,7.094594594594594295e-01,2.892796369906205922e-01,6.087502400951949610e-01,4.526811192658855565e-01,3.774083374070824615e-01
5.909207979276931422e-01,0.000000000000000000e+00,1.957854381211907024e-02,5.014824281937003275e-02,6.250000000000000000e-02,2.722377250844297547e-02,4.775309531254994660e-02,1.301845667392098269e-02,2.911521885853308178e-01,2.137062379451385719e-01,6.409734961498499972e-01,6.666666666666666574e-02,2.484645534278389148e-02,1.076447293136454514e-01,0.000000000000000000e+00,1.833333360283333491e-01,5.679206623022082789e-01,4.120879120879120810e-02,6.148086243985089600e-03,3.232259833630427015e-01,3.378378378378378566e-02,1.446398184953102788e-02,4.161072253428090839e-01,2.880387978220630418e-01,1.376192984036937739e-01
6.116885801618375806e-01,0.000000000000000000e+00,2.803647929783131126e-02,1.719368324744295629e-02,0.000000000000000000e+00,2.685683798525118071e-02,1.792609460784937853e-02,6.441815717501700456e-03,4.183044473152731091e-01,2.783639848496941016e-02,1.424385543676101040e-01,0.000000000000000000e+00,0.000000000000000000e+00,1.291447214897763762e-01,0.000000000000000000e+00,5.499999849849999123e-01,7.779734608947652674e-03,8.516483516483516758e-02,0.000000000000000000e+00,4.457469930406999237e-01,6.081081081081081419e-02,1.446398184953102788e-02,5.749214127435502419e-01,3.791975494677327085e-01,2.096077066076582895e-01
7.695768746048252673e-01,1.428571428571428492e-01,5.430589349728080772e-02,6.447631217791111036e-02,6.250000000000000000e-02,6.209958888970250335e-02,6.628295578229606577e-02,2.407042430484630877e-03,5.225276324762162528e-01,9.382091303553469208e-02,3.204867477010238108e-01,0.000000000000000000e+00,0.000000000000000000e+00,1.421359964613911064e-01,1.000000000000000000e+00,6.769230744353846863e-01,3.214586541171736700e-01,1.016483516483516480e-01,3.513192139420051509e-03,5.479861162111256956e-01,2.770270270270270285e-01,8.678389109718616379e-02,6.965103041830440489e-01,4.661609027183291620e-01,2.841676252300857630e-01
7.748033067760095038e-01,1.428571428571428492e-01,5.485325504445447836e-02,5.731227747714847526e-02,6.250000000000000000e-02,6.980766826033593664e-02,6.516698875716983586e-02,2.634384189036435842e-02,4.974540376011278853e-01,1.068031878737030482e-01,3.917060256326312384e-01,0.000000000000000000e+00,6.669111870962186883e-02,1.434780854143780648e-01,0.000000000000000000e+00,6.769230744353846863e-01,5.679206623022082789e-01,1.263736263736263965e-01,8.782980348550128991e-03,5.267886000856676354e-01,1.486486486486486847e-01,2.892796369906205228e-02,6.631921183189122271e-01,4.643165579320641112e-01,2.762740530672710415e-01
6.043088696807450422e-01,0.000000000000000000e+00,3.199560408822638147e-02,0.000000000000000000e+00,0.000000000000000000e+00,4.202948263607603208e-02,2.067117419936982670e-02,7.537087054055664065e-03,4.858746627627613113e-01,4.237032004699575749e-02,1.922920487701748060e-01,0.000000000000000000e+00,0.000000000000000000e+00,7.181137321291283793e-02,0.000000000000000000e+00,6.769230744353846863e-01,7.779734608947652674e-03,6.043956043956044688e-02,0.000000000000000000e+00,5.026972116380385991e-01,3.378378378378378566e-02,9.642654566354018006e-03,6.841331040912221884e-01,4.362725490742406786e-01,2.435813767837373967e-01
4.387322840292209314e-01,0.000000000000000000e+00,7.523724590094393351e-03,7.164034700762642038e-03,0.000000000000000000e+00,9.496517326711676268e-03,5.971056342384681997e-03,3.942543172034461939e-03,1.441363668683643406e-01,7.466231257397462628e-02,1.922920487701748060e-01,0.000000000000000000e+00,0.000000000000000000e+00,1.076447293136454514e-01,0.000000000000000000e+00,1.833333360283333491e-01,7.779734608947652674e-03,2.472527472527472764e-02,0.000000000000000000e+00,1.574456810291558484e-01,3.378378378378378566e-02,9.642654566354018006e-03,2.291187452273760750e-01,1.362796568855821344e-01,5.966189021317055974e-02
6.150554109506904954e-01,1.428571428571428492e-01,3.961981823786281387e-02,1.518775353380847626e-01,1.875000000000000000e-01,6.035452214596484510e-02,1.073722518247329505e-01,2.674229181811758199e-02,2.359577647826431313e-01,4.801039701654118419e-01,8.712491596673215266e-01,2.666666666666666630e-01,4.964261394339827826e-02,4.180262802508464409e-02,1.666666669999999906e-01,2.588235128341174196e-01,7.627252295022290962e-01,5.219780219780220665e-02,1.937274522494108683e-02,2.549650064727111975e-01,1.486486486486486847e-01,4.660616375344884404e-02,3.300008901090150104e-01,2.440719424622624367e-01,1.194284285829770031e-01
4.387322840292209314e-01,0.000000000000000000e+00,7.523724590094393351e-03,7.164034700762642038e-03,0.000000000000000000e+00,9.496517326711676268e-03,5.971056342384681997e-03,3.942543172034461939e-03,1.441363668683643406e-01,7.466231257397462628e-02,1.922920487701748060e-01,0.000000000000000000e+00,0.000000000000000000e+00,1.076447293136454514e-01,0.000000000000000000e+00,1.833333360283333491e-01,7.779734608947652674e-03,2.472527472527472764e-02,0.000000000000000000e+00,1.574456810291558484e-01,3.378378378378378566e-02,9.642654566354018006e-03,2.291187452273760750e-01,1.362796568855821344e-01,5.966189021317055974e-02
6.186556442008889212e-01,0.000000000000000000e+00,2.826453181826799055e-02,1.791008673041449145e-02,0.000000000000000000e+00,2.508899932015035139e-02,1.600181523596903160e-02,9.507005290072373035e-03,3.791259471624059407e-01,1.828821062450566859e-02,4.273156631028307562e-02,0.000000000000000000e+00,0.000000000000000000e+00,9.740663268589055956e-02,0.000000000000000000e+00,5.499999849849999123e-01,7.779734608947652674e-03,1.620879120879121227e-01,0.000000000000000000e+00,4.089297894724331361e-01,2.094594594594594850e-01,3.374929098223906215e-02,5.032254739830503976e-01,3.374477014753519133e-01,2.068814115371500340e-01
3.133716296812795177e-01,0.000000000000000000e+00,4.708856493269756617e-03,0.000000000000000000e+00,0.000000000000000000e+00,7.489497309575028280e-03,7.430168525109730887e-03,2.545753309472392149e-03,1.794595961220886715e-01,9.436750726175963111e-02,3.917060256326312384e-01,0.000000000000000000e+00,0.000000000000000000e+00,7.181137321291283793e-02,0.000000000000000000e+00,4.400000018479999220e-01,7.779734608947652674e-03,8.241758241758241968e-03,0.000000000000000000e+00,1.885824837091549244e-01,0.000000000000000000e+00,0.000000000000000000e+00,2.792037740622234088e-01,1.682443114253603933e-01,7.005891261926669444e-02
5.948073439701001552e-01,0.000000000000000000e+00,2.843044266461500907e-02,4.298420811860742541e-03,0.000000000000000000e+00,3.306182653871355542e-02,1.308786061890702956e-02,6.161247238369724905e-03,3.043907849468565074e-01,4.187819611044305002e-02,1.424385543676101040e-01,0.000000000000000000e+00,0.000000000000000000e+00,8.614470133033345911e-02,0.000000000000000000e+00,2.588235128341174196e-01,7.779734608947652674e-03,6.043956043956044688e-02,0.000000000000000000e+00,3.460117268589983364e-01,6.081081081081081419e-02,1.446398184953102788e-02,4.150437793091816818e-01,2.850091781713755545e-01,1.527038375816229809e-01
7.924917511887801247e-01,2.857142857142856984e-01,8.820382349260601218e-02,1.547431492269866482e-01,1.875000000000000000e-01,1.145560485993416117e-01,1.564230986075065000e-01,5.253764607277433552e-02,5.259050437873658002e-01,3.189600486903867438e-01,7.092253034198380268e-01,0.000000000000000000e+00,3.200159153921596777e-01,1.219780574310660726e-01,1.666666669999999906e-01,6.769230744353846863e-01,7.777984661472767680e-01,1.483516483516483797e-01,4.179862172427425970e-02,5.544422690520285357e-01,2.027027027027027417e-01,6.910569104279935815e-02,6.683688049583758062e-01,4.894467852780506889e-01,3.074453070755763795e-01
4.222231052331762990e-01,0.000000000000000000e+00,1.478767863807555621e-02,0.000000000000000000e+00,0.000000000000000000e+00,1.864917258836279457e-02,7.211660049380553411e-03,2.223901402985139966e-03,1.769678176845508877e-01,5.684863652164837133e-02,3.917060256326312384e-01,0.000000000000000000e+00,0.000000000000000000e+00,7.181137321291283793e-02,0.000000000000000000e+00,2.588235128341174196e-01,7.779734608947652674e-03,2.197802197802197627e-02,0.000000000000000000e+00,2.136432128559271892e-01,0.000000000000000000e+00,0.000000000000000000e+00,2.646903123345685227e-01,1.629856376301812015e-01,7.995469453061912479e-02
1.934883585767199765e-01,1.428571428571428492e-01,2.992171799896875539e-02,7.880438153645216715e-02,6.250000000000000000e-02,2.943198102118658316e-02,2.486512400565290409e-02,1.171882571151965959e-03,4.357449174634231426e-02,1.305841976393938286e-01,3.293891574424747670e-01,0.000000000000000000e+00,0.000000000000000000e+00,9.196931224323789955e-02,1.000000000000000000e+00,5.499999156849999515e-02,3.092444697504662665e-01,6.318681318681318437e-02,3.513192139420051509e-03,4.503834082593766164e-02,2.567567567567567988e-01,8.678389109718616379e-02,5.502747625985571212e-02,4.192378330456320024e-02,4.938754747596646455e-02
2.572258261145282665e-01,2.857142857142856984e-01,8.245309429297821568e-02,3.653657690081629217e-01,3.125000000000000000e-01,8.619272832297426856e-02,1.386976687268423603e-01,3.348871781358148114e-02,1.107009790024266471e-01,5.197621237058104304e-01,8.226366074734520195e-01,0.000000000000000000e+00,1.353142681766208999e-01,4.001360816108676666e-01,3.333333330000000094e-01,1.157894668757892820e-01,7.101774411518013697e-01,9.890109890109891055e-02,4.885010020758741994e-02,1.233873117689262000e-01,2.702702702702702853e-01,1.382113821338120108e-01,1.201694017998941044e-01,1.287016740158589134e-01,1.105494681304045601e-01
2.297071441374644030e-01,2.857142857142856984e-01,5.614892162121597197e-02,2.321147238404800139e-01,1.875000000000000000e-01,5.625278172606218430e-02,7.392473407380639738e-02,1.141462691217457262e-02,5.289404293501182019e-02,3.256604617189233775e-01,6.718351828048650942e-01,0.000000000000000000e+00,1.592719919538003502e-04,1.851360166208340652e-01,5.000000000000000000e-01,5.499999156849999515e-02,5.526723816172564030e-01,7.142857142857143848e-02,1.937274522494108683e-02,5.703415756240165502e-02,2.635135135135135420e-01,1.060692002298941894e-01,5.551469382592277846e-02,6.068457103811192299e-02,6.900010332212377917e-02
2.105896482394387093e-01,2.857142857142856984e-01,6.011282767124013354e-02,3.080534915310144117e-01,2.500000000000000000e-01,6.030150662525479710e-02,9.880635268127188620e-02,1.734293965588338399e-02,5.520054728989970405e-02,4.299239723366581334e-01,7.828725110769859663e-01,0.000000000000000000e+00,3.721100450656104203e-02,4.861361219297535285e-01,4.000000000000000222e-01,5.499999156849999515e-02,6.236235654183087673e-01,6.868131868131868711e-02,2.676717820493786093e-02,6.153258895058394407e-02,2.567567567567567988e-01,1.118547929697066012e-01,5.563649821743954504e-02,6.830592622037184869e-02,7.439211118014230073e-02
1.942436447647291065e-01,2.857142857142856984e-01,3.838831344562229630e-02,1.461463076032651909e-01,1.250000000000000000e-01,3.955553283441934354e-02,4.943153981901732968e-02,5.799451913266511632e-03,5.059479177482195666e-02,2.287833493402853524e-01,4.955674718684229818e-01,0.000000000000000000e+00,1.233101595249823032e-02,1.432287242055362703e-04,6.666666669999999906e-01,5.499999156849999515e-02,4.895009324251518024e-01,7.417582417582417598e-02,1.087416614498749358e-02,5.253572617421947699e-02,2.364864864864865135e-01,1.028549820250384272e-01,5.539288943440590085e-02,5.311557669279926008e-02,6.362919798254348946e-02
2.567285486464564448e-01,2.857142857142856984e-01,4.929867621437810515e-02,1.332510451676829355e-01,1.250000000000000000e-01,5.400826670208826175e-02,5.623197547877851338e-02,7.719799198200353110e-03,1.000150324816884706e-01,2.262107629509733375e-01,4.391855435059004442e-01,0.000000000000000000e+00,1.227233744488343686e-02,3.463592815919328688e-02,6.666666669999999906e-01,1.157894668757892820e-01,5.393949668689299592e-01,9.340659340659340781e-02,1.157680457287150501e-02,1.068930631962470845e-01,2.702702702702702853e-01,1.189260730011039713e-01,1.194526298036606704e-01,1.015354606898121737e-01,8.832335756872189414e-02
3.367263530110744529e-01,2.857142857142856984e-01,8.085598651554128102e-02,3.438736649488592367e-01,3.125000000000000000e-01,9.132530985732111029e-02,1.529824523300705730e-01,3.732230689981717864e-02,1.614999899362790647e-01,5.674423513310986600e-01,8.629402440581944722e-01,2.000000000000000111e-01,2.203991250347000774e-01,2.881135305346989653e-02,2.666666670000000239e-01,1.833333360283333491e-01,7.732192278016816189e-01,9.340659340659340781e-02,4.958201526005454746e-02,1.818237227225990016e-01,2.770270270270270285e-01,1.186046511661544289e-01,1.955569505802106089e-01,1.903133106513619777e-01,1.237371243104496144e-01
5.804293834302866051e-01,1.428571428571428492e-01,2.261515607879398607e-02,4.728262893046814713e-02,6.250000000000000000e-02,3.332296168424395133e-02,4.572763042928795069e-02,1.789302329138654779e-02,2.664127210103708898e-01,2.122251378117241682e-01,4.807301222993380918e-01,0.000000000000000000e+00,4.959231720122878051e-02,8.614470133033345911e-02,0.000000000000000000e+00,1.833333360283333491e-01,5.679206623022082789e-01,5.769230769230769551e-02,8.080341920666117561e-03,2.876958174918026745e-01,6.081081081081081419e-02,2.410663641588504241e-02,3.924303255456602635e-01,2.667917215953108934e-01,1.291405781104151551e-01
5.788852037651240900e-01,0.000000000000000000e+00,1.851655419211852352e-02,4.298420811860742541e-03,0.000000000000000000e+00,2.411520801511525536e-02,1.153867537368232637e-02,6.491174668178017852e-03,2.621871986289993628e-01,5.117483714707318776e-02,1.424385543676101040e-01,0.000000000000000000e+00,0.000000000000000000e+00,8.614470133033345911e-02,0.000000000000000000e+00,1.833333360283333491e-01,7.779734608947652674e-03,5.219780219780220665e-02,0.000000000000000000e+00,2.835805608706483683e-01,6.081081081081081419e-02,1.446398184953102788e-02,3.914090425706349130e-01,2.554599043065319264e-01,1.217874808395755515e-01
7.848874002475203504e-01,2.857142857142856984e-01,5.641906299230312755e-02,1.332510451676829355e-01,1.250000000000000000e-01,6.793320791558331295e-02,9.628185623634574752e-02,1.813998297254661510e-02,3.894028673931790308e-01,2.218852923787364706e-01,5.430469897416921876e-01,0.000000000000000000e+00,2.171289881629916499e-02,8.614470133033345911e-02,3.333333330000000094e-01,2.588235128341174196e-01,5.878022080455133080e-01,1.071428571428571508e-01,1.943966317028655508e-02,4.195342754118574491e-01,3.108108108108108558e-01,6.749858196447812431e-02,5.477637182195946863e-01,3.943929323293639544e-01,2.126084214667652017e-01
6.999188783347561893e-01,1.428571428571428492e-01,3.554034591163535151e-02,8.596841623721482306e-02,1.250000000000000000e-01,5.902841617926750384e-02,9.628382370087315567e-02,3.218698344499613256e-02,3.950563932086118002e-01,3.004881899711874249e-01,7.798510872191215526e-01,1.000000000000000056e-01,2.558956741640892596e-01,7.181137321291283793e-02,0.000000000000000000e+00,5.499999849849999123e-01,7.546343052400557028e-01,6.043956043956044688e-02,2.014230159817056651e-02,4.247310185049227305e-01,1.081081081081081141e-01,2.410663641588504241e-02,5.461006197969615616e-01,3.895143243545295397e-01,2.026682777074349240e-01
7.319910148297089636e-01,1.428571428571428492e-01,5.061847826462997219e-02,6.140601161643236688e-02,6.250000000000000000e-02,5.375924277089849657e-02,5.891693390413419579e-02,2.717327272302763261e-02,4.407068696460859081e-01,1.167912989764503251e-01,4.332506036782665104e-01,0.000000000000000000e+00,2.947941930981407346e-02,1.086685282342666203e-01,0.000000000000000000e+00,6.769230744353846863e-01,5.679206623022082789e-01,1.840659340659341059e-01,8.281095756702522293e-03,4.705587570217336091e-01,1.081081081081081141e-01,3.374929098223906215e-02,5.411534875876642392e-01,3.919679183189994087e-01,2.572327269705889652e-01
4.121771418514024177e-01,0.000000000000000000e+00,8.700251488999503208e-03,4.298420811860740459e-02,6.250000000000000000e-02,1.630009790089572558e-02,3.669122746634011223e-02,7.878874773242939417e-03,1.667613120340441513e-01,2.704727907663780906e-01,7.656072317823605644e-01,6.666666666666666574e-02,2.484645534278389148e-02,7.181137321291283793e-02,0.000000000000000000e+00,1.157894668757892820e-01,5.679206623022082789e-01,1.098901098901098987e-02,5.269788209130077047e-03,1.830755185992207212e-01,6.756756756756757132e-03,4.821327283177008136e-03,2.800236113128171667e-01,1.736259499759372216e-01,6.440007598401442657e-02
6.517079952462093706e-01,1.428571428571428492e-01,2.020173232280881095e-02,7.164034687867373852e-02,6.250000000000000000e-02,2.230597458433599550e-02,5.168909630735765010e-02,6.619399809526614999e-04,3.418581067932106587e-01,1.483055768119976581e-01,4.914130136899582668e-01,0.000000000000000000e+00,0.000000000000000000e+00,2.854693850571405900e-01,1.000000000000000000e+00,4.400000018479999220e-01,1.322554961940853868e-01,3.021978021978022344e-02,3.513192139420051509e-03,3.703409065316738968e-01,1.081081081081081141e-01,4.821327283177008483e-02,5.106883353555986549e-01,3.260428993451515711e-01,1.567302321039849289e-01
7.234471848307922892e-01,1.428571428571428492e-01,4.374813895212271986e-02,1.576087631158885616e-01,1.250000000000000000e-01,4.567970621612615911e-02,9.812456478552450401e-02,9.906900559519338581e-03,4.141057247909128436e-01,2.460714249238645512e-01,6.908269905524146992e-01,0.000000000000000000e+00,1.990515494317599832e-01,1.421359964613911064e-01,3.333333330000000094e-01,5.499999849849999123e-01,5.022251217456782380e-01,6.868131868131868711e-02,1.522383260298249170e-02,4.477847555721957140e-01,1.283783783783783994e-01,4.178483647027183417e-02,5.957218549871872160e-01,3.970412990142697107e-01,2.067570579626582805e-01
5.358413749567940698e-01,0.000000000000000000e+00,2.691030393669312584e-02,0.000000000000000000e+00,0.000000000000000000e+00,3.271387174724908059e-02,1.106352898929118672e-02,4.064919155823621538e-03,2.589816813792996109e-01,4.061384233801612620e-02,2.670722900001206712e-01,0.000000000000000000e+00,0.000000000000000000e+00,7.181137321291283793e-02,0.000000000000000000e+00,2.588235128341174196e-01,7.779734608947652674e-03,4.395604395604395948e-02,0.000000000000000000e+00,3.053010192126309197e-01,1.351351351351351426e-02,4.821327283177008136e-03,3.724262966311715495e-01,2.437645849676644549e-01,1.244150939730351291e-01
4.615863148168338759e-01,1.428571428571428492e-01,2.084761683182488612e-02,8.023718850239522360e-02,6.250000000000000000e-02,2.477269063295036572e-02,3.825667624609246920e-02,1.035892710677951880e-03,1.932326314597633821e-01,1.883281895475296952e-01,4.059498810693922266e-01,0.000000000000000000e+00,0.000000000000000000e+00,7.763594831863621093e-02,1.000000000000000000e+00,4.400000018479999220e-01,2.268570757157704065e-01,3.296703296703296787e-02,3.513192139420051509e-03,2.010408384176343710e-01,1.081081081081081141e-01,6.749858196447812431e-02,2.812557095808523311e-01,1.872432963929065441e-01,9.471074908554197314e-02
3.668989569674114826e-01,0.000000000000000000e+00,9.211545889899138556e-03,8.596841623721478143e-03,0.000000000000000000e+00,1.097236573809466480e-02,7.908872704177682261e-03,4.793236118074790594e-03,1.893689902449910423e-01,7.062205449071604080e-02,1.424385543676101040e-01,0.000000000000000000e+00,0.000000000000000000e+00,1.004780652549351339e-01,0.000000000000000000e+00,4.400000018479999220e-01,7.779734608947652674e-03,3.571428571428571230e-02,0.000000000000000000e+00,1.974115801155868488e-01,6.081081081081081419e-02,1.446398184953102788e-02,2.810495790721316833e-01,1.778908359577089926e-01,8.627563956600628470e-02
8.136309663135055104e-01,2.857142857142856984e-01,1.291165805433577840e-01,3.303643424095780712e-01,3.125000000000000000e-01,1.435296442632889580e-01,2.363105369221193963e-01,6.323253830479898252e-02,4.995734009534004705e-01,4.490415309480136896e-01,8.256040773872689309e-01,0.000000000000000000e+00,2.486499607852677568e-02,3.817075220037812744e-01,3.333333330000000094e-01,6.769230744353846863e-01,7.461911307540932681e-01,2.032967032967033238e-01,4.943563224253473554e-02,5.237324730943819784e-01,3.783783783783783994e-01,1.446398184953102684e-01,5.847079271234958409e-01,4.782887616740834624e-01,3.256899091126876922e-01
6.910297630905373190e-01,1.428571428571428492e-01,2.996277727312839090e-02,7.164034687867373852e-02,6.250000000000000000e-02,3.451056611620540587e-02,4.943771004339266723e-02,1.425891122665969013e-02,3.266578234716148166e-01,1.143450533979058492e-01,3.792426518450394690e-01,0.000000000000000000e+00,2.865665955616639843e-04,2.509781179093948378e-01,0.000000000000000000e+00,5.499999849849999123e-01,5.679206623022082789e-01,7.417582417582417598e-02,8.782980348550128991e-03,3.465229377818948575e-01,2.364864864864865135e-01,3.374929098223906215e-02,4.320120680043288974e-01,2.980276689764785325e-01,1.705861715870506667e-01
7.303595541649093859e-01,1.428571428571428492e-01,7.022993400383713281e-02,6.959347980903177189e-02,6.250000000000000000e-02,7.307799666907169311e-02,6.066492065753504442e-02,4.005521194063286876e-03,4.638206886624448022e-01,9.680675492114479419e-02,2.296821693851476831e-01,0.000000000000000000e+00,0.000000000000000000e+00,1.175645359090345815e-01,1.000000000000000000e+00,6.769230744353846863e-01,3.923903887049345895e-01,2.005494505494505864e-01,3.513192139420051509e-03,4.759532049396204001e-01,3.581081081081081696e-01,1.253545093626022289e-01,5.690513780292987267e-01,4.094808205515970134e-01,2.809902956540818453e-01
7.885475126792319545e-01,2.857142857142856984e-01,1.119414869147567493e-01,2.415303122834614180e-01,2.500000000000000000e-01,1.270434723617465678e-01,1.877783548948115944e-01,4.394321843937852579e-02,4.762664520462872031e-01,3.815498159168995151e-01,7.465780713043166372e-01,1.666666666666666574e-01,2.542790265487716514e-02,1.022074088709927914e-01,4.000000000000000222e-01,6.769230744353846863e-01,7.298169500002500421e-01,1.950549450549450836e-01,2.747285835808937690e-02,4.899154161498119886e-01,3.783783783783783994e-01,1.388542257554978565e-01,5.704287046102962666e-01,4.476611656776756099e-01,3.051351859877430295e-01
7.955061754122594309e-01,2.857142857142856984e-01,1.026269445391156804e-01,1.870836486522306219e-01,1.875000000000000000e-01,1.142481778993170716e-01,1.490392052231183373e-01,2.156803240232619753e-02,4.957636951797276814e-01,2.671247592810375160e-01,5.472014479201569026e-01,0.000000000000000000e+00,8.658775721335165709e-03,1.851360166208340652e-01,6.666666669999999906e-01,6.769230744353846863e-01,5.926115970954791701e-01,2.087912087912088266e-01,1.749067800990405236e-02,5.147174528884093103e-01,3.783783783783783994e-01,1.671393458328740700e-01,5.840052094801295723e-01,4.559810489801794930e-01,3.199977394873028125e-01
7.508210184486050487e-01,1.428571428571428492e-01,8.011221019088884954e-02,1.154433018165411107e-01,1.250000000000000000e-01,8.956416857061404169e-02,1.006775302497088243e-01,2.659851389595577556e-02,4.522640322981325567e-01,1.954081924072198773e-01,5.152067269445415043e-01,0.000000000000000000e+00,1.086318003344662574e-02,3.188278562251446041e-02,3.333333330000000094e-01,6.769230744353846863e-01,6.668010956347582008e-01,1.923076923076923461e-01,1.717560601533283174e-02,4.633040442170162643e-01,3.445945945945946276e-01,8.678389109718616379e-02,5.574705912666251262e-01,4.066849823346930237e-01,2.753726881152285255e-01
7.302420599555770053e-01,2.857142857142856984e-01,6.395028456024290375e-02,1.404150798684455914e-01,1.875000000000000000e-01,9.460810428074867273e-02,1.425599350777367602e-01,4.482465053877885547e-02,4.399755011809259320e-01,3.669370259146185198e-01,7.590787978224027288e-01,1.333333333333333315e-01,1.156055952213876359e-01,2.030260004177265529e-02,1.666666669999999906e-01,5.499999849849999123e-01,7.777984661472767680e-01,9.065934065934067032e-02,3.389393941057914500e-02,4.683424094697082318e-01,1.959459459459459429e-01,6.348080924456837859e-02,5.745747387061563849e-01,4.224389344533677204e-01,2.433150093212947118e-01
6.420630887375131657e-01,1.428571428571428492e-01,2.618871909748969953e-02,5.014824281937003275e-02,6.250000000000000000e-02,3.880829825010066736e-02,5.274509970658760455e-02,1.708467694907643206e-02,3.572203867776335140e-01,1.434632058867252591e-01,4.415595192873935648e-01,0.000000000000000000e+00,3.196424071972836511e-02,1.076447293136454514e-01,0.000000000000000000e+00,5.499999849849999123e-01,5.679206623022082789e-01,5.219780219780220665e-02,8.490214338102854141e-03,3.829309591689678549e-01,1.486486486486486847e-01,2.410663641588504241e-02,4.989154724370719052e-01,3.327228014504389209e-01,1.747330972402792726e-01
5.233296427123327321e-01,0.000000000000000000e+00,1.648158082568312865e-02,0.000000000000000000e+00,0.000000000000000000e+00,2.281682030408873491e-02,1.247413036587170787e-02,4.249393993071129416e-03,2.955493705072484434e-01,5.353313590375100017e-02,2.670722900001206712e-01,0.000000000000000000e+00,0.000000000000000000e+00,7.181137321291283793e-02,0.000000000000000000e+00,4.400000018479999220e-01,7.779734608947652674e-03,3.021978021978022344e-02,0.000000000000000000e+00,3.142001848294344035e-01,1.351351351351351426e-02,4.821327283177008136e-03,4.147767466047025398e-01,2.690098672231913679e-01,1.354875141239805514e-01
6.789992730397395038e-01,1.428571428571428492e-01,4.251461252931217072e-02,1.862649018329706752e-01,1.875000000000000000e-01,5.917709422289962884e-02,1.286998068813776375e-01,2.211434251998392261e-02,3.620886849767390170e-01,4.112459587016854545e-01,8.688751838858284060e-01,1.333333333333333315e-01,3.890388129609717582e-02,2.496360289564079626e-01,1.666666669999999906e-01,6.769230744353846863e-01,7.060109605732864946e-01,4.945054945054945528e-02,2.599762183170838473e-02,3.865023786629296354e-01,1.148648648648648712e-01,4.098128190700457696e-02,4.989154724370719052e-01,3.542020403443592591e-01,1.861401979428368991e-01
2.074761899643453589e-01,0.000000000000000000e+00,1.533608311587016104e-02,1.146245551262337764e-02,0.000000000000000000e+00,1.536853409883387651e-02,3.135492381195384426e-03,4.989198162884713773e-03,8.043959216738810758e-02,4.528920886821707903e-02,1.068289161496088768e-01,0.000000000000000000e+00,0.000000000000000000e+00,1.004780652549351339e-01,0.000000000000000000e+00,1.157894668757892820e-01,7.779734608947652674e-03,6.043956043956044688e-02,0.000000000000000000e+00,9.148177153947872897e-02,8.108108108108108558e-02,1.928530913270803254e-02,1.183095424371185533e-01,7.587313075513762994e-02,5.050237413417510424e-02
3.354643527712750650e-01,2.857142857142856984e-01,4.142859090146606971e-02,1.404150798684455914e-01,1.250000000000000000e-01,4.716731730268125533e-02,6.266099545995360010e-02,2.969899405528004209e-03,1.455545384052599478e-01,2.487720543204963441e-01,4.866650621269720256e-01,0.000000000000000000e+00,0.000000000000000000e+00,2.281360367802769962e-01,1.000000000000000000e+00,1.833333360283333491e-01,3.483592496462367682e-01,6.318681318681318437e-02,7.026384278840102152e-03,1.630424314855522527e-01,2.770270270270270285e-01,1.253545093626022289e-01,1.940203413333833060e-01,1.529021814279190594e-01,9.536949078765030730e-02
4.057779584313645493e-01,2.857142857142856984e-01,5.195410842264672202e-02,2.048913920463567018e-01,1.875000000000000000e-01,6.358378971876448016e-02,1.043111990092159269e-01,1.474779683605586048e-02,2.170766334933405539e-01,3.596837772724985616e-01,6.926074722015839180e-01,0.000000000000000000e+00,3.151576707242323971e-01,8.480261237734652846e-02,5.000000000000000000e-01,2.588235128341174196e-01,5.844525989063632521e-01,7.142857142857143848e-02,2.129872734523406350e-02,2.425316744020689641e-01,2.770270270270270285e-01,9.883720930512868152e-02,2.845537977203840274e-01,2.316150169107241141e-01,1.299649343246679356e-01
3.356044866245894154e-01,2.857142857142856984e-01,4.783626427359249922e-02,2.048913920463567018e-01,1.875000000000000000e-01,5.566893896464519820e-02,9.126211315851529005e-02,1.201387489737692875e-02,1.454559502354594858e-01,3.827301946594150461e-01,7.424609666041486200e-01,1.333333333333333315e-01,2.484645534278389148e-02,8.480261237734652846e-02,5.000000000000000000e-01,1.833333360283333491e-01,5.844525989063632521e-01,6.043956043956044688e-02,1.339404503153894706e-02,1.652961866490536003e-01,2.770270270270270285e-01,9.160521838036317366e-02,1.941936783520803456e-01,1.621012258324506239e-01,9.470196727586169261e-02
7.831718783380139381e-01,2.857142857142856984e-01,5.533762285091809591e-02,1.289526243558222207e-01,1.250000000000000000e-01,6.429738714273026956e-02,1.010137453626398230e-01,7.703111426563234720e-03,4.300237039832929820e-01,2.048366591101748735e-01,5.697542189660449452e-01,0.000000000000000000e+00,9.856925416173103680e-03,2.138026728556753076e-01,6.666666669999999906e-01,3.437499935031249620e-01,4.270210152978676232e-01,9.890109890109891055e-02,1.007115080084187812e-02,4.622294659644931580e-01,3.243243243243243423e-01,7.874834560915337789e-02,6.076540005715438397e-01,4.235152589330097306e-01,2.300159988695333058e-01
4.198561584104475441e-01,0.000000000000000000e+00,3.059519718222528453e-03,0.000000000000000000e+00,0.000000000000000000e+00,5.083255937289081483e-03,7.949682542288980663e-03,2.219951005272835509e-03,1.840714371078464029e-01,8.624935363814251188e-02,3.917060256326312384e-01,0.000000000000000000e+00,0.000000000000000000e+00,7.181137321291283793e-02,0.000000000000000000e+00,1.157894668757892820e-01,7.779734608947652674e-03,5.494505494505494067e-03,0.000000000000000000e+00,2.071615252755750203e-01,0.000000000000000000e+00,0.000000000000000000e+00,2.986128353719953443e-01,1.817799983244626216e-01,6.964800515572869277e-02
2.427970834485136953e-01,0.000000000000000000e+00,2.309071485450964363e-03,0.000000000000000000e+00,0.000000000000000000e+00,2.593824317955547090e-03,6.770806862849216429e-03,1.868046539714329594e-03,1.627372582642359622e-01,1.047261298140482744e-01,3.917060256326312384e-01,0.000000000000000000e+00,0.000000000000000000e+00,7.181137321291283793e-02,0.000000000000000000e+00,2.588235128341174196e-01,7.779734608947652674e-03,2.747252747252747901e-03,0.000000000000000000e+00,1.773839294332078542e-01,0.000000000000000000e+00,0.000000000000000000e+00,2.855891350482767654e-01,1.536699301394562345e-01,5.420404501425435395e-02
3.774070019894832928e-01,0.000000000000000000e+00,6.375602934187088976e-03,5.731227747714847526e-02,6.250000000000000000e-02,8.429757894362599133e-03,4.403305377465620979e-02,5.690953366803644213e-03,2.551172315426159520e-01,2.571326763863350795e-01,6.908269905524146992e-01,6.666666666666666574e-02,2.484645534278389148e-02,2.151447618086622382e-01,0.000000000000000000e+00,3.437499935031249620e-01,5.679206623022082789e-01,1.373626373626373777e-02,5.855320233537816485e-03,2.765446319429452626e-01,1.351351351351351426e-02,9.642654566354018006e-03,3.998650782124737457e-01,2.456909324293533037e-01,1.034231943099499507e-01
5.371201017460180971e-01,1.428571428571428492e-01,2.722361705523063113e-02,1.432806937143632775e-01,1.250000000000000000e-01,3.424465160123851132e-02,9.389203044368499285e-02,9.716739694050862200e-03,3.815714492057085683e-01,3.407893955424389221e-01,7.406804842071770256e-01,0.000000000000000000e+00,4.959231720122878051e-02,2.854693850571405900e-01,3.333333330000000094e-01,4.400000018479999220e-01,5.022251217456782380e-01,3.846153846153846367e-02,1.288170451237792037e-02,4.063262850369052104e-01,8.108108108108108558e-02,3.535640007502428850e-02,5.434584014579049160e-01,3.689553105843662029e-01,1.835268700710208367e-01
5.601477559683200047e-01,0.000000000000000000e+00,9.559281060579332551e-03,1.432806935854106373e-02,0.000000000000000000e+00,9.248182125615374630e-03,1.456814364767031883e-02,2.837941748430735864e-03,3.368907495844178368e-01,4.406343821764135971e-02,2.670722900001206712e-01,0.000000000000000000e+00,0.000000000000000000e+00,2.151447618086622382e-01,0.000000000000000000e+00,3.437499935031249620e-01,7.779734608947652674e-03,3.296703296703296787e-02,0.000000000000000000e+00,3.617086968419759851e-01,1.351351351351351426e-02,4.821327283177008136e-03,5.255718950420928959e-01,3.138949895265031320e-01,1.440949615029531727e-01
1.694998325979544251e-01,1.428571428571428492e-01,3.146109898926940235e-02,1.748024463633315040e-01,1.250000000000000000e-01,2.847134863505852709e-02,4.283425054661405690e-02,3.068653134481156425e-03,2.194534879545129158e-03,2.414826812848784587e-01,6.285101223622582278e-01,0.000000000000000000e+00,2.515144583363102007e-05,2.281360367802769962e-01,6.666666669999999906e-01,0.000000000000000000e+00,3.511945306638876163e-01,4.395604395604395948e-02,8.197448324142389553e-03,4.498431388182178026e-03,2.297297297297297702e-01,7.071280016933390034e-02,1.030652543603238769e-04,7.332514717575622232e-03,3.233464475284186790e-02
1.453911548644055696e-01,1.428571428571428492e-01,1.808772663603256184e-02,8.883403012611670868e-02,6.250000000000000000e-02,1.601733245630861113e-02,2.088086720527618928e-02,5.925950321819423465e-04,0.000000000000000000e+00,1.399156391388700904e-01,4.059498810693922266e-01,0.000000000000000000e+00,0.000000000000000000e+00,4.896929208379496162e-02,1.000000000000000000e+00,0.000000000000000000e+00,2.268570757157704065e-01,4.670329670329670391e-02,3.513192139420051509e-03,0.000000000000000000e+00,2.094594594594594850e-01,6.749858196447812431e-02,0.000000000000000000e+00,0.000000000000000000e+00,2.704780912055902709e-02
5.171391266015991084e-01,0.000000000000000000e+00,1.160583310819197217e-02,4.298420811860740459e-02,6.250000000000000000e-02,2.080398782237538602e-02,4.353936328455270538e-02,1.066993184226669271e-02,2.392471023206553249e-01,2.389138775545714688e-01,6.908269905524146992e-01,6.666666666666666574e-02,2.484645534278389148e-02,7.181137321291283793e-02,0.000000000000000000e+00,1.157894668757892820e-01,5.679206623022082789e-01,1.923076923076923184e-02,5.855320233537816485e-03,2.634187234366582309e-01,1.351351351351351426e-02,9.642654566354018006e-03,3.729181989815280041e-01,2.470308223434721229e-01,1.027797074739969230e-01
3.605289414983062768e-01,0.000000000000000000e+00,1.462411940785610272e-03,0.000000000000000000e+00,0.000000000000000000e+00,2.593824317955547090e-03,6.464462100350652080e-03,2.255483136109969616e-03,1.481162626381249958e-01,9.699437480779363185e-02,3.917060256326312384e-01,0.000000000000000000e+00,0.000000000000000000e+00,7.181137321291283793e-02,0.000000000000000000e+00,5.499999156849999515e-02,7.779734608947652674e-03,2.747252747252747901e-03,0.000000000000000000e+00,1.647272663995818509e-01,0.000000000000000000e+00,0.000000000000000000e+00,2.638985837897094289e-01,1.523908682182632535e-01,5.161100926263292865e-02
4.915112587000806110e-01,0.000000000000000000e+00,9.024621055637522399e-03,0.000000000000000000e+00,0.000000000000000000e+00,1.433044670898203816e-02,1.015503213486596001e-02,5.404909714333766026e-03,2.287240568965908660e-01,7.329204434940725377e-02,1.922920487701748060e-01,0.000000000000000000e+00,0.000000000000000000e+00,7.181137321291283793e-02,0.000000000000000000e+00,1.833333360283333491e-01,7.779734608947652674e-03,2.197802197802197627e-02,0.000000000000000000e+00,2.575441020754841159e-01,3.378378378378378566e-02,9.642654566354018006e-03,3.776076680549245168e-01,2.290989244135658853e-01,9.400441855152316672e-02
4.812052313587577013e-01,0.000000000000000000e+00,8.601291283304845353e-03,0.000000000000000000e+00,0.000000000000000000e+00,1.433044670898203816e-02,1.055712745453531859e-02,4.403645889757934299e-03,2.461912575472682829e-01,7.120344917978713162e-02,2.670722900001206712e-01,0.000000000000000000e+00,0.000000000000000000e+00,7.181137321291283793e-02,0.000000000000000000e+00,3.437499935031249620e-01,7.779734608947652674e-03,1.923076923076923184e-02,0.000000000000000000e+00,2.671874588628787017e-01,1.351351351351351426e-02,4.821327283177008136e-03,3.712035679317147174e-01,2.316268619436718246e-01,1.021958029281093139e-01
6.708467893670689852e-01,1.428571428571428492e-01,4.032078635912802328e-02,9.026683704907556560e-02,1.250000000000000000e-01,6.069547902226749003e-02,9.364963691405031598e-02,3.839458262746940631e-02,3.780628369345030992e-01,3.214719234026681693e-01,7.032903635922040930e-01,1.000000000000000056e-01,6.688081226698860959e-02,8.614470133033345911e-02,0.000000000000000000e+00,4.400000018479999220e-01,7.546343052400557028e-01,7.692307692307692735e-02,2.342128093063807620e-02,4.044958672062509142e-01,7.432432432432432845e-02,3.374929098223906215e-02,5.075682690190530533e-01,3.672561546049578074e-01,1.964749574611616423e-01
6.195388164390100982e-01,1.428571428571428492e-01,2.214784399795050734e-02,8.596841623721482306e-02,1.250000000000000000e-01,4.257251083474181824e-02,8.046433301281694095e-02,2.568641784219386978e-02,2.751217387672428294e-01,3.534597901456437707e-01,8.154607254371228908e-01,1.000000000000000056e-01,3.141073057595347717e-02,7.181137321291283793e-02,0.000000000000000000e+00,3.437499935031249620e-01,7.546343052400557028e-01,3.296703296703296787e-02,1.873702474240254365e-02,3.018149576039475535e-01,6.081081081081081419e-02,1.928530913270803254e-02,4.001227413483745554e-01,2.790268285192273878e-01,1.258027379451919781e-01
3.759453430427772691e-01,0.000000000000000000e+00,7.100394817761718040e-03,0.000000000000000000e+00,0.000000000000000000e+00,9.826556787502381193e-03,5.353569426299206735e-03,2.276849621645574487e-03,1.255259942007747598e-01,8.288827197923470669e-02,3.917060256326312384e-01,0.000000000000000000e+00,0.000000000000000000e+00,7.181137321291283793e-02,0.000000000000000000e+00,5.499999156849999515e-02,7.779734608947652674e-03,1.098901098901098987e-02,0.000000000000000000e+00,1.466279350104236490e-01,0.000000000000000000e+00,0.000000000000000000e+00,2.276477229605962105e-01,1.279539441833915103e-01,4.550087463450211422e-02
4.422070759026661690e-01,0.000000000000000000e+00,4.098601886675463414e-03,0.000000000000000000e+00,0.000000000000000000e+00,7.489497309575028280e-03,7.454117483368466468e-03,3.847962490640435308e-03,1.752327662802569130e-01,8.034708165966433779e-02,2.670722900001206712e-01,0.000000000000000000e+00,0.000000000000000000e+00,7.181137321291283793e-02,0.000000000000000000e+00,2.588235128341174196e-01,7.779734608947652674e-03,1.098901098901098987e-02,0.000000000000000000e+00,1.943973522656662900e-01,1.351351351351351426e-02,4.821327283177008136e-03,2.857952655569974132e-01,1.685553051278187442e-01,6.662405659343964559e-02
5.399703602852747863e-01,0.000000000000000000e+00,2.100790814862454892e-02,1.432806935854106373e-02,0.000000000000000000e+00,1.917782928574483792e-02,1.118984642967105203e-02,4.023076966743997784e-03,2.661326146885390487e-01,3.971356949482213183e-02,2.670722900001206712e-01,0.000000000000000000e+00,0.000000000000000000e+00,2.151447618086622382e-01,0.000000000000000000e+00,4.400000018479999220e-01,7.779734608947652674e-03,5.769230769230769551e-02,0.000000000000000000e+00,2.908968531101888133e-01,1.351351351351351426e-02,4.821327283177008136e-03,3.921726624097594538e-01,2.416426719289908598e-01,1.192286358144677150e-01
6.641060450168654317e-01,0.000000000000000000e+00,4.634707087505907791e-02,6.140601165941665662e-03,0.000000000000000000e+00,5.240343792774639770e-02,2.249574735928839414e-02,1.133902442194551635e-02,5.295430265739828890e-01,2.609334921545761188e-02,8.012168692525600822e-02,0.000000000000000000e+00,0.000000000000000000e+00,8.409710348909110733e-02,0.000000000000000000e+00,5.499999849849999123e-01,7.779734608947652674e-03,1.208791208791208799e-01,0.000000000000000000e+00,5.493739890901918610e-01,1.081081081081081141e-01,2.410663641588504241e-02,7.019399691741192715e-01,4.698627383915625066e-01,2.878514626270997079e-01
6.142889628308640937e-01,1.428571428571428492e-01,1.914017842459756619e-02,6.447631217791111036e-02,6.250000000000000000e-02,2.418674620121786384e-02,4.767480014310464947e-02,1.037038876460317192e-03,3.020056200204072616e-01,1.611017448271192254e-01,4.415595192873935648e-01,0.000000000000000000e+00,0.000000000000000000e+00,2.496360289564079626e-01,1.000000000000000000e+00,5.499999849849999123e-01,1.925484438945581633e-01,3.021978021978022344e-02,3.513192139420051509e-03,3.180150967671799278e-01,1.081081081081081141e-01,5.785592739812410457e-02,4.328319052549225443e-01,2.831160886457924630e-01,1.439478045866591227e-01
4.872633011037375006e-01,0.000000000000000000e+00,6.576730391871833843e-03,7.164034700762642038e-03,0.000000000000000000e+00,7.489497309575028280e-03,9.987413607080330991e-03,3.655650143097870231e-03,2.363320288070816511e-01,5.992223609617486346e-02,1.922920487701748060e-01,0.000000000000000000e+00,0.000000000000000000e+00,1.076447293136454514e-01,0.000000000000000000e+00,5.499999849849999123e-01,7.779734608947652674e-03,2.197802197802197627e-02,0.000000000000000000e+00,2.531398543728087813e-01,3.378378378378378566e-02,9.642654566354018006e-03,3.643872067910634005e-01,2.194809901043765499e-01,1.002411056166873926e-01
2.726476312028163207e-01,0.000000000000000000e+00,5.772678713627382718e-05,0.000000000000000000e+00,0.000000000000000000e+00,0.000000000000000000e+00,3.890949782828081321e-03,1.990069910354892290e-03,9.427244420641683886e-02,1.107129442212885784e-01,3.917060256326312384e-01,0.000000000000000000e+00,0.000000000000000000e+00,7.181137321291283793e-02,0.000000000000000000e+00,5.499999156849999515e-02,7.779734608947652674e-03,0.000000000000000000e+00,0.000000000000000000e+00,1.047242120606898808e-01,0.000000000000000000e+00,0.000000000000000000e+00,1.882580566577812808e-01,9.662907642132195773e-02,2.925978614235572040e-02
5.026204111451071377e-01,0.000000000000000000e+00,5.783674292679339031e-03,0.000000000000000000e+00,0.000000000000000000e+00,9.826556787502381193e-03,1.125561005414339732e-02,4.113375716395513068e-03,2.589382105023820269e-01,6.530552725916471957e-02,2.670722900001206712e-01,0.000000000000000000e+00,0.000000000000000000e+00,7.181137321291283793e-02,0.000000000000000000e+00,4.400000018479999220e-01,7.779734608947652674e-03,1.373626373626373777e-02,0.000000000000000000e+00,2.824485609286758181e-01,1.351351351351351426e-02,4.821327283177008136e-03,4.014157418121684362e-01,2.492553656989996980e-01,1.079961844284357542e-01
5.724651101793005736e-01,0.000000000000000000e+00,2.679061375502812120e-02,1.432806935854106373e-02,0.000000000000000000e+00,2.685683798525118071e-02,1.494666813039875752e-02,4.476166369759936384e-03,3.636586295548951964e-01,3.115038603926476024e-02,2.670722900001206712e-01,0.000000000000000000e+00,0.000000000000000000e+00,2.151447618086622382e-01,0.000000000000000000e+00,6.769230744353846863e-01,7.779734608947652674e-03,6.868131868131868711e-02,0.000000000000000000e+00,3.730185953598210147e-01,1.351351351351351426e-02,4.821327283177008136e-03,4.766393231423660115e-01,3.151950081267336778e-01,1.846218622917439045e-01
5.243702924585473824e-01,0.000000000000000000e+00,1.033309489739306711e-02,7.164034700762642038e-03,0.000000000000000000e+00,1.338236173292046798e-02,1.236991445577856341e-02,5.022224910714192039e-03,2.890880645384594216e-01,5.049906511582691326e-02,1.922920487701748060e-01,0.000000000000000000e+00,0.000000000000000000e+00,1.076447293136454514e-01,0.000000000000000000e+00,4.400000018479999220e-01,7.779734608947652674e-03,3.296703296703296787e-02,0.000000000000000000e+00,3.105187038117864229e-01,3.378378378378378566e-02,9.642654566354018006e-03,4.235981954210918943e-01,2.666968508324291665e-01,1.274160384200911933e-01
5.366373052591139059e-01,1.428571428571428492e-01,2.260547408432870414e-02,7.164034687867373852e-02,6.250000000000000000e-02,2.713350295085886765e-02,5.488989869081149081e-02,1.022118397006393717e-03,3.794724997036694192e-01,1.873863074552804819e-01,4.914130136899582668e-01,0.000000000000000000e+00,0.000000000000000000e+00,2.854693850571405900e-01,1.000000000000000000e+00,4.400000018479999220e-01,1.322554961940853868e-01,3.846153846153846367e-02,3.513192139420051509e-03,4.033273310768056841e-01,8.108108108108108558e-02,4.821327283177008483e-02,5.427978468731409212e-01,3.584105248303505742e-01,1.804117116525353615e-01
4.121388665199144929e-01,0.000000000000000000e+00,3.251942342010109323e-03,0.000000000000000000e+00,0.000000000000000000e+00,5.083255937289081483e-03,9.664844417544407595e-03,2.219951005272835509e-03,2.277294606792208964e-01,8.130957924349091481e-02,3.917060256326312384e-01,0.000000000000000000e+00,0.000000000000000000e+00,7.181137321291283793e-02,0.000000000000000000e+00,4.400000018479999220e-01,7.779734608947652674e-03,5.494505494505494067e-03,0.000000000000000000e+00,2.534479410648446396e-01,0.000000000000000000e+00,0.000000000000000000e+00,3.624570756639511337e-01,2.138885330085212311e-01,8.752417580022056609e-02
5.642938416200207197e-01,0.000000000000000000e+00,1.297057222183243055e-02,1.719368324744295629e-02,0.000000000000000000e+00,1.178230815389331824e-02,1.271453915953218300e-02,4.426421826749242679e-03,3.054000319136969677e-01,3.281021681066617623e-02,1.424385543676101040e-01,0.000000000000000000e+00,0.000000000000000000e+00,1.291447214897763762e-01,0.000000000000000000e+00,5.499999849849999123e-01,7.779734608947652674e-03,6.043956043956044688e-02,0.000000000000000000e+00,3.214525199235160335e-01,6.081081081081081419e-02,1.446398184953102788e-02,4.203750638301859688e-01,2.717653602521502010e-01,1.480518776834745809e-01
3.709600713763259172e-01,0.000000000000000000e+00,4.541173921386897246e-03,0.000000000000000000e+00,0.000000000000000000e+00,7.489497309575028280e-03,5.508965814744859468e-03,2.545753309472392149e-03,1.203624054145760458e-01,9.373864020217556603e-02,3.917060256326312384e-01,0.000000000000000000e+00,0.000000000000000000e+00,7.181137321291283793e-02,0.000000000000000000e+00,3.437499935031249620e-01,7.779734608947652674e-03,8.241758241758241968e-03,0.000000000000000000e+00,1.385088350070806107e-01,0.000000000000000000e+00,0.000000000000000000e+00,2.500269375096624280e-01,1.366538614293850151e-01,4.199613666179324856e-02
2.064964730906884149e-01,0.000000000000000000e+00,8.331899610002233003e-03,2.149210405930370577e-02,0.000000000000000000e+00,5.893780643075845552e-03,2.691943738653314322e-03,2.330720351917907676e-03,7.035860657408138374e-02,5.385069012722218385e-02,1.922920487701748060e-01,0.000000000000000000e+00,0.000000000000000000e+00,1.793114057079296386e-01,0.000000000000000000e+00,1.157894668757892820e-01,7.779734608947652674e-03,3.571428571428571230e-02,0.000000000000000000e+00,8.459806940837349964e-02,3.378378378378378566e-02,9.642654566354018006e-03,1.171664550705763252e-01,6.746161112087228906e-02,3.617499639942715894e-02
6.096690875737829085e-01,0.000000000000000000e+00,4.063404708098507928e-02,2.149210405930370577e-02,0.000000000000000000e+00,3.398605014762773324e-02,1.729360682336605198e-02,7.634440590228080969e-03,4.171812046946792862e-01,2.064613111528296185e-02,1.922920487701748060e-01,0.000000000000000000e+00,0.000000000000000000e+00,1.793114057079296386e-01,0.000000000000000000e+00,6.769230744353846863e-01,7.779734608947652674e-03,1.263736263736263965e-01,0.000000000000000000e+00,4.277779724704773856e-01,3.378378378378378566e-02,9.642654566354018006e-03,5.441189560426691330e-01,3.633752051281254336e-01,2.224683508933013310e-01
