0.007329134886675962,0.0044166258061049506,0.023859245262185743,0.014956137089557658,0.00764795027868197,0.008690240981026484,0.013102641027235866,4.607767252016621e-05,0.008775156351040888,0.006214813378565021,0.00018527967612456543,0.011478630896354982,0.0058370612527016575,0.0,0.001980850403505825,0.01144732368891569,0.00621817440976956,0.011722954483660356,0.010823570534878367,0.008657293636139544,0.005699997845839226,0.010210702562281602,0.00524916736353792,0.0018740410289378039,0.008277650576626919
0.012497114614460295,0.01388082396204413,0.029762563654932375,0.013335492185449476,0.01596093971203194,0.022059842490297996,0.014632053784794112,2.2358423455715342e-05,0.01933540337967407,0.01729627636761887,0.00018527967612456543,0.01545200312970863,0.013238565454157216,0.0,0.005786528909821359,0.012940452865730782,0.012174782945042017,0.01620047183389287,0.0247395897940077,0.024615135335831897,0.015138088173897783,0.025526755147234872,0.019482486562190083,0.004431494627377427,0.005878349469209076
0.002912861301114805,0.0012618930874585574,0.017955926834019198,0.011815964599734916,0.003990234928007985,0.0033424003773178785,0.008134803413033572,1.2484176486687941e-05,0.0044029246695910275,0.0026789682420461317,0.00018527967612456543,0.0023178004694562947,0.002512278653702256,0.0,0.0005516079073137367,0.00597251670726036,0.003130810471342122,0.0050661699742173905,0.007731121810627405,0.0033380130695754282,0.0020127152445547003,0.005105350022671669,0.0017160739455767773,0.0005260801381376815,0.005181920577358336
0.004792126656672744,0.0015773663593231968,0.017955926834019198,0.017589800384142207,0.004987793660009981,0.004010880452781454,0.012329198681263748,0.00014773164957858015,0.00550783382561391,0.0028988704173394868,0.00018527967612456543,0.007505258663001335,0.0035339158537489434,0.0,0.000853071785935437,0.00846106533528551,0.005217130789105939,0.008554249895254027,0.007731121810627405,0.0033380130695754282,0.0025539677364863744,0.005105350022671669,0.0019179649979229256,0.0010322919510489402,0.007602024256864513
0.005731759334451713,0.0034702059905110326,0.023859245262185743,0.010378733225705697,0.005985352392011977,0.007353280830099332,0.008968428117309869,6.461806361386753e-06,0.0073368085997902325,0.0058214644496835145,0.00018527967612456543,0.003752629331500667,0.0043296480941205735,0.0,0.0012137850362771818,0.007963355609680482,0.004670945783761945,0.010132339925815489,0.010823570534878367,0.008657293636139544,0.004380694896755772,0.010210702562281602,0.004643494206499475,0.0011140341488873478,0.0011693820170978174
0.004228347050005362,0.0006309465437292787,0.0002459715849394813,0.010356590747225341,0.003990234928007985,0.0026739203018543026,0.008200205193966775,5.6349867755840456e-06,0.0011211913163390029,0.0008247563990484206,0.00018527967612456543,0.003090400625941726,0.0010006937931624736,0.0,0.0002813032079893766,0.007963355609680482,0.0032434167957245937,0.008028219885066874,0.0,0.0,0.00120083650665719,0.0,0.00040378210469229703,0.00035936949318245734,0.0
0.010523885991124459,0.00993740806373614,0.02858189998346703,0.012226707575545554,0.012968263516025952,0.016712001886589393,0.013358868232261258,1.2857807070627896e-05,0.015200515936735581,0.013091685752768025,0.00018527967612456543,0.014127545718590748,0.010195968536517224,0.0,0.004333363904292425,0.012940452865730782,0.009187612035421054,0.014353104534596128,0.021647141069756737,0.019295854769267776,0.011586118695596176,0.020421405124563204,0.013627646045420804,0.0035033809382084427,0.0038436556771516135
0.004228347050005362,0.0006309465437292787,0.0002459715849394813,0.010356590747225341,0.003990234928007985,0.0026739203018543026,0.008200205193966775,5.6349867755840456e-06,0.0011211913163390029,0.0008247563990484206,0.00018527967612456543,0.003090400625941726,0.0010006937931624736,0.0,0.0002813032079893766,0.007963355609680482,0.0032434167957245937,0.008028219885066874,0.0,0.0,0.00120083650665719,0.0,0.00040378210469229703,0.00035936949318245734,0.0
0.005637796066673817,0.0022083129030524757,0.017955926834019198,0.013535143533080694,0.005652832814677978,0.005347840603708605,0.010967455496709348,1.1900349990268361e-05,0.0048284742760803375,0.003328921233970401,0.00018527967612456543,0.00949194477967816,0.003202233357405393,0.0,0.0009612895884358912,0.0099541945121006,0.004712618991482313,0.009606309915628336,0.007731121810627405,0.0033380130695754282,0.003162876789909507,0.005105350022671669,0.0023217471026152226,0.0012072222360357025,0.002139191698150055
0.002255118426669527,0.0012618930874585574,0.017955926834019198,0.009162373074518042,0.00266015661867199,0.0033424003773178785,0.00616572097986433,3.402573893916735e-06,0.0038380219768879066,0.00265351329907713,0.00018527967612456543,0.0018763146657503338,0.002032665328565629,0.0,0.0003583618313199342,0.00398167780484024,0.0022609931200262886,0.004796892705482113,0.007731121810627405,0.0033380130695754282,0.0017420889985888637,0.005105350022671669,0.0017160739455767773,0.0004005109066647238,0.004615668445055434
0.008174804296677034,0.003943415898307992,0.023859245262185743,0.02156123842024838,0.009310548165351963,0.008021760905562909,0.016562882002503894,0.0005392830886965964,0.010455912097091914,0.0064869212976690046,0.00018527967612456543,0.010816402190796041,0.007098731343416061,0.0,0.0025196225079011756,0.01144732368891569,0.009373811469061051,0.01604391526546963,0.013142907078066592,0.008657293636139544,0.005395543319127661,0.010210702562281602,0.004643494206499475,0.00201302451687855,0.008497402081352851
0.005449869531118022,0.0006309465437292787,0.0002459715849394813,0.02169298616720651,0.0031657220983604085,0.0026739203018543026,0.014329725960034767,0.002266073469516734,0.002095719646692158,0.0009124583633607357,0.000678628879389488,0.0029800291750152353,0.0017486962196120413,0.0,0.0003094335286952804,0.00746564588407545,0.004922758352075837,0.008028219885066874,0.0,0.0,0.000981827824033486,0.0,0.00040378210469229703,0.0006928131264390624,0.0
0.01684107247176403,0.012934404146450215,0.02817741335429594,0.02734577640258785,0.021224249593261517,0.02139136241483442,0.0244871163303897,0.008980655665888149,0.026876465161918817,0.01999234413011838,0.015716704009774436,0.016776460540826512,0.020381742726893186,0.00237931836721338,0.008018130143456034,0.017419840396176053,0.021754300453704224,0.02806119607243207,0.02705892633719592,0.024615135335831897,0.01226882150621335,0.025526755147234872,0.017665467092343776,0.008425592427341144,0.002462284617018013
0.005449869531118022,0.0006309465437292787,0.0002459715849394813,0.02169298616720651,0.0031657220983604085,0.0026739203018543026,0.014329725960034767,0.002266073469516734,0.002095719646692158,0.0009124583633607357,0.000678628879389488,0.0029800291750152353,0.0017486962196120413,0.0,0.0003094335286952804,0.00746564588407545,0.004922758352075837,0.008028219885066874,0.0,0.0,0.000981827824033486,0.0,0.00040378210469229703,0.0006928131264390624,0.0
0.005036099412759489,0.0034702059905110326,0.011560665200553788,0.02690809341129278,0.011400671222879959,0.008021760905562909,0.022955847627357247,0.006692337010451415,0.007394065996696483,0.006550745400915162,0.015716704009774436,0.015010517326002669,0.0061222698771494916,0.03568977532975182,0.0026820967843560867,0.016424420944965993,0.01270589466221459,0.024905016011309147,0.007731121810627405,0.0033380130695754282,0.0005147901020054511,0.005105350022671669,0.00272552920730752,0.0036039604986410788,0.0
0.008644620635566518,0.0025237861749171147,0.017955926834019198,0.023614030696031556,0.005522539431309471,0.006016320679172181,0.018254117989891273,0.0036905842137668174,0.006691561886202977,0.0036207254659692003,0.000678628879389488,0.01059565928894306,0.004977060236184295,0.0,0.0012936728391095473,0.01094961396331066,0.009778130241080835,0.0203648760698982,0.007731121810627405,0.0033380130695754282,0.00313079879388148,0.005105350022671669,0.0025236381549613713,0.002282935950736407,0.0006891780220339336
0.03327898832674802,0.02523786174917115,0.02817741335429594,0.03383333807667867,0.03300697902234858,0.0300816033958609,0.039531538988862955,0.017541521036439495,0.031986401585116696,0.024482411749796488,0.014448091160276247,0.03598109300203581,0.03128628824388482,0.00237931836721338,0.022037191637603076,0.0413099072252175,0.03189507626228711,0.03624597252592218,0.02705892633719592,0.024615135335831897,0.02601503970176838,0.025526755147234872,0.024933544984419298,0.01957292584464475,0.03850639800715002
0.009020473706678106,0.0025237861749171147,0.017955926834019198,0.02409581412363333,0.006198436366737272,0.006016320679172181,0.018551067067569586,0.0031343739508572633,0.006765739177281786,0.003732451892082976,0.000678628879389488,0.011037145092649022,0.0050493887130234295,0.0,0.0014328100141717316,0.01194503341452072,0.00977458358428694,0.02009559880116292,0.007731121810627405,0.0033380130695754282,0.003266111916864398,0.005105350022671669,0.0025236381549613713,0.0021724039863849176,0.00011629813477631323
0.0011275592133347635,0.0009464198155939181,0.017955926834019198,0.009898056922027929,0.001995117464003992,0.0026739203018543026,0.004874850385262837,1.2199107467271738e-05,0.003745970130388442,0.002460348219327014,0.00018527967612456543,0.0012140859601913923,0.0017182454105418895,0.0,0.0002501440286920364,0.0024885486280251503,0.0018486943734228735,0.00400158542655968,0.007731121810627405,0.0033380130695754282,0.0013361496296401083,0.005105350022671669,0.0015141828932306288,0.00029130666564004083,0.002326867864001545
0.0014094490166684543,0.0009464198155939181,0.017955926834019198,0.012736907183863798,0.002327637041337991,0.0026739203018543026,0.0065143660246027605,4.504221879221262e-05,0.004305198130579714,0.0024665579664050483,0.00018527967612456543,0.0013244574111178824,0.0021175854967973944,0.0,0.00028106340087143583,0.0029862583536301806,0.002075680350584765,0.004270862695294957,0.007731121810627405,0.0033380130695754282,0.0014038061911315675,0.005105350022671669,0.0015141828932306288,0.00032340334421841375,0.0029026368170413596
0.0013154857488905571,0.0012618930874585574,0.017955926834019198,0.007483419643744915,0.0016625978866699933,0.0033424003773178785,0.0040839122985722376,3.3198919353364646e-06,0.00329579835637004,0.0026351709642103704,0.00018527967612456543,0.001545200312970863,0.0015255950468352902,0.0,0.00028106340087143583,0.0024885486280251503,0.0018087944940994528,0.004258338168011556,0.007731121810627405,0.0033380130695754282,0.001539119314114486,0.005105350022671669,0.0017160739455767773,0.00034530840444117864,0.0017487197057775013
0.0028188980333369086,0.0015773663593231968,0.017955926834019198,0.016122676664164507,0.002992676196005989,0.004010880452781454,0.009766831076508655,0.00016632130993271102,0.005032078888185147,0.002852166900163911,0.00018527967612456543,0.0024281719203827845,0.002909794879134992,0.0,0.0005284183781791872,0.0049770972560503,0.002675065191824021,0.005861477230520533,0.007731121810627405,0.0033380130695754282,0.0020803718060461596,0.005105350022671669,0.0019179649979229256,0.0005777600802942295,0.003476026564896946
0.0009396326777789694,0.0015773663593231968,0.023859245262185743,0.0054046099557473245,0.00266015661867199,0.00467936052824503,0.0024759383704409765,9.588626736553998e-07,0.00529479747853307,0.0049088869674361315,0.00018527967612456543,0.0008829716074119217,0.0019623620586618398,0.0,0.000373665824192517,0.00099541945121006,0.0021102602447173433,0.003989060899276277,0.008504233991690145,0.008657293636139544,0.0017420889985888637,0.010210702562281602,0.0034321478911535546,0.00043236724008226355,0.0011693820170978174
0.007611024690009653,0.0029969960827140743,0.023859245262185743,0.02368064265212663,0.010848281559033354,0.006684800754635757,0.018668923348806803,0.005645363113339994,0.011223384258781414,0.00573918184607422,0.00018527967612456543,0.01059565928894306,0.00786663433339965,0.0,0.0021452215538265164,0.013935872316940842,0.012619888257381065,0.02010812332844632,0.010823570534878367,0.008657293636139544,0.005033963281881569,0.010210702562281602,0.004340657627345737,0.003500628472747314,0.0007014904196827869
0.01578582898668669,0.0028392594467817546,0.017955926834019198,0.028762525984022742,0.01324174390513444,0.006684800754635757,0.02510952099277812,0.010247434864574233,0.007848831429605633,0.004759696158744874,0.003145376120776591,0.01589348893341459,0.006646844383507592,0.0,0.003218403756767384,0.021401518201016292,0.013539358791000896,0.02519934233461123,0.007731121810627405,0.0033380130695754282,0.0041945898564670035,0.005105350022671669,0.0025236381549613713,0.005047404187997682,0.0002113678037220184
0.02311496387336265,0.01466950714170573,0.02858189998346703,0.031033421672837427,0.02113127983184863,0.020722882339370845,0.03189328182570503,0.007057249516809826,0.024394649427646985,0.01499857982224814,0.0016653278984505783,0.025826919516798715,0.021413796776318727,0.0,0.01132427569941826,0.030360293261906833,0.020019099068862296,0.030973147919386525,0.021647141069756737,0.019295854769267776,0.018304847983065375,0.020421405124563204,0.01665601182426789,0.00926152787024695,0.03696130369734415
0.041814035614446014,0.03391337672544873,0.030007280312442906,0.034371584824405374,0.036949032542890864,0.03743488422596024,0.04290336836697064,0.028293289730041353,0.03882712358393714,0.0309412810591109,0.0019733977318565584,0.03995446523538946,0.03935998002690441,0.0016995131245366678,0.02649847701973145,0.04429616557884768,0.032764006952607096,0.040491786166650334,0.0324707116046351,0.02993441590239601,0.03591382060647578,0.030632107686844805,0.03411958786680357,0.03145662423298041,0.03726337013250859
0.023412277925632292,0.017035556680690525,0.027273331083582767,0.031274774688273325,0.022162769137038008,0.022728322565761568,0.033523736123254516,0.008246840513719086,0.024650600298764324,0.01827855028336806,0.003382967802838919,0.027592862731622557,0.022400618188541277,0.0035689775329751823,0.013647682876395208,0.029862583536301807,0.02186602011388822,0.031474128875006877,0.023966477612944948,0.019295854769267776,0.015871831580278224,0.020421405124563204,0.01716073946465098,0.010038481911691221,0.024189837607479107
0.010335959455568663,0.003943415898307992,0.023859245262185743,0.026629098182440268,0.01232629714903525,0.008021760905562909,0.02207643504390648,0.003441166001251258,0.012114000159062265,0.00618413286930851,0.00018527967612456543,0.013244574111178827,0.009109078318515318,0.0,0.0029305503824284696,0.01692213067057102,0.013291979543679373,0.020352351542614795,0.010823570534878367,0.008657293636139544,0.006203345278305641,0.010210702562281602,0.004946330784384183,0.003213514552847838,0.006172356673229491
0.0015034122844463512,0.00015773663593231967,0.0002459715849394813,0.013488459807617939,0.0010043448456894166,0.0006684800754635757,0.007293741514527837,2.4112291534888612e-05,0.0013308841692971105,0.00018751204139387835,0.00018527967612456543,0.0007726001564854315,0.0008900755154863019,0.0,4.2195481199043704e-05,0.0019908389024201204,0.000982423678900935,0.002141693599979535,0.0,0.0,0.0004904426109968684,0.0,0.0001009455255385596,8.506176239329139e-05,0.0
0.004416273585561156,0.0025237861749171147,0.023859245262185743,0.0171126299728905,0.006395912276276283,0.006016320679172181,0.01254161441809883,9.55777074830027e-05,0.00933704646302887,0.005355712150145932,0.00018527967612456543,0.0029800291750152353,0.005632500213734122,0.0,0.0009763600414827985,0.00746564588407545,0.005133784376867835,0.006118229971972408,0.010823570534878367,0.008657293636139544,0.003605766293317661,0.010210702562281602,0.004037821049461029,0.000947266285420376,0.0034819746499939914
0.01287296768557188,0.005836255529495828,0.023859245262185743,0.021450341507192588,0.011072223314518456,0.01069568120741721,0.021291263255991223,0.00032866035357301477,0.011152384551376753,0.0070549645221140295,0.0004671935065616641,0.016997203442679493,0.008822789658791826,0.0,0.00448294457876884,0.019410679298596172,0.011255312411422186,0.020840807970951742,0.013142907078066592,0.008657293636139544,0.007715766606379844,0.010210702562281602,0.006157677099730104,0.002694873998143843,0.016120582956119903
0.002724934765559011,0.0015773663593231968,0.017955926834019198,0.013541786276624803,0.002666942732359411,0.004010880452781454,0.009026078635610904,2.6020591138921265e-05,0.0047169195175566885,0.0028346044420204217,0.00018527967612456543,0.0023178004694562947,0.0027293683324583324,0.0,0.00038928120337189,0.004479387530445271,0.002257446463232395,0.004784368178198709,0.007731121810627405,0.0033380130695754282,0.0020127152445547003,0.005105350022671669,0.0019179649979229256,0.0004728600589108226,0.002326867864001545
0.0023490816944474234,0.0012618930874585574,0.017955926834019198,0.016045731551445258,0.002327637041337991,0.0033424003773178785,0.008898852701887372,0.00016549145867509368,0.0049499839284280365,0.0026711356622355427,0.00018527967612456543,0.0017659432148238432,0.0026983796598651073,0.0,0.0003583618313199342,0.0034839680792352105,0.0019958805919379242,0.005335447220333379,0.005411785267439184,0.0033380130695754282,0.0016744324370974045,0.005105350022671669,0.0017160739455767773,0.0004797763256617562,0.000585285773776729
0.005167979727784332,0.00473209907796959,0.026810904458559055,0.020229737380962867,0.00767170167706297,0.010027201131953635,0.01395852138856728,0.0006141227553743713,0.01389715831089528,0.008570463371345345,0.00018527967612456543,0.008167487368560275,0.00835849963017014,0.0,0.002036335185307868,0.006967936158470421,0.005499089930560042,0.00823487454000443,0.013916019259129327,0.013976574202703661,0.005598513003602037,0.015316052584953272,0.007570914467422173,0.0020141293147502583,0.008947596149064785
0.0003758530711115877,0.0,0.0002459715849394813,0.012609587932601743,0.0006650391546679973,0.0,0.005000929754239267,4.175331421757518e-05,0.0011094771738844147,1.1611148745654148e-05,0.00018527967612456543,0.00022074290185298035,0.000610277334169877,0.0,1.8753547200991016e-05,0.00099541945121006,0.0005683516039005722,0.0,0.0,0.0,0.00032130120726822056,0.0,0.0,3.129343394325471e-05,0.0
0.002912861301114805,0.0015773663593231968,0.017955926834019198,0.016207740685659874,0.002992676196005989,0.004010880452781454,0.009861464539840381,0.0001663260871125401,0.005056548633052011,0.0028522656303261794,0.00018527967612456543,0.005960058350030472,0.0029328449405963313,0.0,0.0005284183781791872,0.0049770972560503,0.002827571395529914,0.0061307544992558125,0.007731121810627405,0.0033380130695754282,0.0020803718060461596,0.005105350022671669,0.0019179649979229256,0.0008874678278047078,0.003319573661889454
0.00798687776112124,0.0025237861749171147,0.017955926834019198,0.025008084237024074,0.008334026384165876,0.006016320679172181,0.019656638091222395,0.0019357002489291176,0.006991208362979645,0.0035384871382757813,0.00018527967612456543,0.011920116700060941,0.005318674847756521,0.0,0.0017110843630216642,0.013935872316940842,0.00690799897683471,0.009055230873493665,0.007731121810627405,0.0033380130695754282,0.003795106632489277,0.005105350022671669,0.0025236381549613713,0.001936245680800841,0.009340166014373114
0.004526664488090337,0.00536304562169887,0.02306967641219097,0.008963459809502826,0.00754819440548177,0.01069568120741721,0.007914971030064326,0.0001447417780874747,0.009846558091227147,0.010937159880940897,0.017690101741630992,0.007946744466707296,0.005426315712450564,0.005948295900188562,0.001659719279891072,0.0049770972560503,0.0066739196892876594,0.011184399946189798,0.016235355802317553,0.013976574202703661,0.002868382279244575,0.015316052584953272,0.007167132361460846,0.0018280651711373665,0.0011693820170978174
0.001691338820002145,0.00031547327186463934,0.0002459715849394813,0.0066587968410055905,0.0014868375386505944,0.0013369601509271513,0.00442037491712873,3.652753882877347e-05,0.000692564323701934,0.0004657993008377255,0.0026520269175116687,0.001545200312970863,0.0005394306167590778,0.0,0.00010314450954810098,0.00398167780484024,0.0020029739055257133,0.00428338722257836,0.0,0.0,0.0004846520651887024,0.0,0.00020189105234614857,0.00020632705131941114,0.0
0.001691338820002145,0.00031547327186463934,0.0002459715849394813,0.0066587968410055905,0.0014868375386505944,0.0013369601509271513,0.00442037491712873,3.652753882877347e-05,0.000692564323701934,0.0004657993008377255,0.0026520269175116687,0.001545200312970863,0.0005394306167590778,0.0,0.00010314450954810098,0.00398167780484024,0.0020029739055257133,0.00428338722257836,0.0,0.0,0.0004846520651887024,0.0,0.00020189105234614857,0.00020632705131941114,0.0
0.006237938841572208,0.008360041704412943,0.02601395647235047,0.011647312721976192,0.01105390080651736,0.01537504173566224,0.01091013340202395,0.00037041161911539406,0.014509106598158857,0.014720193194937734,0.017690101741630992,0.010154173485237101,0.008713888375333184,0.0035689775329751823,0.0034654857026743184,0.006967936158470421,0.008896786255184846,0.013031767245486539,0.019327804526568515,0.019295854769267776,0.005391905952184313,0.020421405124563204,0.011608735515614173,0.0029696065355634483,0.003200038186434655
0.0014411153510908079,0.0025237861749171147,0.00907881176541799,0.008953311173532664,0.004645773523323583,0.006016320679172181,0.008145433768994416,0.00013001667247738565,0.003916042753262217,0.005407102505298184,0.017690101741630992,0.008388230270413258,0.002514867910555231,0.03568977532975182,0.0008923553912738934,0.00597251670726036,0.004937831637044628,0.010132339925815489,0.007731121810627405,0.0033380130695754282,0.0002343599301753704,0.005105350022671669,0.002119856050269074,0.0011005122531483316,0.0
0.0053559062633401254,0.0022083129030524757,0.017955926834019198,0.01476866410509063,0.005221914585551186,0.005347840603708605,0.012738023261244664,0.0009415321952222565,0.005257895339897021,0.0033773305210624415,0.0011719783889200335,0.00949194477967816,0.0036334940691877533,0.0,0.0010849670771534887,0.0099541945121006,0.004979504844764996,0.009606309915628336,0.007731121810627405,0.0033380130695754282,0.0026732090960591144,0.005105350022671669,0.0023217471026152226,0.0014324251884225874,0.0037407137548023895
0.0026309714977811142,0.00047320990779695907,0.0002459715849394813,0.008938180479904422,0.002161377252670992,0.002005440226390727,0.006427456106570236,9.348337347216445e-05,0.0009536096100210672,0.0006728058234992728,0.0011719783889200335,0.0022074290185298043,0.0007843603031736568,0.0,0.0002062890191854125,0.00547480698165533,0.0023771460980000257,0.005078694478881503,0.0,0.0,0.0007107124460256804,0.0,0.00030283657788470803,0.00029633723472006,0.0
0.003664567443337981,0.0018928396311878363,0.017955926834019198,0.008968626387814914,0.0035057064010355866,0.00467936052824503,0.007594900641959588,0.00015785743343937732,0.003929823124941407,0.0031614530293723607,0.0011719783889200335,0.007505258663001335,0.0023807734619355554,0.0,0.0007293942972178395,0.006967936158470421,0.0037337419693752733,0.007733893584384079,0.007731121810627405,0.0033380130695754282,0.002114972107696281,0.005105350022671669,0.002119856050269074,0.0010714921809336611,2.0818153566709838e-05
0.0031007878366705994,0.00047320990779695907,0.0002459715849394813,0.014625660598238313,0.00266015661867199,0.002005440226390727,0.00940207257029172,0.00010350240573755018,0.0014849328037443608,0.0005922695713125366,0.00018527967612456543,0.0022074290185298043,0.001147361003571566,0.0,0.0002062890191854125,0.00547480698165533,0.002224639897496763,0.005078694478881503,0.0,0.0,0.0009302102606913533,0.0,0.00030283657788470803,0.0002975548323744698,0.0
0.008644620635566518,0.008360041704412943,0.02858189998346703,0.018501516935570943,0.011970704784023956,0.01537504173566224,0.015801446606554997,0.0004101855915527475,0.01795859324443578,0.012553322016408044,0.00018527967612456543,0.011699373798207962,0.011674322546494158,0.0,0.003936864429516182,0.010451904237705631,0.008475620869799324,0.011954658170545428,0.019327804526568515,0.019295854769267776,0.009725563254581049,0.020421405124563204,0.012618190777344917,0.003376163283840257,0.004414446924942126
0.004322310317783259,0.0018928396311878363,0.017955926834019198,0.01478305671610286,0.003990234928007985,0.00467936052824503,0.010870835178181043,0.00011263931337372731,0.005055320532736616,0.0030774020325726,0.00018527967612456543,0.007505258663001335,0.003178699353853169,0.0,0.0007293942972178395,0.006967936158470421,0.0035812357688720107,0.007733893584384079,0.007731121810627405,0.0033380130695754282,0.0025539677364863744,0.005105350022671669,0.002119856050269074,0.001062191132184613,0.001099719968465259
0.005449869531118022,0.0022083129030524757,0.017955926834019198,0.014840442639497787,0.0053203132373439805,0.005347840603708605,0.011976175826609835,0.00018599107227242883,0.00514586712092549,0.003296772832748748,0.00018527967612456543,0.009271201877825179,0.0034479293744937942,0.0,0.00102312833279469,0.009456484786495571,0.004295000262890687,0.008529200863306512,0.007731121810627405,0.0033380130695754282,0.0030952202284180476,0.005105350022671669,0.0023217471026152226,0.0012447053936229919,0.000184057367498691
0.0049800531922285386,0.0034702059905110326,0.023859245262185743,0.014682862000979239,0.0053203132373439805,0.007353280830099332,0.010964443602318543,0.00012162739348445993,0.008519203362447856,0.005755510364225507,0.00018527967612456543,0.008167487368560275,0.005057433545378906,0.0,0.0011224677305576242,0.006967936158470421,0.0043694800363466854,0.008785953604758388,0.010823570534878367,0.008657293636139544,0.004177725212281394,0.010210702562281602,0.004643494206499475,0.0015235270419734928,0.0012456635971270632
0.009960106384457077,0.00488983571390191,0.023859245262185743,0.022915620020630266,0.01033864440752227,0.00935872105649006,0.02064852202710533,0.0011017532945591052,0.011422363005012218,0.0064339744773442955,0.00018527967612456543,0.014127545718590748,0.00858843390533015,0.0,0.0032866878743651566,0.015926711219360963,0.0072298579944096025,0.011710429956376951,0.013142907078066592,0.008657293636139544,0.006917815952685492,0.010210702562281602,0.005552003942691659,0.0026631921954887827,0.012164684801031092
0.011181628865569738,0.0028392594467817546,0.017955926834019198,0.024576305906657093,0.009217578403939074,0.006684800754635757,0.021472819586616707,0.003446059027691196,0.007134047205653863,0.003926383567206641,0.0004671935065616641,0.013906802816737767,0.005761045786905138,0.0,0.001981628869591409,0.01692213067057102,0.010098215933461411,0.02008307427387952,0.007731121810627405,0.0033380130695754282,0.004150200912840506,0.005105350022671669,0.00272552920730752,0.0026148649470597966,0.005852002487731991
0.02649351468423144,0.02508012511323883,0.02929571960035098,0.02647816028746582,0.029216934456194978,0.032087043622251635,0.03107146180410303,0.01021589426970346,0.03321820113054968,0.02660620327088685,0.01691483840166335,0.027372119829769576,0.029374833883563402,0.0016995131245366678,0.015718207242085194,0.027871744633881687,0.025949994351986912,0.030359446240834843,0.03015137506144688,0.02993441590239601,0.02481632251714419,0.030632107686844805,0.02917325708495745,0.013564966647477975,0.011762606915635673
0.022661371579951788,0.011672511058991655,0.02336604709403801,0.027268093207252594,0.022917384990099817,0.017380481962052968,0.03099929104652686,0.01585616772971913,0.018268648377622244,0.014880356062233573,0.013954741650745702,0.026047662418651696,0.01662626736287893,0.005948295900188562,0.010688365409038659,0.030858002987511866,0.021796860325623064,0.027485067975730602,0.020874028888693996,0.013976574202703661,0.009860876272019732,0.015316052584953272,0.010801171306229578,0.012101229924588341,0.0047463479958267905
0.010335959455568663,0.0044166258061049506,0.023859245262185743,0.022787009124790186,0.00953788297910586,0.008690240981026484,0.019696075638181015,0.0031597303945704465,0.011180574220604433,0.006432887241402614,0.0004671935065616641,0.013023831209325844,0.008241153718843857,0.0,0.002190880207259791,0.0149312917681509,0.008226468294080854,0.016569945275656785,0.010823570534878367,0.008657293636139544,0.0058616810825054015,0.010210702562281602,0.00524916736353792,0.003016333049645934,0.0018045987826030086
0.008362730832232828,0.0022083129030524757,0.017955926834019198,0.02103240222587584,0.006856689404867682,0.005347840603708605,0.016997874534393373,0.0027530424611639836,0.0063569372554711,0.0035277476671707084,0.0004671935065616641,0.00474597238983908,0.0046710745189529985,0.0,0.0011468058215122873,0.012442743140125752,0.006495700230231294,0.014991855245095323,0.005411785267439184,0.0033380130695754282,0.003135352490468618,0.005105350022671669,0.0023217471026152226,0.0014948092723421995,0.000585285773776729
0.004828696485835639,0.003154732718646393,0.010264294492806164,0.02341530195167034,0.011847197512442755,0.007353280830099332,0.021540168220073912,0.0065787699411942275,0.007000571093159489,0.0062657110697444075,0.01691483840166335,0.014569031522296707,0.005777450027414931,0.03568977532975182,0.002298528982774936,0.01692213067057102,0.011296985615939923,0.02141693609027251,0.007731121810627405,0.0033380130695754282,0.00048340203904044505,0.005105350022671669,0.0025236381549613713,0.003490177529751607,0.0
0.016161682057798277,0.011514774423059336,0.02858189998346703,0.02270176058264081,0.015543593711230045,0.018048962037516544,0.022449114944066286,0.004459924955603693,0.02038795261095893,0.013867628859461106,0.0004671935065616641,0.017880175050091415,0.015697778764265573,0.0,0.0060758747553755505,0.01841525984738611,0.012862834183710219,0.020252155346966866,0.021647141069756737,0.019295854769267776,0.013547004798503386,0.020421405124563204,0.0146371013008064,0.005801553921789495,0.003021676714920037
0.021047771982248917,0.01466950714170573,0.02858189998346703,0.02412976592396988,0.02026808615693792,0.020722882339370845,0.02721121326190806,0.004232614796386383,0.021707878825739428,0.014938697148350503,0.0004671935065616641,0.02450246210568083,0.018580006501261664,0.0,0.011470354454088096,0.027374034908276654,0.0163695901759236,0.022356275387715487,0.021647141069756737,0.019295854769267776,0.018467946235065043,0.020421405124563204,0.01665601182426789,0.0075895209504329665,0.01101658347657103
0.00582572260222961,0.0022083129030524757,0.017955926834019198,0.016999149770678672,0.005652832814677978,0.005347840603708605,0.013641012013962886,0.00028938844436192916,0.00559616984035264,0.00329067978199357,0.00018527967612456543,0.00949194477967816,0.003853436836951752,0.0,0.00102312833279469,0.0099541945121006,0.004407606587273159,0.008798478132041793,0.007731121810627405,0.0033380130695754282,0.003162876789909507,0.005105350022671669,0.0023217471026152226,0.0013046298725973814,0.0026587687906132616
0.004698163388894848,0.0025237861749171147,0.023859245262185743,0.01510153936491201,0.006982911124013973,0.006016320679172181,0.011640057643896364,0.00011981123832982286,0.008859867549885951,0.005365330148782806,0.00018527967612456543,0.007505258663001335,0.005303775356861344,0.0,0.001067677347202356,0.00846106533528551,0.0048252253158647855,0.008003170853119359,0.010823570534878367,0.008657293636139544,0.003873270685569828,0.010210702562281602,0.004037821049461029,0.001384345692216516,0.0025103853621291005
0.011557481936681322,0.01072609124339774,0.02858189998346703,0.020855815959994986,0.013640088782481257,0.017380481962052968,0.01946872331068391,0.0010270559327189312,0.019337906342709286,0.013230420448378114,0.00018527967612456543,0.01545200312970863,0.013893916920274411,0.0,0.005105494460502709,0.014433582042545872,0.009676163883877415,0.013802025469842168,0.019327804526568515,0.019295854769267776,0.012600967117968065,0.020421405124563204,0.014132373673113603,0.004416468636211891,0.009602050269446272
0.001691338820002145,0.00015773663593231967,0.0002459715849394813,0.011828142962899118,0.0009975587320019963,0.0006684800754635757,0.0066281677755423585,3.0229378437185646e-05,0.0012014911905239801,0.00018768334515466314,0.00018527967612456543,0.0007726001564854315,0.0008088537047529528,0.0,4.2195481199043704e-05,0.0019908389024201204,0.001249309532183617,0.002141693599979535,0.0,0.0,0.0004904426109968684,0.0,0.0001009455255385596,0.00013179523214207998,0.0
0.009960106384457077,0.005836255529495828,0.023859245262185743,0.014217685432237722,0.008978028588017965,0.01069568120741721,0.01573912096419318,0.00015518074283360532,0.009103597134222744,0.00683242135327783,0.00018527967612456543,0.015010517326002669,0.006798372306279989,0.0,0.002702257119085403,0.0149312917681509,0.006886719039273974,0.012762489976751263,0.013142907078066592,0.008657293636139544,0.007323755321634247,0.010210702562281602,0.006157677099730104,0.0025276414949760542,0.006057675693926468
0.005449869531118022,0.0034702059905110326,0.023859245262185743,0.016615162289698462,0.006317871969345975,0.007353280830099332,0.012517531046186423,0.0002986400043140043,0.00910927296554505,0.00577526740153182,0.00018527967612456543,0.008829716074119217,0.005623718954524973,0.0,0.0012503119587689143,0.00846106533528551,0.004669172455364999,0.009055230873493665,0.010823570534878367,0.008657293636139544,0.004482179738992961,0.010210702562281602,0.004643494206499475,0.0016596950686713003,0.0021633675160338196
0.006107612405563302,0.0034702059905110326,0.023859245262185743,0.016710374947164,0.007315430701347971,0.007353280830099332,0.013095393569532111,0.0003269013408386409,0.009219309120323054,0.0058076873650292704,0.00018527967612456543,0.00949194477967816,0.005834418692509281,0.0,0.0014420783003849095,0.0099541945121006,0.005121371081291834,0.009324508142228946,0.010823570534878367,0.008657293636139544,0.0047866342657045275,0.010210702562281602,0.004643494206499475,0.0017367770073308457,0.0008509048226528186
0.00554383279889592,0.0034702059905110326,0.023859245262185743,0.016726428244062258,0.006317871969345975,0.007353280830099332,0.012711416317663949,0.0002990619579092923,0.009176275697357182,0.005775369387904834,0.00018527967612456543,0.008829716074119217,0.005694413234973161,0.0,0.0012503119587689143,0.00846106533528551,0.004669172455364999,0.009055230873493665,0.010823570534878367,0.008657293636139544,0.004482179738992961,0.010210702562281602,0.004643494206499475,0.0016597997075758683,0.0023574499778649632
0.011839371740015014,0.00536304562169887,0.023859245262185743,0.025471969161187567,0.012353441605685045,0.010027201131953635,0.02358809152451136,0.0028562697840253367,0.012179705910320212,0.006684053560758298,0.00018527967612456543,0.01633497473712055,0.009660257211158667,0.0,0.003916777284352621,0.019410679298596172,0.008473847541402377,0.012236459966564106,0.013142907078066592,0.008657293636139544,0.007868129667279589,0.010210702562281602,0.005854840520576365,0.003523023724949419,0.01976125034663792
0.0014094490166684543,0.00015773663593231967,0.0002459715849394813,0.007864454794261072,0.0016625978866699933,0.0006684800754635757,0.004533601884897156,1.6295052265842627e-06,0.0007972714327359823,0.00020024128526880007,0.00018527967612456543,0.000993343058338412,0.0005532480175270856,0.0,8.439096238534306e-05,0.0029862583536301806,0.0015507752795988772,0.002141693599979535,0.0,0.0,0.0005580991724883276,0.0,0.0001009455255385596,0.00010131358657912342,0.0
0.0014094490166684543,0.00015773663593231967,0.0002459715849394813,0.007864454794261072,0.0016625978866699933,0.0006684800754635757,0.004533601884897156,1.6295052265842627e-06,0.0007972714327359823,0.00020024128526880007,0.00018527967612456543,0.000993343058338412,0.0005532480175270856,0.0,8.439096238534306e-05,0.0029862583536301806,0.0015507752795988772,0.002141693599979535,0.0,0.0,0.0005580991724883276,0.0,0.0001009455255385596,0.00010131358657912342,0.0
0.00338267764000429,0.00047320990779695907,0.0002459715849394813,0.009426422130396309,0.003325195773339987,0.002005440226390727,0.0072179393065239395,3.2372099767561936e-06,0.0010348058881816534,0.0006061307260555208,0.00018527967612456543,0.0024281719203827845,0.0008808251613753264,0.0,0.00022973095310699904,0.00647022643286539,0.002564232195838497,0.005078694478881503,0.0,0.0,0.0009978668221828123,0.0,0.00030283657788470803,0.0002946633489316123,0.0
0.00338267764000429,0.00047320990779695907,0.0002459715849394813,0.009426422130396309,0.003325195773339987,0.002005440226390727,0.0072179393065239395,3.2372099767561936e-06,0.0010348058881816534,0.0006061307260555208,0.00018527967612456543,0.0024281719203827845,0.0008808251613753264,0.0,0.00022973095310699904,0.00647022643286539,0.002564232195838497,0.005078694478881503,0.0,0.0,0.0009978668221828123,0.0,0.00030283657788470803,0.0002946633489316123,0.0
0.0065774287444527865,0.0044166258061049506,0.023859245262185743,0.013501745294706156,0.006982911124013973,0.008690240981026484,0.012418359109485619,1.7654371225555135e-05,0.008491693580857468,0.006162930822577097,0.00018527967612456543,0.011037145092649022,0.005587558968392747,0.0,0.001980850403505825,0.010451904237705631,0.005840455557298722,0.011184399946189798,0.010823570534878367,0.008657293636139544,0.005497028161364849,0.010210702562281602,0.00524916736353792,0.0018437193681690722,0.003776691244099354
0.004416273585561156,0.0018928396311878363,0.017955926834019198,0.01005489947793046,0.004655274082675982,0.00467936052824503,0.008675796042137208,4.440691818313468e-06,0.0042051340763400264,0.003091507520686889,0.00018527967612456543,0.007946744466707296,0.002644049305404682,0.0,0.0007835031985317884,0.007963355609680482,0.0038064484144343246,0.006926061778178244,0.007731121810627405,0.0033380130695754282,0.0026892808594692927,0.005105350022671669,0.002119856050269074,0.0010584518231869318,0.00042328139200603637
0.0031007878366705994,0.0012618930874585574,0.017955926834019198,0.01587726419434054,0.003990234928007985,0.0033424003773178785,0.009999944927008753,2.4806819986962895e-05,0.0050912391661909395,0.0026785465591923465,0.00018527967612456543,0.0057393154481774926,0.0029665748840277386,0.0,0.0005516079073137367,0.00597251670726036,0.003626455630183642,0.006951110832745049,0.007731121810627405,0.0033380130695754282,0.0020127152445547003,0.005105350022671669,0.0017160739455767773,0.0008415889754039905,0.0024525402778422223
0.00460420012111695,0.0029969960827140743,0.023859245262185743,0.01626992414605889,0.006317871969345975,0.006684800754635757,0.012517573431166003,5.234468937402213e-05,0.00917296513976816,0.0055315551542073306,0.00018527967612456543,0.007946744466707296,0.005623734410255714,0.0,0.001378156186088099,0.007963355609680482,0.006007148384977563,0.010144864453098893,0.010823570534878367,0.008657293636139544,0.004076240370044206,0.010210702562281602,0.004340657627345737,0.0015299271681917222,0.004539891098979186
0.0020671918911137326,0.0009464198155939181,0.017955926834019198,0.010506790559583767,0.002992676196005989,0.0026739203018543026,0.006664757812872372,4.7530458840611575e-06,0.004138813278465233,0.002491371072473151,0.00018527967612456543,0.001545200312970863,0.0021542167234184354,0.0,0.00034290214523023454,0.00398167780484024,0.0021102602447173433,0.003193753620353844,0.005411785267439184,0.0033380130695754282,0.001539119314114486,0.005105350022671669,0.0015141828932306288,0.0004145038867848799,0.000585285773776729
0.001785302087780042,0.0009464198155939181,0.017955926834019198,0.009583818248260852,0.00266015661867199,0.0026739203018543026,0.006128968549536994,4.762232768347855e-06,0.0039692726402205305,0.0024731284724201132,0.00018527967612456543,0.003973372233353648,0.002023713465514424,0.0,0.0003119827730508352,0.0034839680792352105,0.0024932990791763916,0.005078694478881503,0.007731121810627405,0.0033380130695754282,0.0014714627526230266,0.005105350022671669,0.0015141828932306288,0.0006537748314379194,0.00035721202832270224
0.0009571751885817035,0.0018928396311878363,0.006087797116871153,0.005373056923912812,0.004013986326388985,0.00467936052824503,0.006285993210516846,3.55875092679058e-06,0.0033126486763411854,0.004834175217683136,0.02114354800207919,0.006622287055589413,0.002061960274791804,0.03568977532975182,0.0006298286703019735,0.0049770972560503,0.007121684991019498,0.01446582523490817,0.007731121810627405,0.0033380130695754282,0.00014084085295389028,0.005105350022671669,0.0017160739455767773,0.000892642704986619,0.0
0.005719737323489221,0.006624938709157426,0.02232192275005426,0.007455926066298469,0.008669260409064967,0.012032641358344361,0.010185930089089572,1.0354932315560233e-05,0.00988259428906734,0.011198157331108162,0.02114354800207919,0.011257887994502001,0.006528129915150374,0.005948295900188562,0.0028573455170736936,0.009456484786495571,0.013063220241323167,0.02031477796076459,0.016235355802317553,0.013976574202703661,0.004108100686498159,0.015316052584953272,0.007974696572114469,0.002541088844862401,0.0025810469337448827
0.0025332910703792714,0.0029969960827140743,0.01672606883848198,0.005376931857646877,0.005130302050295981,0.006684800754635757,0.006167252641469483,3.7424886125245153e-06,0.00596176242856953,0.007388460681510341,0.02114354800207919,0.006401544153736433,0.003308285898290038,0.01189659176468735,0.0009125922214550768,0.004479387530445271,0.007686489938126176,0.014991855245095323,0.010823570534878367,0.008657293636139544,0.0010901615210466178,0.010210702562281602,0.0037349844703072916,0.0011962451339046166,0.000585285773776729
0.00798687776112124,0.007255885252886705,0.026810904458559055,0.009769446026187852,0.009595564945923963,0.012701121433807938,0.012295368125365976,3.0016610197105753e-05,0.010903412186188191,0.010494932278982445,0.0026520269175116687,0.012803088307472864,0.007551578039051303,0.0,0.003644236203540657,0.01144732368891569,0.014043870588624524,0.02111008523968702,0.016235355802317553,0.013976574202703661,0.007394851933766858,0.015316052584953272,0.008378478676806767,0.0028219962679657973,0.004211508556748512
0.0049800531922285386,0.0018928396311878363,0.017955926834019198,0.005527685231967318,0.005039255021585387,0.00467936052824503,0.007987644448838378,3.7149279596644254e-06,0.0035424260175892087,0.003183375414759285,0.0026520269175116687,0.008608973172266237,0.002476434852729665,0.0,0.0010540477049740895,0.009456484786495571,0.008147555202835118,0.017158597922260953,0.007731121810627405,0.0033380130695754282,0.0022929181509584486,0.005105350022671669,0.002119856050269074,0.0011502830950719718,0.00034795951562638676
0.0010335959455568663,0.00015773663593231967,0.0002459715849394813,0.003565123555991602,0.0008312989433349968,0.0006684800754635757,0.002968088171498968,9.404889050820063e-07,0.000429434587190873,0.000266965849327611,0.010052268641672978,0.0008829716074119217,0.0003622040353538738,0.0,5.626064159022869e-05,0.0024885486280251503,0.00223882652146971,0.002141693599979535,0.0,0.0,0.00022989046884886496,0.0,0.0001009455255385596,0.0001380351545720929,0.0
0.007798951225565447,0.0044166258061049506,0.023859245262185743,0.012395174932650278,0.00722721121961128,0.008690240981026484,0.013034049404179368,4.9986508046469944e-05,0.008379219820088189,0.007495587898767397,0.00018527967612456543,0.011037145092649022,0.005812051435282494,0.0,0.002528754238332943,0.010451904237705631,0.011167532678191712,0.01980127247786084,0.013142907078066592,0.008657293636139544,0.005381957060229519,0.010210702562281602,0.004643494206499475,0.0019205821266177012,0.0026458350093776966
0.007798951225565447,0.0044166258061049506,0.023859245262185743,0.012395174932650278,0.00722721121961128,0.008690240981026484,0.013034049404179368,4.9986508046469944e-05,0.008379219820088189,0.007495587898767397,0.00018527967612456543,0.011037145092649022,0.005812051435282494,0.0,0.002528754238332943,0.010451904237705631,0.011167532678191712,0.01980127247786084,0.013142907078066592,0.008657293636139544,0.005381957060229519,0.010210702562281602,0.004643494206499475,0.0019205821266177012,0.0026458350093776966
0.004134383782227465,0.0015773663593231968,0.017955926834019198,0.007460539082648546,0.004706735444251388,0.004010880452781454,0.008203217467741362,8.629911053047185e-06,0.003862087693156994,0.0029229024496527957,0.00018527967612456543,0.007284515761148355,0.0025289424024463854,0.0,0.0007139346111281398,0.007963355609680482,0.007010851995033973,0.013939795247340304,0.007731121810627405,0.0033380130695754282,0.0023328830401478074,0.005105350022671669,0.0019179649979229256,0.0010041035658726967,0.0005821928503191163
0.00704724508334227,0.003943415898307992,0.023859245262185743,0.00392752212045346,0.010197267039826053,0.008021760905562909,0.008738330340001378,4.367196744019894e-06,0.006044573984807291,0.006745379437845971,0.0026520269175116687,0.010816402190796041,0.004245750040549158,0.0,0.0028483648072681234,0.01144732368891569,0.013676791706535369,0.01954451973640896,0.013142907078066592,0.008657293636139544,0.004595328437118154,0.010210702562281602,0.004643494206499475,0.001863221806577065,0.00010448694134855079
0.0007517061422231756,0.00015773663593231967,0.0002459715849394813,0.0060443430631756615,0.0006650391546679973,0.0006684800754635757,0.002684100813350353,8.973105489345317e-07,0.0005358701791791798,0.00018092486600237428,0.00018527967612456543,0.0006622287055589412,0.00032754826943228837,0.0,2.813032079511435e-05,0.00149312917681509,0.000984197004095252,0.002141693599979535,0.0,0.0,0.00045661433025113887,0.0,0.0001009455255385596,0.00011963663657008696,0.0
0.001691338820002145,0.0020505762671201556,0.023859245262185743,0.008246043506739239,0.0036577153506739866,0.005347840603708605,0.0047477959999600175,3.577124695363974e-06,0.006259369455961274,0.005107321964204106,0.00018527967612456543,0.004414858037059609,0.002790724836870841,0.0,0.0004832465909030536,0.0029862583536301806,0.0031689370222685947,0.0061307544992558125,0.008504233991690145,0.008657293636139544,0.002452482894249185,0.010210702562281602,0.0037349844703072916,0.0009893377112637591,0.0018759479590886
0.001785302087780042,0.0012618930874585574,0.017955926834019198,0.010279276593198088,0.001995117464003992,0.0033424003773178785,0.005726476303358846,1.2268652181322036e-05,0.003878545337047115,0.002641376133355357,0.00018527967612456543,0.004414858037059609,0.001925677629670196,0.0,0.00028106340087143583,0.0029862583536301806,0.0024551725282499185,0.005604724489068656,0.007731121810627405,0.0033380130695754282,0.0016067758756059451,0.005105350022671669,0.0017160739455767773,0.000710346102719256,0.0022411965677025074
0.0020671918911137326,0.0015773663593231968,0.017955926834019198,0.007152389590463567,0.002327637041337991,0.004010880452781454,0.004914131653998077,1.0047970950888835e-06,0.0033386821325241765,0.002827899722408734,0.00018527967612456543,0.005518572546324511,0.001727813226249147,0.0,0.00034290214523023454,0.00398167780484024,0.002678611848617916,0.0061307544992558125,0.007731121810627405,0.0033380130695754282,0.0019450586830632411,0.005105350022671669,0.0019179649979229256,0.0008186355894539877,0.0011023278462719483
0.0014094490166684543,0.0009464198155939181,0.017955926834019198,0.012942832233731124,0.00266015661867199,0.0026739203018543026,0.006780732523492409,4.5060960036157483e-05,0.004367888543065945,0.0024722620424802145,0.00018527967612456543,0.003973372233353648,0.002182464914503888,0.0,0.0003119827730508352,0.0034839680792352105,0.0024551725282499185,0.005078694478881503,0.007731121810627405,0.0033380130695754282,0.0014714627526230266,0.005105350022671669,0.0015141828932306288,0.000661053060992496,0.00277116564060474
0.001785302087780042,0.0020505762671201556,0.023859245262185743,0.006715260161130503,0.0036577153506739866,0.005347840603708605,0.0042531655924473236,4.0397486273891617e-07,0.005897608911553565,0.005107421706143018,0.00018527967612456543,0.004414858037059609,0.002610373123083381,0.0,0.0004832465909030536,0.0029862583536301806,0.0031689370222685947,0.0061307544992558125,0.008504233991690145,0.008657293636139544,0.002452482894249185,0.010210702562281602,0.0037349844703072916,0.0009886582265392046,0.0012502949030283983
0.0011275592133347635,0.0006309465437292787,0.017955926834019198,0.015915459969719162,0.0016625978866699933,0.002005440226390727,0.007785547766831366,0.00020454536312205593,0.00488669362973918,0.002286170172107387,0.00018527967612456543,0.0006622287055589412,0.002427209761840142,0.0,0.0001573859121538383,0.00149312917681509,0.0010914833464895132,0.0013213372891095877,0.005411785267439184,0.0033380130695754282,0.0009978668221828123,0.005105350022671669,0.00131229184088448,0.00024725398029866127,0.000585285773776729
0.004322310317783259,0.0015773663593231968,0.017955926834019198,0.020069204411980276,0.003999735487360385,0.004010880452781454,0.013341693879820886,0.0007590214178848098,0.0059047564418657815,0.0028736046302888555,0.00018527967612456543,0.0027592862731622555,0.0037805313241065022,0.0,0.0006675555528590408,0.00647022643286539,0.0038516682789485864,0.005861477230520533,0.005411785267439184,0.0033380130695754282,0.002283341490520537,0.005105350022671669,0.0019179649979229256,0.0007325898185279933,0.0011681923423692293
0.00018792653555579385,0.0,0.0002459715849394813,0.012502012391318006,0.0,0.0,0.0047610160073177634,5.1608911811500596e-05,0.001094060883188501,2.0416156349681587e-07,0.00018527967612456543,0.0,0.0005809999940369792,0.0,0.0,0.0,0.0,0.0,0.0,0.0,0.0002536446457767613,0.0,0.0,4.411280887546389e-06,0.0
0.011651445204459222,0.007255885252886705,0.026810904458559055,0.025233014914253702,0.01381924218876945,0.012701121433807938,0.02249140015687037,0.002803480936356706,0.016544044336340963,0.009558172266208819,0.00018527967612456543,0.015672746031561612,0.012498445250493978,0.0,0.004974228405286259,0.017917550121781083,0.01128634564876087,0.019494421649894643,0.016235355802317553,0.013976574202703661,0.010097815056253795,0.015316052584953272,0.00918604288619136,0.004064058305787117,0.006651484969193649
0.001785302087780042,0.00015773663593231967,0.0002459715849394813,0.01777376747618318,0.001995117464003992,0.0006684800754635757,0.009132507760093703,7.083311026331361e-05,0.001642828713590669,0.00020552888343973805,0.00018527967612456543,0.0011037145092649022,0.001114465262313798,0.0,8.439096238534306e-05,0.0034839680792352105,0.0015871285021284035,0.002141693599979535,0.0,0.0,0.0005919274532340572,0.0,0.0001009455255385596,0.0001637437247861802,0.0
0.006953281815564373,0.003943415898307992,0.023859245262185743,0.022395271776341853,0.007315430701347971,0.008021760905562909,0.01638649909422356,0.0002807066549733151,0.010564193469511646,0.005988348385334041,0.00018527967612456543,0.01037491638709008,0.007034418761820283,0.0,0.0016521081028644407,0.010451904237705631,0.0064141271463901365,0.010389092667267367,0.010823570534878367,0.008657293636139544,0.005192573634653283,0.010210702562281602,0.004946330784384183,0.0018649766680009546,0.00381711666838084
0.01390656363112875,0.011514774423059336,0.02858189998346703,0.027281009653032807,0.016293459289365937,0.018048962037516544,0.024287462277404713,0.0009551160141974093,0.02192861116492537,0.013532247514361441,0.00018527967612456543,0.018321660853797373,0.016810426034295174,0.0,0.006618452983547195,0.019410679298596172,0.013888704395525838,0.02186781893675925,0.019327804526568515,0.019295854769267776,0.014799805366440487,0.020421405124563204,0.0146371013008064,0.004922066753471112,0.0174230833139008
0.004228347050005362,0.0029969960827140743,0.023859245262185743,0.019022787783129366,0.0053203132373439805,0.006684800754635757,0.012679795912215856,8.64121367678511e-05,0.009544654082862862,0.005513207799645891,0.00018527967612456543,0.007284515761148355,0.005682883830178593,0.0,0.0011224677305576242,0.00647022643286539,0.004830545297852997,0.008529200863306512,0.010823570534878367,0.008657293636139544,0.003771785843332639,0.010210702562281602,0.004340657627345737,0.0014688823025488392,0.003835778374194917
0.006953281815564373,0.0034702059905110326,0.023859245262185743,0.02598198424885181,0.006989697235801282,0.007353280830099332,0.018349490319881,0.000914111274872167,0.011488565508950692,0.005789973532274776,0.00018527967612456543,0.009271201877825179,0.007750162934675706,0.0,0.001378156186088099,0.009456484786495571,0.006381320577451875,0.010132339925815489,0.010823570534878367,0.008657293636139544,0.004685149423467338,0.010210702562281602,0.004643494206499475,0.0018633101177663457,0.0051934038383754655
0.00582572260222961,0.0018928396311878363,0.017955926834019198,0.021733580711087164,0.0053203132373439805,0.00467936052824503,0.0148497378289747,0.00030424694353186103,0.0061733926116435325,0.0031067539650949257,0.00018527967612456543,0.008388230270413258,0.004147848588719105,0.0,0.0008917210011596862,0.008958775060890541,0.0050229513808823095,0.008003170853119359,0.007731121810627405,0.0033380130695754282,0.002824593982452211,0.005105350022671669,0.002119856050269074,0.0011955103792679128,0.0005408540340043176
0.016255645325576173,0.00977967142780382,0.026810904458559055,0.026043429626634806,0.014970167091817251,0.01537504173566224,0.024234838203707334,0.0012052072578558116,0.016717126728491558,0.011094221481823954,0.00018527967612456543,0.019866861166768238,0.013344319062584703,0.0,0.006085863677607182,0.021401518201016292,0.014959794468653089,0.02213709620549453,0.018554692345505774,0.013976574202703661,0.01277010852169671,0.015316052584953272,0.010397389201537282,0.004343512100405879,0.014193570597023945
0.012121261543348708,0.005836255529495828,0.023859245262185743,0.025423993791146796,0.011647685766042356,0.01069568120741721,0.02315502711028193,0.0010805666857548108,0.011981658141638764,0.0068795589226329015,0.00018527967612456543,0.016997203442679493,0.00950235363401739,0.0,0.004364232081881423,0.019410679298596172,0.011674704468410759,0.019494421649894643,0.015462243621254812,0.008657293636139544,0.008237118901768946,0.010210702562281602,0.006157677099730104,0.0030682617838744173,0.01634643634090537
0.002255118426669527,0.0012618930874585574,0.017955926834019198,0.015702892176307725,0.00266015661867199,0.0033424003773178785,0.009395534917332235,3.691825701748669e-05,0.005021685979388715,0.002653521810113744,0.00018527967612456543,0.00485634384076557,0.002819357534882014,0.0,0.00039701104641673993,0.00398167780484024,0.002832891377518125,0.005874001757803934,0.007731121810627405,0.0033380130695754282,0.0017420889985888637,0.005105350022671669,0.0017160739455767773,0.0007701796917383827,0.0014350359800273053
0.0015034122844463512,0.0009464198155939181,0.017955926834019198,0.009265335599451705,0.002327637041337991,0.0026739203018543026,0.005768154290099004,9.559164398646563e-06,0.0038857481352543664,0.0024666735547612295,0.00018527967612456543,0.003752629331500667,0.001935829219004262,0.0,0.00028106340087143583,0.0029862583536301806,0.0024188193057203926,0.005078694478881503,0.007731121810627405,0.0033380130695754282,0.0014038061911315675,0.005105350022671669,0.0015141828932306288,0.0006362372160605174,0.00022512379648780757
0.0032887143722263932,0.0015773663593231968,0.017955926834019198,0.008647560449849725,0.003325195773339987,0.004010880452781454,0.007377592885122403,1.5012958255444087e-05,0.003964309081457917,0.0028588177996709038,0.00018527967612456543,0.006180801251883452,0.0023278433796246087,0.0,0.0005747974364482862,0.00547480698165533,0.0030545573694891756,0.00640003176799109,0.007731121810627405,0.0033380130695754282,0.0021480283675376186,0.005105350022671669,0.0019179649979229256,0.0008949381195591266,0.0002862587368062166
0.0015034122844463512,0.0009464198155939181,0.017955926834019198,0.010596652118083218,0.001995117464003992,0.0026739203018543026,0.006096060766586806,2.287977913898538e-05,0.004074178240358613,0.0024607720931759934,0.00018527967612456543,0.003531886429647687,0.0020156980519195284,0.0,0.0002501440286920364,0.0024885486280251503,0.0023062129813379204,0.005078694478881503,0.007731121810627405,0.0033380130695754282,0.0013361496296401083,0.005105350022671669,0.0015141828932306288,0.0006202085944242219,0.0005514524690318238
0.005919685870007507,0.00536304562169887,0.026810904458559055,0.01124468865494169,0.009310548165351963,0.01069568120741721,0.011159428115995225,4.994084923156507e-05,0.011345824977648038,0.008808056439851653,0.00018527967612456543,0.010154173485237101,0.007000447522742834,0.0,0.0027410325454967767,0.0099541945121006,0.006401713850814138,0.00956873635639742,0.013916019259129327,0.013976574202703661,0.0068163311104483025,0.015316052584953272,0.007974696572114469,0.0023039654848990517,0.005106804289929479
0.0023490816944474234,0.0012618930874585574,0.017955926834019198,0.013249690081338085,0.002992676196005989,0.0033424003773178785,0.00827881634277424,8.112609541812865e-05,0.004611319207451444,0.002660378125217256,0.00018527967612456543,0.00507708674261855,0.00254735616902765,0.0,0.00039701104641673993,0.004479387530445271,0.002869244600047651,0.005604724489068656,0.007731121810627405,0.0033380130695754282,0.0018097455600803228,0.005105350022671669,0.0017160739455767773,0.0007784844265780608,0.0010343726908862887
0.0004698163388894847,0.00015773663593231967,0.0002459715849394813,0.003589295761665993,0.0003325195773339986,0.0006684800754635757,0.001440716102580501,2.3677356872103533e-07,0.0002809560526324756,0.00017512213457940762,0.00018527967612456543,0.000551857254632451,0.000175814583844566,0.0,2.813032079511435e-05,0.00099541945121006,0.0006809579282830444,0.002141693599979535,0.0,0.0,0.0004227860495054093,0.0,0.0001009455255385596,5.5196799441234957e-05,0.0
0.0004698163388894847,0.00015773663593231967,0.0002459715849394813,0.003589295761665993,0.0003325195773339986,0.0006684800754635757,0.001440716102580501,2.3677356872103533e-07,0.0002809560526324756,0.00017512213457940762,0.00018527967612456543,0.000551857254632451,0.000175814583844566,0.0,2.813032079511435e-05,0.00099541945121006,0.0006809579282830444,0.002141693599979535,0.0,0.0,0.0004227860495054093,0.0,0.0001009455255385596,5.5196799441234957e-05,0.0
0.001785302087780042,0.0009464198155939181,0.017955926834019198,0.011575534187569032,0.002850167805719989,0.0026739203018543026,0.00739726322579827,0.0002550560472252719,0.004383925698988388,0.0024753514490182035,0.00018527967612456543,0.003973372233353648,0.002332634523120711,0.0,0.0003119827730508352,0.0034839680792352105,0.002607678731955811,0.005078694478881503,0.007731121810627405,0.0033380130695754282,0.0014101424825039139,0.005105350022671669,0.0015141828932306288,0.0006993874080014994,0.0002997805745775237
0.0025370082300032177,0.0009464198155939181,0.017955926834019198,0.014682862000979239,0.0030605373343052782,0.0026739203018543026,0.009826328552235707,0.0008527424284928182,0.005072961703189051,0.0024828477983501462,0.00018527967612456543,0.004194115135206628,0.002924286797191567,0.0,0.00034290214523023454,0.00398167780484024,0.002872791256841546,0.005078694478881503,0.007731121810627405,0.0033380130695754282,0.0014884472504073179,0.005105350022671669,0.0015141828932306288,0.0008317228521382922,0.000865437869516131
0.007798951225565447,0.0022083129030524757,0.017955926834019198,0.01843195264901182,0.0064875248162817685,0.005347840603708605,0.01613413365905818,0.0031237523508515132,0.006082650575109818,0.003465701469240491,0.000678628879389488,0.01037491638709008,0.004460691436179023,0.0,0.0010849670771534887,0.01194503341452072,0.006802485962837397,0.009606309915628336,0.007731121810627405,0.0033380130695754282,0.0030364013702217094,0.005105350022671669,0.0023217471026152226,0.002081796372477808,0.001434663900094607
0.0005637796066673817,0.0006309465437292787,0.017955926834019198,0.014561816451953287,0.0009975587320019963,0.002005440226390727,0.006476240777313373,0.00018160571305817413,0.004578356997121554,0.002273930571125779,0.00018527967612456543,0.0004414858037059607,0.002108299253053798,0.0,0.00011100685388473926,0.0004977097256050301,0.0005612582935154138,0.0013213372891095877,0.005411785267439184,0.0033380130695754282,0.000862553699199894,0.005105350022671669,0.00131229184088448,0.00020225223011890151,0.000585285773776729
0.0,0.0,0.0002459715849394813,0.011379757773671874,0.0,0.0,0.004014701303591532,4.582007228476724e-05,0.0009789564880553223,2.226621130761851e-09,0.00018527967612456543,0.0,0.0004899251396070641,0.0,0.0,0.0,0.0,0.0,0.0,0.0,0.0002536446457767613,0.0,0.0,3.914204750145956e-06,0.0
0.001785302087780042,0.0009464198155939181,0.017955926834019198,0.0184059352367974,0.0020019035776914136,0.0026739203018543026,0.010213911969718192,0.000673907415427322,0.0054508042797688115,0.0024615709442739006,0.00018527967612456543,0.0012140859601913923,0.0030186912621957577,0.0,0.0002501440286920364,0.0024885486280251503,0.0013911757655078265,0.00211664454541273,0.005411785267439184,0.0033380130695754282,0.0013361496296401083,0.005105350022671669,0.0015141828932306288,0.00039800169734578554,0.0011681923423692293
0.0053559062633401254,0.0015773663593231968,0.017955926834019198,0.023142395904399933,0.005370530481671071,0.004010880452781454,0.01647222356067106,0.0024891388288493755,0.006608783533407631,0.0029032273805048737,0.00018527967612456543,0.0032007720768682164,0.004543040665208237,0.0,0.0007603136693972389,0.00846106533528551,0.00399708116906669,0.005861477230520533,0.005411785267439184,0.0033380130695754282,0.002510944597516804,0.005105350022671669,0.0019179649979229256,0.0011198892243864797,0.0017487197057775013
0.001785302087780042,0.00015773663593231967,0.0002459715849394813,0.013157614274990598,0.0016625978866699933,0.0006684800754635757,0.007187709593709158,8.248290635843088e-05,0.001293292374165306,0.00020002338634356895,0.00018527967612456543,0.000993343058338412,0.0008771361455375152,0.0,7.032580199415804e-05,0.0029862583536301806,0.0014363956300220881,0.002141693599979535,0.0,0.0,0.0005580991724883276,0.0,0.0001009455255385596,0.00015568338724105624,0.0
0.001691338820002145,0.0012618930874585574,0.017955926834019198,0.006921000690343827,0.002327637041337991,0.0033424003773178785,0.004672596420781245,5.068679667499198e-07,0.003367021928999255,0.002646978176743791,0.00018527967612456543,0.004635600938912589,0.0016689820094974474,0.0,0.000319712616095685,0.0034839680792352105,0.002529652301705918,0.005604724489068656,0.007731121810627405,0.0033380130695754282,0.0016744324370974045,0.005105350022671669,0.0017160739455767773,0.000726578659903098,0.0009877886872767347
0.001785302087780042,0.0012618930874585574,0.017955926834019198,0.008460271986036702,0.002327637041337991,0.0033424003773178785,0.0055203276239988875,1.6203183422975659e-06,0.0036929293927296268,0.002647085763514273,0.00018527967612456543,0.004635600938912589,0.0018754655851402565,0.0,0.000319712616095685,0.0034839680792352105,0.002529652301705918,0.005604724489068656,0.007731121810627405,0.0033380130695754282,0.0016744324370974045,0.005105350022671669,0.0017160739455767773,0.0007267837663981093,0.001350816646676183
0.0007517061422231756,0.00015773663593231967,0.0002459715849394813,0.004725942990324362,0.0006650391546679973,0.0006684800754635757,0.0022986026453648183,9.713292756324475e-08,0.0004328373706330707,0.00018092593121792416,0.00018527967612456543,0.0006622287055589412,0.0002805048584638089,0.0,2.813032079511435e-05,0.00149312917681509,0.000984197004095252,0.002141693599979535,0.0,0.0,0.00045661433025113887,0.0,0.0001009455255385596,0.00011955697787810452,0.0
0.002255118426669527,0.0020505762671201556,0.023859245262185743,0.01085719528153543,0.003990234928007985,0.005347840603708605,0.0068534750124319525,5.919780188471643e-06,0.007264712164532843,0.005114061875117455,0.00018527967612456543,0.004635600938912589,0.003558495709180469,0.0,0.0005197735131398991,0.0034839680792352105,0.0032434167957245937,0.0061307544992558125,0.008504233991690145,0.008657293636139544,0.0025539677364863744,0.010210702562281602,0.0037349844703072916,0.0010128366246544734,0.00245120142488548
0.0024430449622253204,0.0012618930874585574,0.017955926834019198,0.01086291542180952,0.003325195773339987,0.0033424003773178785,0.007588054159441102,3.532690492134507e-05,0.0042783457273261665,0.002667253649826594,0.00018527967612456543,0.005297829644471531,0.0023791058503297943,0.0,0.00043566026164098913,0.0049770972560503,0.003096230577209543,0.005604724489068656,0.007731121810627405,0.0033380130695754282,0.001877402121571782,0.005105350022671669,0.0017160739455767773,0.0007883119204954561,0.0007894038618655243
0.0068593185477864764,0.003943415898307992,0.023859245262185743,0.013900494428006602,0.006650391546679974,0.008021760905562909,0.012246469784545964,0.0001295068922683169,0.008618395301403731,0.006014419863662697,0.00018527967612456543,0.00993343058338412,0.005524884829335261,0.0,0.0012137850362771818,0.009456484786495571,0.005197624179942152,0.010658369936002644,0.010823570534878367,0.008657293636139544,0.004989603950178905,0.010210702562281602,0.004946330784384183,0.0017567686619286245,0.001943023482310762
0.001597375552224248,0.0009464198155939181,0.017955926834019198,0.008401594418063749,0.001995117464003992,0.0026739203018543026,0.005301457006819439,1.0482354400616718e-05,0.0037266048898722736,0.0024610941124679295,0.00018527967612456543,0.003531886429647687,0.001822154833400186,0.0,0.0002501440286920364,0.0024885486280251503,0.0023062129813379204,0.005078694478881503,0.007731121810627405,0.0033380130695754282,0.0013361496296401083,0.005105350022671669,0.0015141828932306288,0.0006179986351805748,0.0002349486399685409
0.01287296768557188,0.01388082396204413,0.029762563654932375,0.01754809871633754,0.017979808574416934,0.022059842490297996,0.01880323323140211,0.0004451547316393157,0.02247884325646164,0.017269881957974256,0.00018527967612456543,0.016776460540826512,0.0162619327957371,0.0,0.005408953634725327,0.015926711219360963,0.01258353503485154,0.01593119456515759,0.0247395897940077,0.024615135335831897,0.01635590628074405,0.025526755147234872,0.019482486562190083,0.005221831674697919,0.011857277237061523
0.001597375552224248,0.00015773663593231967,0.0002459715849394813,0.010828779100818966,0.001995117464003992,0.0006684800754635757,0.006420623471559887,3.267997982066201e-05,0.0011278709201104043,0.00020594975402213418,0.00018527967612456543,0.0011037145092649022,0.0007835264973707765,0.0,8.439096238534306e-05,0.0034839680792352105,0.0016252550530548764,0.002141693599979535,0.0,0.0,0.0005919274532340572,0.0,0.0001009455255385596,0.0001597405414364936,0.0
0.0015034122844463512,0.0009464198155939181,0.017955926834019198,0.006405449983059496,0.002327637041337991,0.0026739203018543026,0.00460688753425359,6.222947369932637e-06,0.0033883631658051475,0.0024668878127155867,0.00018527967612456543,0.003752629331500667,0.0016529771654001729,0.0,0.00028106340087143583,0.0029862583536301806,0.0024188193057203926,0.005078694478881503,0.007731121810627405,0.0033380130695754282,0.0014038061911315675,0.005105350022671669,0.0015141828932306288,0.0006356385013852085,2.9641021424105165e-05
0.002912861301114805,0.0012618930874585574,0.017955926834019198,0.016230990288064254,0.002992676196005989,0.0033424003773178785,0.010443717158441163,6.743240130690707e-05,0.005241961103969712,0.002660280706089508,0.00018527967612456543,0.00507708674261855,0.0030746653682431017,0.0,0.00043566026164098913,0.004479387530445271,0.0037842818158777456,0.008028219885066874,0.007731121810627405,0.0033380130695754282,0.0018097455600803228,0.005105350022671669,0.0017160739455767773,0.0007943731453181308,0.0010242520878623095
0.0031007878366705994,0.0012618930874585574,0.017955926834019198,0.018010691995923013,0.003990234928007985,0.0033424003773178785,0.011688127656014461,0.00021484900506264353,0.005554719168190238,0.0026987174345208744,0.00018527967612456543,0.005960058350030472,0.0033777689085833793,0.0,0.000590257122537986,0.00647022643286539,0.004768478819972997,0.008028219885066874,0.007731121810627405,0.0033380130695754282,0.0020803718060461596,0.005105350022671669,0.0017160739455767773,0.0008969463376644076,0.001282356680245734
0.004886089924450641,0.0018928396311878363,0.017955926834019198,0.018371245353844833,0.0053203132373439805,0.00467936052824503,0.014028649571743096,0.00012232715846057762,0.005835831255649363,0.003077237814810906,0.00018527967612456543,0.008388230270413258,0.003947854487253141,0.0,0.0008917210011596862,0.008958775060890541,0.005251710683238518,0.010695943517852852,0.007731121810627405,0.0033380130695754282,0.002824593982452211,0.005105350022671669,0.002119856050269074,0.0011568236307031416,0.004223700630758796
0.010054069652234973,0.00488983571390191,0.023859245262185743,0.021420264640590103,0.007987255967803279,0.00935872105649006,0.017768458000381692,0.000783860548143809,0.010612726297148413,0.0069127526993189616,0.00018527967612456543,0.012140859601913924,0.007538307430040671,0.0,0.0024830955848996685,0.01144732368891569,0.009411938019987525,0.017095975285843938,0.013142907078066592,0.008657293636139544,0.006004452372550793,0.010210702562281602,0.00524916736353792,0.00227602895324136,0.003574029302873963
0.010241996187790767,0.007255885252886705,0.026810904458559055,0.021440377391876424,0.01103998927521575,0.012701121433807938,0.019690802164521036,0.00043238670798882175,0.015316273742162906,0.009472874172757915,0.00018527967612456543,0.013906802816737767,0.01113966309089179,0.0,0.003445729905685685,0.013935872316940842,0.01046174815875667,0.015724539910220034,0.016235355802317553,0.013976574202703661,0.009116654201157915,0.015316052584953272,0.00918604288619136,0.00317154265604922,0.01014405632293977
0.008644620635566518,0.006624938709157426,0.026810904458559055,0.019705145161632392,0.011305665629355957,0.012032641358344361,0.018064631784979503,0.0007136281958046554,0.014681420453395573,0.009272585305486183,0.00018527967612456543,0.013244574111178827,0.010350684706040355,0.0,0.0037931159282063214,0.013935872316940842,0.00951035772039705,0.014659955362562323,0.016235355802317553,0.013976574202703661,0.00871071483220916,0.015316052584953272,0.008782260781499063,0.0031484991756731483,0.005377342469238014
0.007892914493343344,0.003943415898307992,0.023859245262185743,0.023077260113536877,0.008541342165534557,0.008021760905562909,0.018750996162640053,0.00073887926595507,0.011138740801364688,0.005976006944045768,0.00018527967612456543,0.011037145092649022,0.007896559650353538,0.0,0.002026509056939099,0.01194503341452072,0.008582020547995112,0.014428251675677252,0.013142907078066592,0.008657293636139544,0.00528997665640398,0.010210702562281602,0.004946330784384183,0.002127624807098556,0.012940402209691726
0.007611024690009653,0.003943415898307992,0.023859245262185743,0.017498278139756733,0.009671908728470152,0.008021760905562909,0.015900805529249044,0.0001385092120496939,0.009768597013432313,0.006045115813200783,0.00018527967612456543,0.011920116700060941,0.006857325586805676,0.0,0.0020173773265073315,0.013935872316940842,0.008613053785333795,0.014158974406941973,0.013142907078066592,0.008657293636139544,0.005731927766010511,0.010210702562281602,0.004946330784384183,0.0019904878079657086,0.003648728064391526
0.004886089924450641,0.0029969960827140743,0.023859245262185743,0.015086962233245769,0.006728431853610282,0.006684800754635757,0.012187769505733798,8.888046883800077e-05,0.00886230980008863,0.0055575122305235435,0.00018527967612456543,0.003531886429647687,0.005503481585364788,0.0,0.001177258114040336,0.00846106533528551,0.005471603346812621,0.006644259982159564,0.010823570534878367,0.008657293636139544,0.004113190504503605,0.010210702562281602,0.004340657627345737,0.001056915815717604,0.0034819746499939914
0.013718637095572953,0.006309465437292787,0.023859245262185743,0.018960235281422353,0.011095974712899455,0.011364161282880786,0.02041052458115482,0.00030399632532852,0.010514482328929192,0.007406306351611386,0.0004671935065616641,0.018321660853797373,0.008501655479343895,0.0,0.005085638796186564,0.020903808475411265,0.012201382864590963,0.022443947056080014,0.013142907078066592,0.008657293636139544,0.008324675659802976,0.010210702562281602,0.006460513678883842,0.002874175188676937,0.01059605207122539
0.0030068245688927024,0.0025237861749171147,0.023859245262185743,0.011864493531737704,0.003997021039795294,0.006016320679172181,0.008290640876147155,2.583262748641545e-05,0.007656603089127674,0.005306920838994403,0.00018527967612456543,0.0022074290185298043,0.004082513892462977,0.0,0.0006110908188594564,0.00398167780484024,0.0028204780819421254,0.005041120919650586,0.010823570534878367,0.008657293636139544,0.0029599071054351293,0.010210702562281602,0.004037821049461029,0.0007127242418996275,0.002330436743914361
0.001597375552224248,0.00015773663593231967,0.0002459715849394813,0.011815964599734916,0.0013368644230234154,0.0006684800754635757,0.006778827587297433,2.2422456039193618e-05,0.0011991110232851727,0.00019335374759313218,0.00018527967612456543,0.0008829716074119217,0.0008272391400348949,0.0,5.626064159022869e-05,0.0024885486280251503,0.0010569034523569341,0.002141693599979535,0.0,0.0,0.000524270891742598,0.0,0.0001009455255385596,9.412143954028099e-05,0.0
0.010899739062236045,0.007255885252886705,0.026810904458559055,0.015597715403526021,0.013171846931398848,0.012701121433807938,0.017288290238338125,0.00014286379520158813,0.013448177074241075,0.010572789653003754,0.00018527967612456543,0.01478977442414969,0.009974022633051643,0.0,0.005450643522177288,0.015926711219360963,0.015743605415135396,0.021648639777157582,0.013916019259129327,0.013976574202703661,0.009418432280303342,0.015316052584953272,0.008378478676806767,0.003079228874851604,0.0065800125836105285
0.02308895447438498,0.02397596866171259,0.029637067936764915,0.023251263090261685,0.028796195397124285,0.031418563546788056,0.027583981909977587,0.0009730401766538117,0.031020925267627505,0.026918902575158787,0.007047849436114937,0.02538543371309275,0.02643169059200381,0.0016995131245366678,0.021256296095312082,0.024885486280251504,0.029688169639151923,0.03306474343285174,0.03015137506144688,0.02993441590239601,0.023321117974833112,0.030632107686844805,0.027760019709651203,0.008096289152588965,0.03847664214445936
0.0015034122844463512,0.0012618930874585574,0.017955926834019198,0.009141891281923714,0.001995117464003992,0.0033424003773178785,0.005747685893315561,6.985458765728468e-06,0.003800949675057965,0.002641485765054687,0.00018527967612456543,0.0016555717638973534,0.0019308436907849666,0.0,0.00028106340087143583,0.0029862583536301806,0.0015020087614933512,0.0037197836305409987,0.005411785267439184,0.0033380130695754282,0.0016067758756059451,0.005105350022671669,0.0017160739455767773,0.00035961830164169814,0.0011681923423692293
0.0008456694100010725,0.00015773663593231967,0.0002459715849394813,0.009121409489329383,0.0009975587320019963,0.0006684800754635757,0.004768307384273758,6.516927667106934e-06,0.0008999759079919398,0.0001867395321146054,0.00018527967612456543,0.0007726001564854315,0.000581889780216888,0.0,4.2195481199043704e-05,0.0019908389024201204,0.0008299174751950425,0.002141693599979535,0.0,0.0,0.0004904426109968684,0.0,0.0001009455255385596,7.417986901734205e-05,0.0
0.0005637796066673817,0.0006309465437292787,0.017955926834019198,0.006819883371950195,0.0013300783093359951,0.002005440226390727,0.0031994160895706357,1.877551102325075e-06,0.0032425033970704055,0.0022796207744606484,0.00018527967612456543,0.000551857254632451,0.0013101565463306572,0.0,0.00013419638301928879,0.00099541945121006,0.000788244267474675,0.0013213372891095877,0.005411785267439184,0.0033380130695754282,0.0009302102606913533,0.005105350022671669,0.00131229184088448,0.00019335225918194345,0.000585285773776729
9.396326777789692e-05,0.0,0.0002459715849394813,0.004816358110785822,0.0,0.0,0.001614094748779116,4.7012042960313277e-07,0.00042597557498231435,9.870522411361068e-08,0.00018527967612456543,0.0,0.00019697246135260736,0.0,0.0,0.0,0.0,0.0,0.0,0.0,0.0002536446457767613,0.0,0.0,3.891091200629919e-08,0.0
0.0006577428744452786,0.0,0.0002459715849394813,0.011629414218537906,0.00041055988616441877,0.0,0.005520504907809756,2.5705205401358962e-05,0.0011214677091959245,8.224653947214957e-06,0.00018527967612456543,0.00011037145092649011,0.0006736825316791274,0.0,9.376773594123333e-06,0.0004977097256050301,0.00026511252808836467,0.0,0.0,0.0,0.00023809213957506082,0.0,0.0,2.0640666382898724e-05,0.0
0.00338267764000429,0.0009464198155939181,0.017955926834019198,0.014862216076670142,0.0034032360821704077,0.0026739203018543026,0.009825806453198034,0.00010189019941407778,0.005017859184783986,0.002600063814578728,0.010052268641672978,0.0018763146657503338,0.002924159629035439,0.0,0.00043566026164098913,0.00547480698165533,0.004201900544469373,0.003193753620353844,0.005411785267439184,0.0033380130695754282,0.0012273054970222384,0.005105350022671669,0.0015141828932306288,0.00047028004600388603,0.000585285773776729
0.009737346772884972,0.005836255529495828,0.020440741975811118,0.018773684900225338,0.011903522257853452,0.01069568120741721,0.018805932240174923,0.00037811041188533164,0.010255873331851748,0.009329333356405189,0.007047849436114937,0.01545200312970863,0.007916590400192124,0.01189659176468735,0.004606867888793721,0.015926711219360963,0.01326892628092432,0.025957076031683457,0.013142907078066592,0.008657293636139544,0.00345431519956662,0.010210702562281602,0.005552003942691659,0.0024675392226756383,0.0011681923423692293
0.0031694730732637426,0.0028392594467817546,0.010163546524424125,0.02243715796480053,0.007977755408450877,0.006684800754635757,0.01754455640273069,0.0011428749829213171,0.006457886094260942,0.005811133568899975,0.016703402722569902,0.011478630896354982,0.004804230908755569,0.03568977532975182,0.001708806096441298,0.01144732368891569,0.010862520270779929,0.0216987378636719,0.007731121810627405,0.0033380130695754282,0.00037088170474824483,0.005105350022671669,0.0023217471026152226,0.0016541367196024142,0.0
0.01125420619696098,0.00993740806373614,0.026187514033791454,0.02326214980884786,0.015012919608903053,0.016712001886589393,0.019849502987694584,0.0015335599151134122,0.01990296202747986,0.015410861710611281,0.016703402722569902,0.014569031522296707,0.014124381240697762,0.0035689775329751823,0.005706138373470615,0.013935872316940842,0.015119393982744141,0.024854917924794825,0.021647141069756737,0.019295854769267776,0.008287565083220526,0.020421405124563204,0.012618190777344917,0.004163761628056721,0.007197187872704772
0.017375752800752462,0.01388082396204413,0.026187514033791454,0.027293926098813003,0.020655573253524927,0.020054402263907267,0.027084985587346896,0.0029958178213895176,0.022446865974826553,0.0172099733377059,0.016703402722569902,0.02119131857788612,0.018503608056715845,0.0035689775329751823,0.009802044583842486,0.021401518201016292,0.02338310216355299,0.029639286102993538,0.021647141069756737,0.019295854769267776,0.012250225288408684,0.020421405124563204,0.0146371013008064,0.006132151987343468,0.031236678496878462
0.0037585307111158775,0.00047320990779695907,0.0002459715849394813,0.01846664253196438,0.0028169158479865895,0.002005440226390727,0.011404377792114997,0.0003869507668967341,0.0017795161292250875,0.0006893249261690449,0.0011719783889200335,0.0024281719203827845,0.001391707866011828,0.0,0.00025317288715602916,0.00647022643286539,0.004051167669160427,0.005078694478881503,0.0,0.0,0.0007860659061693599,0.0,0.00030283657788470803,0.0003518998613895234,0.0
0.006389502208896992,0.0022083129030524757,0.017955926834019198,0.02287262670824757,0.0054981094174744866,0.005347840603708605,0.01657349829336885,0.0010894912844951225,0.006471849992362993,0.0033848197487693567,0.0011719783889200335,0.009712687681531138,0.0045677083539441025,0.0,0.0012086445657436425,0.010451904237705631,0.006388413891039663,0.009606309915628336,0.007731121810627405,0.0033380130695754282,0.0028069315199153134,0.005105350022671669,0.0023217471026152226,0.0014862789870990346,0.004791942142740633
0.0065774287444527865,0.0044166258061049506,0.023859245262185743,0.018571450263438073,0.006170613299383776,0.008690240981026484,0.014183259940322124,0.00046256047821541994,0.009515670360249478,0.006247355606719455,0.0011719783889200335,0.010816402190796041,0.0062310755929573195,0.0,0.0018895330979137107,0.0099541945121006,0.006642886448746345,0.009838013625132699,0.010823570534878367,0.008657293636139544,0.004760140571899182,0.010210702562281602,0.00524916736353792,0.0019356350123310552,0.0021235115370777926
0.014564306505574026,0.005836255529495828,0.023859245262185743,0.02475030888338191,0.011585253519548052,0.01069568120741721,0.023026040255563884,0.001069537371824417,0.01182700664940535,0.007729567984136356,0.0014538925256227548,0.017217946344532473,0.009455322558297972,0.0,0.004464681117905304,0.019908389024201202,0.013192673179071374,0.025957076031683457,0.013142907078066592,0.008657293636139544,0.007181848701388554,0.010210702562281602,0.005854840520576365,0.0029375767544353466,0.014388511915714086
0.014564306505574026,0.005836255529495828,0.023859245262185743,0.02475030888338191,0.011585253519548052,0.01069568120741721,0.023026040255563884,0.001069537371824417,0.01182700664940535,0.007729567984136356,0.0014538925256227548,0.017217946344532473,0.009455322558297972,0.0,0.004464681117905304,0.019908389024201202,0.013192673179071374,0.025957076031683457,0.013142907078066592,0.008657293636139544,0.007181848701388554,0.010210702562281602,0.005854840520576365,0.0029375767544353466,0.014388511915714086
0.015980163704349015,0.0104106179715331,0.024411426400870625,0.019139404836459248,0.017012108741879542,0.016043521811125817,0.02292553865122736,0.0004235759347448224,0.015070436504371103,0.013494027730080167,0.007047849436114937,0.021632804381592083,0.01270907870519039,0.005948295900188562,0.009590258057187157,0.023890066829041445,0.020312584841693924,0.029125780620089782,0.018554692345505774,0.013976574202703661,0.008947562032462195,0.015316052584953272,0.010397389201537282,0.004281987736245365,0.016197115859624436
0.012779004417793983,0.00536304562169887,0.023859245262185743,0.015702892176307725,0.01181722550881906,0.010027201131953635,0.018719114791360715,0.0001622112816405286,0.009787658191556215,0.006991487974832242,0.0026520269175116687,0.016776460540826512,0.007884935092016676,0.0,0.004574261884360953,0.020406098749806232,0.014341789682448518,0.02327682789423336,0.015462243621254812,0.008657293636139544,0.007462672586776296,0.010210702562281602,0.005854840520576365,0.0027382242714305343,0.009147458329462746
0.014188453434462437,0.008517778340345263,0.026810904458559055,0.015455634499943725,0.014737403387683454,0.01403808158473509,0.018335503834536575,0.00016531056892348867,0.01339090277311709,0.012078261029753404,0.012519015883060083,0.017438689246385454,0.010482105251842112,0.0,0.0073364533581716995,0.018912969572991142,0.01983821962041314,0.0278169678582636,0.018554692345505774,0.013976574202703661,0.009206728661461596,0.015316052584953272,0.008782260781499063,0.0035021108356272455,0.006460236460878591
0.0123091880789045,0.007886831796615984,0.026810904458559055,0.012692253185595078,0.015178387687457535,0.013369601509271514,0.017725452605570995,7.641460181169622e-05,0.012755180073740784,0.0099297461585834,0.00018527967612456543,0.017659432148238435,0.01018612320533604,0.0,0.0057781789144026536,0.020903808475411265,0.017107294600098435,0.02486744245207823,0.016235355802317553,0.013976574202703661,0.011007699814478217,0.015316052584953272,0.009589824992152687,0.0035567925701389187,0.008855455653780797
0.008456694100010726,0.003943415898307992,0.023859245262185743,0.012195708105673055,0.008125014078413078,0.008021760905562909,0.01228162149984018,6.560072031782547e-05,0.008175283529437506,0.007328553988605231,0.010052268641672978,0.01059565928894306,0.005537701819641451,0.0,0.0026839936569474313,0.01094961396331066,0.014254009949218046,0.023852956013554125,0.013142907078066592,0.008657293636139544,0.004295747217943343,0.010210702562281602,0.004340657627345737,0.0018320155039370956,0.0005422051501616336
0.015597902451130892,0.00977967142780382,0.026810904458559055,0.012533565423152513,0.01418557923513174,0.01537504173566224,0.018206864344727534,9.06105428868715e-05,0.012533945661494203,0.012146870013557895,0.0011719783889200335,0.019866861166768238,0.010419692493717304,0.0,0.006919590130892049,0.021401518201016292,0.0193771543557042,0.02806119607243207,0.018554692345505774,0.013976574202703661,0.011126137776739604,0.015316052584953272,0.009993607096844983,0.003920555087260853,0.002452286357453875
0.008458121930121836,0.005836255529495828,0.019377096089835948,0.012232981277781654,0.010965681324780669,0.01069568120741721,0.014647723523461501,7.531474802489287e-05,0.008342903901929271,0.010410227553343641,0.009303160998408595,0.01478977442414969,0.006400427906962473,0.01189659176468735,0.004365147966541362,0.014433582042545872,0.01635363022675634,0.027034185106624566,0.013142907078066592,0.008657293636139544,0.0028817041308878827,0.010210702562281602,0.004946330784384183,0.0023414384674593875,0.0021412328718172957
0.00986614311667918,0.0044166258061049506,0.023859245262185743,0.018597652196306495,0.008079547118512467,0.008690240981026484,0.01651072568669622,0.0002828572127159879,0.010010348288270639,0.006428793375790131,0.0004671935065616641,0.005628943997251001,0.007079714156589854,0.0,0.0024374369327408293,0.01343816259133581,0.008193661728345222,0.016569945275656785,0.010823570534878367,0.008657293636139544,0.005584584919398879,0.010210702562281602,0.00524916736353792,0.0015825274258938018,0.004623995735336709
0.0024430449622253204,0.0025237861749171147,0.023859245262185743,0.006890185741125327,0.003990234928007985,0.006016320679172181,0.005259469587969561,9.864233265154902e-07,0.006094566607305901,0.005306170563863103,0.00018527967612456543,0.0022074290185298043,0.0029772908214102814,0.0,0.0006110908188594564,0.00398167780484024,0.0029348577347215444,0.005579675457121142,0.010823570534878367,0.008657293636139544,0.0029599071054351293,0.010210702562281602,0.004037821049461029,0.0006898770695252746,0.00405417472312099
0.03169672904945326,0.02334502211798331,0.028271360841541977,0.029025283395322985,0.030798098972915588,0.028744643244933758,0.03579015094562466,0.022974393509782084,0.02998423616062062,0.024446777617725807,0.012615650343638237,0.032890692376094086,0.028574443650253162,0.00237931836721338,0.02280947022333905,0.03732822942037725,0.028363493672516463,0.03680957611795954,0.02705892633719592,0.024615135335831897,0.023745318120354658,0.025526755147234872,0.023722198662728233,0.021812554900781857,0.013996217323190398
0.027035971967644453,0.012934404146450215,0.025545201726117163,0.029872971279812678,0.025471678234488003,0.01871744211298012,0.03310372078725036,0.023069421079073345,0.018961572067199308,0.016874746993937744,0.0,0.027813605633475538,0.01764728558393447,0.005948295900188562,0.01361895754257847,0.031853422438721926,0.024326512624126353,0.03365339605683662,0.020874028888693996,0.013976574202703661,0.010974996567630901,0.015316052584953272,0.011204953410921877,0.016823157316868443,0.0019351441595327951
0.006971860061856272,0.004101152534240312,0.01240619258576809,0.02675549483043231,0.014552142480311654,0.00935872105649006,0.026156045248639972,0.01514055482699383,0.007690549640953221,0.007695397191035925,0.015082397585025342,0.019425375363062276,0.006901748379193434,0.03568977532975182,0.004505517519616312,0.023392357103436415,0.015152200548479773,0.02891912596515223,0.007731121810627405,0.0033380130695754282,0.0006738768556133306,0.005105350022671669,0.0031293113132688463,0.007708284376022272,0.0
0.014940159576685614,0.006309465437292787,0.023859245262185743,0.024391969773308115,0.012033137030518259,0.011364161282880786,0.02387359325440706,0.007914216965825444,0.011863347532424772,0.00737788856681211,0.000678628879389488,0.018321660853797373,0.009764356602719628,0.0,0.004574261884360953,0.020903808475411265,0.014222090047680888,0.024059610645872392,0.013142907078066592,0.008657293636139544,0.008143344742531816,0.010210702562281602,0.006460513678883842,0.0057494637383375775,0.0035730521421976687
0.009584253313345488,0.0034702059905110326,0.023859245262185743,0.023044968999086358,0.008688261527769766,0.007353280830099332,0.01891341838367331,0.006643170918732401,0.011178600395172144,0.006029178599665859,0.000678628879389488,0.00485634384076557,0.007955781903574058,0.0,0.0020904311712359094,0.012940452865730782,0.007588956901915124,0.010132339925815489,0.010823570534878367,0.008657293636139544,0.0046928601064673975,0.010210702562281602,0.004643494206499475,0.003117829633265454,0.0011693820170978174
0.041166899905636094,0.03754131935189208,0.029866019192112715,0.031764307983343246,0.043084358052430126,0.04211424475420526,0.039426813604427485,0.03702741027574898,0.042658971499927395,0.040844384958398296,0.018958714591129182,0.03576035010018284,0.04162050787509976,0.0025492696511152262,0.035978901345778094,0.0363328099691672,0.04275936985185609,0.04076106343538561,0.03556316032888606,0.03525369646896013,0.03445281885104091,0.035737460226454736,0.03745079023241857,0.03772964608526384,0.01912161334655421
0.021329661785582606,0.01466950714170573,0.02858189998346703,0.027646360547958704,0.019680408698496528,0.020722882339370845,0.029560609137312576,0.008465967363889177,0.023139413928128155,0.014715075368612237,0.000678628879389488,0.02428171920382785,0.02000196243720275,0.0,0.010792131667280495,0.026876325182671627,0.017972678630421898,0.024241216246243147,0.021647141069756737,0.019295854769267776,0.01819548457483644,0.020421405124563204,0.01665601182426789,0.009343109621467068,0.012570819785995106
0.009302363510011798,0.00488983571390191,0.023859245262185743,0.021290177579518003,0.010386147204284267,0.00935872105649006,0.01961707773550103,0.0002339117899575393,0.010982980250096558,0.006429059804368252,0.00018527967612456543,0.014348288620443727,0.008212349571718042,0.0,0.003487585947687356,0.016424420944965993,0.009782563558870572,0.017095975285843938,0.013142907078066592,0.008657293636139544,0.0069547660871448905,0.010210702562281602,0.005552003942691659,0.002387719795062427,0.01865908740434545
0.006953281815564373,0.005993992165428148,0.026810904458559055,0.017202122490081944,0.008984814699805273,0.011364161282880786,0.014605174583135393,7.471778428394333e-05,0.013424865428434267,0.009006701825597103,0.00018527967612456543,0.010816402190796041,0.008672240055463057,0.0,0.002850211009571898,0.0099541945121006,0.007048091881761972,0.009556211829114019,0.013916019259129327,0.013976574202703661,0.007222270479397059,0.015316052584953272,0.008378478676806767,0.0022833349294836395,0.00804829424466584
0.010805775794458149,0.007255885252886705,0.026810904458559055,0.023012493363981833,0.011977490895811262,0.012701121433807938,0.020370997287614448,0.0005236337825272657,0.01573220052484013,0.009942201688375863,0.00018527967612456543,0.014348288620443727,0.011469677257932439,0.0,0.004736020846840744,0.0149312917681509,0.013197993164262217,0.019225144381159364,0.013916019259129327,0.013976574202703661,0.009387280447123753,0.015316052584953272,0.008782260781499063,0.003166571194490345,0.01662120590150359
0.003664567443337981,0.0018928396311878363,0.017955926834019198,0.013716896377273633,0.003990234928007985,0.00467936052824503,0.010179281940602827,2.034328038742841e-05,0.004851087492992078,0.0030517605521916814,0.00018527967612456543,0.007505258663001335,0.0030102563559861635,0.0,0.0007293942972178395,0.006967936158470421,0.0032380968105337527,0.006656784509442966,0.007731121810627405,0.0033380130695754282,0.0025539677364863744,0.005105350022671669,0.002119856050269074,0.001006466721096831,0.002974627863872269
0.002724934765559011,0.0012618930874585574,0.017955926834019198,0.013575369035653343,0.002992676196005989,0.0033424003773178785,0.008654453695751753,2.0131338966934312e-05,0.004715408974453816,0.0026837854282051447,0.00018527967612456543,0.0019866861166768237,0.0026388509069852515,0.0,0.00043566026164098913,0.004479387530445271,0.002182966689776396,0.005335447220333379,0.005411785267439184,0.0033380130695754282,0.0018097455600803228,0.005105350022671669,0.0017160739455767773,0.00048580107979118734,0.000585285773776729
0.003946457246671672,0.0029969960827140743,0.023859245262185743,0.013629064545968211,0.0053203132373439805,0.006684800754635757,0.009933978913121094,2.17252633906762e-05,0.008215120026745364,0.005536253752306174,0.00018527967612456543,0.003090400625941726,0.004681706395716746,0.0,0.0010128869638470876,0.00647022643286539,0.003648622228740221,0.006913537250894841,0.010823570534878367,0.008657293636139544,0.003771785843332639,0.010210702562281602,0.004340657627345737,0.0009698156393740353,0.002907395227409817
0.006295538941119095,0.003943415898307992,0.023859245262185743,0.019844458255404648,0.007315430701347971,0.008021760905562909,0.015224592853534181,0.0003812224689374502,0.010014419909329907,0.006399799113436006,0.00018527967612456543,0.010154173485237101,0.006610765502610116,0.0,0.002190880207259791,0.0099541945121006,0.008393161121759692,0.016851747071675464,0.013142907078066592,0.008657293636139544,0.005091088792416094,0.010210702562281602,0.004643494206499475,0.0017951518148026395,0.0016940111153785084
0.006013649137785405,0.0034702059905110326,0.023859245262185743,0.019825821669350336,0.006982911124013973,0.007353280830099332,0.014620398763443655,0.0003794596895805188,0.009955658695420054,0.006212431164711383,0.00018527967612456543,0.009050458975972198,0.006390464776574632,0.0,0.001633844642000905,0.008958775060890541,0.008169721801391696,0.01632571706148831,0.013142907078066592,0.008657293636139544,0.00458366458123015,0.010210702562281602,0.004340657627345737,0.0016542077987950954,0.0011111045467860077
0.0005637796066673817,0.0,0.0002459715849394813,0.010557349218780583,0.0006650391546679973,0.0,0.004675647107164022,5.074586834095544e-06,0.0010032090404151629,1.1817437177656895e-05,0.00018527967612456543,0.00022074290185298035,0.0005705821902300788,0.0,1.8753547200991016e-05,0.00099541945121006,0.0005683516039005722,0.0,0.0,0.0,0.00032130120726822056,0.0,0.0,2.803599813274527e-05,0.0
0.0023490816944474234,0.0015773663593231968,0.017955926834019198,0.010635955017385852,0.00266015661867199,0.004010880452781454,0.007124222914224683,5.910593304184946e-06,0.004118450813660103,0.002834538783416495,0.00018527967612456543,0.0023178004694562947,0.0022661295514067197,0.0,0.00043566026164098913,0.004479387530445271,0.0022955730141588676,0.004784368178198709,0.007731121810627405,0.0033380130695754282,0.0020127152445547003,0.005105350022671669,0.0019179649979229256,0.00046987273952595483,0.0017487197057775013
0.0012215224811126602,0.00015773663593231967,0.0002459715849394813,0.010602187737703305,0.0013300783093359951,0.0006684800754635757,0.005540307798484952,5.4788097427102e-06,0.0010407412081431466,0.00019305059223542206,0.00018527967612456543,0.0008829716074119217,0.0006760991339318637,0.0,5.626064159022869e-05,0.0024885486280251503,0.001095030000080777,0.002141693599979535,0.0,0.0,0.000524270891742598,0.0,0.0001009455255385596,9.24866255573843e-05,0.0
0.0010335959455568663,0.0009464198155939181,0.017955926834019198,0.008963459809502826,0.0016625978866699933,0.0026739203018543026,0.0048471099600964134,5.6166130070106514e-06,0.003691791365203889,0.0024545481740997797,0.00018527967612456543,0.0011037145092649022,0.0017114886201042966,0.0,0.00021922465651263705,0.0019908389024201204,0.001202316342475038,0.002655199082883287,0.005411785267439184,0.0033380130695754282,0.0012684930681486491,0.005105350022671669,0.0015141828932306288,0.00027662456505970286,0.002326867864001545
0.0015034122844463512,0.0009464198155939181,0.017955926834019198,0.011629414218537906,0.0020019035776914136,0.0026739203018543026,0.006653527974740144,2.0742266771999648e-05,0.004261735269307723,0.0024608196431155807,0.00018527967612456543,0.0012140859601913923,0.002151481449308268,0.0,0.0002501440286920364,0.0024885486280251503,0.0013911757655078265,0.0029244763516185655,0.005411785267439184,0.0033380130695754282,0.0013361496296401083,0.005105350022671669,0.0015141828932306288,0.0002924515930433816,0.0029026368170413596
0.0008456694100010725,0.0009464198155939181,0.017955926834019198,0.006684814253220011,0.0016625978866699933,0.0026739203018543026,0.003609761429452075,1.5192626151439018e-06,0.0032263866311793873,0.0024543459185239714,0.00018527967612456543,0.0011037145092649022,0.001410105176043241,0.0,0.00021922465651263705,0.0019908389024201204,0.0010879366896956184,0.0023859218141480086,0.005411785267439184,0.0033380130695754282,0.0012684930681486491,0.005105350022671669,0.0015141828932306288,0.00027608087299720605,0.0017487197057775013
0.0028188980333369086,0.0012618930874585574,0.017955926834019198,0.014790253021608975,0.0037357556595044063,0.0033424003773178785,0.009974261660201697,7.66026573330449e-05,0.0050045168280771785,0.002676865196606079,0.00018527967612456543,0.0022074290185298043,0.0029603191580791824,0.0,0.00047430947686523834,0.00547480698165533,0.0033613431020952773,0.0037197836305409987,0.005411785267439184,0.0033380130695754282,0.001902035544093671,0.005105350022671669,0.0017160739455767773,0.00045264283156323153,0.003476026564896946
0.0007517061422231756,0.0009464198155939181,0.017955926834019198,0.00471468723043018,0.0013300783093359951,0.0026739203018543026,0.0025991124965034588,4.0581223959625553e-07,0.0028267880060844357,0.002448742713729955,0.00018527967612456543,0.000993343058338412,0.0011639394050269294,0.0,0.0001883052843332377,0.00149312917681509,0.0008990772634602002,0.00211664454541273,0.005411785267439184,0.0033380130695754282,0.00120083650665719,0.005105350022671669,0.0015141828932306288,0.0002621391672661704,0.0011681923423692293
0.019732286233358355,0.006309465437292787,0.023859245262185743,0.028380383709582558,0.01305580438230866,0.011364161282880786,0.027749293384014107,0.015497584435421196,0.013035296698508374,0.00882587923453784,0.0015243709832320291,0.019425375363062276,0.011177511054309497,0.0,0.005670069552740755,0.023392357103436415,0.015155747205273667,0.029175878706604104,0.013142907078066592,0.008657293636139544,0.007797408531472552,0.010210702562281602,0.005854840520576365,0.009175040051755387,0.0038023001251748555
0.019732286233358355,0.006309465437292787,0.023859245262185743,0.028380383709582558,0.01305580438230866,0.011364161282880786,0.027749293384014107,0.015497584435421196,0.013035296698508374,0.00882587923453784,0.0015243709832320291,0.019425375363062276,0.011177511054309497,0.0,0.005670069552740755,0.023392357103436415,0.015155747205273667,0.029175878706604104,0.013142907078066592,0.008657293636139544,0.007797408531472552,0.010210702562281602,0.005854840520576365,0.009175040051755387,0.0038023001251748555
0.019732286233358355,0.006309465437292787,0.023859245262185743,0.028380383709582558,0.01305580438230866,0.011364161282880786,0.027749293384014107,0.015497584435421196,0.013035296698508374,0.00882587923453784,0.0015243709832320291,0.019425375363062276,0.011177511054309497,0.0,0.005670069552740755,0.023392357103436415,0.015155747205273667,0.029175878706604104,0.013142907078066592,0.008657293636139544,0.007797408531472552,0.010210702562281602,0.005854840520576365,0.009175040051755387,0.0038023001251748555
0.01447034323779613,0.003154732718646393,0.017955926834019198,0.025340221414229445,0.009237258138097856,0.007353280830099332,0.022816136301603916,0.010767853210040501,0.007287694783086875,0.0045150269666595425,0.0005376719641709387,0.01589348893341459,0.006088240111643938,0.0,0.00277780270346583,0.019908389024201202,0.011839623964490021,0.022224767873859054,0.007731121810627405,0.0033380130695754282,0.004549296646040471,0.005105350022671669,0.0029274202609226975,0.005593114417183851,0.00027935902734465927
0.0011275592133347635,0.0009464198155939181,0.017955926834019198,0.00829457243874202,0.0013300783093359951,0.0026739203018543026,0.004703983136976383,8.84120939164121e-06,0.0036310091897851357,0.0024491632565537217,0.00018527967612456543,0.000993343058338412,0.0016766269337741913,0.0,0.0001883052843332377,0.00149312917681509,0.0008990772634602002,0.00211664454541273,0.005411785267439184,0.0033380130695754282,0.00120083650665719,0.005105350022671669,0.0015141828932306288,0.00026324872937451076,0.0011681923423692293
0.0018792653555579387,0.0009464198155939181,0.017955926834019198,0.01086291542180952,0.002992676196005989,0.0026739203018543026,0.006956221793268153,3.266077923250281e-05,0.004243993634420203,0.0024795670057100637,0.00018527967612456543,0.001545200312970863,0.002225209184515558,0.0,0.00034290214523023454,0.00398167780484024,0.0020721336937908705,0.0023859218141480086,0.005411785267439184,0.0033380130695754282,0.001539119314114486,0.005105350022671669,0.0015141828932306288,0.000349371957134532,0.0017487197057775013
0.0003758530711115877,0.0006309465437292787,0.017955926834019198,0.006094163639756465,0.0009975587320019963,0.002005440226390727,0.002764642116216121,2.382829738093396e-06,0.0031153090698254377,0.002273722675963969,0.00018527967612456543,0.0004414858037059607,0.0012042577843385447,0.0,0.00011100685388473926,0.0004977097256050301,0.0005612582935154138,0.0013213372891095877,0.005411785267439184,0.0033380130695754282,0.000862553699199894,0.005105350022671669,0.00131229184088448,0.00017961838172838554,0.000585285773776729
0.005919685870007507,0.0022083129030524757,0.017955926834019198,0.013900494428006602,0.0053203132373439805,0.005347840603708605,0.011874429023321384,0.0001205848658556056,0.005065950064993511,0.003322468852878309,0.00018527967612456543,0.0040837436842801386,0.0034231467027621074,0.0,0.0007757733554869386,0.009456484786495571,0.004028114406405374,0.009606309915628336,0.005411785267439184,0.0033380130695754282,0.0030952202284180476,0.005105350022671669,0.0023217471026152226,0.0008491386621637489,0.002326867864001545
0.0,0.0,0.0002459715849394813,0.004188249804559671,0.0,0.0,0.0013445921742592916,5.959807443308782e-07,0.0003742628682565749,3.20633436553768e-11,0.00018527967612456543,0.0,0.0001640843139036615,0.0,0.0,0.0,0.0,0.0,0.0,0.0,0.0002536446457767613,0.0,0.0,4.9626720041115815e-08,0.0
0.0024430449622253204,0.0012618930874585574,0.017955926834019198,0.011840321326063314,0.002992676196005989,0.0033424003773178785,0.007850836580663538,4.112731992227967e-05,0.0044151560989022145,0.0026606877680582963,0.00018527967612456543,0.00507708674261855,0.002443112287703699,0.0,0.00039701104641673993,0.004479387530445271,0.0028311180523238086,0.005604724489068656,0.007731121810627405,0.0033380130695754282,0.0018097455600803228,0.005105350022671669,0.0017160739455767773,0.0007709687360284171,0.00022014450423607778
0.0023490816944474234,0.0009464198155939181,0.017955926834019198,0.01102381743210012,0.003325195773339987,0.0026739203018543026,0.007497128770903245,4.1362228553490506e-05,0.004339806900686547,0.0024860036437001063,0.00018527967612456543,0.004414858037059609,0.0023569589738809283,0.0,0.0003738215174096339,0.004479387530445271,0.002947271030297545,0.005078694478881503,0.007731121810627405,0.0033380130695754282,0.0016067758756059451,0.005105350022671669,0.0015141828932306288,0.0006972590500904127,0.00014703519778580336
0.0012215224811126602,0.00015773663593231967,0.0002459715849394813,0.011480321530103496,0.0016625978866699933,0.0006684800754635757,0.006024283017136431,3.068734461887748e-05,0.0011200408508677956,0.00019918198718778206,0.00018527967612456543,0.000993343058338412,0.00073515997215329,0.0,7.032580199415804e-05,0.0029862583536301806,0.0013601425281691414,0.002141693599979535,0.0,0.0,0.0005580991724883276,0.0,0.0001009455255385596,0.00015030226241176953,0.0
0.006013649137785405,0.0022083129030524757,0.017955926834019198,0.013900494428006602,0.0053203132373439805,0.005347840603708605,0.011914264091957,0.00012278062306896896,0.005068732623790061,0.0033227909790480613,0.00018527967612456543,0.009271201877825179,0.0034328494100564224,0.0,0.0007757733554869386,0.009456484786495571,0.0044093799124674754,0.009606309915628336,0.007731121810627405,0.0033380130695754282,0.0030952202284180476,0.005105350022671669,0.0023217471026152226,0.0012495651235535326,0.0005409253048405925
0.0049800531922285386,0.0015773663593231968,0.017955926834019198,0.02156123842024838,0.004332255064694384,0.004010880452781454,0.014514971491110834,0.0008046564387593901,0.006189288982123116,0.0028800883337057274,0.00018527967612456543,0.006843029957442394,0.00406630888454319,0.0,0.0007139346111281398,0.006967936158470421,0.004459919758969949,0.00640003176799109,0.007731121810627405,0.0033380130695754282,0.0023509980520119962,0.005105350022671669,0.0019179649979229256,0.0011117674359355269,0.000589202928585836
0.0026309714977811142,0.0009464198155939181,0.017955926834019198,0.02021091627425456,0.003990234928007985,0.0026739203018543026,0.011950330892097988,0.00038535996601364976,0.005799274034230759,0.00249886949523469,0.00018527967612456543,0.00485634384076557,0.0034416342720779308,0.0,0.00043566026164098913,0.00547480698165533,0.003896888140260218,0.005078694478881503,0.007731121810627405,0.0033380130695754282,0.0017420889985888637,0.005105350022671669,0.0015141828932306288,0.0007988313415715373,0.0004014436615163418
0.007892914493343344,0.0025237861749171147,0.017955926834019198,0.02019191064689226,0.00499457977179729,0.006016320679172181,0.015378629326030593,0.0007224029564622509,0.006040263249139686,0.003552797600224956,0.00018527967612456543,0.00993343058338412,0.004276671742175099,0.0,0.0010849670771534887,0.009456484786495571,0.006237681015730718,0.015517885255282476,0.007731121810627405,0.0033380130695754282,0.0032981899128924253,0.005105350022671669,0.0025236381549613713,0.001459229982968102,0.00045329059799324576
0.002912861301114805,0.0009464198155939181,0.017955926834019198,0.019049543277959793,0.0026696571780243897,0.0026739203018543026,0.011208481669416511,0.0007119751997149501,0.0056206242290722346,0.00248650366442919,0.00018527967612456543,0.0014348288620443727,0.0032609405817425937,0.0,0.0003119827730508352,0.0034839680792352105,0.002798311483385547,0.003193753620353844,0.005411785267439184,0.0033380130695754282,0.0014714627526230266,0.005105350022671669,0.0015141828932306288,0.0005056850370172917,0.000585285773776729
0.008362730832232828,0.003943415898307992,0.023859245262185743,0.023971631723489324,0.010161526838095465,0.008021760905562909,0.019631106929417094,0.002641896227785183,0.011368099006982454,0.006035208086622271,0.00018527967612456543,0.012140859601913924,0.008217464883048923,0.0,0.0025196225079011756,0.014433582042545872,0.008801913211569215,0.01604391526546963,0.010823570534878367,0.008657293636139544,0.00592844427699004,0.010210702562281602,0.004946330784384183,0.002672627880849974,0.002470345579437418
0.0004698163388894847,0.0,0.0002459715849394813,0.015072385101579537,0.0003325195773339986,0.0,0.006610030937598833,0.00017965230585229378,0.0013682085930860892,6.026526440953275e-06,0.00018527967612456543,0.00011037145092649011,0.0008066404168221586,0.0,9.376773594123333e-06,0.0004977097256050301,0.00026511252808836467,0.0,0.0,0.0,0.0002874729265224909,0.0,0.0,3.4342716709686754e-05,0.0
0.009584253313345488,0.0028392594467817546,0.017955926834019198,0.022883328906179747,0.006666678217819682,0.006684800754635757,0.018761010985147923,0.0012918002568146148,0.0066824307616000144,0.003766189726720211,0.00018527967612456543,0.011920116700060941,0.005100525170573686,0.0,0.0015951367173489168,0.012442743140125752,0.007902835948109014,0.01631319253420491,0.007731121810627405,0.0033380130695754282,0.003907098966315557,0.005105350022671669,0.00272552920730752,0.0017916691637835287,0.0015324409951810694
0.015503939183352996,0.01514271704950269,0.030605894864016152,0.02407311808319097,0.0240160568214597,0.026070722943079452,0.022719592624179274,0.002477044203817096,0.030317065296520354,0.021537534943638265,0.00018527967612456543,0.016997203442679493,0.02232655017210683,0.0,0.00964974345948994,0.017917550121781083,0.02155125440669849,0.022932403484416962,0.03015137506144688,0.02993441590239601,0.01918221399659193,0.030632107686844805,0.02422692629042103,0.006872291033786664,0.0041133435117050796
0.009302363510011798,0.006624938709157426,0.026810904458559055,0.022113693258333306,0.01149160514743146,0.012032641358344361,0.01886097500266169,0.0026893969211207055,0.015201383621334951,0.009316741347206439,0.00018527967612456543,0.006070429800956963,0.010737051101824173,0.0,0.0033464767554837634,0.013935872316940842,0.0079090425942957,0.009812964570565895,0.016235355802317553,0.013976574202703661,0.008609370703441694,0.015316052584953272,0.008782260781499063,0.0028259427437897157,0.0052104710395690776
0.007141208351120168,0.0018928396311878363,0.017955926834019198,0.02435764893166356,0.00816640937409147,0.00467936052824503,0.018748757775994287,0.0024414960144139375,0.006910452519763663,0.0031606759385974467,0.00018527967612456543,0.010154173485237101,0.005097540632468987,0.0,0.0013245922107791726,0.012940452865730782,0.007677623299344069,0.01446582523490817,0.007731121810627405,0.0033380130695754282,0.003315174410676716,0.005105350022671669,0.002119856050269074,0.0018376911116255315,0.0016603769073017397
0.0010335959455568663,0.0009464198155939181,0.017955926834019198,0.004494923131512629,0.0016625978866699933,0.0026739203018543026,0.0032522351330582554,9.864233265154902e-07,0.002955645174537111,0.0024545499197707477,0.00018527967612456543,0.0011037145092649022,0.0013230217853962872,0.0,0.00021922465651263705,0.0019908389024201204,0.0010879366896956184,0.0023859218141480086,0.005411785267439184,0.0033380130695754282,0.0012684930681486491,0.005105350022671669,0.0015141828932306288,0.0002760106712702459,0.0017487197057775013
0.0014094490166684543,0.0009464198155939181,0.017955926834019198,0.006422610403881775,0.002327637041337991,0.0026739203018543026,0.004595810152611035,3.6598066539442444e-06,0.0033957657540721114,0.002466567008268138,0.00018527967612456543,0.0013244574111178824,0.001650279025294856,0.0,0.00028106340087143583,0.0029862583536301806,0.0016181617426697175,0.002655199082883287,0.005411785267439184,0.0033380130695754282,0.0014038061911315675,0.005105350022671669,0.0015141828932306288,0.00031775950853581126,0.002326867864001545
0.0007517061422231756,0.0009464198155939181,0.017955926834019198,0.002808773395233382,0.0013300783093359951,0.0026739203018543026,0.0022573898166196034,2.634155331524559e-07,0.002583285009440944,0.00244874491541293,0.00018527967612456543,0.000993343058338412,0.0010807053325134234,0.0,0.0001883052843332377,0.00149312917681509,0.0008990772634602002,0.00211664454541273,0.005411785267439184,0.0033380130695754282,0.00120083650665719,0.005105350022671669,0.0015141828932306288,0.0002621203308033883,0.0011681923423692293
0.0032887143722263932,0.0015773663593231968,0.017955926834019198,0.008647560449849725,0.003325195773339987,0.004010880452781454,0.0073581421686035944,1.3524223656784878e-05,0.003962569975537356,0.0028588143973938144,0.00018527967612456543,0.002538543371309275,0.0023231057298077405,0.0,0.0005747974364482862,0.00547480698165533,0.002635165312500602,0.005861477230520533,0.005411785267439184,0.0033380130695754282,0.0021480283675376186,0.005105350022671669,0.0019179649979229256,0.0005814759286294704,0.0029026368170413596
0.0003758530711115877,0.0006309465437292787,0.017955926834019198,0.001321536923969352,0.0009975587320019963,0.002005440226390727,0.000993734416556886,6.672434057427849e-08,0.0022383713151912666,0.0022737182013461434,0.00018527967612456543,0.0004414858037059607,0.000772914272682937,0.0,0.00011100685388473926,0.0004977097256050301,0.0005612582935154138,0.0013213372891095877,0.005411785267439184,0.0033380130695754282,0.000862553699199894,0.005105350022671669,0.00131229184088448,0.0001793298534201493,0.000585285773776729
0.0006577428744452786,0.00015773663593231967,0.0002459715849394813,0.010840219381367151,0.0003325195773339986,0.0006684800754635757,0.004678618429806567,5.340476395186407e-05,0.0009707582449504487,0.00017532958797958622,0.00018527967612456543,0.000551857254632451,0.0005709447882907828,0.0,2.813032079511435e-05,0.00099541945121006,0.0006809579282830444,0.002141693599979535,0.0,0.0,0.0004227860495054093,0.0,0.0001009455255385596,6.009990507965004e-05,0.0
0.001597375552224248,0.0015773663593231968,0.023859245262185743,0.013914148956402823,0.003325195773339987,0.00467936052824503,0.007210134054231724,0.0002116632691985457,0.007835655321431767,0.004921650333834568,0.00018527967612456543,0.0011037145092649022,0.0036885404227399647,0.0,0.000446719668666208,0.0019908389024201204,0.002411725995335235,0.003989060899276277,0.008504233991690145,0.008657293636139544,0.0019450586830632411,0.010210702562281602,0.0034321478911535546,0.0005041724723333437,0.0011693820170978174
0.004134383782227465,0.0018928396311878363,0.017955926834019198,0.017598103813572342,0.003999735487360385,0.00467936052824503,0.012150097248262383,0.0007320275957852088,0.005461562942455286,0.0030536576797094888,0.00018527967612456543,0.0032007720768682164,0.0034902917620863055,0.0,0.0007293942972178395,0.006967936158470421,0.002933084406324598,0.006387507240707688,0.007731121810627405,0.0033380130695754282,0.0025539677364863744,0.005105350022671669,0.002119856050269074,0.0007133507285884752,0.0017487197057775013
0.0006577428744452786,0.00015773663593231967,0.0002459715849394813,0.010840219381367151,0.0003325195773339986,0.0006684800754635757,0.004678618429806567,5.340476395186407e-05,0.0009707582449504487,0.00017532958797958622,0.00018527967612456543,0.000551857254632451,0.0005709447882907828,0.0,2.813032079511435e-05,0.00099541945121006,0.0006809579282830444,0.002141693599979535,0.0,0.0,0.0004227860495054093,0.0,0.0001009455255385596,6.009990507965004e-05,0.0
0.004698163388894848,0.00536304562169887,0.026810904458559055,0.010885795982905892,0.006982911124013973,0.01069568120741721,0.009343312750542067,8.598999943487737e-05,0.010795645040071952,0.008773424087784917,0.00018527967612456543,0.008608973172266237,0.006119312439616318,0.0,0.001718725106955703,0.00647022643286539,0.005537216481486516,0.009299459087662143,0.013916019259129327,0.013976574202703661,0.005869139249567874,0.015316052584953272,0.007974696572114469,0.002092734069098213,0.0017831572256283156
0.001691338820002145,0.00031547327186463934,0.0002459715849394813,0.00829457243874202,0.001995117464003992,0.0013369601509271513,0.0053060926247540646,2.169715152475891e-05,0.0008741721712310091,0.00038568813378186354,0.00018527967612456543,0.001545200312970863,0.0006475172061712273,0.0,0.00012189805681281382,0.00398167780484024,0.0017360880490404015,0.00428338722257836,0.0,0.0,0.0007272405762169757,0.0,0.00020189105234614857,0.0002139145048593016,0.0
0.002912861301114805,0.0015773663593231968,0.017955926834019198,0.010562884838400672,0.003325195773339987,0.004010880452781454,0.007642798927123421,3.083405916093603e-05,0.004190395075370051,0.00285856666174542,0.00018527967612456543,0.006180801251883452,0.0023924401433639553,0.0,0.0005284183781791872,0.00547480698165533,0.0030164308185627025,0.00640003176799109,0.007731121810627405,0.0033380130695754282,0.0021480283675376186,0.005105350022671669,0.0019179649979229256,0.0008980242663141337,0.0003579613820142238
0.0034766409077821867,0.0029969960827140743,0.023859245262185743,0.013007598983286177,0.004702776879437982,0.006684800754635757,0.00945306326289629,0.00025729930063039753,0.008058374760309397,0.005523705513134981,0.00018527967612456543,0.006843029957442394,0.004506355343870718,0.0,0.0008485158136538393,0.00547480698165533,0.0038046750860373777,0.007452091788365399,0.010823570534878367,0.008657293636139544,0.003568816158858262,0.010210702562281602,0.004340657627345737,0.0013701124146076884,0.0024467262223137995
0.0034766409077821867,0.0029969960827140743,0.023859245262185743,0.010434273942560595,0.004655274082675982,0.006684800754635757,0.007789684539722644,3.0899010432842975e-05,0.007231804012111878,0.005523673624357785,0.00018527967612456543,0.006843029957442394,0.0038998556228629798,0.0,0.0008485158136538393,0.00547480698165533,0.0038046750860373777,0.007452091788365399,0.010823570534878367,0.008657293636139544,0.003568816158858262,0.010210702562281602,0.004340657627345737,0.0013175453337504483,0.0009945191645703761
0.0020671918911137326,0.0009464198155939181,0.017955926834019198,0.01171337111610926,0.003325195773339987,0.0026739203018543026,0.007357211662921814,3.620213938733867e-05,0.004368448303993843,0.002485016748213099,0.00018527967612456543,0.004414858037059609,0.0023228790848709305,0.0,0.0003738215174096339,0.004479387530445271,0.0027947648265916523,0.005078694478881503,0.007731121810627405,0.0033380130695754282,0.0016067758756059451,0.005105350022671669,0.0015141828932306288,0.0006963152813312156,0.0006031786490513149
0.0010335959455568663,0.00015773663593231967,0.0002459715849394813,0.0100820240140689,0.0013300783093359951,0.0006684800754635757,0.005326749262844743,6.493062897795382e-05,0.0010040482547530882,0.00019284541533268833,0.00018527967612456543,0.0008829716074119217,0.0006500379925338053,0.0,5.626064159022869e-05,0.0024885486280251503,0.0011712831019337231,0.002141693599979535,0.0,0.0,0.000524270891742598,0.0,0.0001009455255385596,0.00014458522612530232,0.0
0.0026309714977811142,0.0012618930874585574,0.017955926834019198,0.01603023181650901,0.0030747881733338782,0.0033424003773178785,0.01067781585577101,0.0008686184669663446,0.005275802422591381,0.002662208108529517,0.00018527967612456543,0.00507708674261855,0.0031316852538542553,0.0,0.00039701104641673993,0.004479387530445271,0.0027548649504708623,0.005604724489068656,0.007731121810627405,0.0033380130695754282,0.0017109839864560888,0.005105350022671669,0.0017160739455767773,0.0009316436086259012,0.002876062028579501
0.002255118426669527,0.0012618930874585574,0.017955926834019198,0.011379757773671874,0.002992676196005989,0.0033424003773178785,0.007283880364769417,2.8660442338703575e-05,0.004265226773202158,0.0026596228339538694,0.00018527967612456543,0.00507708674261855,0.0023050176353599213,0.0,0.00039701104641673993,0.004479387530445271,0.002716738399544389,0.005604724489068656,0.007731121810627405,0.0033380130695754282,0.0018097455600803228,0.005105350022671669,0.0017160739455767773,0.0007686321044030943,0.0008746863425699046
0.0010335959455568663,0.00015773663593231967,0.0002459715849394813,0.007911692081685838,0.0013300783093359951,0.0006684800754635757,0.00417972030620518,7.793904582957782e-06,0.0007823403998525393,0.00019284515526333954,0.00018527967612456543,0.0008829716074119217,0.0005100628665707915,0.0,5.626064159022869e-05,0.0024885486280251503,0.0011712831019337231,0.002141693599979535,0.0,0.0,0.000524270891742598,0.0,0.0001009455255385596,0.0001387333357224554,0.0
0.0015034122844463512,0.00015773663593231967,0.0002459715849394813,0.013079192997039331,0.0016625978866699933,0.0006684800754635757,0.006930766251577796,7.53514036931968e-05,0.0012698095153237166,0.000199499496235955,0.00018527967612456543,0.000993343058338412,0.0008457806369229005,0.0,7.032580199415804e-05,0.0029862583536301806,0.0013982690790956148,0.002141693599979535,0.0,0.0,0.0005580991724883276,0.0,0.0001009455255385596,0.0001549398892319963,0.0
0.015190884272916627,0.006782675345089746,0.021449727537126335,0.0240504220427486,0.017345306929917242,0.012032641358344361,0.026216519464657966,0.009777741349483905,0.012263067761123935,0.010567572188054571,0.004722059109946383,0.02074983277418016,0.010618632342426968,0.01189659176468735,0.006302007300986166,0.024885486280251504,0.015630112426554453,0.028624799664469434,0.013142907078066592,0.008657293636139544,0.004357170805044378,0.010210702562281602,0.006157677099730104,0.006477178063836905,0.000585285773776729
0.004510236853339053,0.00015773663593231967,0.0002459715849394813,0.01909438179688252,0.0034473458220886967,0.0006684800754635757,0.013135452608500795,0.0024676768891230085,0.002011139019583662,0.00034179508986188143,0.010052268641672978,0.0017659432148238432,0.0016029557294967747,0.0,0.00016878192478343045,0.00647022643286539,0.00416909397873374,0.002141693599979535,0.0,0.0,0.0005170127492744779,0.0,0.0001009455255385596,0.000535345705390836,0.0
0.04277011027610689,0.03943415898307992,0.02827447747488662,0.027937349619321403,0.039644476956157644,0.04077728460327811,0.04210589417833073,0.022899424216167023,0.03647595948090315,0.03719573088738593,0.016562445807351354,0.04348635166503715,0.038686978068526924,0.005098539337920228,0.03783100607088768,0.0447938753044527,0.038905041589919975,0.04231410441138027,0.0324707116046351,0.02993441590239601,0.031344886137932584,0.030632107686844805,0.03553282522941952,0.02758595468388407,0.028984919129566588
0.030794011786460476,0.02508012511323883,0.02982239181537383,0.027164577120356918,0.03356411897062166,0.032087043622251635,0.03361274129982089,0.013375711085294392,0.034504355707673406,0.027569356058074524,0.004722059109946383,0.030462520455711302,0.03151946264874955,0.0016995131245366678,0.021367952220348273,0.034839680792352105,0.02896819849894656,0.034937159764096,0.0324707116046351,0.02993441590239601,0.027031423941617432,0.030632107686844805,0.02917325708495745,0.015852760884572284,0.020032154402142392
0.01812769480017409,0.00977967142780382,0.025333819879813584,0.023669571412886444,0.01903776372080212,0.01537504173566224,0.026750062463554873,0.010036292978619611,0.017127835712971436,0.013761096876815314,0.0025372256989963783,0.021412061479739102,0.014564644808868332,0.005948295900188562,0.007825803791869384,0.024885486280251504,0.01752225333609464,0.029676859684843744,0.018554692345505774,0.013976574202703661,0.008407142195245323,0.015316052584953272,0.009993607096844983,0.007927192939044963,0.008734810430810562
0.023433819474586715,0.01861292304001372,0.028907937851048674,0.023153282622986104,0.02513033670850531,0.02540224286761587,0.028276308917521992,0.011524539110641297,0.02679714317003893,0.02206404372870776,0.0025372256989963783,0.02494394790938679,0.023128237158622788,0.00237931836721338,0.011323949391636381,0.026876325182671627,0.021742773822326696,0.032833039723347376,0.02705892633719592,0.024615135335831897,0.018041831002913917,0.025526755147234872,0.02129950603203639,0.012107405555149657,0.011458212636456463
0.03749134384338088,0.035017533176974966,0.031238393270828987,0.026566176639425253,0.03660769101690817,0.04077728460327811,0.035457142153355464,0.01379560479738761,0.03959094737059163,0.0321286834940074,0.0010310214737014839,0.03487737849277091,0.037799595600975566,0.0,0.03184545749061484,0.03732822942037725,0.035980823831985365,0.03540056716048543,0.03556316032888606,0.03525369646896013,0.040120383433000194,0.035737460226454736,0.039873482863110404,0.019855047550697585,0.016140495941211332
0.024262492733541502,0.01466950714170573,0.027046234025129637,0.027410912193450897,0.026034925683844693,0.020722882339370845,0.030383542538738876,0.020476690419354775,0.023324637463273325,0.019510659633177954,0.005497322449914027,0.024723205007533812,0.020500037301489395,0.0035689775329751823,0.015728430777727103,0.027871744633881687,0.0279121817107881,0.03258881150917891,0.021647141069756737,0.019295854769267776,0.013647012738597152,0.020421405124563204,0.0146371013008064,0.01526751423546002,0.01060253944860178
0.013844331805861079,0.006309465437292787,0.020922846309211634,0.024518550941954164,0.01602540779538763,0.011364161282880786,0.025671384695498334,0.011750290255595151,0.012253103205204905,0.01011155750480364,0.005497322449914027,0.019866861166768238,0.01041986577118588,0.01189659176468735,0.006326214653321008,0.024387776554646474,0.015827838491571974,0.028637324191752838,0.013142907078066592,0.008657293636139544,0.004106481313167549,0.010210702562281602,0.005854840520576365,0.007375566402447824,0.003954070938203344
0.009020473706678106,0.0007886831796615984,0.0002459715849394813,0.021551089784278214,0.006148219122410183,0.0033424003773178785,0.01777552118357043,0.0033757452795572618,0.0023235955837354523,0.00120934956962263,0.0004671935065616641,0.004414858037059609,0.0021691961720516025,0.0,0.000628243831048406,0.012442743140125752,0.006733326174572239,0.013939795247340304,0.0,0.0,0.001412499139153984,0.0,0.0005047276302308566,0.0010690124359899924,0.0
0.009020473706678106,0.0007886831796615984,0.0002459715849394813,0.021551089784278214,0.006148219122410183,0.0033424003773178785,0.01777552118357043,0.0033757452795572618,0.0023235955837354523,0.00120934956962263,0.0004671935065616641,0.004414858037059609,0.0021691961720516025,0.0,0.000628243831048406,0.012442743140125752,0.006733326174572239,0.013939795247340304,0.0,0.0,0.001412499139153984,0.0,0.0005047276302308566,0.0010690124359899924,0.0
0.009020473706678106,0.0007886831796615984,0.0002459715849394813,0.021551089784278214,0.006148219122410183,0.0033424003773178785,0.01777552118357043,0.0033757452795572618,0.0023235955837354523,0.00120934956962263,0.0004671935065616641,0.004414858037059609,0.0021691961720516025,0.0,0.000628243831048406,0.012442743140125752,0.006733326174572239,0.013939795247340304,0.0,0.0,0.001412499139153984,0.0,0.0005047276302308566,0.0010690124359899924,0.0
0.0185107637522457,0.01482724377763805,0.029762563654932375,0.023514574063523943,0.018817893629539235,0.022728322565761568,0.024612486419064147,0.005261895856787742,0.026180721528533138,0.017840171640073177,0.0004671935065616641,0.018542403755650357,0.020472613868583733,0.0,0.00858058594349289,0.01841525984738611,0.016118664275010814,0.021304215367341176,0.02705892633719592,0.024615135335831897,0.016814003337827302,0.025526755147234872,0.020088159723035615,0.0074425837571439135,0.01040419069142755
0.025088192496698487,0.013565350690179492,0.026810904458559055,0.0263283295164154,0.017474243096628626,0.019385922188443695,0.03058841355393746,0.004932570859697237,0.01790792155281989,0.012269529505687004,0.0004671935065616641,0.027592862731622557,0.016426919579753205,0.0,0.009698678312331574,0.029862583536301807,0.017135667844841697,0.025831830804088015,0.020874028888693996,0.013976574202703661,0.016728960880291008,0.015316052584953272,0.013223863938190446,0.007277589143147345,0.017494216080964502
0.0049800531922285386,0.00031547327186463934,0.0002459715849394813,0.018791398883009628,0.0038036167992287796,0.0013369601509271513,0.013787981648912047,0.002532925540474315,0.002030318242529093,0.000531459853503908,0.0026520269175116687,0.0023178004694562947,0.0016825856579527683,0.0,0.00025317288715602916,0.00746564588407545,0.004621292601457947,0.00428338722257836,0.0,0.0,0.0007264247035769402,0.0,0.00020189105234614857,0.0006294683546122131,0.0
0.008080841028899137,0.0018928396311878363,0.017955926834019198,0.021250321118253358,0.007485083548283766,0.00467936052824503,0.018538892005896406,0.0028104474425801507,0.006725916256729856,0.003234975820442604,0.0026520269175116687,0.010154173485237101,0.005046423210266297,0.0,0.0013787011131126698,0.012940452865730782,0.007563243646564651,0.010426666249117573,0.007731121810627405,0.0033380130695754282,0.0028906187989342254,0.005105350022671669,0.002119856050269074,0.001933229405047174,0.007977196535928483
0.00770498795778755,0.0022083129030524757,0.017955926834019198,0.01843195264901182,0.0064875248162817685,0.005347840603708605,0.01609429859042256,0.00312190330665113,0.006079227293079377,0.00346538504678343,0.000678628879389488,0.004635600938912589,0.004450988728202486,0.0,0.0010849670771534887,0.01194503341452072,0.006383093905848822,0.009606309915628336,0.005411785267439184,0.0033380130695754282,0.0030364013702217094,0.005105350022671669,0.0023217471026152226,0.0015458218444622145,0.0017487197057775013
0.007798951225565447,0.0022083129030524757,0.017955926834019198,0.018449297590488103,0.0064875248162817685,0.005347840603708605,0.016173035097674964,0.0031225828604818174,0.006092142702627944,0.0034654863562636196,0.000678628879389488,0.01037491638709008,0.00447016673649498,0.0,0.0010849670771534887,0.01194503341452072,0.006802485962837397,0.009606309915628336,0.007731121810627405,0.0033380130695754282,0.0030364013702217094,0.005105350022671669,0.0023217471026152226,0.002081480036401912,0.001290061721302608
0.0092084002422339,0.003943415898307992,0.023859245262185743,0.018536575859831508,0.009005173044667759,0.008021760905562909,0.017168427106147206,0.0033601947323940134,0.010268165296056338,0.0061836746306796345,0.000678628879389488,0.011699373798207962,0.007319524681214742,0.0,0.001798215792321597,0.01343816259133581,0.008347941260448062,0.012004756279679035,0.010823570534878367,0.008657293636139544,0.005113849784417294,0.010210702562281602,0.004946330784384183,0.0028660318300626954,0.004882140002780812
0.010335959455568663,0.00488983571390191,0.023859245262185743,0.021460490143162755,0.010029197617865566,0.00935872105649006,0.02018019694748543,0.0010996577662533097,0.011173415142042417,0.006455859437683239,0.00018527967612456543,0.013906802816737767,0.008417673616211239,0.0,0.0026839936569474313,0.015429001493755931,0.007536643727015703,0.012787539031318067,0.013142907078066592,0.008657293636139544,0.006701260009312973,0.010210702562281602,0.005552003942691659,0.0026383187938706617,0.014218418871117987
0.009960106384457077,0.0009464198155939181,0.0002459715849394813,0.021081669240494632,0.007841354523998765,0.004010880452781454,0.018409144877232393,0.0034817383139331254,0.0022930174375114043,0.0014139106922667175,0.00018527967612456543,0.005408201095398021,0.0022465190296177377,0.0,0.0009470541334015316,0.015429001493755931,0.007674076642550176,0.020120647833110433,0.0,0.0,0.0018523807306168075,0.0,0.0006056731570384455,0.001247380855135627,0.0
0.01503412284446351,0.006309465437292787,0.023859245262185743,0.021180756831694233,0.01149906987467275,0.011364161282880786,0.02153031297866002,0.004470606178488463,0.01103226487057469,0.007820206630152598,0.00018527967612456543,0.017438689246385454,0.008909951759393431,0.0,0.004126807086832152,0.018912969572991142,0.010601841066886563,0.02432888791460767,0.013142907078066592,0.008657293636139544,0.008263539572494342,0.010210702562281602,0.006157677099730104,0.0040302270383714995,0.0017415820902248159
0.01503412284446351,0.006309465437292787,0.023859245262185743,0.021180756831694233,0.01149906987467275,0.011364161282880786,0.02153031297866002,0.004470606178488463,0.01103226487057469,0.007820206630152598,0.00018527967612456543,0.017438689246385454,0.008909951759393431,0.0,0.004126807086832152,0.018912969572991142,0.010601841066886563,0.02432888791460767,0.013142907078066592,0.008657293636139544,0.008263539572494342,0.010210702562281602,0.006157677099730104,0.0040302270383714995,0.0017415820902248159
0.01653753512890986,0.005836255529495828,0.023859245262185743,0.02571350669727747,0.01395971474694434,0.01069568120741721,0.025664593296157865,0.0051235141862526,0.012368729317879123,0.007266694705721876,0.0026520269175116687,0.019204632461209296,0.010417389497737163,0.0,0.005122165719188072,0.024387776554646474,0.013182033211892322,0.02461068971062635,0.013142907078066592,0.008657293636139544,0.008332074305328912,0.010210702562281602,0.006157677099730104,0.0046161570694075145,0.0075032352313213055
0.021517588321138405,0.018455186404081402,0.030605894864016152,0.022217578386536985,0.0244673333906987,0.028076163169470175,0.02415154940347358,0.006262483613365304,0.029951727356998203,0.02307729078516905,0.00018527967612456543,0.019866861166768238,0.023535002724385173,0.0,0.01103071859846007,0.019908389024201202,0.023172962802959468,0.028011097985917752,0.0324707116046351,0.02993441590239601,0.021999220829618454,0.030632107686844805,0.025640163665727276,0.008922850058619133,0.005524043819422319
0.01390656363112875,0.00536304562169887,0.023859245262185743,0.021170792716378072,0.012496628606674748,0.010027201131953635,0.020532262298837943,0.004472199551699148,0.010977674816875695,0.007417551978232087,0.00018527967612456543,0.01545200312970863,0.008546043376095927,0.0,0.004464681117905304,0.017419840396176053,0.011823664012120127,0.02327682789423336,0.010823570534878367,0.008657293636139544,0.007350175992359643,0.010210702562281602,0.005552003942691659,0.003850682111995092,0.001498159290114014
0.009960106384457077,0.0009464198155939181,0.0002459715849394813,0.021081669240494632,0.007841354523998765,0.004010880452781454,0.018409144877232393,0.0034817383139331254,0.0022930174375114043,0.0014139106922667175,0.00018527967612456543,0.005408201095398021,0.0022465190296177377,0.0,0.0009470541334015316,0.015429001493755931,0.007674076642550176,0.020120647833110433,0.0,0.0,0.0018523807306168075,0.0,0.0006056731570384455,0.001247380855135627,0.0
0.0052619429955622285,0.0012618930874585574,0.017955926834019198,0.01972359722703269,0.004824926929611776,0.0033424003773178785,0.014663284122340742,0.0031845856018769478,0.006135308103049542,0.0028031142976945394,0.010052268641672978,0.006622287055589413,0.004102433687824391,0.0,0.00070620476808329,0.007963355609680482,0.005754449152465197,0.005874001757803934,0.007731121810627405,0.0033380130695754282,0.0017092755825030806,0.005105350022671669,0.0017160739455767773,0.0016153949677916468,0.0034049945003508937
0.006953281815564373,0.0022083129030524757,0.017955926834019198,0.01943851281659808,0.006059999645423771,0.005347840603708605,0.016250941262143895,0.0015534816736891138,0.006229253150759655,0.0033415798779237787,0.00018527967612456543,0.009712687681531138,0.004489142496095701,0.0,0.0011468058215122873,0.010451904237705631,0.0057783890794187226,0.010952696259304725,0.007731121810627405,0.0033380130695754282,0.0031875102124313956,0.005105350022671669,0.0023217471026152226,0.0015962513994558245,0.0012016301949638723
0.0049800531922285386,0.0006309465437292787,0.0002459715849394813,0.018667954565481627,0.004397401758753778,0.0026739203018543026,0.013923732737975746,0.0013280054921819583,0.001984684541615593,0.0008361529834566506,0.00018527967612456543,0.0032007720768682164,0.0016991517405323888,0.0,0.00036569417036197524,0.00846106533528551,0.003966047928525375,0.008028219885066874,0.0,0.0,0.0012131532179181345,0.0,0.00040378210469229703,0.0005654650276294288,0.0
0.0049800531922285386,0.0006309465437292787,0.0002459715849394813,0.018667954565481627,0.004397401758753778,0.0026739203018543026,0.013923732737975746,0.0013280054921819583,0.001984684541615593,0.0008361529834566506,0.00018527967612456543,0.0032007720768682164,0.0016991517405323888,0.0,0.00036569417036197524,0.00846106533528551,0.003966047928525375,0.008028219885066874,0.0,0.0,0.0012131532179181345,0.0,0.00040378210469229703,0.0005654650276294288,0.0
0.00704724508334227,0.003943415898307992,0.023859245262185743,0.018791398883009628,0.007057558377425767,0.008021760905562909,0.015606906418240153,0.0015300958166554273,0.01005483203973642,0.006026700509287594,0.00018527967612456543,0.010154173485237101,0.006750164350515231,0.0,0.0015790542594102982,0.0099541945121006,0.005958381866872036,0.010658369936002644,0.010823570534878367,0.008657293636139544,0.005026554084638304,0.010210702562281602,0.004946330784384183,0.002125018048619306,0.00405417472312099
0.007892914493343344,0.0025237861749171147,0.017955926834019198,0.022290464044868164,0.007064344489213076,0.006016320679172181,0.01867138299988658,0.0017337606812267933,0.006715603954361148,0.0035419916012430666,0.00018527967612456543,0.011257887994502001,0.005078694305317944,0.0,0.0014328100141717316,0.012442743140125752,0.006532053452760821,0.012017280806962438,0.007731121810627405,0.0033380130695754282,0.0036611061428716103,0.005105350022671669,0.0025236381549613713,0.0018025873758977069,0.00541477148866405
0.016255645325576173,0.01388082396204413,0.029762563654932375,0.025859647055247837,0.021355900202787714,0.022059842490297996,0.02461322303731531,0.002351739052506796,0.026563968490286208,0.018047741405253573,0.00018527967612456543,0.018763146657503338,0.020473147788865855,0.0,0.007685193148702109,0.020406098749806232,0.017976225287215795,0.022932403484416962,0.0247395897940077,0.024615135335831897,0.01805356403087039,0.025526755147234872,0.01887681340134455,0.00618670117387957,0.012911938744068584
0.006107612405563302,0.0015773663593231968,0.017955926834019198,0.021500715645735403,0.00872015626409576,0.004010880452781454,0.017344656592740895,0.0013397486270214282,0.006555846338530919,0.0029703578700650463,0.00018527967612456543,0.009712687681531138,0.004755540913616018,0.0,0.0012241042518333423,0.01343816259133581,0.006457573679304821,0.010169913507665699,0.007731121810627405,0.0033380130695754282,0.0031875102124313956,0.005105350022671669,0.0019179649979229256,0.0015053628341346347,0.005864255300653352
0.0020671918911137326,0.0009464198155939181,0.017955926834019198,0.014597244417521858,0.0027137669179426796,0.0026739203018543026,0.009344563634671585,0.0008454166232249207,0.005002213708483415,0.002476596700245753,0.00018527967612456543,0.0014348288620443727,0.002806942358781754,0.0,0.0003119827730508352,0.0034839680792352105,0.0019214008184819252,0.00211664454541273,0.005411785267439184,0.0033380130695754282,0.0014207906889158587,0.005105350022671669,0.0015141828932306288,0.0004526747480753041,0.0011681923423692293
0.002255118426669527,0.0009464198155939181,0.017955926834019198,0.015043230838247065,0.003046286495276678,0.0026739203018543026,0.010003902000307124,0.0008481092990093515,0.005156522383181168,0.0024823045811711085,0.00018527967612456543,0.004194115135206628,0.00296753871513088,0.0,0.00034290214523023454,0.00398167780484024,0.002872791256841546,0.005078694478881503,0.007731121810627405,0.0033380130695754282,0.0014884472504073179,0.005105350022671669,0.0015141828932306288,0.0008308198281795611,0.0007797123265886735
0.0021611551588916296,0.00015773663593231967,0.0002459715849394813,0.01465426129960878,0.002062978602303282,0.0006684800754635757,0.009256124431761735,0.0008480430615736443,0.0015431641860886665,0.000208915688183839,0.00018527967612456543,0.0011037145092649022,0.0011295505473975635,0.0,8.439096238534306e-05,0.0034839680792352105,0.0018158878076872417,0.002141693599979535,0.0,0.0,0.00056659142124516,0.0,0.0001009455255385596,0.0002505355039584846,0.0
0.007448207578890544,0.00536304562169887,0.019377096089835948,0.009594335925539021,0.009605065505276362,0.010027201131953635,0.012295557376503577,5.522422638484437e-05,0.007494508011450808,0.009849097709629792,0.009303160998408595,0.013686059914884786,0.005542783106533615,0.01189659176468735,0.003640981215839489,0.01343816259133581,0.015792371933240925,0.026508155096437412,0.013142907078066592,0.008657293636139544,0.00268026332773999,0.010210702562281602,0.004946330784384183,0.002220388741618936,1.0402079545380565e-05
0.006013649137785405,0.0018928396311878363,0.017955926834019198,0.009700250780936736,0.006412877562869975,0.00467936052824503,0.010195196872778525,3.9419937477597074e-05,0.004316443136507377,0.003719472974508628,0.00018527967612456543,0.008829716074119217,0.003014132787653347,0.0,0.0012163744087884925,0.0099541945121006,0.010273775396719724,0.020120647833110433,0.007731121810627405,0.0033380130695754282,0.0027661266285085766,0.005105350022671669,0.0019179649979229256,0.0011386291480622703,1.1109016990212254e-05
0.015718581092106255,0.017666503224419806,0.026646923378319465,0.009785499323086113,0.020017678555506725,0.024733762792152298,0.016302138975553035,7.790214211539816e-05,0.018001472483142,0.024522840990632344,0.026570391994383942,0.01964611826491526,0.014449081829161109,0.004758636698736984,0.010562662164815665,0.016424420944965993,0.025124510197784236,0.03176845519830896,0.02705892633719592,0.024615135335831897,0.011172058975048743,0.025526755147234872,0.01887681340134455,0.005444178946924929,0.0034348011471192165
0.01130316499653418,0.011987984330856296,0.02817741335429594,0.00741939097680588,0.017015501800148335,0.020722882339370845,0.011314511392040911,3.846707383938089e-05,0.01604125455466451,0.019700261342472134,0.01522335450024389,0.013465317013031804,0.010833933994050724,0.00237931836721338,0.00564551487845437,0.01144732368891569,0.01762155970070264,0.02538094793498198,0.02705892633719592,0.024615135335831897,0.008893937417467704,0.025526755147234872,0.01705979393149824,0.003957699315147241,0.0017681499535851743
0.0049800531922285386,0.0006309465437292787,0.0002459715849394813,0.007360159846870923,0.0039047298938363856,0.0026739203018543026,0.008177945274423256,1.96583062950123e-05,0.0009234631975179676,0.001050743766015009,0.0011719783889200335,0.003531886429647687,0.0009979773531444947,0.0,0.0004219548119012266,0.0099541945121006,0.0054476634198590956,0.008028219885066874,0.0,0.0,0.0009635139769772954,0.0,0.00040378210469229703,0.00041648367440489227,0.0
0.0032386073819251483,0.0034702059905110326,0.011560665200553788,0.007391897399359438,0.007818960347025169,0.008021760905562909,0.01106744675174718,2.9370037281008035e-05,0.003920505484538131,0.006570401755757796,0.01522335450024389,0.013023831209325844,0.003226588425589573,0.03568977532975182,0.0019851812430314924,0.01194503341452072,0.011387425341765815,0.02275079788404621,0.007731121810627405,0.0033380130695754282,0.00039576594854616736,0.005105350022671669,0.00272552920730752,0.0015605115070391584,0.0
0.005919685870007507,0.0022083129030524757,0.017955926834019198,0.013900494428006602,0.0053203132373439805,0.005347840603708605,0.01189387973984019,0.0001361662809500576,0.005068089605141341,0.0033224724974117766,0.00018527967612456543,0.009271201877825179,0.003427884353261197,0.0,0.0007757733554869386,0.009456484786495571,0.0044093799124674754,0.009606309915628336,0.007731121810627405,0.0033380130695754282,0.0030952202284180476,0.005105350022671669,0.0023217471026152226,0.0012524680125610105,0.0004824501805901258
0.0019732286233358357,0.0009464198155939181,0.017955926834019198,0.012195708105673055,0.002992676196005989,0.0026739203018543026,0.007928085646838385,9.43968253767907e-05,0.00455279895871692,0.002479672992875926,0.00018527967612456543,0.004194115135206628,0.002461927996748558,0.0,0.00034290214523023454,0.00398167780484024,0.002872791256841546,0.005078694478881503,0.007731121810627405,0.0033380130695754282,0.001539119314114486,0.005105350022671669,0.0015141828932306288,0.0006884916613933915,0.0002038842216402093
0.004068219088680913,0.0037856792623756725,0.010897908414280224,0.005635998855867065,0.008293196599782374,0.008690240981026484,0.011069159066983874,6.204573601359244e-06,0.0037037020592259507,0.0069720872681588554,0.016621178059536165,0.013906802816737767,0.0032270054983641956,0.03568977532975182,0.002112525409833662,0.012442743140125752,0.012869040833099536,0.02731598690264325,0.007731121810627405,0.0033380130695754282,0.00047864986624702083,0.005105350022671669,0.0029274202609226975,0.0016474679950189332,0.0
0.013196327087165444,0.00977967142780382,0.02352445056555155,0.005684343267215847,0.012528862645977454,0.01537504173566224,0.012807113283010646,7.922520962971536e-06,0.009686271106473118,0.013775591931000189,0.016621178059536165,0.01633497473712055,0.007799864369071742,0.005948295900188562,0.00547172983892031,0.01343816259133581,0.018133164808711424,0.02994613695357902,0.016235355802317553,0.013976574202703661,0.006715592712229,0.015316052584953272,0.009589824992152687,0.0032853490528265213,0.00026894136632090284
0.016891537521312366,0.023818232025780272,0.03093776132580964,0.007710011006860572,0.03195750652163538,0.03944032445235097,0.013924870415099776,1.663692379080347e-05,0.026766870136048036,0.03626673428310148,0.016621178059536165,0.01633497473712055,0.019235071570743924,0.0009913826559797229,0.011012151491829637,0.01194503341452072,0.03986795865325186,0.03310231699208266,0.040974945596325245,0.040572977035524246,0.019369061555464886,0.04084281024912641,0.036744171551110594,0.006899382686625011,0.005512324960681229
0.00460420012111695,0.0015773663593231968,0.017955926834019198,0.005599832807682483,0.005514282989205385,0.004010880452781454,0.007886551262439865,4.174272173999262e-06,0.0035807029495627616,0.0030292721917764614,0.0026520269175116687,0.008167487368560275,0.0024518113835523677,0.0,0.0009922089606152905,0.0099541945121006,0.008261934855614536,0.013939795247340304,0.007731121810627405,0.0033380130695754282,0.002300174900377968,0.005105350022671669,0.0019179649979229256,0.0010767933178351008,5.6081347498497887e-05
0.012497114614460295,0.005836255529495828,0.023859245262185743,0.005656111607153389,0.007679618811440064,0.01069568120741721,0.011162652281192675,5.662547428444134e-06,0.0066004449675016435,0.007759476824885735,0.0003027435679629415,0.013906802816737767,0.005129704223720402,0.0,0.002382646548875787,0.012442743140125752,0.011997450150184124,0.027572739644095123,0.013142907078066592,0.008657293636139544,0.006328324673399477,0.010210702562281602,0.005854840520576365,0.0021855523141284944,0.0007668988689916772
0.01409449016668454,0.006309465437292787,0.023859245262185743,0.010000650405653585,0.009194958028147859,0.011364161282880786,0.015357137580542437,2.5080772876392192e-05,0.008112255957880074,0.007393076698684659,0.0003027435679629415,0.016555717638973535,0.006659093850023677,0.0,0.0030583946110220904,0.01692213067057102,0.012825594296982221,0.02809876965428228,0.013142907078066592,0.008657293636139544,0.0075461427802457435,0.010210702562281602,0.006460513678883842,0.0025591806967885035,0.00651317943894088
0.008362730832232828,0.0011041564515262379,0.0002459715849394813,0.005583779510784222,0.0038239751393409857,0.00467936052824503,0.008815479165169497,4.1926459425726556e-06,0.0008132443704249478,0.0016567410515567643,0.0003027435679629415,0.004635600938912589,0.0010757773831164064,0.0,0.0003938244911953226,0.010451904237705631,0.007956922448202753,0.024416559582972196,0.0,0.0,0.0015117636242967523,0.0,0.0007066186838460346,0.0005247965875376984,0.0
0.008362730832232828,0.0011041564515262379,0.0002459715849394813,0.005583779510784222,0.0038239751393409857,0.00467936052824503,0.008815479165169497,4.1926459425726556e-06,0.0008132443704249478,0.0016567410515567643,0.0003027435679629415,0.004635600938912589,0.0010757773831164064,0.0,0.0003938244911953226,0.010451904237705631,0.007956922448202753,0.024416559582972196,0.0,0.0,0.0015117636242967523,0.0,0.0007066186838460346,0.0005247965875376984,0.0
0.008362730832232828,0.0011041564515262379,0.0002459715849394813,0.005583779510784222,0.0038239751393409857,0.00467936052824503,0.008815479165169497,4.1926459425726556e-06,0.0008132443704249478,0.0016567410515567643,0.0003027435679629415,0.004635600938912589,0.0010757773831164064,0.0,0.0003938244911953226,0.010451904237705631,0.007956922448202753,0.024416559582972196,0.0,0.0,0.0015117636242967523,0.0,0.0007066186838460346,0.0005247965875376984,0.0
0.008362730832232828,0.0011041564515262379,0.0002459715849394813,0.005583779510784222,0.0038239751393409857,0.00467936052824503,0.008815479165169497,4.1926459425726556e-06,0.0008132443704249478,0.0016567410515567643,0.0003027435679629415,0.004635600938912589,0.0010757773831164064,0.0,0.0003938244911953226,0.010451904237705631,0.007956922448202753,0.024416559582972196,0.0,0.0,0.0015117636242967523,0.0,0.0007066186838460346,0.0005247965875376984,0.0
0.008362730832232828,0.0011041564515262379,0.0002459715849394813,0.005583779510784222,0.0038239751393409857,0.00467936052824503,0.008815479165169497,4.1926459425726556e-06,0.0008132443704249478,0.0016567410515567643,0.0003027435679629415,0.004635600938912589,0.0010757773831164064,0.0,0.0003938244911953226,0.010451904237705631,0.007956922448202753,0.024416559582972196,0.0,0.0,0.0015117636242967523,0.0,0.0007066186838460346,0.0005247965875376984,0.0
0.0014094490166684543,0.0012618930874585574,0.017955926834019198,0.009044833417918141,0.001995117464003992,0.0033424003773178785,0.005567891722261061,3.071683451743778e-05,0.003755798776396885,0.0027206062959000406,0.010052268641672978,0.004635600938912589,0.001887050866614168,0.0,0.0003583618313199342,0.0034839680792352105,0.002758411604062126,0.005874001757803934,0.007731121810627405,0.0033380130695754282,0.0010453851755430803,0.005105350022671669,0.0017160739455767773,0.0007505897078752019,0.0017487197057775013
0.0014094490166684543,0.0009464198155939181,0.017955926834019198,0.011737543321783651,0.00266015661867199,0.0026739203018543026,0.006826671525734127,0.00011237298559825596,0.004314876133317269,0.0024682248933611964,0.00018527967612456543,0.003752629331500667,0.0021936543689487814,0.0,0.00028106340087143583,0.0029862583536301806,0.0024188193057203926,0.005078694478881503,0.007731121810627405,0.0033380130695754282,0.0013050446175073335,0.005105350022671669,0.0015141828932306288,0.0006547441271498033,0.002326867864001545
0.0009174281080333512,0.0025237861749171147,0.014020381227048141,0.006745706069040994,0.003372698570101987,0.006016320679172181,0.004452911785479404,9.341527109894716e-06,0.005900214687820436,0.006970291617563146,0.03347728420901471,0.004635600938912589,0.0026832044074877838,0.01189659176468735,0.0005943967510892392,0.0019908389024201204,0.004269287007540213,0.008003170853119359,0.008504233991690145,0.008657293636139544,0.0005492266648989049,0.010210702562281602,0.0034321478911535546,0.0010595402546097214,0.0011681923423692293
0.0026309714977811142,0.0012618930874585574,0.017955926834019198,0.014934363652385303,0.003379484683789408,0.0033424003773178785,0.009892428946091538,0.00041453273332836955,0.0050538403282561015,0.0026673316100669503,0.00018527967612456543,0.005297829644471531,0.0029403870015442847,0.0,0.00043566026164098913,0.0049770972560503,0.003096230577209543,0.005604724489068656,0.007731121810627405,0.0033380130695754282,0.001877402121571782,0.005105350022671669,0.0017160739455767773,0.0008609609082905784,0.0029026368170413596
5.8429173258496816e-05,0.0012618930874585574,0.0,0.004756019856926845,0.0018051062769559932,0.0033424003773178785,0.003064149607500014,3.1545280181759235e-06,0.0028395541958751865,0.0042555123179125135,0.03347728420901471,0.003752629331500667,0.001277209419458453,0.03568977532975182,0.00022794645324312034,0.00149312917681509,0.003176030335856383,0.006951110832745049,0.007731121810627405,0.0033380130695754282,0.0,0.005105350022671669,0.00131229184088448,0.0005982417287339273,0.0
5.8429173258496816e-05,0.0012618930874585574,0.0,0.004756019856926845,0.0018051062769559932,0.0033424003773178785,0.003064149607500014,3.1545280181759235e-06,0.0028395541958751865,0.0042555123179125135,0.03347728420901471,0.003752629331500667,0.001277209419458453,0.03568977532975182,0.00022794645324312034,0.00149312917681509,0.003176030335856383,0.006951110832745049,0.007731121810627405,0.0033380130695754282,0.0,0.005105350022671669,0.00131229184088448,0.0005982417287339273,0.0
0.001691338820002145,0.00015773663593231967,0.0002459715849394813,0.02062239733268121,0.0016625978866699933,0.0006684800754635757,0.010599397110334065,0.00023065972478889153,0.001883333934054976,0.00019972660802877935,0.00018527967612456543,0.000993343058338412,0.0012934738393300042,0.0,7.032580199415804e-05,0.0029862583536301806,0.0015507752795988772,0.002141693599979535,0.0,0.0,0.0005580991724883276,0.0,0.0001009455255385596,0.0001713226703350118,0.0
0.005919685870007507,0.0015773663593231968,0.017955926834019198,0.026241235767725996,0.005703050059005069,0.004010880452781454,0.018700736603959284,0.0024368068449363216,0.007152228830638151,0.0028970443885063574,0.00018527967612456543,0.007726001564854316,0.005085844019931571,0.0,0.000853071785935437,0.008958775060890541,0.005215357460708992,0.008554249895254027,0.007731121810627405,0.0033380130695754282,0.002578601159008263,0.005105350022671669,0.0019179649979229256,0.001561999328381573,0.004950526101461923
0.002912861301114805,0.0009464198155939181,0.017955926834019198,0.02001274109185536,0.004322754505341983,0.0026739203018543026,0.011654423925884207,0.00025051083622442874,0.0057179523979502345,0.0025071291267279375,0.00018527967612456543,0.00507708674261855,0.0033695596246603905,0.0,0.0004665796338203885,0.00597251670726036,0.004123874117422109,0.005078694478881503,0.007731121810627405,0.0033380130695754282,0.0018097455600803228,0.005105350022671669,0.0015141828932306288,0.0007919120342305579,0.0002778549818625429
0.01099370233001394,0.003154732718646393,0.017955926834019198,0.02305567119701853,0.008652295122471275,0.007353280830099332,0.019346987891620187,0.000929321172366065,0.0066734504937949,0.004114514082011208,0.00018527967612456543,0.014348288620443727,0.00524325273193165,0.0,0.002182604789267279,0.016424420944965993,0.009068799064851897,0.018454886156803733,0.007731121810627405,0.0033380130695754282,0.004651321142721609,0.005105350022671669,0.0029274202609226975,0.001973678939042916,0.0007516321941881672
0.015503939183352996,0.00536304562169887,0.023859245262185743,0.030147353492315114,0.014385882691644656,0.010027201131953635,0.02781936486605165,0.008743052797122553,0.013395279292882556,0.006961381360250071,0.0004671935065616641,0.018100917951944396,0.011203060458543539,0.0,0.00424551958371957,0.023392357103436415,0.012157936328473649,0.017622005296031095,0.013142907078066592,0.008657293636139544,0.00818724607990712,0.010210702562281602,0.005854840520576365,0.006076507593978634,0.010595449587394855
0.012497114614460295,0.00488983571390191,0.023859245262185743,0.025256818078620097,0.01260927809274586,0.00935872105649006,0.023189817378833723,0.003918918802450936,0.012049250332420268,0.006574986988558997,0.00018527967612456543,0.01545200312970863,0.00951503882865822,0.0,0.0037889330557590007,0.018912969572991142,0.010536227932212669,0.016826698017108663,0.013142907078066592,0.008657293636139544,0.007305675184021244,0.010210702562281602,0.005552003942691659,0.0036720246356781797,0.006230166843462973
0.004416273585561156,0.0012618930874585574,0.017955926834019198,0.017698298528695963,0.0059921385037992846,0.0033424003773178785,0.013638888363016095,0.000893357368317776,0.005834791717434324,0.002718627745300697,0.00018527967612456543,0.007063772859295374,0.0038529195744748572,0.0,0.0007835031985317884,0.008958775060890541,0.005331510441885358,0.008028219885066874,0.007731121810627405,0.0033380130695754282,0.002418654613503455,0.005105350022671669,0.0017160739455767773,0.0011305056866164022,0.0010236467185728167
0.012027298275570806,0.005836255529495828,0.023859245262185743,0.01973300778038684,0.009663426082798169,0.01069568120741721,0.01997208307127965,0.0019861509426779417,0.010725201321285543,0.006929084031919356,0.00018527967612456543,0.015672746031561612,0.008341791313252196,0.0,0.003414532102958778,0.016424420944965993,0.010084029309488464,0.01814803530621825,0.013142907078066592,0.008657293636139544,0.007628209848345813,0.010210702562281602,0.006157677099730104,0.0031338268225600666,0.003990860828470073
0.001691338820002145,0.00015773663593231967,0.0002459715849394813,0.014862216076670142,0.0020019035776914136,0.0006684800754635757,0.00860293819821046,0.0003861693305193077,0.0015047347958650574,0.00020611687173519057,0.00018527967612456543,0.0011037145092649022,0.0010498404190149057,0.0,8.439096238534306e-05,0.0034839680792352105,0.0016252550530548764,0.002141693599979535,0.0,0.0,0.0005919274532340572,0.0,0.0001009455255385596,0.00019774770695287725,0.0
0.008362730832232828,0.0034702059905110326,0.023859245262185743,0.022542703778890238,0.00950463102137246,0.007353280830099332,0.01853742690382875,0.0016079530073460106,0.011082073379451296,0.0058454499758972215,0.00018527967612456543,0.010816402190796041,0.00781868821429161,0.0,0.001953455212210521,0.012940452865730782,0.007245817946779496,0.012286558075697717,0.010823570534878367,0.008657293636139544,0.005331008611349871,0.010210702562281602,0.004643494206499475,0.002220816027201769,0.005804188701514325
0.007798951225565447,0.006782675345089746,0.02858189998346703,0.021703134803176677,0.012156644302099456,0.01403808158473509,0.01653453193549151,0.0027443998997712738,0.01891276943045358,0.012156844097008724,0.00018527967612456543,0.010154173485237101,0.012118017477911006,0.0,0.002476076889189979,0.0099541945121006,0.011340432152057238,0.017095975285843938,0.019327804526568515,0.019295854769267776,0.00841489326785946,0.020421405124563204,0.011608735515614173,0.00355362460007785,0.003499475102850222
0.007329134886675962,0.0034702059905110326,0.023859245262185743,0.025483963003697763,0.008534216746020257,0.007353280830099332,0.019242125465950884,0.002784205750697102,0.01157911581606747,0.005784404182809743,0.00018527967612456543,0.010154173485237101,0.008075634795144051,0.0,0.0018712696370501748,0.01144732368891569,0.006450480368919662,0.010132339925815489,0.010823570534878367,0.008657293636139544,0.004934573679459635,0.010210702562281602,0.004643494206499475,0.002428540885884298,0.006358745780112543
0.001785302087780042,0.0009464198155939181,0.017955926834019198,0.014697070091337467,0.003163686264349188,0.0026739203018543026,0.007977513306146319,0.00012464666300528282,0.004707989464175203,0.0024931331242466323,0.00018527967612456543,0.001545200312970863,0.0024739671902822046,0.0,0.00034290214523023454,0.00398167780484024,0.0019196274932876088,0.003193753620353844,0.005411785267439184,0.0033380130695754282,0.001477799043995373,0.005105350022671669,0.0015141828932306288,0.00043187049913974814,0.000585285773776729
0.0030068245688927024,0.0025237861749171147,0.023859245262185743,0.01475427149407839,0.005158803728353181,0.006016320679172181,0.009209826024755027,0.00017499721971538172,0.008198856265335706,0.005327990492614631,0.00018527967612456543,0.006180801251883452,0.004417666391038538,0.0,0.0007937254301711274,0.00547480698165533,0.0037683218635078523,0.006656784509442966,0.010823570534878367,0.008657293636139544,0.003172381226968026,0.010210702562281602,0.004037821049461029,0.001234991167271382,0.000704133067269926
0.01757113107446673,0.011041564515262378,0.026810904458559055,0.014210673647385609,0.013411057444343245,0.016712001886589393,0.018700703446932348,8.529390921247435e-05,0.012865107685647015,0.011866738224731265,0.0028282230615348553,0.021412061479739102,0.010659291236285536,0.0,0.006889814186723577,0.02189922792662132,0.014193716799734992,0.026959037965543445,0.018554692345505774,0.013976574202703661,0.01203023010492062,0.015316052584953272,0.011204953410921877,0.004085402745860815,0.0033373050957353112
0.00338267764000429,0.00031547327186463934,0.0002459715849394813,0.01108747705773115,0.0050166346457941715,0.0013369601509271513,0.008665325239374475,2.1523335674054606e-05,0.001221895026177777,0.0004649155388789375,0.00018527967612456543,0.002538543371309275,0.001057453682068613,0.0,0.0002906799815580112,0.00846106533528551,0.0042364804386019516,0.00428338722257836,0.0,0.0,0.0009746818481608441,0.0,0.00020189105234614857,0.0002968757200886764,0.0
0.021558884275279418,0.02618428156476507,0.030235290319089128,0.01465426129960878,0.031178799962465573,0.03609792407503308,0.020352670540190874,0.00011540860777310917,0.028813010495056073,0.031184344650729938,0.016738642257640164,0.02361949049826891,0.02326114784699211,0.0012746348434025008,0.015551122137686946,0.022396937652226355,0.032388061428533205,0.030910525282969517,0.03556316032888606,0.03525369646896013,0.024678833193798273,0.035737460226454736,0.034220533387266015,0.008282524403507244,0.005371935696241583
0.00892651043890021,0.008360041704412943,0.02858189998346703,0.015174794064551193,0.014184674420860136,0.01537504173566224,0.014711690675771633,0.00014946714388918003,0.01658129534244323,0.013128147347127507,0.00018527967612456543,0.012361602503766904,0.011014755155448586,0.0,0.004667258199042066,0.01194503341452072,0.011742090928278971,0.015185985372749476,0.019327804526568515,0.019295854769267776,0.009947921191928505,0.020421405124563204,0.012113463147114058,0.003322287411463316,0.005221499696527295
0.008583112126379348,0.007255885252886705,0.022798492722439435,0.011362043790887582,0.013073448279606053,0.012701121433807938,0.013236506439410834,5.1545062965708055e-05,0.011376175539719638,0.012206067475974997,0.018676800760692086,0.013906802816737767,0.008008195503187418,0.005948295900188562,0.00486386408647229,0.013935872316940842,0.013644871804998212,0.018686589843688806,0.018554692345505774,0.013976574202703661,0.005344484522396219,0.015316052584953272,0.007974696572114469,0.002883515452248021,0.0006719183607277897
0.004068219088680913,0.0034702059905110326,0.010622898488697127,0.01305963380771501,0.010004428305804154,0.008021760905562909,0.014008047414279717,5.647125405792057e-05,0.004943460679773725,0.006521502419636748,0.016738642257640164,0.013906802816737767,0.003942836379540512,0.03568977532975182,0.0022342241223128633,0.013935872316940842,0.011342205480454184,0.023020075152781483,0.007731121810627405,0.0033380130695754282,0.0004762643524497174,0.005105350022671669,0.00272552920730752,0.0016402358123030264,0.0
0.009960106384457077,0.0044166258061049506,0.023859245262185743,0.011480321530103496,0.007539372456833074,0.008690240981026484,0.01200085060762986,3.3375335092322086e-05,0.007919344313333446,0.006478065651356452,0.0003614758201477521,0.005297829644471531,0.005435327377684298,0.0,0.0018895330979137107,0.01194503341452072,0.008465867566818747,0.022224767873859054,0.010823570534878367,0.008657293636139544,0.005287036208875507,0.010210702562281602,0.00524916736353792,0.001451250671710091,0.0011693820170978174
0.008080841028899137,0.0009464198155939181,0.0002459715849394813,0.011456518365737113,0.005534075822772978,0.004010880452781454,0.011220375490542677,2.912263448716729e-05,0.0013153699053139883,0.0014182393256861226,0.0003614758201477521,0.004635600938912589,0.0013692535545777886,0.0,0.0005344760951071727,0.01194503341452072,0.007038338578781393,0.020120647833110433,0.0,0.0,0.0015029502773637683,0.0,0.0006056731570384455,0.0005285114243292643,0.0
0.008080841028899137,0.0009464198155939181,0.0002459715849394813,0.011456518365737113,0.005534075822772978,0.004010880452781454,0.011220375490542677,2.912263448716729e-05,0.0013153699053139883,0.0014182393256861226,0.0003614758201477521,0.004635600938912589,0.0013692535545777886,0.0,0.0005344760951071727,0.01194503341452072,0.007038338578781393,0.020120647833110433,0.0,0.0,0.0015029502773637683,0.0,0.0006056731570384455,0.0005285114243292643,0.0
0.009678216581123385,0.0028392594467817546,0.017955926834019198,0.011480321530103496,0.006869243719512165,0.006684800754635757,0.012317861974066906,3.4003258633317805e-05,0.004638156307939462,0.003961930526169376,0.0003614758201477521,0.012361602503766904,0.003531154549472968,0.0,0.00144053985645192,0.01343816259133581,0.008242428246450747,0.0216987378636719,0.007731121810627405,0.0033380130695754282,0.0036994477698312042,0.005105350022671669,0.00272552920730752,0.0015252639920724828,0.0003425893879587286
0.012480483388557081,0.009148724884074541,0.023455698075300797,0.015702892176307725,0.01355356583462924,0.014706561660198665,0.01704818453995914,0.00010836621788545604,0.013080441654002373,0.01276371162802835,0.016738642257640164,0.016555717638973535,0.009857529178102812,0.005948295900188562,0.005253414122196137,0.015429001493755931,0.014627295480696516,0.02565022520371726,0.016235355802317553,0.013976574202703661,0.006787288645127139,0.015316052584953272,0.009589824992152687,0.003233821256373154,0.004728852015431946
0.01634960859335407,0.0104106179715331,0.026810904458559055,0.01450516861117437,0.013411057444343245,0.016043521811125817,0.01872509680329263,8.150560560801209e-05,0.013047852386303542,0.011555547914069262,0.0028282230615348553,0.02052908987232718,0.010671126300924632,0.0,0.006075938362459546,0.021401518201016292,0.015226680321935774,0.026433007955356295,0.018554692345505774,0.013976574202703661,0.011488977612988947,0.015316052584953272,0.010801171306229578,0.004028921762673703,0.002790804507095112
0.003570604175560084,0.00047320990779695907,0.0002459715849394813,0.0118888502580661,0.0023564780252220705,0.002005440226390727,0.008510242593775369,3.772027201571531e-05,0.0012634050054535582,0.0006066083915084435,0.00018527967612456543,0.0022074290185298043,0.0010385285173874752,0.0,0.0002062890191854125,0.00547480698165533,0.0026821585054118105,0.005078694478881503,0.0,0.0,0.0009302102606913533,0.0,0.00030283657788470803,0.0002896021728342046,0.0
0.007329134886675962,0.0025237861749171147,0.017955926834019198,0.012078537490381161,0.0055205035944480806,0.006016320679172181,0.01138978034266053,5.0731656230963917e-05,0.004677185513190044,0.00404627326733887,0.0026520269175116687,0.010154173485237101,0.003305099859890678,0.0,0.001502378601065606,0.0099541945121006,0.00668633298486366,0.012825112590548983,0.007731121810627405,0.0033380130695754282,0.0028652756550228966,0.005105350022671669,0.0023217471026152226,0.0013073997920286108,0.00042190156553208327
0.006295538941119095,0.0018928396311878363,0.017955926834019198,0.017614710672432615,0.004358381602913484,0.00467936052824503,0.014043512489421655,0.0003758531944160902,0.005756972919771074,0.0031056184631323017,0.00018527967612456543,0.007946744466707296,0.003951474678527535,0.0,0.0008376120998457372,0.007963355609680482,0.004950244932620627,0.00908027990544118,0.007731121810627405,0.0033380130695754282,0.0026892808594692927,0.005105350022671669,0.002119856050269074,0.0011544385999159345,0.005370826092999092
0.005167979727784332,0.0018928396311878363,0.017955926834019198,0.011913206984394489,0.0036916459195861164,0.00467936052824503,0.00960223742448844,4.260089616186583e-05,0.004534226526012516,0.003106577089437424,0.00018527967612456543,0.007505258663001335,0.0028697044750923407,0.0,0.0007293942972178395,0.006967936158470421,0.004038754373584428,0.007733893584384079,0.007731121810627405,0.0033380130695754282,0.0025539677364863744,0.005105350022671669,0.002119856050269074,0.0010478383464261184,0.0004045083074761611
0.008503573937853894,0.007255885252886705,0.022798492722439435,0.011828142962899118,0.011743369970270057,0.012701121433807938,0.013463098638020478,4.406758223823696e-05,0.011554137610125052,0.012139465664648517,0.018676800760692086,0.013686059914884786,0.008118132535505434,0.005948295900188562,0.004332125563195187,0.01343816259133581,0.013651965115383368,0.018686589843688806,0.018554692345505774,0.013976574202703661,0.005247528433125077,0.015316052584953272,0.007974696572114469,0.0028820048778768126,0.0009223883172529281
0.002063324130922723,0.0022083129030524757,0.007994077006411858,0.010027774941792026,0.005330492407400083,0.005347840603708605,0.00947290483955917,2.412947100850474e-05,0.004213344330336448,0.005208706322989777,0.018676800760692086,0.008608973172266237,0.0028382026804252163,0.03568977532975182,0.001092149674975295,0.007963355609680482,0.007488763873108651,0.014991855245095323,0.007731121810627405,0.0033380130695754282,0.00023518295424926865,0.005105350022671669,0.0019179649979229256,0.001117315338842041,0.0
0.0008456694100010725,0.00015773663593231967,0.0002459715849394813,0.0031628685302651036,0.0013300783093359951,0.0006684800754635757,0.0021105591477190663,6.773489784581514e-08,0.00031915469138704694,0.00019243380393160563,0.00018527967612456543,0.0008829716074119217,0.0002575573888070567,0.0,5.626064159022869e-05,0.0024885486280251503,0.0009425237995775147,0.002141693599979535,0.0,0.0,0.000524270891742598,0.0,0.0001009455255385596,8.276960591506609e-05,0.0
0.0028188980333369086,0.0029969960827140743,0.023859245262185743,0.00491526118133142,0.003990234928007985,0.006684800754635757,0.004787270029132866,2.854640554405281e-07,0.005542876678238259,0.005498495648119393,0.00018527967612456543,0.002648914822235765,0.002805117822559584,0.0,0.0006841446633331473,0.004479387530445271,0.0029694376288541234,0.0058364281985730185,0.008504233991690145,0.008657293636139544,0.003365846474383884,0.010210702562281602,0.004340657627345737,0.0007817135019217887,0.002907395227409817
0.0021611551588916296,0.0025237861749171147,0.023859245262185743,0.00318279676089743,0.0036577153506739866,0.006016320679172181,0.0034582717491432532,7.894289667558518e-08,0.004989459921050307,0.005300160346976612,0.00018527967612456543,0.0020970575676033144,0.0023205396118653582,0.0,0.0005654321660633995,0.0034839680792352105,0.0026316186589093373,0.005041120919650586,0.010823570534878367,0.008657293636139544,0.0028584222631979402,0.010210702562281602,0.004037821049461029,0.0006713227886948399,0.0017510989109617296
0.0014094490166684543,0.0009464198155939181,0.017955926834019198,0.01086291542180952,0.0016625978866699933,0.0026739203018543026,0.006259440211962796,1.4434368283067924e-05,0.004149623845997109,0.002454963992924154,0.00018527967612456543,0.003311143527794707,0.0020554927087977543,0.0,0.00021922465651263705,0.0019908389024201204,0.0022317332078819214,0.005078694478881503,0.007731121810627405,0.0033380130695754282,0.0012684930681486491,0.005105350022671669,0.0015141828932306288,0.0006002941761767234,0.0006131952312798402
0.001597375552224248,0.0009464198155939181,0.017955926834019198,0.012962206902401444,0.002327637041337991,0.0026739203018543026,0.007679365314337804,5.2438671200275035e-05,0.004577405841274397,0.002466787123126721,0.00018527967612456543,0.003752629331500667,0.002401346691208675,0.0,0.00028106340087143583,0.0029862583536301806,0.002533198958499812,0.005078694478881503,0.007731121810627405,0.0033380130695754282,0.0014038061911315675,0.005105350022671669,0.0015141828932306288,0.0006439347312133377,0.0010127704138476075
0.00676535528000858,0.0034702059905110326,0.023859245262185743,0.018889010308977203,0.007524782314827762,0.007353280830099332,0.015048645488996894,0.000228332135786014,0.00987226435293045,0.005880269674084671,0.0026520269175116687,0.00993343058338412,0.006546611728562412,0.0,0.0016977667562977153,0.01094961396331066,0.008320454676700641,0.014171498934225375,0.013142907078066592,0.008657293636139544,0.0042978501584284255,0.010210702562281602,0.004643494206499475,0.0017352727405824954,0.005521525679389239
0.003852493978893775,0.0012618930874585574,0.017955926834019198,0.012338896133179369,0.004161584304078176,0.0033424003773178785,0.008908282648499568,2.9203111593518756e-05,0.004534984084081825,0.002808008182935699,0.0026520269175116687,0.002538543371309275,0.0027006765301773442,0.0,0.0006289063377622351,0.006967936158470421,0.004461693087366897,0.005335447220333379,0.005411785267439184,0.0033380130695754282,0.001686859173488343,0.005105350022671669,0.0017160739455767773,0.000570119451437782,0.000585285773776729
0.004228347050005362,0.0006309465437292787,0.0002459715849394813,0.0053335695039561795,0.0029166717211867887,0.0026739203018543026,0.006381109222126698,9.706062678390842e-06,0.0006895259240184456,0.0009052972683567361,0.000678628879389488,0.0028696577240887463,0.0007787044642442865,0.0,0.00025317288715602916,0.006967936158470421,0.004543266174410683,0.008028219885066874,0.0,0.0,0.0009258261240314335,0.0,0.00040378210469229703,0.00034147928556064214,0.0
0.004228347050005362,0.0006309465437292787,0.0002459715849394813,0.0053335695039561795,0.0029166717211867887,0.0026739203018543026,0.006381109222126698,9.706062678390842e-06,0.0006895259240184456,0.0009052972683567361,0.000678628879389488,0.0028696577240887463,0.0007787044642442865,0.0,0.00025317288715602916,0.006967936158470421,0.004543266174410683,0.008028219885066874,0.0,0.0,0.0009258261240314335,0.0,0.00040378210469229703,0.00034147928556064214,0.0
0.004228347050005362,0.0006309465437292787,0.0002459715849394813,0.0053335695039561795,0.0029166717211867887,0.0026739203018543026,0.006381109222126698,9.706062678390842e-06,0.0006895259240184456,0.0009052972683567361,0.000678628879389488,0.0028696577240887463,0.0007787044642442865,0.0,0.00025317288715602916,0.006967936158470421,0.004543266174410683,0.008028219885066874,0.0,0.0,0.0009258261240314335,0.0,0.00040378210469229703,0.00034147928556064214,0.0
0.0065774287444527865,0.0025237861749171147,0.017955926834019198,0.007533978302941735,0.00525380932187718,0.006016320679172181,0.009966787799645316,1.599292320230603e-05,0.003972344029819471,0.0036235738737236895,0.000678628879389488,0.01037491638709008,0.002958498735653364,0.0,0.0010849670771534887,0.010451904237705631,0.007187298125693391,0.012555835321813705,0.007731121810627405,0.0033380130695754282,0.0030187953941480015,0.005105350022671669,0.0025236381549613713,0.0013001467929654672,9.001347921273141e-05
0.006201575673341199,0.0029969960827140743,0.023859245262185743,0.009887354724095757,0.007533151851590377,0.006684800754635757,0.01082858632484937,2.4904752173459077e-05,0.007709430869230857,0.005599181492699235,0.00018527967612456543,0.008608973172266237,0.005007897380534103,0.0,0.001341629264361028,0.009456484786495571,0.007679396627741017,0.012299082580361826,0.010823570534878367,0.008657293636139544,0.00430468680119502,0.010210702562281602,0.004340657627345737,0.0015233251444108468,0.001229258753037374
0.004792126656672744,0.0015773663593231968,0.017955926834019198,0.009100927696735053,0.0038579057077780883,0.004010880452781454,0.007717527177741575,1.7420289413930104e-05,0.003970191375557462,0.003394280305697962,0.0026520269175116687,0.006401544153736433,0.0024106418509065876,0.0,0.000806692727666338,0.00597251670726036,0.006477080288468609,0.013401240709869746,0.007731121810627405,0.0033380130695754282,0.0017151141096680906,0.005105350022671669,0.0017160739455767773,0.0008950422981293857,2.380503640759769e-06
0.004698163388894848,0.0015773663593231968,0.017955926834019198,0.011344329808103298,0.006536724142178166,0.004010880452781454,0.00973261820218114,2.4964375052479745e-05,0.004492093457271029,0.0033525840889375024,0.00018527967612456543,0.007505258663001335,0.002901461580966412,0.0,0.0009458299023461915,0.00846106533528551,0.007573883613743703,0.01313196344113447,0.007731121810627405,0.0033380130695754282,0.0024399412269509777,0.005105350022671669,0.0017160739455767773,0.0009887808452974042,0.0002172799648550302
0.001597375552224248,0.0020505762671201556,0.023859245262185743,0.010562884838400672,0.003325195773339987,0.005347840603708605,0.0060892115279567085,7.555045591503665e-06,0.0070327517592248005,0.0051015309679651516,0.00018527967612456543,0.001545200312970863,0.0032798306147393272,0.0,0.000446719668666208,0.0024885486280251503,0.0024081793385413402,0.004515090909463432,0.008504233991690145,0.008657293636139544,0.0023509980520119962,0.010210702562281602,0.0037349844703072916,0.0005622427828125797,0.0017510989109617296
0.00798687776112124,0.0025237861749171147,0.017955926834019198,0.020248743008325173,0.00499457977179729,0.006016320679172181,0.015462664190055911,0.0006883778606049837,0.00605862765320247,0.0035547038622332923,0.00018527967612456543,0.00993343058338412,0.004297140281129938,0.0,0.0010849670771534887,0.009456484786495571,0.006237681015730718,0.015517885255282476,0.007731121810627405,0.0033380130695754282,0.0032981899128924253,0.005105350022671669,0.0025236381549613713,0.0014513822498551283,0.0003199075164507257
0.006483465476674889,0.0007886831796615984,0.0002459715849394813,0.01911246482097482,0.0036645014643614067,0.0033424003773178785,0.013737530423311639,0.0006251532635997224,0.001937885072465357,0.001041530474472413,0.00018527967612456543,0.0034215149787211966,0.0016764289551075185,0.0,0.00036569417036197524,0.007963355609680482,0.005033591348061362,0.013939795247340304,0.0,0.0,0.0013023213488943788,0.0,0.0005047276302308566,0.0005016712629989941,0.0
0.006483465476674889,0.0007886831796615984,0.0002459715849394813,0.01911246482097482,0.0036645014643614067,0.0033424003773178785,0.013737530423311639,0.0006251532635997224,0.001937885072465357,0.001041530474472413,0.00018527967612456543,0.0034215149787211966,0.0016764289551075185,0.0,0.00036569417036197524,0.007963355609680482,0.005033591348061362,0.013939795247340304,0.0,0.0,0.0013023213488943788,0.0,0.0005047276302308566,0.0005016712629989941,0.0
0.00018792653555579385,0.0,0.0002459715849394813,0.000292465236594726,0.0003325195773339986,0.0,0.00022301990638811474,0.0,1.763328774879571e-05,5.7040333240396455e-06,0.00018527967612456543,0.00011037145092649011,2.7215737970491424e-05,0.0,9.376773594123333e-06,0.0004977097256050301,0.00026511252808836467,0.0,0.0,0.0,0.0002874729265224909,0.0,0.0,9.194958823067129e-06,0.0
0.0011275592133347635,0.0009464198155939181,0.017955926834019198,0.0016512753326726806,0.0016625978866699933,0.0026739203018543026,0.0018058400334904233,1.711516542611605e-08,0.0023024852051620782,0.0024662517721548175,0.00018527967612456543,0.0011037145092649022,0.0009707204532645016,0.0,0.0001883052843332377,0.0019908389024201204,0.0012404428934015112,0.003193753620353844,0.005411785267439184,0.0033380130695754282,0.0012684930681486491,0.005105350022671669,0.0015141828932306288,0.0002758820353914217,0.000585285773776729
0.0007517061422231756,0.00015773663593231967,0.0002459715849394813,0.0016453706717445883,0.0009975587320019963,0.0006684800754635757,0.0014361858027003111,1.5645263940244565e-08,0.00017033074138163,0.00018663214128678273,0.00018527967612456543,0.0007726001564854315,0.00017526173873477785,0.0,4.2195481199043704e-05,0.0019908389024201204,0.0008299174751950425,0.002141693599979535,0.0,0.0,0.0004904426109968684,0.0,0.0001009455255385596,7.35686031557836e-05,0.0
0.0015034122844463512,0.0009464198155939181,0.017955926834019198,0.013900494428006602,0.001995117464003992,0.0026739203018543026,0.00728693058808081,0.00021060787993168996,0.00455575997267101,0.002472803396422688,0.00018527967612456543,0.0012140859601913923,0.0023057605842522547,0.0,0.00021922465651263705,0.0024885486280251503,0.0015055554182872458,0.003193753620353844,0.005411785267439184,0.0033380130695754282,0.0013361496296401083,0.005105350022671669,0.0015141828932306288,0.00031819837100509416,0.000585285773776729
0.00028188980333369087,0.0,0.0002459715849394813,0.010828779100818966,0.0003325195773339986,0.0,0.004162275609343248,5.313843617639273e-05,0.0009561961154797201,5.809507476393312e-06,0.00018527967612456543,0.00011037145092649011,0.0005079340417695475,0.0,9.376773594123333e-06,0.0004977097256050301,0.00026511252808836467,0.0,0.0,0.0,0.0002874729265224909,0.0,0.0,1.3798163363236534e-05,0.0
0.004416273585561156,0.0029969960827140743,0.023859245262185743,0.017598103813572342,0.00499729421936238,0.006684800754635757,0.011937992650764045,0.0007815217511421018,0.009168887646717468,0.005532487513508286,0.00018527967612456543,0.0029800291750152353,0.005412408162235827,0.0,0.0009033061970091076,0.00597251670726036,0.003459762802504802,0.006913537250894841,0.010823570534878367,0.008657293636139544,0.0036703010010954505,0.010210702562281602,0.004340657627345737,0.0010069061466935207,0.0017510989109617296
0.0011275592133347635,0.00015773663593231967,0.0002459715849394813,0.01388683989961038,0.0013300783093359951,0.0006684800754635757,0.006906192258323489,0.00019719806054492733,0.0012969681340330526,0.00019297392521662113,0.00018527967612456543,0.0008829716074119217,0.0008427818035464326,0.0,5.626064159022869e-05,0.0024885486280251503,0.001095030000080777,0.002141693599979535,0.0,0.0,0.000524270891742598,0.0,0.0001009455255385596,0.0001018446231725174,0.0
0.002912861301114805,0.00031547327186463934,0.0002459715849394813,0.01754809871633754,0.0026696571780243897,0.0013369601509271513,0.010556018597150395,0.000678617071656897,0.0017122972725407385,0.0003996025671152836,0.00018527967612456543,0.0017659432148238432,0.0012881802389305458,0.0,0.00015940515121479583,0.0049770972560503,0.0018087944940994528,0.00428338722257836,0.0,0.0,0.0007948971377084349,0.0,0.00020189105234614857,0.00025068430814110073,0.0
0.0032887143722263932,0.00047320990779695907,0.0002459715849394813,0.013295820244838833,0.0016625978866699933,0.002005440226390727,0.008439784759565791,0.0007040914749643212,0.0013347393096058934,0.0005948147025811275,0.00018527967612456543,0.0019866861166768237,0.0010299303521337545,0.0,0.00011252128324417918,0.004479387530445271,0.0020375537996582915,0.005078694478881503,0.0,0.0,0.000862553699199894,0.0,0.00030283657788470803,0.0003335306185638961,0.0
0.008644620635566518,0.006782675345089746,0.02858189998346703,0.016878288742306714,0.012676460623666645,0.01403808158473509,0.013479528154087412,0.002789739378578351,0.016882016233505215,0.012719771016355812,0.00018527967612456543,0.009050458975972198,0.010268997140562217,0.0,0.0025386820704910154,0.00746564588407545,0.011411365268719342,0.010633320904055131,0.019327804526568515,0.019295854769267776,0.007695866409837273,0.020421405124563204,0.011104007885383314,0.0031329123945264704,0.0017546677908745465
0.0032887143722263932,0.00047320990779695907,0.0002459715849394813,0.013295820244838833,0.0016625978866699933,0.002005440226390727,0.008439784759565791,0.0007040914749643212,0.0013347393096058934,0.0005948147025811275,0.00018527967612456543,0.0019866861166768237,0.0010299303521337545,0.0,0.00011252128324417918,0.004479387530445271,0.0020375537996582915,0.005078694478881503,0.0,0.0,0.000862553699199894,0.0,0.00030283657788470803,0.0003335306185638961,0.0
0.0032887143722263932,0.00047320990779695907,0.0002459715849394813,0.013295820244838833,0.0016625978866699933,0.002005440226390727,0.008439784759565791,0.0007040914749643212,0.0013347393096058934,0.0005948147025811275,0.00018527967612456543,0.0019866861166768237,0.0010299303521337545,0.0,0.00011252128324417918,0.004479387530445271,0.0020375537996582915,0.005078694478881503,0.0,0.0,0.000862553699199894,0.0,0.00030283657788470803,0.0003335306185638961,0.0
0.003570604175560084,0.00015773663593231967,0.0002459715849394813,0.02041093666319379,0.003416808310020277,0.0006684800754635757,0.013180885451402965,0.0012930319423909323,0.0020460402148633934,0.00023661119983916512,0.00018527967612456543,0.001545200312970863,0.001608500024509496,0.0,0.00014065160395008302,0.00547480698165533,0.0036007423748331685,0.002141693599979535,0.0,0.0,0.0006888835426405119,0.0,0.0001009455255385596,0.0003473106977906479,0.0
0.01677554558960356,0.011041564515262378,0.025037449233386452,0.027659646035046923,0.018728995541849123,0.016712001886589393,0.028482626311082622,0.005212855900989984,0.01779631305667776,0.014292005661183427,0.0014095697647167386,0.022736518890856986,0.015405242728303898,0.005948295900188562,0.010167713349438254,0.024885486280251504,0.020414551198897346,0.028574701555335823,0.018554692345505774,0.013976574202703661,0.008962532429592298,0.015316052584953272,0.010397389201537282,0.006185106653301359,0.010204273687309378
0.002912861301114805,0.00015773663593231967,0.0002459715849394813,0.016798206778469424,0.003345554114877277,0.0006684800754635757,0.010808236039164747,0.0011283060543441018,0.0017197258577151878,0.0002529905490789385,0.00018527967612456543,0.0016555717638973534,0.0013189590335476486,0.0,0.00015471676443047855,0.00597251670726036,0.0035608424955097485,0.002141693599979535,0.0,0.0,0.0007610688569627053,0.0,0.0001009455255385596,0.0003365756153050653,0.0
0.002912861301114805,0.00015773663593231967,0.0002459715849394813,0.016798206778469424,0.003345554114877277,0.0006684800754635757,0.010808236039164747,0.0011283060543441018,0.0017197258577151878,0.0002529905490789385,0.00018527967612456543,0.0016555717638973534,0.0013189590335476486,0.0,0.00015471676443047855,0.00597251670726036,0.0035608424955097485,0.002141693599979535,0.0,0.0,0.0007610688569627053,0.0,0.0001009455255385596,0.0003365756153050653,0.0
0.002724934765559011,0.0012618930874585574,0.017955926834019198,0.02026774863568748,0.0026811935713880104,0.0033424003773178785,0.011939479182436354,0.0007537925189553507,0.005790829274249571,0.0026547742185922605,0.00018527967612456543,0.0018763146657503338,0.0034389910999327623,0.0,0.00039701104641673993,0.00398167780484024,0.002222866569099816,0.0037197836305409987,0.005411785267439184,0.0033380130695754282,0.0017420889985888637,0.005105350022671669,0.0017160739455767773,0.0005853292262343786,0.0011681923423692293
0.0007517061422231756,0.0006309465437292787,0.017955926834019198,0.016076361980009758,0.0013300783093359951,0.002005440226390727,0.0073086207903425215,0.00020313333900719065,0.004830507212892955,0.0022798379715548984,0.00018527967612456543,0.000551857254632451,0.0023110437084565578,0.0,0.00013419638301928879,0.00099541945121006,0.000788244267474675,0.0013213372891095877,0.005411785267439184,0.0033380130695754282,0.0009302102606913533,0.005105350022671669,0.00131229184088448,0.00023304773578487035,0.000585285773776729
9.396326777789692e-05,0.0,0.0002459715849394813,0.012635051782854154,0.0,0.0,0.004540861761840683,5.125200135696242e-05,0.0010787521566991208,1.0096747118302702e-07,0.00018527967612456543,0.0,0.0005541339607526242,0.0,0.0,0.0,0.0,0.0,0.0,0.0,0.0002536446457767613,0.0,0.0,4.380679829178091e-06,0.0
0.018040947413356215,0.009148724884074541,0.026810904458559055,0.029122710300636557,0.017378558887650643,0.014706561660198665,0.02904679145626526,0.00919066894310815,0.01852103822402548,0.010515825851403584,0.0004671935065616641,0.02119131857788612,0.015678961966395014,0.0,0.006165266196239397,0.025880905731461564,0.013120853398210798,0.019726125336779716,0.016235355802317553,0.013976574202703661,0.012838924548863864,0.015316052584953272,0.010397389201537282,0.007833836680898414,0.02331562246035713
0.010335959455568663,0.0028392594467817546,0.017955926834019198,0.017689995099265828,0.00802118654099066,0.006684800754635757,0.015599507631039735,0.0027092759606844744,0.005807551549219853,0.004337159365473798,0.00018527967612456543,0.011478630896354982,0.0043304715103704445,0.0,0.0019043304391429107,0.01144732368891569,0.009684143858461048,0.01658246980294019,0.007731121810627405,0.0033380130695754282,0.003771785843332639,0.005105350022671669,0.0025236381549613713,0.0019848790351578325,3.491491903549749e-05
0.0065774287444527865,0.0007886831796615984,0.0002459715849394813,0.017631317531292885,0.004343112845454189,0.0033424003773178785,0.013893787244986524,0.0015805616687633243,0.0018826697584432167,0.0010785554217911505,0.00018527967612456543,0.003752629331500667,0.0016954974088416008,0.0,0.00039851287797963995,0.009456484786495571,0.005752675824068251,0.013939795247340304,0.0,0.0,0.0014038061911315675,0.0,0.0005047276302308566,0.0006594217047310576,0.0
0.0065774287444527865,0.0007886831796615984,0.0002459715849394813,0.017631317531292885,0.004343112845454189,0.0033424003773178785,0.013893787244986524,0.0015805616687633243,0.0018826697584432167,0.0010785554217911505,0.00018527967612456543,0.003752629331500667,0.0016954974088416008,0.0,0.00039851287797963995,0.009456484786495571,0.005752675824068251,0.013939795247340304,0.0,0.0,0.0014038061911315675,0.0,0.0005047276302308566,0.0006594217047310576,0.0
0.0065774287444527865,0.0007886831796615984,0.0002459715849394813,0.017631317531292885,0.004343112845454189,0.0033424003773178785,0.013893787244986524,0.0015805616687633243,0.0018826697584432167,0.0010785554217911505,0.00018527967612456543,0.003752629331500667,0.0016954974088416008,0.0,0.00039851287797963995,0.009456484786495571,0.005752675824068251,0.013939795247340304,0.0,0.0,0.0014038061911315675,0.0,0.0005047276302308566,0.0006594217047310576,0.0
0.0065774287444527865,0.0007886831796615984,0.0002459715849394813,0.017631317531292885,0.004343112845454189,0.0033424003773178785,0.013893787244986524,0.0015805616687633243,0.0018826697584432167,0.0010785554217911505,0.00018527967612456543,0.003752629331500667,0.0016954974088416008,0.0,0.00039851287797963995,0.009456484786495571,0.005752675824068251,0.013939795247340304,0.0,0.0,0.0014038061911315675,0.0,0.0005047276302308566,0.0006594217047310576,0.0
0.004040420514449568,0.0012618930874585574,0.017955926834019198,0.017202122490081944,0.004010593268120191,0.0033424003773178785,0.012057409521619997,0.0012150783812841816,0.0055291555069089705,0.0027035611798167437,0.00018527967612456543,0.005960058350030472,0.0034677156277025094,0.0,0.000590257122537986,0.00647022643286539,0.004920985023678891,0.005874001757803934,0.007731121810627405,0.0033380130695754282,0.0020803718060461596,0.005105350022671669,0.0017160739455767773,0.001100913539526128,0.0007285737702860805
0.01631365271266577,0.01388082396204413,0.028776217544069997,0.02603125126347061,0.020551745711352227,0.022059842490297996,0.02371434303330087,0.004839377359984971,0.026191983509854192,0.020845683664632603,0.003876317312369465,0.016776460540826512,0.019821618769537044,0.00237931836721338,0.008533012979365078,0.015926711219360963,0.02049080430075029,0.028048671545148673,0.0247395897940077,0.024615135335831897,0.012519585228163186,0.025526755147234872,0.017665467092343776,0.006410133717758921,0.002737036287770693
0.011764639689948725,0.00977967142780382,0.024591625691408756,0.02210336010170914,0.014250839028599948,0.01537504173566224,0.021127499003874194,0.0024478313816868862,0.015206989949631496,0.014187586741991479,0.0019029192742472834,0.017880175050091415,0.01183671352501198,0.005948295900188562,0.007877361332627357,0.01692213067057102,0.019182974947480568,0.027253364266226238,0.018554692345505774,0.013976574202703661,0.0062389773763467885,0.015316052584953272,0.00918604288619136,0.0043020420454710495,0.0036219987596024395
0.006201575673341199,0.003943415898307992,0.023859245262185743,0.011611331194445613,0.006075607705859776,0.008021760905562909,0.010645811234974243,0.00017009840553834353,0.007791104611469843,0.006055897942804142,0.0011719783889200335,0.00993343058338412,0.0049412540842938765,0.0,0.0016977667562977153,0.009456484786495571,0.005883902093416037,0.010658369936002644,0.010823570534878367,0.008657293636139544,0.00438155956655547,0.010210702562281602,0.004946330784384183,0.0017206622718939604,0.0012717433851045915
0.010233948431228452,0.00993740806373614,0.02685655679158112,0.014740063403720163,0.014284090986333348,0.016712001886589393,0.01484200428021777,0.00048238237535892553,0.016239227001710505,0.015476639251733008,0.006836413757021491,0.013906802816737767,0.011093626585134927,0.0035689775329751823,0.0051098755523010485,0.012442743140125752,0.01111965282428466,0.01677659993059434,0.021647141069756737,0.019295854769267776,0.00802144883717502,0.020421405124563204,0.012618190777344917,0.003519095739965112,0.0025858069311157673
0.00338267764000429,0.0015773663593231968,0.017955926834019198,0.012476733061719593,0.004398758980161183,0.004010880452781454,0.009408063280154814,0.00014592266019368668,0.0045970137551815836,0.0028677178038389916,0.00018527967612456543,0.006843029957442394,0.0028224090923917302,0.0,0.0007139346111281398,0.006967936158470421,0.00423116045661374,0.008554249895254027,0.007731121810627405,0.0033380130695754282,0.0022896777818928837,0.005105350022671669,0.0019179649979229256,0.0009762650213632995,0.00043049258676216336
0.001785302087780042,0.0009464198155939181,0.017955926834019198,0.008917883207964092,0.00273616109349119,0.0026739203018543026,0.00572115873749225,4.583330139814008e-05,0.0037817460210694286,0.0024872485315430874,0.00018527967612456543,0.0014348288620443727,0.0019243824189675582,0.0,0.0003119827730508352,0.0034839680792352105,0.0020357804712613442,0.003193753620353844,0.005411785267439184,0.0033380130695754282,0.0014101424825039139,0.005105350022671669,0.0015141828932306288,0.00040658316759276786,0.000585285773776729
0.014400000982466537,0.013092140782382534,0.02685655679158112,0.018475499523356524,0.016951033716792643,0.019385922188443695,0.020352013787805535,0.0010744914910448611,0.01852176611964114,0.016499757186865034,0.006836413757021491,0.019204632461209296,0.014428522500835664,0.0035689775329751823,0.008170815220864417,0.01841525984738611,0.013683885016920527,0.01914999724007824,0.021647141069756737,0.019295854769267776,0.011344999289292612,0.020421405124563204,0.0146371013008064,0.004894008601191102,0.007035233120828164
0.003664567443337981,0.00047320990779695907,0.0002459715849394813,0.011527927858836266,0.0027219102544625896,0.002005440226390727,0.008208575371030936,0.00012171117786915461,0.0012053572385016798,0.0006908021271918145,0.0011719783889200335,0.0024281719203827845,0.0010017152290123141,0.0,0.00022973095310699904,0.00647022643286539,0.0029073711509741244,0.005078694478881503,0.0,0.0,0.0007951853608847922,0.0,0.00030283657788470803,0.00030910167642475984,0.0
0.003664567443337981,0.00047320990779695907,0.0002459715849394813,0.011527927858836266,0.0027219102544625896,0.002005440226390727,0.008208575371030936,0.00012171117786915461,0.0012053572385016798,0.0006908021271918145,0.0011719783889200335,0.0024281719203827845,0.0010017152290123141,0.0,0.00022973095310699904,0.00647022643286539,0.0029073711509741244,0.005078694478881503,0.0,0.0,0.0007951853608847922,0.0,0.00030283657788470803,0.00030910167642475984,0.0
0.007178897085479435,0.005836255529495828,0.02039596511671684,0.01470426639684359,0.009510059911752364,0.01069568120741721,0.014754721595300193,0.00042374800508751217,0.008846859398460718,0.009053968556790776,0.006836413757021491,0.013906802816737767,0.006439441452835538,0.01189659176468735,0.0033091584397957315,0.012442743140125752,0.008441040975666746,0.015724539910220034,0.013142907078066592,0.008657293636139544,0.0030806430850516143,0.010210702562281602,0.005552003942691659,0.0022450992772565766,0.0017487197057775013
0.0049800531922285386,0.0029969960827140743,0.023859245262185743,0.015440688326969487,0.006006389342827885,0.006684800754635757,0.011774752489449558,0.0004082275909047238,0.008815667753690288,0.005539726205368072,0.00018527967612456543,0.007726001564854316,0.005352887676517528,0.0,0.0013142340730657248,0.00746564588407545,0.005970795162448037,0.010144864453098893,0.010823570534878367,0.008657293636139544,0.003974755527807017,0.010210702562281602,0.004340657627345737,0.0016166328395224563,0.0011769528843131212
0.0004698163388894847,0.0,0.0002459715849394813,0.006619862983010961,0.0003467704163625987,0.0,0.002889377361918796,1.1560343402817714e-05,0.0006301335777940242,6.038553757657109e-06,0.00018527967612456543,0.00011037145092649011,0.00035259873634429725,0.0,9.376773594123333e-06,0.0004977097256050301,0.00026511252808836467,0.0,0.0,0.0,0.0002874729265224909,0.0,0.0,1.940139875161229e-05,0.0
0.0032887143722263932,0.0015773663593231968,0.017955926834019198,0.008627816739871405,0.003325195773339987,0.004010880452781454,0.007308265765228571,1.4170245359825397e-05,0.0039480360850072,0.002859028666035952,0.00018527967612456543,0.006180801251883452,0.002310957234819901,0.0,0.0005747974364482862,0.00547480698165533,0.0030545573694891756,0.00640003176799109,0.007731121810627405,0.0033380130695754282,0.0021480283675376186,0.005105350022671669,0.0019179649979229256,0.0008947737936187022,0.0003838443816907829
0.007517061422231755,0.0034702059905110326,0.023859245262185743,0.024668935274966594,0.008334026384165876,0.007353280830099332,0.018376105961392893,0.0020542149147189065,0.011272595176870223,0.005820408578817745,0.00018527967612456543,0.00993343058338412,0.0077598675098928096,0.0,0.0015699225289785303,0.01094961396331066,0.007100405056661393,0.009055230873493665,0.010823570534878367,0.008657293636139544,0.0048216154494394835,0.010210702562281602,0.004643494206499475,0.0022454875699908757,0.001937800801595883
0.003946457246671672,0.0015773663593231968,0.017955926834019198,0.009578467149294766,0.004370257302103983,0.004010880452781454,0.007918356667695506,2.5223628927050324e-05,0.004096715779756643,0.0037419342378353284,0.00018527967612456543,0.005960058350030472,0.002459558289727573,0.0,0.000899450844204536,0.0049770972560503,0.007655456700787491,0.013939795247340304,0.007731121810627405,0.0033380130695754282,0.0020803718060461596,0.005105350022671669,0.0015141828932306288,0.0008224750591525733,3.967506067932948e-07
0.01409449016668454,0.005836255529495828,0.023859245262185743,0.02234286791060501,0.014242695690654953,0.01069568120741721,0.02275247775568585,0.0023279843420689985,0.011435444716475467,0.007221084227953297,0.0011719783889200335,0.018763146657503338,0.009355576429699164,0.0,0.005313932060804067,0.023392357103436415,0.011050493032816872,0.017340203500012412,0.013142907078066592,0.008657293636139544,0.0083764185469121,0.010210702562281602,0.006157677099730104,0.0036793281776607164,0.007427633032603838
0.0049800531922285386,0.0015773663593231968,0.017955926834019198,0.0146186488133862,0.004731278557495181,0.004010880452781454,0.011001119469650645,0.00028955096034496085,0.005028100916492129,0.003026548777625811,0.0011719783889200335,0.0032007720768682164,0.0032104329585569687,0.0,0.0007603136693972389,0.00846106533528551,0.0036539422139310624,0.0061307544992558125,0.005411785267439184,0.0033380130695754282,0.002148604813619707,0.005105350022671669,0.0019179649979229256,0.0007243690730982119,0.000585285773776729
0.010899739062236045,0.007255885252886705,0.026810904458559055,0.017489974710326598,0.011749477471353664,0.012701121433807938,0.01686057565991368,0.0007346872906550504,0.01367719445524148,0.009730724969067257,0.0011719783889200335,0.01478977442414969,0.009766505907813824,0.0,0.00449781328839523,0.015926711219360963,0.009730250383971151,0.015455262641484755,0.016235355802317553,0.013976574202703661,0.008847180847356256,0.015316052584953272,0.00918604288619136,0.0033825600178862504,0.0020908768519842472
0.0032887143722263932,0.0020505762671201556,0.023859245262185743,0.011521838677254164,0.004778781354257182,0.005347840603708605,0.007860125647570663,0.00012251760257184086,0.007490720826097319,0.005241519087392991,0.010052268641672978,0.0022074290185298043,0.003925539799977518,0.0,0.0008393840829671844,0.00547480698165533,0.0039607279465371644,0.005592199961785255,0.010823570534878367,0.008657293636139544,0.0021833768533323873,0.010210702562281602,0.0037349844703072916,0.0008042661631316467,0.0011693820170978174
0.0010335959455568663,0.0,0.0002459715849394813,0.011426995061096637,0.001073563206821196,0.0,0.005708544394029903,7.305606065416564e-05,0.0011114975659880838,2.0296620639662957e-05,0.00018527967612456543,0.0003311143527794705,0.00069662951218298,0.0,2.813032079511435e-05,0.00149312917681509,0.0006809579282830444,0.0,0.0,0.0,0.0003244693530897068,0.0,0.0,4.336887883744106e-05,0.0
0.004040420514449568,0.0015773663593231968,0.017955926834019198,0.015021457401074708,0.004398758980161183,0.004010880452781454,0.010886957432436674,0.00020049128295517948,0.005086306995891573,0.0028829936717093114,0.00018527967612456543,0.006843029957442394,0.0031826262835644645,0.0,0.0007139346111281398,0.006967936158470421,0.004002401151054902,0.007207863574196925,0.007731121810627405,0.0033380130695754282,0.0022896777818928837,0.005105350022671669,0.0019179649979229256,0.0010058418776077971,0.0013722421893536563
0.01042992272334656,0.00488983571390191,0.023859245262185743,0.019947051739030306,0.011236447266324065,0.00935872105649006,0.018538488971996187,0.00135234770386989,0.010463463051008851,0.00657371309407721,0.00018527967612456543,0.014569031522296707,0.007819075463748233,0.0,0.0035880349837112374,0.01692213067057102,0.008827626466919687,0.01413392535237517,0.013142907078066592,0.008657293636139544,0.0069642705242034105,0.010210702562281602,0.005552003942691659,0.0028117231823555824,0.0020489365617495496
0.004510236853339053,0.0015773663593231968,0.017955926834019198,0.013845876314421714,0.004731278557495181,0.004010880452781454,0.010313752966460633,0.00028433639295498897,0.004854435560150556,0.0029039659026391953,0.00018527967612456543,0.007063772859295374,0.0030430097319190568,0.0,0.0007603136693972389,0.00746564588407545,0.004610652634278895,0.008554249895254027,0.007731121810627405,0.0033380130695754282,0.0023573343433843427,0.005105350022671669,0.0019179649979229256,0.0010415798318531505,8.073456456694566e-05
0.008832547171122312,0.0044166258061049506,0.023859245262185743,0.019301967532635876,0.009497844904834872,0.008690240981026484,0.017115278818905476,0.001269974608339338,0.010205074467136754,0.006246061152508788,0.00018527967612456543,0.012582345405619885,0.007300145800953695,0.0,0.0028027061551092847,0.013935872316940842,0.007925002546665593,0.013069340827336745,0.010823570534878367,0.008657293636139544,0.006142887349247381,0.010210702562281602,0.00524916736353792,0.0025181793649730684,0.0024129686608665548
0.0,0.0,0.0002459715849394813,0.0,0.0,0.0,0.0,1.252172328276767e-08,0.0,0.0,0.00018527967612456543,0.0,0.0,0.0,0.0,0.0,0.0,0.0,0.0,0.0,0.0002536446457767613,0.0,0.0,0.0,0.0
0.003852493978893775,0.0015773663593231968,0.017955926834019198,0.01587726419434054,0.003990234928007985,0.004010880452781454,0.01136980680181152,0.0001933439788489723,0.005286346828766546,0.002871920816638046,0.00018527967612456543,0.006622287055589413,0.0033002348652222823,0.0,0.0006675555528590408,0.00647022643286539,0.0038897948298750595,0.007207863574196925,0.007731121810627405,0.0033380130695754282,0.002283341490520537,0.005105350022671669,0.0019179649979229256,0.000985777022406154,0.001494560545700977
0.003852493978893775,0.0015773663593231968,0.017955926834019198,0.015657684616076993,0.003990234928007985,0.004010880452781454,0.011236403367502713,0.00021564376242228563,0.005239761758478928,0.002871969684737343,0.00018527967612456543,0.006622287055589413,0.0032677415248810356,0.0,0.0006675555528590408,0.00647022643286539,0.0038897948298750595,0.007207863574196925,0.007731121810627405,0.0033380130695754282,0.002283341490520537,0.005105350022671669,0.0019179649979229256,0.0009902661355459983,0.0004937455982290569
0.001691338820002145,0.0009464198155939181,0.017955926834019198,0.013415020587324755,0.002327637041337991,0.0026739203018543026,0.008044033583005742,0.00014079233653262375,0.00467342322152141,0.0024669422170856673,0.00018527967612456543,0.003752629331500667,0.0024901696657953485,0.0,0.00028106340087143583,0.0029862583536301806,0.002533198958499812,0.005078694478881503,0.007731121810627405,0.0033380130695754282,0.0014038061911315675,0.005105350022671669,0.0015141828932306288,0.0006598894803662435,0.0001393820949901826
0.0005637796066673817,0.00015773663593231967,0.0002459715849394813,0.005920529704339664,0.0003325195773339986,0.0006684800754635757,0.0026282311783259035,4.2602338502698837e-07,0.0005429739364644189,0.0001752241494531712,0.00018527967612456543,0.000551857254632451,0.0003207303430689054,0.0,2.813032079511435e-05,0.00099541945121006,0.0006809579282830444,0.002141693599979535,0.0,0.0,0.0004227860495054093,0.0,0.0001009455255385596,5.52141640260332e-05,0.0
0.0012215224811126602,0.0015773663593231968,0.023859245262185743,0.00810193287596291,0.002992676196005989,0.00467936052824503,0.004215244347629752,1.7030003008778369e-06,0.006259210342787606,0.004915103269686776,0.00018527967612456543,0.000993343058338412,0.0025965463097037196,0.0,0.0004101927464293625,0.00149312917681509,0.0021847400181733423,0.003989060899276277,0.008504233991690145,0.008657293636139544,0.0018435738408260523,0.010210702562281602,0.0034321478911535546,0.0004508829034824357,0.0011693820170978174
0.0005637796066673817,0.00015773663593231967,0.0002459715849394813,0.005920529704339664,0.0003325195773339986,0.0006684800754635757,0.0026282311783259035,4.2602338502698837e-07,0.0005429739364644189,0.0001752241494531712,0.00018527967612456543,0.000551857254632451,0.0003207303430689054,0.0,2.813032079511435e-05,0.00099541945121006,0.0006809579282830444,0.002141693599979535,0.0,0.0,0.0004227860495054093,0.0,0.0001009455255385596,5.52141640260332e-05,0.0
0.0019732286233358357,0.0009464198155939181,0.017955926834019198,0.014315296858205305,0.00267440745770059,0.0026739203018543026,0.008423268398087224,5.990172851941601e-05,0.004786362809149723,0.002472954254457593,0.00018527967612456543,0.003973372233353648,0.0025825406444226475,0.0,0.0003119827730508352,0.0034839680792352105,0.0026458052828822838,0.005078694478881503,0.007731121810627405,0.0033380130695754282,0.0014714627526230266,0.005105350022671669,0.0015141828932306288,0.0006637397835635121,0.0012274465405384901
0.0005637796066673817,0.0,0.0002459715849394813,0.011492130851959688,0.0003467704163625987,0.0,0.004520047824537906,3.14468243428587e-05,0.0010141898779044136,6.137098665050175e-06,0.00018527967612456543,0.00011037145092649011,0.0005515939773559574,0.0,9.376773594123333e-06,0.0004977097256050301,0.00026511252808836467,0.0,0.0,0.0,0.0002874729265224909,0.0,0.0,2.1144704145621913e-05,0.0
0.0007517061422231756,0.0006309465437292787,0.017955926834019198,0.011421090400168536,0.0010070592913543962,0.002005440226390727,0.005738234461306977,0.00022787995734142283,0.00420074663111173,0.002274170201873254,0.00018527967612456543,0.0004414858037059607,0.0019285415871507035,0.0,0.00011100685388473926,0.0004977097256050301,0.0005612582935154138,0.0013213372891095877,0.005411785267439184,0.0033380130695754282,0.000862553699199894,0.005105350022671669,0.00131229184088448,0.0002081721933887501,0.000585285773776729
0.0,0.0,0.0002459715849394813,0.008747201603011331,0.0,0.0,0.0034264927501148528,5.750918824463158e-05,0.0008183825408598056,4.681248266645085e-09,0.00018527967612456543,0.0,0.00041814441782223125,0.0,0.0,0.0,0.0,0.0,0.0,0.0,0.0002536446457767613,0.0,0.0,4.917273208887909e-06,0.0
0.001785302087780042,0.00015773663593231967,0.0002459715849394813,0.008797206700246146,0.00249898641550807,0.0006684800754635757,0.005819696841051644,8.41861271445316e-06,0.0009343178049855224,0.00021626589991767517,0.00018527967612456543,0.0012140859601913923,0.0007101937534710218,0.0,0.00011252128324417918,0.00398167780484024,0.0032629234016857524,0.002141693599979535,0.0,0.0,0.0006070995127885528,0.0,0.0001009455255385596,0.00012038618000511737,0.0
0.001785302087780042,0.00015773663593231967,0.0002459715849394813,0.008797206700246146,0.00249898641550807,0.0006684800754635757,0.005819696841051644,8.41861271445316e-06,0.0009343178049855224,0.00021626589991767517,0.00018527967612456543,0.0012140859601913923,0.0007101937534710218,0.0,0.00011252128324417918,0.00398167780484024,0.0032629234016857524,0.002141693599979535,0.0,0.0,0.0006070995127885528,0.0,0.0001009455255385596,0.00012038618000511737,0.0
0.002912861301114805,0.0009464198155939181,0.017955926834019198,0.011064227455326774,0.004826623458746173,0.0026739203018543026,0.008022785859399502,1.933143695209163e-05,0.004331382959584042,0.002528520924330883,0.00018527967612456543,0.005297829644471531,0.002484994316233259,0.0,0.0004974990059997879,0.00647022643286539,0.00496088490300231,0.005078694478881503,0.007731121810627405,0.0033380130695754282,0.00184008967945994,0.005105350022671669,0.0015141828932306288,0.0007668841390553056,0.00016419098256944127
0.0005637796066673817,0.0,0.0002459715849394813,0.007973137459468828,0.0003325195773339986,0.0,0.0035252892419274187,1.1977216651095155e-06,0.0007735674667264204,6.114611572918364e-06,0.00018527967612456543,0.00011037145092649011,0.0004302008279006115,0.0,9.376773594123333e-06,0.0004977097256050301,0.00026511252808836467,0.0,0.0,0.0,0.0002874729265224909,0.0,0.0,1.8495355059406076e-05,0.0
0.0023490816944474234,0.00015773663593231967,0.0002459715849394813,0.01808726806733425,0.0025006829436924113,0.0006684800754635757,0.010660602175738025,0.0007972833210374159,0.0017788756906938112,0.00021556378392950356,0.00018527967612456543,0.0012140859601913923,0.001300942863678276,0.0,9.845612278927241e-05,0.00398167780484024,0.002462265838635077,0.002141693599979535,0.0,0.0,0.0006042441644950017,0.0,0.0001009455255385596,0.00025466707588765795,0.0
0.005637796066673817,0.0018928396311878363,0.017955926834019198,0.02245819331935687,0.005550362493912687,0.00467936052824503,0.016557132530515238,0.0015091111355677546,0.006500180500415274,0.0030853817653205317,0.00018527967612456543,0.008388230270413258,0.004563722112567621,0.0,0.0008376120998457372,0.008958775060890541,0.0047941920753234715,0.006656784509442966,0.007731121810627405,0.0033380130695754282,0.002720250573363528,0.005105350022671669,0.002119856050269074,0.0014049451475056198,0.0012913105479398456
0.009302363510011798,0.00536304562169887,0.026810904458559055,0.02565298392276449,0.010915464085203858,0.01069568120741721,0.02030035876071911,0.0028209838801685635,0.016309614936578395,0.009026229952000718,0.0011719783889200335,0.011478630896354982,0.011435405159121764,0.0,0.002403571838123776,0.012940452865730782,0.008640540369081217,0.010107290893867976,0.016235355802317553,0.013976574202703661,0.006781531299070261,0.015316052584953272,0.007974696572114469,0.0032403376743599093,0.00263986687034089
0.001597375552224248,0.0,0.0002459715849394813,0.01667863739467549,0.0018356437890244134,0.0,0.008950313941968298,0.0006946644455223703,0.0016143088249180161,3.351427831303291e-05,0.00018527967612456543,0.000551857254632451,0.0010922316447974012,0.0,4.688386799610537e-05,0.0024885486280251503,0.0019355874424548723,0.0,0.0,0.0,0.0004012744800206242,0.0,0.0,0.0001229334749117674,0.0
0.0053559062633401254,0.0029969960827140743,0.023859245262185743,0.018053131746343702,0.006158398292466285,0.006684800754635757,0.013088458461845713,0.0012895655472118758,0.009456036354887102,0.0055964141125783694,0.00018527967612456543,0.003311143527794707,0.005831890018300363,0.0,0.0011863898445995476,0.00746564588407545,0.004826998641059103,0.007182814519630121,0.010823570534878367,0.008657293636139544,0.0039102208200292275,0.010210702562281602,0.004340657627345737,0.0012692610513467002,0.0011693820170978174
0.004040420514449568,0.00047320990779695907,0.0002459715849394813,0.01801917994600715,0.004163280828462294,0.002005440226390727,0.012303588970277512,0.0011253563295373294,0.0018276005680379593,0.0006243335354982876,0.00018527967612456543,0.002648914822235765,0.0015014411009949958,0.0,0.00027661482120505925,0.00746564588407545,0.00339946965302175,0.005078694478881503,0.0,0.0,0.0010440118141894865,0.0,0.00030283657788470803,0.00045121805069527835,0.0
0.004040420514449568,0.00047320990779695907,0.0002459715849394813,0.01801917994600715,0.004163280828462294,0.002005440226390727,0.012303588970277512,0.0011253563295373294,0.0018276005680379593,0.0006243335354982876,0.00018527967612456543,0.002648914822235765,0.0015014411009949958,0.0,0.00027661482120505925,0.00746564588407545,0.00339946965302175,0.005078694478881503,0.0,0.0,0.0010440118141894865,0.0,0.00030283657788470803,0.00045121805069527835,0.0
0.002724934765559011,0.00031547327186463934,0.0002459715849394813,0.02036314581380702,0.0020521208201183918,0.0013369601509271513,0.011883969465460838,0.0007118220543538908,0.0019362750080048098,0.00039000206437661273,0.00018527967612456543,0.001545200312970863,0.0014502337688053631,0.0,0.00010314450954810098,0.00398167780484024,0.0018504677018198207,0.00428338722257836,0.0,0.0,0.0006965804412927322,0.0,0.00020189105234614857,0.0002845718406252373,0.0
0.002724934765559011,0.00031547327186463934,0.0002459715849394813,0.02036314581380702,0.0020521208201183918,0.0013369601509271513,0.011883969465460838,0.0007118220543538908,0.0019362750080048098,0.00039000206437661273,0.00018527967612456543,0.001545200312970863,0.0014502337688053631,0.0,0.00010314450954810098,0.00398167780484024,0.0018504677018198207,0.00428338722257836,0.0,0.0,0.0006965804412927322,0.0,0.00020189105234614857,0.0002845718406252373,0.0
0.001785302087780042,0.00015773663593231967,0.0002459715849394813,0.0038079527366595305,0.0031628945509114786,0.0006684800754635757,0.004542347696541448,1.427393772276934e-06,0.0005561248484569021,0.000250185191708054,0.00018527967612456543,0.001545200312970863,0.0005543152932118354,0.0,0.00014065160395008302,0.00547480698165533,0.004020134431821742,0.002141693599979535,0.0,0.0,0.0007107876918943007,0.0,0.0001009455255385596,0.00019327014388389265,0.0
0.001691338820002145,0.0009464198155939181,0.017955926834019198,0.012628593559964051,0.0016720984460223934,0.0026739203018543026,0.007918801193907577,0.00023786922410171964,0.004646046146937199,0.002455318663388364,0.00018527967612456543,0.003311143527794707,0.002459666564438231,0.0,0.00021922465651263705,0.0019908389024201204,0.0022317332078819214,0.005078694478881503,0.007731121810627405,0.0033380130695754282,0.0012684930681486491,0.005105350022671669,0.0015141828932306288,0.0006402497565616382,0.0003721395174256411
0.0019732286233358357,0.00015773663593231967,0.0002459715849394813,0.019585206736530452,0.0016863492850509934,0.0006684800754635757,0.010456566083824198,0.000518329918622027,0.0018221186903717688,0.0002001653592695107,0.00018527967612456543,0.000993343058338412,0.001276043772874263,0.0,7.032580199415804e-05,0.0029862583536301806,0.0013982690790956148,0.002141693599979535,0.0,0.0,0.0005580991724883276,0.0,0.0001009455255385596,0.00020272812938834487,0.0
0.0030068245688927024,0.0012618930874585574,0.017955926834019198,0.019695919128932243,0.0033489471717209874,0.0033424003773178785,0.011866755394885724,0.0005654748039291259,0.0057011391782885385,0.0026672092599077167,0.00018527967612456543,0.005297829644471531,0.0034212776222438796,0.0,0.00043566026164098913,0.0049770972560503,0.0029437243735036503,0.005604724489068656,0.007731121810627405,0.0033380130695754282,0.001877402121571782,0.005105350022671669,0.0017160739455767773,0.000890549383134668,0.0007896335443986207
0.0023490816944474234,0.0012618930874585574,0.017955926834019198,0.015786110991263067,0.00267440745770059,0.0033424003773178785,0.009038025324983285,0.00018683681683986212,0.004927781092541157,0.0026539060358562057,0.00018527967612456543,0.00485634384076557,0.002732278212322564,0.0,0.0003583618313199342,0.00398167780484024,0.0026041320751619165,0.005604724489068656,0.007731121810627405,0.0033380130695754282,0.0017420889985888637,0.005105350022671669,0.0017160739455767773,0.0007798690987709517,0.0003243845945707291
0.00770498795778755,0.00488983571390191,0.023859245262185743,0.020069204411980276,0.006992411683366373,0.00935872105649006,0.0156577368490916,0.0008844403028225796,0.00996783265039094,0.006804906258498254,0.00018527967612456543,0.011478630896354982,0.006768698094636778,0.0,0.002181748476828023,0.0099541945121006,0.009951029711743728,0.017634529823314496,0.010823570534878367,0.008657293636139544,0.005699997845839226,0.010210702562281602,0.00524916736353792,0.0021642824422537918,0.0020717371698936947
0.0031007878366705994,0.00047320990779695907,0.0002459715849394813,0.017218544828288215,0.0020046180233563925,0.002005440226390727,0.010257030415317522,0.0006924938603719525,0.001645752662823136,0.0005806366479935124,0.00018527967612456543,0.0019866861166768237,0.0012516938820699367,0.0,0.00011252128324417918,0.004479387530445271,0.0029525910154883863,0.005078694478881503,0.0,0.0,0.000862553699199894,0.0,0.00030283657788470803,0.00033207731037659656,0.0
0.0031007878366705994,0.00047320990779695907,0.0002459715849394813,0.017218544828288215,0.0020046180233563925,0.002005440226390727,0.010257030415317522,0.0006924938603719525,0.001645752662823136,0.0005806366479935124,0.00018527967612456543,0.0019866861166768237,0.0012516938820699367,0.0,0.00011252128324417918,0.004479387530445271,0.0029525910154883863,0.005078694478881503,0.0,0.0,0.000862553699199894,0.0,0.00030283657788470803,0.00033207731037659656,0.0
0.0031007878366705994,0.00047320990779695907,0.0002459715849394813,0.017218544828288215,0.0020046180233563925,0.002005440226390727,0.010257030415317522,0.0006924938603719525,0.001645752662823136,0.0005806366479935124,0.00018527967612456543,0.0019866861166768237,0.0012516938820699367,0.0,0.00011252128324417918,0.004479387530445271,0.0029525910154883863,0.005078694478881503,0.0,0.0,0.000862553699199894,0.0,0.00030283657788470803,0.00033207731037659656,0.0
0.005731759334451713,0.0006309465437292787,0.0002459715849394813,0.020526077551291655,0.0036645014643614067,0.0026739203018543026,0.014081787916898002,0.000593527873786983,0.0020420907846074765,0.0008422198384595407,0.00018527967612456543,0.003090400625941726,0.0017184396526807647,0.0,0.0002813032079893766,0.007963355609680482,0.004196580562481161,0.008028219885066874,0.0,0.0,0.00120083650665719,0.0,0.00040378210469229703,0.0004477745712953063,0.0
0.005731759334451713,0.0006309465437292787,0.0002459715849394813,0.020526077551291655,0.0036645014643614067,0.0026739203018543026,0.014081787916898002,0.000593527873786983,0.0020420907846074765,0.0008422198384595407,0.00018527967612456543,0.003090400625941726,0.0017184396526807647,0.0,0.0002813032079893766,0.007963355609680482,0.004196580562481161,0.008028219885066874,0.0,0.0,0.00120083650665719,0.0,0.00040378210469229703,0.0004477745712953063,0.0
0.00826876756445493,0.0022083129030524757,0.017955926834019198,0.02338245727525781,0.006001639063151686,0.005347840603708605,0.01815086010098881,0.0012096063973964964,0.006739361052996139,0.0033607869113098468,0.00018527967612456543,0.00993343058338412,0.004951909507254523,0.0,0.0010849670771534887,0.01094961396331066,0.007492310529902546,0.014991855245095323,0.007731121810627405,0.0033380130695754282,0.0032981899128924253,0.005105350022671669,0.0023217471026152226,0.001534148889667901,0.001593759017870395
9.396326777789692e-05,0.0,0.0002459715849394813,0.005859084326556666,0.0003325195773339986,0.0,0.0019917066660344223,5.087053436072591e-07,0.0005120240575954248,5.604252196595675e-06,0.00018527967612456543,0.00011037145092649011,0.00024305349093888201,0.0,9.376773594123333e-06,0.0004977097256050301,0.00026511252808836467,0.0,0.0,0.0,0.0002874729265224909,0.0,0.0,9.23878741647518e-06,0.0
0.0010335959455568663,0.0009464198155939181,0.017955926834019198,0.008030338862209753,0.0013300783093359951,0.0026739203018543026,0.0040478688640090445,2.0337281351989195e-06,0.003456924163995903,0.0024602484488873517,0.00018527967612456543,0.000993343058338412,0.0015168158752242914,0.0,0.0001573859121538383,0.00149312917681509,0.0011659631199455122,0.003193753620353844,0.005411785267439184,0.0033380130695754282,0.00120083650665719,0.005105350022671669,0.0015141828932306288,0.000262353051397904,0.000585285773776729
0.0006577428744452786,0.00015773663593231967,0.0002459715849394813,0.008020743788201598,0.0006650391546679973,0.0006684800754635757,0.0036736807012969232,1.9051117551851652e-06,0.0007475502385924554,0.00018082731149606106,0.00018527967612456543,0.0006622287055589412,0.0004483094497146727,0.0,2.813032079511435e-05,0.00149312917681509,0.0007554377017390435,0.002141693599979535,0.0,0.0,0.00045661433025113887,0.0,0.0001009455255385596,6.454787416467644e-05,0.0
0.0015034122844463512,0.00015773663593231967,0.0002459715849394813,0.013170715241424805,0.0016625978866699933,0.0006684800754635757,0.007043611096187545,7.545787968207961e-05,0.0012859631146154846,0.0001995005792644731,0.00018527967612456543,0.000993343058338412,0.0008595514064789231,0.0,7.032580199415804e-05,0.0029862583536301806,0.0013982690790956148,0.002141693599979535,0.0,0.0,0.0005580991724883276,0.0,0.0001009455255385596,0.0001549509834378124,0.0
0.0026309714977811142,0.0012618930874585574,0.017955926834019198,0.013328849441905367,0.003325195773339987,0.0033424003773178785,0.008635587258157081,8.26914486317389e-05,0.004671860257549645,0.002666385958728487,0.00018527967612456543,0.005297829644471531,0.002634255572008858,0.0,0.00043566026164098913,0.0049770972560503,0.0029437243735036503,0.005604724489068656,0.007731121810627405,0.0033380130695754282,0.001877402121571782,0.005105350022671669,0.0017160739455767773,0.0007972634593032783,0.001260495144719632
0.0011275592133347635,0.00015773663593231967,0.0002459715849394813,0.011539737180692454,0.001011809571030596,0.0006684800754635757,0.005375318159060397,4.415136662293164e-05,0.0010511146859861404,0.00018707492894630016,0.00018527967612456543,0.0007726001564854315,0.0006559649899960701,0.0,4.2195481199043704e-05,0.0019908389024201204,0.001058676777551251,0.002141693599979535,0.0,0.0,0.0004904426109968684,0.0,0.0001009455255385596,0.00013320629683533875,0.0
0.012403151346682396,0.0044166258061049506,0.023859245262185743,0.027281009653032807,0.011704689122156756,0.008690240981026484,0.023298139918518625,0.008277323698208461,0.012349144553853275,0.00654219324840673,0.0004671935065616641,0.014569031522296707,0.009554535298747517,0.0,0.0025196225079011756,0.01841525984738611,0.009586610822249996,0.016569945275656785,0.010823570534878367,0.008657293636139544,0.0065634886041121,0.010210702562281602,0.00524916736353792,0.005099763200726882,0.002597503139004033
0.012403151346682396,0.0044166258061049506,0.023859245262185743,0.027281009653032807,0.011704689122156756,0.008690240981026484,0.023298139918518625,0.008277323698208461,0.012349144553853275,0.00654219324840673,0.0004671935065616641,0.014569031522296707,0.009554535298747517,0.0,0.0025196225079011756,0.01841525984738611,0.009586610822249996,0.016569945275656785,0.010823570534878367,0.008657293636139544,0.0065634886041121,0.010210702562281602,0.00524916736353792,0.005099763200726882,0.002597503139004033
0.002912861301114805,0.0012618930874585574,0.017955926834019198,0.012571576677877132,0.002992676196005989,0.0033424003773178785,0.008208714705305,0.00020196320555559405,0.004498356434353964,0.0026729382171380555,0.00018527967612456543,0.00507708674261855,0.0025302813749368868,0.0,0.00043566026164098913,0.004479387530445271,0.0037842818158777456,0.008028219885066874,0.007731121810627405,0.0033380130695754282,0.0018097455600803228,0.005105350022671669,0.0017160739455767773,0.0008199620449992513,1.8240573079084748e-05
0.003946457246671672,0.0012618930874585574,0.017955926834019198,0.01586969884752642,0.004343791456157892,0.0033424003773178785,0.010947609897462518,0.00039219105756270884,0.005211442852058185,0.002700761896668308,0.00018527967612456543,0.005960058350030472,0.003197399524573811,0.0,0.000590257122537986,0.00647022643286539,0.004349086762984424,0.008028219885066874,0.007731121810627405,0.0033380130695754282,0.0020803718060461596,0.005105350022671669,0.0017160739455767773,0.0009319575908888269,0.0003215516509652771
0.0008456694100010725,0.00015773663593231967,0.0002459715849394813,0.008270215712413627,0.0006650391546679973,0.0006684800754635757,0.00406086360666552,1.4917019622838113e-06,0.0008016179163756204,0.00018103239220876156,0.00018527967612456543,0.0006622287055589412,0.000495558453625296,0.0,2.813032079511435e-05,0.00149312917681509,0.000984197004095252,0.002141693599979535,0.0,0.0,0.00045661433025113887,0.0,0.0001009455255385596,0.0001196955176484643,0.0
0.0053559062633401254,0.0006309465437292787,0.0002459715849394813,0.02066114667002183,0.0030639303911489885,0.0026739203018543026,0.013785875204135723,0.0012211580775674318,0.002011262331403559,0.0009343487210293041,0.000678628879389488,0.003090400625941726,0.001682328602987368,0.0,0.0003094335286952804,0.007963355609680482,0.004920985023678891,0.008028219885066874,0.0,0.0,0.001030475209930268,0.0,0.00040378210469229703,0.0005281253855943476,0.0
0.0053559062633401254,0.0006309465437292787,0.0002459715849394813,0.02066114667002183,0.0030639303911489885,0.0026739203018543026,0.013785875204135723,0.0012211580775674318,0.002011262331403559,0.0009343487210293041,0.000678628879389488,0.003090400625941726,0.001682328602987368,0.0,0.0003094335286952804,0.007963355609680482,0.004920985023678891,0.008028219885066874,0.0,0.0,0.001030475209930268,0.0,0.00040378210469229703,0.0005281253855943476,0.0
0.0053559062633401254,0.0006309465437292787,0.0002459715849394813,0.02066114667002183,0.0030639303911489885,0.0026739203018543026,0.013785875204135723,0.0012211580775674318,0.002011262331403559,0.0009343487210293041,0.000678628879389488,0.003090400625941726,0.001682328602987368,0.0,0.0003094335286952804,0.007963355609680482,0.004920985023678891,0.008028219885066874,0.0,0.0,0.001030475209930268,0.0,0.00040378210469229703,0.0005281253855943476,0.0
0.011181628865569738,0.00536304562169887,0.023859245262185743,0.020816697581346348,0.010137096829010761,0.010027201131953635,0.01775926268590275,0.002054897775827936,0.010298803656883347,0.00806066005179044,0.003145376120776591,0.014127545718590748,0.007534954645080278,0.0,0.003916777284352621,0.014433582042545872,0.014690248622774987,0.024623214237909752,0.013142907078066592,0.008657293636139544,0.00566408896751128,0.010210702562281602,0.00524916736353792,0.0028122659373621566,0.0005504379416620165
0.008456694100010726,0.0022083129030524757,0.017955926834019198,0.02650325509641023,0.008908810224986075,0.005347840603708605,0.021120103346589997,0.002267405108394091,0.007336127395403345,0.0034635440372433263,0.0011719783889200335,0.011920116700060941,0.005675133991132655,0.0,0.0017651932653551619,0.015429001493755931,0.00854389399706864,0.013914746192773499,0.007731121810627405,0.0033380130695754282,0.003483759692354348,0.005105350022671669,0.0023217471026152226,0.0020235100281503094,0.01272908865259813
0.008590963815428588,0.01072609124339774,0.023446012961233914,0.017614710672432615,0.01319152666080735,0.017380481962052968,0.015392427491959357,0.0013378765237414853,0.01692632316685349,0.018359421205617354,0.03643738095993235,0.013244574111178827,0.011426766500603949,0.007137955065950365,0.005910854478895954,0.009456484786495571,0.02064774382224592,0.026458057009923094,0.019327804526568515,0.019295854769267776,0.004559416247678088,0.020421405124563204,0.011608735515614173,0.0038383205581548605,0.0012185050803179007
0.00731050110245501,0.006624938709157426,0.024591625691408756,0.017606407243002477,0.009538561589809563,0.012032641358344361,0.014227560897282152,0.0010947196322115245,0.013024893415860423,0.011885082832532876,0.004369666515634388,0.011478630896354982,0.008489031063826945,0.005948295900188562,0.0031601693787455705,0.0099541945121006,0.012863720847908692,0.024353936969174476,0.018554692345505774,0.013976574202703661,0.003917550999821195,0.015316052584953272,0.007974696572114469,0.0026686461082597868,0.0011693820170978174
0.0003758530711115877,0.0006309465437292787,0.017955926834019198,0.002994401173160382,0.0009975587320019963,0.002005440226390727,0.0012962242175493098,1.0540112342127181e-07,0.002456772260255044,0.002273718183533174,0.00018527967612456543,0.0004414858037059607,0.0008465923155498458,0.0,0.00011100685388473926,0.0004977097256050301,0.0005612582935154138,0.0013213372891095877,0.005411785267439184,0.0033380130695754282,0.000862553699199894,0.005105350022671669,0.00131229184088448,0.00017933466830845297,0.000585285773776729
0.0,0.0,0.0002459715849394813,0.0014794866037959045,0.0,0.0,0.0002615083171315465,2.2259820626666223e-08,9.811837877840648e-05,0.0,0.00018527967612456543,0.0,3.191258554509494e-05,0.0,0.0,0.0,0.0,0.0,0.0,0.0,0.0002536446457767613,0.0,0.0,8.268140496817527e-10,0.0
0.0010335959455568663,0.00015773663593231967,0.0002459715849394813,0.008832265624506707,0.0007410436294871971,0.0006684800754635757,0.0045801663570995,3.090939161208694e-05,0.000857959994376312,0.0001834550628777114,0.00018527967612456543,0.0006622287055589412,0.0005589304092040222,0.0,4.2195481199043704e-05,0.00149312917681509,0.000907943905444936,0.002141693599979535,0.0,0.0,0.00040723354330370883,0.0,0.0001009455255385596,7.648094465901856e-05,0.0
0.0010335959455568663,0.00015773663593231967,0.0002459715849394813,0.008832265624506707,0.0007410436294871971,0.0006684800754635757,0.0045801663570995,3.090939161208694e-05,0.000857959994376312,0.0001834550628777114,0.00018527967612456543,0.0006622287055589412,0.0005589304092040222,0.0,4.2195481199043704e-05,0.00149312917681509,0.000907943905444936,0.002141693599979535,0.0,0.0,0.00040723354330370883,0.0,0.0001009455255385596,7.648094465901856e-05,0.0
0.0008456694100010725,0.00015773663593231967,0.0002459715849394813,0.004877065405952803,0.0009975587320019963,0.0006684800754635757,0.0026878588496411474,2.459604530077321e-07,0.0004765502719762307,0.00018673197229053968,0.00018527967612456543,0.0007726001564854315,0.0003280068731300855,0.0,4.2195481199043704e-05,0.0019908389024201204,0.0009061705770479888,0.002141693599979535,0.0,0.0,0.0004904426109968684,0.0,0.0001009455255385596,7.359022248098881e-05,0.0
0.005919685870007507,0.0022083129030524757,0.017955926834019198,0.01657567486974183,0.005800091484640177,0.005347840603708605,0.012400910032972645,0.0008561371659744384,0.005240512999708977,0.004068429921769585,0.0021586774079811236,0.00993343058338412,0.0035513827308364886,0.0,0.0015796770315141043,0.01094961396331066,0.010344708516584459,0.021454509649503427,0.007731121810627405,0.0033380130695754282,0.0024139885068925307,0.005105350022671669,0.002119856050269074,0.0014400647908378093,6.549991835787485e-06
0.003946457246671672,0.0012618930874585574,0.017955926834019198,0.01586969884752642,0.004343791456157892,0.0033424003773178785,0.010947609897462518,0.00039219105756270884,0.005211442852058185,0.002700761896668308,0.00018527967612456543,0.005960058350030472,0.003197399524573811,0.0,0.000590257122537986,0.00647022643286539,0.004272833661131478,0.008028219885066874,0.007731121810627405,0.0033380130695754282,0.0020803718060461596,0.005105350022671669,0.0017160739455767773,0.0009319575908888269,0.000211408777239229
0.0020671918911137326,0.00015773663593231967,0.0002459715849394813,0.01829337763785558,0.001848537405220524,0.0006684800754635757,0.010597917987803901,0.0016762855120146755,0.0017877141232151737,0.00020375522117302834,0.00018527967612456543,0.000993343058338412,0.0012932933384989448,0.0,8.439096238534306e-05,0.0029862583536301806,0.0015507752795988772,0.002141693599979535,0.0,0.0,0.0005327631404994305,0.0,0.0001009455255385596,0.0002876843813703673,0.0
0.0020671918911137326,0.00015773663593231967,0.0002459715849394813,0.01829337763785558,0.001848537405220524,0.0006684800754635757,0.010597917987803901,0.0016762855120146755,0.0017877141232151737,0.00020375522117302834,0.00018527967612456543,0.000993343058338412,0.0012932933384989448,0.0,8.439096238534306e-05,0.0029862583536301806,0.0015507752795988772,0.002141693599979535,0.0,0.0,0.0005327631404994305,0.0,0.0001009455255385596,0.0002876843813703673,0.0
0.0019732286233358357,0.00015773663593231967,0.0002459715849394813,0.01470426639684359,0.0024056773501684114,0.0006684800754635757,0.008734483176417075,7.136741945342789e-05,0.0014811178242981333,0.00021548881983054314,0.00018527967612456543,0.0012140859601913923,0.0010658932178341028,0.0,9.845612278927241e-05,0.00398167780484024,0.002462265838635077,0.002141693599979535,0.0,0.0,0.0006042441644950017,0.0,0.0001009455255385596,0.000126697694103547,0.0
0.002912861301114805,0.00015773663593231967,0.0002459715849394813,0.019649788965431497,0.0032417265731796083,0.0006684800754635757,0.011926625665393691,0.0002698664989903844,0.0019265566130838247,0.00024972081473004524,0.00018527967612456543,0.001545200312970863,0.0014554392234429813,0.0,0.00014065160395008302,0.00547480698165533,0.0037913751294655347,0.002141693599979535,0.0,0.0,0.0006750688718079471,0.0,0.0001009455255385596,0.00022301132755856982,0.0
0.002912861301114805,0.00015773663593231967,0.0002459715849394813,0.019649788965431497,0.0032417265731796083,0.0006684800754635757,0.011926625665393691,0.0002698664989903844,0.0019265566130838247,0.00024972081473004524,0.00018527967612456543,0.001545200312970863,0.0014554392234429813,0.0,0.00014065160395008302,0.00547480698165533,0.0037913751294655347,0.002141693599979535,0.0,0.0,0.0006750688718079471,0.0,0.0001009455255385596,0.00022301132755856982,0.0
0.001691338820002145,0.00015773663593231967,0.0002459715849394813,0.015702892176307725,0.0013300783093359951,0.0006684800754635757,0.008246012315709964,9.574509251470633e-05,0.0014899636590874725,0.00021174806426618297,0.00018527967612456543,0.000993343058338412,0.0010062837629124723,0.0,7.032580199415804e-05,0.0029862583536301806,0.002427685944502498,0.002141693599979535,0.0,0.0,0.0005580991724883276,0.0,0.0001009455255385596,0.0001570683320591205,0.0
0.001785302087780042,0.00015773663593231967,0.0002459715849394813,0.007446700033598319,0.0013395788686883948,0.0006684800754635757,0.005626919431596019,6.278068675652818e-06,0.000875943590898314,0.00019401396747809342,0.00018527967612456543,0.0008829716074119217,0.000686668591510958,0.0,5.626064159022869e-05,0.0024885486280251503,0.0018575610154076094,0.002141693599979535,0.0,0.0,0.000524270891742598,0.0,0.0001009455255385596,0.0001385791386265783,0.0
0.002255118426669527,0.00015773663593231967,0.0002459715849394813,0.007543204335641882,0.003827933704154392,0.0006684800754635757,0.006787277217368602,6.324003097086301e-06,0.0009447159273985825,0.0002413448645488855,0.00018527967612456543,0.0016555717638973534,0.0008282702716183607,0.0,0.00015471676443047855,0.00597251670726036,0.004094614205277743,0.002141693599979535,0.0,0.0,0.0007446159726400303,0.0,0.0001009455255385596,0.0002030053340684882,0.0
0.002912861301114805,0.00015773663593231967,0.0002459715849394813,0.021642242987355693,0.0023778542837649707,0.0006684800754635757,0.012676641352784526,0.002088625859716215,0.0020690938667197382,0.0002171342322826688,0.00018527967612456543,0.0012140859601913923,0.001546965718134646,0.0,9.845612278927241e-05,0.00398167780484024,0.002462265838635077,0.002141693599979535,0.0,0.0,0.0006042441644950017,0.0,0.0001009455255385596,0.0004214299576137612,0.0
0.00460420012111695,0.0015773663593231968,0.017955926834019198,0.02176421113965166,0.004705491327003073,0.004010880452781454,0.014729074682386378,0.002421363141237327,0.006227514863359111,0.0028902853535894345,0.00018527967612456543,0.007063772859295374,0.004118458424821804,0.0,0.0007139346111281398,0.00746564588407545,0.00430564023006974,0.0061307544992558125,0.007731121810627405,0.0033380130695754282,0.0023756314745338853,0.005105350022671669,0.0019179649979229256,0.0014738772918091315,0.0014495339685642718
0.002912861301114805,0.00015773663593231967,0.0002459715849394813,0.021642242987355693,0.0023778542837649707,0.0006684800754635757,0.012676641352784526,0.002088625859716215,0.0020690938667197382,0.0002171342322826688,0.00018527967612456543,0.0012140859601913923,0.001546965718134646,0.0,9.845612278927241e-05,0.00398167780484024,0.002462265838635077,0.002141693599979535,0.0,0.0,0.0006042441644950017,0.0,0.0001009455255385596,0.0004214299576137612,0.0
0.00460420012111695,0.0015773663593231968,0.017955926834019198,0.02176421113965166,0.004705491327003073,0.004010880452781454,0.014729074682386378,0.002421363141237327,0.006227514863359111,0.0028902853535894345,0.00018527967612456543,0.007063772859295374,0.004118458424821804,0.0,0.0007139346111281398,0.00746564588407545,0.00430564023006974,0.0061307544992558125,0.007731121810627405,0.0033380130695754282,0.0023756314745338853,0.005105350022671669,0.0019179649979229256,0.0014738772918091315,0.0014495339685642718
0.003946457246671672,0.0029969960827140743,0.023859245262185743,0.017382583689696862,0.005001365888334878,0.006684800754635757,0.011221759421217944,0.0013186552650926438,0.008969134527169192,0.005519226459879711,0.00018527967612456543,0.007063772859295374,0.005151255818145998,0.0,0.0010585456166431447,0.00597251670726036,0.003955407961346322,0.007182814519630121,0.010823570534878367,0.008657293636139544,0.0036703010010954505,0.010210702562281602,0.004340657627345737,0.0016272027126428734,0.002330436743914361
0.0032887143722263932,0.00015773663593231967,0.0002459715849394813,0.02250044854912356,0.0032675138060468574,0.0006684800754635757,0.014365337561005153,0.003910699113341943,0.002218272947648894,0.0002749312746988,0.00018527967612456543,0.0016555717638973534,0.0017530420026963807,0.0,0.00015471676443047855,0.00597251670726036,0.004247120408983634,0.002141693599979535,0.0,0.0,0.0006943823878603732,0.0,0.0001009455255385596,0.0007580634096789176,0.0
0.0032887143722263932,0.00015773663593231967,0.0002459715849394813,0.02250044854912356,0.0032675138060468574,0.0006684800754635757,0.014365337561005153,0.003910699113341943,0.002218272947648894,0.0002749312746988,0.00018527967612456543,0.0016555717638973534,0.0017530420026963807,0.0,0.00015471676443047855,0.00597251670726036,0.004247120408983634,0.002141693599979535,0.0,0.0,0.0006943823878603732,0.0,0.0001009455255385596,0.0007580634096789176,0.0
0.0032887143722263932,0.00015773663593231967,0.0002459715849394813,0.02250044854912356,0.0032675138060468574,0.0006684800754635757,0.014365337561005153,0.003910699113341943,0.002218272947648894,0.0002749312746988,0.00018527967612456543,0.0016555717638973534,0.0017530420026963807,0.0,0.00015471676443047855,0.00597251670726036,0.004247120408983634,0.002141693599979535,0.0,0.0,0.0006943823878603732,0.0,0.0001009455255385596,0.0007580634096789176,0.0
0.0014094490166684543,0.00015773663593231967,0.0002459715849394813,0.014259387100042395,0.0013368644230234154,0.0006684800754635757,0.007516913099668866,0.0003253866073574504,0.0013662678821266476,0.00019398180794376544,0.00018527967612456543,0.0008829716074119217,0.000917309762879714,0.0,7.032580199415804e-05,0.0024885486280251503,0.0011331565510072502,0.002141693599979535,0.0,0.0,0.000524270891742598,0.0,0.0001009455255385596,0.00012415517386181446,0.0
0.0014094490166684543,0.00015773663593231967,0.0002459715849394813,0.014259387100042395,0.0013368644230234154,0.0006684800754635757,0.007516913099668866,0.0003253866073574504,0.0013662678821266476,0.00019398180794376544,0.00018527967612456543,0.0008829716074119217,0.000917309762879714,0.0,7.032580199415804e-05,0.0024885486280251503,0.0011331565510072502,0.002141693599979535,0.0,0.0,0.000524270891742598,0.0,0.0001009455255385596,0.00012415517386181446,0.0
0.0023490816944474234,0.00015773663593231967,0.0002459715849394813,0.017891860694745094,0.0016693840003574139,0.0006684800754635757,0.01037016258177319,0.00040574942886838737,0.0017602490755230886,0.00020057569169941612,0.00018527967612456543,0.000993343058338412,0.0012654997144059806,0.0,7.032580199415804e-05,0.0029862583536301806,0.0018557876870106617,0.002141693599979535,0.0,0.0,0.0005580991724883276,0.0,0.0001009455255385596,0.00019027169900835293,0.0
0.001785302087780042,0.00015773663593231967,0.0002459715849394813,0.014941559957891426,0.0018339472608400725,0.0006684800754635757,0.00834437771595977,5.761336751244272e-05,0.0014589131378442593,0.0002015124116151966,0.00018527967612456543,0.000993343058338412,0.0010182875655175001,0.0,7.032580199415804e-05,0.0029862583536301806,0.0021226735402933433,0.002141693599979535,0.0,0.0,0.000519742138911864,0.0,0.0001009455255385596,0.00015309389949203699,0.0
0.0008456694100010725,0.0,0.0002459715849394813,0.009520527663937833,0.0008363885288380762,0.0,0.004612003178680011,7.362121021483034e-06,0.0009228745748625267,1.4167758691502728e-05,0.00018527967612456543,0.00022074290185298035,0.0005628155446545989,0.0,1.8753547200991016e-05,0.00099541945121006,0.0005683516039005722,0.0,0.0,0.0,0.0002829441736917568,0.0,0.0,2.8238622695852692e-05,0.0
0.0023490816944474234,0.00015773663593231967,0.0002459715849394813,0.01380509724988706,0.002023958447888072,0.0006684800754635757,0.008442916595024254,3.495116135401918e-05,0.0014149668871207054,0.00020639544163301502,0.00018527967612456543,0.0011037145092649022,0.0010303125381415342,0.0,8.439096238534306e-05,0.0034839680792352105,0.0021209002118963965,0.002141693599979535,0.0,0.0,0.0005919274532340572,0.0,0.0001009455255385596,0.0001599782109972669,0.0
0.0021611551588916296,0.0009464198155939181,0.017955926834019198,0.01573315356356421,0.002327637041337991,0.0026739203018543026,0.008774334530659561,0.000102731166801682,0.004959933786574595,0.00249800935683546,0.00018527967612456543,0.0014348288620443727,0.002668050520244848,0.0,0.0003119827730508352,0.0034839680792352105,0.002912691136164966,0.003193753620353844,0.005411785267439184,0.0033380130695754282,0.0014714627526230266,0.005105350022671669,0.0015141828932306288,0.0004147694534986157,0.000585285773776729
0.0003758530711115877,0.0,0.0002459715849394813,0.012351259016997568,0.0003325195773339986,0.0,0.0050643464262571354,2.5917881772595996e-05,0.0011123256591301306,6.221058313381426e-06,0.00018527967612456543,0.00011037145092649011,0.0006180162467543922,0.0,9.376773594123333e-06,0.0004977097256050301,0.00026511252808836467,0.0,0.0,0.0,0.0002874729265224909,0.0,0.0,2.0659273423404055e-05,0.0
0.0012337124241669586,0.0018928396311878363,0.002991014648546841,0.013907321692204705,0.004232499191494184,0.00467936052824503,0.009419402815992519,0.0004515484356274852,0.004629934434517588,0.00502591270909189,0.029037139235771045,0.007284515761148355,0.002825171086393761,0.03568977532975182,0.0007165992379184247,0.00647022643286539,0.009518337698183311,0.020120647833110433,0.007731121810627405,0.0033380130695754282,0.00011882747827066422,0.005105350022671669,0.0017160739455767773,0.0010489398415108927,0.0
0.0012337124241669586,0.0018928396311878363,0.002991014648546841,0.013907321692204705,0.004232499191494184,0.00467936052824503,0.009419402815992519,0.0004515484356274852,0.004629934434517588,0.00502591270909189,0.029037139235771045,0.007284515761148355,0.002825171086393761,0.03568977532975182,0.0007165992379184247,0.00647022643286539,0.009518337698183311,0.020120647833110433,0.007731121810627405,0.0033380130695754282,0.00011882747827066422,0.005105350022671669,0.0017160739455767773,0.0010489398415108927,0.0
0.001785302087780042,0.0009464198155939181,0.017955926834019198,0.014371391137022209,0.001995117464003992,0.0026739203018543026,0.008633355750631998,0.0003422021884869772,0.004862783966090655,0.002461505809371263,0.00018527967612456543,0.003531886429647687,0.0026337120385419247,0.0,0.0002501440286920364,0.0024885486280251503,0.0023443395322643936,0.005078694478881503,0.007731121810627405,0.0033380130695754282,0.0013361496296401083,0.005105350022671669,0.0015141828932306288,0.0006779544660498749,0.0002838596219551745
0.0021611551588916296,0.00031547327186463934,0.0002459715849394813,0.013893667163808491,0.002356138719395191,0.0013369601509271513,0.007962843701243526,0.00027624238042303764,0.0013171858097648058,0.0004875706714356171,0.0026520269175116687,0.0017659432148238432,0.0009717279117578475,0.0,0.00014065160395008302,0.0049770972560503,0.00386762822811585,0.00428338722257836,0.0,0.0,0.0005473494392870778,0.0,0.00020189105234614857,0.0002522441948940361,0.0
0.0021611551588916296,0.00031547327186463934,0.0002459715849394813,0.013893667163808491,0.002356138719395191,0.0013369601509271513,0.007962843701243526,0.00027624238042303764,0.0013171858097648058,0.0004875706714356171,0.0026520269175116687,0.0017659432148238432,0.0009717279117578475,0.0,0.00014065160395008302,0.0049770972560503,0.00386762822811585,0.00428338722257836,0.0,0.0,0.0005473494392870778,0.0,0.00020189105234614857,0.0002522441948940361,0.0
0.0024430449622253204,0.0025237861749171147,0.023859245262185743,0.013750663656956184,0.0036577153506739866,0.006016320679172181,0.007889787774347836,0.00038318570610951724,0.007785750440720159,0.005300501372706528,0.00018527967612456543,0.0020970575676033144,0.003936355177982998,0.0,0.0006110908188594564,0.0034839680792352105,0.0029747576140449652,0.006118229971972408,0.010823570534878367,0.008657293636139544,0.0028584222631979402,0.010210702562281602,0.004037821049461029,0.0008531330663869585,0.0017510989109617296
0.0011275592133347635,0.0009464198155939181,0.017955926834019198,0.010715114377953134,0.0016625978866699933,0.0026739203018543026,0.005056215149393797,0.00010325913704163845,0.0038623118786719843,0.002466255324060848,0.00018527967612456543,0.0011037145092649022,0.0017624207863912546,0.0,0.0001883052843332377,0.0019908389024201204,0.0013929490939047732,0.003193753620353844,0.005411785267439184,0.0033380130695754282,0.0012684930681486491,0.005105350022671669,0.0015141828932306288,0.0003035703142685041,0.000585285773776729
0.0007517061422231756,0.00015773663593231967,0.0002459715849394813,0.010703674097404945,0.0009975587320019963,0.0006684800754635757,0.004679987865789596,9.66843595641782e-05,0.0009502440870335401,0.00018663563975390417,0.00018527967612456543,0.0007726001564854315,0.0005711119052981544,0.0,4.2195481199043704e-05,0.0019908389024201204,0.000982423678900935,0.002141693599979535,0.0,0.0,0.0004904426109968684,0.0,0.0001009455255385596,9.203806478276183e-05,0.0
0.00018792653555579385,0.0,0.0002459715849394813,0.008149723725349679,0.0003325195773339986,0.0,0.002703976858145895,2.60508159882245e-05,0.0006820447934177111,5.704058262196704e-06,0.00018527967612456543,0.00011037145092649011,0.0003299737992371086,0.0,9.376773594123333e-06,0.0004977097256050301,0.00026511252808836467,0.0,0.0,0.0,0.0002874729265224909,0.0,0.0,1.1445826740235138e-05,0.0
