1.0,1.0,1.0,0.9999999999999999,1.0,1.0,1.0000000000000002,1.0,1.0,1.0,1.0,1.0,0.9999999999999999,1.0000000000000002,1.0,0.9739243807040416,0.9999999999999998,1.0,0.9999999999999999,0.9999999999999999,1.0,1.0,1.0,1.0,0.0,1.0
0.7166123778501629,0.18063186813186816,0.03456640388114009,0.047802621434078645,0.008693350724311535,0.09128504055855044,0.3235798072475533,0.24328593996840445,0.4730782051936586,0.0012957710946024437,0.06917150852598072,0.10228760675720806,0.18637224494789018,0.01047529604697501,0.0038483127308690203,0.8354628422425032,0.008875318208304703,0.17116252915005872,0.004967446339179347,0.0015914480824648749,0.22727272727272724,0.16569918109256765,0.8067104057519651,0.009898976925301147,0.0,0.04317958783120705
0.5798045602605864,0.1208791208791209,0.012128562765312313,0.018504240555127213,0.005376018956218323,0.049050163217323584,0.25441138763810456,0.10877541660296591,0.46466836645314236,0.000116287149493241,0.03579273736131943,0.0662664651543965,0.11521261039726188,0.0043995552721820845,0.0008049055797148268,0.8372881355932204,0.0043092316899163525,0.0798670261151448,0.0012774421864386737,0.0,0.0909090909090909,0.1070280916347051,0.5894163193915817,0.012355302652942214,0.0,0.04121687929342492
0.6482084690553747,0.1366758241758242,0.028502122498483932,0.03315343099460293,0.006395619855029934,0.08636586601408817,0.2187744648803649,0.18930166980923746,0.4773416861121039,0.0013039053469862225,0.04974645990700024,0.07915047926976493,0.27105406055648856,0.0062745910563416244,0.004251603497246841,0.8524119947848761,0.004566077811445012,0.14170649818897507,0.0026850542097994344,0.0005514239925775269,0.18181818181818182,0.12159220483051728,0.7657111390245488,0.007671205900654454,0.0,0.04219823356231599
0.3811074918566775,0.08173076923076925,0.006064281382656155,0.008481110254433308,0.0031848436387362884,0.033493688403841954,0.17250686683153527,0.0615604138001325,0.4286455064272551,5.81435747466205e-05,0.018746787540315432,0.039448778416846825,0.25312834069346246,0.001561242792381742,0.0004593650414128025,0.7580182529335071,0.008618472086776043,0.044275011163852275,0.0003652329513166215,0.0,0.045454545454545456,0.06768943713071422,0.18841519141899665,0.05917139190480278,0.0,0.045142296368989185
0.7003257328990228,0.16552197802197804,0.03456640388114009,0.04703161141094834,0.00792580707162961,0.08623160452968358,0.29624378510670574,0.24043214595117976,0.48598877420168607,0.0011781470307076739,0.07162530170820196,0.10315095067509826,0.2027949051055214,0.010652568145952494,0.0036607324713361622,0.8552803129074316,0.008875318208304703,0.1770173494533847,0.004929832841026352,0.00048442912086937146,0.22727272727272724,0.15326008085415155,0.81727687991451,0.0024538276520240107,0.0,0.0323846908734053
0.6156351791530945,0.13736263736263737,0.02425712553062462,0.030069390902081723,0.006103572433547197,0.07930063938537453,0.23005747702659368,0.18348366712531214,0.45804940992983634,0.0007442079395687408,0.04494467806269519,0.07283776128312364,0.2169004008509191,0.005314455624836982,0.00309570030872883,0.814341590612777,0.00025683741458532115,0.13145229313795215,0.0022464297070909616,0.0006908746835940654,0.18181818181818182,0.12195501192080441,0.7572973183036875,0.015143219094798087,0.0,0.04612365063788025
0.6156351791530945,0.13736263736263737,0.02425712553062462,0.030069390902081723,0.006103609571099903,0.07930063938537453,0.23005747702659368,0.18348366712531214,0.45804940992983634,0.0007442079395687408,0.044946180967810785,0.07283885873747825,0.2169004008509191,0.005314615534812513,0.00309570030872883,0.814341590612777,0.00025683741458532115,0.13145229313795215,0.002246463504467883,0.0006913722737659085,0.18181818181818182,0.12195501192080441,0.7572973183036875,0.015143219094798087,0.0,0.03434739941118743
0.6156351791530945,0.13736263736263737,0.02425712553062462,0.030069390902081723,0.006103572433547197,0.07930063938537453,0.23005747702659368,0.18348366712531214,0.45804940992983634,0.0007442079395687408,0.04494467806269519,0.07283776128312364,0.2169004008509191,0.005314455624836982,0.00309570030872883,0.814341590612777,0.00025683741458532115,0.13145229313795215,0.0022464297070909616,0.0006908746835940654,0.18181818181818182,0.12195501192080441,0.7572973183036875,0.015143219094798087,0.0,0.08341511285574092
0.7133550488599348,0.18200549450549453,0.036385688295936934,0.04857363145720894,0.008777573028798143,0.1111463377103881,0.28975493137407204,0.28634765326402695,0.47477899272135016,0.0026798146404699067,0.06953972027929989,0.10209410476338747,0.17212097491056666,0.010435731994350819,0.00567148538439067,0.8432855280312908,0.008875318208304703,0.2023716983940592,0.005036755216097639,0.00047410307944612283,0.2727272727272727,0.166994920700736,0.8334475901926787,0.005062241347489146,0.0,0.06280667320902843
0.7068403908794788,0.17857142857142858,0.03274711946634324,0.04548959136468774,0.008573761600019459,0.1087134248746194,0.28423250267778494,0.20229662470909987,0.4730782051936586,0.0022766116692039253,0.06547511339419097,0.09893308882646851,0.21584646207894947,0.009799924803521761,0.005627248131974477,0.8375488917861799,0.008875318208304703,0.14261614541124323,0.00457584652138423,0.0007679823437946795,0.22727272727272724,0.16269306520161708,0.8224284429353672,0.006941178530841248,0.0,0.07065750736015701
0.6156351791530945,0.1363324175824176,0.022437841115827778,0.027756360832690823,0.006050019318213066,0.07872791111691986,0.22831791198291435,0.14625694338276513,0.45722854720311046,0.0006279207900754998,0.04320356248628599,0.07221149382368086,0.25307330395885075,0.005223541730211048,0.0030881391343804314,0.8127770534550195,0.00025683741458532115,0.10421249359112185,0.002060092854905243,0.0008064640442272194,0.13636363636363635,0.12045195397532912,0.7367669492707523,0.01952740585595299,0.0,0.08145240431795876
0.5374592833876222,0.1205357142857143,0.02425712553062462,0.030069390902081723,0.00523178002860164,0.07135613214625379,0.20164458131316437,0.17685878815675485,0.45559182701018774,0.0007921925799759625,0.04537526037831128,0.07059299340662847,0.21459372301155516,0.00499213317258895,0.0028922938267966925,0.8119947848761407,0.00025683741458532115,0.13095612192580586,0.0021772580187333613,0.0007380307605937361,0.18181818181818182,0.10899761583912097,0.7580110974715584,0.012956083433522178,0.0,0.036310107948969564
0.50814332247557,0.11984890109890112,0.022437841115827778,0.030069390902081723,0.0051596425355455566,0.06215438862085644,0.21306047691231006,0.14173843618882606,0.45804940992983634,0.000523330759702965,0.04597747445812757,0.06653449403650015,0.21927907347483916,0.00443511900486073,0.002392155894312394,0.8156453715775749,0.00025683741458532115,0.10566792914675091,0.0020521968286787494,0.00019715442523027873,0.13636363636363635,0.10588784077951696,0.746996146685263,0.01335152239838011,0.0,0.06575073601570165
0.4169381107491857,0.08791208791208792,0.01637355973317162,0.015420200462606013,0.003521817472753169,0.05871625524204687,0.13789677064999828,0.0940223207460633,0.4348410179098232,0.00047422592908029457,0.025052075662255143,0.04511577215736985,0.3465668722600323,0.0020411584863125006,0.002543290140860695,0.7621903520208605,0.0,0.06850470535699518,0.0007308742041415426,0.018460877621905843,0.0909090909090909,0.07276873639473412,0.686365462298355,0.010410147249771833,0.0,0.038272816486751696
0.47557003257328995,0.10679945054945056,0.022437841115827778,0.02467232074016962,0.004437835802253259,0.05593369646174211,0.18964883069945887,0.13351679152015494,0.4419154531412516,0.0005552417734177999,0.03472807937743659,0.05388849592683238,0.2700486801450889,0.0029107607832838138,0.0022740574198512028,0.7822685788787483,0.00025683741458532115,0.09772918975241056,0.0013715661314852572,8.509210081518922e-05,0.13636363636363635,0.0901316471441899,0.701370355526864,0.010898822083044822,0.0,0.045142296368989185
0.6156351791530945,0.13736263736263737,0.02425712553062462,0.030069390902081723,0.006099914384605665,0.07943999110228232,0.23005747702659368,0.18322886408805994,0.45722854720311046,0.0007442079395687408,0.044925891748750335,0.07299584734588889,0.2169004008509191,0.0053375285362738814,0.003091127144457065,0.8127770534550195,0.00025683741458532115,0.13103881712783025,0.0022513010302780013,0.0006861893912617108,0.18181818181818182,0.12211050067378461,0.7572973183036875,0.018066018809330817,0.0,0.013738959764474964
0.6416938110749186,0.1569368131868132,0.028502122498483932,0.03700848111025443,0.0073091889494408535,0.0777783656972957,0.2844672058807063,0.19592654877779478,0.4756318891154605,0.0006567614753451361,0.05639921969166399,0.08647857939507869,0.2253588527014439,0.007489226639580386,0.003025264456850064,0.8469361147327249,0.004566077811445012,0.14195458379504822,0.0032668002901954287,0.0005503640000686005,0.18181818181818182,0.141494765211983,0.7680928827889169,0.002016062318762212,0.0,0.017664376840039242
0.45602605863192186,0.1050824175824176,0.018192844147968467,0.021588280647648415,0.004407652413654036,0.057507016634982935,0.1834999514704842,0.13660840170548166,0.4547759695439908,0.00038663541432468586,0.03514859222877823,0.056324186647825555,0.2292222131026046,0.0031794856582217815,0.0019641062178533115,0.8091264667535853,0.0,0.10236012106577576,0.0012597243890493132,5.916723471916106e-05,0.13636363636363635,0.09106457966207111,0.6771707148079995,0.01664255126951114,0.0,0.09421000981354268
0.6872964169381108,0.15968406593406595,0.03456640388114009,0.04626060138781804,0.007490321023302788,0.096840180361057,0.253859144775724,0.23594761249554097,0.4781995877667429,0.0021430815664236972,0.0663287634998452,0.09192453740686986,0.2185901906291669,0.008461338403995287,0.005345721793137474,0.8456323337679269,0.008875318208304703,0.17473496187751186,0.0043227634160415565,0.0009565272046230676,0.22727272727272724,0.14574479112677516,0.8250512667944174,0.008571678891416044,0.0,0.07654563297350343
0.6156351791530945,0.13736263736263737,0.02425712553062462,0.030069390902081723,0.006103572433547197,0.07930063938537453,0.23005747702659368,0.18348366712531214,0.45804940992983634,0.0007442079395687408,0.04494467806269519,0.07283776128312364,0.2169004008509191,0.005314455624836982,0.00309570030872883,0.814341590612777,0.00025683741458532115,0.13145229313795215,0.0022464297070909616,0.0006908746835940654,0.18181818181818182,0.12195501192080441,0.7572973183036875,0.015143219094798087,0.0,0.053974484789008834
0.6156351791530945,0.13736263736263737,0.02425712553062462,0.030069390902081723,0.006103572433547197,0.07930063938537453,0.23005747702659368,0.18348366712531214,0.45804940992983634,0.0007442079395687408,0.04494467806269519,0.07283776128312364,0.2169004008509191,0.005314455656026757,0.00309570030872883,0.814341590612777,0.00025683741458532115,0.13145229313795215,0.002246429713173273,0.0006908746835940654,0.18181818181818182,0.12195501192080441,0.7572973183036875,0.015143219094798087,0.0,0.05691854759568203
0.6156351791530945,0.13736263736263737,0.02425712553062462,0.030069390902081723,0.006110721412443086,0.07942394012676962,0.23005747702659368,0.1837809373354397,0.45804940992983634,0.0007442079395687408,0.04496346437664005,0.07294365115352651,0.2169004008509191,0.005329904367361531,0.003099543585393505,0.8161668839634941,0.00025683741458532115,0.13170037874402526,0.002249692646157559,0.0006902307433716802,0.18181818181818182,0.12211050067378461,0.7572973183036875,0.015143219094798087,0.0,0.07458292443572127
0.6188925081433225,0.13736263736263737,0.02425712553062462,0.030069390902081723,0.00610327533312555,0.07960196012643375,0.23005747702659368,0.18318639691518457,0.45722854720311046,0.0007442079395687408,0.04526179104208435,0.07390685289054674,0.2169004008509191,0.005471452958840529,0.0030934158096506755,0.81251629726206,0.00025683741458532115,0.13103881712783025,0.0022793733768684283,0.0006045344259192529,0.18181818181818182,0.12231781901109154,0.7572973183036875,0.015143219094798087,0.0,0.031403336604514234
0.4006514657980456,0.08516483516483518,0.014554275318374773,0.013878180416345412,0.0034000021185310275,0.04090996982197617,0.16338623065294172,0.09295214798960404,0.4301861256180246,0.0001744307242398615,0.022590918244967523,0.04270982060713729,0.423620898220274,0.001829561252077822,0.001290101559817255,0.757496740547588,0.0,0.06746274581148802,0.0006260465568363601,6.8366380753235565e-06,0.0909090909090909,0.06971079091945684,0.405799201577534,0.015332714143657052,0.0,0.02158979391560352
0.42996742671009774,0.08894230769230771,0.022437841115827778,0.019275250578257516,0.003610555182104492,0.03972202817542558,0.17623968348776392,0.12495540946848088,0.4309589378436737,0.0002442030139358061,0.026516205825861394,0.044937566098103295,0.41437765748589206,0.002025089347716982,0.0014155856118409891,0.7572359843546284,0.00025683741458532115,0.09131204207531879,0.000901334431361924,5.1222517689733065e-06,0.13636363636363635,0.07245775888877372,0.5113149984639584,0.013872902806270251,0.0,0.04416094210009812
0.482084690553746,0.10714285714285715,0.018192844147968467,0.021588280647648415,0.004538239513951019,0.06978463492598003,0.16833915891438683,0.138612852265199,0.4638354911011474,0.0006347814818782295,0.034690657040058435,0.0567672187068227,0.2421686990299392,0.00322964772861947,0.002786602383720523,0.8198174706649283,0.0,0.10348477581330731,0.0012696220248820664,0.001464838563025901,0.13636363636363635,0.09220483051725926,0.7108750757706177,0.031226880390230673,0.0,0.060843964671246295
0.5309446254071661,0.12362637362637365,0.028502122498483932,0.03392444101773323,0.005507867519367933,0.07648937132258321,0.19765807808806585,0.18339873277956142,0.4781995877667429,0.0012937409570352052,0.04748007899269288,0.06875600746053155,0.27065267459189524,0.00473593128074887,0.0041086708700810775,0.8458930899608865,0.004566077811445012,0.1400525941484875,0.00238573971108791,0.0012220981877667677,0.18181818181818182,0.10889395667046751,0.7736427619514373,0.0,0.0,0.10304219823356227
0.6286644951140066,0.13770604395604397,0.022437841115827778,0.030840400925212026,0.006137858352741767,0.06549024874941563,0.25955760089232266,0.1469024444104707,0.45722854720311046,0.0003616530349239795,0.047592646585850454,0.07526982014078498,0.22275696611096008,0.005674932944492808,0.0020738113580841,0.8146023468057366,0.00025683741458532115,0.1052709921770339,0.002379408272285024,0.0010213937284533393,0.13636363636363635,0.12304343319166582,0.7038696269045475,0.0035323045438061065,0.0,0.019627085377821388
0.5863192182410424,0.12362637362637365,0.01637355973317162,0.021588280647648415,0.005563204136446299,0.08285269274110904,0.19443263456957705,0.10936146358864599,0.4663381213655553,0.0007355773689794389,0.03777010962189913,0.069600663072973,0.22458609106674954,0.004852954276235283,0.0029393833354505864,0.8378096479791395,0.0,0.08056166581214957,0.001556328960554976,0.0003078076077301486,0.0909090909090909,0.10967140043536852,0.6594564563043502,0.009488921015422388,0.0,0.05691854759568203
0.5732899022801303,0.12019230769230771,0.012128562765312313,0.016962220508866612,0.005343040000122552,0.04872053751747676,0.2529617501017051,0.1086225347806146,0.46466836645314236,0.000116287149493241,0.0343782030665276,0.06590348673223084,0.1488974305819421,0.004351536147246746,0.00080470869823925,0.8372881355932204,0.0043092316899163525,0.07951970626664241,0.0011688113570051896,0.0,0.0909090909090909,0.1062506478698041,0.543679847707597,0.0225850632218742,0.0,0.04612365063788025
0.42996742671009774,0.08894230769230771,0.022437841115827778,0.019275250578257516,0.003610555182104492,0.03972202817542558,0.17623968348776392,0.12495540946848088,0.4309589378436737,0.0002442030139358061,0.026516205825861394,0.044937566098103295,0.41437765748589206,0.002025089347716982,0.0014155856118409891,0.7572359843546284,0.00025683741458532115,0.09131204207531879,0.000901334431361924,5.1222517689733065e-06,0.13636363636363635,0.07245775888877372,0.5113149984639584,0.013872902806270251,0.0,0.015701668302257096
0.9381107491856678,0.23489010989010992,0.04063068526379624,0.05551272166538165,0.01335301609778846,0.10611542513312881,0.4562734145817288,0.3281438448079635,0.512925084263561,0.0007741952318311456,0.0934091599060985,0.15088832284749035,0.1950786719371413,0.022785533004601996,0.003775310027443115,0.9069100391134289,0.013184549898221055,0.2276102740518995,0.008489081829663821,0.00037493628519879956,0.2727272727272727,0.22172696174976678,0.8302172394946326,0.0009467066056434193,0.0,0.049067713444553476
0.43322475570032576,0.08997252747252749,0.02061855670103093,0.019275250578257516,0.0036599849050703275,0.04458640894875199,0.16888277299053667,0.12526117311318352,0.4309589378436737,0.000348861448479723,0.02721175031335572,0.046955505687030843,0.38490343982429687,0.0022107646966749122,0.0017334494835240346,0.7572359843546284,0.00025683741458532115,0.09131204207531879,0.0009417528097112241,1.3673276150647113e-05,0.18181818181818182,0.07385715766559553,0.5916912752154918,0.0037611154596842817,0.0,0.023552502453385665
0.3941368078175896,0.08413461538461539,0.012128562765312313,0.01156515034695451,0.003312396834772929,0.0342835185443336,0.17685577944073366,0.09282474647097794,0.42941531549658696,0.000116287149493241,0.020948844115675602,0.04119870754616589,0.2910052646749901,0.0017025837272783325,0.0006917959001880581,0.7577574967405476,0.0043092316899163525,0.06701619172055637,0.0005085633955770527,0.0,0.0909090909090909,0.06903700632320929,0.4069730324741211,0.0007173960746418332,0.0,0.029440628066732075
0.511400651465798,0.1205357142857143,0.02425712553062462,0.030840400925212026,0.005199850545575193,0.06253992234169614,0.2142926688182496,0.14211214731012928,0.45887127370866787,0.0006202367178078112,0.046921599451740216,0.06767168834496502,0.1927522777916178,0.0045878673792321195,0.0023954535244059415,0.8169491525423729,0.00025683741458532115,0.10613102227808742,0.0021394213200269644,0.00010035432037172193,0.18181818181818182,0.10692443246605163,0.7619937253092905,0.008967335637225207,0.0,0.027477919528949943
0.40716612377850164,0.08482142857142858,0.012128562765312313,0.013107170393215111,0.0033503023165347996,0.04856783361329438,0.1484670443649913,0.09310502981195537,0.4301861256180246,0.0001938119158026871,0.0227553360646129,0.04322573205699305,0.2531098419672248,0.0018739597988140736,0.0013534058101412432,0.7590612777053455,0.0043092316899163525,0.06751236293270264,0.0006002480316707235,1.2544290046465241e-05,0.0909090909090909,0.07105836011195191,0.5672408707071417,0.02234486364331108,0.0,0.05986261040235523
0.4690553745928339,0.10748626373626374,0.02425712553062462,0.026214340786430222,0.004467692506278679,0.06180141944234063,0.17961009075989265,0.1680680833715538,0.4442989582050736,0.000723082892713523,0.03451181133130341,0.05297853783261372,0.24861288586795488,0.0028134115440044843,0.002795460865620445,0.7877444589308996,0.00025683741458532115,0.1238443345517093,0.001430159388869513,0.000891855117288516,0.18181818181818182,0.09075360215611071,0.7468252662635197,0.012361797649546561,0.0,0.0353287536800785
0.6547231270358307,0.14457417582417584,0.04063068526379624,0.04626060138781804,0.006613041792228879,0.08253332087585152,0.2415717408974925,0.2578097130917801,0.45969513959171104,0.0017476309715898385,0.058395528556700105,0.08003955414982561,0.32367975189551657,0.00641623972021315,0.004837007475161415,0.8041720990873533,0.013184549898221055,0.18917354415096835,0.0037642606128661313,0.0028124026491224067,0.2727272727272727,0.12941847206385404,0.7962815634393965,0.0005777600529704764,0.0,0.038272816486751696
0.6579804560260587,0.1462912087912088,0.04063068526379624,0.04934464148033924,0.0067117353331127465,0.07245976701056386,0.2662802949673751,0.25870152372216276,0.45969513959171104,0.001236773980900079,0.0625719515824088,0.08269326983748425,0.29353566632593087,0.006848384717324545,0.0036425615222436514,0.8041720990873533,0.013184549898221055,0.19056282354497792,0.004143982238129371,0.00014990426605525963,0.3181818181818182,0.1314916554369234,0.7921444690832661,0.009198042528443506,0.0,0.06673209028459272
0.6677524429967427,0.1459478021978022,0.04063068526379624,0.04857363145720894,0.006702502290075723,0.07779186048930226,0.25477379702220443,0.25882043180621384,0.46052000652685976,0.0015402821985492456,0.062193219493280515,0.08302905928857668,0.2979567987629558,0.006904069818466241,0.004202265680225761,0.8054758800521512,0.013184549898221055,0.19067859682781205,0.004096783471381909,0.00018251942017606925,0.2727272727272727,0.13133616668394318,0.806035583941935,0.0001165768621292979,0.0,0.10794896957801765
0.6612377850162867,0.1462912087912088,0.038811400848999394,0.04934464148033924,0.006712043538831632,0.07261801395416434,0.2662802949673751,0.25870152372216276,0.45969513959171104,0.001236773980900079,0.06258773208612248,0.08279460145622719,0.29353566632593087,0.0068651666407825345,0.0036402460497670474,0.8041720990873533,0.013184549898221055,0.19056282354497792,0.004149056284754822,0.00014990426605525963,0.3181818181818182,0.13169897377423032,0.7921444690832661,0.00711033027672644,0.0,0.10991167811579979
0.6644951140065147,0.1462912087912088,0.04063068526379624,0.04934464148033924,0.006711981897687855,0.07263434101945739,0.2662802949673751,0.25870152372216276,0.45969513959171104,0.001236773980900079,0.0625898361532843,0.08280689715585493,0.29353566632593087,0.00686720424278041,0.003641321229827881,0.8041720990873533,0.013184549898221055,0.19056282354497792,0.0041496719951087365,0.00014990426605525963,0.3181818181818182,0.1316471441899036,0.7921444690832661,0.008154179997262877,0.0,0.0578999018645731
0.6742671009771988,0.15934065934065936,0.03456640388114009,0.04394757131842714,0.007483955170185388,0.08051305432772443,0.2850608669894762,0.23640625796259493,0.4868616916379116,0.0011618584716397502,0.06272329412754855,0.08886127912463253,0.22434488503574562,0.007907237213084346,0.0036522162487118326,0.8487614080834419,0.008875318208304703,0.1742387906653656,0.00397329590706562,0.0011944965682345286,0.22727272727272724,0.14310148232611175,0.8186849539814571,0.002867611459362068,0.0,0.1000981354268891
0.6840390879478828,0.15384615384615385,0.0430563978168587,0.05474171164225135,0.0074647654413621855,0.10083286311549434,0.23955260289001012,0.2326351730112623,0.4825111191862649,0.003009789279004283,0.07666303965565438,0.10221178766247868,0.35643516971699307,0.010459542011137024,0.006932932329535764,0.8435462842242503,0.017493790295080747,0.1766204124836677,0.005672883350027612,0.0013655944123232915,0.2727272727272727,0.1416502539649632,0.8411463481072837,0.009315490514377725,0.0,0.11089303238469085
0.964169381107492,0.32932692307692313,0.15706488781079442,0.18350038550501158,0.030151592694488135,0.2824296548192542,0.40016086910420745,0.5331159014082114,0.5493573746007056,0.06124967166541379,0.20254562068478368,0.2415663889681678,0.7276496264004559,0.05837988092162851,0.0675733688151562,0.9102998696219035,0.129533970957886,0.41236789441476607,0.04448854744873383,0.03943876704163494,0.49999999999999994,0.32533430081890746,0.9443454734631226,0.007394303826486896,0.0,0.2993130520117762
0.4364820846905538,0.08825549450549451,0.012128562765312313,0.016962220508866612,0.0035283819623207566,0.07068490490034146,0.12346079686210067,0.09493961168017123,0.4340611983194338,0.0004395044239274363,0.02724646742152581,0.04751706544811161,0.15108370488730766,0.0022638838062046048,0.002678383562308714,0.7700130378096479,0.0043092316899163525,0.06989398475100475,0.0008430331695276926,0.00024099462822766698,0.0909090909090909,0.07510106768943714,0.6528909132603639,0.021128621083909373,0.0,0.04317958783120705
0.8045602605863192,0.17445054945054947,0.018192844147968467,0.030069390902081723,0.008781687968551537,0.06912749858830311,0.3667582967090624,0.1675245035587491,0.4974738450111067,0.0001744307242398615,0.05755330052992435,0.10145798916438839,0.030832067565276566,0.010306308542197773,0.0012550561122296276,0.8883963494132985,0.0,0.119626879248466,0.0031283514360636528,0.0,0.13636363636363635,0.16004975640095367,0.7436771568437892,0.014862870957343413,0.0,0.12463199214916583
0.5928338762214984,0.13221153846153846,0.028502122498483932,0.030840400925212026,0.006148899311192662,0.0908173409876099,0.2023210788422311,0.18611663184358493,0.4713844250307073,0.0013934607286693614,0.046138585886518646,0.07694256954251774,0.3205955773884288,0.005929709229700048,0.004784159380666078,0.8430247718383311,0.004566077811445012,0.13872947091609744,0.002432242018715531,0.0015630791705247937,0.18181818181818182,0.11801596351197265,0.7542167945284497,0.013200074962765542,0.0,0.02551521099116781
0.5732899022801303,0.1208791208791209,0.012128562765312313,0.018504240555127213,0.005374393266592729,0.048921540728425056,0.25441138763810456,0.10887733781786679,0.46550224285724306,0.000116287149493241,0.03573637841948487,0.06618254542536614,0.11521261039726188,0.004388430056243857,0.0008054384077170715,0.8383311603650586,0.0043092316899163525,0.08001587747878867,0.001275825962218858,0.0,0.0909090909090909,0.1068726028817249,0.5894163193915817,0.013816689699564389,0.0,0.0804710500490677
0.5765472312703583,0.12259615384615385,0.018192844147968467,0.020817270624518117,0.005511063147329344,0.06944458332730913,0.21430474911897268,0.1453056787103569,0.46550224285724306,0.00038231084088468704,0.037545124726095544,0.0687410510262455,0.2330072961129196,0.004733923711905003,0.0020948501125173753,0.8359843546284224,0.0,0.10692489621752146,0.0014841186568843503,9.324588934539163e-05,0.13636363636363635,0.10863480874883384,0.6687941419598131,0.01801215005051173,0.0,0.029440628066732075
0.5700325732899023,0.1260302197802198,0.022437841115827778,0.029298380878951424,0.005452797564305425,0.07336907140082807,0.21092226154612087,0.14112690889942076,0.4515265544086836,0.000698367745833838,0.04337714802713646,0.06883404251825034,0.23532178662414815,0.004746722241068587,0.0029630092355696423,0.7968709256844849,0.00025683741458532115,0.10222780874253676,0.0020699789343463673,0.0005222292482093867,0.13636363636363635,0.11158909505545767,0.7501528960178319,0.01664964836639242,0.0,0.055937193326790965
0.6156351791530945,0.13701923076923078,0.02425712553062462,0.028527370855821122,0.00608566318596015,0.07931741996216445,0.22947762201203392,0.14646078581256688,0.45722854720311046,0.0007248267481803458,0.04407194106207299,0.07314203774034991,0.22654650827562944,0.005358909854678229,0.0030896023960062793,0.8127770534550195,0.00025683741458532115,0.10441096207598036,0.002143013040462833,0.0007124822231991018,0.18181818181818182,0.121644034414844,0.7507879341849797,0.018066018809330817,0.0,0.07262021589793914
0.5570032573289903,0.12809065934065936,0.022437841115827778,0.028527370855821122,0.005677004793155902,0.06905966719250739,0.22784677978358453,0.14557746861675924,0.46885376530733813,0.000573169813840083,0.04802578384016304,0.07563289067542645,0.2432640981224899,0.005729674521157108,0.002454809355799694,0.8263363754889178,0.00025683741458532115,0.10705720854076047,0.0022159299992346162,0.00013986883401808744,0.13636363636363635,0.11392142635016068,0.7112114428936678,0.007954167409523897,0.0,0.07948969578017663
0.5602605863192183,0.12912087912087913,0.02425712553062462,0.030840400925212026,0.005728979787303619,0.06971586670204383,0.2296950676424938,0.1826343236678048,0.46885376530733813,0.0006010787297184608,0.05035213066858237,0.07687280618512642,0.2137898804608947,0.005918912317331636,0.0024606811132006634,0.8279009126466753,0.00025683741458532115,0.1346774060169029,0.0024300386081547534,0.00013589647550337343,0.18181818181818182,0.1154763138799627,0.7448531484808414,0.01463482868011664,0.0,0.05691854759568203
0.38762214983713356,0.0834478021978022,0.010309278350515465,0.010023130300693909,0.0032881971781525505,0.04756177453794491,0.14605098179224524,0.061781243099084414,0.4301861256180246,0.00014729705600539074,0.019914244234104525,0.04163271784610398,0.3516379403707714,0.0017385851567236126,0.0013509583119423849,0.7582790091264667,0.0043092316899163525,0.04453963581033028,0.00044966753711915677,1.710204876334761e-05,0.045454545454545456,0.06893334715455583,0.4427391270663199,0.03725204661890782,0.0,0.02551521099116781
0.4234527687296417,0.08894230769230771,0.014554275318374773,0.017733230531996914,0.0035636998199048016,0.05954112246252406,0.13952761287844767,0.09453192682056771,0.4340611983194338,0.0005307021515244316,0.02526834370838832,0.04443114749682571,0.3468328055089003,0.001979774551701504,0.0025591616983306896,0.7650586701434159,0.0,0.06939781353885847,0.0008226340865367757,0.0024512253593895715,0.0909090909090909,0.0744272830931896,0.6418290817236285,0.036139788058396606,0.0,0.020608439646712454
0.7068403908794788,0.17170329670329673,0.03274711946634324,0.04471858134155744,0.008300625420675348,0.08778050056833504,0.30742670326017624,0.2028062307836043,0.47991939528444405,0.0009534009773782579,0.06674446705481697,0.10045951098091906,0.23070280142884037,0.010104358555354673,0.003769241775587561,0.8563233376792698,0.008875318208304703,0.14650281990638903,0.004568959875006198,0.0008032338895402546,0.18181818181818182,0.15818389136519126,0.8070116877754867,0.004005222284725355,0.0,0.09813542688910694
0.6221498371335505,0.13770604395604397,0.022437841115827778,0.029298380878951424,0.006128346733098732,0.07213139388463817,0.24509746646673802,0.14663065450406837,0.45722854720311046,0.0006042757361513955,0.04584747316562916,0.0745179639000417,0.2088619774664579,0.005562231326097402,0.0025291844426972203,0.81251629726206,0.00025683741458532115,0.10467558672245836,0.002240748151094779,0.00019506371022253452,0.18181818181818182,0.12231781901109154,0.7464055195604978,0.014515330991112014,0.0,0.022571148184494585
0.47231270358306193,0.1050824175824176,0.018192844147968467,0.021588280647648415,0.00429748134575175,0.04070290577033163,0.22034490553271735,0.1331430803988517,0.4411236209255929,0.0001744307242398615,0.032138273282254604,0.05115722153454411,0.16560602200917096,0.0026235298843124925,0.0009961665544974568,0.782529335071708,0.0,0.09693531581297653,0.0011442912951710577,0.0,0.13636363636363635,0.08831761169275423,0.6483825150674067,0.016545830905876392,0.0,0.04612365063788025
0.9413680781758959,0.24690934065934067,0.049120679199514856,0.06861989205859675,0.014513710787141164,0.11806374930321306,0.463739047894186,0.33504051368292315,0.5184999434405562,0.0013171791634478411,0.10681747818533226,0.16380688177307148,0.26083597016093063,0.026852334818103687,0.005367537123503638,0.9113428943937418,0.021803030691940433,0.23548285728462034,0.011361684536735058,0.0006140618142095433,0.3181818181818182,0.23463252824712347,0.8452242243524347,0.005011447143275667,0.0,0.08635917566241409
0.6449511400651466,0.14079670329670332,0.049120679199514856,0.05551272166538165,0.006735976623357588,0.099460162448496,0.2102377104832388,0.25721517267152494,0.45804940992983634,0.0040058418681070546,0.06942895617228102,0.09384213229643812,0.4139522175535091,0.008817789360243591,0.008119374260579354,0.8117340286831812,0.021803030691940433,0.19345715561583118,0.0052809922564226505,0.0031049292208609526,0.2727272727272727,0.1302477454130818,0.8369682169601086,0.017250775034365517,0.0,0.06476938174681059
0.9511400651465799,0.334478021978022,0.10612492419648271,0.13107170393215112,0.02539825310471449,0.2545341320709976,0.4543381771009769,0.4924068694898843,0.5513514703953856,0.02361611869273059,0.16401459020286213,0.22713765652886847,0.5688333929341799,0.05161708490703323,0.037223955670127595,0.9322033898305084,0.07782312102334304,0.3508757421894382,0.029929970105615936,0.01611795339063243,0.45454545454545453,0.3208251269824816,0.9222186373737853,0.00622950881415236,0.0,0.12561334641805688
0.5635179153094463,0.1263736263736264,0.022437841115827778,0.029298380878951424,0.005465828124429858,0.07343765287066015,0.2115021165606807,0.141500620020724,0.45233640556224597,0.000739898870403666,0.04314449831524337,0.06831430445297106,0.22353209977172445,0.004675390817976266,0.0029660231769317157,0.7989569752281617,0.00025683741458532115,0.10255858955063427,0.0020543637778102203,0.0006157678376558626,0.18181818181818182,0.11184824297709134,0.755270774456734,0.018111048223658784,0.0,0.07262021589793914
0.5667752442996743,0.12809065934065936,0.02425712553062462,0.030840400925212026,0.005553160676475227,0.06754393873858237,0.22784677978358453,0.17753826292276073,0.45233640556224597,0.0006185726114866751,0.04592908091340562,0.07091252105806338,0.1933880136716028,0.005037431535491817,0.0024344235793180642,0.7989569752281617,0.00025683741458532115,0.12872335147114763,0.0022417830077181887,8.822817332680554e-05,0.18181818181818182,0.11392142635016068,0.7596255659555797,0.012308172292967084,0.0,0.12365063788027474
0.4625407166123779,0.10130494505494507,0.02425712553062462,0.03161141094834233,0.0042089740600779295,0.0684050182817715,0.15855410554369054,0.16373643173826632,0.43954396070269863,0.001094206056560001,0.041806461890834985,0.0602263343015188,0.23111339219153576,0.0036347535379876424,0.0032676880959948864,0.7752281616688396,0.00025683741458532115,0.12276929692539239,0.0019507064239834616,0.0008455186005718811,0.18181818181818182,0.09033896548149685,0.7551516471230554,0.013433446467975368,0.0,0.05299313052011774
0.9348534201954398,0.2242445054945055,0.07883565797453002,0.09560524286815728,0.014117032492256239,0.17259693397465,0.30748037942412776,0.3700759313051012,0.5346509181149389,0.014330412316619027,0.11762967816789856,0.15591659552184145,0.5407118169052016,0.02432843269479221,0.021630855231046787,0.9191655801825293,0.05196768734912826,0.28726659279228617,0.015020336091533072,0.009159048210940985,0.36363636363636365,0.21612936664247953,0.9044666248597603,0.008722831682214242,0.0,0.11776251226692837
0.9446254071661239,0.2675137362637363,0.05275924802910855,0.07093292212798766,0.01600130586174106,0.13503489901822988,0.48422725828782853,0.39888566138375037,0.5317618817377063,0.002259066739121391,0.11280219664611696,0.17175658583476713,0.20474256239514171,0.029520829883642154,0.006446735962278007,0.9256844850065189,0.021803030691940433,0.27668160693316574,0.012309957752526668,0.0005360175136854598,0.36363636363636365,0.25318751943609413,0.8753142285533064,0.0006149109211215714,0.0,0.08341511285574092
0.5276872964169381,0.11332417582417584,0.022437841115827778,0.027756360832690823,0.004891791398629382,0.06896088765848557,0.1894676260074089,0.13840900983539725,0.45233640556224597,0.000687970314690929,0.04427723790086237,0.06865970518296768,0.2784118111385415,0.004722689134219647,0.002820202769630137,0.8049543676662321,0.00025683741458532115,0.10275705803549279,0.001958854343053591,0.00017812891865980643,0.13636363636363635,0.1021042811236654,0.6995743635006143,0.006871706407398702,0.0,0.07850834151128556
0.6547231270358307,0.14869505494505497,0.028502122498483932,0.03777949113338473,0.006845428949228934,0.06930484857039551,0.27978004452509503,0.19261410929351613,0.4816452091147797,0.0005404415549702965,0.05607594480130092,0.08296748078260709,0.2204775636534535,0.006893838478082184,0.0025784534095333244,0.8453715775749674,0.004566077811445012,0.14211997419909697,0.0031982291327699664,0.0007134439521026641,0.18181818181818182,0.13346117964133927,0.758545854311822,0.007912712164924951,0.0,0.016683022571148176
0.5635179153094463,0.12706043956043958,0.024863553668890235,0.030069390902081723,0.005560406905403202,0.07867227630090948,0.20321502196551683,0.14109293516112045,0.4515265544086836,0.0009415026053208455,0.04294446164435855,0.06858536515142127,0.3409007948587207,0.004712529184631018,0.004055848621908206,0.7950456323337679,0.004566077811445012,0.10209549641929776,0.0021153936638755064,0.0014230535328811256,0.13636363636363635,0.11184824297709134,0.7341342303180196,0.01518667279989068,0.0,0.036310107948969564
0.6026058631921825,0.12809065934065936,0.022437841115827778,0.02698535080956052,0.005859178516922305,0.06320244458371778,0.24129216793368946,0.1471062868402725,0.46801388259060284,0.00035525085230442234,0.04450688180252428,0.07535073700310403,0.25206497535937883,0.005687085746549883,0.0020222228906475255,0.8380704041720991,0.00025683741458532115,0.10910804955096505,0.0020914744451988295,2.487950859215606e-05,0.13636363636363635,0.11386959676583394,0.7042332736300552,0.003915253130578755,0.0,0.049067713444553476
1.0,0.5885989010989011,0.44087325651910253,0.49498843484965305,0.18715289497079182,0.5893643916197526,0.6250973196039592,0.7325417452309365,0.730394644771655,0.49527541149918736,0.5100732215372316,0.577664237893154,0.9333115109764418,0.33374304699754526,0.3170967326376262,0.9859191655801824,0.4268713754953945,0.6624381853364868,0.2861754856060285,0.16461025088398198,0.7272727272727273,0.5992018244013684,0.9696662630550508,0.09623326451070956,0.0,0.5534838076545633
0.996742671009772,0.4186126373626374,0.16979987871437235,0.2259059367771781,0.04382363331870708,0.34931271013687937,0.5327417946268002,0.6196639997282101,0.6028245686216215,0.062180608440681934,0.27790263579499175,0.3315415789991661,0.6990039891181035,0.10995352164378368,0.07750371783519808,0.97496740547588,0.1424616834415217,0.47554702876139127,0.07510476864989848,0.02040669353532333,0.6818181818181819,0.41976780346221626,0.9477704656136433,0.009345044670524131,0.0,0.31305201177625114
1.0,0.6833791208791209,0.5178896300788357,0.5952197378565921,0.2670753586631112,0.6831822713715329,0.721149463788063,0.799300140991014,0.7706079089122669,0.6242033730654099,0.6127416295699588,0.6734041951100672,0.9465135884160794,0.45352061028163726,0.4113949916699258,0.9898305084745762,0.5087468995010119,0.7320675454410136,0.40104613213389917,0.23713398706939182,0.8181818181818182,0.6977298642064891,0.9763459787714892,0.17717587222263792,0.0,0.5907752698724239
0.3811074918566775,0.08173076923076925,0.006064281382656155,0.008481110254433308,0.0031848436387362884,0.033493688403841954,0.17250686683153527,0.0615604138001325,0.4286455064272551,5.81435747466205e-05,0.018746787540315432,0.039448778416846825,0.25312834069346246,0.001561242792381742,0.0004593650414128025,0.7580182529335071,0.008618472086776043,0.044275011163852275,0.0003652329513166215,0.0,0.045454545454545456,0.06768943713071422,0.18841519141899665,0.05917139190480278,0.0,0.01472031403336603
0.7850162866449512,0.18509615384615385,0.047301394784718016,0.052428681572860444,0.009897492124022713,0.12535176109507587,0.269197690509379,0.2553636039341589,0.5184999434405562,0.0050578374773159315,0.06619665814018498,0.10359843045078439,0.3945496353179688,0.01074558861876333,0.010459778368785796,0.8894393741851369,0.021803030691940433,0.1883300530903197,0.0055102183610792254,0.04912623928935325,0.2727272727272727,0.1618119622680626,0.855906724992986,0.016542692298049836,0.0,0.06673209028459272
0.996742671009772,0.553228021978022,0.27835051546391754,0.31688511950655357,0.09075927130597898,0.4982263979000496,0.6239819525374406,0.719546790331074,0.6672993315975092,0.2430230579980187,0.33666878075319595,0.4014405759587833,0.832016262984233,0.16119052431647887,0.19881929257938502,0.9953063885267275,0.25450186410432696,0.5481534161387956,0.1274341713410647,0.15654712621009043,0.7727272727272728,0.5379910853114959,0.9778831728345106,0.13609380168894764,0.0,0.4259077526987242
0.9869706840390879,0.47321428571428575,0.2504548211036992,0.29221279876638395,0.06989126558798318,0.43064257067239475,0.5398355723545609,0.6582241926990436,0.6405832529989018,0.17124498742715843,0.2973161120445822,0.3444494870907589,0.8273058149890172,0.11867853901284856,0.15558358849869097,0.9838331160365058,0.2243371987401958,0.5248333691679209,0.10085285340997552,0.09258851000693664,0.6363636363636365,0.4665699181092568,0.9671980876393954,0.07511544279985238,0.0,0.3984298331697742
0.739413680781759,0.19539835164835168,0.051546391752577324,0.05859676175790285,0.010569939138186418,0.1333440731174774,0.2876080872216521,0.2596952555674464,0.5028695158611701,0.0048132459044059875,0.07487052472429206,0.1146516775280654,0.41487449481939237,0.013158794189543839,0.011354514177997242,0.8889178617992177,0.02611226238185679,0.19190248581777286,0.006804748412081894,0.007354616899922199,0.2727272727272727,0.17798279257800353,0.8584593959307726,0.021475725488238312,0.0,0.07948969578017663
0.8599348534201955,0.2194368131868132,0.055791388720436624,0.06861989205859675,0.012527867694709337,0.15407048867576778,0.317536513093361,0.27065178616929114,0.510161179399549,0.00693322291201776,0.08916255121149182,0.1351197407575954,0.404752447870821,0.01827374661648251,0.013603115585408599,0.8910039113428944,0.030421502778716476,0.1959710897573723,0.009372721122273725,0.007862077337316881,0.3181818181818182,0.20094329843474656,0.8769571769382284,0.014023504739368278,0.0,0.0961727183513248
0.5895765472312704,0.12809065934065936,0.02425712553062462,0.030840400925212026,0.005544153516083232,0.06110399654335569,0.24129216793368946,0.17707112402113168,0.4515265544086836,0.0004687962376348669,0.044970377740171756,0.07022511723253488,0.18816303868391737,0.004940331167223265,0.0019913684863586984,0.7960886571056063,0.00025683741458532115,0.12806178985495262,0.002220071313272223,0.0002487909044915451,0.18181818181818182,0.11392142635016068,0.7356262460013813,0.0013505621637342014,0.0,0.06967615309126592
0.5407166123778502,0.11641483516483518,0.02425712553062462,0.030840400925212026,0.004979396097898151,0.06487755058271957,0.20689951738261236,0.17155039154733392,0.4442989582050736,0.0005983942902944478,0.04923066287133029,0.07357223721557461,0.20356971301723475,0.005421972863265993,0.0023188675981054836,0.7887874837027379,0.00025683741458532115,0.12458859136992871,0.0023257901144846326,3.867822764326783e-05,0.18181818181818182,0.10531771535192289,0.7491288737499195,0.0048992259001709795,0.0,0.05103042198233561
0.7719869706840391,0.1668956043956044,0.028502122498483932,0.03315343099460293,0.00837811629645006,0.08969408182708992,0.2910147354321908,0.20259389491922744,0.4886145338751028,0.0007906030061589868,0.05342421901535669,0.0946001863909107,0.2782952852915361,0.008961055855929356,0.003567778103295859,0.8651890482398956,0.004566077811445012,0.1454277822800721,0.00320873890255754,0.0006090106467508332,0.18181818181818182,0.14745516740955739,0.7390284914292538,0.002861680131102083,0.0,0.08930323846908732
0.45276872964169385,0.10267857142857144,0.024863553668890235,0.026214340786430222,0.0043337463008512305,0.06877390965682746,0.15660917517027428,0.0993986648320848,0.4466944758941649,0.0010843330211548602,0.035191274734060946,0.055878412268834374,0.39710193006392286,0.0031294187764177132,0.004262741413552775,0.7851368970013037,0.004566077811445012,0.07416105717546267,0.001508348089661082,0.004158724850504312,0.13636363636363635,0.08655540582564529,0.7280149868958663,0.017954399666503064,0.0,0.07850834151128556
0.7915309446254072,0.2572115384615385,0.14129775621588841,0.15343099460292983,0.02358354682406275,0.2286450041939775,0.2958736294394664,0.3936537056855051,0.5748701885681852,0.07849026641643526,0.14520513151922665,0.16689397350047766,0.7772494836141421,0.027872577772314874,0.06476959496968202,0.9470664928292046,0.12091549887110994,0.329738848552007,0.02572388705466393,0.02862102080928998,0.36363636363636365,0.23675754120451953,0.9346836990973846,0.017610459491289063,0.0,0.16192345436702643
0.6384364820846906,0.19162087912087913,0.12674348089751364,0.13569776407093292,0.01578803946382347,0.1725370122027585,0.21914270612003278,0.29098506854201706,0.5110811462847453,0.05888651136646156,0.11966506256593996,0.12656451559779372,0.7903907489052119,0.016033398816861204,0.04886840203368934,0.8597131681877445,0.10798778638747422,0.24833369167920877,0.017266521372831342,0.015544930221309898,0.36363636363636365,0.17508033585570643,0.9238450468454478,0.01674703488352505,0.0,0.1540726202158979
0.990228013029316,0.3276098901098901,0.11218920557913886,0.14032382420971473,0.025270995165710075,0.24662165912973913,0.4439869485827424,0.5509521140158657,0.5801297163318647,0.024563083616531256,0.17644466754235938,0.2241099273444425,0.5823650796041152,0.05025036009852935,0.03839502652483457,0.9603650586701433,0.08213235271325942,0.4087293055256934,0.031603482257969974,0.05056532860634378,0.5909090909090909,0.31605680522442214,0.9264562976322137,0.02408533057361312,0.0,0.2208047105004906
0.38436482084690554,0.08585164835164837,0.012128562765312313,0.01233616037008481,0.003384228684871029,0.06686229492623359,0.12007830925300798,0.09409876165723896,0.4371864829936264,0.0003866466287085216,0.020660136042971067,0.04093973200454157,0.22784622735925053,0.0016812812737791202,0.0026588325590529596,0.7668839634941329,0.0043092316899163525,0.06865355672063907,0.0005369601625194899,0.0013117689544489169,0.0909090909090909,0.07085104177464498,0.6501165397809094,0.03845658024951983,0.0,0.031403336604514234
0.4234527687296417,0.10233516483516485,0.03577926015767132,0.03546646106399383,0.004525988168022647,0.07382933529223837,0.14331277754071692,0.1309347874093326,0.45314825882001986,0.0027178756181171484,0.03323103559179895,0.050828366836987465,0.5762702798447228,0.0025899501607614694,0.007760014563499574,0.7757496740547588,0.017493790295080747,0.0987876883383226,0.001842665305050164,0.01473444155069277,0.13636363636363635,0.08515600704882348,0.7565215992642701,0.031119591245139147,0.0,0.09028459273797838
0.9706840390879479,0.3190247252747253,0.0818677986658581,0.1133384734001542,0.021262464347215418,0.2011738425253142,0.49999206649617267,0.5420340077120386,0.5583938719594296,0.012546544668554482,0.1651628097111717,0.2195658636375593,0.34244184995464455,0.04823379817692954,0.017417240803496267,0.9462842242503259,0.0476584556592119,0.3847476969386236,0.025041003451087056,0.0022303392281063884,0.5454545454545455,0.30947444801492696,0.9178415199173676,0.01975695978919419,0.0,0.12953876349362115
0.993485342019544,0.31353021978021983,0.09035779260157671,0.11796453353893599,0.021866561449091867,0.20805219465944938,0.47574166761535774,0.5391462399565136,0.5553636872352844,0.01265281920375848,0.1681656141321174,0.22196105381883258,0.44105852079844154,0.049291491265586344,0.021096115368536228,0.9514993481095175,0.05627692774598794,0.3898747994641351,0.026340337848891244,0.003290777059329351,0.5454545454545455,0.30781590131647146,0.9137530534014515,0.014476899058541916,0.0,0.12561334641805688
0.8697068403908795,0.21771978021978025,0.044875682231655556,0.05011565150346955,0.012131828156738808,0.14977903663111358,0.32169872996472626,0.3162530364028606,0.5083282529938966,0.003595479959897423,0.07701186393298246,0.12650656632337093,0.34143850149579424,0.016019425176543,0.009943112714768354,0.8946544980443285,0.017493790295080747,0.22089542364751996,0.006435386021426923,0.013435248247015436,0.2727272727272727,0.1973152275318752,0.8594718766329642,0.01389976672713675,0.14285714285714285,0.07948969578017663
0.5276872964169381,0.12465659340659341,0.05639781685870225,0.05859676175790285,0.006246284450234769,0.09574224686769835,0.17148933279435036,0.2396762302739982,0.44829916241970313,0.004810992043736147,0.06372813648783099,0.07972260564771329,0.6002333063512494,0.006365447447419372,0.01198142254206056,0.7739243807040417,0.034730743175576166,0.18407951970626665,0.004732820007729884,0.004893080134114433,0.2727272727272727,0.11044884420026953,0.8366824026266806,0.016810959998033313,0.0,0.08635917566241409
0.96742671009772,0.28571428571428575,0.07944208611279563,0.10948342328450268,0.017848332513897728,0.18816175789836334,0.4407933565002034,0.5080602694117446,0.5288898632462719,0.012170877985532222,0.15495117061279454,0.19758998497369182,0.34170893209760234,0.03906382584273977,0.015918042295027964,0.9170795306388526,0.04334921526235221,0.3670509237054066,0.021774108388343084,0.0018026876547023263,0.49999999999999994,0.2804498807919561,0.9105546788165353,0.016343256189299406,0.0,0.0804710500490677
0.5537459283387622,0.1263736263736264,0.018192844147968467,0.02544333076329992,0.005521348900607357,0.05048701829281282,0.26528366916110047,0.14499991506565427,0.4671750009259732,0.0001744307242398615,0.04553036018624001,0.07312880249346894,0.13764858954759313,0.005356883143110063,0.0010743821093009472,0.8250325945241199,0.0,0.10593255379322891,0.0019170807709872463,0.0,0.13636363636363635,0.112107390898725,0.6625541674182549,0.01656769867550878,0.0,0.015701668302257096
0.6254071661237786,0.13839285714285715,0.02425712553062462,0.030840400925212026,0.006173738354177485,0.0726014281344662,0.24632965837267762,0.18399327319981656,0.45804940992983634,0.000662419310898016,0.0474259744085317,0.07512076110064882,0.19117744718782237,0.005652505471657001,0.002535650685144295,0.8151238591916558,0.00025683741458532115,0.13186576914807402,0.0023747002206373252,0.00010223596387869172,0.18181818181818182,0.12340624028195295,0.7526357575575331,0.007625894652154308,0.0,0.06967615309126592
0.39087947882736157,0.0834478021978022,0.012128562765312313,0.01156515034695451,0.0032854879352337213,0.034051704615231417,0.17540614190433418,0.09267186464862662,0.42941531549658696,0.000116287149493241,0.02093892494191272,0.04107438728524651,0.3415324944214745,0.0016923395665972482,0.0006911723115148709,0.7577574967405476,0.0043092316899163525,0.06701619172055637,0.0005070310383214667,0.0,0.0909090909090909,0.06872602881724889,0.2985927340255947,0.015331125623777487,0.0,0.01472031403336603
0.4397394136807818,0.0944368131868132,0.022437841115827778,0.02544333076329992,0.003868276489511159,0.06363562468983494,0.14768182402069463,0.12777522974740527,0.43797130784454463,0.000843414083073736,0.0331052424336242,0.05173557997942708,0.32823255804095386,0.0026830985854648915,0.0032228439179024485,0.7663624511082138,0.00025683741458532115,0.09475216247953294,0.0013567401832352383,0.0005008955922703648,0.13636363636363635,0.08116512905566498,0.7047418220910269,0.016969261128289545,0.0,0.03925417075564276
0.9543973941368079,0.2201236263736264,0.04244996967859309,0.06090979182729375,0.011984275894002139,0.0907297303407468,0.45202804740729924,0.36810545448368415,0.5222518867329564,0.0005715942276228841,0.1007482964570515,0.14720607925496904,0.12834434620225027,0.021687185744302784,0.002917117761678296,0.9139504563233376,0.013184549898221055,0.2662289333972843,0.009076174306369523,2.5506723094479326e-05,0.3181818181818182,0.21182751114336063,0.8506880011580755,0.012552022905124357,0.0,0.08635917566241409
1.0,0.3561126373626374,0.11400848999393572,0.16114109483423283,0.02804194941199669,0.2566044511385367,0.5155667413324707,0.5649662810647369,0.560425006682023,0.020421491785592338,0.2144726756820935,0.2699250858445508,0.5354698382414833,0.07288881689390582,0.03311720302395133,0.9384615384615385,0.08213235271325942,0.4122025040107173,0.04367812916964177,0.0058513990814991375,0.6363636363636365,0.35472167513216546,0.9237534897876855,0.003679626951991483,0.0,0.19430814524043177
0.5439739413680782,0.12225274725274726,0.03032140691328078,0.03777949113338473,0.0053229635110668815,0.06548051209128648,0.22102140306178408,0.2096519390511135,0.44749631863088113,0.0007609635159691296,0.05417957912645144,0.07611775232558013,0.23726907678291626,0.005803319755095717,0.0026424280974070204,0.795567144719687,0.004566077811445012,0.15419347369465625,0.002934389305660365,5.205880369283075e-05,0.22727272727272724,0.11101896962786359,0.7766770889735694,0.0014762217725942327,0.0,0.033366045142296366
0.9543973941368079,0.2870879120879121,0.07398423286840508,0.09483423284502697,0.01864271429794942,0.1856737956079675,0.44579115441380734,0.4609896549966876,0.5346509181149389,0.007618156868065601,0.13437504696578487,0.19270559988190655,0.402823038894487,0.03715770972087707,0.015864096880292826,0.9267275097783572,0.04334921526235221,0.3258687130972661,0.018414455806271268,0.0031028175987031312,0.4090909090909091,0.2745413081787084,0.8943712561480853,0.007961251695760984,0.0,0.1422963689892051
0.5342019543973942,0.11744505494505496,0.018192844147968467,0.02544333076329992,0.004952198910237938,0.047350683521166295,0.24643838118790756,0.13840900983539725,0.44829916241970313,0.0001744307242398615,0.04249900056809814,0.06822158140303855,0.13613470584848758,0.004662681707297959,0.0010280349660922057,0.7947848761408083,0.0,0.10024312389395167,0.0017885486673654642,0.0,0.13636363636363635,0.104125634912408,0.6729135885749102,0.009113056714886828,0.0,0.0578999018645731
0.6058631921824105,0.13873626373626374,0.028502122498483932,0.03392444101773323,0.006307579486407992,0.0810976199455116,0.23179704207027307,0.18917426829061137,0.4790584904734878,0.0009783600609743065,0.05119345695228878,0.07916668843372196,0.2558508419712383,0.006277151422357909,0.003727802500374034,0.8469361147327249,0.004566077811445012,0.1404660701586094,0.0027466412112582025,0.0008102377848161977,0.18181818181818182,0.12444283196848763,0.7667319953909799,0.00374474345640942,0.0,0.07163886162904808
1.0,0.5748626373626374,0.27835051546391754,0.3569776407093292,0.09614073226249024,0.5208188796632379,0.671990409902583,0.7306731896244203,0.6635794219724932,0.1569694760181224,0.4066670373832619,0.47402859926571356,0.8200244446013827,0.2247425177207362,0.18323717287510932,0.9801825293350717,0.25450186410432696,0.5651886277558177,0.16946467165471926,0.08180367581024357,0.7727272727272728,0.5807504923810511,0.9684442474428229,0.060168674933708435,0.0,0.35525024533856714
0.9153094462540717,0.2561813186813187,0.05518496058217101,0.07632999228989976,0.014729138491712661,0.13796486219607462,0.44179680683759,0.3882179075574581,0.5231948778165854,0.0032610860300047602,0.11199558747058064,0.15983311272176062,0.2548757710765863,0.025565154599708883,0.008086441361074512,0.9113428943937418,0.02611226238185679,0.2739030481451466,0.012317973894265801,0.0007557642052894224,0.36363636363636365,0.2433398984140147,0.8758905110445228,0.0013377899514767388,0.0,0.04612365063788025
1.0,0.4361263736263737,0.1279563371740449,0.17964533538936006,0.03721035710129684,0.2943664309041397,0.6486559271709755,0.6375851466816151,0.6083764036001839,0.026588200393060684,0.2474410034596876,0.31841319574905136,0.49320611545458354,0.10141959591573367,0.03854144160556568,0.9807040417209908,0.0907508335069788,0.445776756032615,0.05741065904523909,0.007135223539154545,0.6818181818181819,0.42883798071939466,0.9334497008275442,0.002718854259027408,0.0,0.20117762512266923
0.5211726384364821,0.11263736263736265,0.038811400848999394,0.04317656129529684,0.005016599338212426,0.08075484293072172,0.16650122559895442,0.20460683891351986,0.44829916241970313,0.00260372239363494,0.05337552488961162,0.07055004004326708,0.40425247878382237,0.004986046527018957,0.006232051904833982,0.7932203389830508,0.013184549898221055,0.15617815854324132,0.0031007278707912193,0.0016694401151137648,0.22727272727272724,0.10091220068415052,0.811151689882544,0.024908107007362165,0.0,0.0353287536800785
0.9283387622149838,0.2826236263736264,0.05518496058217101,0.07555898226676946,0.017154666244120088,0.18370351229092727,0.4288950327636349,0.4084662555844333,0.5346509181149389,0.007832800008389887,0.11296766649934324,0.17052291555092688,0.24899197765238423,0.02909787597774739,0.01289382106357654,0.9288135593220339,0.02611226238185679,0.2806509766303359,0.013010064398010597,0.0016949071146230969,0.36363636363636365,0.2630869700425003,0.8908737663781573,0.013706005733762506,0.0,0.12953876349362115
0.498371335504886,0.10542582417582419,0.012128562765312313,0.018504240555127213,0.0044065037122810536,0.04275108447944492,0.22179454306911678,0.10207409672323295,0.4491040083127368,0.000116287149493241,0.03393589809100993,0.05897901821233398,0.12157564805353127,0.003485930373385721,0.0007507861980180397,0.8039113428943937,0.0043092316899163525,0.07515339959975523,0.0011370921761280103,0.0,0.0909090909090909,0.09344874054110087,0.5862174020806974,0.010778581376677174,0.0,0.019627085377821388
0.7133550488599348,0.18200549450549453,0.04244996967859309,0.05782575173477255,0.008925155684979886,0.09528464018089591,0.3186484509698055,0.3305304999235591,0.4816452091147797,0.002391577513519714,0.08320157865153342,0.10906847982267664,0.192159777935917,0.01190908234901377,0.004737913287144361,0.8565840938722294,0.013184549898221055,0.24148652895159023,0.006389490529786536,0.00018523734968613672,0.3181818181818182,0.16922359282678553,0.8507340800156526,0.0008083516483910657,0.0,0.13346418056918546
0.8501628664495114,0.20020604395604397,0.038811400848999394,0.04934464148033924,0.010798000129981975,0.1149551738647352,0.33592761266564086,0.2666258981807063,0.5203719108783332,0.0017453539459383821,0.07620780969614264,0.11917913203966801,0.2699248859560663,0.014218222035282403,0.005824798374553277,0.9110821382007822,0.013184549898221055,0.19478027884822122,0.005970967099112998,0.0033358716913313856,0.2727272727272727,0.18311392142635016,0.8244860502214442,0.002433612455492139,0.0,0.05004906771344454
0.8371335504885994,0.1926510989010989,0.05336567616737417,0.06399383191981495,0.01044848935955877,0.13510733443179332,0.28349638804397403,0.30269751482104335,0.5120021142220474,0.005350485358984766,0.09159304936442143,0.12756643878785826,0.4065383649207298,0.01628827138750248,0.011118620333017661,0.8938722294654498,0.02611226238185679,0.22749450076906538,0.008259090118116723,0.012060709755889014,0.3181818181818182,0.18129988597491448,0.8695786385246083,0.02490414851830744,0.0,0.0323846908734053
0.39087947882736157,0.0834478021978022,0.012128562765312313,0.01156515034695451,0.0032854879352337213,0.034051704615231417,0.17540614190433418,0.09267186464862662,0.42941531549658696,0.000116287149493241,0.02093892494191272,0.04107438728524651,0.3415324944214745,0.0016923395665972482,0.0006911723115148709,0.7577574967405476,0.0043092316899163525,0.06701619172055637,0.0005070310383214667,0.0,0.0909090909090909,0.06872602881724889,0.2985927340255947,0.015331125623777487,0.0,0.04612365063788025
0.9087947882736157,0.27472527472527475,0.10612492419648271,0.13492675404780263,0.019561441600604034,0.22280834818666603,0.3512276937893869,0.45548590939204,0.5543576298689924,0.03948600805486315,0.1581953415953037,0.19010873601431608,0.5797537510659759,0.036162454324809995,0.03804227068912455,0.9423728813559321,0.07782312102334304,0.3577229049170567,0.02578457382335201,0.011358403042632604,0.49999999999999994,0.2637607546387478,0.9381059867651312,0.01496767483746207,0.0,0.23258096172718346
0.7263843648208469,0.1569368131868132,0.03456640388114009,0.04317656129529684,0.007615030588835808,0.1029760022717646,0.249441201804198,0.23467359730927995,0.4756318891154605,0.0020112200522527817,0.06611760533110503,0.10045596333470797,0.26076988713806054,0.01010360835289909,0.005246986227971718,0.8453715775749674,0.008875318208304703,0.17215487157435125,0.004413922441087274,0.00019067320870627165,0.22727272727272724,0.1452264952835078,0.823248237624715,0.018184209812628062,0.0,0.07850834151128556
0.48859934853420195,0.1050824175824176,0.02425712553062462,0.027756360832690823,0.004343691386772278,0.04201994141735286,0.2196200867645176,0.16488304540590126,0.43954396070269863,0.000232574298986482,0.037635148742519296,0.05627539072171297,0.22582511100595237,0.0031739954001336716,0.001220902478785498,0.7736636245110821,0.00025683741458532115,0.12095000248085606,0.001605857629665622,0.0,0.18181818181818182,0.09023530631284338,0.6763214218443053,0.014734264900319673,0.0,0.029440628066732075
0.9804560260586319,0.45776098901098905,0.31776834445118257,0.3747108712413261,0.09385361059388879,0.4474474329404824,0.4951388499943084,0.6282423686490343,0.62769971239773,0.32786497456948605,0.3797769087646421,0.40376231565184795,0.8958493806631176,0.16305769082947974,0.19863486588467716,0.9410691003911342,0.3019034823489536,0.5584076211898186,0.15150319173111568,0.07921924681628062,0.6363636363636365,0.46962786358453407,0.9636659426820824,0.07444488244036931,0.0,0.36506378802747785
0.9804560260586319,0.45776098901098905,0.31776834445118257,0.3747108712413261,0.09385361059388879,0.4474474329404824,0.4951388499943084,0.6282423686490343,0.62769971239773,0.32786497456948605,0.3797769087646421,0.40376231565184795,0.8958493806631176,0.16305769082947974,0.19863486588467716,0.9410691003911342,0.3019034823489536,0.5584076211898186,0.15150319173111568,0.07921924681628062,0.6363636363636365,0.46962786358453407,0.9636659426820824,0.07444488244036931,0.0,0.2865554465161923
0.9609120521172639,0.39079670329670335,0.2553062462098242,0.3006939090208173,0.06051112200855196,0.3796574410401271,0.4310502723106421,0.5791503168051096,0.5984249446167923,0.24078903242726646,0.30792226373580134,0.33253482256222455,0.8585799643372166,0.11060982338353327,0.14110887996938287,0.9303780964797913,0.2329556795339152,0.50234027421729,0.10018342775158386,0.06069562265556235,0.5909090909090909,0.3969109567741267,0.9607104908176544,0.013642503370512515,0.0,0.2865554465161923
0.9609120521172639,0.39079670329670335,0.2553062462098242,0.3006939090208173,0.06051112200855196,0.3796574410401271,0.4310502723106421,0.5791503168051096,0.5984249446167923,0.24078903242726646,0.30792226373580134,0.33253482256222455,0.8585799643372166,0.11060982338353327,0.14110887996938287,0.9303780964797913,0.2329556795339152,0.50234027421729,0.10018342775158386,0.06069562265556235,0.5909090909090909,0.3969109567741267,0.9607104908176544,0.013642503370512515,0.0,0.3061825318940136
1.0,0.5460164835164836,0.2674348089751365,0.32228218966846567,0.08745240063796227,0.4987039525254783,0.6327620316392902,0.7098642749154903,0.6549954001655741,0.1750919374489353,0.3785460294749752,0.44831272511877873,0.8165440244921691,0.20102208828644735,0.1737450224120234,0.9796610169491525,0.2415741516206912,0.5418685807849429,0.14472886161920712,0.06843728944343823,0.7727272727272728,0.5472167513216545,0.9664531373002799,0.06751141591733047,0.0,0.33366045142296363
0.749185667752443,0.23214285714285718,0.12189205579138873,0.13492675404780263,0.018085067192443124,0.2006094271675308,0.27577340742921724,0.3202959112605956,0.5365869528874847,0.04636996345652489,0.13985073146391974,0.15563052575340472,0.7339685457512167,0.024238586574309984,0.04782758369468427,0.8943937418513689,0.09936930559375484,0.2610687527909631,0.02110986715025411,0.02754985551936228,0.36363636363636365,0.2147299678656577,0.9301904850354479,0.004920132871489113,0.0,0.1776251226692836
0.8208469055374593,0.2293956043956044,0.09035779260157671,0.09560524286815728,0.015663651861988908,0.18508699754214855,0.2864414741635479,0.32148499210110587,0.5308028738203853,0.021618140987892467,0.10095900375425698,0.13727753866621847,0.6636537349978999,0.018861760410574087,0.03369834428350975,0.9003911342894393,0.06920464022962367,0.24509203975985314,0.01322547457899062,0.03627843596378377,0.36363636363636365,0.20337928889810303,0.9104249144604164,0.005941205266655673,0.0,0.16879293424926395
0.6319218241042346,0.13907967032967034,0.022437841115827778,0.028527370855821122,0.006198326921004772,0.07963333250276992,0.2329567520993926,0.1479896040360801,0.463004617853364,0.0005491039440494429,0.0452141489499202,0.07302587601300202,0.24423103855426498,0.005341911559954832,0.0031202534654422346,0.8198174706649283,0.00025683741458532115,0.10593255379322891,0.0021396125519517356,0.009250951861251404,0.13636363636363635,0.12273245568570541,0.788307748142014,0.0025366868986451425,0.07936507936507936,0.07948969578017663
0.7231270358306189,0.19196428571428573,0.06852637962401456,0.07324595219737856,0.010744346707286963,0.1446739208308334,0.25604050410930784,0.2970493808286195,0.5065013329008788,0.010794722967998686,0.08275882280448107,0.11238346307879978,0.5476498960718609,0.012643530963695738,0.019307300308814848,0.8737940026075619,0.04334921526235221,0.22471594198104627,0.008316108563711937,0.021770293405529235,0.3181818181818182,0.17264434539234996,0.8815124690940556,0.000758390136049938,0.0,0.1000981354268891
0.9609120521172639,0.2565247252747253,0.06306852637962401,0.08095605242868156,0.015408493495326126,0.15723372644760908,0.4126195571162495,0.4951502488576331,0.5453932082618833,0.005121626440820387,0.12231618718983797,0.169976062204555,0.31585843017335785,0.028911451964509602,0.01095394052750945,0.9415906127770535,0.030421502778716476,0.3609314787556026,0.013885316187277539,0.002084014266144387,0.4090909090909091,0.24717528765419303,0.8793183875701329,0.006040410895263287,0.0,0.1511285574092247
0.4201954397394137,0.08653846153846155,0.012128562765312313,0.016962220508866612,0.0034241821273178316,0.035772213863103336,0.18192951081813175,0.09335983284920757,0.42941531549658696,0.000116287149493241,0.02807291494458789,0.0461676597860972,0.2354253116885892,0.00213730532208466,0.0006944061953543386,0.7577574967405476,0.0043092316899163525,0.06805815126606354,0.0008191238528539486,0.0,0.0909090909090909,0.07375349849694206,0.4541052601749881,0.012142633148743481,0.0,0.036310107948969564
0.3941368078175896,0.08413461538461539,0.012128562765312313,0.01156515034695451,0.003312430690193253,0.0342835185443336,0.17685577944073366,0.09282474647097794,0.42941531549658696,0.000116287149493241,0.020948844115675602,0.04119870754616589,0.29732116845961765,0.0017025837241593548,0.0006921536171582742,0.7577574967405476,0.0043092316899163525,0.06701619172055637,0.0005085633955770527,0.0,0.0909090909090909,0.06903700632320929,0.38504602422417933,0.01240833871988895,0.0,0.019627085377821388
0.3941368078175896,0.08413461538461539,0.012128562765312313,0.01156515034695451,0.003312430690193253,0.0342835185443336,0.17685577944073366,0.09282474647097794,0.42941531549658696,0.000116287149493241,0.020948844115675602,0.04119870754616589,0.29732116845961765,0.0017025837241593548,0.0006921536171582742,0.7577574967405476,0.0043092316899163525,0.06701619172055637,0.0005085633955770527,0.0,0.0909090909090909,0.06903700632320929,0.38504602422417933,0.01240833871988895,0.0,0.02551521099116781
0.3941368078175896,0.08413461538461539,0.012128562765312313,0.01156515034695451,0.003312430690193253,0.0342835185443336,0.17685577944073366,0.09282474647097794,0.42941531549658696,0.000116287149493241,0.020948844115675602,0.04119870754616589,0.29732116845961765,0.0017025837241593548,0.0006921536171582742,0.7577574967405476,0.0043092316899163525,0.06701619172055637,0.0005085633955770527,0.0,0.0909090909090909,0.06903700632320929,0.38504602422417933,0.01240833871988895,0.0,0.04121687929342492
0.3941368078175896,0.08413461538461539,0.012128562765312313,0.01156515034695451,0.003312430690193253,0.0342835185443336,0.17685577944073366,0.09282474647097794,0.42941531549658696,0.000116287149493241,0.020948844115675602,0.04119870754616589,0.29732116845961765,0.0017025837241593548,0.0006921536171582742,0.7577574967405476,0.0043092316899163525,0.06701619172055637,0.0005085633955770527,0.0,0.0909090909090909,0.06903700632320929,0.38504602422417933,0.01240833871988895,0.0,0.02845927379784101
0.3973941368078176,0.08619505494505496,0.016979987871437233,0.016191210485736313,0.003501251361483252,0.05218177320851148,0.14365907985718612,0.09307954950823015,0.4309589378436737,0.000232574298986482,0.024232992374259445,0.044220933668108676,0.5183412607910639,0.0019611050038373765,0.002574308320363042,0.7572359843546284,0.00025683741458532115,0.06790929990241966,0.000750514378894207,4.097801415178645e-05,0.0909090909090909,0.07038457551570437,0.5040792528787164,0.00188217827633218,0.0,0.017664376840039242
0.3941368078175896,0.08413461538461539,0.012128562765312313,0.01156515034695451,0.003312532256454225,0.03432508854822947,0.17685577944073366,0.09282474647097794,0.42941531549658696,0.000116287149493241,0.020955156317161074,0.04126428110180049,0.29732116845961765,0.0017079992902742861,0.0006921536171582742,0.7577574967405476,0.0043092316899163525,0.06701619172055637,0.0005093716516349967,0.0,0.0909090909090909,0.06908883590753603,0.38504602422417933,0.01240833871988895,0.0,0.03434739941118743
0.7882736156351792,0.17032967032967034,0.026682838083687085,0.036237471087124135,0.008596138639071323,0.09875370177022642,0.285143703409773,0.20412271314274066,0.48949245657185714,0.0009444465976625273,0.059625956974832355,0.09989923816271457,0.2593156754658444,0.009992296888759139,0.0040949337166863425,0.8667535853976531,0.004566077811445012,0.14691629591651093,0.003696392998425834,0.0010502539584202404,0.18181818181818182,0.15326008085415155,0.7631194029968005,0.0088087398621526,0.0,0.04219823356231599
0.39087947882736157,0.0834478021978022,0.012128562765312313,0.01156515034695451,0.0032854879352337213,0.034051704615231417,0.17540614190433418,0.09267186464862662,0.42941531549658696,0.000116287149493241,0.02093892494191272,0.04107438728524651,0.3415324944214745,0.0016923395665972482,0.0006911723115148709,0.7577574967405476,0.0043092316899163525,0.06701619172055637,0.0005070310383214667,0.0,0.0909090909090909,0.06872602881724889,0.2985927340255947,0.015331125623777487,0.0,0.033366045142296366
0.6775244299674268,0.13358516483516486,0.02425712553062462,0.03315343099460293,0.006157662020163274,0.07410593386053478,0.23770431503110084,0.18586182880633273,0.4671750009259732,0.0006127471392862645,0.05394106808460755,0.08376102712990066,0.20222485116325584,0.007026248148441243,0.002486345592344868,0.8375488917861799,0.00025683741458532115,0.13806790929990242,0.002841333746992412,0.00012188868495148726,0.18181818181818182,0.12335441069762622,0.756987803919974,0.01257617096942257,0.0,0.019627085377821388
0.38436482084690554,0.08207417582417584,0.006064281382656155,0.008481110254433308,0.0031982228242646944,0.03361399689196131,0.173231685599735,0.06161137440758294,0.4286455064272551,5.81435747466205e-05,0.018750695093615963,0.039531787548259215,0.20007474932701985,0.0015678093924447062,0.0004596743828097583,0.7580182529335071,0.008618472086776043,0.044275011163852275,0.00036600031194026003,0.0,0.045454545454545456,0.06779309629936768,0.30839986443111844,0.00071611501022283,0.0,0.02453385672227673
0.742671009771987,0.16449175824175827,0.03032140691328078,0.04240555127216654,0.007997875280219932,0.09752799030257758,0.27528616816225676,0.24359170361310709,0.4868616916379116,0.0013737792495562657,0.06663956427774889,0.10116680846943688,0.1504315128443527,0.010247015979716792,0.003995977107161319,0.8730117340286832,0.004566077811445012,0.1798951424838331,0.004367150457964969,0.0004930010524011227,0.22727272727272724,0.1540893542033793,0.8152317075576856,0.007671193090010263,0.0,0.11187438665358194
0.5244299674267101,0.1098901098901099,0.041843541540327475,0.051657671549730146,0.00504284322377818,0.07792209391846482,0.16312449055025652,0.22950958908763527,0.43797130784454463,0.0030797984078304217,0.05600049896449838,0.06758857657393674,0.5173922041944026,0.004576593985871993,0.0072456858365744035,0.760625814863103,0.021803030691940433,0.17609116319071166,0.0035439878692548965,0.001924858586179859,0.3181818181818182,0.09769876645589304,0.8066497678129378,0.022941006970694258,0.0,0.0578999018645731
0.8306188925081434,0.20673076923076925,0.05215281989084294,0.06939090208172706,0.011881969894344346,0.14508641223008759,0.30210116795817676,0.3130425181334828,0.5222518867329564,0.006306388649760679,0.08984456955294585,0.12562688165227257,0.455748897373284,0.015797210514618118,0.012918386126825254,0.9079530638852672,0.030421502778716476,0.23525131071895208,0.008811382536705291,0.007338167154241268,0.3181818181818182,0.19005908572613248,0.851144169448731,0.019226637551659403,0.0,0.13640824337585866
0.4201954397394137,0.08653846153846155,0.012128562765312313,0.016191210485736313,0.003423555734600763,0.04995338309027855,0.1514871225537432,0.09335983284920757,0.42941531549658696,0.00021143118087565868,0.026527627904739864,0.04565640396394723,0.20209677342726623,0.0020903002648400143,0.0013551503475501194,0.7577574967405476,0.0043092316899163525,0.06790929990241966,0.0007748427810143337,1.0265410688024056e-05,0.0909090909090909,0.073960816834249,0.5977310936395877,0.017473552136830186,0.0,0.023552502453385665
0.5700325732899023,0.11984890109890112,0.012128562765312313,0.016962220508866612,0.005319907171408476,0.04863299597282273,0.2522369313335054,0.10829129083218673,0.4638354911011474,0.000116287149493241,0.034359266462071186,0.0657574068727408,0.17416104572045232,0.004332285355576071,0.0008020894295180973,0.8346805736636245,0.0043092316899163525,0.07922200353935464,0.0011662230821093095,0.0,0.0909090909090909,0.10593967036384369,0.49480652257784796,0.015278089556830753,0.0,0.05299313052011774
0.5700325732899023,0.11984890109890112,0.012128562765312313,0.016962220508866612,0.005319907171408476,0.04863299597282273,0.2522369313335054,0.10829129083218673,0.4638354911011474,0.000116287149493241,0.034359266462071186,0.0657574068727408,0.17416104572045232,0.004332285355576071,0.0008020894295180973,0.8346805736636245,0.0043092316899163525,0.07922200353935464,0.0011662230821093095,0.0,0.0909090909090909,0.10593967036384369,0.49480652257784796,0.015278089556830753,0.0,0.055937193326790965
0.9315960912052118,0.32142857142857145,0.09278350515463918,0.10562837316885118,0.022304925163185507,0.2493942486069246,0.41458361918977515,0.43686830080347894,0.5727809928234576,0.03664736727146541,0.1351179329644202,0.19070584592748835,0.4841277536103784,0.0363904618454192,0.0359993711209915,0.9556714471968709,0.06058616814284764,0.30751037824785404,0.020280918176911154,0.014777466374837138,0.45454545454545453,0.29485850523478807,0.9212374487873892,0.006342409021399118,0.0,0.20117762512266923
0.5374592833876222,0.13324175824175827,0.03274711946634324,0.03932151117964534,0.006024627213441517,0.0781531591029306,0.2179633581411351,0.1843330105828195,0.47392809843145156,0.0015985245412048522,0.05228922507206431,0.07318362783906936,0.2942790452901187,0.005364895887232931,0.004498020138323812,0.8305084745762712,0.008875318208304703,0.13906025172419495,0.0029342287407495894,0.0011589397780978228,0.22727272727272724,0.11630558722919043,0.8117060570178571,0.01882125752691001,0.0,0.049067713444553476
0.4690553745928339,0.10748626373626374,0.02425712553062462,0.026214340786430222,0.004467633877502979,0.06202686279385363,0.17961009075989265,0.16768587881567548,0.44350312178099194,0.000723082892713523,0.03456967317825357,0.05329816286009449,0.24861288586795488,0.0028474193435761817,0.0027905722962322044,0.7853976531942634,0.00025683741458532115,0.12343085854158742,0.0014387773874846644,0.0006966011520002768,0.18181818181818182,0.09101275007774438,0.7468252662635197,0.012361797649546561,0.0,0.06673209028459272
0.4690553745928339,0.10748626373626374,0.02425712553062462,0.026214340786430222,0.004467633877502979,0.06202686279385363,0.17961009075989265,0.16768587881567548,0.44350312178099194,0.000723082892713523,0.03456967317825357,0.05329816286009449,0.24861288586795488,0.0028474193435761817,0.0027905722962322044,0.7853976531942634,0.00025683741458532115,0.12343085854158742,0.0014387773874846644,0.0006966011520002768,0.18181818181818182,0.09101275007774438,0.7468252662635197,0.012361797649546561,0.0,0.05103042198233561
0.4690553745928339,0.10748626373626374,0.02425712553062462,0.026214340786430222,0.004467633877502979,0.06202686279385363,0.17961009075989265,0.16768587881567548,0.44350312178099194,0.000723082892713523,0.03456967317825357,0.05329820496865485,0.24861288586795488,0.0028474238011148337,0.0027905722962322044,0.7853976531942634,0.00025683741458532115,0.12343085854158742,0.0014387785127122704,0.0006966011520002768,0.18181818181818182,0.09101275007774438,0.7468252662635197,0.012361797649546561,0.0,0.0353287536800785
0.47882736156351796,0.1098901098901099,0.02425712553062462,0.028527370855821122,0.004581546801124333,0.063582349013671,0.18366907586181114,0.16874755813755968,0.4442989582050736,0.0007909170628636232,0.038423723056668545,0.05608001489695595,0.21110024535243438,0.003152022627430159,0.0028029806755987454,0.7864406779661016,0.00025683741458532115,0.12450589616790433,0.0016435411352226398,0.00027248915910432574,0.18181818181818182,0.09391520680004148,0.7637222231617162,0.01399692265267396,0.0,0.04808635917566241
0.4690553745928339,0.10748626373626374,0.02425712553062462,0.026214340786430222,0.004467633877502979,0.06202686279385363,0.17961009075989265,0.16768587881567548,0.44350312178099194,0.000723082892713523,0.03456967317825357,0.05329816812366453,0.24861288586795488,0.0028474199673716783,0.0027905722962322044,0.7853976531942634,0.00025683741458532115,0.12343085854158742,0.0014387775435973232,0.0006966011520002768,0.18181818181818182,0.09101275007774438,0.7468252662635197,0.012361797649546561,0.0,0.055937193326790965
0.4690553745928339,0.10748626373626374,0.02425712553062462,0.026214340786430222,0.004467633877502979,0.06202686279385363,0.17961009075989265,0.16768587881567548,0.44350312178099194,0.000723082892713523,0.03456967317825357,0.05329816286009449,0.24861288586795488,0.0028474193435761817,0.0027905722962322044,0.7853976531942634,0.00025683741458532115,0.12343085854158742,0.0014387773874846644,0.0006966011520002768,0.18181818181818182,0.09101275007774438,0.7468252662635197,0.012361797649546561,0.0,0.019627085377821388
0.7296416938110749,0.1943681318681319,0.049120679199514856,0.06013878180416345,0.009902824240321935,0.13867515101442265,0.2783948353317002,0.29223360342455285,0.4781995877667429,0.005807667062132323,0.08354739711863032,0.11640998626089788,0.3443544897518194,0.01356529756853643,0.011000072093872753,0.8432855280312908,0.021803030691940433,0.20839190910143393,0.0070885051469474865,0.00542487440348425,0.2727272727272727,0.1807297605473204,0.8640186579512302,0.02712611632113605,0.0,0.12365063788027474
0.5179153094462541,0.10954670329670331,0.012128562765312313,0.022359290670778718,0.004515549143658468,0.04546389424441687,0.23049236828751352,0.10018855424756663,0.4371864829936264,0.000116287149493241,0.04082596659342509,0.0646338346835553,0.048632458929417755,0.0041856034132014405,0.0007467786510107933,0.7752281616688396,0.0043092316899163525,0.07158096687230207,0.0014952089569367957,0.0,0.0909090909090909,0.09816523271483364,0.6459255133021153,0.013918521510230958,0.0,0.04121687929342492
0.9837133550488599,0.38049450549450553,0.10673135233474834,0.13878180416345412,0.02872187298884444,0.27005334388381563,0.5410254377437127,0.5993646910937845,0.5940623595398765,0.02804029065756722,0.19247750902494523,0.25365019042477915,0.43873816786536696,0.06436544932049794,0.03359909346771607,0.9861799217731421,0.06920464022962367,0.4236144418900815,0.035377070656942775,0.007490904339132021,0.6363636363636365,0.36716077537058156,0.9326990234082212,0.006359754633632422,0.0,0.25318940137389595
0.4234527687296417,0.08791208791208792,0.012128562765312313,0.015420200462606013,0.003481370181784669,0.03575656396755371,0.18482878589093066,0.09430260408704072,0.43250756545128943,0.000116287149493241,0.024908999095251124,0.044118162462958126,0.19837200969765534,0.001952021408699512,0.0007032410982712816,0.7642764015645371,0.0043092316899163525,0.06880240808428295,0.0007147351984003068,0.0,0.0909090909090909,0.07390898724992226,0.5134243639198041,0.02199573515720012,0.0,0.0049067713444553435
0.6905537459283388,0.17032967032967034,0.03456640388114009,0.04626060138781804,0.008139231011901539,0.08930981366840882,0.2964508761936888,0.24119655506293636,0.4773416861121039,0.001311117285868304,0.06858267030169318,0.0970235129858655,0.21911804203110818,0.009425409057187117,0.004152055161628543,0.8482398956975228,0.008875318208304703,0.17433802490779485,0.004562376129762501,0.00016704812911876214,0.22727272727272724,0.15522960505856742,0.8085722800355865,0.0014738261821306963,0.0,0.05888125613346416
0.9576547231270359,0.32211538461538464,0.15767131594906003,0.18812644564379338,0.03162212949300228,0.29443816944625256,0.375671841764432,0.5427984168237951,0.5833120609760859,0.1053728317970986,0.1979437252208519,0.2348030251684576,0.7502764658457278,0.05515765577151657,0.07638607861240693,0.9572359843546284,0.1338432113547457,0.4408150439111523,0.044328901413013204,0.033404509844128474,0.5454545454545455,0.3180781590131648,0.9523321312424042,0.05241600614664956,0.0,0.17664376840039248
0.758957654723127,0.1734203296703297,0.044875682231655556,0.05474171164225135,0.008836031493300402,0.11384125312729713,0.2705386052305485,0.2472608673495388,0.49391009951458986,0.0034658327484152706,0.0758866388729414,0.10939477379340586,0.3210340043094424,0.011980541008193346,0.007410787415861228,0.8737940026075619,0.017493790295080747,0.18535302581744206,0.00607129727047289,0.0014843449340481546,0.2727272727272727,0.1602570747382606,0.8508221540736153,0.01405942578567713,0.0,0.047105004906771344
0.9120521172638437,0.253434065934066,0.06003638568829594,0.07787201233616037,0.015389729364655363,0.17406623385341016,0.3781137906233884,0.3339108868844384,0.512925084263561,0.007843094374813635,0.10807014959917521,0.1613527132894314,0.40445797762569297,0.02605400032800047,0.01452269402897317,0.8938722294654498,0.034730743175576166,0.23386203132494252,0.012683740491363713,0.0031965589875053583,0.36363636363636365,0.2359282678552918,0.8854394766671144,0.00837349822579624,0.0,0.09421000981354268
0.8013029315960912,0.16655219780219782,0.04244996967859309,0.059367771781033155,0.008272171760802156,0.07917785437139367,0.32233726076189595,0.3218332229186839,0.4825111191862649,0.0009814203555828108,0.08727024338045443,0.11507608181266932,0.21928198664754112,0.013256362243287604,0.0031124372849832627,0.8584093872229465,0.013184549898221055,0.24228040289102426,0.0069186243693679875,7.401131127414492e-05,0.3181818181818182,0.161345496009122,0.8272508446891941,0.007160125250693098,0.0,0.12659470068694795
0.4462540716612378,0.09203296703296704,0.012128562765312313,0.014649190439475712,0.0036597341141877686,0.037089738556481934,0.1935266111093274,0.09544921775467564,0.4348410179098232,0.000116287149493241,0.02501585564896946,0.04560075750141962,0.19891531348861796,0.002085221561029024,0.0007120212627671825,0.7666232073011734,0.0043092316899163525,0.06895125944792684,0.0007035405745430118,0.0,0.0909090909090909,0.07722608064683321,0.48052582194468196,0.015001020944288724,0.0,0.06575073601570165
0.9250814332247558,0.24828296703296707,0.05093996361431171,0.06784888203546645,0.014722132982466512,0.12685135882278556,0.44328305170828675,0.3906640167150793,0.5414600745383399,0.0019939713828709613,0.10622413124569795,0.15875779167918794,0.2636698818584324,0.025222914508007815,0.00656283411243932,0.9379400260756192,0.021803030691940433,0.2795924780444239,0.010889264500045992,0.0013284779487908085,0.36363636363636365,0.23079713900694515,0.8571820476783075,0.004685787757320844,0.0,0.08439646712463196
0.4201954397394137,0.08653846153846155,0.012128562765312313,0.016962220508866612,0.0034241821273178316,0.035772213863103336,0.18192951081813175,0.09335983284920757,0.42941531549658696,0.000116287149493241,0.02807291494458789,0.0461676597860972,0.2354253116885892,0.00213730532208466,0.0006944061953543386,0.7577574967405476,0.0043092316899163525,0.06805815126606354,0.0008191238528539486,0.0,0.0909090909090909,0.07375349849694206,0.4541052601749881,0.012142633148743481,0.0,0.0098135426889107
0.4397394136807818,0.0892857142857143,0.012128562765312313,0.015420200462606013,0.003562339398512821,0.03653025516613837,0.18772806096372957,0.09504153289507211,0.4332833808332558,0.000116287149493241,0.02707904379164926,0.04712915875820751,0.18765411255908832,0.00222712428978858,0.0007068797802872717,0.76870925684485,0.0043092316899163525,0.06914972793278534,0.0007634461271021245,0.0,0.0909090909090909,0.07551570436405101,0.5209481150691622,0.007330404333267013,0.0,0.0353287536800785
0.6514657980456027,0.1308379120879121,0.018192844147968467,0.030069390902081723,0.005936694031170242,0.07547138229190115,0.22880112448296724,0.1475479454381763,0.46466836645314236,0.0005040201094948986,0.05157624688522915,0.08004320969922264,0.09849768543229576,0.0064168351901958244,0.002116837062816287,0.8344198174706648,0.0,0.10897573722772605,0.002468462933155969,7.98653132958287e-06,0.13636363636363635,0.1204001243910024,0.7349926388420298,0.003678602100456281,0.0,0.04023552502453383
1.0,0.29017857142857145,0.061249241964827165,0.08326908249807247,0.018296859553235456,0.15362536821841047,0.5134132942622772,0.46656984151251085,0.5424401045498819,0.002913693848145762,0.1318432530080646,0.19543735852263908,0.2749167089784531,0.038218383460365074,0.008625281724186902,0.9363754889178617,0.030421502778716476,0.3231893885516762,0.016416279930381972,0.0009217523418992581,0.4090909090909091,0.2786358453405204,0.8834097272813901,0.0023066333502805344,0.0,0.1324828263002944
0.43322475570032576,0.09134615384615385,0.02304426925409339,0.022359290670778718,0.003789382479662782,0.04824627706534506,0.16448553914220526,0.12553296301958586,0.43173175006932285,0.0004492912593898465,0.029413205726669656,0.048540474531104404,0.46489862160323614,0.002362311673669284,0.0023782070073283764,0.7569752281616688,0.004566077811445012,0.09210591601475282,0.0011232757780311722,2.9060938607644478e-05,0.18181818181818182,0.07479009018347674,0.585531257218211,0.011995541332153525,0.0,0.04808635917566241
0.3941368078175896,0.08413461538461539,0.012128562765312313,0.01156515034695451,0.003312532256454225,0.03432508854822947,0.17685577944073366,0.09282474647097794,0.42941531549658696,0.000116287149493241,0.020955156317161074,0.04126428110180049,0.29732116845961765,0.0017079992902742861,0.0006921536171582742,0.7577574967405476,0.0043092316899163525,0.06701619172055637,0.0005093716516349967,0.0,0.0909090909090909,0.06908883590753603,0.38504602422417933,0.01240833871988895,0.0,0.03729146221786063
0.40390879478827363,0.08722527472527473,0.01879927228623408,0.016962220508866612,0.003552347013916899,0.052952950006630244,0.14539864490086546,0.09343627376038323,0.43173175006932285,0.0003100990652959281,0.0254396748915654,0.04588062152077198,0.4821683576831323,0.002110844467362249,0.0025814589735462185,0.7585397653194264,0.00025683741458532115,0.06825661975092205,0.0008140379659956707,4.913180268198886e-05,0.0909090909090909,0.07168031512387271,0.551565666188915,0.004804965180220719,0.0,0.023552502453385665
0.40390879478827363,0.08516483516483518,0.012128562765312313,0.01233616037008481,0.0033627796350296363,0.034799475692175834,0.17903023574533283,0.09318147072313103,0.4301861256180246,0.000116287149493241,0.022155526632981554,0.042853592391162106,0.2383727336669631,0.0018418810220965553,0.0006940814144272574,0.7590612777053455,0.0043092316899163525,0.06736351156905876,0.0005620244736310909,0.0,0.0909090909090909,0.07033274593137764,0.48683892931862527,0.00948555181600041,0.0,0.0353287536800785
0.5146579804560261,0.12019230769230771,0.022437841115827778,0.03238242097147263,0.005183688246669004,0.06322714939451732,0.21367657286527986,0.1409570402079193,0.45559182701018774,0.0005254588907067743,0.05069013402907821,0.07022795429678974,0.2164867791365489,0.0049406651941167595,0.002378369106720489,0.8088657105606257,0.00025683741458532115,0.10513867985379488,0.0023284639411449955,0.00017541098914973898,0.13636363636363635,0.1078055353996061,0.7484053021387835,0.014475669236699674,0.0,0.0775269872423945
0.8241042345276873,0.18681318681318684,0.03032140691328078,0.03855050115651504,0.009624233966251856,0.08862574293011047,0.3521894394682479,0.21197914012468363,0.49657990548066033,0.0006558837504066046,0.06464085076452784,0.11049139913574023,0.17385469836782508,0.012222048619967871,0.002861204069797923,0.877444589308996,0.004566077811445012,0.15038949440153482,0.004343572503587961,0.0004802121486987514,0.22727272727272724,0.16844614906188451,0.7903754283814071,0.0028699045646720838,0.0,0.019627085377821388
0.504885993485342,0.10611263736263737,0.012128562765312313,0.019275250578257516,0.004350123826712387,0.043602536042950335,0.22324418060551626,0.0996279875656118,0.43797130784454463,0.000116287149493241,0.034758738641794594,0.059746602000375064,0.08021197732201957,0.003577154239791315,0.0007430355181520603,0.7773142112125163,0.0043092316899163525,0.07123364702379968,0.001197952215675349,0.0,0.0909090909090909,0.09298227428216027,0.6248151429871069,0.012691197743604872,0.0,0.05888125613346416
0.7817589576547231,0.1734203296703297,0.03699211643420255,0.04317656129529684,0.008980720837385617,0.10210314662469837,0.2840254115908019,0.2468531824899353,0.5019665668617718,0.0014648122403002335,0.06216646778222304,0.10042951915879625,0.36816238384343913,0.010098629809851656,0.005802307597337683,0.8709256844850065,0.013184549898221055,0.17949820551411608,0.0044127611920058785,0.0013548544093285094,0.22727272727272724,0.1536747175287654,0.7885726675256663,0.01156005629355755,0.0,0.05986261040235523
0.8273615635179153,0.1881868131868132,0.03032140691328078,0.040092521202775636,0.00970286234818088,0.08361695640693351,0.3679663278685922,0.25429343117769965,0.49479803273240186,0.000494127206546554,0.06737553691285254,0.11190674680329248,0.1562349465242479,0.012536973130537806,0.002502959403929222,0.8737940026075619,0.004566077811445012,0.1798951424838331,0.004571698389075562,2.780650960299795e-05,0.22727272727272724,0.1699492070073598,0.7918306931827275,0.006059985559585657,0.0,0.06771344455348378
0.3811074918566775,0.0834478021978022,0.010309278350515465,0.01079414032382421,0.003284357218147763,0.06632029016729649,0.11669582168015623,0.06186617744483515,0.4309589378436737,0.0003323792922977237,0.01943151111097752,0.040508098206479305,0.3516379403707714,0.0016460724874957735,0.00263546302738181,0.7595827900912646,0.0043092316899163525,0.044771182375998544,0.00046879473175717447,0.001131411333590855,0.045454545454545456,0.06898517673888256,0.5354470911429385,0.008022576249498672,0.0,0.04219823356231599
0.3811074918566775,0.08207417582417584,0.006064281382656155,0.008481110254433308,0.003199686835149937,0.03352401006234448,0.173231685599735,0.061679321884183534,0.42941531549658696,5.81435747466205e-05,0.01875219799873155,0.039489042095914646,0.20007474932701985,0.001564426253164263,0.0004604118517508594,0.7590612777053455,0.008618472086776043,0.04437424540628153,0.0003656051766086686,0.0,0.045454545454545456,0.06784492588369442,0.30839986443111844,0.029943497244629004,0.0,0.001962708537782132
0.7947882736156352,0.18681318681318684,0.04972710733778047,0.05705474171164225,0.010226737435494335,0.12064733035961807,0.2853545597852931,0.2525607705243847,0.5001636720192923,0.0035452048597658004,0.07536017121095077,0.11114700836640513,0.4545211247954508,0.01236737808273589,0.00986064940768999,0.8719687092568448,0.02611226238185679,0.18624613399930537,0.006425509669629138,0.00152788198336942,0.2727272727272727,0.16538820358660725,0.8287377746033706,0.014675809930880555,0.0,0.033366045142296366
0.8925081433224756,0.2256181318681319,0.053972104305639784,0.07093292212798766,0.013111814347149727,0.1437170893423487,0.3515371025768681,0.3207715435967997,0.517565961825879,0.005205937107515064,0.09875424194968875,0.14567460933684429,0.3981395405320777,0.021238711982570987,0.011186713070155885,0.8988265971316819,0.030421502778716476,0.23247275193093297,0.010441340159451657,0.0016174398514411507,0.36363636363636365,0.20711101896962786,0.8597687030185747,0.0062268057682282624,0.0,0.12070657507360154
0.8208469055374593,0.18990384615384617,0.03032140691328078,0.040092521202775636,0.00983019226929411,0.08280220592002943,0.37134881569513045,0.2586250828109871,0.5055913765367401,0.0006231149515107618,0.06611790591212816,0.10889600052762027,0.14240105121234792,0.011871910489739153,0.0025476315560244937,0.8920469361147327,0.004566077811445012,0.18475762036286655,0.004448771437481801,5.101344618895865e-05,0.22727272727272724,0.16984554783870634,0.7901287401183867,0.008265132986592752,0.0,0.06378802747791949
0.495114006514658,0.10336538461538462,0.012128562765312313,0.016962220508866612,0.004221175139924068,0.04248992702443694,0.21744563045991844,0.09865973602405341,0.4364026591948138,0.000116287149493241,0.03196604035600817,0.05716524724192549,0.18126643734552433,0.003275056750244269,0.0007377574972441029,0.7736636245110821,0.0043092316899163525,0.07024130459950714,0.001013983618880961,0.0,0.0909090909090909,0.0899761583912097,0.4909535351026614,0.01517114629913236,0.0,0.03925417075564276
0.501628664495114,0.10542582417582419,0.012128562765312313,0.019275250578257516,0.004323263664591016,0.04346657765928136,0.22179454306911678,0.09929674361718392,0.4371864829936264,0.000116287149493241,0.03511763238339711,0.06039727137055166,0.09284378489127465,0.003655404222920961,0.0007407789666185974,0.7754889178617992,0.0043092316899163525,0.07093594429651191,0.0012109848065785678,0.0,0.0909090909090909,0.09246397843889292,0.6146739413723199,0.01099573460634242,0.0,0.05103042198233561
0.495114006514658,0.10336538461538462,0.012128562765312313,0.016962220508866612,0.004221175139924068,0.04248992702443694,0.21744563045991844,0.09865973602405341,0.4364026591948138,0.000116287149493241,0.03196604035600817,0.05716524724192549,0.18126643734552433,0.003275056750244269,0.0007377574972441029,0.7736636245110821,0.0043092316899163525,0.07024130459950714,0.001013983618880961,0.0,0.0909090909090909,0.0899761583912097,0.4909535351026614,0.01517114629913236,0.0,0.0775269872423945
0.8957654723127036,0.23111263736263737,0.044875682231655556,0.05397070161912105,0.013116601494591386,0.13645175646212293,0.3820096915024619,0.27676705906334403,0.507414292421335,0.002391989223521009,0.08608024310993151,0.14219344201543993,0.28763325798812606,0.020236219412520157,0.00728731181059763,0.8933507170795306,0.017493790295080747,0.19071167490862181,0.007780927923308288,0.0015419085903563758,0.2727272727272727,0.21234580698662797,0.8455195211451947,0.0061006977868215805,0.0,0.10402355250245336
0.5765472312703583,0.12362637362637365,0.022437841115827778,0.022359290670778718,0.005611251182464961,0.090807361275289,0.18091476454265215,0.14571336356996042,0.46801388259060284,0.0009120235012747483,0.03691691038777958,0.06819864013299252,0.3609090496261622,0.004659595541458518,0.004474232398389175,0.8375488917861799,0.00025683741458532115,0.10765261399533599,0.0015775951013628554,0.007620618570357496,0.13636363636363635,0.10868663833316057,0.7061855280488336,0.0225850632218742,0.0,0.05888125613346416
0.6807817589576548,0.14457417582417584,0.022437841115827778,0.028527370855821122,0.006809531188309779,0.0773228958613751,0.2574193855261334,0.1558715113217483,0.4877376122304542,0.0005192397417347765,0.04887372290637803,0.0825631070138137,0.22493135747293141,0.006826900423279463,0.002630777089997568,0.8677966101694915,0.00025683741458532115,0.11565750955129583,0.0024188044796850223,0.00019380928121788798,0.18181818181818182,0.12926298331087385,0.7293560078808811,0.0005393281204003782,0.0,0.06673209028459272
0.6091205211726385,0.13358516483516486,0.022437841115827778,0.03315343099460293,0.006001880417448426,0.07211092890249172,0.23770431503110084,0.14955239599789363,0.4756318891154605,0.0006233155009102136,0.054092711210770424,0.08117250865261832,0.17102793776390368,0.006598997393614225,0.0025015242131908658,0.844328552803129,0.00025683741458532115,0.11148967136926716,0.002753593047849642,6.648473724626578e-05,0.18181818181818182,0.12174769358349748,0.7568804712208665,0.005461100754345816,0.0,0.07163886162904808
0.4006514657980456,0.08516483516483518,0.014554275318374773,0.013878180416345412,0.0034000021185310275,0.04090996982197617,0.16338623065294172,0.09295214798960404,0.4301861256180246,0.0001744307242398615,0.022590918244967523,0.04270982060713729,0.423620898220274,0.001829561252077822,0.001290101559817255,0.757496740547588,0.0,0.06746274581148802,0.0006260465568363601,6.8366380753235565e-06,0.0909090909090909,0.06971079091945684,0.405799201577534,0.015332714143657052,0.0,0.01472031403336603
0.48859934853420195,0.1050824175824176,0.02425712553062462,0.027756360832690823,0.004343691386772278,0.04201994141735286,0.2196200867645176,0.16488304540590126,0.43954396070269863,0.000232574298986482,0.037635148742519296,0.05627539072171297,0.22582511100595237,0.0031739954001336716,0.001220902478785498,0.7736636245110821,0.00025683741458532115,0.12095000248085606,0.001605857629665622,0.0,0.18181818181818182,0.09023530631284338,0.6763214218443053,0.014734264900319673,0.0,0.049067713444553476
0.7100977198697068,0.17204670329670332,0.0703456640388114,0.08249807247494216,0.009357662051671744,0.14704333693885152,0.21868817690933484,0.31517437021182626,0.47392809843145156,0.018935574920786083,0.09707038705818348,0.117795650025175,0.5314428404041838,0.013889800183445622,0.019660255529185426,0.8258148631029987,0.04334921526235221,0.2429419645072193,0.009805919611216482,0.003700011524230194,0.3181818181818182,0.16295221312325076,0.9045734483721449,0.03476205451833535,0.0,0.11678115799803727
0.45276872964169385,0.0940934065934066,0.018192844147968467,0.020046260601387814,0.0038080018368229973,0.03781550197570299,0.19715070495032605,0.1285905994666123,0.43797130784454463,0.0001744307242398615,0.030094172034542774,0.049269976389861796,0.23363851394906376,0.0024337601959121247,0.0009515816019526381,0.7726205997392438,0.0,0.09428906934819642,0.0010261166703969921,0.0,0.13636363636363635,0.07883279776096197,0.5883319478254191,0.013331243148627287,0.0,0.017664376840039242
0.8827361563517916,0.21771978021978025,0.047301394784718016,0.05397070161912105,0.01232801128041168,0.14283640428737085,0.33254685085003527,0.31607467427678404,0.510161179399549,0.003593696686575537,0.08047711225799471,0.13087226343210112,0.38042520633742016,0.01714355049723014,0.009943505812078557,0.8946544980443285,0.021803030691940433,0.22240047632436366,0.007161705038625332,0.0036727402376691785,0.2727272727272727,0.19772986420648905,0.8458180458362224,0.005170363184453023,0.0,0.05691854759568203
0.7785016286644951,0.17239010989010992,0.030927835051546393,0.03700848111025443,0.008810544251650492,0.10649703341510813,0.2742921310099718,0.1641950772053203,0.49213823728738915,0.0016651534014462482,0.05862983146422034,0.09832135408392308,0.31280579655687335,0.009679305819334903,0.00559186662301368,0.8698826597131681,0.008875318208304703,0.11836991217769545,0.0037138403782785217,0.0013477836111723185,0.18181818181818182,0.151808852493003,0.7949527293964876,0.028787349417122736,0.0,0.02845927379784101
0.4429967426710098,0.09168956043956045,0.01637355973317162,0.018504240555127213,0.0037153487233828188,0.04435223311465148,0.17601015755658095,0.09547469805840086,0.4340611983194338,0.00021319310742365637,0.029978598631154024,0.05073206982299365,0.28199986266016797,0.0025801375522014635,0.0013215720564082318,0.7684485006518904,0.0,0.06974513338736087,0.0009782629927987496,6.8366380753235565e-06,0.0909090909090909,0.07784803565875402,0.5867603089575509,0.004278204301770763,0.0,0.04808635917566241
0.9055374592833877,0.2802197802197802,0.0976349302607641,0.12027756360832689,0.01995623208487998,0.21890016839401896,0.37248436497784027,0.4038458271755933,0.5404810455789035,0.023540342212602795,0.14612250480178185,0.19030271699301088,0.5696144548032436,0.03623696734665528,0.03232550271497391,0.9243807040417209,0.06920464022962367,0.30248250996477183,0.023024467791869306,0.011721744222398453,0.45454545454545453,0.26396807297605474,0.9219046836136129,0.02297631310608199,0.0,0.10893032384690869
0.745928338762215,0.19230769230769232,0.04063068526379624,0.04934464148033924,0.009918914647040743,0.11418024051472493,0.315347936920507,0.30103280164432894,0.49836878559365894,0.0023463625295039614,0.07286474755702774,0.1108720552579058,0.24498472423964762,0.012306016336010875,0.00608832635925388,0.885006518904824,0.013184549898221055,0.2178853182938326,0.0055550003680295106,0.0006411992950100631,0.2727272727272727,0.17622058671089458,0.8332955324018922,0.004181932310682667,0.0,0.05986261040235523
0.752442996742671,0.22321428571428573,0.07398423286840508,0.09560524286815728,0.012663353220223942,0.16038763768120395,0.31196890086214757,0.35872870271280305,0.5028695158611701,0.016113859668039156,0.11811872349251103,0.14197998582757448,0.4204947837881392,0.020174853244644558,0.01821594752841152,0.8764015645371577,0.04334921526235221,0.26993367844797644,0.013678300094756266,0.003716569987091528,0.45454545454545453,0.21011713486057843,0.910755458967227,0.021660877728716853,0.0,0.11187438665358194
0.7328990228013029,0.16449175824175827,0.04548211036992117,0.05474171164225135,0.008448943858999986,0.12157381711121723,0.23495403047884955,0.24180808235234166,0.4912543082780002,0.004709805441697048,0.07258610894859764,0.10271825100410166,0.42984453650415616,0.01056357080320919,0.010254541426389761,0.8670143415906127,0.021803030691940433,0.18346757521128623,0.005700974910639699,0.0032134017876077454,0.2727272727272727,0.15015030579454752,0.8427672429139585,0.011993222605555128,0.0,0.09224730127576052
0.5993485342019544,0.12809065934065936,0.02425712553062462,0.027756360832690823,0.0058378494222753674,0.07002284132788845,0.22784677978358453,0.18365353581681362,0.4663381213655553,0.0005934819036289867,0.04313893756631569,0.07302478645400248,0.24469642094398003,0.005341728023724871,0.0024747873360837424,0.8365058670143416,0.00025683741458532115,0.13591783404726857,0.0020832745669699883,0.0005332410441551756,0.18181818181818182,0.11392142635016068,0.7180381641709526,0.0014420814058277954,0.0,0.09224730127576052
0.5960912052117264,0.12774725274725277,0.02425712553062462,0.028527370855821122,0.005821340566158213,0.07001954052088574,0.2272306838306148,0.1835261342981875,0.4663381213655553,0.0006283680484769589,0.04341366862144526,0.07312393105939125,0.24469642094398003,0.005356229904466116,0.002470296635409102,0.8365058670143416,0.00025683741458532115,0.1361659196533417,0.002142483033931187,0.0003870352529486153,0.18181818181818182,0.11361044884420028,0.7133639306718067,0.0017552376030531456,0.0,0.053974484789008834
0.7035830618892508,0.15315934065934067,0.03456640388114009,0.040863531225905934,0.007386678970961933,0.0869796334171591,0.26625009419744705,0.2323803699740101,0.4730782051936586,0.0012064840774957267,0.06102230611772557,0.09545394271596189,0.2922036545823168,0.00912313976396374,0.003909929414387569,0.8422425032594524,0.008875318208304703,0.17026942096819542,0.003973525230479149,0.0004949370544982939,0.22727272727272724,0.13978438892920078,0.7731726128772267,0.009101911454441499,0.0,0.099116781157998
0.755700325732899,0.22149725274725277,0.05275924802910855,0.06861989205859675,0.011740366204305385,0.123968337647658,0.3692226805209415,0.36022354719801597,0.507414292421335,0.0034588965129916153,0.09880368752799161,0.1324648565573865,0.24623111120054764,0.01756270617992449,0.007609581460705527,0.8821382007822686,0.021803030691940433,0.2573640077402709,0.009188650364949905,0.0008458635685481589,0.36363636363636365,0.20680004146366746,0.8772660073246072,0.01700957622555558,0.0,0.07262021589793914
0.7361563517915309,0.20260989010989014,0.0661006670709521,0.08095605242868156,0.011254283432627698,0.1422801720509421,0.2852042377364274,0.30602694117447216,0.512925084263561,0.010388850976984713,0.10196925657295552,0.12935119169660245,0.45154355829699844,0.01674689384191334,0.015944437015401016,0.888135593220339,0.039039974865492516,0.23409357789061078,0.010567939126101296,0.0049291282422779595,0.36363636363636365,0.18974810822017207,0.8905949404038255,0.010331784539261403,0.0,0.10794896957801765
0.41368078175895767,0.08550824175824177,0.012128562765312313,0.014649190439475712,0.003390740120791894,0.035083129851264515,0.17975505451353258,0.09353819497528411,0.4309589378436737,0.000116287149493241,0.02483956487891094,0.0450873041387754,0.2236356248361655,0.0020385845158362678,0.0006957402470480611,0.7619295958279009,0.0043092316899163525,0.06815738550849279,0.0006956296730103113,0.0,0.0909090909090909,0.07157665595521924,0.5059427685526723,0.0036399780082233316,0.0,0.017664376840039242
0.4592833876221499,0.10714285714285715,0.022437841115827778,0.02544333076329992,0.0044457172811596625,0.06168395541810525,0.17903023574533283,0.13412831880956022,0.44350312178099194,0.0006815517675622595,0.033678600735221186,0.05234916749862875,0.2604025727203786,0.00274704887296945,0.0027918971306152133,0.7861799217731421,0.00025683741458532115,0.0985892198534641,0.001372811474603842,0.0008443248023024593,0.13636363636363635,0.0901316471441899,0.7415864920580089,0.016745984410701464,0.0,0.012757605495583885
0.4462540716612378,0.09203296703296704,0.012128562765312313,0.014649190439475712,0.0036597341141877686,0.037089738556481934,0.1935266111093274,0.09544921775467564,0.4348410179098232,0.000116287149493241,0.02501585564896946,0.04560075750141962,0.19891531348861796,0.002085221561029024,0.0007120212627671825,0.7666232073011734,0.0043092316899163525,0.06895125944792684,0.0007035405745430118,0.0,0.0909090909090909,0.07722608064683321,0.48052582194468196,0.015001020944288724,0.0,0.016683022571148176
0.7687296416938111,0.16552197802197804,0.028502122498483932,0.03238242097147263,0.008318457021103166,0.08868870527896565,0.2885986728594448,0.20318843533948258,0.4903723813728229,0.000703387644039056,0.052341225589063664,0.09312034156779829,0.3004009480071966,0.008683092603476973,0.003576784547628044,0.8719687092568448,0.004566077811445012,0.14600664869424276,0.00308679096385894,0.0009337112317435551,0.18181818181818182,0.1459521094640821,0.7291429432193699,0.00359238646505736,0.0,0.0323846908734053
1.0,0.7228708791208792,0.46027895694360227,0.5597532767925983,0.23303809058062994,0.7012526777183785,0.7840413627861564,0.8354821722808269,0.760299074327118,0.40423654645171914,0.6034102419977818,0.6657776268770731,0.9199434118722694,0.4433000686293523,0.3872894738080492,1.0,0.44841756877274963,0.712716868167309,0.3729092070078451,0.19783922429606027,0.9090909090909092,0.7355654607650047,0.9806546954781209,0.18045813861314297,0.0,0.5387634936211971
0.9771986970684039,0.347184065934066,0.07944208611279563,0.10639938319198149,0.023823647486728397,0.20929586798209027,0.5509658092665621,0.5721007661077987,0.5675955429156044,0.010180009169974347,0.15982388957855534,0.22408690712084575,0.2958106398696301,0.05023976937656402,0.017036484549757046,0.9736636245110821,0.04334921526235221,0.39384416916130527,0.02400235371582871,0.0022385724638068847,0.49999999999999994,0.3319684876127294,0.9145100392478991,0.005489284171563888,0.0,0.16879293424926395
0.45276872964169385,0.0940934065934066,0.018192844147968467,0.020046260601387814,0.0038080018368229973,0.03781550197570299,0.19715070495032605,0.1285905994666123,0.43797130784454463,0.0001744307242398615,0.030094172034542774,0.049269976389861796,0.23363851394906376,0.0024337601959121247,0.0009515816019526381,0.7726205997392438,0.0,0.09428906934819642,0.0010261166703969921,0.0,0.13636363636363635,0.07883279776096197,0.5883319478254191,0.013331243148627287,0.0,0.10206084396467123
0.4364820846905538,0.0892857142857143,0.012128562765312313,0.017733230531996914,0.003542630058676759,0.036362507958306776,0.18772806096372957,0.09445548590939205,0.43250756545128943,0.000116287149493241,0.027493244441505433,0.045956701162218644,0.13577978421921294,0.002117848641512066,0.0007012152970913837,0.7627118644067796,0.0043092316899163525,0.06905049369035608,0.0008508397472555435,0.0,0.0909090909090909,0.07473826059915001,0.5902322753618623,0.011221176322798615,0.0,0.02158979391560352
0.4657980456026059,0.115728021978022,0.04790782292298363,0.05011565150346955,0.005496005038685752,0.07943271231853347,0.1705366776475164,0.20460683891351986,0.45887127370866787,0.003538287953592134,0.052504591375128126,0.06778128376868037,0.534056375441188,0.0046027232769133754,0.008385692200806028,0.7885267275097784,0.02611226238185679,0.15717050096753388,0.003449549373420241,0.003902045678288548,0.2727272727272727,0.09821706229916037,0.810693552939828,0.004538977774903069,0.0,0.04121687929342492
0.8892508143322476,0.23763736263736265,0.046694966646452396,0.06245181187355436,0.013470535320565434,0.13168259564811655,0.3998180860003035,0.3892371197064669,0.5493573746007056,0.002992782004883173,0.09585513798171867,0.14063094072010823,0.19844742378617497,0.019793714502975433,0.007145892274376748,0.9559322033898304,0.017493790295080747,0.2850172832972231,0.00888772848164444,0.0011173889080339145,0.3181818181818182,0.22058671089457862,0.8643028684989319,0.0035429373784838336,0.0,0.06771344455348378
0.8697068403908795,0.2039835164835165,0.03032140691328078,0.040863531225905934,0.010930124392251672,0.10348317840062736,0.37052735430370104,0.26407786780818426,0.4992657282804228,0.0008258827847523009,0.07093456651707751,0.1211179101668869,0.15892238521402557,0.014684457092397449,0.0034380092026981756,0.8878748370273793,0.004566077811445012,0.18346757521128623,0.005041139954373999,0.0001413323345235084,0.22727272727272724,0.1862236964859542,0.8047205690844,0.0009697657651854783,0.0,0.06575073601570165
0.8762214983713356,0.22184065934065936,0.047301394784718016,0.05397070161912105,0.012696447635442412,0.14448953664799385,0.33892525601019285,0.2765632166335423,0.5194349261073389,0.0035357037734597995,0.08185136869568878,0.1346130905592358,0.3814888830960851,0.018137076402089093,0.010118695648729843,0.9142112125162972,0.021803030691940433,0.19716190066652334,0.0073663132576063575,0.003104636520759869,0.22727272727272724,0.20177257178397429,0.8472662978862684,0.006667402253856059,0.0,0.08832188420019625
0.5830618892508144,0.12156593406593408,0.012128562765312313,0.020046260601387814,0.0054062146640541575,0.049421847994011656,0.25586102517450404,0.10867349538806503,0.4638354911011474,0.000116287149493241,0.03776980904087602,0.06747229641626282,0.09377681612012789,0.004560954367123807,0.0008040032556515164,0.8346805736636245,0.0043092316899163525,0.07981740899393017,0.0014047227125727033,0.0,0.0909090909090909,0.10811651290556651,0.6111082348102844,0.011102677864040813,0.0,0.04121687929342492
0.6840390879478828,0.1366758241758242,0.012128562765312313,0.022359290670778718,0.006370429084351627,0.054214136232608144,0.287753050975292,0.11509453192682058,0.48598877420168607,0.000116287149493241,0.04276772000276535,0.07614938374977231,0.02214289095125821,0.005808303270313088,0.0008472234224653683,0.8659713168187744,0.0043092316899163525,0.08522567520632453,0.0017613445078744799,0.0,0.0909090909090909,0.12236964859541827,0.6598386268566301,0.014834982184941711,0.0,0.033366045142296366
0.49185667752442996,0.11126373626373627,0.012128562765312313,0.022359290670778718,0.004662483915900146,0.0439756879852985,0.23411646212851217,0.10485144982928198,0.4638354911011474,0.000116287149493241,0.038610684453047744,0.06009280279301871,0.04321768790183439,0.003618699048449615,0.0007749980681354093,0.8190352020860495,0.0043092316899163525,0.07758463853927196,0.0013902613015731424,0.0,0.0909090909090909,0.09723230019695243,0.6490062555906173,0.014324952007803936,0.0,0.036310107948969564
0.993485342019544,0.44230769230769235,0.26864766525166767,0.30686198920585966,0.07295993576814055,0.41729314057329875,0.4885215405816489,0.6330836263568261,0.6549954001655741,0.2602535912941482,0.3205454643826517,0.35839004972613053,0.8579076899183217,0.1284781014618574,0.1659722946837386,0.9817470664928292,0.25019263241441064,0.5334336701784563,0.11018049293294202,0.12315273751731444,0.7272727272727273,0.4390484088317612,0.9766150915771356,0.011072495986329096,1.0,0.30421982335623154
0.9739413680781759,0.3708791208791209,0.1637355973317162,0.19043947571318426,0.037328294638590005,0.3245821452710515,0.44608894910399727,0.5172501656219742,0.5801297163318647,0.07573133745636361,0.21242060903726903,0.26899234965095753,0.7350993448526066,0.07238545109603597,0.07982939503875384,0.944980443285528,0.138152443044662,0.39255412400972495,0.05140359970095553,0.053008904039520015,0.5909090909090909,0.36083756608272005,0.9559219494727347,0.008435962926866838,0.0,0.24239450441609417
0.4625407166123779,0.10336538461538462,0.03032140691328078,0.030840400925212026,0.00437240500951441,0.05362387432217734,0.18647170842010308,0.19956173877592623,0.45314825882001986,0.0007346025355495443,0.04032955703374624,0.05773396545826898,0.2940260735641575,0.0033404537598592248,0.002497427002413961,0.7869621903520209,0.004566077811445012,0.14873559036104725,0.0018255383089221648,0.00014112326302273396,0.22727272727272724,0.08738467917487303,0.744872650027429,0.0002344347886775991,0.0,0.07556427870461234
0.7719869706840391,0.18166208791208793,0.04548211036992117,0.05397070161912105,0.009814541578393053,0.1300812045303602,0.25992001027642253,0.25205116444988024,0.4992657282804228,0.005196387457951128,0.07309288855357407,0.11187584175176665,0.419773375377208,0.012530001194399164,0.010847254613630657,0.8803129074315514,0.021803030691940433,0.18654383672659314,0.0061226773363729945,0.0013516263453565523,0.2727272727272727,0.1633150202135379,0.8561440771497444,0.031968898523005745,0.0,0.07262021589793914
0.9185667752442997,0.29052197802197804,0.0818677986658581,0.10871241326137239,0.01832787255699513,0.19989131084231304,0.4194012797069654,0.4654996687560516,0.5395050197757844,0.0190518952702605,0.14531138691089876,0.18279803461978977,0.36063102387221413,0.0334357543050319,0.02105456486507146,0.9350717079530638,0.0476584556592119,0.3383722276433521,0.02000372135679326,0.003701196959639585,0.5454545454545455,0.2766663211361045,0.9208499261846439,0.010920331154639886,0.0,0.1756624141315014
0.7654723127035831,0.21634615384615385,0.046694966646452396,0.06322282189668466,0.011273584529148301,0.11444695740065233,0.3761809406956589,0.35614669860198067,0.4956879680544253,0.0023216600067572256,0.09258436557866356,0.12988842060514502,0.20691994491859422,0.0168865039602963,0.005912787263256919,0.877444589308996,0.017493790295080747,0.2524684517804277,0.008309235340995128,0.001050289500575372,0.3181818181818182,0.20384575515704365,0.8628452488360603,0.006737438045642968,0.0,0.09519136408243374
0.6938110749185668,0.15075549450549453,0.024863553668890235,0.030069390902081723,0.007400554567772937,0.09287168712870696,0.24155793480328241,0.16066180842208974,0.5046824212247072,0.0010005450355439318,0.04818719584957724,0.08307596296125767,0.32220953926014434,0.0069119999408755965,0.004529491302606569,0.891264667535854,0.004566077811445012,0.12048690934951954,0.002561916108738558,0.0015190738010417936,0.18181818181818182,0.13190629211153726,0.743298344281395,0.010753190679892529,0.0,0.06673209028459272
0.6123778501628665,0.15075549450549453,0.051546391752577324,0.06399383191981495,0.007375442028743187,0.10260009486885871,0.22931289045733355,0.22478723946389442,0.4613468755662201,0.004326347119630945,0.08085283853689182,0.10098627064863988,0.4210433770221611,0.010210400244523906,0.008605704007986353,0.8119947848761407,0.02611226238185679,0.1698724839984784,0.006539068081602522,0.0014574938812036958,0.3181818181818182,0.13968072976054732,0.8541656407765338,0.017709844468915336,0.0,0.07654563297350343
0.44951140065146583,0.09649725274725277,0.028502122498483932,0.02698535080956052,0.003998871098247975,0.05024675346132524,0.17390818312880174,0.15978698466085717,0.4348410179098232,0.0006875358909021594,0.03071306836114209,0.04908650676054911,0.3761382204367012,0.0024156991912247894,0.0024131022485823156,0.7627118644067796,0.004566077811445012,0.11813836561202719,0.0013630841637641976,0.0025984576916649343,0.18181818181818182,0.08075049238105111,0.6694790834748345,0.005919055662851106,0.0,0.047105004906771344
0.5504885993485342,0.1263736263736264,0.028502122498483932,0.036237471087124135,0.005530026678782494,0.05842227843862776,0.24619677491976072,0.17656151794662728,0.4515265544086836,0.00038048339263302525,0.05396225904673735,0.07898115022138116,0.24735068787575581,0.00624775522073197,0.0020401622362410284,0.7976531942633637,0.004566077811445012,0.12979838909746458,0.0029228932485332155,1.4070512002118512e-05,0.18181818181818182,0.11418057427179434,0.738234805517803,0.007183158788946777,0.0,0.049067713444553476
0.45602605863192186,0.10748626373626374,0.03699211643420255,0.03700848111025443,0.004698245580727242,0.06477203637505194,0.1746813231361345,0.1659871919006608,0.4442989582050736,0.001724681796248503,0.040764648064709086,0.05818846157282659,0.42682961762470223,0.0033931969712623785,0.004579849343293467,0.7773142112125163,0.013184549898221055,0.12483667697600186,0.0021989070268507716,0.0029317009381792988,0.22727272727272724,0.09044262465015031,0.7549777247934042,0.0025289364589101727,0.0,0.0549558390578999
0.42671009771986973,0.08722527472527473,0.018192844147968467,0.016191210485736313,0.003481757293562875,0.03533841860375013,0.1826543295863315,0.12458169834717764,0.4301861256180246,0.0001744307242398615,0.024304530657761454,0.04321565758392477,0.3297244626982281,0.001873089574206239,0.0009252775862921589,0.757496740547588,0.0,0.09051816813588476,0.0007334768860056531,0.0,0.13636363636363635,0.07131750803358558,0.49642314367160834,0.0036415537174587062,0.0,0.07850834151128556
0.3941368078175896,0.08413461538461539,0.012128562765312313,0.01156515034695451,0.003312396834772929,0.0342835185443336,0.17685577944073366,0.09282474647097794,0.42941531549658696,0.000116287149493241,0.020948844115675602,0.04119870754616589,0.2910052646749901,0.0017025837272783325,0.0006917959001880581,0.7577574967405476,0.0043092316899163525,0.06701619172055637,0.0005085633955770527,0.0,0.0909090909090909,0.06903700632320929,0.4069730324741211,0.0007173960746418332,0.0,0.019627085377821388
0.41042345276872966,0.08516483516483518,0.012128562765312313,0.013107170393215111,0.003360952431467931,0.03482197239625654,0.17903023574533283,0.09315599041940581,0.4301861256180246,0.000116287149493241,0.022605045553054055,0.04316865390341289,0.2383727336669631,0.001869022594174364,0.0006938582439428249,0.7588005215123859,0.0043092316899163525,0.06746274581148802,0.0005994565344080781,0.0,0.0909090909090909,0.07105836011195191,0.48683892931862527,0.00948555181600041,0.0,0.016683022571148176
0.7980456026058632,0.19677197802197804,0.04972710733778047,0.06168080185042406,0.010590163188317125,0.13384902414989006,0.2971098023400084,0.2564847372980686,0.49391009951458986,0.004378360205054085,0.08461566207479057,0.1250760858919361,0.4077068665568243,0.015658925561396468,0.010453999445152322,0.869361147327249,0.02611226238185679,0.18694077369631015,0.007808723709227545,0.002153862963838113,0.2727272727272727,0.1823883072457759,0.8584889612836094,0.013144079637010909,0.0,0.12659470068694795
0.4169381107491857,0.08688186813186814,0.012128562765312313,0.015420200462606013,0.0034412621643908894,0.035539910874349795,0.1826543295863315,0.09394587983488764,0.4348410179098232,0.000116287149493241,0.025276459396012495,0.04476722381248564,0.19626670843611282,0.002009790429954274,0.0006982248084397322,0.7629726205997392,0.0043092316899163525,0.06855432247820982,0.0007252355122211161,0.0,0.0909090909090909,0.073183373069348,0.5289605248907325,0.013205468243969546,0.0,0.053974484789008834
0.8957654723127036,0.23111263736263737,0.0430563978168587,0.05474171164225135,0.013120827082670698,0.13615649939338184,0.3820096915024619,0.2778372318198033,0.5110811462847453,0.0026607744814976515,0.08561599571972624,0.14169426871833082,0.27836993222512463,0.02009448395010444,0.007305549733951261,0.8988265971316819,0.017493790295080747,0.1926963597572069,0.007862831888444546,0.0015716720092066223,0.2727272727272727,0.21219031823364776,0.8515092563291018,0.007143971028369466,0.0,0.08635917566241409
0.48534201954397393,0.10439560439560441,0.014554275318374773,0.017733230531996914,0.0043040122047026015,0.07052725732999969,0.1639902463051885,0.06582411795681939,0.4371864829936264,0.00038662986498562494,0.03185121840517721,0.057305547701504894,0.3325747164934785,0.0032911345827296066,0.0026837100091817636,0.7734028683181225,0.0,0.04692125762863238,0.0010606660278035215,0.001432758631947074,0.0909090909090909,0.0901316471441899,0.6272124286344445,0.022478119964175803,0.0,0.05986261040235523
0.3224755700325733,0.09615384615384616,0.028502122498483932,0.03546646106399383,0.0021444372577944623,0.06156781923841583,0.13981754038572758,0.1077222307156568,0.3108226746310373,0.0021207238833425156,0.04704784348144964,0.059895768943697164,0.2565233089746699,0.003595077308739144,0.0034363200860509113,0.44380704041720986,0.004566077811445012,0.0691001108115707,0.002170970486108915,0.018540546407990945,0.18181818181818182,0.09438167305898208,0.8049234733872893,0.011824711391879439,0.0,0.027477919528949943
0.8990228013029317,0.1830357142857143,0.036385688295936934,0.051657671549730146,0.007468619608953723,0.0900934318819006,0.32792871985675165,0.2704139700011891,0.4263450886882114,0.0016018121434673428,0.08215585727210699,0.12218355676771481,0.11633602072498223,0.01494372235295072,0.0036913454304839015,0.7710560625814863,0.008875318208304703,0.17817508228172602,0.006403938940859233,0.0004190001947020165,0.2727272727272727,0.18062610137866694,0.8402135718968599,6.789641420717349e-05,0.0,0.07065750736015701
0.00977198697068404,0.002060439560439561,0.004244996967859308,0.0038550501156515036,7.009780514318206e-06,0.00217207975106344,0.0018120469204993203,0.0024715894613463797,0.11782583495253507,0.00010659655368275639,0.0018690128017457748,0.0022172683547892025,0.4697453404005562,5.205679453531137e-06,0.00034732156253248017,0.07196870925684486,0.008618472086776043,0.0010419595455071697,1.0500044171671333e-05,0.009250951861251404,0.0,0.002280501710376283,0.5081703822074353,0.03695036875887674,0.031746031746031744,0.006869479882237489
0.7361563517915309,0.17204670329670332,0.10066707095209218,0.11256746337702389,0.009254284143546565,0.1412886293981621,0.204599435380386,0.2626254904958467,0.43875713374756875,0.0360541027893384,0.10956328583151233,0.12481394957649908,0.6813817745268151,0.015593222850401853,0.03227513610767549,0.7744458930899608,0.07782312102334304,0.20746572283876089,0.014141743183196448,0.019098562424987888,0.4090909090909091,0.16927542241111226,0.9279607319833758,0.03516269460473443,0.0,0.13346418056918546
0.755700325732899,0.15968406593406595,0.049120679199514856,0.06013878180416345,0.0062377097220242825,0.1021531447982406,0.23165207831663315,0.2502590497545398,0.4165127549054056,0.006291990690076395,0.07535355842844219,0.1019780825206458,0.32018503808771703,0.01041199053268968,0.009103043242840565,0.7382007822685789,0.021803030691940433,0.17203909829151712,0.006210195516181236,0.001969831956711445,0.3181818181818182,0.15206800041463667,0.8706303753888254,0.012300895847067145,0.0,0.12463199214916583
0.2899022801302932,0.07795329670329672,0.022437841115827778,0.028527370855821122,0.0019013990416862064,0.04083372788437735,0.12974255950775132,0.09380149144711139,0.3389091935624341,0.0007501225778482042,0.039109348370399984,0.050445036821238465,0.2278936588615399,0.0025510776519833485,0.002094827208843547,0.543155149934811,0.00025683741458532115,0.05863089823528439,0.0014785833014068922,0.00028034188467341295,0.18181818181818182,0.07567119311703122,0.7508619786750304,0.01084337761499036,0.0,0.027477919528949943
0.6710097719869708,0.1304945054945055,0.036385688295936934,0.05011565150346955,0.0039187438159168815,0.07369916379981921,0.20691850074856089,0.21072211180757275,0.36982068153629477,0.002903069563450186,0.0696528890345037,0.08529037846108188,0.1563050324405867,0.007284919485504843,0.00428277675790672,0.6289439374185136,0.008875318208304703,0.13927525924945836,0.0043397843549059624,0.0003971919464562367,0.2727272727272727,0.12833005079299264,0.8328035391156321,0.003395179408395996,0.0,0.09028459273797838
0.3224755700325733,0.09684065934065936,0.028502122498483932,0.03700848111025443,0.002199847385646042,0.06245983378535961,0.14083228666120717,0.1101853267424281,0.31371571521669284,0.0024235550016206853,0.04757851927776392,0.06088617017893072,0.2299965132914486,0.003714816725681033,0.003495398925553351,0.4573663624511082,0.004566077811445012,0.0714155764682533,0.0023007399041982553,0.0006836742611073944,0.18181818181818182,0.09547009432984348,0.8049234733872893,0.0304052953463913,0.0,0.018645731108930308
0.3192182410423453,0.1002747252747253,0.028502122498483932,0.040092521202775636,0.002796361008252087,0.04012000958640602,0.19478296365295394,0.13770405476566616,0.3631827050229792,0.00046370925947818175,0.05635638689586972,0.06817403031124188,0.18899172304819922,0.004656152795919235,0.0017076144831062205,0.6185136897001303,0.004566077811445012,0.08853348328729967,0.0027861184391007035,6.56484512431681e-05,0.22727272727272724,0.09920182440136831,0.7758961154524,0.004806784291695704,0.0,0.0578999018645731
0.25732899022801303,0.053228021978021976,0.012128562765312313,0.017733230531996914,0.0008873346955565711,0.0189994495312533,0.11162209030275813,0.045711664883045414,0.27722536385741425,0.000116287149493241,0.024797182954651345,0.033497575579898374,0.14326170089596402,0.0011263992000707585,0.00036825046247790285,0.34602346805736633,0.0043092316899163525,0.027967517324644822,0.0006204857347211393,0.0,0.0909090909090909,0.05239970975432777,0.5648144404720438,0.006431827317845546,0.0,0.01472031403336603
0.8078175895765473,0.1826923076923077,0.049120679199514856,0.06399383191981495,0.00748844980319859,0.12704196855897443,0.2529617501017051,0.26524146834496937,0.42102349569397446,0.008785544188389142,0.08445094367412208,0.11703043484365466,0.30589730696972695,0.01371023708114469,0.011144751679892135,0.7514993481095176,0.021803030691940433,0.1785224021302284,0.0075772976649825545,0.0021534009158214015,0.3181818181818182,0.17699803047579557,0.8787972334346601,0.043175227309188116,0.0,0.0804710500490677
0.30944625407166126,0.09031593406593408,0.028502122498483932,0.040092521202775636,0.0021990399361193525,0.04377574352175953,0.15631924766299438,0.11617319811785491,0.3285142684961895,0.001044123991933665,0.05300415703554972,0.06132751263194307,0.20713559185142144,0.003768721171388162,0.002178413913056114,0.5089960886571055,0.004566077811445012,0.07323487091278964,0.002506579318841587,0.00010265410688024056,0.18181818181818182,0.09007981755986318,0.7858580874060639,0.003866828895540432,0.0,0.07065750736015701
0.28013029315960913,0.0679945054945055,0.024863553668890235,0.030069390902081723,0.00134463572900502,0.03730470622314297,0.10763558707765962,0.07345122220523535,0.29557565000815866,0.0008378154621002497,0.03374698291798046,0.04206452797376279,0.37740077972385744,0.0017748120586105955,0.002214057481226182,0.41043024771838327,0.004566077811445012,0.04791360005292493,0.0012981638488686884,0.0013789645347978155,0.13636363636363635,0.06597906084793201,0.7066666119333287,0.012414526261032736,0.0,0.02453385672227673
0.2899022801302932,0.07795329670329672,0.02425712553062462,0.028527370855821122,0.0019026615386353372,0.0408578043542934,0.12974255950775132,0.09386943892371198,0.3389091935624341,0.0007501225778482042,0.0391129553426774,0.05048040801194841,0.2278936588615399,0.002554651854626077,0.0020953149625235127,0.5436766623207301,0.00025683741458532115,0.05869705439690389,0.0014796187622065668,0.000275731858081337,0.18181818181818182,0.07572302270135794,0.7508619786750304,0.01084337761499036,0.0,0.047105004906771344
0.2931596091205212,0.08070054945054946,0.03032140691328078,0.03932151117964534,0.001912653788349107,0.052553214598657826,0.11698574918743612,0.13575905824797432,0.3261077392339349,0.0022335682035088938,0.04691513695974319,0.054738309837919025,0.19615025368091982,0.003003148467546398,0.0035273604990484564,0.5121251629726206,0.004566077811445012,0.08969121611564097,0.0021953273980499332,0.00037441569716187127,0.22727272727272724,0.08090598113403132,0.8135905855371174,0.015146652347441017,0.0,0.016683022571148176
0.30618892508143325,0.08825549450549451,0.028502122498483932,0.03777949113338473,0.002149277818568584,0.04836896949991382,0.1404215560379743,0.11761708199561739,0.32911790291596477,0.0013788635435148227,0.048247312054200776,0.05684864876722124,0.23660980951301663,0.0032389114452267814,0.0029065985838316703,0.5225554106910039,0.004566077811445012,0.07306948050874089,0.0021921764201438465,0.0004275407655086516,0.18181818181818182,0.08707370166891262,0.7885018387377942,0.00815061863817805,0.0,0.04121687929342492
0.30618892508143325,0.08825549450549451,0.028502122498483932,0.03777949113338473,0.0021504153247228932,0.04839158623551547,0.1404215560379743,0.11770201634136813,0.32911790291596477,0.0013788635435148227,0.04825182076954754,0.05687746154965372,0.23660980951301663,0.0032421917830093997,0.0029076971755863184,0.5230769230769231,0.004566077811445012,0.07306948050874089,0.002193286298023298,0.0004225836802252901,0.18181818181818182,0.08707370166891262,0.7885018387377942,0.00815061863817805,0.0,0.05103042198233561
0.30618892508143325,0.08825549450549451,0.028502122498483932,0.03777949113338473,0.002149277818568584,0.04836896949991382,0.1404215560379743,0.11761708199561739,0.32911790291596477,0.0013788635435148227,0.048247312054200776,0.05684864876722124,0.23660980951301663,0.0032389114452267814,0.0029065985838316703,0.5225554106910039,0.004566077811445012,0.07306948050874089,0.0021921764201438465,0.0004275407655086516,0.18181818181818182,0.08707370166891262,0.7885018387377942,0.00815061863817805,0.0,0.02453385672227673
0.30618892508143325,0.08825549450549451,0.028502122498483932,0.03777949113338473,0.002149277818568584,0.04836896949991382,0.1404215560379743,0.11761708199561739,0.32911790291596477,0.0013788635435148227,0.048247312054200776,0.05684864876722124,0.23660980951301663,0.003238911453024225,0.0029065985838316703,0.5225554106910039,0.004566077811445012,0.07306948050874089,0.0021921764221712837,0.0004275407655086516,0.18181818181818182,0.08707370166891262,0.7885018387377942,0.00815061863817805,0.0,0.0549558390578999
0.30618892508143325,0.08825549450549451,0.028502122498483932,0.03777949113338473,0.00214936436794989,0.04836974937909692,0.1404215560379743,0.11761708199561739,0.32911790291596477,0.0013788635435148227,0.048252572222105335,0.056852678030091544,0.23660980951301663,0.00323937019223236,0.0029065985838316703,0.5225554106910039,0.004566077811445012,0.07306948050874089,0.0021923316792516584,0.00042811989356579674,0.18181818181818182,0.08707370166891262,0.7885018387377942,0.00815061863817805,0.0,0.09519136408243374
0.30618892508143325,0.08825549450549451,0.028502122498483932,0.03777949113338473,0.002149277818568584,0.04836896949991382,0.1404215560379743,0.11761708199561739,0.32911790291596477,0.0013788635435148227,0.048247312054200776,0.05684864876722124,0.23660980951301663,0.0032389114452267814,0.0029065985838316703,0.5225554106910039,0.004566077811445012,0.07306948050874089,0.0021921764201438465,0.0004275407655086516,0.18181818181818182,0.08707370166891262,0.7885018387377942,0.00815061863817805,0.0,0.08930323846908732
0.8469055374592834,0.1830357142857143,0.044875682231655556,0.05474171164225135,0.007662678158878935,0.109024286546254,0.2857597993627428,0.2691059810766278,0.42941531549658696,0.003712049327836641,0.07661524727297868,0.11541953765353391,0.28735114074121176,0.013335775446470221,0.007280804326537307,0.7668839634941329,0.017493790295080747,0.1804905479384086,0.0064054688550530805,0.0018517274659239744,0.2727272727272727,0.17622058671089458,0.8333503243488427,0.004991552212848546,0.0,0.08243375858684986
0.6970684039087948,0.13324175824175827,0.04063068526379624,0.05551272166538165,0.004170794003213911,0.07092847504549757,0.22235110034273314,0.2129813654045423,0.36982068153629477,0.002320635461152358,0.07406917571666032,0.09142255336335613,0.21481501166328826,0.008369254144258797,0.004154417187955066,0.6333767926988265,0.013184549898221055,0.1406645386434679,0.005144923035659367,0.00026670624139290525,0.2727272727272727,0.13449777132787394,0.8462125202097963,0.005026666188573426,0.0,0.06967615309126592
0.2768729641693811,0.057692307692307696,0.018192844147968467,0.022359290670778718,0.0010019576388296588,0.02391993341501434,0.11023285434245564,0.06366678557475072,0.2819943760892699,0.00026080747710416645,0.028094556778252365,0.03659594187434335,0.18712863530536067,0.001343960461694255,0.0007053759529432758,0.3572359843546284,0.0,0.040570266113160114,0.0008472259804683467,3.512401213010267e-05,0.13636363636363635,0.05633875816315953,0.6772317623323547,0.0028772322531487827,0.0,0.04317958783120705
0.7198697068403909,0.13701923076923078,0.036385688295936934,0.04934464148033924,0.004779336775882139,0.07409833263082953,0.23104461114989405,0.2321850209787834,0.40036778654365746,0.00176633622531586,0.06924920872045665,0.09196521690797131,0.18534069585254903,0.008468824355420498,0.0038040768202818554,0.7082138200782269,0.008875318208304703,0.16080908985660652,0.0046082636657395985,0.0002789724663433405,0.2727272727272727,0.13708925054421064,0.8231310433711703,0.003061948931724865,0.0,0.10107948969578014
0.5635179153094463,0.12328296703296705,0.0430563978168587,0.051657671549730146,0.004025029063882468,0.07213264407893341,0.19117095011267832,0.18784079906232484,0.3904043149349967,0.003019778002680097,0.06697531328057135,0.08310838655274179,0.336382121271825,0.006917193051379795,0.005808165688883841,0.6839634941329856,0.017493790295080747,0.1299803185419182,0.004356991144877002,0.0017404763389318896,0.22727272727272724,0.12205867108945788,0.8349557778902837,0.0024742093869303526,0.0,0.06575073601570165
0.2703583061889251,0.054945054945054944,0.012128562765312313,0.020046260601387814,0.000973428984479575,0.01968315388692712,0.11524618414375677,0.04986495439025634,0.28520875440087545,0.000116287149493241,0.02736880389793471,0.03506136118632132,0.09224863235600544,0.0012338046660429606,0.00040451015840018843,0.3846153846153846,0.0043092316899163525,0.030200287779303045,0.0007305792505607486,0.0,0.0909090909090909,0.05436923395874365,0.6173630225184841,0.013495245015548088,0.0,0.02453385672227673
0.6351791530944626,0.13255494505494506,0.046694966646452396,0.05782575173477255,0.0040209778784265765,0.08847580609214732,0.1828959358544784,0.21054374968149622,0.37049138644715607,0.007980840782755481,0.07025089497999634,0.0818680262713729,0.22973385344916797,0.006712445952534599,0.008131825349953707,0.62503259452412,0.017493790295080747,0.13973835238079488,0.00479696382434262,0.0018597829908488129,0.3181818181818182,0.1278117549497253,0.8805493215725686,0.01863839839174148,0.0,0.09421000981354268
0.30293159609120524,0.0834478021978022,0.026682838083687085,0.036237471087124135,0.002048459569054905,0.053905048844608665,0.1210447342893546,0.1173622789583652,0.3502240855138752,0.0019606383965191008,0.04522707393391426,0.054512036856991276,0.2640536179542499,0.002978398609275374,0.0036411144094422687,0.5319426336375489,0.004566077811445012,0.07894083985247176,0.0020180851320975675,0.0007351079410129097,0.18181818181818182,0.08147610656162538,0.7843791510119995,0.012084562498630063,0.0,0.047105004906771344
0.2996742671009772,0.08035714285714286,0.02425712553062462,0.03161141094834233,0.001969795353433986,0.042262994997572766,0.1338015446096698,0.11914590021913062,0.34077315258336516,0.0011442068068156178,0.041437047813423354,0.05248975482277567,0.17690709059046889,0.002761793961178194,0.002114706237733039,0.5491525423728814,0.00025683741458532115,0.07563303177149662,0.0017003865836626095,0.0002153373736526301,0.18181818181818182,0.07867730900798177,0.7732146995482811,0.009207996398979162,0.0,0.033366045142296366
0.9218241042345278,0.23351648351648355,0.059429957550030325,0.07864302235929066,0.01129276175889202,0.13233992205010342,0.37509371254335927,0.35641848850838304,0.46885376530733813,0.00523723409542735,0.11224446855772209,0.15498025115098157,0.3101101886750971,0.024037059897689967,0.010185979790320253,0.8417209908735332,0.030421502778716476,0.24466202470932635,0.012302451365249713,0.0023597544870857545,0.36363636363636365,0.22768736394734115,0.878199436025802,0.0016252223751685032,0.0,0.09322865554465161
0.7100977198697068,0.12328296703296705,0.028502122498483932,0.03777949113338473,0.003975796628545293,0.08024309298805796,0.1799000182671725,0.14955239599789363,0.38204853300819164,0.002098902177617756,0.053448566078229225,0.07833025978126262,0.2216686799134039,0.006145479902205611,0.00460270295342218,0.6388526727509778,0.004566077811445012,0.09903577394439575,0.003019611372372595,0.000989880381141611,0.18181818181818182,0.11843060018658651,0.7914873671744636,0.021576878334762812,0.0,0.038272816486751696
0.3159609120521173,0.09787087912087913,0.03456640388114009,0.04703161141094834,0.002774586712579854,0.05494132709501898,0.15445542798886974,0.17041227131427408,0.3691519787296449,0.0021937148664433396,0.05995328970900752,0.0665290436097174,0.21714192732561483,0.00443433403360366,0.003984242557417955,0.6511082138200782,0.008875318208304703,0.11618675884425185,0.003180672461891466,0.0006591982605117329,0.22727272727272724,0.0981134031305069,0.829654543446755,0.006956551303869287,0.0,0.02158979391560352
0.8631921824104235,0.1679258241758242,0.036385688295936934,0.05088666152659985,0.006564653943971099,0.09553720747887436,0.27548290466952197,0.2563828160831677,0.4120490635658077,0.0022350257466406415,0.07646270240374645,0.11184576571252311,0.15246188015237744,0.01252326510494116,0.004682150444093541,0.7439374185136897,0.008875318208304703,0.16798703339232257,0.005776182609799105,0.0005797636345074997,0.2727272727272727,0.1656473515082409,0.8369318594019433,0.006539949154809422,0.0,0.06869479882237485
0.18892508143322476,0.04395604395604396,0.01637355973317162,0.020046260601387814,0.0006334027673474346,0.018223270746199605,0.08365616615097164,0.03878102226978546,0.26531684800725563,0.0002071364850348355,0.023635136719278367,0.028831594431821893,0.2747944448550055,0.0008349619563165384,0.0005810281259978518,0.2970013037809648,0.0,0.023998147627474653,0.0006010008616524668,1.3861440501344092e-05,0.0909090909090909,0.04358868041878304,0.5881969980987201,0.004957873029272949,0.0,0.011776251226692819
0.18241042345276873,0.04189560439560439,0.012128562765312313,0.016962220508866612,0.0005818624084563856,0.014700621723124328,0.0877030709521671,0.03822045558783061,0.26379224565017845,0.000116287149493241,0.021146626428887042,0.02631758178854242,0.1692305659130829,0.0006960025203155622,0.00030869237936270185,0.2951760104302477,0.0043092316899163525,0.023055422324396738,0.000467411960840317,0.0,0.0909090909090909,0.041722815383020626,0.5330971537627929,0.007827611055570564,0.0,0.04416094210009812
0.9022801302931597,0.20123626373626374,0.05518496058217101,0.07170393215111795,0.008891282999740424,0.11934546936096051,0.3191970070052806,0.28159132990198577,0.43562083750021274,0.005158501273844032,0.10035724054597538,0.14069063749978636,0.29653524104568973,0.019810876978074363,0.0086636290034336,0.7817470664928292,0.02611226238185679,0.1916047830904851,0.010192701956582112,0.001532857885087851,0.36363636363636365,0.19876645589302375,0.8770040068716303,0.006500441128127361,0.0,0.08734052993130519
0.7752442996742671,0.14423076923076925,0.047301394784718016,0.05474171164225135,0.005227391682724754,0.10669643783650791,0.19218972315506555,0.19232533251796363,0.39251953803447426,0.007873523233221533,0.07314038035522666,0.1008976005476429,0.3962651555574935,0.010192793679014414,0.010104736094498024,0.659973924380704,0.021803030691940433,0.13057572399649373,0.00559999022175183,0.0019664073655287595,0.22727272727272724,0.1408728102000622,0.8683791724649204,0.05369081897128811,0.0,0.099116781157998
0.28013029315960913,0.07074175824175825,0.026682838083687085,0.03469545104086353,0.001699837627057177,0.04181859958165085,0.10717653517905283,0.11583346073485197,0.33520830392742773,0.001676067574306746,0.04088578221702551,0.047363445524530486,0.2788107120729153,0.0022492545991856737,0.003201022394028498,0.5514993481095176,0.004566077811445012,0.07356565172088715,0.0016806727642837136,0.0016771172206222014,0.22727272727272724,0.0695034725821499,0.790066849031197,0.023379848398068018,0.0,0.0549558390578999
0.2768729641693811,0.06765109890109891,0.028502122498483932,0.03469545104086353,0.00130831839466958,0.04152199763875052,0.09770556995332336,0.09336832628378264,0.3108226746310373,0.002055234048753177,0.03716609205594414,0.040076256497400216,0.24279386610398807,0.0016111963079315076,0.0030110814441386305,0.420599739243807,0.004566077811445012,0.05901129616459653,0.0014224379391717856,0.0007492913516254463,0.22727272727272724,0.065201617083031,0.797169539348925,0.01755802552461926,0.0,0.04317958783120705
0.18566775244299674,0.042925824175824176,0.014554275318374773,0.018504240555127213,0.0006164049184660799,0.024700762733539793,0.06668332667437499,0.03847525862508282,0.26531684800725563,0.0005438807171819002,0.022234579442061506,0.02776278442539626,0.32026895189210947,0.0007743378189156063,0.001132299429368961,0.29621903520208603,0.0,0.02355159353654301,0.0005358941989282273,0.0001869099216923321,0.0909090909090909,0.0422929408106147,0.6532866102918774,0.03569396482993928,0.0,0.036310107948969564
0.18566775244299674,0.042925824175824176,0.014554275318374773,0.019275250578257516,0.0006171399362767776,0.024710438584915503,0.06668332667437499,0.03865362075115936,0.26941415427614424,0.0005438807171819002,0.02280493193342732,0.02777921465929523,0.32026895189210947,0.0007752523823875033,0.001136718804506341,0.2980443285528031,0.0,0.023849296263830772,0.000557661070075627,0.00019652721072795543,0.0909090909090909,0.04239659997926817,0.6532866102918774,0.03569396482993928,0.0,0.01472031403336603
0.18241042345276873,0.04189560439560439,0.012128562765312313,0.016962220508866612,0.0005832436016998793,0.014690840556685063,0.0877030709521671,0.03829689649900627,0.26429977906780033,0.000116287149493241,0.021141215970470924,0.026276957554926438,0.1692305659130829,0.000693860459083329,0.0003097891857230051,0.29595827900912647,0.0043092316899163525,0.02315465656682599,0.00046669214158988906,0.0,0.0909090909090909,0.04161915621436716,0.5330971537627929,0.02244155838565745,0.0,0.006869479882237489
0.18241042345276873,0.04189560439560439,0.012128562765312313,0.016962220508866612,0.0005832838865028145,0.014693774901299242,0.0877030709521671,0.03829689649900627,0.26429977906780033,0.000116287149493241,0.021144372071213658,0.026277581287976904,0.1692305659130829,0.0006938933541590931,0.0003097891857230051,0.29595827900912647,0.0043092316899163525,0.02320427368804062,0.00046670320734173277,0.0,0.0909090909090909,0.041670985798693896,0.5330971537627929,0.02244155838565745,0.0,0.008832188420019635
0.7231270358306189,0.12328296703296705,0.028502122498483932,0.03700848111025443,0.003976593287499768,0.08014239604720304,0.1799000182671725,0.149594863170769,0.38273825790906246,0.002113548191746367,0.05280682559387296,0.07852673306037425,0.21882431453625933,0.006176325365309447,0.0046024927345176304,0.6391134289439374,0.004566077811445012,0.09895307874237137,0.0029666345111826714,0.0008789135913905795,0.18181818181818182,0.11806779309629938,0.7952734113325204,0.01969794115141071,0.0,0.027477919528949943
0.3192182410423453,0.08550824175824177,0.028502122498483932,0.03315343099460293,0.0025204271932184204,0.05050352145042244,0.13597600091426898,0.13617523654215294,0.36982068153629477,0.0012000404966509498,0.042492988947635785,0.05796274916210874,0.2849987227480512,0.0033669405818885817,0.00317018918448583,0.6427640156453716,0.004566077811445012,0.0926682433885186,0.001966872840674666,0.0005617165825606516,0.18181818181818182,0.08463771120555615,0.7771778969832793,0.01208770110645662,0.0,0.05691854759568203
0.2736156351791531,0.0573489010989011,0.03456640388114009,0.03469545104086353,0.001575508024548271,0.03915265775852522,0.08647778207521215,0.1353513733883708,0.34389843725755764,0.0017492909776260835,0.04185335253044135,0.05209796361817753,0.40141742537303443,0.002720739297232131,0.0033992348907577867,0.5640156453715776,0.008875318208304703,0.09058432429750427,0.0018484490965909551,6.334866473464948e-05,0.22727272727272724,0.05918938530112988,0.7835247865078909,0.027364740190463793,0.0,0.03925417075564276
0.24104234527687296,0.050824175824175824,0.02425712553062462,0.02544333076329992,0.0012960230771594326,0.030418828369219386,0.08393401335752851,0.11039766260680495,0.3395298458680073,0.0006775962747081405,0.0325640463015008,0.04222500106554397,0.30431298454790007,0.00178830842415732,0.0018792039118031877,0.5627118644067797,0.00025683741458532115,0.07191174768039958,0.0011076348953453102,1.8795527919620422e-05,0.18181818181818182,0.0521405618326941,0.7178917755289501,0.014742963327724705,0.0,0.02158979391560352
0.8794788273615636,0.15453296703296704,0.036385688295936934,0.04857363145720894,0.005986987269677567,0.07076964510684569,0.291756811772852,0.2506157740066928,0.414275403449025,0.0008846638886786886,0.07568645191154502,0.11036179161870951,0.1737758437539053,0.012193508211181042,0.002791060548556931,0.7491525423728813,0.008875318208304703,0.1668293005639813,0.00544438029432881,5.394044719980054e-05,0.2727272727272727,0.1531564216854981,0.821807811398555,0.004746087459523329,0.0,0.10598626104023552
0.8175895765472313,0.14320054945054947,0.028502122498483932,0.03700848111025443,0.005355991968912688,0.06384995887083471,0.26934265426301895,0.17507516689598943,0.41726154188051656,0.000553104699350759,0.059604916303214114,0.09418861995364927,0.19810127562930463,0.008883395458311533,0.002417504733959507,0.7501955671447197,0.004566077811445012,0.1154094239452227,0.003557838251252871,0.0003528165204168659,0.18181818181818182,0.13714108012853737,0.7761941218096378,9.479876700624223e-05,0.0,0.04121687929342492
0.8403908794788274,0.1514423076923077,0.03456640388114009,0.04703161141094834,0.005824157804720625,0.0683627072570529,0.2858547161200036,0.21423839372165318,0.4165127549054056,0.0007600110933986855,0.07177649396283016,0.1055912943920122,0.2168737721923405,0.011162761276367453,0.0028060140676222168,0.7533246414602347,0.008875318208304703,0.14268230157286274,0.005046390138654805,0.0001473954080459666,0.22727272727272724,0.14895822535503264,0.7928598388244332,0.006174128399318847,0.0,0.10107948969578014
0.8371335504885994,0.14354395604395606,0.03032140691328078,0.040092521202775636,0.00538782914758598,0.060717885437532364,0.2800216507932419,0.2097538602660144,0.414275403449025,0.000469942074515988,0.06418907748678196,0.09781624611158697,0.18308885844950873,0.009580324863593243,0.0021077684077160357,0.7475880052151238,0.004566077811445012,0.1386136976332633,0.003996391888951414,4.6413873171921395e-05,0.22727272727272724,0.1392142635016067,0.7738025388503296,0.0005905706971605092,0.0,0.0775269872423945
0.8143322475570033,0.13530219780219782,0.03456640388114009,0.04548959136468774,0.004874187659118166,0.07832883138229378,0.22138036093139163,0.19635122050654846,0.3918137962999112,0.0020426492295822557,0.06327395856190016,0.09322331015682557,0.2392768480358421,0.008702445390909624,0.004192578943224903,0.6985658409387223,0.008875318208304703,0.12730099399632833,0.004311929436755435,0.0006472268263773896,0.2727272727272727,0.13346117964133927,0.8191423550934598,0.008668014935725091,0.0,0.06869479882237485
0.8729641693811075,0.16037087912087913,0.047301394784718016,0.06013878180416345,0.006448841115307743,0.09015985929841557,0.2660084879293002,0.24823761232567226,0.4090989630101237,0.0025421366989130684,0.08151847521258593,0.11743119780339643,0.36412102652110034,0.013804754803501143,0.006000838801899308,0.7277705345501956,0.021803030691940433,0.16740816697815192,0.007150654975090125,0.001088212980100844,0.3181818181818182,0.15979060847932,0.8371577157283153,0.007208459811222091,0.0,0.049067713444553476
0.8566775244299675,0.14354395604395606,0.028502122498483932,0.03932151117964534,0.005283326232385972,0.057577317657054455,0.2900483103958442,0.16972430311369313,0.401088544059807,0.00032532714440177096,0.06215504570334457,0.09888492189697645,0.1884551682045943,0.009790758131299671,0.0017947297297815008,0.7165580182529335,0.004566077811445012,0.11011693101566247,0.003963797394533289,6.773916625091231e-06,0.18181818181818182,0.1413392764590028,0.7546399205645133,0.010544056913490245,0.0,0.1000981354268891
0.250814332247557,0.05460164835164835,0.03274711946634324,0.030840400925212026,0.001498318430541938,0.0380555766099406,0.07952297341498706,0.11235115255907184,0.34389843725755764,0.0017452133762877677,0.0347682069440228,0.04578979335605609,0.4437682748898198,0.0021024982226733368,0.0037302503803203217,0.5676662320730117,0.008875318208304703,0.07505416535732597,0.0014482816802402472,0.0001526221955653271,0.22727272727272724,0.05493935938633772,0.7676454204732495,0.023203689229810875,0.0,0.02158979391560352
0.7752442996742671,0.12328296703296705,0.028502122498483932,0.03392444101773323,0.004252016933271263,0.06407165451096584,0.21430474911897268,0.15473339108868844,0.38342898386203905,0.0007787166413311951,0.050921130545344154,0.08231339009190049,0.27136575889434106,0.0067860368824760875,0.0028296195757487245,0.6706649282920469,0.004566077811445012,0.09829151712617634,0.0028557262372942488,0.0004285024944122139,0.18181818181818182,0.11848242977091325,0.760327207982042,0.000393286776634005,0.0,0.0549558390578999
0.3778501628664495,0.0944368131868132,0.018192844147968467,0.02544333076329992,0.0029709889747901196,0.03651362716458002,0.1978755237185258,0.11571455265080094,0.3813588081073208,0.0001744307242398615,0.041905954209486944,0.06595550396321165,0.15906325841518093,0.004358557051331865,0.0008810741998241958,0.6730117340286832,0.0,0.07655921803416965,0.0017291945756776846,0.0,0.13636363636363635,0.09453716181196227,0.6353724477232754,0.014869737462629271,0.0,0.06967615309126592
0.3778501628664495,0.0944368131868132,0.018192844147968467,0.02544333076329992,0.0029709889747901196,0.03651362716458002,0.1978755237185258,0.11571455265080094,0.3813588081073208,0.0001744307242398615,0.041905954209486944,0.06595550396321165,0.15906325841518093,0.004358557051331865,0.0008810741998241958,0.6730117340286832,0.0,0.07655921803416965,0.0017291945756776846,0.0,0.13636363636363635,0.09453716181196227,0.6353724477232754,0.014869737462629271,0.0,0.04416094210009812
0.9478827361563519,0.22081043956043958,0.07640994542146755,0.08866615265998457,0.010859896650634738,0.15367464774493103,0.3113096609417832,0.33902393449863255,0.463004617853364,0.012640353541122466,0.11531385167528833,0.15748962922083545,0.4728013386758052,0.02482204569439401,0.018039626324806147,0.8070404172099087,0.0476584556592119,0.23288622794105487,0.01407943825408609,0.04941882649182703,0.4090909090909091,0.217010469576034,0.900550658812766,0.0042167003990144164,0.0,0.14720314033366044
0.8338762214983714,0.13461538461538464,0.04063068526379624,0.05474171164225135,0.004914367298935021,0.07210616752365263,0.23469890579706165,0.23349300990334473,0.4083641907644935,0.0017074071285486697,0.07752390370586344,0.10236938421322965,0.2513970736174843,0.010492241139739998,0.003814533362838523,0.7202086049543677,0.013184549898221055,0.16034599672527,0.005681624576271393,0.0003270212786513178,0.2727272727272727,0.13740022805017105,0.8306041472112153,0.003533201288899409,0.0,0.06673209028459272
0.9478827361563519,0.21909340659340662,0.06488781079442085,0.07864302235929066,0.01001293654456637,0.12635686180600578,0.3550239201283233,0.33698551020061496,0.45969513959171104,0.005741894773034094,0.11266092356525163,0.15492789441973281,0.28574557035604264,0.02402135885587856,0.009208250874225762,0.7999999999999999,0.030421502778716476,0.22772604733473364,0.012298297002626751,0.002739229714566367,0.45454545454545453,0.21618119622680626,0.8887832327003355,0.003706311523839321,0.0,0.053974484789008834
0.8664495114006515,0.14251373626373628,0.04244996967859309,0.052428681572860444,0.00531446872301222,0.06459195838451066,0.2699173320058403,0.23355246394537024,0.3946457727071152,0.0008358278100430784,0.07510137095004644,0.10589918955364519,0.25772549486645885,0.011227984353603946,0.0029153103352624445,0.702477183833116,0.013184549898221055,0.1545573325835635,0.0056325157326216815,3.596029813320036e-05,0.3181818181818182,0.14144293562765625,0.8123612949576977,0.00078657355326801,0.0,0.0549558390578999
0.20195439739413681,0.04635989010989011,0.018192844147968467,0.020046260601387814,0.001131215475511932,0.02578953668787295,0.08021327700202294,0.0859535578997435,0.3389091935624341,0.0004060139395394608,0.025561259915416502,0.036926686193546554,0.2563297063395914,0.0013683036138787419,0.001289719477517092,0.5541069100391134,0.0,0.055256933992689744,0.0007693777836875227,2.8851867106870056e-05,0.13636363636363635,0.04700943298434747,0.6650950437214704,0.011525800630993404,0.0,0.03729146221786063
0.5602605863192183,0.11160714285714286,0.041237113402061855,0.051657671549730146,0.0037375260469272747,0.07689496978312824,0.16626537189120227,0.1796871018702543,0.3848144399764153,0.004169330023908819,0.06865105248445245,0.0902440400300292,0.3711079924500601,0.008155036163722752,0.00600062257113195,0.6688396349413298,0.017493790295080747,0.1269040570266113,0.004730791335892842,0.0015730100668115785,0.22727272727272724,0.11692754224111124,0.8601748764906877,0.04686619168128778,0.0,0.04416094210009812
0.19543973941368079,0.04326923076923077,0.012128562765312313,0.015420200462606013,0.0010305464506198403,0.01706668872703973,0.09060234602496602,0.06426132599500586,0.33705424401045503,0.000116287149493241,0.021014971940761493,0.03089323481105738,0.18062270098396138,0.0009583559963963113,0.000496012580124849,0.5585397653194263,0.0043092316899163525,0.040619883234374744,0.0005007864995287533,0.0,0.0909090909090909,0.043329532497149374,0.5530996445497578,0.01191140102111339,0.0,0.022571148184494585
0.8859934853420196,0.1675824175824176,0.038811400848999394,0.04857363145720894,0.006614715859586569,0.09192875472933974,0.28059546563931975,0.21984406054120167,0.41726154188051656,0.0017101269925270325,0.0734794357493034,0.1127863683115503,0.26784297124813405,0.012734937209710478,0.004968435728997847,0.7460234680573663,0.013184549898221055,0.14327770702743828,0.005563920247978122,0.0016759401480728414,0.22727272727272724,0.16372965688815175,0.8220246355045537,0.003000752484429078,0.0,0.09519136408243374
0.22475570032573292,0.05013736263736264,0.018192844147968467,0.020817270624518117,0.0012420080803737907,0.018982821529694948,0.10437390262076085,0.08975861658937642,0.3464160833035521,0.0001744307242398615,0.025747169278214792,0.035740856497855515,0.2463646136662544,0.0012819737701295257,0.00068784401037387,0.5747066492829205,0.0,0.058961679043381905,0.0007722964679846882,0.0,0.13636363636363635,0.05027469679693169,0.5779292752711933,0.01355505791327135,0.0,0.02453385672227673
0.8534201954397395,0.1401098901098901,0.02425712553062462,0.03392444101773323,0.005064232116179475,0.052462816293170345,0.29355160112088985,0.1680680833715538,0.39893027571978157,0.000232574298986482,0.05779000808562953,0.09458232183417416,0.12259155588906578,0.008957814328623212,0.001300708678736009,0.7134289439374185,0.00025683741458532115,0.10747068455088236,0.003281046626609595,0.0,0.18181818181818182,0.13760754638747796,0.7385437548160514,0.01220470071984419,0.0,0.04121687929342492
0.8110749185667753,0.13873626373626374,0.02425712553062462,0.03546646106399383,0.005041276162928286,0.050730080580602355,0.290652326048091,0.17150792437445855,0.407631420623075,0.000232574298986482,0.05847488194680318,0.09040423152081291,0.10365753448389936,0.00818435806610676,0.0013199038271755434,0.7376792698826596,0.00025683741458532115,0.11416899591485702,0.003275596271433721,0.0,0.18181818181818182,0.1344459417435472,0.7589990274462447,0.01411920025146782,0.0,0.12561334641805688
0.8436482084690554,0.18475274725274726,0.044875682231655556,0.05705474171164225,0.007848423966694893,0.09945115154967822,0.3045446857598388,0.2808778813976796,0.4491040083127368,0.003065149756890696,0.08465548906035367,0.11854026359353481,0.23503182115946303,0.014066265093649766,0.006336749608961003,0.8146023468057366,0.017493790295080747,0.19415179531283594,0.0068526729546900655,0.0007610014463838216,0.2727272727272727,0.1765833938011817,0.8533464945125937,0.004141745319858534,0.0,0.099116781157998
0.8501628664495114,0.1668956043956044,0.04548211036992117,0.04934464148033924,0.006885579724265115,0.11439893498130672,0.23459162109474968,0.18713584399259373,0.4340611983194338,0.0038442768499962286,0.07073392868414646,0.10698964072831546,0.444901106474295,0.01146020915802982,0.010443910979775062,0.7734028683181225,0.021803030691940433,0.1254982385921969,0.005360593233423598,0.022263256825060217,0.22727272727272724,0.15802840261221104,0.8345532947514862,0.07457573036012631,0.0,0.06673209028459272
0.8045602605863192,0.12465659340659341,0.028502122498483932,0.036237471087124135,0.004313011137283281,0.06517736394377038,0.2167208116917187,0.15549780020044507,0.38412171191922717,0.0008780452479961932,0.05524063013805687,0.08494845168731567,0.2684183374465031,0.0072270759427810055,0.00283410882004081,0.6722294654498044,0.004566077811445012,0.09944924995451764,0.0031435494697125564,0.005014630123234666,0.18181818181818182,0.1213330569088836,0.7952349509653135,0.003559770564949537,0.0,0.027477919528949943
0.22475570032573292,0.05013736263736264,0.018192844147968467,0.020817270624518117,0.0012420080803737907,0.018982821529694948,0.10437390262076085,0.08975861658937642,0.3464160833035521,0.0001744307242398615,0.025747169278214792,0.035740856497855515,0.2463646136662544,0.0012819737701295257,0.00068784401037387,0.5747066492829205,0.0,0.058961679043381905,0.0007722964679846882,0.0,0.13636363636363635,0.05027469679693169,0.5779292752711933,0.01355505791327135,0.0,0.010794896957801753
0.2964169381107492,0.08447802197802198,0.03699211643420255,0.04626060138781804,0.002607478785739747,0.05424093334609739,0.12716686422665263,0.13923287298917938,0.378614924285424,0.0025550800679963294,0.05757990195047026,0.06535780716197923,0.3713082177649489,0.0042797477575651595,0.0048160982719770385,0.6654498044328553,0.013184549898221055,0.10052428758083456,0.003074331292221615,0.005067125886364115,0.22727272727272724,0.08769565668083343,0.8415351075967393,0.013000664475303495,0.0,0.04317958783120705
0.8599348534201955,0.1459478021978022,0.02425712553062462,0.03700848111025443,0.005346120348804136,0.054591689711818575,0.30587352018028524,0.17201753044896295,0.4039845878017798,0.000232574298986482,0.0634998452007731,0.09945735356198747,0.06402590275812015,0.009904303848967774,0.0013252734563333475,0.724380704041721,0.00025683741458532115,0.11135735904602816,0.003756722007585777,0.0,0.18181818181818182,0.14377526692235928,0.7840962718706992,0.014566368597565106,0.0,0.045142296368989185
0.762214983713355,0.125,0.03274711946634324,0.036237471087124135,0.004367900664986215,0.07779777356719475,0.1918698824859449,0.15549780020044507,0.38412171191922717,0.0017196375597243315,0.04971595093315379,0.08129883170194024,0.3399528948303511,0.0066199561529492355,0.0048392004427493755,0.6722294654498044,0.008875318208304703,0.09936655475249326,0.003008595412357316,0.0009923306991306872,0.22727272727272724,0.11925987353581426,0.7980486842735515,0.023468895185832936,0.0,0.07262021589793914
0.15635179153094464,0.038461538461538464,0.018192844147968467,0.02390131071703932,0.0007115442247052649,0.013439338809888506,0.0797300645019701,0.06923847865599891,0.3125554958261132,0.0001744307242398615,0.028076371626353746,0.02894601128569949,0.16386339350660167,0.0008415790952509709,0.000552607090272427,0.44380704041720986,0.0,0.04083489075963812,0.000715127235807967,0.0,0.13636363636363635,0.03726547113092153,0.6742138786874503,0.011877452814009802,0.0,0.02453385672227673
0.10097719869706841,0.01682692307692308,0.02425712553062462,0.017733230531996914,0.00019262245964557606,0.006042728728781213,0.028231691021379412,0.03278465745978359,0.2627791809191461,0.0004922822662074347,0.010584209276531536,0.00959081677566621,0.39905138533975465,9.323209868226756e-05,0.0006297021955709414,0.21408083441981746,0.00025683741458532115,0.01715098489985611,0.00017847895799672558,0.00023262758676667467,0.18181818181818182,0.013942158183891365,0.6225757824657889,0.010810723282949967,0.0,0.006869479882237489
0.5374592833876222,0.11950549450549453,0.041237113402061855,0.04548959136468774,0.004184959281928164,0.07793355705500711,0.16797674953028702,0.15885270685759909,0.407631420623075,0.0042648539528496185,0.05436578907027284,0.07614043831247892,0.4078125742460142,0.005807052277035461,0.007845603303869445,0.7069100391134289,0.017493790295080747,0.10680912293468733,0.0035223258024149454,0.0076204429502968445,0.22727272727272724,0.11081165129055666,0.83665332410107,0.018216889765956833,0.0,0.036310107948969564
0.10423452768729642,0.024381868131868135,0.024863553668890235,0.02467232074016962,0.0003567740394631349,0.012716432715166471,0.033776554598107335,0.044131886052081744,0.2709627818837599,0.0013813385224551184,0.01955369729687486,0.016783151006995296,0.4278562253085435,0.0002838378790564237,0.0017645015342481753,0.2847457627118644,0.004566077811445012,0.025222036617435457,0.0004282714274541978,0.0009322581848131728,0.18181818181818182,0.02182025500155489,0.7361968949157404,0.03249435271574832,0.0,0.04121687929342492
0.10097719869706841,0.01682692307692308,0.02425712553062462,0.017733230531996914,0.00019262245964557606,0.006042728728781213,0.028231691021379412,0.03278465745978359,0.2627791809191461,0.0004922822662074347,0.010584209276531536,0.00959081677566621,0.39905138533975465,9.323209868226756e-05,0.0006297021955709414,0.21408083441981746,0.00025683741458532115,0.01715098489985611,0.00017847895799672558,0.00023262758676667467,0.18181818181818182,0.013942158183891365,0.6225757824657889,0.010810723282949967,0.0,0.027477919528949943
0.09120521172638436,0.013736263736263738,0.012128562765312313,0.01233616037008481,0.00014766201184823838,0.0041868333148463695,0.028267931959789397,0.024766855220914232,0.24938310163982347,0.000116287149493241,0.011347083913204223,0.009805346731821067,0.23816220322248732,9.741337931013336e-05,0.0002192666805264298,0.22164276401564537,0.0043092316899163525,0.010799993384383838,0.0001292174442764141,0.0,0.0909090909090909,0.012179952316782419,0.49020837133198536,0.021069359043886283,0.0,0.015701668302257096
0.09120521172638436,0.014079670329670332,0.014554275318374773,0.013107170393215111,0.0001605034222338895,0.007006030277841115,0.021019744277792116,0.024741374917189012,0.24987061401533017,0.0003042500100616003,0.011355800762874636,0.009819105703921633,0.4455055667316335,9.768517306397808e-05,0.000802173282406325,0.22138200782268577,0.0,0.010948844748027719,0.0001370122101555582,0.009250951861251404,0.0909090909090909,0.012283611485435886,0.6283106183696399,0.00783826951153667,0.06349206349206349,0.018645731108930308
0.3583061889250814,0.09512362637362638,0.028502122498483932,0.03161141094834233,0.002783883734717968,0.06076402590514138,0.13829542097250813,0.13171618339023936,0.3618683236081123,0.0018398313632132113,0.04108927556967619,0.060485588812355565,0.29472765903121056,0.003666298462981717,0.004084372241927741,0.5934810951760104,0.004566077811445012,0.08406794237798323,0.0019590946734232874,0.0020001473243237357,0.18181818181818182,0.08899139628900177,0.765428119628223,0.01796104839083769,0.0,0.06182531894013736
0.09446254071661238,0.015109890109890112,0.012128562765312313,0.013878180416345412,0.00018563871138672604,0.004797178833155906,0.03116720703258831,0.029098506854201702,0.25626533486694514,0.000116287149493241,0.01219847966118507,0.011257426222940167,0.2010765120140242,0.00012818490588312903,0.0002577780363122274,0.26284224250325944,0.0043092316899163525,0.013231232323900567,0.00016567944329315943,0.0,0.0909090909090909,0.014564113195812169,0.5400175765768529,0.013948703387942676,0.0,0.008832188420019635
0.5439739413680782,0.10817307692307694,0.03456640388114009,0.03932151117964534,0.0034114754192419955,0.06936404179123573,0.16028849331563144,0.17260357743464302,0.3664881790762091,0.0024144149037685493,0.05145992202928261,0.07338274869391419,0.3001502289367248,0.005394406563129924,0.004943562862474971,0.6388526727509778,0.008875318208304703,0.10795031672262376,0.002942205327190357,0.0037063296649835972,0.22727272727272724,0.10531771535192289,0.810041513424373,0.03062029638783262,0.0,0.05691854759568203
0.5472312703583062,0.11607142857142859,0.0430563978168587,0.05011565150346955,0.003860908237195722,0.08345475733012181,0.15635951536831205,0.17764867757223668,0.37453263379812185,0.005931599661442292,0.0578711649618713,0.07826234920052753,0.37050711171853107,0.006134994869391419,0.00822345601830616,0.6482398956975228,0.017493790295080747,0.1169806327836859,0.003982450138471837,0.0031832306793309886,0.22727272727272724,0.1119519021457448,0.8574761695811439,0.0331254434804819,0.0,0.10696761530912656
0.11726384364820848,0.021634615384615388,0.02425712553062462,0.022359290670778718,0.00031318741135161074,0.008523925262831114,0.03906773160596534,0.055615009597581075,0.25875695355818973,0.00044499215870808775,0.018278933177832753,0.017907083750728955,0.32230107421293663,0.0003229652971857278,0.000715246440831632,0.29282920469361146,0.00025683741458532115,0.027421728991283926,0.0004153082904646671,1.695569871280552e-05,0.18181818181818182,0.021301959158287552,0.6624738825959107,0.008061764010075982,0.0,0.008832188420019635
0.12052117263843648,0.023695054945054948,0.028502122498483932,0.026214340786430222,0.00039925427423690205,0.011526091226531341,0.037545612192745915,0.06419337851840527,0.27355951104610954,0.0009796943868238873,0.020178605243936533,0.019643882904567964,0.3969957104075763,0.0003884015773263366,0.0014851259762460477,0.34159061277705344,0.004566077811445012,0.03155648909250285,0.0005313636352090108,0.00018481920668458787,0.18181818181818182,0.023426972115683634,0.7132407247626404,0.0032047491825111596,0.0,0.018645731108930308
0.1986970684039088,0.0521978021978022,0.026682838083687085,0.03238242097147263,0.0011823818511543032,0.031350428976758764,0.07847371195834359,0.10869897569179025,0.34704874823439436,0.0015845364570920804,0.03613930728097413,0.037080966695168464,0.2800292718946077,0.0013796905349002567,0.002913669120739595,0.5499348109517601,0.004566077811445012,0.07315217571076527,0.001230445853206114,0.000397524370142468,0.22727272727272724,0.05100031097750596,0.7846871642604039,0.016249712865423784,0.0,0.05103042198233561
0.05863192182410423,0.00995879120879121,0.006064281382656155,0.009252120277563608,7.318961880774357e-05,0.003229745031492088,0.021019744277792116,0.014455825646775044,0.2021784895925618,5.81435747466205e-05,0.007663914346431653,0.007473306232176154,0.1437604953764498,5.6821018237902355e-05,0.00012227100051939802,0.19843546284224248,0.008618472086776043,0.007194482576120933,7.544670561265665e-05,0.0,0.045454545454545456,0.010106768943713072,0.4078145250224483,0.0101937498481138,0.0,0.0
0.3517915309446254,0.08241758241758243,0.018192844147968467,0.022359290670778718,0.0022220317230624374,0.03528725977099888,0.1580708930436377,0.09617965312813197,0.34895074723534436,0.00023984224582980956,0.03281623377989654,0.05405460367034793,0.213814753576135,0.0029289555905456623,0.0010555209303875815,0.5504563233376792,0.0,0.059292459851479414,0.001250712662143937,8.049252779815197e-06,0.13636363636363635,0.07831450191769462,0.6558798210300749,0.00048039915712622767,0.0,0.0323846908734053
0.3745928338762215,0.10954670329670331,0.028502122498483932,0.03469545104086353,0.0032001484018764244,0.05806737700388149,0.18250936583269156,0.13358473899675552,0.36848527802720665,0.0010127789495197213,0.04713215645843416,0.07037681595304918,0.2644183926965131,0.00496202975841373,0.002759965797786154,0.5720990873533246,0.004566077811445012,0.08679688404478772,0.0024961935552185004,0.0005072032794487291,0.18181818181818182,0.10345185031616047,0.7609397199724872,0.005140783407018237,0.0,0.027477919528949943
0.3387622149837134,0.08001373626373627,0.012128562765312313,0.018504240555127213,0.00205262963064803,0.028734167108710802,0.16815795422233693,0.068669418539469,0.34077315258336516,0.000116287149493241,0.029433945817264776,0.05016955735573453,0.1196553865774207,0.002523558345740923,0.0005353166687248341,0.5199478487614081,0.0043092316899163525,0.04270380232538908,0.0009674294798231667,0.0,0.0909090909090909,0.07556753394837774,0.5872651040720798,0.010876070378963324,0.0,0.0578999018645731
0.3550488599348534,0.09100274725274726,0.030927835051546393,0.03315343099460293,0.002545480429061707,0.0570812369261215,0.13440210874742425,0.1195705719478843,0.3464160833035521,0.0021771129873498717,0.03873422325354912,0.057017451458600404,0.3973332431917447,0.0032583811579269565,0.0040158327313884155,0.5290743155149935,0.008875318208304703,0.0780311926302036,0.0019348309526298498,0.0032875489953573937,0.18181818181818182,0.0841194153622888,0.7535756196957665,0.018733786448380464,0.0,0.05299313052011774
0.36482084690553745,0.09581043956043957,0.030927835051546393,0.03700848111025443,0.00294535534104383,0.05842071614110769,0.14639613360388365,0.13524095873889486,0.3691519787296449,0.00184892587185126,0.048010754789007154,0.06717518367786932,0.34340115862730164,0.004521118846496979,0.004236300520198307,0.614341590612777,0.008875318208304703,0.08481219919620264,0.0025381371643818824,0.0006015802456133104,0.22727272727272724,0.09096092049341765,0.8031744007324289,0.02215987794120701,0.0,0.04219823356231599
0.3811074918566775,0.11263736263736265,0.022437841115827778,0.030840400925212026,0.003374814090456491,0.059163951012975516,0.1883079159782894,0.11333639096978036,0.3758890594014309,0.0008573501449673109,0.046452392474653506,0.06937123984537263,0.17760589923254982,0.0048213071189567745,0.002427956641053535,0.6140808344198174,0.00025683741458532115,0.07642690571093065,0.0021931016208027606,0.0002604759106698275,0.13636363636363635,0.10547320410490309,0.7361590646798073,0.0022550448861272726,0.0,0.03925417075564276
0.3355048859934854,0.08070054945054946,0.01637355973317162,0.019275250578257516,0.0020987649019952536,0.03419356986849516,0.15474880701064198,0.0685420170208429,0.34077315258336516,0.00018896661792651664,0.029505333810255226,0.05137360689914023,0.28581605629646023,0.002645985264199325,0.0009962622761271198,0.5178617992177313,0.0,0.04260456808295983,0.0010302452095532569,6.8366380753235565e-06,0.0909090909090909,0.07582668187001142,0.5626809877400816,0.0006610292402056893,0.0,0.03729146221786063
0.3387622149837134,0.08207417582417584,0.01637355973317162,0.020817270624518117,0.0021430618195228163,0.03464595190716605,0.157406475815294,0.0691790246139734,0.34201946245504034,0.00022772900111031147,0.03103634325150516,0.052539985071725824,0.23069544183464602,0.0027673358305461966,0.0010028581928729157,0.521251629726206,0.0,0.04339844202239386,0.0011346577532985757,1.3861440501344092e-05,0.13636363636363635,0.07701876230952628,0.6351300148790356,0.0015243897947487559,0.0,0.019627085377821388
0.32899022801302935,0.07932692307692309,0.012128562765312313,0.016962220508866612,0.002030923810148643,0.028437308352329306,0.16670831668593744,0.06833817459104113,0.34015049817358045,0.000116287149493241,0.028283021079747155,0.049447232374735035,0.15334020623156502,0.0024515095006463596,0.0005335753206501947,0.518122555410691,0.0043092316899163525,0.04215801399202818,0.0008772326561639462,0.0,0.0909090909090909,0.07453094226184306,0.5414467285349133,0.007953270664430596,0.0,0.03434739941118743
0.3420195439739414,0.08001373626373627,0.012128562765312313,0.018504240555127213,0.002060527655098496,0.028901425256891027,0.16815795422233693,0.06861845793201855,0.34077315258336516,0.000116287149493241,0.030682108515760968,0.051291800493483385,0.1196553865774207,0.0026375425248449727,0.0005348801928361106,0.5194263363754889,0.0043092316899163525,0.04270380232538908,0.0009890429550774749,0.0,0.0909090909090909,0.07567119311703122,0.5872651040720798,0.010876070378963324,0.0,0.02453385672227673
0.36807817589576547,0.104739010989011,0.02425712553062462,0.029298380878951424,0.003015847721444333,0.05570058654051661,0.1749712506434144,0.10593011602031631,0.3631827050229792,0.0008340927150686627,0.043234822912690235,0.0664470477155389,0.20193270519596557,0.004423816436065402,0.0022775020672371775,0.5752281616688396,0.00025683741458532115,0.06895125944792684,0.0019982634226519145,0.00018753713619465537,0.18181818181818182,0.09821706229916037,0.749182797741857,0.006633710259636273,0.0,0.045142296368989185
0.33224755700325737,0.08035714285714286,0.014554275318374773,0.019275250578257516,0.0020898136277751884,0.034093618282306795,0.15408438981853917,0.06846557610966723,0.34077315258336516,0.0001744307242398615,0.0294904550496109,0.05125571872081721,0.304763767119807,0.0026338693128612075,0.0009956820841969503,0.5178617992177313,0.0,0.04260456808295983,0.001027883948820017,6.8366380753235565e-06,0.0909090909090909,0.07556753394837774,0.5280857492150524,0.007967567343346672,0.0,0.015701668302257096
0.32899022801302935,0.07932692307692309,0.012128562765312313,0.016962220508866612,0.002030891843078457,0.02843633023302658,0.16670831668593744,0.06833817459104113,0.34015049817358045,0.000116287149493241,0.028281668465143125,0.04944275044484076,0.15334020623156502,0.0024510656802872685,0.0005335753206501947,0.518122555410691,0.0043092316899163525,0.04215801399202818,0.0008771532556437091,0.0,0.0909090909090909,0.07453094226184306,0.5414467285349133,0.007953270664430596,0.0,0.016683022571148176
0.32899022801302935,0.07932692307692309,0.012128562765312313,0.016962220508866612,0.002030891843078457,0.02843633023302658,0.16670831668593744,0.06833817459104113,0.34015049817358045,0.000116287149493241,0.028281668465143125,0.04944275044484076,0.15334020623156502,0.0024510656802872685,0.0005335753206501947,0.518122555410691,0.0043092316899163525,0.04215801399202818,0.0008771532556437091,0.0,0.0909090909090909,0.07453094226184306,0.5414467285349133,0.007953270664430596,0.0,0.033366045142296366
0.3485342019543974,0.08070054945054946,0.012128562765312313,0.019275250578257516,0.002082386836605486,0.02914350941208384,0.16960759175873635,0.06907710339907253,0.34139580699314975,0.000116287149493241,0.031438220079413506,0.051311944176049895,0.09821959176975076,0.0026396159482992357,0.0005369556750893019,0.5225554106910039,0.0043092316899163525,0.04319997353753535,0.0010290101272939763,0.0,0.0909090909090909,0.0761376593759718,0.608997970909203,0.011084832636684097,0.0,0.02551521099116781
0.33224755700325737,0.08035714285714286,0.014554275318374773,0.019275250578257516,0.0020898136277751884,0.034093618282306795,0.15408438981853917,0.06846557610966723,0.34077315258336516,0.0001744307242398615,0.0294904550496109,0.05125571872081721,0.304763767119807,0.0026338693128612075,0.0009956820841969503,0.5178617992177313,0.0,0.04260456808295983,0.001027883948820017,6.8366380753235565e-06,0.0909090909090909,0.07556753394837774,0.5280857492150524,0.007967567343346672,0.0,0.008832188420019635
0.32899022801302935,0.07932692307692309,0.012128562765312313,0.016962220508866612,0.002030891843078457,0.02843633023302658,0.16670831668593744,0.06833817459104113,0.34015049817358045,0.000116287149493241,0.028281668465143125,0.04944275044484076,0.15334020623156502,0.0024510656802872685,0.0005335753206501947,0.518122555410691,0.0043092316899163525,0.04215801399202818,0.0008771532556437091,0.0,0.0909090909090909,0.07453094226184306,0.5414467285349133,0.007953270664430596,0.0,0.015701668302257096
0.32899022801302935,0.07932692307692309,0.012128562765312313,0.016962220508866612,0.002030891843078457,0.02843633023302658,0.16670831668593744,0.06833817459104113,0.34015049817358045,0.000116287149493241,0.028281668465143125,0.04944275044484076,0.15334020623156502,0.0024510656802872685,0.0005335753206501947,0.518122555410691,0.0043092316899163525,0.04215801399202818,0.0008771532556437091,0.0,0.0909090909090909,0.07453094226184306,0.5414467285349133,0.007953270664430596,0.0,0.03042198233562317
0.34527687296416937,0.08173076923076925,0.01637355973317162,0.020817270624518117,0.002131321901756708,0.0346725286327326,0.15674205862319118,0.06902614279162209,0.34139580699314975,0.00021319310742365637,0.03051423401434974,0.05192479216366008,0.24964315318852864,0.0027029947403613692,0.0010009888832359086,0.5204693611473272,0.0,0.043249590658749976,0.0011213879279221553,8.195602830357291e-06,0.0909090909090909,0.07691510314087281,0.6045678746577587,0.0037921428399125406,0.0,0.02453385672227673
0.36156351791530944,0.0944368131868132,0.03274711946634324,0.03700848111025443,0.0027568756967965365,0.05277977568305566,0.15360980610471708,0.1261954509164416,0.35406812560000567,0.0013482704725345123,0.04626047149139287,0.06702046893171859,0.35060427974249386,0.004500429452453954,0.0032171468429099555,0.5619295958279009,0.008875318208304703,0.0810909151051056,0.0025322970100889373,0.0002315320521026167,0.22727272727272724,0.09059811340313051,0.7815189323098787,0.017849518922519264,0.0,0.029440628066732075
0.32899022801302935,0.07932692307692309,0.012128562765312313,0.016962220508866612,0.002031019711359202,0.028440242696943487,0.16670831668593744,0.06833817459104113,0.34015049817358045,0.000116287149493241,0.028291587638906008,0.049468184015303625,0.15334020623156502,0.0024535847125742942,0.0005335753206501947,0.518122555410691,0.0043092316899163525,0.04215801399202818,0.0008776038880118007,0.0,0.0909090909090909,0.07463460143049654,0.5414467285349133,0.007953270664430596,0.0,0.04317958783120705
0.254071661237785,0.0521978021978022,0.012128562765312313,0.019275250578257516,0.0012408718780802905,0.019737928488115807,0.10944763399815895,0.06522957753656425,0.3483150791481848,0.000116287149493241,0.0272947106757362,0.038336067604451504,0.10083802206163034,0.0014746208249415947,0.00048736607351922,0.548109517601043,0.0043092316899163525,0.044341167325471775,0.0007691096591822413,0.0,0.0909090909090909,0.05208873224836737,0.6128549536199346,0.014104096501967773,0.0,0.03925417075564276
0.3387622149837134,0.08001373626373627,0.012128562765312313,0.017733230531996914,0.002066384013364488,0.028675969103256573,0.16815795422233693,0.06961218977730216,0.3426451200211422,0.000116287149493241,0.028928368536380828,0.04972803594134062,0.1196553865774207,0.0024793879121806426,0.000543265146787576,0.5295958279009126,0.0043092316899163525,0.04315035641632072,0.0009205670973342056,0.0,0.0909090909090909,0.07525655644241734,0.5872651040720798,0.01526024432947404,0.0,0.03925417075564276
0.3583061889250814,0.09512362637362638,0.026682838083687085,0.030069390902081723,0.002774877878186783,0.06168544752330828,0.13829542097250813,0.10501282508620836,0.364502091698375,0.0017077723068285307,0.03869214191031264,0.05876086428820236,0.32413984325056466,0.0034604145566245305,0.004025272343326924,0.5908735332464146,0.004566077811445012,0.06862047863982931,0.001812655263808932,0.0024935832454464693,0.13636363636363635,0.08847310044573443,0.74136645021715,0.012485433176624568,0.0,0.07850834151128556
0.3387622149837134,0.07967032967032968,0.012128562765312313,0.017733230531996914,0.002042596466681279,0.02874541546739815,0.16743313545413718,0.0684146155022168,0.34015049817358045,0.000116287149493241,0.029075653237708495,0.05013134120541465,0.1343924954082183,0.0025197161628921255,0.0005342448315175406,0.518122555410691,0.0043092316899163525,0.04230686535567206,0.0009280237191394217,0.0,0.0909090909090909,0.07530838602674407,0.5693141763926658,0.012337457425585499,0.0,0.053974484789008834
0.3127035830618893,0.0834478021978022,0.026682838083687085,0.03238242097147263,0.0023062602321280686,0.04591459374134277,0.13844038472614806,0.09974689564966281,0.3631827050229792,0.0008273503768380726,0.04245406370514204,0.05845884063895583,0.3212880270270486,0.003424957973818149,0.0024779511828933883,0.5770534550195567,0.004566077811445012,0.07014207035707788,0.0019386034920734012,0.0005789064413543245,0.18181818181818182,0.08168342489893232,0.7393932632439876,0.0020322293517300335,0.0,0.04121687929342492
0.3713355048859935,0.09615384615384616,0.03456640388114009,0.04471858134155744,0.0028404967865679094,0.05359496521758522,0.1612204031708142,0.16088263772104164,0.37116209135801725,0.0015304626488370785,0.058248995307930235,0.07236751919877306,0.2719398215659703,0.005246225278895616,0.0029614777955522596,0.60625814863103,0.008875318208304703,0.11509518217753006,0.0032921344896826125,0.0005766714670110459,0.22727272727272724,0.09775059604021977,0.8096416189055026,0.011148463106375989,0.0,0.052011776251226674
0.28338762214983715,0.06043956043956044,0.022437841115827778,0.022359290670778718,0.0015288777357006938,0.04117445949770754,0.08755810719852715,0.08738045490835585,0.3464160833035521,0.0009045681576900124,0.029585739233939208,0.04311778149891711,0.37053641268650683,0.0018647152628786204,0.002691235623010076,0.5337679269882659,0.00025683741458532115,0.060549426922249974,0.0009979520470331288,0.0027269363103208308,0.13636363636363635,0.059293044469783354,0.7088597614727703,0.023611797921772752,0.0,0.09421000981354268
0.755700325732899,0.1617445054945055,0.06367495451788963,0.07710100231303006,0.006780423170153196,0.10688758080830828,0.22846194648265256,0.3048463537685369,0.44829916241970313,0.009482969861208841,0.09606193772562364,0.11038897006264269,0.4145403993774086,0.01219900449149484,0.012794804766097808,0.8080834419817471,0.034730743175576166,0.22838760895092866,0.00859405638303585,0.004055121559010556,0.36363636363636365,0.158235720949518,0.8863340730203824,0.01143435825276495,0.0,0.060843964671246295
0.28664495114006516,0.08516483516483518,0.05761067313523347,0.06707787201233616,0.002547374758974732,0.06060738845275899,0.1160753328905599,0.17356333554162634,0.34201946245504034,0.008187201847634423,0.07039772880978933,0.07280462710968329,0.47929936854262684,0.0053094184736035025,0.008123561733968391,0.573142112125163,0.030421502778716476,0.12167772025867059,0.004939959508321688,0.0009684902758973799,0.2727272727272727,0.09096092049341765,0.8673210570460658,0.018139795309221215,0.0,0.05004906771344454
0.26384364820846906,0.057005494505494504,0.03032140691328078,0.040863531225905934,0.0012269030327410637,0.02943769529023212,0.09772973059101032,0.12057279722774296,0.31371571521669284,0.0010486568004815437,0.05202200854251268,0.04999886767449384,0.21435763771319,0.002506117002345446,0.0018752751553558322,0.48839634941329857,0.004566077811445012,0.072920629145097,0.002082605356605145,0.0001312969024863362,0.22727272727272724,0.061469887011506165,0.7873126773571167,0.003863126619369512,0.0,0.03925417075564276
0.14332247557003258,0.029532967032967036,0.012128562765312313,0.016962220508866612,0.0004778366163911418,0.01036169109404177,0.06160959529697689,0.04459053151913571,0.3005899200059262,0.000116287149493241,0.018805851711358058,0.020910074155938183,0.16145066684345538,0.0004399374889475018,0.00035772188303880427,0.38852672750977835,0.0043092316899163525,0.02563551262755735,0.0003715995093854364,0.0,0.0909090909090909,0.028765419301337206,0.5693281470128134,0.011276518305699557,0.0,0.016683022571148176
0.1791530944625407,0.04945054945054945,0.022437841115827778,0.02467232074016962,0.001152017900313353,0.031246453350116214,0.07132216679085325,0.08935093172977289,0.3476814131652367,0.001165159369593478,0.03011536299667257,0.03392006129322048,0.3415664163572583,0.0011548770229355945,0.0029321311772960387,0.5739243807040417,0.00025683741458532115,0.05558771480078726,0.0008639271438392017,0.0010364050622089429,0.13636363636363635,0.047424069658961336,0.6916226271899979,0.017558435465233342,0.0,0.015701668302257096
0.16286644951140067,0.040865384615384616,0.022437841115827778,0.02390131071703932,0.0008092550142246705,0.025579799452233203,0.05863783834735801,0.07341724846693506,0.32371622575326675,0.001180490759830951,0.025814048555858476,0.029120461787738142,0.3388203709567058,0.0008517316614401544,0.00236277947426783,0.47118644067796606,0.00025683741458532115,0.04705356995187139,0.0007194277320442285,0.0005723562312350619,0.13636363636363635,0.03949414325697108,0.693584741130532,0.012198372261614313,0.0,0.053974484789008834
0.19543973941368079,0.050824175824175824,0.03699211643420255,0.04240555127216654,0.0011537086480972584,0.039501545586155255,0.06405585863965098,0.11573153951995109,0.3195668647748784,0.0048770343847373354,0.04350760019116953,0.04371536250160852,0.42893852228617035,0.0019165794398621255,0.0052879658798668525,0.47926988265971315,0.013184549898221055,0.0774854042968427,0.001888667314182373,0.0007589943599763872,0.22727272727272724,0.05203690266404063,0.8273472425780173,0.031825137473905196,0.0,0.06182531894013736
0.1465798045602606,0.03021978021978022,0.012128562765312313,0.017733230531996914,0.0004525974679807378,0.010706966682791225,0.06305923283337635,0.0412016511236814,0.2944704884833961,0.000116287149493241,0.01976305197947633,0.021152780002549935,0.1490122650804548,0.00045017209931953435,0.000323768563574378,0.3522816166883963,0.0043092316899163525,0.02563551262755735,0.0003922455281362118,0.0,0.0909090909090909,0.029853840572198614,0.5806691246712214,0.014561577416638032,0.0,0.005888125613346423
0.17263843648208468,0.042582417582417584,0.030927835051546393,0.03315343099460293,0.0009271475908002762,0.025999280636982414,0.0634734149711015,0.09268885151777677,0.321339728054185,0.0014178770431580215,0.033742474202633696,0.03575788941052477,0.43066278151326487,0.0012831919109574143,0.0029960826609027654,0.47431551499348107,0.008875318208304703,0.054049584043133814,0.001214214866697263,0.0003703471657568011,0.22727272727272724,0.04187830413600083,0.762529933484166,0.016452774386479997,0.0,0.04317958783120705
0.15309446254071662,0.03365384615384615,0.012128562765312313,0.019275250578257516,0.0006303620740187408,0.012255327187298676,0.07030742051537363,0.053686999949039395,0.31721539337844074,0.000116287149493241,0.024896074111257063,0.026799969560774423,0.10357402176465758,0.0007216747524979294,0.00044113715570204346,0.47222946544980443,0.0043092316899163525,0.02925756247622513,0.0005380472682251215,0.0,0.0909090909090909,0.03363740022805017,0.6156643552838346,0.013088020258035326,0.0,0.022571148184494585
0.1498371335504886,0.031936813186813184,0.018192844147968467,0.020817270624518117,0.0005285139992693127,0.019066992141499213,0.04928767623758151,0.059454042025514284,0.3062408591429593,0.0006244549306601154,0.02320861224747437,0.02474022669854057,0.27084150611750213,0.0006152582680206137,0.001287452696441629,0.38357235984354626,0.0,0.0355423978300779,0.000535010268779487,0.0001607759840955295,0.13636363636363635,0.03192702394526796,0.7077541697277876,0.034179259882198186,0.0,0.020608439646712454
0.13029315960912052,0.02506868131868132,0.012128562765312313,0.013107170393215111,0.000383007134456674,0.008649495854925431,0.052186951310380425,0.04127809203485706,0.30227669280413727,0.000116287149493241,0.014046902662847284,0.01596082609047453,0.26476555523805045,0.000256815085464586,0.0003301650936087841,0.3647979139504563,0.0043092316899163525,0.024246233233547788,0.00022217691053425656,0.0,0.0909090909090909,0.023841608790297505,0.4611144390116637,0.021088741548545804,0.0,0.012757605495583885
0.13680781758957655,0.026442307692307696,0.012128562765312313,0.014649190439475712,0.00041413451828182103,0.00949214435401211,0.05508622638317934,0.04166029659073536,0.2917226004530763,0.000116287149493241,0.016821866668269767,0.020073834992000494,0.21385554329932116,0.0004055585890163781,0.00033404585593733267,0.36558018252933505,0.0043092316899163525,0.02404776474868928,0.0003102392504127336,0.0,0.0909090909090909,0.02601845133202032,0.5230322071792192,0.006161638021233566,0.0,0.017664376840039242
0.32573289902280134,0.09821428571428573,0.04063068526379624,0.05088666152659985,0.002951477237307741,0.05590374924202778,0.16294184774528858,0.17173724710798555,0.37453263379812185,0.001958101727245999,0.06788066332220181,0.08126061028805032,0.27654927143930175,0.006613284712097002,0.003742730184249933,0.6578878748370274,0.013184549898221055,0.11678216429882739,0.0041975448563170824,0.0009127037273457412,0.2727272727272727,0.10267440655125946,0.8268318815849016,0.004518275773891976,0.0,0.0549558390578999
0.13355048859934854,0.0260989010989011,0.012128562765312313,0.013107170393215111,0.0004193605272875986,0.009007976034320693,0.05436140761497961,0.043061713295622486,0.3005899200059262,0.000116287149493241,0.01524005903411294,0.01832808776908308,0.2579638126599487,0.0003382919634514387,0.00034898095590890843,0.38070404172099087,0.0043092316899163525,0.024146998991118534,0.00025500272741891964,0.0,0.0909090909090909,0.02477454130817871,0.4381586418556245,0.01378176788350236,0.0,0.019627085377821388
0.11726384364820848,0.0209478021978022,0.0,0.006939090208172706,0.00028989542169736645,0.020568316174800056,0.022106972430091708,0.01245986852163278,0.2884511621714422,0.0,0.0111631283270562,0.013559672284339,0.0,0.00018562338299861936,0.0007474592460304616,0.3348109517601043,0.012927712483635733,0.0071283264145014305,0.00010491160144920889,0.0,0.0,0.020472685809059813,0.0,0.028324782676709036,0.0,0.001962708537782132
0.13355048859934854,0.0260989010989011,0.012128562765312313,0.013107170393215111,0.0004193605272875986,0.009007976034320693,0.05436140761497961,0.043061713295622486,0.3005899200059262,0.000116287149493241,0.01524005903411294,0.01832808776908308,0.2579638126599487,0.0003382919634514387,0.00034898095590890843,0.38070404172099087,0.0043092316899163525,0.024146998991118534,0.00025500272741891964,0.0,0.0909090909090909,0.02477454130817871,0.4381586418556245,0.01378176788350236,0.0,0.0029440628066732116
0.20195439739413681,0.055288461538461536,0.02425712553062462,0.028527370855821122,0.0013009522555078683,0.03525472654933767,0.07994751013243001,0.11481424858584315,0.3502240855138752,0.0013861049536306358,0.03533870972590017,0.0397214997716466,0.23488506060127373,0.0015828250082843775,0.003003085622656267,0.5796610169491525,0.00025683741458532115,0.07199444288242396,0.0011646635389492765,0.0004444860106464184,0.18181818181818182,0.053902767699803046,0.7593585539262935,0.015038863587226082,0.0,0.04612365063788025
0.035830618892508145,0.009271978021978024,0.01637355973317162,0.009252120277563608,4.797893053155615e-06,0.00047233123042942786,0.01655002854176849,0.004229730418386588,0.09387466227004582,0.00018896661792651664,0.0009462290607744772,0.00041168223580243765,0.44448172526204605,2.2363748304311613e-07,3.5055120797936984e-05,0.02242503259452412,0.0,0.004449001868911566,4.7262641154174495e-06,6.8366380753235565e-06,0.0909090909090909,0.004509173836425832,0.4350207822325032,0.002187020365478199,0.0,0.02158979391560352
0.03908794788273616,0.00995879120879121,0.01637355973317162,0.009252120277563608,5.155510600640924e-06,0.0004902416301990253,0.017878862947718597,0.00438261224073791,0.09387466227004582,0.00021388529284284408,0.0009575008491413904,0.0004137218691953103,0.4107969056079017,2.2562900446192908e-07,3.6881150237687696e-05,0.02242503259452412,0.0,0.004449001868911566,4.746700681665986e-06,6.8366380753235565e-06,0.13636363636363635,0.004820151342386235,0.4910001861600888,0.00041506487175706067,0.0,0.0098135426889107
0.07166123778501629,0.031936813186813184,0.05518496058217101,0.03932151117964534,0.0006839310155254535,0.009654824078032337,0.03585065137259249,0.042467172875367346,0.26787253403326905,0.005394547021006303,0.012830601552801565,0.011048846732722453,0.7474339228594467,0.0001235161495040419,0.0054048558702916695,0.26101694915254237,0.039039974865492516,0.02462663116285993,0.000445170290274262,0.08080771772057446,0.18181818181818182,0.019902560381465744,0.8197567330855485,0.05085736068933667,0.0,0.03729146221786063
0.03908794788273616,0.01098901098901099,0.01879927228623408,0.01156515034695451,6.231960100501782e-06,0.0006129088221216552,0.01775805982089334,0.004510013759364012,0.09416897158914017,0.0002907178737331025,0.0010282876800856056,0.0004305468708477423,0.5138015387223295,2.4215175614811573e-07,6.169155376965574e-05,0.02216427640156454,0.00025683741458532115,0.00489555595984321,6.061059787519022e-06,2.3834151088283956e-05,0.13636363636363635,0.00518295843267337,0.5008619469143814,0.014440260616158421,0.0,0.008832188420019635
0.03257328990228013,0.00789835164835165,0.012128562765312313,0.006939090208172706,3.74504793001462e-06,0.00034772088385559314,0.01594601290039402,0.004025887988584824,0.09358135400305723,0.000116287149493241,0.0008704826429488201,0.0003941413886237329,0.33005241082058023,2.070867057067855e-07,1.7024053482141762e-05,0.0226857887874837,0.0043092316899163525,0.004002447777979922,3.488860440625494e-06,0.0,0.0909090909090909,0.003990877993158495,0.3991730205945204,0.0016249533516405129,0.0,0.010794896957801753
0.04234527687296417,0.012362637362637364,0.01879927228623408,0.01156515034695451,7.0450297168865344e-06,0.0007522333593146574,0.018990251726832875,0.004815777404066657,0.09416897158914017,0.0004501973930464249,0.0010675135036024637,0.0004498747000571059,0.4695902127604726,2.617732657395939e-07,8.16722618046148e-05,0.02216427640156454,0.00025683741458532115,0.00489555595984321,6.299293787224801e-06,4.097801415178645e-05,0.13636363636363635,0.005856743028920908,0.6106382727427744,0.02511467864492644,0.0,0.008832188420019635
0.04560260586319218,0.010645604395604396,0.018192844147968467,0.009252120277563608,5.571037552345629e-06,0.0005243291654030585,0.019207697357292795,0.004535494063089233,0.09387466227004582,0.00021388529284284408,0.0009922179573114832,0.0004323996475039776,0.3893611108002318,2.4392677124979497e-07,3.891046208764748e-05,0.02242503259452412,0.0,0.004449001868911566,4.933735811582649e-06,6.8366380753235565e-06,0.13636363636363635,0.00518295843267337,0.5208163058354253,0.0022944376170116235,0.0,0.008832188420019635
0.055374592833876225,0.015453296703296704,0.025469981807155852,0.016962220508866612,1.5831253142782823e-05,0.001427480252812,0.02191713894456286,0.006242674412679,0.10898854696285798,0.0006786940905201604,0.001882238366762953,0.0009012389904372645,0.5898358454770328,9.309250123364677e-07,0.000176696392361441,0.03129074315514993,0.008875318208304703,0.006830623687213668,1.707469027753824e-05,0.0006828547008243587,0.13636363636363635,0.007515289727376387,0.6313466121906255,0.02245384379343569,0.0,0.012757605495583885
0.0749185667752443,0.022321428571428572,0.026682838083687085,0.020817270624518117,0.00030924278279634,0.008341016666070882,0.03073231577166847,0.04168577689446059,0.26941415427614424,0.0013531256744127745,0.01366140750069885,0.011314438581894747,0.43641680213923323,0.00012948085763568693,0.001692858720342162,0.2706649282920469,0.004566077811445012,0.0215834477283628,0.0002454127348959436,0.012271786252355862,0.13636363636363635,0.01746656991810926,0.7337235818975208,0.031463185532960014,0.0,0.012757605495583885
0.055374592833876225,0.01098901098901099,0.018192844147968467,0.010023130300693909,8.889318351265133e-06,0.0008854259366367291,0.01987211456026785,0.005554706212098049,0.10805856955660398,0.00022167237872149065,0.0016446290679884218,0.0008459293963926044,0.37757142394780807,8.265196242665517e-07,5.0792868733401037e-05,0.03207301173402868,0.0,0.005490961414418735,9.77710064062936e-06,0.00012983340198091526,0.13636363636363635,0.005804913444594175,0.5338633791631298,0.0003074554605607857,0.0,0.011776251226692819
0.05211726384364821,0.010302197802197804,0.018192844147968467,0.009252120277563608,5.390430349900509e-06,0.0005306844685857045,0.01854328015431774,0.004459053151913571,0.09387466227004582,0.00020350251161317174,0.0010052932318171026,0.0004474534578358892,0.4040982196310294,2.591201709632648e-07,3.766462466595903e-05,0.02242503259452412,0.0,0.004449001868911566,5.084508201030928e-06,6.8366380753235565e-06,0.13636363636363635,0.005079299264019903,0.500716352034516,0.006678624378166527,0.0,0.013738959764474964
0.048859934853420196,0.010302197802197804,0.018192844147968467,0.009252120277563608,5.385169945945796e-06,0.0005179738622204124,0.01854328015431774,0.004459053151913571,0.09387466227004582,0.00020350251161317174,0.0009872583704300414,0.00043231016681319356,0.4040982196310294,2.4382347180721474e-07,3.766462466595903e-05,0.02242503259452412,0.0,0.004449001868911566,4.93284779412066e-06,6.8366380753235565e-06,0.13636363636363635,0.0050274696796931695,0.500716352034516,0.006678624378166527,0.0,0.016683022571148176
0.10097719869706841,0.021291208791208792,0.026682838083687085,0.023130300693909017,0.0003080343735904357,0.009619778790331537,0.029210196358449042,0.0427049890434694,0.2766998115018885,0.0014537757263812403,0.015210000931801172,0.01391706079511568,0.4146821431879983,0.00019549460327951152,0.001769523951960939,0.28083441981747065,0.004566077811445012,0.02138497924350429,0.0003338664775942598,0.001625351117030455,0.18181818181818182,0.017673888255416194,0.7507520116206614,0.02770022534051237,0.0,0.0098135426889107
0.08794788273615635,0.015109890109890112,0.018192844147968467,0.016191210485736313,0.00019354581790213953,0.005345693255492521,0.02784512101046486,0.037812770728227085,0.2602595327689402,0.00022167237872149065,0.013459867924698443,0.011461236918696093,0.341678245900356,0.00013284270035593886,0.0004476859596001496,0.2558018252933507,0.0,0.017944858839290145,0.0001953014756443042,3.0942582114614266e-05,0.13636363636363635,0.014564113195812169,0.5641558780815628,0.00016269518121341575,0.0,0.006869479882237489
0.08469055374592833,0.014423076923076924,0.018192844147968467,0.016191210485736313,0.00018369317121639863,0.005141168044002442,0.02651628660451475,0.03655574241111621,0.2567628577635095,0.00020350251161317174,0.013348051784098662,0.011258668425471052,0.3682050415835773,0.00012821410247539438,0.00043560172540326776,0.24771838331160365,0.0,0.0169525164149976,0.00019186833323082576,6.8366380753235565e-06,0.13636363636363635,0.013993987768218098,0.5316600286114357,0.006823576817176748,0.0,0.0049067713444553435
0.08143322475570033,0.014423076923076924,0.018192844147968467,0.016191210485736313,0.00018369317121639863,0.00513885702444576,0.02651628660451475,0.03655574241111621,0.2567628577635095,0.00020350251161317174,0.013344444811821251,0.011251046776044266,0.3682050415835773,0.0001280415411214585,0.00043560172540326776,0.24771838331160365,0.0,0.0169525164149976,0.00019173914493704036,6.8366380753235565e-06,0.13636363636363635,0.013993987768218098,0.5316600286114357,0.006823576817176748,0.0,0.011776251226692819
0.07817589576547232,0.015109890109890112,0.018192844147968467,0.016191210485736313,0.00019181581941180262,0.0051596561991264995,0.02784512101046486,0.03760892829842532,0.2627791809191461,0.00022167237872149065,0.013416584257369496,0.011253086409437138,0.341678245900356,0.00012808777900095273,0.00044548290720022014,0.2542372881355932,0.0,0.01761407803119263,0.00019177374923393816,8.321045730821943e-05,0.13636363636363635,0.0143049652741785,0.5641558780815628,0.00016269518121341575,0.0,0.01472031403336603
0.247557003257329,0.061469780219780217,0.024863553668890235,0.030840400925212026,0.0014811066136057075,0.037891264092980076,0.09282512356869821,0.08972464285107612,0.33705424401045503,0.0012817091855928157,0.039301720225195305,0.047345417797122515,0.3504359115176129,0.002247524447793993,0.0030342288650187094,0.5501955671447196,0.004566077811445012,0.05618312025536278,0.001497416093927015,0.00044174717398627345,0.18181818181818182,0.06276562661967451,0.7622918871666655,0.028675768706227553,0.0,0.04612365063788025
0.24429967426710097,0.05940934065934066,0.018192844147968467,0.028527370855821122,0.0013715693569388873,0.025745638691971308,0.11355494033921043,0.08958874789787495,0.33520830392742773,0.0003026108776849765,0.0413631048817364,0.0473413306349817,0.12345662758952225,0.0022471293255898256,0.0009708141428897513,0.5522816166883964,0.0,0.05565387096240676,0.0013877257603169574,3.721472713784688e-05,0.13636363636363635,0.06188452368612004,0.7101416344743186,0.0022746707930264027,0.0,0.0323846908734053
0.09771986970684039,0.015109890109890112,0.012128562765312313,0.01233616037008481,0.00016881216283928113,0.004808427187855061,0.03116720703258831,0.027799011364215462,0.2412045059357385,0.000116287149493241,0.011189429166578998,0.011147030736577806,0.30608587004416155,0.00012570128007253624,0.0002272913275725711,0.2495436766623207,0.0043092316899163525,0.014818980202768634,0.00014678842886103695,0.0,0.0909090909090909,0.01513423862340624,0.3914742840230714,0.012059530499882738,0.0,0.011776251226692819
0.23778501628664497,0.054945054945054944,0.02425712553062462,0.03161141094834233,0.001242714727971707,0.033703345902073065,0.08516620526346806,0.10666055139377262,0.32193235090079675,0.0011383950646389478,0.04141961411408253,0.04658753476867643,0.19206525977968214,0.0021762315030070447,0.002250222051724497,0.5303780964797914,0.00025683741458532115,0.06504804591237616,0.0015094181182637857,9.4918461351587e-05,0.18181818181818182,0.05861925987353581,0.7685624698266849,0.01564835560585527,0.0,0.0323846908734053
0.22801302931596093,0.055631868131868135,0.028502122498483932,0.03469545104086353,0.0012184394474243896,0.029681212724680446,0.0914721285468057,0.10003567242521531,0.31197688770898213,0.001016984099255087,0.03933718878592319,0.04407743822151127,0.29296697373881975,0.0019483652985891136,0.002072621162181266,0.4889178617992177,0.004566077811445012,0.06174023783140102,0.00156422708315146,0.00021700367351380222,0.18181818181818182,0.05784181610863481,0.7640212966767568,0.008231056673047264,0.0,0.0578999018645731
0.16612377850162868,0.036057692307692304,0.012128562765312313,0.017733230531996914,0.0006757424549181042,0.013341037966198491,0.07538115189277173,0.051775977169647866,0.2983535696016514,0.000116287149493241,0.023914677070777816,0.028942047817454762,0.14507745793833687,0.0008413330656286805,0.0004136826423556223,0.44719687092568444,0.0043092316899163525,0.028612539900434976,0.000536259583647405,0.0,0.0909090909090909,0.038353892401782934,0.5740344724879365,0.013352560060559503,0.0,0.027477919528949943
0.1693811074918567,0.03708791208791209,0.012128562765312313,0.019275250578257516,0.0007018898997446884,0.013839878052831007,0.07755560819737091,0.052693268103755804,0.3005899200059262,0.000116287149493241,0.025650833060305574,0.030301477948622004,0.11560324080727752,0.0009220375338063503,0.00042030057330080746,0.4542372881355932,0.0043092316899163525,0.02925756247622513,0.0006081807524817937,0.0,0.0909090909090909,0.039753291178604745,0.60316925154358,0.011682397945572366,0.0,0.03729146221786063
0.23778501628664497,0.05631868131868132,0.02425712553062462,0.03238242097147263,0.0012442085478126927,0.02261270064353345,0.11082478965773844,0.10483446296013182,0.3189772450845839,0.00038521648364320396,0.039969611258562805,0.04505612801339221,0.16885089160022038,0.002035717710802152,0.0009968173661862557,0.5160365058670143,0.00025683741458532115,0.06347683707391297,0.001494628807830104,2.5506723094479326e-05,0.18181818181818182,0.05913755571680315,0.7381382846517472,0.01004532572452808,0.0,0.022571148184494585
0.09771986970684039,0.015109890109890112,0.012128562765312313,0.01233616037008481,0.00016881216283928113,0.004808427187855061,0.03116720703258831,0.027799011364215462,0.2412045059357385,0.000116287149493241,0.011189429166578998,0.011147030736577806,0.30608587004416155,0.00012570128007253624,0.0002272913275725711,0.2495436766623207,0.0043092316899163525,0.014818980202768634,0.00014678842886103695,0.0,0.0909090909090909,0.01513423862340624,0.3914742840230714,0.012059530499882738,0.0,0.008832188420019635
0.23452768729641696,0.06353021978021979,0.03032140691328078,0.03392444101773323,0.0014926210983339618,0.03539864403717681,0.09601432614877702,0.11460191272146632,0.3395298458680073,0.0016400409676604198,0.03957179227446655,0.043006967558736085,0.2585682209247677,0.00185500867018265,0.0031391887297246178,0.5603650586701434,0.004566077811445012,0.07273869970064337,0.001493111709066342,0.0008644688414020746,0.22727272727272724,0.06240281952938737,0.7948585095259226,0.0140284880799582,0.0,0.04612365063788025
0.23127035830618894,0.06387362637362638,0.03941782898726501,0.04626060138781804,0.0015329225816954094,0.03827449355160299,0.0916895741772656,0.10542900338038697,0.3225259747995144,0.003299875368142803,0.046295789761609196,0.04704612857251494,0.4449621976847534,0.0022192369649485814,0.004763118936055583,0.505606258148631,0.017493790295080747,0.06785968278120504,0.0022138231818609193,0.0005279745330506678,0.22727272727272724,0.06312843370996166,0.8258193033139967,0.016588964344864232,0.0,0.05691854759568203
0.1758957654723127,0.04017857142857143,0.018192844147968467,0.022359290670778718,0.0007831984799689959,0.023513050674359513,0.06233441406517662,0.07345122220523535,0.3102470696702234,0.0007057023909160647,0.02791736426512449,0.0316279897127208,0.2126326431633191,0.0010043406567652067,0.0016136980927947474,0.47222946544980443,0.0,0.042885731769842714,0.0007324117678556728,0.00027762395516334545,0.13636363636363635,0.040271587021872085,0.7208386748858455,0.0185831076514173,0.0,0.02845927379784101
0.13029315960912052,0.03056318681318682,0.01879927228623408,0.019275250578257516,0.0005680544325645943,0.01710165112133643,0.04341664421516371,0.04861641950772054,0.3011515102372594,0.0010617091131808077,0.01823910619226966,0.020143003565976595,0.41880620363177457,0.0004083228571459251,0.002227934767275715,0.42894393741851367,0.00025683741458532115,0.026230918082132876,0.0004047115071304413,0.03675766129499886,0.13636363636363635,0.027366020524515394,0.6516135965144626,0.03580220196270086,0.0,0.0353287536800785
0.1270358306188925,0.022321428571428572,0.006064281382656155,0.008481110254433308,0.0003727155362853788,0.007755985229202171,0.04711321993298233,0.030644311946865073,0.2944704884833961,5.81435747466205e-05,0.013237137386568237,0.01579935028859957,0.26476555523805045,0.0002516537870751868,0.0002598555397759611,0.41877444589308993,0.008618472086776043,0.014967831566412517,0.00014660842488307962,0.0,0.045454545454545456,0.021768425417228156,0.18256169874724104,0.05904532235532867,0.0,0.0029440628066732116
0.20521172638436483,0.052884615384615384,0.028502122498483932,0.030069390902081723,0.0011896807740432603,0.02886447813494808,0.07953677950919714,0.10661808422089726,0.3309348124879249,0.0013621817687538597,0.03081812142872172,0.03368522448382768,0.33374287964766003,0.0011389694135847494,0.002971849181771497,0.535593220338983,0.004566077811445012,0.06554421712452244,0.0010399587115186232,0.0006559116565195591,0.22727272727272724,0.051052140561832694,0.7708856235786659,0.013984393842656108,0.0,0.020608439646712454
0.2671009771986971,0.0738324175824176,0.03032140691328078,0.03700848111025443,0.0017627831262113705,0.04109749043151539,0.11196033904917103,0.11935823608350746,0.34077315258336516,0.001821923723627,0.04643210325559306,0.05049020877937429,0.20683727946520664,0.0025555657251651433,0.0032955905692942794,0.5661016949152542,0.004566077811445012,0.0741445181350578,0.0019083140091728406,0.0005711331629555314,0.22727272727272724,0.07240592930444699,0.8076600298432407,0.011603394702852432,0.0,0.08341511285574092
0.2182410423452769,0.055631868131868135,0.028502122498483932,0.03161141094834233,0.001262246472973401,0.02913928460565011,0.08763058907534714,0.10789209940715827,0.3315424511161231,0.0012411022758195794,0.034573580731554095,0.037354148612347274,0.29837381909038885,0.0014000557177318398,0.0026245267595602136,0.5371577574967406,0.004566077811445012,0.06653655954881497,0.0012106685628804944,0.0004754181391859939,0.22727272727272724,0.05436923395874365,0.777211483996521,0.009073907386242088,0.0,0.012757605495583885
0.15635179153094464,0.036057692307692304,0.01637355973317162,0.019275250578257516,0.0006971231644688031,0.017481700110239556,0.062092807797029734,0.054451409060796006,0.31487893776358955,0.0003491257374822729,0.022051525598982838,0.024600878945139508,0.2653858440343731,0.0006083470458976465,0.0011604973444158343,0.4753585397653194,0.0,0.0308453103550932,0.0004940005478431124,0.0007256662720379368,0.0909090909090909,0.03446667357727791,0.6590315811458312,0.011889174553443682,0.0,0.03925417075564276
0.19543973941368079,0.047046703296703296,0.028502122498483932,0.030840400925212026,0.0009524498190974192,0.025108046368041703,0.07373822936359932,0.09332585911090728,0.3102470696702234,0.0011679553545584638,0.03044825647977541,0.03294473492259901,0.32978687175989607,0.0010895399642264904,0.0022944577458025675,0.46727509778357235,0.004566077811445012,0.05504192646742636,0.0010425705452339288,0.0003332578815194189,0.22727272727272724,0.046180159635119726,0.7626025794893248,0.012889058143119927,0.0,0.012757605495583885
0.1270358306188925,0.022321428571428572,0.006064281382656155,0.008481110254433308,0.0003727155362853788,0.007755985229202171,0.04711321993298233,0.030644311946865073,0.2944704884833961,5.81435747466205e-05,0.013237137386568237,0.01579935028859957,0.26476555523805045,0.0002516537870751868,0.0002598555397759611,0.41877444589308993,0.008618472086776043,0.014967831566412517,0.00014660842488307962,0.0,0.045454545454545456,0.021768425417228156,0.18256169874724104,0.05904532235532867,0.0,0.018645731108930308
0.19218241042345277,0.04395604395604396,0.012128562765312313,0.016962220508866612,0.0009415900523382975,0.017744035320539833,0.09205198356136547,0.05924170616113745,0.31371571521669284,0.000116287149493241,0.026502829970332657,0.036383769997569156,0.19268219771117417,0.001328402601742479,0.0004567631449829328,0.505606258148631,0.0043092316899163525,0.03585663959777054,0.0006457688387378274,0.0,0.0909090909090909,0.046750285062713795,0.48484953780831497,0.015011231027708181,0.0,0.02453385672227673
0.19218241042345277,0.04395604395604396,0.012128562765312313,0.016962220508866612,0.0009415900523382975,0.017744035320539833,0.09205198356136547,0.05924170616113745,0.31371571521669284,0.000116287149493241,0.026502829970332657,0.036383769997569156,0.19268219771117417,0.001328402601742479,0.0004567631449829328,0.505606258148631,0.0043092316899163525,0.03585663959777054,0.0006457688387378274,0.0,0.0909090909090909,0.046750285062713795,0.48484953780831497,0.015011231027708181,0.0,0.033366045142296366
0.1237785016286645,0.02197802197802198,0.006064281382656155,0.008481110254433308,0.0003815298601597511,0.00921973854164618,0.0463884011647826,0.030287587694711987,0.2895383047583011,5.81435747466205e-05,0.013688309502267884,0.01915856858739031,0.17710846716829032,0.0003695133340387462,0.00024749248894677503,0.41408083441981747,0.008618472086776043,0.015265534293700278,0.0001776623529526892,0.0,0.045454545454545456,0.022753187519436096,0.35684851563781994,0.007847851873390816,0.0,0.018645731108930308
0.15960912052117265,0.033997252747252744,0.018192844147968467,0.022359290670778718,0.0006535837451107186,0.013649634140918703,0.07030742051537363,0.06740389678778305,0.2977959835787414,0.0001744307242398615,0.02698436076936719,0.030339220377637727,0.24746871460886105,0.0009243364967603323,0.0005312885199543875,0.43989569752281615,0.0,0.03871789358781404,0.0007026270701688879,0.0,0.13636363636363635,0.03571058360111952,0.5799571383284591,0.013235611689748693,0.0,0.03042198233562317
0.15960912052117265,0.033997252747252744,0.018192844147968467,0.022359290670778718,0.0006535837451107186,0.013649634140918703,0.07030742051537363,0.06740389678778305,0.2977959835787414,0.0001744307242398615,0.02698436076936719,0.030339220377637727,0.24746871460886105,0.0009243364967603323,0.0005312885199543875,0.43989569752281615,0.0,0.03871789358781404,0.0007026270701688879,0.0,0.13636363636363635,0.03571058360111952,0.5799571383284591,0.013235611689748693,0.0,0.03434739941118743
0.06188925081433225,0.010302197802197804,0.006064281382656155,0.01079414032382421,0.000134552725507355,0.004351157109106622,0.021744563045991844,0.020316295503575735,0.25280770089363924,5.81435747466205e-05,0.012279636537426846,0.011598255542351745,0.1179769624700513,0.00013601579188988737,0.0001793038670792771,0.2876140808344198,0.008618472086776043,0.00851760580851099,0.0001347274121861575,0.0,0.045454545454545456,0.012024463563802218,0.4300377457881789,0.011307007638871835,0.0,0.02453385672227673
0.25732899022801303,0.05837912087912088,0.028502122498483932,0.03392444101773323,0.001089747126647607,0.03410963293861303,0.0840064952343485,0.08733798773548047,0.29557565000815866,0.001964117535926957,0.0383847978141748,0.03730905034419209,0.26709169260419163,0.001396684340375398,0.0028736016805470466,0.4046936114732725,0.004566077811445012,0.051899508790499975,0.0012955850502139438,0.00021043046552945443,0.18181818181818182,0.0561314398258526,0.7880077172339733,0.017313662486694387,0.0,0.023552502453385665
0.25732899022801303,0.05837912087912088,0.028502122498483932,0.03392444101773323,0.001089747126647607,0.03410963293861303,0.0840064952343485,0.08733798773548047,0.29557565000815866,0.001964117535926957,0.0383847978141748,0.03730905034419209,0.26709169260419163,0.001396684340375398,0.0028736016805470466,0.4046936114732725,0.004566077811445012,0.051899508790499975,0.0012955850502139438,0.00021043046552945443,0.18181818181818182,0.0561314398258526,0.7880077172339733,0.017313662486694387,0.0,0.04317958783120705
0.26058631921824105,0.059065934065934064,0.028502122498483932,0.03392444101773323,0.0011035531242678256,0.03469688327958691,0.08502124150982811,0.08759279077273269,0.29557565000815866,0.0020257849636532857,0.038680870121945723,0.03806599382538494,0.25225152717216476,0.0014538320280465414,0.002877365612634649,0.4046936114732725,0.004566077811445012,0.051899508790499975,0.001321825562755759,0.00017394748864431802,0.22727272727272724,0.05701254275940707,0.7957722171509245,0.018566287275595787,0.0,0.08537782139352303
0.25732899022801303,0.05837912087912088,0.028502122498483932,0.03392444101773323,0.001089747126647607,0.03410963293861303,0.0840064952343485,0.08733798773548047,0.29557565000815866,0.001964117535926957,0.0383847978141748,0.03730905297597711,0.26709169260419163,0.001396684459156457,0.0028736016805470466,0.4046936114732725,0.004566077811445012,0.051899508790499975,0.0012955851049547462,0.00021043046552945443,0.18181818181818182,0.0561314398258526,0.7880077172339733,0.017313662486694387,0.0,0.06476938174681059
0.21172638436482086,0.049107142857142856,0.028502122498483932,0.030069390902081723,0.0009007913933620533,0.027378977656711535,0.07030742051537363,0.0843228184613294,0.2966848157413442,0.0018056203873695544,0.03005194040079474,0.028741968992861536,0.31256619911075967,0.0008297664777286863,0.0027528049970941934,0.4073011734028683,0.004566077811445012,0.05107255677025619,0.0008876341445893967,0.00030142465481150553,0.18181818181818182,0.04576552296050586,0.7770768808420226,0.01666279208733139,0.0,0.05004906771344454
0.14006514657980457,0.0260989010989011,0.012128562765312313,0.016962220508866612,0.0004099039395628582,0.008836805416905954,0.05436140761497961,0.0427049890434694,0.28520875440087545,0.000116287149493241,0.018576057519184588,0.01839469824801676,0.1853191423005205,0.0003407312091754833,0.0003551182322700212,0.37705345501955667,0.0043092316899163525,0.02375006202140152,0.0003270310300860172,0.0,0.0909090909090909,0.026847724681248058,0.5480642533436364,0.010636818788070272,0.0,0.008832188420019635
0.20846905537459284,0.049107142857142856,0.03759854457246817,0.04163454124903624,0.0009952236923175815,0.03041271340865142,0.06547529540612242,0.0824967300276886,0.29557565000815866,0.003933376426753857,0.0346024365097734,0.032902757951481176,0.5099216935092594,0.0010867821781118967,0.004621334902819205,0.39843546284224246,0.017493790295080747,0.04991482394191489,0.0013968089199146584,0.0003023341158398743,0.22727272727272724,0.048564320514149474,0.8225247889908114,0.023692018175690735,0.0,0.026496565260058877
0.21498371335504887,0.049107142857142856,0.028502122498483932,0.029298380878951424,0.0008968318378485521,0.027581262675085743,0.07030742051537363,0.08385567955970036,0.29502306924577737,0.0018056203873695544,0.02947392309333943,0.02885750435537393,0.31256619911075967,0.0008364357132039248,0.0027440090561460313,0.40443285528031286,0.004566077811445012,0.04999751914393927,0.0008689132159128022,0.00028297200415315513,0.18181818181818182,0.04581735254483259,0.7770768808420226,0.018124179133953568,0.0,0.060843964671246295
0.25732899022801303,0.05837912087912088,0.028502122498483932,0.03392444101773323,0.001089747126647607,0.03410963293861303,0.0840064952343485,0.08733798773548047,0.29557565000815866,0.001964117535926957,0.0383847978141748,0.03730905034419209,0.26709169260419163,0.001396684340375398,0.0028736016805470466,0.4046936114732725,0.004566077811445012,0.051899508790499975,0.0012955850502139438,0.00021043046552945443,0.18181818181818182,0.0561314398258526,0.7880077172339733,0.017313662486694387,0.0,0.053974484789008834
0.25732899022801303,0.05837912087912088,0.028502122498483932,0.03392444101773323,0.001089747126647607,0.03410963293861303,0.0840064952343485,0.08733798773548047,0.29557565000815866,0.001964117535926957,0.0383847978141748,0.037309202987723424,0.26709169260419163,0.0013966958075560274,0.0028736016805470466,0.4046936114732725,0.004566077811445012,0.051899508790499975,0.00129559036818153,0.00021005831825807595,0.18181818181818182,0.0561314398258526,0.7880077172339733,0.017313662486694387,0.0,0.07360157016683021
0.2214983713355049,0.04979395604395605,0.028502122498483932,0.030840400925212026,0.0009516735273479999,0.02560795422870916,0.07818378445106369,0.0887394044403676,0.2989111556245615,0.0012133178284730972,0.031533654554253374,0.030615599913619552,0.3191097574475484,0.0009412127341986721,0.0022467060266515753,0.43285528031290743,0.004566077811445012,0.05173411838645122,0.0009690048572671681,0.00027506701070887437,0.18181818181818182,0.047838706333575204,0.7461017607145334,0.005499378959185634,0.0,0.020608439646712454
0.019543973941368076,0.003777472527472528,0.006064281382656155,0.004626060138781804,2.3046369254205052e-05,0.0011722742036262934,0.00797300645019701,0.008782211350625967,0.18327662373154185,5.81435747466205e-05,0.003429328892749685,0.004164789271854695,0.3371113619844496,1.7888608093689086e-05,7.912844070191962e-05,0.12542372881355932,0.008618472086776043,0.0028281759092337465,2.2760560659929374e-05,0.0,0.045454545454545456,0.0035244117342178916,0.1372060031960075,0.05650219170265593,0.0,0.0049067713444553435
0.019543973941368076,0.003777472527472528,0.006064281382656155,0.004626060138781804,2.3046369254205052e-05,0.0011722742036262934,0.00797300645019701,0.008782211350625967,0.18327662373154185,5.81435747466205e-05,0.003429328892749685,0.004164789271854695,0.3371113619844496,1.7888608093689086e-05,7.912844070191962e-05,0.12542372881355932,0.008618472086776043,0.0028281759092337465,2.2760560659929374e-05,0.0,0.045454545454545456,0.0035244117342178916,0.1372060031960075,0.05650219170265593,0.0,0.0
0.10749185667752444,0.017513736263736264,0.01637355973317162,0.013107170393215111,0.0002407920236195936,0.006525468626844506,0.03249604144216251,0.03157009631554809,0.2577579035566381,0.0002071364850348355,0.011982361905563454,0.013220477303426747,0.3996234043870444,0.00017648791367705195,0.0004900929624949997,0.2834419817470665,0.0,0.015662471263417296,0.0001841776296171418,2.487950859215606e-05,0.0909090909090909,0.016170830309940917,0.46650628023434004,0.013639313520109195,0.0,0.0049067713444553435
0.10749185667752444,0.017513736263736264,0.01637355973317162,0.013107170393215111,0.0002407920236195936,0.006525468626844506,0.03249604144216251,0.03157009631554809,0.2577579035566381,0.0002071364850348355,0.011982361905563454,0.013220477303426747,0.3996234043870444,0.00017648791367705195,0.0004900929624949997,0.2834419817470665,0.0,0.015662471263417296,0.0001841776296171418,2.487950859215606e-05,0.0909090909090909,0.016170830309940917,0.46650628023434004,0.013639313520109195,0.0,0.010794896957801753
0.003257328990228013,0.0013736263736263737,0.004244996967859308,0.002313030069390902,1.181230452138267e-05,0.0012215587911724387,0.0010872281522995922,0.0022167864240941757,0.1840754633119409,0.00010175125580658587,0.0016262936255782429,0.0016546453525591196,0.5139566663624131,2.95342756691466e-06,0.000346568385695448,0.06571056062581486,0.008618472086776043,0.0004796321717413956,5.2495740222304155e-06,0.009250951861251404,0.0,0.0009329325178812066,0.5081703822074353,0.050102916231697256,0.031746031746031744,0.0029440628066732116
0.0,0.0,0.0,0.0,0.0,0.00019526203447893758,0.0,0.0,0.04370092967709066,0.0,0.0,0.0,0.3371113619844496,0.0,3.573210166850135e-06,0.0,0.012927712483635733,0.0,0.0,0.0,0.0,0.0,0.0,0.028181995236566927,0.0,0.0
0.029315960912052116,0.004464285714285715,0.006064281382656155,0.006939090208172706,2.6977554554924875e-05,0.0051432886256877605,0.004348912609198369,0.009138935602779053,0.18010128645206114,0.00015747218158604934,0.005177808704225268,0.005652968958135131,0.22216191384697853,3.2691888442873675e-05,0.0005743953388373002,0.12933507170795305,0.008618472086776043,0.004349767626482311,4.400107060763875e-05,1.4405026403357585e-05,0.045454545454545456,0.005442106354307039,0.5081703822074353,0.04958099777675114,0.0,0.0
0.10097719869706841,0.015453296703296704,0.012128562765312313,0.01079414032382421,0.00020039765141566368,0.004926779444015967,0.03189202580078804,0.03085664781124191,0.2552742932822396,0.000116287149493241,0.010234332965622548,0.011171827415065092,0.31311092739065055,0.00012625577201934277,0.00025852279364086675,0.2800521512385919,0.0043092316899163525,0.01471974596033938,0.0001297998357285692,0.0,0.0909090909090909,0.014512283611485436,0.3939341254444586,0.00041762700059506724,0.0,0.0029440628066732116
0.026058631921824105,0.005837912087912089,0.01637355973317162,0.008481110254433308,5.731187628300201e-06,0.0004128224824948102,0.009905856497521586,0.003439841002904755,0.1130568227206794,0.00019934939915618893,0.0009702755426238919,0.0007699708170570041,0.5181672688854981,6.935083099088915e-07,3.679119530870883e-05,0.02216427640156454,0.0,0.0031093395961166335,7.67098476017864e-06,0.003069976647361485,0.0909090909090909,0.0028506271379703536,0.32646418118425524,0.025569341217874894,0.0,0.0039254170755642775
0.02280130293159609,0.004120879120879122,0.012128562765312313,0.006168080185042405,2.9498726792194005e-07,0.0,0.00797300645019701,0.0012485348825357998,0.0,0.000116287149493241,0.0001469841203045487,3.0002349262900842e-05,0.4381658214774185,4.928574020949128e-09,0.0,0.002868318122555411,0.0043092316899163525,0.001819294444536328,6.100902981955156e-07,0.0,0.0909090909090909,0.0016585466984554785,0.25408519110371763,0.0062610742414366,0.0,0.0039254170755642775
0.026058631921824105,0.005837912087912089,0.01637355973317162,0.008481110254433308,5.731187628300201e-06,0.0004128224824948102,0.009905856497521586,0.003439841002904755,0.1130568227206794,0.00019934939915618893,0.0009702755426238919,0.0007699708170570041,0.5181672688854981,6.935083099088915e-07,3.679119530870883e-05,0.02216427640156454,0.0,0.0031093395961166335,7.67098476017864e-06,0.003069976647361485,0.0909090909090909,0.0028506271379703536,0.32646418118425524,0.025569341217874894,0.0,0.01472031403336603
0.026058631921824105,0.005837912087912089,0.01637355973317162,0.008481110254433308,5.731187628300201e-06,0.0004128224824948102,0.009905856497521586,0.003439841002904755,0.1130568227206794,0.00019934939915618893,0.0009702755426238919,0.0007699708170570041,0.5181672688854981,6.935083099088915e-07,3.679119530870883e-05,0.02216427640156454,0.0,0.0031093395961166335,7.67098476017864e-06,0.003069976647361485,0.0909090909090909,0.0028506271379703536,0.32646418118425524,0.025569341217874894,0.0,0.005888125613346423
0.09120521172638436,0.013392857142857144,0.012128562765312313,0.015420200462606013,0.00017923450677724561,0.005415838352244617,0.02754311319158967,0.030347041736737503,0.25133615429816747,0.000116287149493241,0.017015891718692236,0.01578781254305847,0.21715335825241067,0.00025128765769008934,0.0002617911095456457,0.2795306388526727,0.0043092316899163525,0.013628169293617584,0.0002564158146031496,0.0,0.0909090909090909,0.01497874987042604,0.5315255667283036,0.007613827025327298,0.0,0.010794896957801753
0.016286644951140065,0.003090659340659341,0.006064281382656155,0.005397070161912105,3.107756735008866e-05,0.001112609016692117,0.006523368913797553,0.00937675177088111,0.2177788856087749,5.81435747466205e-05,0.004087150461842742,0.00417100817986419,0.28658413170742925,1.7939785214515295e-05,8.928377656827788e-05,0.1361147327249022,0.008618472086776043,0.0025304731819459836,2.6057570807459602e-05,0.0,0.045454545454545456,0.0029024567222970875,0.2845754140361638,0.006571207126633102,0.0,0.005888125613346423
0.06188925081433225,0.010302197802197804,0.012128562765312313,0.015420200462606013,0.00010995741457243377,0.004087065297519866,0.021019744277792116,0.021785659685063446,0.23978100984134332,0.000116287149493241,0.01412670692448503,0.010329027211064908,0.23224085952738788,0.00010802357315585961,0.00019189114937535068,0.19895697522816166,0.0043092316899163525,0.00970841671766204,0.00016810534074947154,0.0,0.0909090909090909,0.011195190214574479,0.5238703376722977,0.006213764532442809,0.0,0.0
0.06840390879478828,0.012362637362637364,0.012128562765312313,0.009252120277563608,0.00011123663690849765,0.008390555430898101,0.016670831668593747,0.020435203587626766,0.23648254315285366,0.0003563465983214684,0.008268232493409761,0.00848185625692875,0.3208122551525362,7.304157588659405e-05,0.0006485587973238459,0.18044328552803127,0.0043092316899163525,0.01144501596017399,8.554708718563004e-05,6.56484512431681e-05,0.0909090909090909,0.011506167720534881,0.6058289756867639,0.05055793750268303,0.0,0.015701668302257096
0.11400651465798047,0.017170329670329672,0.012128562765312313,0.015420200462606013,0.00021717559742742446,0.006220340257018565,0.03551611964178668,0.03011771900321052,0.26076206092603327,0.000116287149493241,0.015469101773728618,0.013696904082581519,0.1723885178053967,0.0001893701331158343,0.00026123868518515233,0.2685788787483703,0.0043092316899163525,0.01437242611183699,0.00022258974944684828,0.0,0.0909090909090909,0.01632631906292112,0.5686318590694981,0.011491019732017466,0.0,0.019627085377821388
0.11074918566775245,0.016140109890109892,0.012128562765312313,0.013107170393215111,0.00018250337574756488,0.005688244164610549,0.033341663337187494,0.026907200733832747,0.2552742932822396,0.000116287149493241,0.011731226460748628,0.011121744546076234,0.20186273493645596,0.0001251309714270349,0.00023181816270683207,0.23807040417209907,0.0043092316899163525,0.013131998081471313,0.0001550753794322076,0.0,0.0909090909090909,0.01497874987042604,0.5386383239013031,0.01357873198373453,0.0,0.020608439646712454
0.06514657980456026,0.011332417582417584,0.018192844147968467,0.015420200462606013,0.00010664794607415636,0.0037447240626903907,0.022469381814191572,0.02245664101649425,0.22450195155108021,0.0001744307242398615,0.011467015741428182,0.008766110093699573,0.3451497848383749,7.798063247116685e-05,0.0001944975735699668,0.1465449804432855,0.0,0.01013843176818881,0.00014282093309071027,0.0,0.13636363636363635,0.009899450606406136,0.522346285911701,0.010253165615867173,0.0,0.011776251226692819
0.0,0.0,0.0,0.0,5.530168260082093e-09,2.244004177148274e-05,0.0,1.6986869150146944e-05,0.0026307649339455397,0.0,4.508715346765301e-06,2.1580637189104126e-05,0.3371113619844496,3.2572604500306066e-09,4.470050031362733e-06,0.0005215123859191656,0.012927712483635733,3.3078080809751425e-05,1.662498444821406e-08,0.0,0.0,0.00010365916865346739,0.0,0.028181995236566927,0.0,0.0
0.013029315960912053,0.002403846153846154,0.0,0.004626060138781804,2.7144988267124433e-05,0.003395127699454659,0.0025368656886990484,0.005529225908372828,0.22000522549199208,0.0,0.005556841374376671,0.004745950567787222,0.08952793543087195,2.314089433906696e-05,0.0004053984413067256,0.16427640156453716,0.012927712483635733,0.001422357474819311,2.5894512149016667e-05,0.0,0.0,0.0032134342282574896,0.0,0.0334012694605375,0.0,0.001962708537782132
0.006514657980456027,0.0010302197802197802,0.0,0.002313030069390902,1.1139512343790245e-05,0.001827765165592434,0.0010872281522995922,0.003482308175780122,0.1975566320202533,0.0,0.0025794360498844265,0.0027131045484890537,0.1602660570759502,7.714227612246318e-06,0.00026293384738743965,0.1045632333767927,0.012927712483635733,0.0007607958586242827,8.511177007760205e-06,0.0,0.0,0.001762205867108946,0.0,0.045718742281186546,0.0,0.0029440628066732116
0.003257328990228013,0.000686813186813187,0.0,0.0015420200462606015,3.6323763718051423e-07,0.0007682334103013455,0.0007248187681997281,0.00036521768672815913,0.08264385869548896,0.0,0.0003985704366540523,0.00031042957061019346,0.19563511816375728,1.3688003699392264e-07,1.7256688003902753e-05,0.009647979139504562,0.012927712483635733,0.0003638588889072656,8.179938384689436e-07,0.0,0.0,0.0007256141805742718,0.0,0.050102916231697256,0.0,0.0098135426889107
