Node,Degree Centrality,Betweenness Centrality,Leverage Centrality,Isolating Centrality,GSM,H-GSM_1,Local-Global Centrality,PageRank Centrality,Coreness Centrality,Extended Coreness,Global Relative Change in Avg Degree,Global Relative Change in Avg Clustering,Clustering Coefficient,DIL Centrality,I-GSM Values,Clustered Local Degree,Gravity Index Centrality,Gravity Model Centrality,Local Gravity Model Centrality,Laplacian Centrality,Closeness Centrality,Semi local centrality,Eccentricity Centrality,Density Centrality,MDD Value,EHCC Value,HCC Value,P Value,Extended Degree,Eigenvector Centrality,CLC Values,Centrality Values,Constraint Coefficients,HVGc Index,PE Values,H Values,Volume Centrality,GIN Values,LGC Scores,DNC Scores,EIGSM Values,Societal Capital Scores,Improved Gravity Index Values,Extended Improved Gravity Index Values,Node H-Index,MCGM Values,GGC Values,Subgraph centrality,Second order centrality,K-Shell Value
1,0.201646091,0.000133356,-0.35497787,0,35899.44104,1.36E+59,765.5013824,0.001309471,10603,2697554,0.000298133,0.000639743,0.760782664,2749.294525,31472.33352,44917.56575,1820025,3915198,2499980,60722,0.001144165,12397804,0.5,6080.454545,95.9,133.4614261,0.502040013,76,10262.8,0.02421181,5793500.563,43669.9296,-0.019067189,96804167780,1.32945593,256.7178216,83274,66516.4388,1.78767E+12,156.542752,10492169.69,25608,3595590,661064422,93,207.6792244,291914.9522,1.99E+93,-1454.196736,90
2,0.236625514,0.000170264,-0.298633459,0,37411.17607,1.03E+61,931.4405041,0.00147809,12486,3229847,0.000706783,0.000388828,0.777574371,2666.714886,38830.44095,54139.58261,2055182.5,5020555,3502555,74254,0.001166861,14802039,0.5,7601.761364,109,159.4364442,0.684660166,124,12251.8,0.028954641,6801822.363,51245.5111,-0.01780314,1.34046E+11,1.563866213,361.5276528,83257,72000.92557,2.39461E+12,183.0796378,12548107.03,30572,4147415,786704269,102,254.9531886,365485.1794,2.84E+93,-1329.232361,95
3,0.255144033,0.000240985,-0.265478591,0,38327.78656,1.28E+62,1020.28691,0.001566696,13610,3420814,0.000923127,0.000642208,0.730133753,4111.418821,41703.08039,55587.46735,2202623.5,5568685,3983996,79758,0.001179245,15614630,0.5,8463,115.9,174.2663117,0.748413522,141,12926,0.030914107,7523824.173,55255.97661,-0.016339986,1.52165E+11,1.682839905,420.7409968,83248,74416.52074,2.63833E+12,197.5834417,13139965.55,32253,4401057.5,849846693.5,108,278.371085,441518.1009,3.24E+93,-1273.025398,98
4,0.197530864,0.000152682,-0.312555737,0,35259.77512,4.28E+58,740.6309061,0.00130894,10019,2471645,0.000250057,0.000618162,0.7625,2134.89786,28784.84772,41244.2625,1701553,3683496,2246496,56114,0.001141553,11372838,0.5,5910.545455,92.4,120.1904824,0.425436495,56,9418,0.022269631,5305414.383,42778.08289,-0.020652446,81471033599,1.288699826,223.1194285,83276,64960.77678,1.58629E+12,155.4268603,9641277.657,23497,3299798.5,608069980.5,88,190.7061391,271719.2979,1.68E+93,-1471.852309,86
5,0.191358025,0.000113495,-0.392178287,0,35309.88715,2.52E+58,722.3491696,0.00125503,10103,2682873,0.000177942,0.000500194,0.788920056,2013.545804,31001.38023,45413.52454,1706971,3706910.25,2360898,59514,0.001137656,12337542,0.5,5659.261364,90.9,130.8266794,0.495364451,74,10210.2,0.023863478,5605379.451,41442.42712,-0.019467131,92068835517,1.274427727,241.0927208,83279,65764.99244,1.75505E+12,146.7053746,10553289.88,25479,3427895.5,644197786.5,87,198.4868822,264741.0032,1.93E+93,-1496.761324,86
6,0.574074074,0.002348082,0.180878849,0,50617.72155,2.40E+80,2881.685528,0.003167188,30561,6590026,0.004649053,0.000181054,0.547123591,12713.10271,107657.0611,93785.08499,4116557.25,18480262.5,16912701,199358,0.001443001,29460708,0.5,29361.57955,216.9,371.0538298,1.712523406,383,24415,0.062024752,17046311.6,124320.4132,-0.011483403,5.1028E+11,3.676025149,1895.538432,83093,127429.006,9.61401E+12,459.6766863,24027665.74,60898,7749787.5,1787096700,162,744.9277739,2001960.498,1.30E+94,-766.8547878,117
7,0.549382716,0.002399277,0.180117952,0,49396.38584,1.34E+79,2693.009644,0.003074391,28640,6151098,0.004360594,7.96E-05,0.527245079,13798.36374,98213.59267,86533.70618,3947989.5,16893423.75,15128220,184876,0.00141844,27536637,0.5,27334.125,209.4,340.1298144,1.526429682,329,22824.2,0.057829475,16252915.26,118972.0643,-0.011722127,4.53516E+11,3.515125888,1656.236157,83105,120912.8309,8.5277E+12,440.5434057,22505920.94,56927,7402736.25,1659543319,155,682.1474508,1918521.157,1.13E+94,-790.8014447,117
8,0.28600823,0.000337676,-0.234845785,0,40357.26223,6.04E+64,1182.530158,0.001707856,15466,3974493,0.001283701,0.000780318,0.715670942,5216.789646,49660.93219,63737.17548,2601285,6765234.25,5163850,93760,0.00120048,18054803,0.5,9984.306818,130.3,204.8646129,1.031897315,228,14943.4,0.035847313,8826343.26,61940.48263,-0.014759187,2.01802E+11,1.893696077,554.4145421,83233,80074.07077,3.37028E+12,220.4336631,15231127.9,37289,5305111.75,982973112.3,119,339.0651223,556824.167,4.36E+93,-1191.28722,109
9,0.205761317,0.000214523,-0.358241695,0,36079.28711,1.97E+59,786.521492,0.001326218,10902,2839864,0.00034621,0.001086413,0.676969697,4842.122528,33051.26561,44766.70606,1840207.5,4083925,2669500,63490,0.001146789,12973678,0.5,6252.272727,96.7,140.4493169,0.547047321,88,10738,0.025332231,6592633.166,44561.97309,-0.01694838,1.04459E+11,1.373025711,276.1719854,83272,67516.49573,1.9114E+12,157.0027151,10984172.82,26795,3675532.5,689178984,93,215.8813041,362911.3171,2.18E+93,-1437.284953,90
10,0.946502058,0.009911486,0.479065131,0,61481.95098,1.84E+99,5652.593426,0.005173651,47649,8935727,0.008999972,0.003143306,0.376783177,3000.591431,209495.7739,112148.6273,5616029.25,37637545,37470220,374974,0.001953125,39587938,0.5,68278.63636,327.7,524.5359129,1.98259524,390,32858.8,0.087484685,27159891.26,204964.0236,-0.009975704,8.13333E+11,5.861097981,4168.557734,82912,211352.0531,2.21638E+13,789.0545249,31755113.91,81917,9573027.75,2582923971,171,1332.556031,5345902.19,2.60E+94,-512.1429352,117
11,0.25308642,0.000300728,-0.251468756,0,38608.74989,2.87E+62,1007.435985,0.001558035,13557,3360208,0.000899089,0.001213022,0.665067306,6512.658185,40818.66977,52459.61056,2288370,5466335.25,3875238,78264,0.001177856,15311848,0.5,8365.397727,115.2,172.3530451,0.758877353,148,12676.2,0.030493046,7873948.102,54809.17253,-0.015548297,1.48458E+11,1.666784171,413.3942254,83249,73863.51332,2.57899E+12,196.6279015,13070127.65,31629,4533058.5,842110356.3,108,278.8318371,498447.7601,3.15E+93,-1278.74808,102
12,0.574074074,0.002224367,0.187316097,0,50602.4628,2.40E+80,2874.856735,0.003164038,30537,6525008,0.004649053,0.000187572,0.542765787,12550.73702,106572.4505,92573.66107,4114451.25,18351783,16741395,198130,0.001443001,29162302,0.5,29361.57955,217.2,367.6661643,1.605158469,344,24169.4,0.061593451,16947342.9,124320.1069,-0.011617214,5.01064E+11,3.670915602,1880.879203,83093,126884.574,9.50367E+12,460.6976072,23838252.21,60284,7695909,1776889307,159,739.7250153,2009882.963,1.29E+94,-766.9117935,117
13,0.388888889,0.000831377,-0.03452864,0,44453.82266,9.76E+70,1725.441545,0.002224145,20866,4846461,0.002485612,0.00105227,0.631599685,9529.155794,66218.00696,73045.08629,3265821,10276402.5,8461341,125448,0.001277139,21757639,0.5,15830.89773,162,266.833439,1.364912689,322,18021,0.045006207,11569417.91,84217.74382,-0.01321875,2.98647E+11,2.497438131,939.0995133,83183,94311.05001,5.02578E+12,311.352883,18200640.49,44958,6361582.5,1267423297,136,470.2142468,960876.2681,6.87E+93,-990.717637,117
14,0.479423868,0.001263199,0.065396742,0,47484.59172,3.80E+75,2278.450024,0.002676474,25633,5884834,0.003543294,0.000287178,0.6194317,9537.544993,87839.56117,87977.24656,3684125.25,14336315.25,12657958,163174,0.00135318,26402323,0.5,21962.89773,191.6,327.5847589,1.654435755,390,21870.2,0.054921896,14211056.64,103824.1162,-0.01250334,4.24453E+11,3.078604472,1407.812965,83139,110903.6253,7.3669E+12,383.4199219,21858556.08,54559,7198922.25,1551414976,153,612.708429,1365255.942,1.02E+94,-866.7518886,117
15,0.355967078,0.000613512,-0.097312182,0,43230.5796,2.09E+69,1549.053356,0.00206793,18942,4655458,0.002101,0.0005654,0.689205538,6183.440534,61886.80808,73019.28781,3096990,9207060,7478271,116556,0.001251564,21008244,0.5,13830.17045,154.7,248.0428918,1.325711642,314,17394.6,0.042666244,10545607.2,77089.74912,-0.014162822,2.77363E+11,2.320026565,808.1840004,83199,90174.44895,4.58139E+12,279.8291306,17674156.01,43400,6226740,1180567662,134,433.9397666,786337.5809,6.17E+93,-1046.147578,117
16,0.932098765,0.009540495,0.471325453,0,61041.99038,3.42E+98,5532.63246,0.005098075,46957,8850110,0.008831705,0.002919964,0.381195179,4357.479579,204589.6161,111459.6885,5555306.25,36807722.25,36556194,367058,0.001926782,39219064,0.5,66482.89773,323.4,519.4327023,1.973407063,390,32551,0.086573196,26788368.35,201844.9596,-0.010021673,8.03277E+11,5.771932053,4065.217578,82919,207382.7159,2.15579E+13,777.150732,31491450.77,81151,9506630.25,2552911459,171,1307.470016,5189537.449,2.54E+94,-519.670995,117
17,0.888888889,0.009333773,0.448406154,0,59621.01936,2.20E+96,5173.098274,0.004900358,44722,8563614,0.008326902,0.002549093,0.393088855,7097.448731,189899.2438,108931.1899,5359185,34292376,33779808,343444,0.001851852,38002129,0.5,61236,310.8,499.3552402,1.943119662,390,31536.8,0.083323273,25650250.3,192487.6689,-0.010116535,7.61304E+11,5.521520743,3726.383409,82940,195615.8509,1.97048E+13,738.4345176,30526125.77,78626,9287518.5,2449173616,170,1226.525337,4762458.481,2.35E+94,-542.915417,117
18,0.374485597,0.000886727,-0.058496663,0,43409.16722,4.07E+69,1647.160306,0.002178467,19782,4748416,0.002317345,0.000825903,0.632687754,9105.507371,64450.90455,72166.43142,3062413,9818581.5,8044582,121708,0.001265823,21481593,0.5,14940.54545,158,249.0313146,1.227246327,271,17789.6,0.04344478,11410211.21,81099.54293,-0.013304799,2.85107E+11,2.445905291,859.4246341,83190,92557.54405,4.8269E+12,293.2386124,17899140.6,44383,6096152.25,1210475213,134,444.9836672,939655.0372,6.40E+93,-1014.064474,113
19,0.290123457,0.000465891,-0.194136608,0,39957.13153,3.96E+64,1195.972179,0.001760008,15218,3880337,0.001331777,0.000747872,0.700101317,5129.273417,48876.66761,61895.58865,2510053.5,6783933,5133387,92836,0.001203369,17693727,0.5,10195.26136,128.7,195.2171693,0.940957731,196,14647.4,0.03494256,8785554.625,62831.27168,-0.015302138,1.90741E+11,1.911808626,531.7558833,83231,79906.00904,3.29932E+12,225.0751039,14939064.69,36548,5099978,954627262.3,116,329.9769781,577490.7142,4.14E+93,-1181.923855,106
20,0.724279835,0.004678272,0.329498043,0,55103.15804,9.92E+87,3920.19581,0.003963937,37616,7565900,0.006403843,0.00106873,0.461149961,13424.32369,143001.8554,101343.9002,4735633.5,25616536,24414368,262974,0.001612903,33708340,0.5,43176,259.9,433.3126274,1.831055942,388,27954.8,0.072494475,21255067.2,156844.2365,-0.010682639,6.29358E+11,4.557884664,2726.952174,83020,156963.9664,1.38693E+13,592.3454042,27231239.09,69711,8514587.25,2116313097,165,965.5795255,3190202.384,1.78E+94,-645.4194511,117
21,0.985596708,0.011979001,0.505454163,0,62232.17282,1.68E+101,5955.87097,0.005420952,48829,9044775,0.009456699,0.003413221,0.355648536,2217.032527,220344.8439,111706.795,5719574.25,39528996,39470079,394722,0.002028398,40046722,0.5,73270.67045,337.4,529.7529596,1.994146435,390,33247.8,0.088803072,28061493.18,213428.1172,-0.009784219,8.23523E+11,6.085004734,4336.165206,82893,220997.5071,2.3502E+13,824.4893907,32056493.93,82880,9655308,2621953029,171,1380.328227,5818779.489,2.67E+94,-492.1405348,117
22,0.843621399,0.007249138,0.417566268,0,58573.25192,1.12E+94,4822.442283,0.004608473,43074,8323486,0.007798061,0.002042825,0.412141451,10052.44677,176463.0023,107336.8717,5214573,31876680,31164100,320530,0.001779359,36940711,0.5,55965,297.2,485.5008929,1.91665867,390,30650,0.080799717,24463269.06,182686.9312,-0.010248648,7.30424E+11,5.259986937,3480.36703,82962,184466.8961,1.80377E+13,697.5727663,29752784.97,76420,9096516,2375106539,169,1158.931528,4285924.768,2.21E+94,-568.9144158,117
23,0.547325103,0.002193161,0.167816339,0,49548.33755,1.06E+79,2689.616193,0.003042171,28879,6225362,0.004336556,0.000548001,0.534316924,15289.65105,99142.13394,87942.44316,3968961.75,16961290.5,15246322,185656,0.001416431,27855951,0.5,27168.27273,209.9,348.8102615,1.58558046,349,23086.4,0.058755886,16325522.81,118526.4495,-0.011565954,4.61813E+11,3.482347234,1696.811222,83106,121232.8828,8.65517E+12,442.2901838,22888397.26,57583,7460417.25,1685918869,154,691.2050406,1883113.683,1.17E+94,-792.7256937,117
24,0.378600823,0.000886336,-0.021575373,0,43360.62827,3.04E+69,1655.193654,0.002200628,19986,4557020,0.002365421,0.000906681,0.602637206,10283.37421,61950.29193,67788.34854,3025249.5,9663772,7782832,118636,0.001269036,20556722,0.5,15192.54545,156.1,242.6041709,1.148033557,249,17029.6,0.04206803,11252055.08,81989.13256,-0.013523628,2.63511E+11,2.458826615,840.771647,83188,91548.641,4.58092E+12,298.5447535,17121293.79,42482,5829775.5,1189695213,130,432.2554955,977283.7999,6.00E+93,-1007.515207,111
25,0.652263374,0.004159426,0.301637422,0,52258.03709,2.21E+84,3353.74663,0.0036327,33141,6665928,0.005562505,0.000605646,0.438865152,22826.82215,117409.5749,87988.04291,4342952.25,21120759,19384867,223108,0.001526718,29719264,0.5,36235.26136,237.5,376.8602455,1.624488767,346,24650.6,0.063954127,19162022.07,141248.9746,-0.010737354,5.10921E+11,4.091871179,2119.503708,83055,138243.9222,1.08232E+13,535.9655486,24195822.37,61468,7795359,1853014176,154,809.4757563,2770547.637,1.39E+94,-699.127383,117
26,0.483539095,0.001183621,0.072446806,0,47862.88154,6.15E+75,2302.079589,0.00268174,26228,5911516,0.003591371,0.000125755,0.629896345,9061.47643,88176.8197,88521.30038,3736336.5,14456612.5,12763085,164082,0.001356852,26395024,0.5,22263.57955,192.4,334.9631436,1.646587512,387,21865.4,0.05535689,14059230.61,104714.7723,-0.012755116,4.27382E+11,3.093967048,1451.900519,83137,111346.2465,7.41643E+12,388.5047377,21904323.26,54546,7197547.5,1577728853,153,620.0547758,1340083.848,1.04E+94,-862.0698656,117
27,0.549382716,0.001853375,0.15124877,0,49971.76784,1.34E+79,2721.642832,0.00302266,29545,6456929,0.004360594,5.38E-05,0.5742446,12556.94378,102541.2303,93149.62724,4027403.25,17396251.5,15798657,189898,0.00141844,28756998,0.5,27334.125,210.9,368.9490712,1.712959409,390,23828.6,0.060815017,16193931.06,118972.7971,-0.011854881,4.9985E+11,3.510356934,1796.77969,83105,123085.1353,9.05069E+12,441.4341345,23658604.57,59438,7623076.5,1748531144,163,716.0236219,1783646.563,1.25E+94,-790.8525418,117
28,0.627572016,0.003459476,0.26110782,0,51863.85274,1.24E+83,3210.523816,0.00347715,32521,6735470,0.005274047,0.000200951,0.481967213,18181.47524,115608.4785,91464.05246,4288547.25,20451851.25,18823990,216766,0.00149925,29994826,0.5,33990.17045,230,382.592392,1.702940869,374,24870.2,0.06415515,18523823.99,135904.3795,-0.011057615,5.27238E+11,3.965948099,2086.38962,83067,135420.6785,1.05971E+13,510.9863908,24496383.07,62023,7845464.25,1855595555,159,798.5558188,2484484.547,1.40E+94,-719.443665,117
29,0.360082305,0.000610126,-0.078624964,0,43554.3116,2.36E+69,1563.426726,0.002071063,19591,4535192,0.002149077,0.001028453,0.644794745,9273.006352,60155.3794,68809.98818,3127012,9130712.5,7321125,114470,0.001254705,20331716,0.5,14073.57955,153.4,251.3922264,1.247500117,290,16839,0.042103566,10669479.54,77980.06848,-0.013556238,2.66816E+11,2.325279328,824.8509566,83197,89547.16232,4.40216E+12,286.0361925,17040301.67,42010,6052358,1191773846,133,430.156856,833412.6911,6.01E+93,-1038.820443,116
30,0.676954733,0.003420405,0.282621834,0,54035.68137,3.95E+85,3589.693577,0.003685192,35937,7350753,0.005850964,0.00091594,0.500074134,12639.92999,132177.2242,100803.4818,4588301.25,23411640,22108471,242968,0.00155521,32658570,0.5,38549.07955,245.6,427.2055073,1.80999904,390,27077,0.070291023,19806955.57,146597.6707,-0.011095387,6.08805E+11,4.280107297,2526.048493,83043,147623.4579,1.25792E+13,550.6082537,26569243.63,67528,8325720,2053255669,166,907.3061354,2718827.37,1.68E+94,-680.1927482,117
31,0.405349794,0.000771407,-0.054711049,0,45190.69309,6.67E+71,1843.780678,0.002286956,22025,5356192,0.002677918,0.000475598,0.679270693,8036.282006,74417.10114,83169.23961,3367523.25,11413983,9756819,138060,0.001290323,24070019,0.5,16877.07955,171.8,290.6071993,1.550286035,372,19929,0.049140032,12203177.25,87784.49722,-0.012973677,3.58913E+11,2.643716777,1082.309207,83175,99432.22796,5.87959E+12,317.9279131,20027889.72,49724,6778863,1371143339,148,517.8498473,984762.6232,8.19E+93,-965.2373245,117
32,0.74691358,0.004851827,0.342308415,0,56002.78846,1.39E+89,4097.615413,0.004065202,39031,7793327,0.006668264,0.001286391,0.459248436,12248.05454,150374.2053,104066.3022,4859799.75,26948575.5,25887345,274762,0.001642036,34658949,0.5,45478.125,266.4,451.7098229,1.859778332,390,28743.8,0.074913026,21896077.79,161746.3157,-0.01061666,6.60843E+11,4.692654174,2923.93033,83009,162598.9899,1.4789E+13,612.0754091,28013419.92,71678,8685904.5,2194676152,167,1013.085735,3351336.109,1.90E+94,-629.873165,117
33,0.335390947,0.000394708,-0.165760133,0,42864.36962,1.89E+68,1449.336571,0.001935417,18366,4661689,0.001860618,0.000392413,0.75732788,4689.131256,60581.71425,75904.26312,3046446,8671111,7040459,113118,0.001236094,20991708,0.5,12641.76136,149.5,250.1931123,1.389286426,339,17375,0.042458751,9843384.671,72634.13163,-0.014492082,2.74513E+11,2.196560803,779.7974149,83209,88324.92839,4.45331E+12,262.196142,17741357.86,43356,6224049,1170499178,132,423.5557532,647533.0424,6.11E+93,-1084.303842,117
34,0.893004115,0.008442697,0.448205689,0,59947.81091,3.57E+96,5215.607328,0.004885248,45236,8633697,0.008374978,0.002441575,0.395259735,7227.323946,192062.4947,109894.8425,5404288.5,34636129.5,34183142,346316,0.001858736,38278657,0.5,61726.63636,311.9,506.5100319,1.949968813,390,31765.6,0.084203367,25780870.08,193379.5179,-0.010148039,7.77109E+11,5.541034737,3809.023497,82938,197112.021,2.00011E+13,742.8761745,30803643.08,79197,9337389.75,2478579057,171,1243.073805,4776003.477,2.40E+94,-540.7575372,117
35,0.456790123,0.001159144,0.035928383,0,46844.36003,2.71E+74,2138.320267,0.002554249,24626,5653396,0.003278874,0.000705423,0.606742489,12053.12906,82508.82765,83843.03657,3595761,13303128,11584404,153870,0.001333333,25360349,0.5,20343.27273,184.5,311.9062564,1.531150611,352,21006,0.052551847,13824527.95,98922.4857,-0.01214662,3.97473E+11,2.951286322,1294.141792,83150,106744.2722,6.75527E+12,362.1945637,20953343.76,52404,7011108,1488572751,151,577.4191001,1304884.993,9.36E+93,-894.4166335,117
36,0.366255144,0.000774963,-0.065272486,0,43143.29313,1.12E+69,1598.273515,0.002122386,19500,4620406,0.002221192,0.00119023,0.61270869,11023.45302,62057.4325,69186.81553,3011652,9429416.5,7636378,117664,0.001259446,20849805,0.5,14442.27273,154,245.6933149,1.203912526,268,17267.2,0.042482771,11298115.09,79317.65723,-0.013102182,2.72563E+11,2.382747763,828.4140332,83194,90866.50856,4.59496E+12,288.3144137,17472923.65,43079,5933116,1188825045,132,431.3267693,935150.6646,6.12E+93,-1027.922419,112
37,0.45473251,0.000945446,0.017269646,0,46976.60253,2.13E+74,2136.684516,0.002526415,24834,5785744,0.003254835,0.00024049,0.658700123,8268.808204,84080.21109,88395.44698,3614013,13427241.75,11777532,155646,0.001331558,25899811,0.5,20198.89773,184.7,323.1306382,1.641888974,390,21449.4,0.053745973,13403763.8,98477.73036,-0.012719005,4.1549E+11,2.936096489,1334.727504,83151,107399.8228,6.94299E+12,361.0765955,21482913.39,53513,7108539.75,1519915299,156,588.5683294,1185809.693,9.80E+93,-897.1793027,117
38,0.808641975,0.005794422,0.382503566,0,58086.87929,1.88E+92,4579.389628,0.004378575,42309,8275314,0.007389411,0.002030614,0.442825985,8873.357282,169422.8139,109031.4741,5147444.25,30426354.75,29698224,305978,0.001727116,36725899,0.5,52050.17045,285.9,484.9444027,1.91115296,390,30463,0.079956735,23586068.4,175113.3197,-0.010417489,7.25023E+11,5.06720686,3382.88951,82979,177662.453,1.71388E+13,664.4692744,29570296.34,75961,9058227.75,2357848426,170,1125.973564,3868510.173,2.17E+94,-590.1007407,117
39,0.364197531,0.000874243,-0.049486261,0,42900.93502,6.17E+68,1578.498994,0.00212367,19254,4461696,0.002197153,0.001507239,0.579930663,13287.77964,59832.72046,65467.58686,2964310.5,9182140.5,7334349,114380,0.001257862,20138295,0.5,14318.89773,152.4,236.4669247,1.147878298,253,16681,0.041121412,11276180.31,78870.93405,-0.01289694,2.52143E+11,2.365954665,791.751675,83195,89628.01214,4.36704E+12,287.0892221,16829212.88,41614,5758291.5,1156398758,127,417.3466037,969821.985,5.73E+93,-1031.47481,111
40,0.491769547,0.001466726,0.085007673,0,47809.47592,1.61E+76,2352.250449,0.002745547,26144,5952396,0.003687524,0.000261203,0.598642804,10523.87309,89977.95758,87878.9936,3728965.5,14820748.5,13138069,167302,0.001364256,26715792,0.5,22870.67045,194.6,328.0531081,1.587885532,361,22131.8,0.055458919,14681850.14,106498.0704,-0.012237641,4.35583E+11,3.164464819,1449.917982,83133,112800.3676,7.5911E+12,392.0540761,21996796.8,55210,7255345.5,1568401547,155,625.3540366,1474641.023,1.04E+94,-852.2503171,117
41,0.981481481,0.011871582,0.501604272,0,62180.67454,1.06E+101,5928.252456,0.005398825,48748,9062752,0.009408622,0.003572165,0.360278703,918.8327496,219932.5501,112339.9769,5712466.5,39430370.25,39393522,393178,0.002020202,40136632,0.5,72737.07955,336.6,530.388881,1.996341522,390,33320.6,0.088857274,27994574.7,212537.266,-0.009837753,8.28788E+11,6.065943453,4331.614376,82895,220340.7745,2.34506E+13,820.0550101,32129070,83063,9671600.25,2623241883,171,1378.71267,5767471.729,2.68E+94,-494.1976515,117
42,0.99382716,0.013114514,0.510077821,0,62347.885,4.00E+101,6022.119125,0.0054985,49011,9092386,0.009552851,0.003662651,0.353599134,541.8961134,223357.1227,112140.2739,5735544.75,40019810.25,40014618,399464,0.00204499,40262992,0.5,74343.57955,338.7,531.7904674,1.999532195,390,33428.2,0.089224217,28270916.77,215210.3344,-0.009798944,8.33119E+11,6.134669819,4372.968108,82889,223414.6349,2.38815E+13,831.6417408,32228137.38,83329,9694239.75,2632114526,171,1392.534089,5924610.289,2.70E+94,-487.9343243,117
43,0.87037037,0.008342772,0.437045705,0,59172.15782,2.54E+95,5025.956611,0.004778096,44016,8438360,0.008110558,0.002548916,0.398686879,7908.137915,183800.9855,107824.7715,5297233.5,33228659.25,32609070,333532,0.001821494,37465578,0.5,59051.76136,305.1,489.4832611,1.929769216,390,31089.8,0.081942487,25146927.26,188478.5447,-0.010138711,7.41886E+11,5.426628731,3606.780513,82949,190728.9895,1.89217E+13,719.4596631,30063812.2,77513,9190905.75,2410790145,168,1194.18464,4580714.085,2.28E+94,-553.4064074,117
44,0.967078189,0.011142658,0.492868885,0,61859.60502,2.02E+100,5812.399816,0.005314838,48243,9007253,0.009240354,0.003323115,0.36653813,2086.108806,215478.7523,112169.5493,5668152.75,38675242.5,38579010,385536,0.001992032,39892174,0.5,70884.54545,333.2,528.1821719,1.990224067,390,33115.2,0.088280203,27650450.87,209418.308,-0.009905471,8.22288E+11,5.979024126,4258.901853,82902,216545.3041,2.29087E+13,807.798009,31974339.27,82553,9627666.75,2605475654,171,1359.001041,5594924.303,2.64E+94,-501.4724064,117
45,0.417695473,0.001103058,0.010113621,0,45176.7059,2.82E+72,1890.119548,0.002390389,22003,5107127,0.002822147,0.000874047,0.604204263,10724.03182,72029.9862,75938.21719,3365592.75,11427885,9609411,136086,0.00130039,23005679,0.5,17681.76136,171.5,274.8980177,1.359986369,308,19056.6,0.04730222,12572813.65,90457.0377,-0.01278548,3.29025E+11,2.699663116,1040.790744,83169,98999.00549,5.62751E+12,331.2744508,19121333.38,47540,6586515,1328210158,141,505.29658,1137244.346,7.59E+93,-947.2903077,117
46,0.983539095,0.012520198,0.505245158,0,62106.92392,1.33E+101,5934.198223,0.005446111,48632,9020196,0.00943266,0.003332275,0.355209951,2731.467996,219308.0865,111372.509,5702287.5,39367721.5,39282518,393324,0.002024291,39939801,0.5,73003.63636,337,528.4590519,1.991495538,390,33159.2,0.088558623,27998848.8,212983.4321,-0.009795677,8.20965E+11,6.070285798,4306.782968,82894,220251.9774,2.33796E+13,823.1373129,31988098.29,82659,9636032.25,2613631103,171,1374.354427,5801442.015,2.66E+94,-493.0284501,117
47,0.927983539,0.009689503,0.470516034,0,60821.3743,2.12E+98,5493.375776,0.005084744,46610,8800727,0.008783628,0.002844808,0.380408968,5118.868068,202674.852,110805.4278,5524857,36500670.25,36201770,364392,0.001919386,39011056,0.5,65974.125,322.6,515.6308486,1.968249208,390,32378.6,0.086028546,26667247.46,200953.7068,-0.010017687,7.97332E+11,5.744763768,4009.790528,82921,205995.0506,2.1315E+13,774.055129,31322645.73,80721,9469131.75,2534343573,171,1295.616462,5157497.041,2.51E+94,-521.817387,117
48,0.917695473,0.008965229,0.460576612,0,60802.30086,6.37E+97,5423.828269,0.005002895,46580,8805671,0.008663437,0.002951588,0.389529904,4229.515658,200731.6367,111608.4314,5522224.5,36113623.5,35823166,360004,0.001901141,39035843,0.5,64710.54545,319.7,515.9683876,1.968800979,390,32396,0.085936815,26441913.18,198727.7372,-0.010040026,7.9566E+11,5.698429351,4002.936852,82926,203960.898,2.10528E+13,762.4413945,31309216.83,80767,9473753.25,2537477280,171,1288.899691,5023228.708,2.50E+94,-527.3908823,117
49,0.995884774,0.013288684,0.511553043,0,62368.23,4.88E+101,6037.397572,0.005515173,49043,9095973,0.00957689,0.003668303,0.352403196,499.7337607,223899.6443,112083.1197,5738352.75,40113799,40112468,400494,0.00204918,40278058,0.5,74613,339.1,531.9435188,1.999916035,390,33441.2,0.089269549,28315338.6,215655.8327,-0.009794335,8.33662E+11,6.145908064,4378.046474,82888,223914.387,2.39498E+13,833.616727,32240117.06,83361,9696930.75,2633053235,171,1394.544156,5951657.942,2.70E+94,-486.8973104,117
50,0.985596708,0.012242205,0.5065349,0,62144.43501,1.68E+101,5950.871158,0.005434628,48691,9026913,0.009456699,0.003381852,0.354233454,2661.455599,219913.3491,111370.805,5707464.75,39470797.5,39392481,394398,0.002028398,39967989,0.5,73270.67045,337.4,528.7362832,1.992203243,390,33183,0.088639484,28045982.78,213428.978,-0.009787179,8.21901E+11,6.082320806,4315.945095,82893,220780.9136,2.34553E+13,824.9532846,32009122.87,82718,9641092.5,2615455959,171,1377.019806,5826401.969,2.66E+94,-492.0877459,117
51,0.893004115,0.008305895,0.445730475,0,60148.71777,3.57E+96,5223.675166,0.004868508,45552,8661043,0.008374978,0.002559835,0.397856558,6868.347645,192638.0393,110430.668,5432017.5,34713273,34286000,346790,0.001858736,38393841,0.5,61726.63636,311.9,509.0640367,1.95281163,390,31860.4,0.084474745,25791384.41,193380.0609,-0.010088443,7.74609E+11,5.550547789,3847.993593,82938,197400.9218,2.00495E+13,741.0663425,30844334.7,79434,9358186.5,2493531689,171,1248.707924,4755053.077,2.42E+94,-540.8144383,117
52,0.839506173,0.006964117,0.415335508,0,58414.30661,6.91E+93,4788.983258,0.004584648,42824,8286262,0.007749984,0.001681027,0.41107819,13133.01945,175005.4082,106805.9193,5192635.5,31623774,30881928,318254,0.00177305,36785662,0.5,55497.27273,296.1,484.0511515,1.912808272,390,30521.2,0.080549905,24386506.31,181795.8302,-0.010266842,7.32772E+11,5.216748377,3449.469127,82964,183344.5544,1.78668E+13,697.3043127,29655579.71,76099,9068582.25,2362849265,170,1151.667195,4243747.405,2.20E+94,-571.3327141,117
53,0.971193416,0.011476297,0.497023718,0,61900.29502,3.26E+100,5839.133046,0.005338308,48307,8984220,0.009288431,0.003304435,0.361518946,3103.252119,215785.2307,111456.664,5673768.75,38761348,38638864,386980,0.002,39784767,0.5,71411.45455,333.7,526.6298058,1.98759716,390,33028,0.088120148,27714760.85,210310.3908,-0.009824616,8.15771E+11,6.002194184,4256.819996,82900,217142.5405,2.29355E+13,811.4602006,31865518.73,82334,9608215.5,2601738737,171,1359.216771,5650191.331,2.63E+94,-499.3858946,117
54,0.991769547,0.016036039,0.511057998,482,62202.92688,3.25E+101,5994.926511,0.005569254,48783,9038016,0.009528813,0.003407539,0.350669853,2456.545948,221532.1617,111208.753,5715537.75,39752709,39685952,397478,0.002040816,40015132,0.5,74074.63636,338.3,529.3444076,1.993402744,390,33223.6,0.088754734,28179304.62,214764.6514,-0.009749032,8.23125E+11,6.116743124,4329.722201,82890,222271.6123,2.36558E+13,830.7449481,32040517.3,82818,9649516.5,2619105051,171,1382.782965,5907778.111,2.67E+94,-488.638103,117
55,0.948559671,0.010226552,0.48276846,0,61417.1013,2.34E+99,5659.440745,0.0051999,47547,8898451,0.00902401,0.00291579,0.371753277,4687.635028,208971.496,111228.6145,5607078.75,37590631.5,37380185,375152,0.001956947,39407146,0.5,68537.07955,328.1,523.2460464,1.978145092,390,32710.6,0.087238447,27172186.45,205409.0937,-0.009933082,8.06043E+11,5.863781155,4147.926428,82911,211305.883,2.21062E+13,792.4565994,31629284.24,81546,9540355.5,2574887204,171,1329.055953,5377426.526,2.58E+94,-511.0194587,117
56,0.997942387,0.013990676,0.513217587,0,62372.68047,5.86E+101,6051.212606,0.005560925,49050,9096769,0.009600928,0.003664941,0.351001108,494.9838812,224376.0384,111975.0248,5738967,40198740,40198255,401476,0.002053388,40280974,0.5,74882.89773,339.5,531.9834085,2,390,33444.2,0.089280661,28357119.88,216101.323,-0.009788772,8.3379E+11,6.157020031,4379.216441,82887,224381.4104,2.40099E+13,835.6181291,32242892.42,83368,9697428,2633213805,171,1395.917965,5980592.424,2.70E+94,-485.7507981,117
57,0.975308642,0.012096864,0.4996197,0,61916.82533,5.23E+100,5870.73404,0.005400325,48333,9010113,0.009336507,0.003300624,0.360594464,2220.086678,217316.4811,111712.9691,5676050.25,39012096,38918244,389362,0.002008032,39903354,0.5,71940.27273,334.8,527.8255101,1.990547932,390,33126.8,0.088373953,27823080.68,211201.1968,-0.009881665,8.23882E+11,6.021693245,4271.378266,82898,218356.3782,2.31454E+13,816.0448983,31992213.09,82580,9629568,2605756379,171,1365.385975,5704223.296,2.65E+94,-497.1596445,117
58,0.989711934,0.01300911,0.508179079,0,62213.73516,2.62E+101,5986.24021,0.005494593,48800,9068720,0.009504775,0.003552399,0.354669092,1106.070437,221861.3785,111934.9524,5717029.5,39776054.5,39744549,397100,0.00203666,40157530,0.5,73806.17045,337.9,530.6619796,1.996905287,390,33340.2,0.088981782,28166712.62,214319.1775,-0.009826241,8.30451E+11,6.109425062,4342.31096,82891,222210.3652,2.3702E+13,828.2266083,32161537.6,83110,9675256.5,2623938839,171,1385.293809,5879802.101,2.68E+94,-489.8993272,117
59,0.987654321,0.012248261,0.507538276,0,62206.10579,2.10E+101,5968.409458,0.005444198,48788,9038681,0.009480737,0.003379895,0.353662143,2473.597898,220642.9484,111464.6019,5715976.5,39590520,39524640,395566,0.00203252,40018533,0.5,73538.18182,337.5,529.4133682,1.99346272,390,33225.2,0.088769438,28097497.87,213874.5004,-0.009783676,8.23324E+11,6.093999131,4330.883326,82892,221372.722,2.35455E+13,826.847715,32045638.74,82823,9650189.25,2619508955,171,1380.648558,5848742.954,2.67E+94,-491.0693168,117
60,0.967078189,0.010964847,0.492107356,0,61926.99783,2.02E+100,5816.18909,0.005298745,48349,9016381,0.009240354,0.003447998,0.367427301,1519.613547,215735.0004,112376.543,5677454.25,38709787.5,38625070,385732,0.001992032,39939802,0.5,70884.54545,333.2,528.0937395,1.991399578,390,33154.4,0.088321655,27658858.86,209418.6179,-0.00988268,8.22632E+11,5.984517268,4270.263714,82902,216673.9306,2.29262E+13,806.7647304,31982760.09,82651,9636266.25,2608544756,171,1360.512712,5591466.503,2.65E+94,-501.538572,117
61,0.967078189,0.011090509,0.49434831,0,61827.18018,2.02E+100,5807.026392,0.005309842,48192,8969397,0.009240354,0.003202758,0.363416958,3360.959911,214571.425,111440.2485,5663677.5,38552925,38415920,384842,0.001992032,39723532,0.5,70884.54545,333.2,526.0737848,1.986061798,390,32976.4,0.087979203,27619631.33,209419.228,-0.00985184,8.14397E+11,5.976576912,4239.893742,82902,216089.8614,2.27894E+13,808.0644786,31830956.56,82206,9597217.5,2597722338,171,1354.127635,5598996.748,2.62E+94,-501.493478,117
62,0.956790123,0.010507592,0.487402928,0,61640.89629,6.11E+99,5727.17307,0.00524449,47899,8938787,0.009120163,0.00307393,0.368743048,3869.672748,211660.2712,111495.0712,5637966.75,38046416.25,37877970,379606,0.001972387,39588424,0.5,69575.625,330.6,525.047034,1.98266721,390,32862.2,0.087650757,27379476.63,207191.462,-0.009897069,8.10603E+11,5.915479837,4198.38363,82907,213527.9732,2.24321E+13,799.1054471,31745102.43,81923,9572969.25,2588475406,171,1341.80032,5471810.169,2.61E+94,-506.7778624,117
63,0.965020576,0.010900257,0.492634881,0,61813.193,1.59E+100,5792.338828,0.005294685,48170,8969656,0.009216316,0.00315894,0.364942686,3461.805449,214126.07,111562.2255,5661747,38470311.25,38333246,383898,0.001988072,39722560,0.5,70621.80682,332.8,526.5157291,1.986025813,390,32975,0.087992265,27576848.61,208973.6272,-0.009865539,8.14479E+11,5.963405015,4238.587416,82903,215645.2905,2.27373E+13,806.4315286,31838873.29,82203,9597071.25,2598478638,171,1352.947348,5569384.988,2.63E+94,-502.5518447,117
64,0.561728395,0.002048298,0.170284438,0,50147.87924,5.67E+79,2796.966613,0.003104376,29822,6458261,0.004504823,0.000265009,0.563644689,10583.28293,104351.4999,93005.58608,4051710,17850036.75,16238040,193762,0.001430615,28907172,0.5,28339.26136,213.3,364.6062017,1.680840401,376,23955.8,0.060954981,16451966.95,121646.8457,-0.011925911,4.95908E+11,3.578440862,1817.799452,83099,124876.3441,9.24656E+12,453.0870509,23679468.72,59753,7650015.75,1750560847,160,724.5434921,1864033.725,1.26E+94,-778.7641219,117
65,0.434156379,0.000885418,0.000351373,0,46094.77398,1.93E+73,2005.161343,0.002438337,23447,5477854,0.003014453,0.000335704,0.649514782,8499.808897,78410.90473,83653.49267,3492303.75,12412233.25,10700654,146160,0.00131406,24646910,0.5,18781.39773,178.3,299.986305,1.526230503,357,20412.2,0.050753032,12873060,94022.01483,-0.012881828,3.76397E+11,2.809480463,1190.006333,83161,103236.682,6.3082E+12,343.7703707,20428661.56,50925,6882612.75,1430455635,151,547.9430829,1123320.768,8.73E+93,-924.3260506,117
66,0.436213992,0.000928158,0.008237715,0,46103.67492,2.45E+73,2014.507641,0.002452909,23461,5461014,0.003038491,0.000377296,0.642314227,8663.787902,78330.38351,83030.48037,3493532.25,12446043,10718084,146270,0.001315789,24570610,0.5,18921,178.1,299.1015198,1.516666974,354,20350,0.050660883,12925948.29,94467.38171,-0.01287946,3.75467E+11,2.817946719,1188.554968,83160,103326.7938,6.30214E+12,346.1832578,20375602.75,50769,6868806.75,1427776982,151,547.7958025,1141296.835,8.70E+93,-921.552705,117
67,0.24691358,0.00016678,-0.267197008,0,37639.06325,2.73E+61,979.7706978,0.001539017,12861,3334949,0.000826974,6.94E-05,0.801120448,2129.051795,40634.27789,56839.7591,2081901.25,5337780,3786960,77636,0.001173709,15337126,0.5,8075.454545,111.6,162.1667172,0.70049075,125,12695.2,0.029817614,6883697.789,53473.40778,-0.018476281,1.41048E+11,1.629082316,383.4843394,83252,73445.08458,2.55465E+12,191.6030278,13028063.47,31678,4225742.5,807106311.8,103,264.5881802,373667.1615,3.01E+93,-1297.950476,95
68,0.343621399,0.000474664,-0.119064939,0,42115.95026,3.18E+67,1481.463758,0.002004033,18278,4483120,0.001956771,0.000212086,0.707957579,5336.714084,59297.42542,71600.99762,2831166,8724539.25,7000974,111900,0.001242236,20374014,0.5,13111.39773,148.7,231.5589148,1.15614003,254,16869,0.040799732,10037245.12,74416.62793,-0.014744566,2.51706E+11,2.250197158,745.7375092,83205,88155.10784,4.29877E+12,268.4183241,16994553.34,42089,5694459.75,1128713710,127,403.6080716,721644.1511,5.64E+93,-1068.97728,109
69,0.224279835,0.000105652,-0.361557248,0,37098.211,3.19E+60,881.1262673,0.001407578,11971,3313080,0.000562554,0.00012157,0.833163439,1815.426277,39460.16696,57458.67482,2018488.75,4831288.75,3416496,74678,0.001158749,15233123,0.5,7049.079545,105.1,159.6363511,0.723432898,135,12603,0.029280431,6621412.813,48572.80169,-0.018086738,1.35898E+11,1.504985809,350.5160386,83263,71677.79495,2.45634E+12,170.2962173,13047443.66,31453,4210756.25,782395982,99,253.017689,321299.3425,2.91E+93,-1369.794031,95
70,0.300411523,0.000299017,-0.183985446,0,40307.70356,1.18E+65,1250.592099,0.001798101,15782,4006983,0.001451968,1.57E-05,0.761832782,3270.72741,51061.42729,66345.33708,2554891.5,7161190.5,5497922,96776,0.001210654,18301232,0.5,10731,131.9,200.7065897,0.948319161,193,15150.4,0.03611946,8543199.597,65059.13542,-0.016440925,2.02343E+11,1.975607002,570.0373234,83226,81570.73976,3.50105E+12,233.7082783,15392370.08,37803,5199220.5,986321525.8,117,343.434426,537843.2416,4.42E+93,-1158.47192,106
71,0.216049383,0.000111647,-0.330544409,0,36410.21023,6.17E+59,833.5231688,0.001382481,11329,2944371,0.000466401,0.000166263,0.821611722,1748.048836,34979.04956,50966.87436,1889774.25,4389105,2937795,67088,0.001153403,13597733,0.5,6690.170455,100.5,142.2769091,0.580457607,95,11254.6,0.026238872,5979227.423,46789.54715,-0.019525331,1.1177E+11,1.432893687,297.2601814,83267,69006.62637,2.0741E+12,166.6014918,11577687.63,28084,3803891,711106587,96,226.3316934,295533.881,2.33E+93,-1399.517944,91
72,0.25308642,0.000195077,-0.276238556,0,38035.59549,8.11E+61,1014.847616,0.00156461,13259,3539439,0.000899089,0.000154587,0.792349727,2468.6037,43298.63176,59936.17486,2154636.75,5644746.75,4113120,82132,0.001177856,16251777,0.5,8365.397727,115.2,171.9561113,0.792332113,152,13449.8,0.031506394,7358473.673,54810.75103,-0.017538454,1.56224E+11,1.681061985,417.7432749,83249,75108.35698,2.7909E+12,194.6995806,13818120.22,33563,4451548.25,847488526,105,280.7110308,404999.8399,3.37E+93,-1279.408956,97
73,0.281893004,0.000239606,-0.223246488,0,39423.75911,5.38E+63,1157.405735,0.001701827,14879,3835662,0.001235624,7.73E-05,0.775976814,2941.584736,48051.93978,64086.12334,2389503,6558532.5,4943645,91076,0.001197605,17537241,0.5,9775.261364,125.9,190.9137647,0.880637101,174,14516.2,0.034452312,8071584.947,61048.94696,-0.01670144,1.85834E+11,1.860864543,512.6159434,83235,79041.73052,3.21987E+12,218.2809812,14805824.63,36222,4882995,937341905,115,318.7669683,480537.3539,4.02E+93,-1202.255748,102
74,0.275720165,0.000249956,-0.203557732,0,38679.96667,7.26E+62,1118.497678,0.001685232,14315,3599340,0.00116351,5.36E-05,0.769386152,2782.795808,44936.93883,60044.11907,2231460.75,6198940.5,4547290,85960,0.001193317,16492346,0.5,9465.272727,121.7,177.3247632,0.772760562,142,13654.4,0.03241427,7640860.613,59711.52953,-0.017578927,1.63278E+11,1.807914493,464.010269,83238,77142.80378,2.93595E+12,215.4317002,13929094.01,34069,4487292.75,884469247.8,108,295.6321181,458477.9538,3.56E+93,-1218.251148,97
75,0.211934156,9.53E-05,-0.348370358,0,36162.29299,3.44E+59,817.4428949,0.001362819,11040,3001769,0.000418324,5.75E-05,0.845231296,1390.821991,35512.58898,52642.60366,1849522.5,4348042,2938487,67770,0.001150748,13865037,0.5,6513.579545,99.1,141.7261625,0.59472318,98,11473.4,0.026528243,5954451.263,45898.49787,-0.019878844,1.12139E+11,1.410801937,292.8718017,83269,69064.81864,2.12472E+12,162.8275158,11925837.94,28632,3799260,708206597.8,94,225.6073365,281881.6858,2.39E+93,-1414.70225,90
76,0.20781893,9.22E-05,-0.35293912,0,36039.58864,2.38E+59,797.4800372,0.001342576,10836,2915575,0.000370248,9.41E-05,0.845544554,1347.112413,34370.595,51151.11287,1835752.5,4202079.75,2799316,65734,0.001148106,13469919,0.5,6338.897727,97.7,138.1668006,0.572126734,93,11147,0.025808329,5782952.831,45007.18471,-0.020079872,1.0686E+11,1.381325863,279.6590507,83271,68282.81292,2.02959E+12,159.9331211,11575859.06,27817,3744427.5,691315416.8,93,219.7170707,271245.4651,2.26E+93,-1430.292082,90
77,0.216049383,0.000115364,-0.349857584,0,36413.8266,6.17E+59,837.9426439,0.001379755,11335,3090492,0.000466401,0.000158824,0.827655678,1593.053917,36643.62775,53597.8304,1890183.75,4495181.25,3079230,69782,0.001153403,14252374,0.5,6690.170455,100.5,147.3580821,0.632512321,109,11793.4,0.027340719,6229323.95,46789.96437,-0.019047871,1.19637E+11,1.442820509,309.9070514,83267,69842.17934,2.21781E+12,165.2107787,12234410.45,29431,3895823.75,730955387.8,96,233.1987185,302066.2472,2.53E+93,-1399.22556,91
78,0.255144033,0.000188144,-0.273203758,0,38158.24569,9.90E+61,1024.241449,0.001570743,13460,3537132,0.000923127,0.000155123,0.792289536,2407.803594,43297.68168,59808.70181,2169259.5,5684098,4137880,82240,0.001179245,16217758,0.5,8463,115.9,174.5700792,0.786376252,150,13422.4,0.031639334,7343512.563,55256.30517,-0.017378676,1.57405E+11,1.692238897,425.8654359,83248,75216.94805,2.78998E+12,196.4882445,13779082.9,33494,4446431.5,856457954.3,105,282.4175377,405487.229,3.39E+93,-1273.388981,97
79,0.158436214,2.72E-05,-0.49575926,0,33598.67208,3.08E+56,582.8196848,0.001088272,8393,2415023,0.00020667,7.69E-06,0.908065619,589.4755605,27346.35445,44099.21258,1411206,2938146.75,1779624,52230,0.001117318,11232380,0.5,4391.625,76.7,111.9905266,0.416613827,54,9291,0.021124485,4530059.436,34313.00211,-0.022656575,71544886833,1.068507365,177.2978003,83295,62317.05016,1.48555E+12,119.9493131,9824200.046,23189,2899989,556299596.5,76,163.7644765,168859.55,1.51E+93,-1659.768811,76
80,0.327160494,0.000490673,-0.117334035,0,41137.51503,1.99E+66,1382.900351,0.001941043,17117,4132997,0.001764465,0.000412996,0.693654964,5147.32606,53989.10794,65674.85853,2661024,7931874,6165543,102994,0.001230012,18845542,0.5,12179.76136,140.1,211.1258956,0.982422328,201,15606.2,0.037682484,9417987.49,70851.18056,-0.015309944,2.18392E+11,2.130939097,645.0110724,83213,84544.71787,3.78143E+12,257.4898428,15759819,38936,5287916,1042756479,123,366.8185727,674496.5982,4.81E+93,-1101.133609,106
81,0.265432099,0.000203727,-0.253254094,0,38666.35874,4.55E+62,1074.692388,0.0016201,14035,3647424,0.001043318,0.000111162,0.791061047,2568.371241,45016.70975,61522.94695,2256630.75,6007949.25,4431150,85470,0.00118624,16694040,0.5,8958.170455,120.3,181.9326173,0.834088773,164,13817.4,0.032742666,7568468.407,57484.02516,-0.017235897,1.67594E+11,1.752832493,459.5433176,83243,76628.52473,2.94338E+12,205.6005993,14141628.57,34479,4610751.75,889450366,108,296.3322849,427695.3715,3.64E+93,-1244.867599,99
82,0.216049383,0.00010426,-0.356153005,0,36434.31936,6.17E+59,838.8942312,0.001377239,11369,3115845,0.000466401,8.58E-05,0.841941392,1467.86303,36916.73226,54423.84231,1892504.25,4512585,3102435,70224,0.001153403,14359785,0.5,6690.170455,100.5,149.686864,0.645419629,113,11881.8,0.027592692,6187246.76,46789.93292,-0.019145147,1.2167E+11,1.442074871,313.7013101,83267,69979.26709,2.24049E+12,165.3156023,12329666.07,29652,3910907,737270490.5,96,234.7453227,293983.4096,2.58E+93,-1399.254447,91
83,0.281893004,0.00027598,-0.199753433,0,39037.04895,2.32E+63,1151.863813,0.001715141,14640,3727852,0.001235624,0.00010401,0.765027909,2869.653852,46774.4755,61982.48508,2301552,6459070.5,4811029,89140,0.001197605,17066793,0.5,9775.261364,125,184.313555,0.838256701,162,14129,0.033581807,7941536.233,61048.33349,-0.017194808,1.74908E+11,1.848828504,491.6376612,83235,78400.49355,3.10702E+12,220.3258586,14440060.82,35254,4667503.5,913091454.5,109,308.5469616,483248.2013,3.82E+93,-1202.539432,99
84,0.687242798,0.003527952,0.28635468,0,54335.77011,1.31E+86,3672.335445,0.003736193,36409,7470854,0.005971155,0.000855347,0.498714283,11892.35528,136052.8681,102615.4683,4629719.25,24085157.5,22868646,248828,0.001567398,33275799,0.5,39533.45455,248.5,433.4142398,1.825292678,390,27588,0.071511693,20208758.37,148826.0042,-0.010997393,6.2888E+11,4.333298593,2603.669223,83038,150402.686,1.30477E+13,561.0087233,27044494.36,68803,8437016.25,2084571808,166,929.4237789,2792502.342,1.73E+94,-672.3240841,117
85,0.199588477,8.14E-05,-0.367603067,0,35721.35628,9.29E+58,759.233913,0.001301837,10428,2782127,0.000274095,9.23E-05,0.848797251,1255.114665,32600.31543,48976.48797,1788143.5,3946639,2569627,62488,0.001142857,12874568,0.5,5995.261364,94.3,132.484808,0.524051533,80,10654.6,0.024659531,5509405.054,43224.73301,-0.020582929,98550701760,1.327095232,257.1495871,83275,66979.21125,1.88508E+12,153.5622602,11048070.91,26588,3621143,662620688.8,91,208.9930022,252802.3989,2.06E+93,-1462.824179,89
86,0.201646091,6.80E-05,-0.446171371,0,36264.60333,2.04E+59,781.1431186,0.001284303,10965,3199448,0.000298133,7.44E-05,0.864085841,1346.771856,37269.42136,56424.01431,1885402,4264984.5,2966362,70240,0.001144165,14710672,0.5,6080.454545,96.5,154.3537364,0.697585804,130,12166.4,0.028103126,6199616.134,43671.71315,-0.018214827,1.25411E+11,1.370718038,308.1507794,83274,69426.34956,2.27643E+12,150.5975958,12716393.04,30367,4003863,742983146,95,234.1909589,268861.4258,2.68E+93,-1453.148462,92
87,0.096707819,4.87E-06,-0.708472001,0,29965.80928,1.73E+53,335.3564833,0.000774328,5294,1718323,0.000927816,0.000231794,0.943570768,225.294954,18500.94585,32142.77336,763820.5,1562033.25,777286,35332,0.001081081,8037427,0.5,2344.125,47,77.43361389,0.247655191,19,6643.4,0.014720394,3128451.768,20945.16936,-0.028789718,33387004235,0.673410214,77.92976619,83325,54990.54747,8.77351E+11,70.31792859,7210507.818,16585,1562033.25,377563925.3,47,92.13245185,83520.02052,7.35E+92,-2158.06749,47
88,0.244855967,0.00017592,-0.249937959,0,37401.75146,1.76E+61,965.8657011,0.001538259,12596,3218713,0.000802936,5.01E-05,0.800028486,1918.919401,39216.80425,54917.06908,2041327.5,5199705,3630571,75298,0.001172333,14827314,0.5,7979.761364,110,155.3124139,0.662254963,115,12275,0.028815106,6662151.86,53027.44293,-0.019114777,1.31928E+11,1.608530354,362.9550704,83253,72625.38737,2.43562E+12,191.1833889,12621375.05,30628,4107330,780832939.5,101,255.903835,364927.0858,2.82E+93,-1304.481337,94
89,0.209876543,0.000150716,-0.34166499,0,36346.13889,4.34E+59,804.5408938,0.001348128,11100,2858712,0.000394286,0.000638777,0.763929334,2659.990106,33685.90945,47804.24888,1894717,4196611.5,2764302,64708,0.001149425,13171025,0.5,6426,99.3,139.7271837,0.559633592,91,10901.6,0.025576505,6135490.383,45452.4956,-0.018527805,1.06845E+11,1.387179236,283.8992051,83270,68043.40585,1.97316E+12,162.5326217,11286391.63,27203,3785179,695769869.8,96,220.9820865,315459.6495,2.22E+93,-1421.92709,92
90,0.25308642,0.000189959,-0.258731976,0,38064.27489,8.11E+61,1009.571082,0.001565416,13306,3391463,0.000899089,0.000239126,0.782087165,2573.40822,41536.75597,57144.40704,2158056,5517995.25,3944118,79384,0.001177856,15584007,0.5,8365.397727,114.9,166.8347635,0.729697123,134,12900.2,0.030451097,7128907.743,54810.21949,-0.017742815,1.47042E+11,1.668596646,405.1823025,83249,74223.96443,2.63305E+12,196.4713999,13215280.36,32189,4351589.75,829907449.8,105,273.4964477,400114.522,3.14E+93,-1279.45746,97
91,0.203703704,0.000129104,-0.337166713,0,35936.73353,1.62E+59,772.3482495,0.001323218,10665,2640977,0.000322172,0.000531561,0.776128633,2381.581606,30891.30393,44369.46939,1824210,3915846,2473119,59862,0.001145475,12140710,0.5,6166.125,96,130.7278806,0.482886135,71,10051.8,0.023810525,5586961.81,44115.44048,-0.01952656,94256446057,1.339587912,253.9392502,83273,66328.42631,1.74006E+12,158.4756179,10203186.11,25080,3559860,654211125.5,93,205.9317692,281295.7388,1.92E+93,-1446.261758,90
92,0.189300412,6.46E-05,-0.432451448,0,35360.34801,2.55E+58,719.2883039,0.001238823,10067,2863260,0.000153904,0.000118357,0.859292881,1228.02177,33185.39951,50673.16818,1724448.75,3795966,2507368,63064,0.001136364,13245387,0.5,5576.454545,90.8,134.3410269,0.558784776,90,10956.8,0.025088384,5608910.309,40997.52114,-0.019840013,1.00392E+11,1.278365331,252.5647579,83280,66758.90454,1.93564E+12,142.7561954,11456133.52,27346,3589663.5,664553158.5,88,206.4259942,241297.1256,2.13E+93,-1505.564399,87
93,0.259259259,0.000195627,-0.233252988,0,38044.04444,1.14E+62,1037.58517,0.0016058,13400,3425722,0.000971204,1.85E-06,0.790984127,2231.210403,42238.52978,58047.58654,2142600,5685088.5,4083786,80824,0.001182033,15751683,0.5,8659.636364,115.5,166.4399387,0.726179079,131,13040,0.030709006,7141787.461,56146.81473,-0.018377843,1.48245E+11,1.704698956,411.5006808,83246,74904.10033,2.69509E+12,202.0613036,13337943.81,32537,4331496,832796117,104,276.2630321,405465.6192,3.20E+93,-1262.405633,96
94,0.170781893,3.29E-05,-0.456384213,0,34317.99621,1.84E+57,634.7080812,0.001151125,9029,2524619,6.24E-05,4.34E-05,0.907434617,639.1528974,28871.23545,45999.69321,1542584.25,3229467.75,2001628,55204,0.001124859,11720322,0.5,4852.670455,82.1,118.2883623,0.446677505,61,9696.2,0.022185277,4729831.8,36986.51772,-0.022181477,79399216886,1.145718094,200.310863,83289,63681.28796,1.5979E+12,130.0454034,10184582.96,24199,3151649.25,589323383.8,81,177.9067072,184897.4561,1.67E+93,-1593.581943,81
95,0.33127572,0.000445454,-0.119505302,0,41239.45442,3.08E+66,1408.59795,0.001959364,17281,4256575,0.001812542,1.83E-06,0.718400621,4363.648857,55763.99731,68559.02958,2674062,8166805.5,6423417,105876,0.001233046,19389870,0.5,12409.80682,143,216.2124298,1.01639355,209,16055.4,0.038660743,9453170.082,71742.63289,-0.015718307,2.29279E+11,2.163217486,668.0962981,83211,85670.65237,3.95303E+12,259.9203308,16216450.44,40058,5376903,1063343644,123,376.3008916,663064.3025,5.07E+93,-1093.216305,106
96,0.491769547,0.001636931,0.110702263,0,47712.83718,1.61E+76,2331.471499,0.002759214,25992,5702173,0.003687524,0.000769562,0.551457403,14863.82038,86228.94461,81710.60705,3715627.5,14407756.5,12587413,162694,0.001364256,25596054,0.5,22870.67045,192.5,313.1485373,1.426915695,309,21210.2,0.053416982,14746131.78,106496.7121,-0.011944445,3.94792E+11,3.15621544,1388.414184,83133,110918.5101,7.17982E+12,393.2483005,21088980.01,52906,7053169.5,1525399250,147,604.2383684,1574999.698,9.68E+93,-852.2293721,117
97,0.427983539,0.00094621,0.00263709,0,45706.31166,9.37E+72,1962.52128,0.002421787,22836,5333623,0.002942338,0.000271733,0.639678558,8424.559086,76168.9534,81264.10902,3438688.5,12056044,10308688,142594,0.001308901,24086550,0.5,18365.45455,176.5,284.7023393,1.412364272,318,19949.2,0.049161381,12704738.51,92685.47328,-0.013029939,3.50968E+11,2.775367926,1122.649286,83164,101721.3142,6.04919E+12,338.0014886,19869457.14,49769,6781524.75,1380799805,142,529.6882946,1120402.387,8.20E+93,-932.8816181,117
98,0.405349794,0.000903804,-0.008778042,0,44392.50025,1.98E+71,1820.140657,0.002331432,21198,5000687,0.002677918,0.000342489,0.641458614,7397.597259,69982.21407,76419.74723,3210553.5,10975017.75,9171532,132118,0.001290323,22626123,0.5,16877.07955,167.9,262.7502406,1.286443732,283,18740.6,0.046058561,11913193.81,87783.31332,-0.013692655,3.14138E+11,2.619480973,976.3493663,83175,97206.08857,5.4038E+12,321.8742591,18783645.14,46753,6351025.5,1282656722,137,483.8976143,1019539.74,7.19E+93,-965.6674867,114
99,0.779835391,0.005451445,0.364225588,0,57169.44699,6.51E+90,4351.35008,0.004254582,40866,8046051,0.007052876,0.001418486,0.450475353,11664.65558,160110.0392,106592.5327,5020821,28752550.75,27851952,290996,0.001686341,35715017,0.5,48929.76136,276.4,473.8414062,1.886035409,390,29622.6,0.077886854,22762077.68,168875.7913,-0.010529119,6.9347E+11,4.880680175,3182.924177,82993,170378.3415,1.60159E+13,641.9961308,28892170.27,73867,8876117.25,2291150771,168,1075.48987,3599421.656,2.06E+94,-608.1191194,117
100,0.232510288,0.000173694,-0.322701244,0,37454.5825,8.75E+60,914.1359312,0.001451111,12432,3230603,0.000658707,0.000504263,0.767067004,3062.241649,38618.54801,53745.34292,2072904,4929738,3436895,73712,0.001164144,14781629,0.5,7415.625,108.5,161.9931344,0.689260591,126,12233.8,0.028962681,6864190.547,50354.70911,-0.017188116,1.34931E+11,1.544882595,360.064049,83259,71680.617,2.37192E+12,178.4813363,12493055.49,30528,4188096,789645297.3,103,254.6750411,365838.794,2.84E+93,-1342.141536,96
101,0.240740741,0.000166407,-0.303298288,0,37779.9217,2.46E+61,954.2720388,0.001493371,12840,3362279,0.00075486,0.000369667,0.788093133,2516.899934,40641.86723,56791.62599,2124154.5,5222236.5,3716037,77328,0.001169591,15435779,0.5,7789.806818,111.6,166.2220738,0.736223085,138,12774.6,0.030088332,7018819.163,52136.94206,-0.017446344,1.44018E+11,1.596570985,386.3341813,83255,73125.0124,2.55928E+12,185.5813694,13180320.72,31878,4329546.5,816689390,104,266.4990479,376301.1214,3.07E+93,-1316.029439,97
102,0.757201646,0.004454935,0.342681963,0,56592.15765,4.63E+89,4190.389678,0.004095234,39958,7967077,0.006788455,0.001362012,0.467805947,11004.56721,155119.7312,106887.0969,4941144,27734964,26798128,281434,0.001655629,35390859,0.5,46543.63636,269.3,468.3087928,1.877902792,390,29349.2,0.076907142,22167951.49,163974.8833,-0.010696985,6.87478E+11,4.750493831,3073.055564,83004,165874.7888,1.54054E+13,621.6956368,28681346.72,73189,8817909.75,2256574565,168,1047.127705,3376189.294,2.01E+94,-623.0239945,117
103,0.222222222,0.000208565,-0.303269638,0,36622.15188,1.35E+60,860.5306102,0.00142402,11557,2998435,0.000538516,0.000631886,0.745586708,2836.248952,35686.32088,49529.27726,1926250,4546422,3064392,68520,0.001157407,13789696,0.5,6958.636364,102.6,148.1264527,0.600616236,101,11414.4,0.026927887,6542601.952,48126.1104,-0.018250607,1.16206E+11,1.467910966,311.2055863,83264,69677.69324,2.1394E+12,172.2980666,11812306,28482,3872878,728222148.3,96,233.2172832,355590.7606,2.46E+93,-1377.225553,92
104,0.701646091,0.003781338,0.304793187,0,54671.46259,7.06E+86,3766.221444,0.003823166,36937,7527494,0.006139423,0.001261317,0.490339831,10366.76062,138680.5864,102530.9093,4676051.25,24673225.5,23459777,254216,0.001584786,33435193,0.5,40931.625,253.1,436.6908514,1.826746904,389,27723.4,0.072125869,20476322.06,151943.3899,-0.011099583,6.33613E+11,4.429393003,2664.113222,83031,152903.4168,1.33844E+13,571.8404061,27192902.26,69138,8465593.5,2104428118,168,945.7739158,2918084.483,1.76E+94,-661.8146568,117
105,0.551440329,0.001659287,0.143668783,0,50136.43517,1.71E+79,2744.68606,0.003021035,29804,6532163,0.004384632,5.63E-05,0.580999497,11523.20111,104290.7665,94957.99178,4050130.5,17640430,16096616,192216,0.001420455,29190014,0.5,27500.45455,211.6,373.7877103,1.723658958,390,24185.6,0.061696161,16327114.1,119419.1001,-0.011814797,5.11503E+11,3.518681189,1838.792375,83104,124109.6717,9.25687E+12,444.05975,24011302.67,60330,7701232.5,1771157633,163,727.4195045,1780793.243,1.29E+94,-788.6719998,117
106,0.724279835,0.004437802,0.320145506,0,55379.72287,9.92E+87,3937.552384,0.003952484,38051,7706230,0.006403843,0.000949804,0.478632479,11923.83912,145394.64,104280.5556,4773804.75,25924360,24824800,265306,0.001612903,34275009,0.5,43176,259.9,450.3144377,1.850170329,390,28421.2,0.074142346,21237829.66,156845.6049,-0.010847964,6.55379E+11,4.54677916,2821.190417,83020,158165.0505,1.42092E+13,594.4508836,27844086.1,70877,8616903.75,2164498284,168,986.7124942,3105380.361,1.86E+94,-645.440188,117
107,0.847736626,0.007660893,0.424136054,0,58379.33865,1.81E+94,4843.176078,0.004664122,42769,8302792,0.007846137,0.001836979,0.405865401,10700.58634,176806.1712,106627.8613,5187809.25,31980985,31248140,321846,0.001785714,36860515,0.5,56434.63636,298,483.8482364,1.914703483,390,30585.2,0.080682857,24563841.98,183575.9811,-0.010314478,7.35941E+11,5.265670755,3450.725108,82960,185031.4383,1.81069E+13,704.6778302,29741865.53,76257,9081978.75,2360911412,170,1157.547676,4351219.996,2.21E+94,-566.3916011,117
108,0.45473251,0.001351262,0.065661259,0,46265.79913,2.13E+74,2105.376701,0.002587477,23716,5379471,0.003254835,0.000426655,0.590621144,10341.79119,78787.76683,79399.03562,3515908.5,12867835.5,11031657,148896,0.001331558,24259564,0.5,20198.89773,182.6,288.869819,1.414226328,317,20099.4,0.050008586,13439387.86,98475.83277,-0.01284865,3.55613E+11,2.917499844,1186.00362,83151,104743.2234,6.34762E+12,364.0685576,20014400.68,50138,6812383.5,1408838501,141,549.9091046,1305199.066,8.48E+93,-897.3906367,117
109,0.29218107,0.000290029,-0.209379893,0,40128.06647,4.93E+64,1211.134634,0.001749319,15493,3978594,0.001355815,0.00029825,0.756168215,3620.481855,50238.44285,65598.15133,2531916,6932759.5,5304126,95012,0.001204819,18153487,0.5,10301.45455,129.4,200.7718406,0.949752903,195,15026.4,0.035893833,8522369.807,63276.6614,-0.016012933,2.00255E+11,1.921805409,556.103155,83230,80702.71685,3.42882E+12,227.4118346,15337561.33,37495,5175158.5,978234754,117,338.2269537,526656.4023,4.37E+93,-1177.114543,106
110,0.619341564,0.002339675,0.218263471,0,52387.73646,4.73E+82,3199.963385,0.003369708,33345,7057741,0.005177894,0.000722671,0.552535991,9639.395981,119994.5971,100298.4826,4360853.25,20835220,19445503,220108,0.001490313,31396925,0.5,33257.07955,229,410.6958465,1.778524134,390,26021.8,0.067144492,18068570.04,134121.5881,-0.011660832,5.80779E+11,3.927197621,2238.933086,83071,136992.9927,1.11217E+13,502.4145583,25700069.07,64904,8098740,1946618755,166,832.1041572,2196884.989,1.53E+94,-726.6244809,117
111,0.676954733,0.0029643,0.267783331,0,54312.88198,3.95E+85,3613.406793,0.003658777,36373,7521836,0.005850964,0.000942279,0.521276596,10607.89585,135362.0214,104703.383,4626560.25,23813102.25,22643754,246222,0.00155521,33449296,0.5,38549.07955,245.6,440.8406536,1.829514922,390,27727.8,0.07200236,19860923.23,146598.505,-0.011182415,6.33581E+11,4.277768608,2618.941827,83043,149222.1012,1.29768E+13,551.1605392,27246107.35,69155,8468489.25,2100547328,168,929.7201695,2643382.846,1.76E+94,-680.1529724,117
112,0.718106996,0.003911913,0.310563775,0,55298.34287,4.82E+87,3900.625982,0.003898509,37923,7722068,0.006331729,0.001212242,0.489427922,10603.21763,144791.3751,105253.403,4762572.75,25740844,24662783,263484,0.001605136,34344025,0.5,42558.17045,258.1,451.1305295,1.851837636,390,28476.2,0.074150513,21052096.19,155509.544,-0.010929077,6.57192E+11,4.521769143,2812.009914,83023,157342.1683,1.41231E+13,587.0798948,27873780.88,71016,8629452,2164334428,169,983.4539936,3027315.119,1.86E+94,-649.8619119,117
113,0.925925926,0.009491365,0.469097639,0,60783.22743,1.67E+98,5477.056679,0.005075323,46550,8797938,0.00875959,0.002742747,0.381687701,5430.579103,202101.0159,110821.0254,5519592,36398587.5,36093150,363364,0.001915709,38980438,0.5,65720.45455,322.2,516.933332,1.967481528,390,32352.8,0.08607536,26612265.79,200508.0569,-0.010057091,7.94625E+11,5.730902347,4006.808005,82922,205494.3951,2.12618E+13,772.585695,31340048.29,80657,9463632.75,2535288433,171,1294.351748,5130733.538,2.51E+94,-522.8954954,117
114,0.962962963,0.010939377,0.491460186,0,61696.20925,1.25E+100,5775.145756,0.005292142,47986,8972145,0.009192278,0.003166264,0.366743535,3019.619906,213751.9489,111743.5847,5645601,38397177,38263212,383010,0.001984127,39734710,0.5,70359.54545,332.4,526.3662395,1.986313694,390,32984.4,0.087966297,27535651.36,208527.9596,-0.009928572,8.1911E+11,5.949927321,4221.150735,82904,215236.9269,2.27069E+13,805.0209322,31881717.16,82227,9599294.25,2593720580,171,1350.377845,5552616.125,2.62E+94,-503.5660923,117
115,0.864197531,0.007455039,0.427235268,0,59338.09672,1.23E+95,4995.302164,0.004705372,44277,8507905,0.008038443,0.002348287,0.410046596,7957.389671,183977.1302,109480.2479,5320136.25,33167505,32610060,332106,0.001811594,37734343,0.5,58332.27273,303.3,498.4928269,1.936366472,390,31309.2,0.082743828,25041239.32,187142.5145,-0.010220111,7.55105E+11,5.38366416,3663.648456,82952,190216.2314,1.89783E+13,715.3195828,30372023.88,78063,9239519.25,2437403636,170,1202.519073,4464214.463,2.32E+94,-557.0299365,117
116,0.298353909,0.00034731,-0.179825813,0,40328.83734,9.46E+64,1236.383875,0.001782097,15816,3909681,0.00142793,0.000598592,0.720689655,4553.822134,49522.57179,62956.5931,2557594.5,6995923.75,5305260,94346,0.00120919,17781702,0.5,10622.89773,131.2,201.4410038,0.932920397,192,14722.2,0.035603197,8649316.46,64612.86629,-0.015614923,1.97187E+11,1.947311527,563.1001563,83227,80684.21693,3.36041E+12,234.3029037,14994622.49,36733,5114261.5,981068110.5,118,338.2331218,562725.2768,4.30E+93,-1162.795162,106
117,0.191358025,0.000147626,-0.382163034,0,35288.41056,2.51E+58,720.4429439,0.001260867,10067,2610880,0.000177942,0.000807767,0.731884058,2936.350767,30175.48326,42779.26812,1704649,3659131.5,2297193,58144,0.001137656,12004619,0.5,5659.261364,90.9,129.5345339,0.464070946,65,9936.2,0.023397599,5774244.552,41442.34654,-0.018760425,89362973393,1.271807167,235.5436255,83279,65350.42455,1.6878E+12,146.9739881,10199101.45,24794,3383713,635241480.3,87,195.5894548,290640.2374,1.86E+93,-1496.587033,86
118,0.117283951,2.65E-05,-0.62454561,0,31119.88871,1.29E+54,414.0911854,0.000878959,6364,1900193,0.000687434,0.00014557,0.862155388,676.091011,20639.41533,33714.32331,954898,1961227.5,1031985,39516,0.001092896,8798982,0.5,2978.897727,56.7,90.47548214,0.28452004,26,7276.2,0.016566609,3715378.824,25401.14681,-0.025009541,43376136430,0.804201734,105.4298977,83315,57006.55441,1.00968E+12,86.75104517,7707162.896,18162,1926820,435456311,56,112.3956451,121645.5419,9.31E+92,-1949.494898,56
119,0.444444444,0.001029977,0.02875554,0,46412.02881,6.40E+73,2056.340029,0.002494806,23946,5422641,0.003134644,0.000646139,0.612833764,10824.14869,78257.75048,80793.29457,3536091,12605652,10820304,147060,0.001322751,24345587,0.5,19484.18182,179.1,301.6133646,1.475263829,340,20167.2,0.050628665,13190763.33,96249.21523,-0.012527765,3.71763E+11,2.857561642,1212.354009,83156,103815.1288,6.28476E+12,354.6146912,20109300.15,50310,6828061.5,1439760953,151,551.6180954,1210465.183,8.69E+93,-910.5628136,117
120,0.21399177,0.000162191,-0.31034808,0,36233.26903,4.12E+59,818.7734674,0.001376281,11158,2763777,0.000442363,0.000660728,0.748132935,3001.988497,32628.28957,45680.46173,1857487.5,4203186,2717624,63182,0.001152074,12699607,0.5,6601.636364,99.5,137.0611235,0.517253192,79,10514.8,0.02493104,6010080.321,46343.23929,-0.018864108,1.01643E+11,1.402524748,278.1805467,83268,67721.71826,1.88108E+12,167.3252486,10732932.57,26235,3637372.5,684165586,95,216.112793,320282.7411,2.11E+93,-1407.05827,90
121,0.211934156,0.000135664,-0.351473713,0,36362.5947,4.23E+59,815.3882843,0.001353807,11250,2911416,0.000418324,0.000568175,0.767942128,2788.79238,34251.11901,48625.4803,1884382.5,4268860.75,2832912,65720,0.001150748,13366885,0.5,6513.579545,99.4,143.9772728,0.577300089,96,11063.4,0.026064446,6201791.807,45898.30502,-0.018282747,1.10696E+11,1.404163219,293.2250208,83269,68431.61018,2.00922E+12,163.4703591,11320652.01,27607,3771517.75,709605925.5,97,223.633095,315790.9436,2.30E+93,-1414.136767,91
122,0.160493827,2.49E-05,-0.526736508,0,33774.00609,3.60E+56,595.09022,0.00108779,8693,2571581,0.000182631,7.01E-05,0.914751915,623.4827751,29051.01785,46953.54645,1428306,3058770,1912716,55206,0.001118568,11917634,0.5,4467.272727,77.4,120.9932699,0.469436222,68,9855.6,0.022442926,4774394.871,34759.17799,-0.021469983,79772562402,1.094027401,195.0963533,83294,63272.01694,1.61289E+12,119.6655342,10384927.05,24600,2980340,590081479.8,76,171.6298504,174037.4585,1.71E+93,-1647.536393,76
123,0.218106996,9.17E-05,-0.384165081,0,36952.9709,1.78E+60,853.2800236,0.00137339,11732,3261647,0.000490439,0.000108373,0.844025157,1655.202838,38656.89446,56963.78113,2001460,4662383.5,3274446,73124,0.001154734,15012965,0.5,6779.181818,103,158.2994097,0.710270866,132,12420,0.028848733,6455219.342,47236.11251,-0.018142754,1.32744E+11,1.46769212,338.4533325,83266,70957.89344,2.38618E+12,165.019422,12848794.62,30997,4178551.25,771225857.5,99,247.9987248,303610.8945,2.82E+93,-1391.241978,95
124,0.195473251,7.11E-05,-0.440895715,0,35854.93064,7.84E+58,750.2016689,0.001261219,10529,3038495,0.000226019,0.000142862,0.853975364,1391.860542,35289.95465,53437.13191,1815030,4031467.5,2738185,66766,0.001140251,14007917,0.5,5826.306818,93.8,144.992819,0.639179394,114,11586.2,0.026666541,5963438.867,42334.62806,-0.018842051,1.12879E+11,1.324861222,280.7720055,83277,68123.07653,2.10862E+12,146.640514,12105989.12,28918,3819285,705514054.5,91,221.0239932,259176.5129,2.41E+93,-1478.680295,90
125,0.185185185,4.84E-05,-0.448284057,0,35106.48008,1.23E+58,701.5344795,0.00121526,9882,2832034,0.000105827,1.48E-05,0.883146067,950.1197642,32669.54715,50726.30562,1673055,3692092.5,2424330,62064,0.001133787,13091324,0.5,5412.272727,88.5,133.7306368,0.552394266,89,10828.8,0.024848329,5413001.004,40106.19736,-0.020311637,97908125041,1.249370063,245.5511906,83282,66295.83291,1.89526E+12,139.8971999,11345994.51,27027,3486976.25,656950220,85,201.6011929,223196.4601,2.09E+93,-1523.891419,85
126,0.277777778,0.000215542,-0.242133625,0,39752.00959,1.07E+64,1138.538469,0.001671086,14888,3820686,0.001187548,0.000191517,0.780099502,3166.70749,47596.10186,63884.21095,2483818.5,6442908.75,4844880,90136,0.001194743,17441502,0.5,9568.125,125.7,193.9246689,0.909019325,186,14436.2,0.034437159,7994493.851,60157.74309,-0.01644178,1.86678E+11,1.834034654,512.7004182,83237,78589.14406,3.17757E+12,215.0222967,14730128.39,36023,5058876.5,941657119.8,116,321.6313006,466621.9324,4.02E+93,-1212.310607,106
127,0.716049383,0.003975277,0.312139922,0,55223.32069,3.79E+87,3879.515685,0.003890165,37805,7666080,0.006307691,0.001127399,0.484862036,11379.89896,143370.865,104111.1016,4752218.25,25523103,24400020,261682,0.001602564,34075744,0.5,42353.18182,257.7,446.9108061,1.845204395,390,28254.8,0.073585442,20983234.79,155062.9978,-0.010878293,6.48356E+11,4.509432146,2781.897641,83024,156456.4788,1.39445E+13,585.2647921,27647117.7,70463,8581043.25,2150683616,168,974.8833549,3030120.532,1.84E+94,-651.3229407,117
128,0.927983539,0.009572143,0.469052802,0,60943.44429,2.12E+98,5498.759756,0.005074597,46802,8826752,0.008783628,0.002940819,0.382478443,4800.515206,203187.8562,111253.5702,5541705,36569673.25,36293774,364800,0.001919386,39110206,0.5,65974.125,322.6,517.5834978,1.97069619,390,32460.2,0.086278267,26679754.33,200954.1376,-0.010005002,7.99931E+11,5.752854182,4037.995471,82921,206252.5586,2.13766E+13,772.619001,31396007.11,80925,9487032.75,2544772082,171,1300.229603,5150489.737,2.52E+94,-521.8461527,117
129,0.358024691,0.000575251,-0.10358913,0,42996.68453,9.09E+68,1564.246729,0.002079843,18989,4710673,0.002125039,0.000324885,0.699289084,5536.720989,63084.75784,74733.03462,3021684,9358372.5,7652346,118408,0.001253133,21373708,0.5,13951.63636,154.8,245.2593151,1.2501285,281,17696,0.04293904,10621417.53,77535.57246,-0.014308703,2.81375E+11,2.33886104,815.369431,83198,90896.56067,4.6897E+12,280.720454,17864997.78,44153,6131347.5,1183585262,135,434.1742472,786737.6759,6.25E+93,-1042.558455,114
130,0.236625514,0.000159732,-0.324287354,0,37612.30011,1.30E+61,936.4570647,0.001467651,12691,3355934,0.000706783,0.000436378,0.783981693,2755.632064,40332.77363,56459.45263,2091552,5123278.75,3639520,76636,0.001166861,15380863,0.5,7601.761364,109.6,167.0642178,0.732279556,137,12728.2,0.03004042,7022662.228,51245.73655,-0.017213129,1.43978E+11,1.569452693,381.2429702,83257,72755.03766,2.52718E+12,182.3281269,13084394.47,31763,4276824,813904574,104,263.4965031,369914.008,3.06E+93,-1328.832402,96
131,0.131687243,8.42E-05,-0.51443934,0,31976.16134,7.13E+54,465.7394537,0.000963938,7084,1791273,0.000519167,0.000988441,0.67906746,2800.713314,19573.86976,28382.95635,1108170,2144320,1081856,37968,0.001101322,8215305,0.5,3451.636364,63.7,90.44997619,0.254813382,20,6800,0.016084446,4165896.163,28518.66334,-0.022418284,42925601148,0.879277305,113.9422158,83308,57143.04006,9.38121E+11,100.4798802,7064048.081,16968,2110815,444262936.3,63,119.6602591,186137.8422,8.77E+92,-1833.748734,63
132,0.16255144,9.81E-05,-0.408395537,0,33775.08339,5.62E+56,589.3296445,0.001122004,8460,2013296,0.000158593,0.000929676,0.726712106,2522.814051,22672.04264,32852.42454,1452223.5,2772327.25,1503054,44372,0.001119821,9246588,0.5,4543.397727,78.7,101.1106689,0.308651847,31,7657.8,0.018325119,4470688.896,35202.72911,-0.021427275,56995291377,1.057996579,155.0305052,83293,60169.51704,1.13965E+12,128.130927,7730423.484,19105,2737234.5,508781582,78,151.5056748,214163.8851,1.14E+93,-1637.487919,78
133,0.551440329,0.001699182,0.14461187,0,50049.33315,1.71E+79,2744.207838,0.003029194,29667,6545427,0.004384632,0.000149726,0.589636089,10033.07946,104451.3789,95624.55895,4038108.75,17659123,16121540,192402,0.001420455,29235211,0.5,27500.45455,211.3,374.0965288,1.724774494,390,24222.8,0.061754134,16211773.7,119419.2025,-0.012006976,5.13894E+11,3.520955463,1832.059901,83104,124190.2928,9.28038E+12,443.7184839,24072193.8,60423,7709393.25,1768609635,163,727.4884436,1756119.616,1.29E+94,-788.7325835,117
134,0.617283951,0.002692788,0.225810466,0,51793.9168,3.72E+82,3173.813582,0.003396507,32411,6924969,0.005153856,0.000606877,0.534202899,10560.04034,118095.9644,97739.46406,4278894.75,20564475,19112100,217714,0.001488095,30961481,0.5,33075,228.6,392.621897,1.76776461,390,25662.8,0.065671914,18147648.35,133676.9832,-0.01156898,5.62273E+11,3.913918493,2128.492417,83072,135883.4184,1.08737E+13,500.7950685,25264407.3,64007,8020145.25,1886990089,166,811.5569359,2259010.43,1.46E+94,-728.249093,117
135,0.557613169,0.001636997,0.14388781,0,50444.78906,3.51E+79,2792.189826,0.003045634,30289,6651980,0.004456747,0.000280195,0.592729261,10132.29488,106735.4198,97312.57237,4092689.25,18048261.25,16557558,195908,0.001426534,29693508,0.5,28002.30682,212.8,381.2652092,1.736121773,390,24601.8,0.062732437,16415059.5,120756.4779,-0.011877602,5.27824E+11,3.56896233,1900.102783,83101,125777.6018,9.53323E+12,447.0413219,24372711.83,61369,7792053.75,1803182986,166,743.3973465,1780595.939,1.33E+94,-782.66376,117
136,0.495884774,0.001251644,0.077311249,0,48236.7209,2.60E+76,2387.207158,0.00274486,26816,6083643,0.0037356,0.000231233,0.616286307,10150.77389,92107.904,90589.61494,3787933.5,15139318.75,13507568,170418,0.001367989,27239213,0.5,23177.07955,195.1,343.2200053,1.654674302,382,22563.8,0.05697335,14707701.71,107388.9981,-0.012263022,4.53753E+11,3.185057072,1527.797361,83131,114146.2161,7.84671E+12,396.2335249,22499537,56289,7349793.75,1620172885,159,643.8292259,1443314.736,1.10E+94,-847.5589992,117
137,0.277777778,0.000342307,-0.214783188,0,39306.00816,3.54E+63,1131.189562,0.001683191,14688,3670214,0.001187548,0.000792982,0.70525152,4879.923648,45604.95868,58614.6105,2374891.5,6289515,4640355,87106,0.001194743,16705209,0.5,9568.125,124.8,186.9871724,0.844693038,168,13830.2,0.033265247,8252111.168,60157.25477,-0.01564116,1.7277E+11,1.822463696,488.5999467,83237,77589.66827,2.99233E+12,216.6499999,14066871.57,34508,4752078,913988693.3,111,307.917115,523227.8127,3.75E+93,-1212.195232,102
138,0.372427984,0.000546005,-0.098867947,0,44203.32486,1.43E+70,1649.782486,0.002117726,20472,4922324,0.002293306,0.000807155,0.673296501,8612.400839,66330.86381,76292.28066,3231247.5,9953778.25,8252514,124130,0.001264223,22158594,0.5,14815.26136,158.8,269.9376646,1.38240492,325,18346.2,0.045391629,11301425.99,80654.68265,-0.013101443,3.1377E+11,2.426789237,929.2574239,83191,93378.43324,5.02934E+12,292.4704043,18545223.98,45775,6434210.25,1274192237,145,467.0865542,866575.0331,6.99E+93,-1017.26965,117
139,0.329218107,0.00052056,-0.12596287,0,41734.3686,9.22E+66,1397.405091,0.001939099,17532,4229633,0.001788503,0.000815741,0.666116352,6847.153591,55039.48447,65738.28679,2795567.5,8063200,6312960,104672,0.001231527,19175527,0.5,12294.54545,143.5,223.4280566,1.093143037,241,15878.4,0.038814381,9850463.189,71297.07797,-0.014342533,2.31093E+11,2.150081413,680.4937338,83212,85189.35059,3.88943E+12,258.1342608,16088322.19,39616,5543450,1079364176,124,381.3388493,722693.3479,5.11E+93,-1096.560885,110
140,0.226337449,0.000122425,-0.374008922,0,37777.73833,1.50E+61,893.2274566,0.00140882,12334,3398345,0.000586592,0.000284021,0.819849875,2058.497131,40395.25998,58286.15179,2173318,4932015,3523080,76266,0.001160093,15565528,0.5,7140,107.6,168.4444968,0.803444352,163,12877.2,0.030196752,6856580.518,49018.74557,-0.017122247,1.45612E+11,1.525318262,372.4467331,83262,72253.17008,2.53873E+12,170.7857698,13327985.26,32138,4528486.5,812174315,103,266.2001522,336733.4787,3.09E+93,-1362.154402,101
141,0.487654321,0.001466983,0.092984128,0,47538.63312,9.94E+75,2316.891937,0.002737102,25718,5825617,0.003639447,0.000339639,0.590824573,10210.44162,87625.70809,85502.04831,3691584,14479278,12738039,163900,0.001360544,26120933,0.5,22566.17045,193.2,323.1482497,1.547538624,351,21641,0.054537699,14467611.35,105605.9767,-0.012488986,4.19297E+11,3.121285043,1402.600554,83135,111344.059,7.35219E+12,391.761642,21635939.86,53984,7147998,1540776844,152,612.1803474,1461070.409,1.01E+94,-857.1189526,117
142,0.37037037,0.000639597,-0.083906359,0,43797.69644,1.12E+70,1632.541316,0.002131206,19834,4842424,0.002269268,0.000668487,0.669584109,7367.594518,65311.15635,75099.56282,3175263,9816075,8096580,122542,0.001262626,21860675,0.5,14690.45455,159,258.8389944,1.336578445,310,18100.4,0.044458969,11190948.16,80209.08791,-0.013576395,2.99447E+11,2.415748631,881.7991975,83192,92744.05381,4.92949E+12,290.8170718,18325404.42,45161,6380448.75,1233487519,138,456.8479179,871475.1185,6.70E+93,-1020.903379,117
143,0.360082305,0.000551556,-0.107710195,0,43247.5396,1.15E+69,1577.566817,0.002075069,19386,4748743,0.002149077,0.000459717,0.692807882,6295.100622,63593.94967,74898.28473,3055627.5,9447025,7742875,119290,0.001254705,21502985,0.5,14073.57955,156.1,249.4949487,1.255895271,282,17803,0.04334835,10755141.09,77981.57165,-0.013834708,2.8527E+11,2.358420552,840.351114,83197,91273.18975,4.73502E+12,281.0256206,17928469.39,44420,6154062,1203057827,136,439.3425575,801471.3603,6.37E+93,-1038.680205,114
144,0.335390947,0.000317449,-0.196005985,0,42945.74961,1.89E+68,1460.116107,0.001923765,18494,4825458,0.001860618,0.000260471,0.768234492,4345.689021,62925.95195,79353.0593,3057678,8876980,7314951,116486,0.001236094,21810126,0.5,12641.76136,152.2,254.2882424,1.424870638,345,18048.6,0.04367399,10116217.86,72635.38182,-0.014011238,2.95873E+11,2.222456891,807.7067763,83209,89501.64379,4.68292E+12,258.0288391,18326861,45040,6371820,1195918393,140,434.7583738,654761.8508,6.47E+93,-1083.986802,117
145,0.121399177,4.17E-05,-0.531781462,0,31275.49821,2.32E+54,424.1578671,0.000915625,6302,1616650,0.000639358,0.000550391,0.801870251,1084.777945,17699.74728,27775.82992,1003265.5,1910980.5,909485,34370,0.00109529,7491653,0.5,3111.579545,59,77.57037331,0.226636427,16,6201.4,0.01443731,3359926.894,26291.06622,-0.026041402,34699823914,0.801012665,90.983929,83313,55721.7921,8.19237E+11,94.29127216,6419049.096,15474,1910980.5,391571835,59,106.3252118,128836.919,7.07E+92,-1915.678875,59
146,0.104938272,1.72E-05,-0.667185988,0,30477.22444,3.84E+53,365.1384988,0.000814813,5774,1687297,0.000831663,0.000103141,0.856470588,643.2282079,18163.52585,29879.89412,847135.5,1677976.5,820845,34842,0.001085776,7822125,0.5,2592.306818,51,80.8520613,0.239825279,18,6468.6,0.014747444,3321729.791,22727.34239,-0.026559738,34751052190,0.7189686,85.15174084,83321,55195.90019,8.47894E+11,77.61767134,6805661.732,16146,1677976.5,391096897.5,51,97.38184283,103839.768,7.37E+92,-2067.386799,51
147,0.304526749,0.000518598,-0.150244449,0,40606.68432,1.82E+65,1261.499256,0.001815439,16263,3840729,0.001500045,0.001402442,0.615738187,10200.03149,48814.83332,57903.20941,2593131,7057195,5303876,93726,0.001213592,17416716,0.5,10948.63636,132.7,202.5345914,0.91369172,188,14423.6,0.035216479,9409240.587,65948.84036,-0.01399688,1.94736E+11,1.988763349,572.7255976,83224,80671.89292,3.29463E+12,238.6300853,14641570.99,35985,5054477.5,987559043.5,119,338.103331,698064.3405,4.21E+93,-1148.468489,106
148,0.940329218,0.010127859,0.478735403,0,61113.19788,8.95E+98,5589.55498,0.005162864,47069,8855938,0.008927857,0.00287285,0.374870436,4887.558061,206294.725,110958.9186,5565134.25,37134677.5,36882185,370716,0.001941748,39222467,0.5,67506.17045,325.9,519.9313072,1.973539008,390,32556.2,0.08671701,26960673.95,203626.9108,-0.010005544,8.05354E+11,5.816210973,4081.682927,82915,209096.9129,2.1787E+13,785.1900118,31520638.22,81162,9507127.5,2555142551,171,1314.365496,5299767.136,2.55E+94,-515.2749718,117
149,0.244855967,0.000102669,-0.371804843,0,39275.90675,6.87E+62,989.0480279,0.001475845,13737,3793642,0.000802936,0.00027324,0.833784361,2360.303474,45455.02108,64941.63937,2459939.25,5637476.25,4214266,85108,0.001172333,17211134,0.5,7979.761364,116.6,196.7802236,1.072372539,252,14237,0.033929211,7476555.107,53029.08843,-0.015910639,1.83066E+11,1.642683604,466.0855687,83253,75756.72758,2.99744E+12,185.6983868,14758753.18,35533,5163738.75,917719404.3,114,308.2212418,369701.4645,3.90E+93,-1302.532674,109
150,0.242798354,0.00013292,-0.356062808,0,38978.53396,3.38E+62,974.5961411,0.001475067,13516,3652240,0.000778898,0.000503534,0.792988556,3151.835456,43758.78684,61232.35217,2397121,5478356.5,4029818,82344,0.00117096,16597317,0.5,7884.545455,115.9,190.2494405,0.949518539,210,13731.2,0.032801081,7510127.929,52583.16697,-0.015827568,1.73657E+11,1.622422463,443.339408,83254,74797.32408,2.8403E+12,185.1341213,14220836.17,34269,4967662.25,892226782.3,112,296.9088614,388771.7309,3.65E+93,-1308.87972,107
151,0.522633745,0.002048353,0.153390134,0,48369.59917,5.91E+77,2520.287115,0.002947188,27025,5944704,0.004048097,0.0003135,0.546543836,12350.5329,92560.80188,84801.63817,3806273.25,15723679.5,13927582,174436,0.001392758,26648723,0.5,25215.27273,202.4,330.3866875,1.558205017,350,22085.6,0.055994514,15428206.05,113180.1489,-0.012200085,4.30377E+11,3.324006827,1513.251747,83118,116199.8954,7.91525E+12,422.9962199,21995674.17,55087,7242797.25,1588575204,150,645.3828514,1719187.647,1.06E+94,-818.2927099,117
152,0.170781893,0.000113659,-0.444175149,0,34045.62209,1.10E+57,633.8552656,0.001163779,8921,2502651,6.24E-05,0.000564201,0.787834264,1744.327123,28588.93248,42688.11872,1479192,3214590,1981791,54726,0.001124859,11604161,0.5,4852.670455,81.5,118.4924167,0.43611839,58,9600.6,0.022036165,5277906.257,36986.67638,-0.020332378,77817590263,1.148882616,196.5846268,83289,63539.58294,1.57461E+12,129.516533,10043597.81,23960,3020940,584067355.5,78,174.0869927,233822.3006,1.65E+93,-1593.204019,78
153,0.222222222,0.00021015,-0.337166308,0,37169.5947,3.28E+60,865.2105825,0.001403077,11964,3121187,0.000538516,0.000886291,0.717030114,4251.751213,36889.93503,50381.09761,2039208,4624830,3168936,70456,0.001157407,14260141,0.5,6958.636364,104.4,158.3735994,0.668637662,123,11801.6,0.028040118,6961800.884,48125.73182,-0.016684513,1.27326E+11,1.479735046,335.4719727,83264,70281.86035,2.23801E+12,170.2266614,12222020.63,29450,4110960,765066856.3,101,244.7459663,382081.4579,2.67E+93,-1376.557861,96
154,0.602880658,0.003052638,0.234621402,0,51037.97294,6.93E+81,3046.861035,0.003353565,31222,6564748,0.004985588,0.000234483,0.496470148,16949.4621,110420.4166,90404.75459,4174560,19361073.75,17700716,206966,0.001472754,29360119,0.5,31813.80682,224.6,369.1695683,1.666618625,366,24340.6,0.062351843,17870782.36,130556.5033,-0.011271266,5.07774E+11,3.815448995,1946.749256,83079,130943.7505,9.9747E+12,490.2773934,23999491.98,60705,7731213.75,1794248246,156,762.8303462,2298765.3,1.32E+94,-740.6023968,117
155,0.448559671,0.001521588,0.07874267,0,45479.96011,2.70E+73,2055.552465,0.002584516,22919,5175342,0.003182721,0.000721958,0.568215448,11448.12876,75484.60242,75443.70879,3357699,12397551,10487544,143958,0.00132626,23380380,0.5,19768.63636,179,275.1442458,1.287363165,276,19374,0.048167922,13245816.42,97139.64102,-0.012921687,3.33901E+11,2.870658127,1103.960602,83154,102687.1255,5.99956E+12,360.4669749,19317357.29,48326,6483123,1351801810,139,523.6404977,1318849.052,7.87E+93,-905.3489237,114
156,0.135802469,2.57E-05,-0.618903839,0,32449.72554,1.41E+55,493.2345506,0.000957366,7569,2357659,0.00047109,8.85E-05,0.867132867,892.7421597,25980.52887,41917.13287,1184898,2485824,1481700,49322,0.001103753,10910646,0.5,3591,66,111.0525292,0.395720673,49,9019.6,0.020415442,4584156.607,29412.36853,-0.021657932,65109084342,0.943471913,154.5244789,83306,60552.51393,1.38993E+12,98.73415861,9654506.169,22516,2485824,532642087.3,66,144.5993822,156921.6837,1.41E+93,-1802.067414,66
157,0.21399177,0.000114803,-0.393833093,0,37035.01713,1.49E+60,833.6518174,0.001344238,11743,3221369,0.000442363,0.000536077,0.801904406,2412.496427,37705.50621,54504.00448,2023296,4524312,3145792,71416,0.001152074,14700466,0.5,6601.636364,101.6,163.6599319,0.733303315,144,12161.6,0.028794688,6592777.869,46344.38352,-0.017251683,1.3169E+11,1.429536689,338.1360194,83268,70270.28191,2.31511E+12,163.5111509,12728011.37,30352,4176288,776529533.3,97,246.7609607,317032.5123,2.81E+93,-1405.786018,96
158,0.397119342,0.000701952,-0.05943632,0,44861.9942,2.55E+71,1791.887098,0.00225164,21508,5205508,0.002581765,0.000565399,0.668015976,8124.22237,71907.41766,80470.09472,3322156.5,10996561,9310899,133928,0.001283697,23445999,0.5,16350.17045,167.2,280.2554649,1.401503129,320,19413,0.047864246,12021345.8,86001.23344,-0.013028243,3.43491E+11,2.593953763,1029.46421,83179,97667.63555,5.61572E+12,310.9306743,19554397.82,48436,6666309,1335409848,146,501.5326113,974700.5729,7.77E+93,-977.6703748,117
159,0.425925926,0.000757438,-0.023524469,0,45909.76165,7.37E+72,1963.855903,0.002389573,23156,5520564,0.0029183,0.000322187,0.673655082,7697.332307,78287.59008,85446.78655,3466768.5,12229922.25,10568178,145164,0.00130719,24812142,0.5,18227.76136,177.6,304.2899385,1.589235186,380,20545.8,0.051104247,12650263.54,92239.97272,-0.012987313,3.83475E+11,2.765093596,1183.369944,83165,102655.3179,6.30782E+12,336.0342395,20655138.83,51261,6912564.75,1433630447,152,546.8362814,1059692.782,8.86E+93,-935.5693394,117
160,0.232510288,0.000160389,-0.343094216,0,37938.92926,2.80E+61,919.5963149,0.001442838,12596,3410268,0.000658707,0.000591527,0.776390645,2956.985181,40622.24244,56862.26454,2193164.5,5064914.25,3617130,76902,0.001164144,15556796,0.5,7415.625,109.1,173.3334653,0.808392632,165,12871.8,0.030574648,7157114.81,50354.68067,-0.016718216,1.48286E+11,1.546732516,385.1182711,83259,72686.39303,2.56567E+12,178.5761385,13406367.52,32123,4527047.25,825025540.8,103,270.4853869,372941.7463,3.17E+93,-1341.817157,101
161,0.279835391,0.000206636,-0.273462383,0,40609.15405,7.13E+64,1157.535085,0.001659367,15473,4040007,0.001211586,0.000523434,0.768191721,3917.201386,50052.65486,66623.69586,2673384,6673282,5124344,93990,0.001196172,18311917,0.5,9671.454545,130.6,212.7943724,1.130514383,264,15153.2,0.036551621,8494002.523,60603.76006,-0.015045827,2.12453E+11,1.856115473,565.563237,83236,79934.00999,3.41704E+12,215.2681676,15553913.45,37815,5495644,1001691346,123,345.4068794,493921.6773,4.53E+93,-1206.40263,112
162,0.277777778,0.000214635,-0.268751524,0,40442.32975,4.29E+64,1144.531214,0.001650905,15339,3962818,0.001187548,0.000568919,0.760862355,4056.334737,48960.33064,65021.60332,2638386.75,6548006.25,4985010,92212,0.001194743,17945960,0.5,9568.125,129.9,209.9735399,1.100957325,256,14851.4,0.035936804,8385488.606,60157.86448,-0.015172715,2.05272E+11,1.836176676,551.2346381,83237,79273.93341,3.31383E+12,214.6176362,15253961.67,37061,5383916.25,987744328,122,338.5275883,489500.1505,4.38E+93,-1211.67563,111
163,0.189300412,8.16E-05,-0.46126541,0,35813.4277,4.50E+58,721.2721495,0.001221205,10460,2914633,0.000153904,0.000455882,0.804825609,2178.72745,33459.73271,49600.21739,1810372.5,3811698,2528344,63520,0.001136364,13356188,0.5,5576.454545,91.7,145.7640801,0.605109382,107,11048,0.025871977,5972431.846,40997.55383,-0.017984198,1.08343E+11,1.277363072,270.6208821,83280,66896.60905,1.95533E+12,142.6472239,11517201.48,27574,3728835,695369946.8,92,213.9517611,265986.0716,2.27E+93,-1504.649144,90
164,0.732510288,0.004044883,0.320222698,0,55953.19752,2.59E+88,4011.379352,0.003958607,38953,7832551,0.006499996,0.001344173,0.481769267,10971.57484,148929.6955,106174.6951,4852955.25,26520042,25508824,270400,0.001623377,34823695,0.5,44006.45455,262.1,456.951898,1.863760676,390,28875.2,0.075212454,21510233.07,158627.9619,-0.010748708,6.70331E+11,4.617123653,2929.750738,83016,160637.905,1.46096E+13,597.8040632,28167438.82,72010,8715856.5,2207639156,167,1009.274128,3159732.855,1.92E+94,-639.7928184,117
165,0.185185185,8.54E-05,-0.467090066,0,35422.519,1.79E+58,703.6593288,0.001206109,10171,2914786,0.000105827,0.000354338,0.81897628,1733.135343,33362.15564,50049.13233,1731234.75,3731107.5,2476350,63220,0.001133787,13372218,0.5,5412.272727,89.1,144.402037,0.602917125,106,11060,0.025728713,5895580.436,40105.38397,-0.018589225,1.05467E+11,1.253446946,261.686738,83282,66643.49522,1.95582E+12,139.2751375,11648406.65,27605,3606737.25,685953864,87,208.7197675,256157.7027,2.24E+93,-1523.208618,87
166,0.275720165,0.000253883,-0.249291254,0,40111.47119,1.97E+64,1127.959606,0.001651744,15073,3800251,0.00116351,0.000647947,0.727303333,4800.156835,46943.67145,61258.8127,2569157.25,6352705.5,4752310,89020,0.001193317,17235903,0.5,9465.272727,127.4,198.1495633,0.975728312,214,14266.4,0.034410469,8328565.721,59711.61474,-0.015264193,1.89975E+11,1.829277686,518.6689919,83238,78150.10486,3.11738E+12,211.814319,14558041.59,35599,5167499.25,951758700.5,119,324.0782025,510012.7226,4.02E+93,-1217.105314,109
167,0.646090535,0.002789031,0.246400877,0,53141.1372,1.08E+84,3383.407288,0.0035153,34530,7232412,0.005490391,0.000758059,0.529679901,11150.14891,126273.9303,101266.3391,4464837,22110388.5,20787114,231312,0.001519757,32173539,0.5,35667.54545,236.6,420.772395,1.797848095,390,26668.8,0.068954603,18943567.8,139914.7394,-0.01139228,6.00968E+11,4.085482893,2381.002451,83058,142209.2738,1.18734E+13,525.8423696,26263762.62,66515,8238584.25,2001645669,167,870.6954971,2428195.034,1.61E+94,-704.3969454,117
168,0.444444444,0.000714363,-0.00370119,0,46811.93519,6.40E+73,2078.330551,0.002462676,24575,5749068,0.003134644,2.27E-05,0.692161929,6594.545756,82581.94032,89481.52283,3591285.75,13056984,11422080,152632,0.001322751,25699561,0.5,19484.18182,183,324.4701688,1.636887055,390,21281.6,0.053435258,12862447,96249.74217,-0.01320688,4.12563E+11,2.870923634,1313.171475,83156,105985.7026,6.78707E+12,352.8582252,21393646.2,53096,7072533,1513165474,155,580.270397,1079151.801,9.68E+93,-910.6719606,117
169,0.255144033,0.000128531,-0.361088874,0,39902.5086,5.82E+63,1043.46122,0.001531365,14221,4017228,0.000923127,4.83E-05,0.87031209,1670.411678,48572.32978,70089.94558,2591118.25,6065863,4646900,90450,0.001179245,18212765,0.5,8463,121.3,206.758664,1.18689782,287,15064.4,0.035785515,7627885.153,55257.41598,-0.015997217,2.01847E+11,1.716704309,508.9058099,83248,77864.61455,3.2892E+12,192.785556,15589760.64,37599,5527762.25,960718515.3,117,330.5426083,371634.7315,4.34E+93,-1272.388693,113
170,0.298353909,0.00017338,-0.270224523,0,41753.02405,2.50E+66,1263.317143,0.001736227,16618,4467652,0.00142793,0.000116321,0.821168582,2708.408389,56199.47757,75696.87213,2893059,7537172.5,6026925,104300,0.00120919,20200505,0.5,10622.89773,138.4,234.67468,1.351593922,332,16713,0.040225334,8886551.102,64614.70595,-0.01495469,2.53766E+11,1.987734234,668.4646081,83227,84035.76179,4.01667E+12,228.1707186,17123487.81,41710,6081718.5,1094353912,131,388.7968976,503835.9669,5.49E+93,-1162.046455,117
171,0.382716049,0.000502479,-0.083808258,0,44612.76796,4.75E+70,1709.117915,0.002162547,21116,5071593,0.002413497,0.000353057,0.710200523,6258.447126,68689.27475,79936.48265,3287758.5,10388518.5,8693826,128264,0.001272265,22716033,0.5,15446.45455,162.3,280.5988982,1.442377017,343,18808,0.046807154,11165966.56,82881.48066,-0.013709332,3.29564E+11,2.489357013,988.3798728,83186,95178.66014,5.28389E+12,301.3226824,19044235.42,46927,6534713.25,1314827075,146,484.6856776,838252.9631,7.43E+93,-1000.622186,117
172,0.380658436,0.000370645,-0.115362811,0,44701.14155,3.73E+70,1710.678153,0.002137664,21255,5247170,0.002389459,2.01E-05,0.766862515,4236.228663,70993.66344,85551.48296,3299955.75,10565673.75,8957700,131250,0.001270648,23532023,0.5,15319.26136,165.5,291.3794362,1.580453362,389,19479,0.048213419,10929872.75,82437.36748,-0.014000655,3.5352E+11,2.486905753,1024.776215,83187,96211.58967,5.5272E+12,298.0641567,19711058.67,48605,6682074.75,1346992598,152,497.2206271,763706.1472,7.88E+93,-1003.886518,117
173,0.349794239,0.000506527,-0.124233224,0,43368.54412,1.02E+69,1520.039629,0.002018077,19159,4655081,0.002028886,0.000551377,0.705116603,6055.202782,61333.0607,73497.34605,3116031.75,9031845,7327680,115278,0.001246883,20948439,0.5,13468.63636,152.3,252.6972004,1.288302835,300,17343.6,0.042734931,10349596.46,75753.16805,-0.014012149,2.79139E+11,2.283802891,818.7585478,83202,89535.60156,4.52071E+12,274.1919708,17606628.54,43274,6216034.5,1194888580,137,432.7638999,743424.7044,6.19E+93,-1057.183533,117
174,0.393004115,0.000513137,-0.080620346,0,45024.75419,1.58E+71,1774.6064,0.002208326,21764,5266393,0.002533689,0.000324134,0.713695233,6290.057207,72116.98809,83259.88289,3344620.5,10931694,9279735,133842,0.00128041,23612213,0.5,16089.57955,166.1,292.0676308,1.51327374,362,19548.6,0.048608823,11565989.42,85109.5514,-0.013446929,3.54037E+11,2.55758227,1057.922415,83181,97521.95839,5.65188E+12,309.2658889,19794944.25,48776,6696378,1363642913,150,506.6784794,876769.0337,8.01E+93,-984.1553657,117
175,0.378600823,0.000410548,-0.11285998,0,44563.17703,2.94E+70,1695.805271,0.002132246,21038,5167423,0.002365421,0.00024526,0.735566643,5566.80367,69851.00491,82845.53813,3280914,10413940,8783056,129508,0.001269036,23198630,0.5,15192.54545,164.2,284.881833,1.526058944,371,19204,0.047538619,11117568.25,81991.92975,-0.013596885,3.4576E+11,2.476099682,1000.117463,83188,95514.48908,5.40168E+12,295.8874764,19416535.62,47918,6621907.5,1328705290,151,489.7645312,801155.6931,7.66E+93,-1007.111644,117
176,0.310699588,0.00024729,-0.229862108,0,42196.79934,1.06E+67,1322.23242,0.001801046,17316,4467055,0.001572159,0.000499806,0.758763797,4786.183065,56820.06624,73004.52645,2954308.5,7842487,6267859,105970,0.001218027,20173289,0.5,11278.67045,143.2,238.841754,1.30996853,316,16694.2,0.040557959,9446039.997,67287.79026,-0.01424212,2.60211E+11,2.05497756,702.3016134,83221,85035.24539,4.07217E+12,239.7044587,17053877.28,41660,6076629,1117957130,136,397.0426173,587999.2258,5.58E+93,-1134.566306,117
177,0.360082305,0.000449357,-0.130224699,0,43810.41207,3.38E+69,1586.211087,0.002052212,19854,4902345,0.002149077,0.000577831,0.708965517,6741.816214,65259.01668,77607.54207,3177018,9600193.75,7947100,121624,0.001254705,22070134,0.5,14073.57955,156.7,266.4631015,1.400662678,333,18269.8,0.044949487,10861883.94,77981.5671,-0.013482834,3.11275E+11,2.358476691,892.4271091,83197,92108.98809,4.9218E+12,281.0407806,18515946.25,45587,6418415.25,1252205123,145,457.2803057,784491.6669,6.85E+93,-1038.494339,117
178,0.263374486,0.000177107,-0.311001802,0,39779.37185,5.15E+63,1076.211912,0.001578601,14542,3898154,0.00101928,0.00048783,0.785679134,3403.123102,47630.73479,65068.36196,2525748,6161952,4664192,89390,0.001184834,17709274,0.5,8858.181818,123.8,201.6996412,1.064262559,244,14652.4,0.035031323,8072064.901,57039.24564,-0.015409915,1.9518E+11,1.75675931,509.425492,83244,77830.47592,3.19303E+12,201.2298767,15102175.59,36567,5247287.25,952718202,117,323.6953671,444053.4071,4.16E+93,-1249.421092,109
179,0.405349794,0.000595686,-0.061767842,0,45335.01543,6.67E+71,1846.33758,0.002277166,22252,5369135,0.002677918,0.000363686,0.696156635,7122.04325,74629.06814,84246.40392,3387442.5,11434963.5,9784793,138344,0.001290323,24139033,0.5,16877.07955,171.2,296.0465993,1.554553429,373,19985.8,0.049575216,12033248.44,87784.32544,-0.013152824,3.68391E+11,2.63993102,1103.147717,83175,99538.62708,5.91015E+12,318.5005371,20132048.84,49866,6791323.5,1388997762,151,521.9792755,949529.221,8.33E+93,-965.2280714,117
180,0.230452675,6.25E-05,-0.387036249,0,38516.92691,7.19E+61,915.7853192,0.001410905,12901,3526889,0.000634668,4.00E-05,0.873230373,1403.475815,41802.60683,61850.32046,2325852,5104792,3698016,78692,0.001162791,16046686,0.5,7323.272727,110.5,182.5458955,0.884574171,190,13274.4,0.031570846,6701101.898,49909.7239,-0.017260155,1.60081E+11,1.546375778,407.2954858,83260,73172.24345,2.66852E+12,174.7962455,13810325.95,33130,4831321,856653786.8,109,282.4942347,310020.3132,3.38E+93,-1348.366139,106
181,0.886831276,0.008079031,0.442882237,0,59855.62263,1.73E+96,5171.213266,0.004841027,45091,8621769,0.008302864,0.00240086,0.399665462,7451.710893,190641.6688,110101.8842,5391564.75,34364707.5,33903753,343518,0.001848429,38230054,0.5,60991.39773,310.4,506.2717935,1.948733327,390,31723.8,0.084072145,25634946,192042.8023,-0.010181988,7.75198E+11,5.503366404,3790.897089,82941,195783.9949,1.98237E+13,737.6874563,30771522.37,79094,9328702.5,2474474806,171,1237.073838,4697369.589,2.40E+94,-544.2184193,117
182,0.283950617,0.000283143,-0.220480855,0,39958.37469,2.06E+64,1166.641917,0.00170159,15220,3828447,0.001259662,0.000640495,0.73500476,4344.163424,47798.94495,62146.13551,2510212.5,6578839.5,4943022,90820,0.001199041,17407967,0.5,9879.545455,127.5,197.8977504,0.921048167,191,14410.4,0.034783124,8347175.47,61494.03861,-0.015624329,1.89522E+11,1.86255769,529.3991506,83234,79026.96695,3.19937E+12,221.6112588,14715502.76,35957,5053311.5,956191741.3,116,326.2483198,516075.5097,4.10E+93,-1196.716437,106
183,0.625514403,0.002492356,0.225162984,0,52495.18349,9.73E+82,3241.260046,0.003406695,33514,7073775,0.005250008,0.000430394,0.539560535,11586.94547,121186.0459,99832.80289,4375683,21097828,19712880,222410,0.001497006,31514539,0.5,33806.18182,230.2,410.6778782,1.781462911,390,26120.4,0.067414913,18373115.09,135459.0698,-0.011418521,5.84436E+11,3.959647072,2259.343379,83068,138062.5802,1.12595E+13,508.3828734,25768760.12,65149,8119887.75,1953623756,166,838.7918651,2273295.28,1.54E+94,-721.2591103,117
184,0.551440329,0.001773519,0.149489707,0,50028.35237,1.71E+79,2738.592647,0.003030082,29634,6458043,0.004384632,6.51E-05,0.572223154,11497.25662,103237.2878,93471.81095,4035213,17517820,15933136,190996,0.001420455,28893547,0.5,27500.45455,211.6,364.4003807,1.688136874,379,23941.6,0.060840816,16303749.78,119419.7417,-0.011762627,4.95494E+11,3.530048054,1802.95674,83104,123580.8667,9.11116E+12,441.9213673,23668634.52,59720,7647705,1748081998,160,718.2488056,1804944.6,1.26E+94,-788.6703459,117
185,0.790123457,0.006453697,0.404451406,0,56891.6106,1.44E+91,4348.42793,0.004339022,40429,7512356,0.007173067,0.000675795,0.381187446,32614.1297,150158.3012,94187.31548,4982474.25,27606432,26186112,284226,0.00170068,33141665,0.5,50033.45455,276,452.0781009,1.735402319,356,27507.6,0.073930177,22637409.07,171101.0213,-0.009569447,6.14527E+11,4.885160052,2988.923136,82988,166306.3618,1.47115E+13,659.4084498,26433577.04,68577,8411334.75,2199975080,163,1023.537606,3804869.484,1.85E+94,-601.4713519,117
186,0.37037037,0.000584262,-0.102826104,0,44043.74378,1.12E+70,1640.08059,0.002112943,20221,4952386,0.002269268,0.000939378,0.646741155,10574.77233,66666.18223,75620.00056,3209222.25,9942975,8265780,124422,0.001262626,22317463,0.5,14690.45455,159,263.0323506,1.355546062,313,18476.4,0.045162676,11688767.19,80210.37142,-0.012650128,3.08965E+11,2.440966806,913.2344651,83192,93424.22366,5.05593E+12,286.5386963,18610418.22,46101,6462933.75,1258895778,141,464.6359553,929541.5365,6.92E+93,-1020.68823,117
187,0.296296296,0.000312273,-0.224811561,0,40868.25808,2.48E+65,1238.150098,0.001750669,16150,4152028,0.001403892,0.000875519,0.69017094,6980.214595,52267.28196,65433.27778,2681552.5,7177320,5574816,98308,0.001207729,18814863,0.5,10515.27273,134.1,212.9500858,1.096871332,246,15572,0.037361548,9435471.984,64169.22591,-0.014001893,2.18005E+11,1.975289514,603.3889967,83228,81948.10871,3.61886E+12,226.1350381,15859555.41,38858,5482675,1025913505,122,356.6876559,625987.1154,4.73E+93,-1166.893503,110
188,0.355967078,0.000500596,-0.129576654,0,43596.1538,2.09E+69,1560.554635,0.002038622,19517,4815137,0.002101,0.000926124,0.655934937,10051.32571,63934.39003,73967.30179,3147446.25,9394029.75,7727564,119438,0.001251564,21708501,0.5,13830.17045,155.9,255.3935445,1.312227221,302,17971,0.043825757,11265770.82,77091.4038,-0.012782791,2.9427E+11,2.352863727,855.3472965,83199,91202.25478,4.77047E+12,274.3135387,18108360.95,44841,6353187.75,1220735119,139,446.0407791,863439.8567,6.51E+93,-1045.726356,117
189,0.33127572,0.000381962,-0.181158818,0,42699.03654,8.40E+67,1429.049338,0.001912006,18243,4625872,0.001812542,0.000833206,0.685015528,8395.455816,60036.75873,72420.28238,3009736,8538957,6919619,112040,0.001233046,20887651,0.5,12409.80682,149,242.964023,1.268746786,293,17288.2,0.041865157,10529097.29,71744.56308,-0.013163997,2.73046E+11,2.202299817,763.7460595,83211,87815.41104,4.37822E+12,253.4863543,17495346.36,43140,6152292,1157816902,136,416.4467831,745806.4299,5.94E+93,-1092.051196,116
190,0.320987654,0.000355163,-0.195333761,0,42131.0134,1.35E+67,1372.641466,0.001864028,17619,4502973,0.001692351,0.000820731,0.69057072,7765.96779,57907.26523,70790.95831,2904549,8144682,6532344,108240,0.00122549,20350619,0.5,11838.27273,144.3,234.645999,1.234919504,285,16843.2,0.040672207,10201559.59,69516.54476,-0.013414876,2.56188E+11,2.13610764,716.6036131,83216,86160.75881,4.16835E+12,245.368444,17090620.94,42030,5951883,1120968445,131,399.1514713,705655.9841,5.61E+93,-1112.874719,114
191,0.25308642,0.000199776,-0.300101891,0,39135.40062,7.88E+62,1016.779882,0.001535884,13896,3571603,0.000899089,0.000919125,0.700653072,5787.889783,43122.9571,56636.84926,2404954.5,5632108.5,4096269,81858,0.001177856,16185126,0.5,8365.397727,117.9,183.776178,0.870175976,183,13395,0.032127672,8032048.492,54811.23208,-0.015023885,1.65492E+11,1.687740923,446.4461236,83249,75020.17519,2.76582E+12,193.0960919,13658654.4,33426,4853687,883979179.8,113,295.1127184,477286.3258,3.50E+93,-1278.549933,106
192,0.244855967,0.000292548,-0.252107925,0,38496.39722,1.12E+62,959.4719025,0.001510306,13249,3021400,0.000802936,0.001735494,0.578265204,10807.94165,35805.7968,43918.38584,2286883.25,4960270.389,3311413,69934,0.00117096,13523786,0.333333333,7970.295455,113.6,164.5041559,0.648033064,122,11202.2,0.027955058,7585092.87,53027.28093,-0.014584947,1.27994E+11,1.596005045,370.3765694,83249,70912.35382,2.11978E+12,191.7233986,11053946.22,27946,4293297.5,795050564,108,258.7783646,506107.3165,2.65E+93,-1303.311816,103
193,0.366255144,0.000559926,-0.108355167,0,43921.67378,6.94E+69,1616.498745,0.002091839,20029,4905312,0.002221192,0.000949272,0.648638355,10403.44499,65751.25457,74970.18054,3192374.25,9772912,8094372,122810,0.001259446,22100215,0.5,14442.27273,157.6,260.5965939,1.3475962,312,18296.4,0.044735376,11553044.35,79319.09207,-0.012719938,3.02583E+11,2.412890765,896.004853,83194,92720.66239,4.96334E+12,283.5316091,18455052.43,45652,6423768,1247449748,138,458.8496685,910057.401,6.79E+93,-1027.728536,117
194,0.310699588,0.000315819,-0.214916504,0,41688.94339,3.06E+66,1318.405006,0.001813521,17054,4402983,0.001572159,0.000757456,0.703311258,6956.271284,56100.22931,69799.99205,2831215,7782464.5,6187829,104910,0.001218027,19915648,0.5,11278.67045,139.9,227.7240545,1.193354764,273,16482.2,0.039659939,9857124.529,67288.64698,-0.013685437,2.44059E+11,2.072392164,676.3605929,83221,84673.91548,3.99046E+12,236.8487171,16749702.56,41130,5823963.5,1089678908,128,385.0445368,659481.771,5.33E+93,-1134.624142,113
195,0.251028807,0.000199066,-0.304273621,0,39035.32598,6.34E+62,1007.2664,0.001528051,13735,3566108,0.000875051,0.000876992,0.707763176,5439.504608,43031.94547,56870.22151,2392155,5586166.5,4062722,81608,0.001176471,16184155,0.5,8268.272727,116.9,182.1323612,0.862447683,180,13393.6,0.031996236,7974663.883,54365.7435,-0.015161623,1.63978E+11,1.677359752,439.468298,83250,74865.64536,2.76023E+12,191.0888717,13689328.84,33423,4853554.5,877010652,111,293.3807351,468981.6907,3.47E+93,-1284.541295,106
196,0.358024691,0.000494499,-0.130084207,0,43687.70629,2.66E+69,1573.875223,0.002046541,19661,4870873,0.002125039,0.000875524,0.66261378,9747.215501,64800.51624,75123.54103,3160082.25,9515625,7862016,120818,0.001253133,21959276,0.5,13951.63636,156.3,258.1139661,1.328685052,306,18178,0.044304179,11320054.27,77537.04023,-0.012798144,2.99483E+11,2.367217062,871.0644637,83198,91757.8041,4.86307E+12,275.8278936,18338030.23,45358,6398437.5,1232735518,139,451.3142828,864215.8863,6.66E+93,-1042.04846,117
197,0.368312757,0.000554552,-0.108149085,0,44020.85565,8.83E+69,1629.216092,0.002099781,20185,4942003,0.00224523,0.000927869,0.650178896,10449.08404,66362.56382,75586.44435,3206063.25,9872208,8199095,123830,0.001261034,22261081,0.5,14566.125,158.3,262.9958139,1.354142646,313,18429.4,0.045070332,11619224.5,79764.75878,-0.012670322,3.0689E+11,2.427392082,909.744642,83193,93149.54272,5.02503E+12,284.9450464,18572979.54,45984,6452784,1257681761,139,462.9483108,916000.7269,6.89E+93,-1024.195514,117
198,0.341563786,0.000416947,-0.162157568,0,43132.66929,3.89E+68,1484.634577,0.001963262,18788,4726855,0.001932733,0.000810084,0.680759401,8587.347122,61922.50312,73756.7648,3083476.5,8916482.5,7284578,115488,0.001240695,21326991,0.5,12993.27273,152.5,249.0184186,1.307855378,304,17652.8,0.042856796,10796414.11,73972.44438,-0.013068521,2.84661E+11,2.265767906,805.1934773,83206,89353.71965,4.56776E+12,262.0610332,17835847.42,44049,6284508.75,1187626354,138,430.912165,783185.1132,6.23E+93,-1072.190328,117
199,0.335390947,0.000401681,-0.169477971,0,42910.78165,1.89E+68,1449.786216,0.00193388,18439,4645181,0.001860618,0.000839741,0.681738999,8439.093114,60480.0935,72516.58562,3052851.75,8662186.75,7028560,112972,0.001236094,20956175,0.5,12641.76136,150.1,244.5332812,1.283282585,298,17345.8,0.042112845,10598307.87,72635.54612,-0.013183637,2.74316E+11,2.223977452,776.518756,83209,88273.91876,4.42445E+12,257.4811512,17562311.13,43283,6217643.25,1166329563,136,421.5468443,759334.6379,6.01E+93,-1084.047112,117
200,0.298353909,0.000299224,-0.227881673,0,41058.39406,4.19E+65,1250.737369,0.00175728,16320,4212728,0.00142793,0.000816536,0.699425287,6724.095911,53095.12556,66704.14195,2720055,7285525,5691395,99672,0.00120919,19075841,0.5,10622.89773,135.4,216.9749286,1.134093878,258,15787.4,0.037914528,9478227.991,64614.88928,-0.01396926,2.24259E+11,1.989786442,618.765093,83227,82477.49882,3.6989E+12,227.5596247,16079739.1,39396,5577195,1041063723,124,363.1279396,623177.6526,4.87E+93,-1162.146509,111
201,0.304526749,0.000317119,-0.218293291,0,41271.28478,8.31E+65,1283.549489,0.001787031,16659,4292944,0.001500045,0.00081981,0.696543482,6983.089714,54397.77977,67815.93262,2748276.75,7516291,5916004,101998,0.001213592,19426736,0.5,10948.63636,137.5,221.630957,1.155610774,263,16078,0.038665826,9680434.43,65951.69662,-0.013818993,2.31978E+11,2.029528544,644.133992,83224,83474.3131,3.82484E+12,232.4425286,16360802.92,40121,5637218.25,1062089843,125,371.7705476,645790.5247,5.07E+93,-1148.207145,111
202,0.242798354,0.000137916,-0.356398194,0,38860.03996,2.65E+62,975.2599923,0.001476348,13453,3674537,0.000778898,0.000552487,0.765898885,3814.109898,44078.62495,60752.21932,2369736,5500658.5,4059554,82848,0.00117096,16719741,0.5,7884.545455,115,185.1750251,0.926900256,200,13832,0.032688304,7773272.389,52583.97654,-0.015437261,1.70534E+11,1.639474784,439.7557581,83254,74957.87027,2.86459E+12,182.4355713,14267159.17,34521,4941269.5,885032866.8,112,295.4524973,417149.6256,3.62E+93,-1308.890754,106
203,0.28600823,0.000262691,-0.255648445,0,40499.85856,6.04E+64,1188.113211,0.001694541,15694,4095659,0.001283701,0.00079872,0.707225524,6370.986594,51062.91479,65229.67282,2619924,6875530.75,5310912,95876,0.00120048,18568952,0.5,9984.306818,131.2,209.8235997,1.093305985,247,15366.6,0.036762859,9154681.747,61941.46786,-0.014130537,2.12258E+11,1.914192074,576.9563155,83233,80777.81105,3.50409E+12,217.1495758,15675344.52,38347,5391603.25,1006832668,122,346.6271862,580747.4913,4.58E+93,-1191.178776,109
204,0.197530864,9.44E-05,-0.433625659,0,36287.70241,1.70E+59,757.2149473,0.001262224,10881,2984049,0.000250057,0.000601119,0.763157895,3068.908857,34365.28792,49370.18421,1900013.25,4014696,2688096,65314,0.001141553,13608382,0.5,5910.545455,95.1,148.9128539,0.639587901,118,11258,0.026466937,6344117.665,42780.29393,-0.017232307,1.12677E+11,1.33653492,287.9867417,83276,67761.93891,2.02275E+12,148.0567433,11633752.06,28097,3889236.75,714947555.3,93,223.3732246,303910.8601,2.38E+93,-1469.828778,93
205,0.238683128,0.000129872,-0.376644717,0,38830.29345,2.18E+62,957.2373196,0.001452547,13278,3670548,0.000730821,0.000455368,0.788455772,3398.800586,43839.84114,61445.97496,2378021.5,5403483,3985412,82286,0.001168224,16697412,0.5,7695.545455,113.9,186.2785137,0.957093726,212,13812.4,0.032645915,7589744.782,51692.86954,-0.015551377,1.70906E+11,1.614707359,433.4724611,83256,74622.74933,2.8417E+12,178.8539755,14237971.18,34473,4984247.25,881937518.8,112,294.5498465,390875.4277,3.61E+93,-1321.516798,107
206,0.228395062,0.000173711,-0.339091468,0,37951.56394,2.32E+61,895.3759859,0.001419519,12491,3211989,0.00061063,0.000976492,0.694676495,5297.703177,37964.85515,50872.49369,2206821,4809574.5,3332109,72470,0.00116144,14589114,0.5,7231.397727,108.6,164.1843217,0.735768628,146,12074.2,0.02884333,7283409.857,49463.84877,-0.015786929,1.35191E+11,1.524590367,360.2820324,83261,71139.41387,2.31645E+12,174.0775714,12331414.36,30130,4419609,793015246.8,105,258.7051692,412022.042,2.82E+93,-1355.389848,102
207,0.283950617,0.000280113,-0.244690317,0,40387.90793,4.83E+64,1173.030397,0.00168918,15515,3974594,0.001259662,0.000923201,0.691420713,6771.68727,49397.73517,62629.92616,2605290.75,6703971,5109864,93238,0.001199041,17995469,0.5,9879.545455,130.2,205.150342,1.043242442,233,14894,0.035822574,9013282.214,61495.42013,-0.014231146,2.02604E+11,1.890784732,555.7872326,83234,79829.49694,3.34232E+12,217.0062167,15154697.63,37166,5295165.5,985586108,120,338.230252,579905.0797,4.35E+93,-1196.329956,109
208,0.248971193,0.000180156,-0.3260421,0,39000.51741,5.10E+62,1001.475384,0.001513645,13679,3647639,0.000851013,0.000713548,0.735950413,4627.078525,43985.7457,59225.42025,2387703,5614460.5,4128157,82996,0.001175088,16580742,0.5,8171.625,116.5,185.0811388,0.890172334,187,13719.4,0.032590268,7943003.579,53920.5168,-0.015240967,1.70008E+11,1.672915012,445.8022695,83251,75235.79208,2.84976E+12,188.2087646,14075526.87,34238,4918453,887129217.8,113,296.9536638,448936.5889,3.60E+93,-1290.419059,106
209,0.273662551,0.000262207,-0.25507949,0,40055.18317,1.58E+64,1117.80226,0.00163958,14983,3782042,0.001139471,0.000981062,0.683868763,6796.188595,46547.64392,59332.79973,2561799.75,6282487.75,4686388,88294,0.001191895,17124557,0.5,9362.897727,125.8,196.2872893,0.975533563,215,14174.2,0.034150372,8642092.598,59267.16344,-0.014477999,1.86025E+11,1.818452562,511.6750213,83239,77839.99731,3.07465E+12,209.6828671,14403970.09,35369,5148805.75,944242952.8,119,321.4110361,549088.1124,3.95E+93,-1222.315558,109
210,0.179012346,5.36E-05,-0.503385378,0,35232.92939,8.74E+57,677.6467445,0.001164977,9974,2871869,3.37E-05,0.000317111,0.820636194,1889.92529,32586.83162,49222.72013,1698650.5,3575547.75,2352132,61728,0.001129944,13139400,0.5,5169.579545,86.7,141.2149103,0.592007325,104,10866.6,0.025255919,5783327.195,38770.11418,-0.018251295,1.01676E+11,1.223086261,251.9025365,83285,65949.67039,1.88585E+12,132.6003809,11354329.04,27123,3534449.5,674163331.8,86,203.0480164,243693.722,2.16E+93,-1551.558575,86
211,0.092592593,9.72E-06,-0.720537483,0,29795.28769,1.15E+53,318.1294801,0.000748637,5205,1539260,0.000975893,5.58E-07,0.864646465,521.8458655,16249.92015,27125.01212,728336.25,1428390,654615,31164,0.001078749,7069789,0.5,2222.897727,45,75.55864625,0.200672213,10,5845.8,0.013486312,2977798.206,20053.67365,-0.028482211,28762587362,0.636637384,70.19625497,83327,53674.40297,7.29676E+11,68.03201214,6130572.566,14592,1428390,358093365.3,45,84.4664839,85619.52177,6.17E+92,-2207.631924,45
212,0.226337449,0.000109548,-0.404112311,0,38230.73545,3.71E+61,897.8483255,0.001393579,12566,3520933,0.000586592,0.000442292,0.786989158,3234.863392,41628.79767,58999.23403,2277555,5013525,3631760,78242,0.001160093,16045669,0.5,7140,108.5,175.937829,0.869141576,184,13272.4,0.031163879,7304202.09,49019.46455,-0.015837829,1.55609E+11,1.539508801,391.6053059,83262,72872.35763,2.6425E+12,168.3891746,13679950.89,33126,4785637.5,838090294.3,107,277.2874277,365276.4815,3.29E+93,-1361.815422,105
213,0.24691358,0.000146357,-0.352341612,0,38999.89583,4.10E+62,996.0500361,0.001495299,13678,3734471,0.000826974,0.000546897,0.762745098,4055.54611,44944.37279,61590.31373,2387623.5,5642160,4192800,84400,0.001173709,16980726,0.5,8075.454545,116.7,188.1372426,0.966698899,213,14048,0.033211871,7919545.661,53475.361,-0.015204588,1.76121E+11,1.669390717,454.2719758,83252,75608.5832,2.93758E+12,185.0922813,14423836.02,35060,4983908,899165195.3,114,300.8554149,429735.5053,3.74E+93,-1296.360367,106
214,0.261316872,0.000200731,-0.303242344,0,39668.67207,4.11E+63,1062.776196,0.001572264,14365,3800633,0.000995242,0.000777245,0.722909636,5365.123154,46294.46409,61130.55681,2511278.25,6022594,4506087,87218,0.001183432,17243642,0.5,8758.670455,121.9,193.7773189,0.991220883,220,14268.6,0.03402988,8368995.451,56594.15474,-0.014754273,1.84109E+11,1.752843105,488.8392257,83245,77049.75825,3.05791E+12,197.8970637,14598237.98,35608,5168998,928394818.5,116,315.6235136,492941.2115,3.93E+93,-1255.1186,109
215,0.218106996,0.000129247,-0.388974233,0,37659.9608,8.15E+60,852.5279298,0.001361907,12018,3245213,0.000490439,0.00071303,0.742318059,3948.359145,38056.3155,52976.92291,2170636.5,4623826,3223036,72154,0.001154734,14777209,0.5,6779.181818,104.8,163.2501877,0.75829944,153,12226,0.028894992,7034087.701,47236.34783,-0.016192531,1.34483E+11,1.470364537,347.2600185,83266,70656.42635,2.32943E+12,164.2350487,12585672.87,30512,4449342,783796980.3,102,255.4315612,364681.8469,2.83E+93,-1390.729167,102
216,0.160493827,2.51E-05,-0.580069671,0,34103.72042,4.96E+56,600.3385827,0.001069622,9020,2783948,0.000182631,1.57E-05,0.893439893,876.4965985,31151.92448,49833.44456,1484983.5,3163894.5,2052882,58800,0.001118568,12790959,0.5,4467.272727,78,133.6891534,0.557657922,94,10574.4,0.024207181,5234643.276,34759.9943,-0.019466187,91650158566,1.111435234,218.3487728,83294,64326.58968,1.78069E+12,116.9444934,11183362.56,26397,3163894.5,634334497,78,183.3719843,188878.8983,1.99E+93,-1646.518911,78
217,0.283950617,0.000126558,-0.298080525,0,41293.99001,4.66E+65,1188.080194,0.001663004,15896,4307749,0.001259662,6.62E-05,0.848725272,2190.29566,53394.0495,74041.44716,2829703.5,7016748,5526900,99282,0.001199041,19464220,0.5,9879.545455,132.9,227.4820673,1.343593926,336,16102.8,0.038780294,8329909.868,61495.3345,-0.015456327,2.35049E+11,1.891382802,616.4515509,83234,81835.49002,3.74887E+12,217.2916359,16599964.61,40188,5948982,1053619314,124,370.6293472,443608.0786,5.10E+93,-1196.215036,117
218,0.343621399,0.001134129,-0.101019689,167,42123.84806,8.90E+67,1476.949357,0.00210539,17880,4474063,0.001956771,0.000462109,0.674554505,5812.238998,59034.96231,69887.53228,2875572,8701117.5,6969745,111526,0.001242236,20283121,0.5,13111.39773,149.3,233.5682434,1.194922605,270,16794.2,0.040797765,10331883.06,74414.42175,-0.014522775,2.5358E+11,2.244717772,729.4640437,83205,88023.36165,4.29392E+12,269.5678024,17085020.86,41902,5835480,1119263811,127,405.61597,772974.6762,5.64E+93,-1069.278458,112
219,0.306584362,0.000964271,-0.138163091,149,40322.6643,3.07E+65,1274.265263,0.001935617,15674,3980111,0.001524083,0.000551822,0.68420098,4623.917027,50866.99253,62787.01252,2570300.5,7266096.75,5554720,96910,0.001215067,18118001,0.5,11058.17045,133.4,203.3726922,1.020756104,223,15001.4,0.036143527,9140407.74,66393.35988,-0.015707214,2.02516E+11,2.002185738,566.5136423,83223,81816.77482,3.50315E+12,240.9963737,15388196.77,37429,5217935.25,983548040.8,117,345.6824815,638351.9471,4.43E+93,-1145.03365,107
220,0.650205761,0.003550477,0.263617685,0,52802.26581,1.74E+84,3392.776119,0.003593973,33997,7118159,0.005538467,0.000614767,0.508378541,12072.91215,124975.3275,98417.17468,4418066.25,22024963,20618052,230666,0.00152439,31709920,0.5,36045.54545,237.4,410.8145129,1.786428846,390,26288.4,0.067975697,19072567.09,140805.5859,-0.011319512,5.84592E+11,4.104631509,2310.969757,83056,141879.9013,1.17321E+13,530.2922058,25932889.36,65563,8154812.25,1964929364,166,858.6696717,2528412.442,1.57E+94,-700.927868,117
221,0.355967078,0.000472222,-0.128988756,0,43557.37114,2.09E+69,1561.048642,0.002040353,19456,4829248,0.002101,0.000406089,0.707353139,5917.939531,64204.3696,76588.4471,3142093.5,9418682.25,7760434,119818,0.001251564,21800889,0.5,13830.17045,155.9,255.8360978,1.322198581,305,18047,0.043998124,10746687.96,77090.10621,-0.013727073,2.9598E+11,2.348248381,856.0274936,83199,91337.77394,4.8089E+12,275.3055012,18259194.05,45031,6369860.25,1221880672,139,447.2859341,783154.7587,6.56E+93,-1045.847343,117
222,0.300411523,0.00032231,-0.191952294,0,40981.06553,3.90E+65,1251.976486,0.00177676,16330,4058688,0.001451968,0.000647865,0.725649504,4459.292695,51195.85827,65155.34832,2696402.5,7172140.5,5512522,96976,0.001210654,18349817,0.5,10731,134,214.9822037,1.095672508,250,15190.4,0.037032382,8881496.767,65058.74127,-0.015202972,2.11739E+11,1.967502393,604.7387947,83226,81638.21884,3.53405E+12,235.0221015,15614941.39,37903,5403667.5,1025518441,120,355.0361392,574791.4229,4.65E+93,-1157.80925,110
223,0.300411523,0.000292768,-0.212624503,0,41055.64379,3.90E+65,1258.198199,0.001769582,16449,4174062,0.001451968,0.000601846,0.719603212,5594.564849,52724.33858,66882.24733,2706220,7296642,5678524,99250,0.001210654,18902404,0.5,10731,135.2,216.871199,1.111874937,251,15645.2,0.03775637,9204439.276,65059.1336,-0.014612994,2.22017E+11,1.995895415,621.0545354,83226,82405.45602,3.67147E+12,230.3810041,16004928.17,39040,5497470,1042079766,122,361.4858729,599053.1465,4.83E+93,-1157.629287,110
224,0.218106996,8.82E-05,-0.400541234,0,37632.54346,6.56E+60,855.5134374,0.001358077,12098,3343458,0.000490439,0.000317834,0.815813118,2400.134426,39262.42665,56980.21563,2155441,4701259,3326280,74102,0.001154734,15250609,0.5,6779.181818,104.5,166.6425683,0.785367195,159,12615.6,0.02965508,6745032.574,47235.64044,-0.017011991,1.4081E+11,1.478125507,358.7671578,83266,71261.84685,2.44524E+12,163.259675,13140294.91,31486,4479501.5,800763554.5,103,259.6775109,324351.2579,2.98E+93,-1390.800161,101
225,0.407407407,0.000891888,-0.000371744,0,45028.56888,8.48E+71,1828.578424,0.002323414,21770,5004338,0.002701956,0.000931373,0.611341845,10746.57568,69595.04974,74445.60457,3345147,10977961.5,9147798,131804,0.00129199,22453593,0.5,17010,166.5,273.3684878,1.318094934,297,18599.2,0.046495196,12183819.5,88227.90042,-0.013051242,3.15756E+11,2.632045418,1012.200415,83174,97138.60007,5.39235E+12,323.5530481,18818555.43,46399,6486977.25,1313172955,137,492.9010223,1081777.869,7.33E+93,-962.4734452,117
226,0.216049383,0.000105464,-0.372434048,0,37214.93983,2.79E+60,840.3201189,0.001359865,11790,3165903,0.000466401,0.000284472,0.813186813,1978.193246,37093.44694,53833.51648,2068853.5,4523846.25,3117450,70510,0.001153403,14429258,0.5,6690.170455,102.6,158.072235,0.698416966,133,11939,0.028186445,6398548.307,46789.56738,-0.017917369,1.27599E+11,1.453662336,332.3181916,83267,70067.97093,2.25551E+12,163.2007327,12391310.54,29795,4222256.5,764805102.3,99,245.8177359,311111.0904,2.69E+93,-1398.68777,98
227,0.255144033,0.000150423,-0.302646586,0,39220.5573,9.79E+62,1029.717599,0.001545027,14033,3681381,0.000923127,0.000250984,0.793076318,2676.298649,44600.60328,61653.13611,2415846,5778400,4263616,84268,0.001179245,16710533,0.5,8463,118.6,187.4632187,0.919052013,197,13828,0.0329908,7560693.519,55256.08677,-0.016405915,1.72516E+11,1.708057022,462.9598905,83248,75870.9636,2.91177E+12,193.8829212,14246943.22,34508,4939600,902732875,113,302.2773255,412346.3572,3.69E+93,-1272.845572,106
228,0.333333333,0.000485604,-0.141939464,0,42446.95177,5.48E+67,1426.805198,0.001937467,18119,4412185,0.00183658,0.000904804,0.68177287,7155.726657,57308.11134,68828.23648,2947299,8342514,6630012,108258,0.001234568,19889925,0.5,12525.54545,147.3,237.4872877,1.197979179,275,16467.6,0.040443661,10058725.35,72188.13772,-0.013927694,2.51817E+11,2.173501245,732.7986906,83210,86563.60216,4.11134E+12,261.8733501,16693874.93,41088,5870658,1127336854,131,401.803324,718979.8998,5.55E+93,-1088.277566,114
229,0.279835391,0.000188316,-0.288625568,0,40593.42187,7.13E+64,1162.626702,0.001658203,15448,4156555,0.001211586,0.000284758,0.794662309,3226.681486,51604.06606,69735.19336,2671284,6793438,5284552,96346,0.001196172,18884417,0.5,9671.454545,130.3,213.9020226,1.157465018,269,15624.4,0.037278518,8530728.61,60604.50572,-0.015168709,2.17439E+11,1.872898048,575.8785505,83236,80712.75757,3.56732E+12,212.7826352,16042947.23,38993,5594596,1012122860,121,351.4093143,483202.1358,4.71E+93,-1206.335161,112
230,0.240740741,0.000107873,-0.377437182,0,38787.31491,2.13E+62,969.2938932,0.001465615,13336,3749906,0.00075486,0.000163803,0.837312113,2126.675436,45033.15346,64724.83112,2360434.5,5526465.75,4121676,84262,0.001169591,17120731,0.5,7789.806818,114,187.9370683,0.964989272,211,14161.4,0.033270079,7411093.174,52138.47386,-0.016209332,1.74137E+11,1.629675788,443.6897673,83255,75329.26588,2.95722E+12,180.475373,14654944.74,35345,5006883.5,892554003,109,298.815104,365326.0481,3.75E+93,-1315.158253,106
231,0.218106996,8.36E-05,-0.413722251,0,37285.04952,2.75E+60,858.4490743,0.001359715,12029,3425986,0.000490439,0.000132172,0.8524708,1611.345149,40331.08572,59729.21599,2065154.25,4769867.5,3417758,75828,0.001154734,15670025,0.5,6779.181818,103.6,169.1910306,0.816231709,167,12960.8,0.030281784,6681074.662,47236.57202,-0.017333375,1.45099E+11,1.477823077,364.259578,83266,71798.27179,2.54058E+12,163.4877465,13508879.46,32349,4364878.75,808209319.8,102,259.6221654,306628.1359,3.11E+93,-1390.691628,97
232,0.594650206,0.002229444,0.19616316,0,51405.45448,2.65E+81,3027.389556,0.003255654,31800,6824773,0.004889435,0.000193082,0.551494617,12284.31538,113590.4504,97233.71917,4225279.5,19586686,18111919,209152,0.001464129,30457971,0.5,31103.625,223.3,393.0020899,1.755205834,390,25241.8,0.06476589,17546475.72,128775.5391,-0.011588137,5.45326E+11,3.771995673,2059.555309,83083,131920.8665,1.03515E+13,482.2816584,24956944.82,62960,7929558,1865964196,164,787.9151745,2076024.343,1.42E+94,-748.0268195,117
233,0.308641975,0.000408177,-0.160451898,0,41140.29118,7.08E+65,1288.103687,0.001823322,16718,3993321,0.001548121,0.000898877,0.667472036,7120.231121,50823.80594,61981.60304,2703636,7302562.5,5575650,96992,0.001216545,18065017,0.5,11168.18182,135.3,210.1278853,1.009204233,219,14958.4,0.036502817,9267422.281,66840.55415,-0.014493209,2.07439E+11,2.026250632,610.2541021,83222,81910.10985,3.48365E+12,240.1890423,15199151.49,37321,5306528.75,1023261074,122,353.6817785,654834.1646,4.52E+93,-1139.519715,109
234,0.189300412,6.73E-05,-0.479079984,0,35717.15448,3.73E+58,725.488841,0.001221367,10421,3081475,0.000153904,0.000169301,0.86215958,1288.100807,35357.20403,54112.49522,1787676.25,3920511,2673428,66674,0.001136364,14122615,0.5,5576.454545,91.1,151.2711412,0.675307564,127,11678.8,0.027110112,5963263.114,40998.00634,-0.018413156,1.15795E+11,1.288991482,282.5144723,83280,67849.06524,2.12257E+12,141.1388391,12320993.72,29151,3792668.25,716411405.5,89,220.4479779,247824.3415,2.49E+93,-1504.750457,89
235,0.244855967,0.000241946,-0.299423291,0,38578.10714,2.58E+62,976.0577712,0.001513162,13126,3502698,0.000802936,0.000808921,0.735792622,3790.485429,42119.06945,56918.37587,2321655,5403373.5,3902129,79862,0.001172333,15936345,0.5,7979.761364,113.9,177.848666,0.84347373,175,13187.8,0.031435172,7635509.95,53028.33349,-0.01617342,1.57325E+11,1.627214821,412.6180637,83253,74082.21068,2.69866E+12,188.214858,13709631.74,32910,4767682.5,850556711.5,108,285.181241,432199.5555,3.35E+93,-1303.138848,105
236,0.611111111,0.002600737,0.220265437,0,51746.86899,1.81E+82,3130.560533,0.003355792,32337,6882089,0.005081741,0.000305426,0.533033033,12505.00386,116362.5932,96821.76727,4272401.25,20236540.5,18757629,214820,0.001481481,30694168,0.5,32531.625,226.8,394.944538,1.761131369,390,25441,0.065372051,18012025.82,132340.0246,-0.01148558,5.52179E+11,3.871061375,2113.936004,83075,134545.6416,1.06805E+13,496.4161817,25109728.28,63454,7971970.5,1883802602,164,804.354836,2223073.906,1.45E+94,-733.5274198,117
237,0.341563786,0.000479143,-0.139756387,0,42429.05229,7.07E+67,1477.468339,0.001985132,18365,4612098,0.001932733,0.000500745,0.707922599,5455.248265,60639.49218,73384.31033,2916312,8802440.5,7132522,113656,0.001240695,20881863,0.5,12993.27273,149.2,241.929852,1.214816667,272,17286.4,0.042001232,10287796.47,73971.28268,-0.014150527,2.72051E+11,2.243321265,771.3526183,83206,88709.69848,4.44926E+12,265.9333661,17550904.68,43133,5938996,1156428011,134,416.1604891,730542.868,5.98E+93,-1072.395723,112
238,0.179012346,0.000129175,-0.455155404,0,34503.93143,2.99E+57,674.5191119,0.001211327,9463,2795205,3.37E-05,0.00015301,0.847634322,1081.966607,31988.98694,49025.12911,1549600,3542792.25,2308458,60724,0.001129944,12895458,0.5,5169.579545,84.9,133.4590316,0.539831984,86,10665.8,0.024515571,5524765.671,38769.62181,-0.020208164,94790885460,1.214672295,231.9908504,83285,65649.57581,1.8451E+12,134.2416407,11249236,26621,3257740,643250679.3,82,192.4529487,230968.4643,2.04E+93,-1552.871243,80
239,0.296296296,0.000763484,-0.207022652,144,40492.35349,1.85E+65,1234.793367,0.001851799,15682,4111615,0.001403892,0.000354175,0.733974359,3985.039868,51945.96986,66712.92949,2618943,7151400,5540256,97828,0.001207729,18698284,0.5,10515.27273,133.5,211.3413276,1.091428427,245,15476,0.037085676,8975129.794,64166.58548,-0.01532322,2.16569E+11,1.960372403,581.5775788,83228,81786.82264,3.59555E+12,228.7320357,15835606.14,38618,5413212.5,1008418239,123,352.1027888,570318.6411,4.66E+93,-1167.848236,109
240,0.738683128,0.004440503,0.334899917,0,55880.08268,5.33E+88,4038.141248,0.004013989,38838,7768084,0.006572111,0.001385342,0.469865081,11226.89249,148355.1724,104266.3494,4842864,26549934.75,25466024,271112,0.001631321,34474743,0.5,44634.30682,263.9,454.3530162,1.855184243,390,28589.8,0.074778287,21549699.83,159964.2639,-0.010798928,6.63421E+11,4.64721599,2904.239122,83013,160877.0683,1.4567E+13,604.3714086,27960812.32,71295,8652764.25,2192709682,167,1005.439322,3239963.423,1.90E+94,-635.5877555,117
241,0.300411523,0.000370464,-0.180358919,0,40756.9072,2.89E+65,1249.398697,0.001790007,16105,4012603,0.001451968,0.000751538,0.688332546,6149.036891,50758.95757,63197.66386,2653523.25,7136553,5465072,96326,0.001210654,18191866,0.5,10731,132.5,206.7310329,1.017415155,221,15060.4,0.036362665,9139832.187,65058.73519,-0.01488371,2.06283E+11,1.987296187,585.6207235,83226,81418.91182,3.4856E+12,231.7090514,15411885.5,37578,5327974.5,1004569834,119,348.8593781,623845.5755,4.48E+93,-1157.922713,109
242,0.320987654,0.000510873,-0.129619314,0,41455.50412,2.71E+66,1350.914296,0.001892661,17222,4115196,0.001692351,0.001217617,0.633498759,9069.241267,52974.20943,62528.69901,2744838,7724067,5971524,101050,0.00122549,18603515,0.5,11838.27273,137.7,216.8232974,1.043079494,227,15405.2,0.037701319,9873474.147,69513.73101,-0.013978364,2.18197E+11,2.098324811,649.292115,83216,83684.55825,3.70235E+12,251.4142709,15738009.32,38435,5396944.25,1053808365,122,367.9445915,743065.4062,4.82E+93,-1113.299614,109
243,0.197530864,5.89E-05,-0.47339415,0,36204.20661,1.40E+59,764.8383836,0.001259567,10865,3229361,0.000250057,2.90E-05,0.875438596,1184.841958,37428.46433,57249.6386,1878502,4196496,2930496,70364,0.001141553,14835569,0.5,5910.545455,94.8,157.1953222,0.733977865,143,12268,0.02835451,6181673.401,42780.87696,-0.017997305,1.27064E+11,1.352227108,308.0717506,83276,69299.53335,2.29258E+12,146.1132974,12841727.06,30622,4021642,747258757,92,234.3379225,259616.1197,2.73E+93,-1469.544039,92
244,0.308641975,0.000360334,-0.1727816,0,41090.88281,7.08E+65,1293.507875,0.001822798,16639,4123600,0.001548121,0.000686186,0.696196868,6001.00808,52439.43902,65071.20045,2697177.75,7436662.5,5754450,99376,0.001216545,18644332,0.5,11168.18182,136.2,215.1649332,1.061963823,234,15435.2,0.037520139,9293779.614,66840.97647,-0.014759624,2.16779E+11,2.036315363,624.297596,83222,82721.0943,3.64566E+12,238.7813002,15779495.59,38513,5403974.75,1038624191,121,361.2641184,635253.6883,4.77E+93,-1139.556529,109
245,0.242798354,0.000186204,-0.311255221,0,38545.40015,1.63E+62,966.6434291,0.001493136,13200,3478757,0.000778898,0.000787301,0.726061133,4732.774846,41702.68466,56150.49471,2305342,5334986.5,3838658,79104,0.00117096,15809992,0.5,7884.545455,113.8,176.1751631,0.832650725,172,13083.2,0.031178762,7649046.598,52582.30332,-0.015879488,1.54366E+11,1.624427785,411.5596634,83254,73765.24142,2.65741E+12,184.6796184,13564942.27,32649,4702022,849580055.8,106,282.0263985,435603.8635,3.30E+93,-1309.331682,104
246,0.222222222,0.000147202,-0.356169183,0,37772.16328,1.24E+61,868.5632734,0.001387857,12200,3221591,0.000538516,0.000791459,0.734510211,4109.945847,37982.88631,52418.63309,2184559.5,4696029,3263868,72214,0.001157407,14687336,0.5,6958.636364,106.2,162.9943411,0.740719738,147,12153.2,0.028815786,7046108.05,48125.98746,-0.016531468,1.34419E+11,1.486124507,351.5525949,83264,70830.47903,2.33609E+12,169.3745419,12660846.02,30329,4435138.5,786229031.8,104,256.3950853,377718.6294,2.82E+93,-1376.465535,102
247,0.240740741,0.000160462,-0.335012429,0,38539.20981,1.32E+62,960.5308001,0.001474267,13190,3547480,0.00075486,0.000544084,0.777777778,3182.359896,42421.43376,58961.77778,2304562,5345525.25,3880422,80138,0.001169591,16118598,0.5,7789.806818,113.4,181.398104,0.865896587,182,13336.6,0.031757448,7405300.168,52136.53384,-0.016247598,1.59748E+11,1.608862503,418.8807453,83255,74018.28501,2.7219E+12,183.6087646,13834771.82,33283,4751578,861068740,106,285.2974485,393168.1518,3.42E+93,-1315.538509,104
248,0.24691358,0.000189833,-0.297456153,0,38744.34931,3.21E+62,985.4290357,0.001514849,13394,3492745,0.000826974,0.000759846,0.725070028,4824.109879,42115.15615,56444.29132,2342760,5442360,3926400,79960,0.001173709,15901848,0.5,8075.454545,114.6,175.9335483,0.832377669,171,13160,0.031318355,7701116.365,53473.56953,-0.015921026,1.55311E+11,1.65260347,419.4780449,83252,74188.42739,2.69307E+12,187.7305409,13620084.93,32840,4762065,855460802.8,107,285.8067377,446558.4426,3.33E+93,-1296.907263,105
249,0.312757202,0.000392925,-0.174609274,0,41340.16924,1.51E+66,1317.789581,0.001840768,16903,4215109,0.001596198,0.000824247,0.685779017,7051.907389,53821.58347,66116.25305,2743675,7633440,5961440,101696,0.001219512,19060842,0.5,11389.63636,138.5,220.4590311,1.108164973,248,15779.2,0.038320855,9600902.039,67732.39436,-0.014253317,2.27084E+11,2.067241116,647.7374082,83220,83645.60814,3.77532E+12,241.3266039,16095684.06,39372,5524200,1060100119,122,370.6940001,665502.8664,4.98E+93,-1130.49691,110
250,0.351851852,0.000544592,-0.107142541,0,43012.48145,4.51E+68,1526.732068,0.00203618,19014,4603679,0.002052924,0.000763462,0.660956312,8379.888077,60917.13355,70957.71462,3023821.5,9035811,7305291,114854,0.001248439,20762318,0.5,13588.67045,152.1,244.9919318,1.217054075,274,17191,0.04212176,10720774.45,76198.5638,-0.013620445,2.70732E+11,2.313222312,800.903142,83201,89446.87293,4.47539E+12,273.1752725,17412350.68,42892,6023874,1176034357,133,424.6589117,821803.0741,6.02E+93,-1053.467637,114
251,0.532921811,0.001520891,0.128017339,0,49564.86786,1.96E+78,2618.459148,0.002927706,28905,6348201,0.004168288,5.44E-05,0.59633055,9834.451505,99298.96003,92976.67654,3971243.25,16695463.75,15085196,183828,0.001402525,28306447,0.5,26020.67045,206.2,363.5362553,1.647897921,369,23453,0.059821569,15592016.77,115408.7435,-0.01217807,4.9023E+11,3.401195255,1729.142441,83113,120297.6322,8.6796E+12,429.1930194,23336162.16,58503,7541966.25,1719252938,161,695.8692298,1639377.443,1.21E+94,-807.5846069,117
252,0.390946502,0.000728246,-0.052422811,0,44675.7103,1.24E+71,1747.77189,0.002224503,21215,5021305,0.00250965,0.000777185,0.643219159,9715.625069,68834.93103,76335.74603,3296445.75,10570982.5,8826450,129200,0.001278772,22577032,0.5,15960,163.9,271.8307345,1.346686732,307,18696,0.046260563,11866436.43,84664.36554,-0.012955785,3.17477E+11,2.551716439,981.4178513,83182,95749.44135,5.29102E+12,306.2495986,18844977.56,46645,6509499.75,1301234666,139,483.8591478,983286.2491,7.26E+93,-987.3601578,117
253,0.75308642,0.005448236,0.361640788,0,55641.02895,2.86E+89,4113.55444,0.004141595,38462,7642730,0.006740379,0.000792181,0.433999551,15940.75011,148479.6514,100348.4206,4809870,26804010,25611948,274278,0.001650165,34009158,0.5,46116,268.2,439.2920191,1.843776989,390,28210.8,0.073685229,22034960.16,163080.9393,-0.010551916,6.49782E+11,4.710068148,2834.081297,83006,162183.1417,1.45874E+13,620.9040142,27550140.27,70344,8568495,2146653970,163,997.3567848,3505514.8,1.84E+94,-625.555055,117
254,0.335390947,0.000486931,-0.124513087,0,42203.2312,2.54E+67,1433.835738,0.001955187,18143,4374706,0.001860618,0.000887023,0.664470196,7767.564153,57030.55607,67647.39771,2871819.75,8359251.25,6624646,108016,0.001236094,19751919,0.5,12641.76136,145,231.6683928,1.156123053,260,16354.6,0.040026594,10163272.18,72633.30525,-0.013971367,2.44493E+11,2.19869568,726.2024937,83209,86542.38625,4.09357E+12,261.6174051,16646662.57,40805,5692496.25,1118592081,126,395.882347,755741.956,5.43E+93,-1084.424451,111
255,0.843621399,0.006735388,0.413089053,0,58842.82315,1.12E+94,4834.895316,0.004587427,43498,8410862,0.007798061,0.002195888,0.421897549,8527.717076,177995.6472,109021.1508,5251779,32080552.5,31435930,321856,0.001779359,37262919,0.5,55965,297.2,495.2049985,1.924611362,390,30915.2,0.08174746,24437067.87,182686.8909,-0.010379557,7.49472E+11,5.260008408,3555.851,82962,185236.2238,1.82549E+13,697.7069434,30078020.85,77083,9154694.25,2407541945,171,1173.263553,4230116.665,2.27E+94,-569.0346344,117
256,0.650205761,0.002682814,0.24875546,0,53434.86812,1.74E+84,3414.343601,0.003526139,34992,7282388,0.005538467,0.001056551,0.536266827,9232.102899,127422.5089,102209.3683,4505377.5,22329271,21023796,233234,0.00152439,32333927,0.5,36045.54545,237.4,425.9938967,1.801830439,390,26802,0.069470845,18913013.37,140805.3147,-0.011504889,6.0311E+11,4.118832978,2430.92382,83056,143108.2904,1.20141E+13,527.8629121,26399192.13,66847,8267483.25,2025536848,168,880.4723732,2421038.249,1.64E+94,-701.2327366,117
257,0.335390947,0.000258747,-0.184756338,0,43057.64711,1.89E+68,1455.42888,0.001920804,18670,4755449,0.001860618,7.30E-05,0.793986215,3267.495349,61756.61723,79001.77096,3073122,8774290,7178031,114806,0.001236094,21401883,0.5,12641.76136,151.6,257.537881,1.40453842,341,17712.6,0.043321793,9674491.637,72634.49503,-0.014736787,2.88839E+11,2.204078919,808.8178722,83209,88914.68362,4.5719E+12,260.9847917,18065754.08,44200,6298110,1197966979,138,431.5538133,609294.2157,6.36E+93,-1084.305079,117
258,0.25308642,0.00019776,-0.301046,0,39072.62088,7.87E+62,1018.234444,0.00153968,13795,3618395,0.000899089,0.000556687,0.770891643,3228.734961,43801.2921,59912.80608,2396925,5680908.75,4161336,82916,0.001177856,16442270,0.5,8365.397727,117.6,187.1185503,0.917546977,199,13606.6,0.032590933,7606200.84,54810.62043,-0.016175257,1.69509E+11,1.677011322,449.5919162,83249,75360.67276,2.83784E+12,195.1349248,13996196.05,33955,4895742.5,889009255.3,112,298.053053,419282.0932,3.60E+93,-1278.634728,106
259,0.271604938,0.000192443,-0.280007629,0,40205.57517,2.17E+64,1113.502053,0.001621828,14962,3905883,0.001115433,0.000379171,0.792736526,3009.087595,47949.08865,65223.34027,2607001.5,6348738,4802424,90320,0.001190476,17681561,0.5,9261,126.3,205.6468505,1.096960157,257,14632,0.035274066,8002754.698,58821.05024,-0.01581527,1.96476E+11,1.796644307,527.770572,83240,78432.37735,3.21721E+12,209.7577283,15012747.66,36514,5338711.5,966292992.3,118,330.9448556,446350.3146,4.22E+93,-1227.726697,111
260,0.366255144,0.000385648,-0.120824675,0,44069.81081,6.94E+69,1621.662502,0.002078698,20262,4998371,0.002221192,0.000103253,0.755729067,4182.888131,66784.89308,81104.14854,3212820,9869032,8222532,124250,0.001259446,22450172,0.5,14442.27273,159.1,273.991145,1.4485403,348,18584.4,0.045845886,10544128.96,79317.92257,-0.014308074,3.17453E+11,2.390254237,928.9293351,83194,93239.50839,5.08818E+12,287.4299627,18867865.64,46372,6486948,1278127782,142,468.2643282,733653.6117,7.13E+93,-1028.063382,117
261,0.386831276,0.00055351,-0.069537235,0,44669.98827,7.67E+70,1728.62448,0.002190798,21206,5039238,0.002461574,0.000366705,0.700022756,6096.247196,68671.52933,79112.25896,3295656,10471224,8748768,128604,0.00127551,22616387,0.5,15702.27273,164.6,280.3104811,1.437377928,342,18727.2,0.046637361,11230709.84,83773.06797,-0.013786563,3.25923E+11,2.503845046,988.9918696,83184,95418.07843,5.27554E+12,306.6365791,18891455.92,46724,6516666,1311617239,144,484.9724768,858972.5558,7.38E+93,-994.067683,117
262,0.144032922,1.39E-05,-0.589792358,0,33008.88223,4.31E+55,525.7326481,0.00099397,8078,2377988,0.000374937,0.000100768,0.931677019,456.5173658,26143.02885,43279.2236,1283362.5,2634047.5,1568350,49780,0.001108647,10888772,0.5,3875.454545,70,117.9777606,0.39779298,50,9004,0.020894793,4289006.615,31194.1372,-0.022036425,69117738558,0.980773887,168.7881407,83302,61023.62606,1.39225E+12,107.3817808,9470302.501,22475,2634047.5,554437009.5,70,152.7618183,141884.4653,1.48E+93,-1746.319134,70
263,0.604938272,0.002450511,0.22116408,0,51657.22384,8.81E+81,3079.833041,0.003319365,32196,6783965,0.005009626,0.000345703,0.540247498,11292.69446,113582.1725,95530.77059,4260028.5,19782304.5,18234762,210776,0.001474926,30143054,0.5,31992.54545,225.6,393.8713469,1.747493043,390,24985.6,0.064638182,17561465.07,131001.9797,-0.011769776,5.43155E+11,3.826792263,2081.090898,83078,132685.1422,1.03826E+13,492.325449,24802578.2,62317,7872549.75,1871524206,162,791.6470425,2142213.067,1.42E+94,-739.1340347,117
264,0.615226337,0.002454988,0.225994385,0,52071.11742,2.93E+82,3156.568403,0.003364863,32847,6913902,0.005129817,0.000501086,0.542254944,10355.20163,116938.9842,97485.935,4317153.75,20384549.25,18899790,216120,0.001485884,30719936,0.5,32893.39773,228.2,403.1331848,1.761791095,390,25463.4,0.065957454,17861666.52,133229.7021,-0.011747247,5.63455E+11,3.887449576,2166.50448,83073,135146.4439,1.0782E+13,501.4295023,25252845.05,63509,7976562.75,1911389274,163,813.8075572,2191664.614,1.48E+94,-730.1989481,117
265,0.609053498,0.002295153,0.212167931,0,51971.93555,1.42E+82,3123.995049,0.00332428,32691,6951602,0.005057703,0.000700653,0.555680257,9777.726511,116890.3506,98903.92799,4303464.75,20261496,18818496,215064,0.00147929,30897808,0.5,32351.45455,226.7,403.3077416,1.766145284,390,25608,0.066026127,17725512.51,131893.9632,-0.01177795,5.70512E+11,3.868777819,2158.460112,83076,134655.2929,1.07548E+13,492.9853108,25333298.78,63872,8008767,1911843352,166,811.8107477,2131556.803,1.48E+94,-735.5710071,117
266,0.450617284,0.000779656,0.017792821,0,46947.35659,1.32E+74,2107.310599,0.002500813,24788,5704813,0.003206759,6.94E-05,0.677223409,6634.562553,82345.71546,87889.86109,3609976.5,13159655.25,11476038,152984,0.001328021,25467261,0.5,19911.57955,183.6,325.8950536,1.61580481,384,21092.2,0.053342354,12938020.94,97585.44444,-0.013296181,4.0785E+11,2.88850377,1322.250273,83153,106263.5441,6.7722E+12,361.4247091,21252599.62,52621,7030500.75,1515921221,154,581.8133312,1111916.089,9.65E+93,-902.7448615,117
267,0.473251029,0.001079713,0.051994727,0,47579.32312,1.85E+75,2243.365309,0.002626986,25782,5874760,0.003471179,0.000109545,0.631099298,9168.242995,86796.96209,88097.30416,3697200,14097562.5,12422530,161152,0.001347709,26249237,0.5,21515.45455,189.5,329.5767102,1.617288008,377,21742.4,0.054714938,13964768.53,102487.367,-0.012552322,4.23151E+11,3.058747029,1410.660522,83142,109972.3721,7.24445E+12,375.0100053,21719719.36,54241,7171368.75,1558463979,155,608.5991577,1316365.853,1.02E+94,-874.2985732,117
268,0.397119342,0.000639327,-0.061944971,0,44990.42201,2.55E+71,1792.754317,0.002244076,21710,5226086,0.002581765,0.000462655,0.673305268,8042.12654,71988.84599,80817.29782,3339882,11004522.25,9321514,134038,0.001283697,23472729,0.5,16350.17045,166.9,283.6473949,1.422675675,328,19435,0.047993156,11971562.09,86001.64692,-0.013068628,3.46412E+11,2.601637442,1041.931423,83179,97708.50938,5.62103E+12,309.5524003,19554036.36,48491,6671135.25,1346173066,149,503.2715597,966096.8765,7.81E+93,-977.8174119,117
269,0.508230453,0.001262497,0.090852091,0,48775.22759,1.10E+77,2466.97637,0.002797781,27663,6229459,0.003879829,0.00015573,0.622922221,9016.810865,95090.72665,92767.85708,3862257.75,15722044,14118767,175578,0.00137931,27780132,0.5,24107.76136,199.3,353.0849385,1.688609538,390,23012.6,0.058282905,14900561.07,110062.0875,-0.012368698,4.75623E+11,3.273278902,1612.279993,83125,116480.3831,8.18776E+12,404.4168234,22930080.11,57408,7447284,1665274204,162,665.3042339,1479847.629,1.15E+94,-833.9604627,117
270,0.341563786,0.000472529,-0.131497584,0,42728.76879,1.40E+68,1473.56848,0.001978075,18565,4557935,0.001932733,0.000776754,0.681708653,7469.659675,59608.6013,71020.23812,2985432,8710808.5,7010346,112184,0.001240695,20524175,0.5,12993.27273,149.8,242.9368162,1.241885776,286,16992,0.041630066,10380144.59,73970.32584,-0.013815781,2.65555E+11,2.242727826,772.8621749,83206,88192.23168,4.34646E+12,265.789473,17262491.19,42397,5982121.5,1158507246,132,415.6820176,758452.8952,5.88E+93,-1072.532734,114
271,0.652263374,0.002857666,0.258452118,0,53307.71188,2.21E+84,3417.751616,0.003550376,34792,7221015,0.005562505,0.000787783,0.52469752,10508.67987,126557.6231,100540.0792,4487827.5,22259581.5,20903297,232688,0.001526718,32047197,0.5,36235.26136,237.5,422.8225566,1.794765378,390,26566.6,0.069073839,18963426.48,141250.0718,-0.011493296,5.98748E+11,4.115688873,2403.217023,83055,142835.8836,1.19353E+13,532.3084364,26250920.42,66258,8215681.5,2009991226,167,875.2431928,2464157.707,1.62E+94,-699.5559037,117
272,0.380658436,0.000364971,-0.124512508,0,44716.4003,3.73E+70,1715.471273,0.002134959,21279,5319578,0.002389459,1.51E-05,0.761927145,4593.243065,72083.04548,86630.43384,3302061.75,10669458.75,9096080,132746,0.001270648,23895543,0.5,15319.26136,166.1,291.7281995,1.591989732,390,19778.2,0.048674799,11153627.84,82437.92341,-0.013731139,3.59958E+11,2.49923549,1035.751048,83187,96758.41673,5.64297E+12,296.2110733,19991729.27,49353,6747711.75,1355090404,152,501.9490889,784817.2752,8.03E+93,-1003.755103,117
273,0.580246914,0.001982715,0.181512586,0,51052.59591,4.93E+80,2929.910313,0.003172967,31245,6737197,0.004721167,0.000407603,0.568940713,10394.29546,110204.5199,96769.12531,4176578.25,18902742,17393196,203162,0.001449275,29975388,0.5,29879.18182,219,388.4510883,1.743210824,390,24840.4,0.06378238,16969810.83,125656.2248,-0.011860319,5.35245E+11,3.697187084,1992.880478,83090,129158.5503,9.96216E+12,467.8786062,24643022.68,61960,7842627,1840287562,164,768.0098778,1948397.461,1.38E+94,-761.34141,117
274,0.452674897,0.000945704,0.036065878,0,46775.69566,1.67E+74,2110.385312,0.00253025,24518,5624318,0.003230797,0.000280734,0.655541719,7402.963367,81338.1547,85508.72976,3586284,13095610,11363000,151920,0.001329787,25101791,0.5,20055,184,320.0663308,1.611924762,386,20792,0.052674265,13031864.58,98030.54979,-0.013261446,3.96808E+11,2.891952655,1291.467622,83152,105890.4675,6.6693E+12,364.709355,20990479.83,51870,6964483.5,1492386270,151,575.0277141,1154963.101,9.41E+93,-900.1136088,117
275,0.598765432,0.002305762,0.201471594,0,51616.53385,4.28E+81,3054.050143,0.003275386,32132,6866899,0.004937511,0.000361598,0.552435123,11689.92203,114447.1508,97626.43512,4254412.5,19769012.25,18299826,210744,0.001468429,30562473,0.5,31457.76136,224.1,396.1207526,1.757808752,390,25329,0.065075687,17590126.69,129666.3049,-0.011607297,5.5052E+11,3.809011537,2091.011988,83081,132657.328,1.04555E+13,483.6672538,25048181.24,63177,7948365.75,1882413253,164,794.5456311,2097504.269,1.44E+94,-744.4511893,117
276,0.304526749,0.000120508,-0.270045799,0,42109.69731,5.15E+66,1298.6154,0.001755352,17179,4590792,0.001500045,9.28E-05,0.863945578,1970.674906,57872.27305,79305.29252,2942286.75,7802005,6296956,107146,0.001213592,20677759,0.5,10948.63636,143.8,247.2249675,1.489050032,381,17107.6,0.041504825,8715587.594,65951.25074,-0.015216588,2.70708E+11,2.02130227,713.01139,83224,85218.37247,4.18652E+12,233.928813,17547098.76,42695,6167801.25,1134842913,136,402.1046905,474255.4396,5.84E+93,-1148.195438,117
277,0.528806584,0.001638044,0.130270443,0,49270.50116,1.21E+78,2585.558926,0.00292192,28442,6260739,0.004120212,2.50E-06,0.584751946,11102.21685,97510.86446,91005.96522,3930615,16409000.25,14758482,181158,0.001398601,27908921,0.5,25697.07955,204.8,355.2336459,1.679087653,385,23124.6,0.058828758,15552080.77,114517.4665,-0.012071024,4.77841E+11,3.391742117,1673.207524,83115,119113.0235,8.46418E+12,422.844658,22978990.31,57683,7470245.25,1687615102,161,682.2610523,1658276.145,1.17E+94,-811.8628033,117
278,0.333333333,0.000192637,-0.206024689,0,43096.42976,1.49E+68,1450.366349,0.001899766,18731,4844263,0.00183658,5.67E-05,0.827697262,2581.218375,62688.52022,81879.00966,3078474.75,8813083.5,7257438,116004,0.001234568,21772227,0.5,12525.54545,152.1,264.5714096,1.508538417,378,18016.8,0.044105895,9515650.882,72189.08388,-0.014816085,3.00805E+11,2.194684406,826.1475249,83210,89264.35642,4.67272E+12,258.7194813,18412409.2,44961,6365004.75,1216982962,141,437.407435,571402.768,6.60E+93,-1088.250989,117
279,0.619341564,0.002485476,0.223084883,0,52231.97006,4.73E+82,3193.938007,0.003379771,33100,7014625,0.005177894,0.0004262,0.542037652,12014.72194,119283.0801,99026.57395,4339354.5,20748306.25,19329618,219338,0.001490313,31209810,0.5,33257.07955,229,407.3828956,1.773906055,390,25867.8,0.066775887,18150440.24,134121.9226,-0.0115838,5.75818E+11,3.91429576,2210.281852,83071,136635.8391,1.10448E+13,504.632928,25577136.21,64519,8064956.25,1930894629,166,826.6712993,2228998.529,1.51E+94,-726.5792444,117
280,0.467078189,0.000987222,0.031999692,0,47390.4961,9.00E+74,2213.883345,0.002590942,25485,5916888,0.003399065,7.07E-05,0.656582589,7971.647034,87029.14995,90272.15504,3671138.25,13995912,12369911,160742,0.001342282,26483482,0.5,21072.30682,188.9,332.2089061,1.643546439,385,21933.4,0.055058213,13734880.63,101151.2158,-0.012718078,4.35619E+11,3.013215733,1403.158554,83145,109683.5022,7.27266E+12,371.2732013,21936207.01,54720,7213752,1558146464,160,608.5181695,1239333.18,1.03E+94,-881.716313,117
281,0.594650206,0.00224908,0.190353092,0,51505.27213,2.65E+81,3034.203725,0.003253382,31957,6905274,0.004889435,0.000327863,0.562956555,11237.60331,114739.0341,98947.65359,4239056.25,19724755.75,18296012,210426,0.001464129,30767567,0.5,31103.625,223.3,397.9850712,1.762846656,390,25496.6,0.065333695,17522829.27,128775.3112,-0.011614969,5.62874E+11,3.78751014,2087.868895,83083,132497.4105,1.04833E+13,479.7080648,25195578.39,63597,7985454.75,1884574197,166,795.1330555,2052632.518,1.45E+94,-748.0515394,117
282,0.491769547,0.001274105,0.083961441,0,48118.46559,1.61E+76,2352.021942,0.002725551,26630,5956796,0.003687524,0.000298933,0.614359551,10185.788,89597.19845,88365.19876,3771612,14778804,13082143,166834,0.001364256,26602062,0.5,22870.67045,194.6,339.146613,1.646617161,385,22038.2,0.055936642,14391376.6,106495.7768,-0.012505448,4.35478E+11,3.138530768,1489.592785,83133,112609.2414,7.57398E+12,396.3661317,22042022.75,54976,7234812,1596844707,155,630.4244611,1405683.092,1.06E+94,-852.4210281,117
283,0.475308642,0.000954209,0.044986424,0,47742.08311,2.35E+75,2263.461191,0.002627008,26038,5990752,0.003495218,0.000144269,0.665047995,6920.540654,88587.23575,91607.61062,3719664,14333261.25,12709158,163628,0.001349528,26738627,0.5,21664.125,191.1,340.2936649,1.662712312,390,22145.8,0.055916871,13750308.06,102931.9853,-0.012998215,4.46797E+11,3.054056835,1455.963486,83141,111006.7116,7.46275E+12,379.9182171,22208927.19,55249,7259703.75,1588500747,160,621.7330513,1242920.996,1.06E+94,-871.9039669,117
284,0.368312757,0.000370428,-0.130100944,0,44187.43033,8.83E+69,1638.514253,0.002082996,20447,5090395,0.00224523,9.10E-05,0.757956186,4434.277612,68231.25318,82806.76819,3229053.75,10046598.75,8431616,126428,0.001261034,22892453,0.5,14566.125,161.6,278.4097152,1.497929292,363,18949,0.046627815,10727935.21,79763.96651,-0.014031464,3.3077E+11,2.412419078,953.3989253,83193,94087.5515,5.2346E+12,287.5859494,19192702.03,47283,6566771.25,1296839060,146,476.5921895,744534.3439,7.37E+93,-1024.399374,117
285,0.563786008,0.001828734,0.15631932,0,50591.01874,7.21E+79,2827.787214,0.003082603,30519,6667284,0.004528862,0.000173051,0.578754579,11489.3934,107489.3511,96544,4112871.75,18258949,16755648,197654,0.001432665,29719757,0.5,28508.45455,214.3,380.8248472,1.736805489,390,24625.2,0.062800081,16660780.17,122092.2467,-0.011751309,5.26185E+11,3.608170227,1916.595675,83098,126599.5635,9.62119E+12,452.0528382,24377770.79,61426,7796704.5,1807951432,164,747.881443,1855484.056,1.34E+94,-776.7341338,117
286,0.294238683,0.000114664,-0.281938457,0,41712.96984,1.55E+66,1242.217221,0.001708665,16555,4436279,0.001379854,5.72E-05,0.865458485,1803.482653,55408.01991,76754.28937,2887530.75,7388238,5883735,102882,0.001206273,19996388,0.5,10408.125,138.5,237.9689823,1.413198694,358,16543.8,0.040102529,8415650.879,63723.08466,-0.015514447,2.53343E+11,1.951976229,663.8973676,83229,83411.02306,3.94601E+12,226.3034093,17033456.06,41288,6044922,1094903583,132,385.750343,448583.2353,5.45E+93,-1171.665446,117
287,0.360082305,0.000359997,-0.138000374,0,43838.38644,3.38E+69,1590.446659,0.002047081,19898,5000921,0.002149077,0.000100787,0.771165846,3745.787774,66383.32928,81827.86207,3180879,9703618.75,8085000,123200,0.001254705,22453099,0.5,14073.57955,159.1,274.6491183,1.492166028,365,18585,0.045836238,10383965.1,77981.10739,-0.014393034,3.20983E+11,2.350933898,912.049467,83197,92673.34892,5.05333E+12,282.5731494,18933095.11,46375,6487562.25,1270425775,143,464.6939465,699780.5601,7.12E+93,-1038.772089,117
288,0.497942387,0.001264724,0.087260757,0,48367.69183,3.31E+76,2394.402866,0.002754356,27022,6068913,0.003759638,9.85E-05,0.620349096,9900.321905,91652.1564,90178.90861,3806010,15130566,13468268,170114,0.001369863,27047742,0.5,23331,195.2,346.2337114,1.662780776,387,22406.8,0.056926154,14545103.83,107833.4866,-0.012490734,4.54353E+11,3.195255541,1538.258534,83130,114056.2223,7.81021E+12,398.2409927,22424275.76,55896,7315191,1626673850,160,644.2587833,1427919.674,1.10E+94,-845.4671219,117
289,0.522633745,0.001258669,0.106778358,0,49369.68303,5.91E+77,2560.469791,0.002862753,28598,6359752,0.004048097,0.00023212,0.627089104,8328.646447,98392.10884,94872.31147,3944304,16385667,14810232,181386,0.001392758,28337564,0.5,25215.27273,203.6,367.0081515,1.70245178,390,23475.6,0.059894045,15136350.52,113180.7525,-0.012521037,4.95793E+11,3.335807467,1712.849887,83118,119126.9828,8.58617E+12,420.9840727,23442273.45,58562,7547728.5,1717319771,162,690.8322703,1512506.596,1.22E+94,-818.4463972,117
290,0.409465021,0.000504277,-0.056166461,0,45582.33432,1.08E+72,1871.323534,0.002288978,22641,5456483,0.002725994,9.28E-05,0.739962438,4295.248705,75775.53768,87396.57332,3421577.25,11634535,9995571,140258,0.001293661,24411190,0.5,17143.39773,172.3,306.8281009,1.604884368,390,20211,0.050514187,11647355.93,88674.57023,-0.013973554,3.78993E+11,2.648322272,1143.691706,83173,100368.0747,6.05376E+12,324.9561474,20471886.73,50428,6840405,1417671357,152,532.6618735,879811.5916,8.65E+93,-959.4903219,117
291,0.462962963,0.001120238,0.045897902,0,47084.68533,5.57E+74,2175.649422,0.002585308,25004,5736104,0.003350988,0.000516567,0.616785714,11076.85048,84011.55428,85382.45357,3628930.5,13588706.25,11882250,156470,0.001338688,25665555,0.5,20779.26136,186.9,318.9145645,1.564360488,362,21259,0.053419351,13851092.44,100259.2051,-0.012406476,4.06548E+11,2.989982124,1335.697454,83147,107899.8842,6.94301E+12,367.3707519,21309326.99,53035,7066127.25,1514048106,152,589.0585203,1309344.004,9.68E+93,-886.8301151,117
292,0.563786008,0.001833858,0.162211654,0,50528.71218,7.21E+79,2821.686177,0.003088316,30421,6619830,0.004528862,0.000306393,0.579155638,10519.50935,106613.391,95777.36857,4104272.25,18155993.5,16618374,196652,0.001432665,29476268,0.5,28508.45455,214,379.8209542,1.730795989,390,24424.8,0.062472525,16517655.31,122091.8986,-0.011937065,5.24232E+11,3.601434267,1900.47668,83098,126159.8659,9.5288E+12,453.2129963,24224394.28,60925,7752741.75,1799011901,166,743.4575367,1841139.838,1.32E+94,-776.8674785,117
293,0.300411523,0.00017274,-0.267353753,0,41886.53811,3.18E+66,1273.946155,0.001743476,16828,4482772,0.001451968,0.000194516,0.81228153,3115.455413,56438.66671,75494.21171,2911486.5,7599190.5,6081922,104776,0.001210654,20245217,0.5,10731,140.3,237.7624538,1.357837663,334,16750.4,0.040434955,8985723.478,65060.23917,-0.014743523,2.5558E+11,1.998998887,680.4394244,83226,84269.90308,4.03898E+12,230.0291072,17152159.67,41803,6089762.25,1104771745,131,391.5685729,515362.1685,5.54E+93,-1157.329206,117
294,0.53909465,0.001527281,0.127194496,0,49826.17394,4.04E+78,2666.437426,0.002953777,29316,6487818,0.004240403,0.000243115,0.603755374,9810.858101,102067.0365,95434.67105,4007308.5,17136830.5,15590834,187920,0.001408451,28920294,0.5,26509.63636,208.3,371.2863501,1.716929757,390,23960,0.060996784,15812301.12,116745.3685,-0.012115885,5.05243E+11,3.45710866,1788.181712,83110,122119.8836,8.99525E+12,431.3505386,23807261.4,59769,7652706.75,1750677778,164,712.838389,1664883.257,1.26E+94,-801.2428166,117
295,0.255144033,7.01E-05,-0.360328619,0,39959.89144,5.82E+63,1042.717473,0.001521728,14312,3994341,0.000923127,5.93E-05,0.894177813,1204.503109,48236.96239,70489.93312,2598830.5,6041590,4614536,89928,0.001179245,18085930,0.5,8463,121,208.949441,1.186331225,288,14960,0.035785125,7396126.929,55256.92052,-0.016413518,2.0181E+11,1.706538677,512.1567057,83248,77696.27327,3.26103E+12,194.437076,15523540.07,37338,5505642.5,964165405,117,330.377551,350571.7853,4.34E+93,-1272.425664,113
296,0.388888889,0.000434359,-0.090983874,0,44836.56295,9.76E+70,1753.427414,0.002188285,21468,5274182,0.002485612,9.98E-06,0.751491613,4183.528478,71940.37937,85238.09085,3318646.5,10828802.25,9197874,133242,0.001277139,23651576,0.5,15830.89773,167.4,292.7715485,1.580888012,388,19579.8,0.048627179,11155561.22,84219.19449,-0.0140719,3.55525E+11,2.529110667,1043.928272,83183,97183.45655,5.6373E+12,306.5173003,19854184.93,48855,6703544.25,1355423607,149,504.3299327,806180.8199,8.02E+93,-990.7653785,117
297,0.483539095,0.000962501,0.05127186,0,48009.747,6.15E+75,2318.204097,0.002665392,26459,6097009,0.003591371,0.000278695,0.66710311,6257.328536,90980.10426,93437.79509,3756606.75,14762758.75,13171280,167556,0.001356852,27239216,0.5,22263.57955,193.3,345.8436086,1.675115152,390,22560.2,0.056953952,13978977.45,104715.385,-0.012965869,4.6238E+11,3.106977729,1506.944611,83137,112753.3855,7.73271E+12,386.4622837,22593584.77,56283,7349969.25,1615455327,162,637.0694401,1274350.189,1.10E+94,-862.0857671,117
298,0.279835391,0.000149108,-0.286965088,0,40801.71651,9.43E+64,1160.971811,0.001649405,15647,4123667,0.001211586,0.000198524,0.823747277,2592.134456,50923.18356,69922.47059,2711971.75,6740704,5214240,95312,0.001196172,18633143,0.5,9671.454545,130.9,218.524324,1.17434052,278,15417.6,0.03723688,8175931.049,60603.79002,-0.015588488,2.19785E+11,1.856791922,582.6454562,83236,80370.98125,3.50316E+12,215.1682965,15856010.98,38476,5600732,1020250391,126,352.0635291,445817.8094,4.70E+93,-1206.505252,113
299,0.384773663,0.000423565,-0.110031385,0,44825.75467,6.03E+70,1735.327648,0.002159346,21451,5304897,0.002437536,0.000154265,0.740842965,5408.679972,72122.29162,85287.37853,3317154.75,10760026.75,9161504,133140,0.001273885,23810006,0.5,15574.125,166.3,291.1977195,1.577082088,385,19709,0.048626031,11350513.07,83328.92685,-0.013538139,3.57381E+11,2.520950774,1043.076989,83185,97025.93615,5.64529E+12,300.1378648,19913746.72,49179,6732209.25,1357381593,151,503.4233776,823208.6198,8.02E+93,-997.1067135,117
300,0.318930041,0.0002131,-0.229677236,0,42521.68354,2.77E+67,1371.709267,0.001834284,17827,4673369,0.001668312,0.000163211,0.802429828,3455.831324,59824.76103,78155.15978,2999148.75,8265375,6720955,110902,0.00122399,21073362,0.5,11725.39773,146.9,249.987961,1.432231269,355,17437.4,0.042317717,9445892.115,69070.45977,-0.014532601,2.79142E+11,2.11412187,754.3979375,83217,87006.83618,4.37657E+12,245.3493016,17812848.28,43516,6239025,1161071423,136,415.5721069,568974.4607,6.07E+93,-1117.175424,117
301,0.425925926,0.000637199,-0.036725713,0,46128.47038,7.37E+72,1971.572583,0.002372259,23500,5641207,0.0029183,6.12E-06,0.710989166,5858.402571,79721.38582,88962.88167,3496954.5,12376012.5,10762965,147046,0.00130719,25269461,0.5,18227.76136,178.5,314.4134225,1.626163516,390,20922.2,0.052116127,12411300.97,92239.99896,-0.013321814,4.01871E+11,2.76615262,1224.728986,83165,103375.0272,6.46933E+12,335.9467489,21053736.81,52202,6995137.5,1463951387,156,557.3591553,994184.7111,9.21E+93,-935.704781,117
302,0.380658436,0.000434159,-0.112260631,0,44651.55062,3.73E+70,1709.501657,0.002140466,21177,5233470,0.002389459,0.000258373,0.736251469,5795.147029,70810.15791,83850.52844,3293111.25,10548191.25,8934390,130998,0.001270648,23470769,0.5,15319.26136,164.9,287.6092867,1.535352247,372,19428.6,0.048003346,11240286.19,82437.63479,-0.0135184,3.4657E+11,2.492181701,1016.566854,83187,96119.47709,5.50604E+12,297.1731322,19649715.18,48479,6671018.25,1339522620,148,495.2723325,813015.8664,7.81E+93,-1003.757339,117
303,0.312757202,0.000221768,-0.238662774,0,42275.63621,1.35E+67,1337.706901,0.00180672,17440,4587078,0.001596198,0.000206646,0.79827466,3531.335825,58389.01437,76563.34193,2965189.5,8016024,6471552,108408,0.001219512,20691828,0.5,11389.63636,143.6,243.1617322,1.376625355,337,17121.6,0.041447053,9313492.727,67733.86469,-0.014515815,2.68966E+11,2.07799843,722.8366094,83220,85938.27933,4.2297E+12,239.7588426,17490047.37,42728,6170229,1135813070,136,405.4426835,557207.3413,5.83E+93,-1130.158147,117
304,0.320987654,0.000182001,-0.233793407,0,42636.12416,3.52E+67,1385.401468,0.001839955,18007,4746909,0.001692351,5.53E-06,0.830355666,2712.296077,60817.69954,80526.49752,3014943.75,8392839,6863220,112482,0.00122549,21381478,0.5,11838.27273,149.1,254.8269126,1.52959169,390,17691.6,0.042970715,9320062.805,69516.01759,-0.014763199,2.87932E+11,2.126690683,773.7736731,83216,87621.6827,4.47875E+12,247.1256769,18072132,44151,6294629.25,1177979620,139,422.0797532,545448.3359,6.26E+93,-1112.952182,117
305,0.310699588,0.000261467,-0.226643872,0,42089.30409,7.76E+66,1321.509036,0.001803106,17282,4458575,0.001572159,0.00046594,0.755584989,4716.876048,56710.05343,72730.37492,2926129,7833313.75,6255628,105808,0.001218027,20133901,0.5,11278.67045,141.1,236.403343,1.25515078,295,16661.8,0.040362855,9457612.968,67287.99929,-0.014291165,2.55037E+11,2.05956971,697.5508533,83221,84980.02327,4.05847E+12,239.007691,16995095.4,41579,6017645,1112317773,132,394.4010326,593312.2417,5.52E+93,-1134.601124,116
306,0.323045267,0.00019667,-0.227574871,0,42683.80775,4.47E+67,1395.483314,0.001851758,18082,4746565,0.001716389,2.75E-05,0.824840764,2803.10152,60933.07965,80271.09554,3021525,8445775.75,6906116,112782,0.001226994,21378084,0.5,11951.625,149.8,256.0481431,1.473109463,368,17689.4,0.043048718,9370116.419,69961.49951,-0.014712866,2.92429E+11,2.13717425,778.4069124,83215,87796.26722,4.48864E+12,249.1550641,18056794.35,44145,6293985.75,1181340077,142,423.5061165,553464.8242,6.28E+93,-1108.717127,117
307,0.504115226,0.001333599,0.082494662,0,48585.129,6.80E+76,2443.332028,0.002782225,27364,6206288,0.003831753,0.000118145,0.619504851,10080.36898,94595.59381,92468.86848,3836020.5,15583102.5,13988765,174464,0.001375516,27749037,0.5,23795.625,197.6,350.628604,1.687817868,390,22985.8,0.058029279,14934833.24,109170.7754,-0.012172524,4.76701E+11,3.245203577,1587.913184,83127,115951.7372,8.12309E+12,401.5188622,22869925.29,57342,7441726.5,1653195803,163,660.178658,1476650.774,1.14E+94,-838.298202,117
308,0.310699588,0.00026372,-0.230510534,0,42072.18622,1.06E+67,1323.589364,0.00180828,17120,4506081,0.001572159,0.000281875,0.781810155,3651.363303,57380.99578,74697.0453,2937109.5,7889259.25,6330222,106796,0.001218027,20374006,0.5,11278.67045,142.9,237.1767216,1.322614777,319,16859.4,0.040742668,9322676.058,67288.03138,-0.014611991,2.58527E+11,2.060475923,697.5144808,83221,85316.81002,4.12867E+12,238.9007308,17225510.41,42073,6112869.75,1113009653,131,398.2572983,567539.7273,5.63E+93,-1134.637055,117
309,0.37037037,0.000657143,-0.06984458,0,43925.48847,1.12E+70,1625.142467,0.00212525,20035,4732612,0.002269268,0.000951179,0.651893234,8872.244297,63491.96203,72219.1203,3192900.75,9645705,7869420,120018,0.001262626,21247350,0.5,14690.45455,157.5,258.9003901,1.293235614,299,17595.6,0.043787195,11071109.28,80207.44435,-0.013464941,2.88121E+11,2.401061045,877.2764494,83192,91830.8896,4.74897E+12,292.9622825,17860829.18,43899,6269708.25,1230085397,136,450.7811207,876855.7265,6.50E+93,-1021.013209,117
310,0.047325103,5.23E-06,-0.814687231,0,27110.61367,4.44E+51,153.2606083,0.000540002,2572,767971,0.001504734,5.45E-05,0.853754941,166.435027,8031.300617,13651.05138,326968,606285.75,169372,15280,0.001053741,3578878,0.5,1015.397727,23,35.86392799,0.09886355,4,2959.4,0.006664313,1523932.862,10249.60879,-0.050541496,6851455728,0.325428324,17.14061292,83349,47549.98255,2.9633E+11,34.9273566,3200222.343,7387,606285.75,175195000.8,23,36.21371721,36161.74201,1.51E+92,-3125.801968,23
311,0.230452675,0.000284866,-0.330956549,0,37867.56228,2.28E+61,906.0282454,0.001465112,12480,3290790,0.000634668,0.000670931,0.768661519,2956.221204,38988.14494,54427.02091,2184377.5,4916212,3446576,74202,0.001162791,14955615,0.5,7323.272727,108.7,170.4280142,0.773029989,157,12376.4,0.029673546,6933919.904,49908.60898,-0.016949336,1.41319E+11,1.522145928,370.325858,83260,71759.49395,2.41972E+12,178.5126357,12853613.45,30885,4433369.75,808699749.5,103,263.3552542,362800.3525,2.99E+93,-1349.136088,101
312,0.302469136,0.000402467,-0.164501865,0,40417.72351,1.44E+65,1255.190791,0.001808947,15959,3910528,0.001476006,0.000807496,0.69527537,5484.199769,49689.98656,61980.96282,2568963,7089369,5374467,94878,0.001212121,17768576,0.5,10839.57955,132.6,202.7437138,0.937748727,194,14712.6,0.035721178,8865400.653,65502.87548,-0.015287829,1.9811E+11,1.969785345,570.0742799,83225,80996.64112,3.37651E+12,238.2105446,14964977.11,36708,5112062,985789264,118,340.5515217,598275.0736,4.33E+93,-1153.416065,106
313,0.150205761,4.47E-05,-0.467747361,0,33063.56959,9.48E+55,542.1877814,0.001055815,7824,2060795,0.000302822,0.000366365,0.849315068,958.2295979,23037.84693,36213.28767,1324402.5,2592321.25,1429486,44566,0.001112347,9516814,0.5,4093.806818,73,99.38949625,0.320377308,33,7876.6,0.018403644,4070415.409,32529.52015,-0.023643909,55792633913,0.989379762,143.9901098,83299,59759.19861,1.17022E+12,117.0126621,8202193.371,19655,2592321.25,495246849.5,73,144.1239645,161057.9041,1.15E+93,-1709.107141,73
314,0.234567901,9.67E-05,-0.380195938,0,38634.40583,1.11E+62,935.9699965,0.001431464,13090,3586730,0.000682745,0.00022699,0.839931688,2004.632381,42630.46753,61709.46887,2340877.5,5240437.5,3823446,80188,0.001165501,16299866,0.5,7508.454545,112.2,184.5608825,0.9293091,205,13484,0.032030566,7037304.401,50800.96668,-0.016589095,1.6452E+11,1.573704353,419.2801073,83258,73801.3074,2.73525E+12,177.9252451,13930273.08,33653,4872687.5,867884627.5,110,287.3308256,339364.5536,3.48E+93,-1334.815793,106
315,0.179012346,3.59E-05,-0.52116742,0,35350.78325,1.05E+58,680.3101369,0.001160318,10051,2968988,3.37E-05,4.63E-05,0.889601711,1009.833961,33714.63821,52876.72467,1723404.75,3637339.5,2434521,63622,0.001129944,13599670,0.5,5169.579545,87,146.3743756,0.641828138,119,11245.4,0.026071921,5587007.523,38770.03561,-0.018777748,1.07761E+11,1.222783965,262.048882,83285,66515.78507,1.98424E+12,132.8623063,11837544.68,28070,3637339.5,691713708.5,87,208.9232781,216969.7922,2.30E+93,-1551.419651,87
316,0.257201646,0.000166025,-0.318476133,0,39382.76964,1.57E+63,1044.212639,0.001550309,14165,3796857,0.000947165,0.000374959,0.797032258,2844.897796,46130.49452,63796.44219,2449203.25,5929687.5,4437625,86752,0.001180638,17253391,0.5,8561.079545,120.5,194.7854056,0.981180383,216,14275.4,0.034029386,7775489.745,55702.43507,-0.015885271,1.84136E+11,1.716583821,482.0262536,83247,76748.19984,3.04986E+12,196.3577239,14679968.22,35626,5075812.5,925041964.5,115,311.6106544,417798.4059,3.93E+93,-1266.664536,107
317,0.28600823,0.000229603,-0.26767305,0,40794.16445,1.42E+65,1191.15967,0.001689193,15767,4155487,0.001283701,0.000486142,0.769262851,3943.310312,51785.1081,68564.24325,2698080,6932347,5386667,96966,0.00120048,18833876,0.5,9984.306818,132.1,217.4036505,1.151125316,267,15584.6,0.037485823,8726761.271,61940.93182,-0.014829832,2.23052E+11,1.903601818,591.038976,83233,81140.32377,3.57959E+12,218.9363593,15957386.82,38892,5585776,1024395537,125,355.3390828,513705.749,4.76E+93,-1191.151232,112
318,0.594650206,0.002673832,0.214812307,0,50976.93794,2.65E+81,3005.892151,0.003290745,31126,6638117,0.004889435,0.000280355,0.514129181,16448.80363,110700.0584,92464.84083,4166136,19239235.75,17648652,205946,0.001464129,29678901,0.5,31103.625,223.3,374.5621842,1.697516295,375,24600.6,0.062909513,17748610.09,128775.345,-0.01132626,5.17251E+11,3.768413591,1958.121514,83083,130470.0031,1.00087E+13,482.9287817,24295471.59,61357,7788894.75,1806040353,159,765.0513202,2208592.986,1.34E+94,-747.8806075,117
319,0.28600823,0.000304788,-0.231752447,0,40429.81124,6.04E+64,1180.691318,0.001703993,15582,3920373,0.001283701,0.000797464,0.712960067,5300.988673,48993.06903,62773.13461,2610768,6712692.25,5093794,92752,0.00120048,17809865,0.5,9984.306818,130.3,205.3336593,1.010467215,222,14741.8,0.035604135,8730236.418,61940.15253,-0.01482566,2.02732E+11,1.886634425,554.783638,83233,79738.82965,3.3093E+12,221.5340082,15033997.54,36785,5263909.75,983884068.5,123,337.2265101,552755.7289,4.30E+93,-1191.295156,109
320,0.29218107,0.000369166,-0.198881317,0,40213.66392,6.59E+64,1207.6685,0.001756604,15499,3900281,0.001355815,0.00061376,0.715313156,4691.293332,49278.45711,62837.06683,2556256.75,6856079.5,5201886,93572,0.001204819,17803550,0.5,10301.45455,130.3,198.0191888,0.961629316,203,14738.4,0.035269189,8706629.266,63276.89768,-0.015382804,1.96728E+11,1.925657312,546.6371596,83230,80220.84166,3.33423E+12,226.6242387,14994515.54,36775,5166200.75,967549078.8,120,334.7476567,565222.9015,4.22E+93,-1176.808409,107
321,0.197530864,8.34E-05,-0.42441725,0,36384.12399,2.07E+59,756.6644106,0.001263344,10918,2979204,0.000250057,0.000506408,0.786184211,2698.356939,34415.02662,50088.17763,1923028.5,4017648,2692032,65396,0.001141553,13628347,0.5,5910.545455,95.4,147.9951036,0.637515594,117,11274.4,0.026447676,6208800.687,42779.20367,-0.017818592,1.1314E+11,1.335926097,288.7557318,83276,67786.90579,2.03927E+12,148.357606,11825222.64,28138,3933947,715932815.5,95,224.4079657,293682.9833,2.37E+93,-1469.951153,94
322,0.240740741,0.00014195,-0.344281749,0,38805.96236,2.13E+62,960.7369426,0.00146668,13366,3527950,0.00075486,0.000517685,0.793987622,2898.568586,42118.71746,59070.63042,2362819.5,5324553,3852459,79660,0.001169591,16002444,0.5,7789.806818,114.6,184.7157972,0.901491318,197,13241,0.031792896,7233722.983,52136.07993,-0.016262307,1.63096E+11,1.598393496,424.9438531,83255,73866.3333,2.68694E+12,185.1217958,13647060.58,33044,4823954,869095231,112,287.7387841,373595.4052,3.43E+93,-1315.406325,106
323,0.33127572,0.000306416,-0.16260283,0,42847.83931,1.17E+68,1421.668208,0.001909264,18340,4510239,0.001812542,0.00039504,0.758307453,4171.485589,58203.99085,73245.81359,3044164.5,8379325.5,6706777,109396,0.001233046,20245198,0.5,12409.80682,148.1,248.5003071,1.34006887,327,16759.4,0.041453967,9484038.012,71742.23268,-0.014827601,2.63462E+11,2.154554759,760.2657582,83211,86895.43344,4.21495E+12,261.2543573,17128633.19,41818,6089323.5,1156468963,133,413.0132503,617088.1933,5.83E+93,-1092.542119,117
324,0.267489712,0.000279208,-0.273208987,0,39500.26903,3.62E+63,1089.788738,0.001617185,14483,3781535,0.001067357,0.00072204,0.735957066,4303.785825,46521.97172,61515.3746,2451621,6160375,4606680,87902,0.001187648,17221807,0.5,9058.636364,122.8,193.3378659,0.944563246,202,14252.4,0.034015093,8250050.846,57929.90986,-0.015357337,1.84917E+11,1.771286918,492.6405915,83242,77494.51924,3.08249E+12,206.2874105,14606772.6,35566,5023075,928096889.3,118,314.3395399,487767.2645,3.92E+93,-1238.520222,106
325,0.281893004,0.00015176,-0.297807286,0,41038.64071,2.09E+65,1176.081193,0.001656092,15758,4248668,0.001235624,0.00016489,0.831794762,2585.790669,52606.20549,72421.8377,2769487.5,6913122.75,5416432,97978,0.001197605,19214400,0.5,9775.261364,132.2,222.7340809,1.247672907,301,15896.6,0.03818488,8363401.616,61049.85383,-0.015294537,2.29557E+11,1.880237656,601.7173343,83235,81327.79331,3.66655E+12,215.2580789,16343746.89,39673,5802986.25,1039028190,126,362.8489132,452574.2574,4.94E+93,-1201.228652,115
326,0.360082305,0.000438204,-0.121678082,0,43845.38004,3.38E+69,1582.463703,0.002052881,19909,4843944,0.002149077,0.000453988,0.708571429,6413.426963,64417.20902,76581.58857,3181844.25,9522756.25,7843850,120444,0.001254705,21783393,0.5,14073.57955,156.1,263.1718414,1.367944597,323,18033.8,0.044430562,10724989.24,77980.73004,-0.013700797,2.97412E+11,2.361137476,884.568067,83197,91686.43366,4.83319E+12,280.4976652,18266131.54,44997,6366642.75,1243936938,138,453.0005087,779471.2176,6.69E+93,-1038.628615,117
327,0.261316872,0.000154742,-0.313268439,0,39762.48544,4.11E+63,1065.462986,0.001565402,14515,3874964,0.000995242,0.000371374,0.803149606,2922.170404,47124.48815,65135.17323,2523540.75,6083744.5,4587621,88502,0.001183432,17555690,0.5,8758.670455,121.9,201.5540323,1.042511423,237,14525.4,0.034817323,7863474.111,56592.56544,-0.015755316,1.91655E+11,1.74153172,505.3734379,83245,77466.39778,3.14886E+12,199.8614045,15007874.27,36250,5221481.5,948486851.5,117,321.3180002,422664.5152,4.11E+93,-1255.161296,109
328,0.271604938,0.000100861,-0.333959168,0,40742.31455,6.41E+64,1127.12621,0.001599243,15290,4207914,0.001115433,2.53E-05,0.862132778,1985.184745,51602.57086,72956.50012,2729122.5,6625641,5171628,95914,0.001190476,19040900,0.5,9261,129.6,219.5843201,1.2305102,296,15750.8,0.037668003,8040220.587,58822.24942,-0.015503447,2.25397E+11,1.822613206,575.9437717,83240,80266.28214,3.57114E+12,205.7604521,16207995.77,39311,5772338.75,1020891272,126,354.5595267,410056.4776,4.81E+93,-1227.323114,115
329,0.362139918,0.000464448,-0.111872902,0,43879.07644,4.29E+69,1591.344558,0.002066559,19962,4839329,0.002173115,0.000569437,0.707597403,6681.948441,64320.85677,76264.71519,3186495,9556008,7860512,120476,0.001256281,21705649,0.5,14196,156.2,267.0056792,1.383986108,330,17970.4,0.044581932,10697126.42,78426.56842,-0.013804437,2.99776E+11,2.359142759,889.9445348,83196,91759.35067,4.83233E+12,284.6721899,18262792.82,44838,6352573.5,1248980945,139,454.5540331,778560.3407,6.74E+93,-1035.123493,117
330,0.388888889,0.000463057,-0.095374426,0,44924.93654,9.76E+70,1754.891192,0.002185074,21607,5275018,0.002485612,0.000141885,0.726049758,5771.666517,72078.40939,84162.1862,3330843.75,10842126.75,9215640,133430,0.001277139,23697255,0.5,15830.89773,165.6,288.985468,1.476887338,347,19617.4,0.048399686,11465120.89,84219.35264,-0.013496666,3.54461E+11,2.551874216,1045.772026,83183,97252.74221,5.63399E+12,302.6568187,19770835.89,48949,6711792.75,1356522358,152,503.5332335,856449.769,7.94E+93,-990.601855,117
331,0.333333333,0.000418981,-0.150336542,0,42757.55837,1.49E+68,1430.787931,0.001933956,18198,4505789,0.00183658,0.000660045,0.711065102,5910.918332,58422.25746,71399.32459,3031704,8439957,6759936,109862,0.001234568,20279723,0.5,12525.54545,148.8,243.5098816,1.279394049,303,16788.4,0.041233185,9959794.287,72187.49676,-0.014242512,2.61284E+11,2.181574476,750.361498,83210,87122.85982,4.23455E+12,260.6765736,17130857.81,41890,6095524.5,1145549633,132,412.0216922,690670.6607,5.77E+93,-1088.402506,117
332,0.316872428,0.000328923,-0.207434934,0,42026.75374,8.42E+66,1352.018705,0.001840536,17454,4480017,0.001644274,0.00078067,0.698837111,7334.102245,57393.9032,70793.94007,2890441.5,8017009,6417488,107214,0.001222494,20252457,0.5,11613,143.2,233.5282763,1.211959702,277,16761.2,0.040437597,10068774.58,68625.38385,-0.01349838,2.55646E+11,2.110559187,705.7978208,83218,85670.44799,4.11729E+12,241.9665683,17012472.28,41826,5934669,1113797613,133,395.4661036,683642.5873,5.54E+93,-1121.400308,114
333,0.21399177,0.000149357,-0.357668227,0,37165.41204,2.28E+60,825.3190667,0.001349841,11709,2958800,0.000442363,0.001033204,0.689880508,5011.391902,34447.30695,46650.8413,2062900,4318236,2871024,66132,0.001152074,13416399,0.5,6601.636364,102.2,152.8784124,0.619561216,112,11104.8,0.026694178,6730148.823,46344.21516,-0.016420326,1.15941E+11,1.421631289,312.5621326,83268,68634.79365,2.02313E+12,164.0723344,11330862.94,27710,4069107,737764860.5,98,235.2040536,369294.2531,2.42E+93,-1406.083278,98
334,0.148148148,5.78E-05,-0.518856834,0,33206.74532,7.50E+55,535.7308745,0.001024059,8187,2106443,0.000326861,0.000770655,0.723395931,2689.483624,23057.57294,33847.49609,1325880,2559960,1414080,44536,0.001111111,9544958,0.5,4020.545455,72,109.0257644,0.323625126,34,7899.2,0.018966338,4630279.002,32084.68118,-0.020389527,59132979751,0.988901811,155.2774123,83300,59670.81597,1.16179E+12,112.8401152,8042455.178,19712,2559960,522513077.5,72,145.5945084,200670.9017,1.22E+93,-1720.556485,72
335,0.086419753,5.48E-06,-0.750195043,0,29437.3517,6.69E+52,295.4602144,0.000717157,4881,1500789,0.001048008,0.000170915,0.904761905,317.1256569,15769.01831,27040,669606,1322139,596232,30198,0.001075269,6899206,0.5,2044.636364,42,72.78511026,0.193861877,9,5703.6,0.013075522,2791682.408,18716.92179,-0.030015796,26652784066,0.598226776,63.82162377,83330,53155.1039,7.02605E+11,62.96417091,6032406.615,14238,1322139,343639576.5,42,79.10887424,73397.83532,5.80E+92,-2288.543833,42
336,0.146090535,3.16E-05,-0.578880953,0,33114.33292,5.82E+55,534.069088,0.001006992,8144,2392877,0.000350899,0.000219587,0.83943662,1249.462505,26409.96165,41552.87324,1305193,2681510.25,1603890,50292,0.001109878,10978659,0.5,3947.761364,71,116.3358989,0.405152257,52,9078.6,0.020965686,4742273.574,31640.12329,-0.020722233,69832688998,1.001892005,170.7445435,83301,61255.49974,1.41209E+12,107.7306029,9558255.555,22661,2681510.25,556224930.5,71,154.7177992,174850.0882,1.49E+93,-1732.924905,71
337,0.172839506,5.59E-05,-0.510581133,0,34798.36574,3.07E+57,649.3313568,0.001137368,9603,2752664,3.84E-05,0.000390285,0.803786575,2024.727146,31110.7887,46822.69191,1616362.75,3384402,2180472,59056,0.001126126,12615492,0.5,4931.181818,83.7,134.9652836,0.535450975,87,10433.6,0.024201724,5647082.317,37433.18883,-0.018533795,93929969014,1.180538467,232.4091566,83288,64905.97207,1.76742E+12,128.1108282,10891079.23,26042,3344111.5,646371783.5,84,191.985735,238342.4576,1.99E+93,-1581.737333,83
338,0.113168724,8.57E-06,-0.704657173,0,31059.97153,9.27E+53,402.3767793,0.000843725,6370,2104625,0.000735511,0.000205937,0.921212121,406.2135433,22745.06444,38556.80606,938107.5,1973455,1103795,43218,0.001090513,9753472,0.5,2848.125,55,97.45211887,0.333695275,36,8060.6,0.018029222,3882235.715,24510.7601,-0.024261565,49731953620,0.797056624,114.8461412,83317,57873.44946,1.1592E+12,80.7684913,8663958.777,20124,1973455,463578903.3,55,117.2821229,111462.4098,1.10E+93,-1985.537903,55
339,0.135802469,3.30E-05,-0.589903477,0,32439.99188,1.41E+55,488.9343629,0.000959039,7552,2137230,0.00047109,0.000324952,0.811655012,1378.997913,23313.65866,36436.00559,1184056.5,2370093,1327392,44646,0.001103753,9774357,0.5,3591,66,106.1854566,0.336907108,37,8084.4,0.018871868,4341011.181,29411.70433,-0.021709372,57216584226,0.924957129,142.5203497,83306,59213.84966,1.18435E+12,100.9481697,8395581.298,20178,2370093,506121648.5,66,136.6243306,160106.421,1.21E+93,-1802.479167,66
340,0.345679012,0.000562595,-0.131593102,0,42888.63361,2.23E+68,1498.177216,0.002000879,18818,4622548,0.001980809,0.001094396,0.644140291,10154.33101,60787.763,70525.39778,3007063.5,8899338,7206360,114182,0.001243781,20846839,0.5,13230,152.1,245.0126189,1.234489837,280,17258.8,0.042130925,10946962.7,74862.91263,-0.012975094,2.72082E+11,2.276801232,792.8197413,83204,89022.51643,4.4549E+12,267.7717775,17443175.1,43063,6038836.5,1172902706,135,422.2684494,836646.7501,6.02E+93,-1064.556552,114
341,0.20781893,0.000139979,-0.406343643,0,36914.04793,1.01E+60,803.8604212,0.001318345,11421,3101390,0.000370248,0.000720848,0.751881188,3429.455154,35993.36693,50874.6297,2020922.25,4302372.75,2933040,68382,0.001148106,14113338,0.5,6338.897727,99.8,156.4670177,0.698264537,136,11676.6,0.027613429,6654139.349,45008.13337,-0.016754443,1.22662E+11,1.399376205,315.3729673,83271,69097.38079,2.15592E+12,156.7709342,12036022.22,29141,4131981.75,748257276,97,238.0633528,331772.7668,2.59E+93,-1429.01885,97
342,0.251028807,0.00015046,-0.347529534,0,39401.61667,1.34E+63,1016.87096,0.001513198,13938,3794170,0.000875051,0.000528751,0.767104728,4054.615959,45803.70297,62673.9034,2476371,5784355.5,4326974,85940,0.001176471,17236855,0.5,8268.272727,118.7,192.9284613,1.003813491,225,14260,0.03382695,8004029.446,54366.51454,-0.015094119,1.82942E+11,1.694661504,471.4800319,83250,76256.95893,3.01555E+12,188.518771,14629679.26,35589,5167989.75,917241356.3,116,310.193504,435390.9855,3.88E+93,-1284.141475,109
343,0.131687243,1.78E-05,-0.637618361,0,32214.66539,8.35E+54,475.9977964,0.000933936,7388,2282845,0.000519167,2.24E-06,0.880456349,774.8526676,24928.91816,40651.70536,1140336,2370592,1383552,47396,0.001101322,10506278,0.5,3451.636364,64,109.0725381,0.370332219,43,8685.6,0.019818506,4355836.344,28521.08538,-0.022011565,61400281582,0.913405034,146.4191191,83308,59831.06436,1.30802E+12,95.7397305,9218389.023,21682,2370592,518981025,64,138.5660194,143550.9753,1.33E+93,-1831.954309,64
344,0.228395062,0.000125474,-0.386084599,0,38318.81899,4.60E+61,904.5302209,0.001404572,12708,3455974,0.00061063,0.000582078,0.767076167,3732.154262,40893.64808,57182.58477,2288737.5,5004462.75,3591960,77152,0.00116144,15726875,0.5,7231.397727,109.5,176.1704676,0.843336126,177,13010.6,0.030823569,7303070.421,49464.5509,-0.015806899,1.53287E+11,1.541121954,391.7059099,83261,72609.55307,2.57659E+12,171.7371311,13404406.37,32471,4733951.25,836640960,108,275.5756519,376003.681,3.22E+93,-1354.927661,105
345,0.234567901,0.000140335,-0.363056453,0,38498.08759,8.79E+61,932.5594464,0.001438339,12997,3494529,0.000682745,0.000643043,0.752212389,4000.803804,41599.49646,57332.38938,2311496.25,5170413,3730080,78550,0.001165501,15901806,0.5,7508.454545,111.9,177.1167701,0.850254417,178,13156.4,0.031163708,7494881.331,50801.25642,-0.015684689,1.56619E+11,1.579062488,405.0347164,83258,73283.80035,2.63862E+12,176.9594472,13540844.56,32834,4762222.5,847703031.3,110,280.3726182,400605.9764,3.29E+93,-1334.808052,105
346,0.318930041,0.000174303,-0.244755747,0,42592.89104,2.77E+67,1376.385281,0.001826919,17939,4756694,0.001668312,2.80E-05,0.828403854,2951.660159,60839.47482,80636.26678,3008976.75,8351516.25,6835810,112384,0.00122399,21433477,0.5,11725.39773,149.6,255.1075169,1.471888802,367,17733.8,0.043006627,9360981.923,69070.72271,-0.014559144,2.89641E+11,2.119507324,771.4958871,83217,87516.18272,4.47862E+12,244.4728094,18095083.88,44257,6304047.75,1178354602,140,421.5675499,545502.6931,6.27E+93,-1117.111274,117
347,0.181069959,7.53E-05,-0.474588995,0,35254.40598,1.04E+58,684.565168,0.001181544,10010,2836719,5.78E-05,0.000533856,0.782392894,2523.634019,32299.37714,47659.40361,1700972.5,3597022,2353032,61310,0.001131222,12995097,0.5,5250,87.4,139.3590548,0.575636289,99,10748.4,0.025036937,5942793.078,39214.42908,-0.018210304,1.0006E+11,1.2309652,250.6197402,83284,65906.71982,1.86987E+12,135.1865298,11332913.5,26827,3515271.5,670241561.5,86,202.3475323,265773.7263,2.13E+93,-1542.06409,86
348,0.234567901,5.61E-05,-0.412279517,0,38968.19889,2.24E+62,942.4767778,0.001419565,13245,3763985,0.000682745,5.40E-06,0.892718522,1342.001707,44645.83345,66510.12886,2419718.25,5377323,4005960,83390,0.001165501,17077970,0.5,7508.454545,113.4,194.4944071,1.076718239,255,14124.4,0.033511062,6994127.07,50801.28941,-0.016517226,1.79589E+11,1.58114458,443.854013,83258,74812.94206,2.92606E+12,176.8494759,14669747.82,35254,5141475.5,899925941.3,114,301.1298261,314208.5821,3.81E+93,-1334.612059,109
349,0.218106996,0.000157007,-0.336169784,0,37025.27395,2.19E+60,843.9563711,0.001383786,11727,3002650,0.000490439,0.000688438,0.754896676,2981.031027,35432.34266,49640.76226,2022144,4455365.5,2998422,67916,0.001154734,13747406,0.5,6779.181818,103,153.561078,0.622625603,110,11378.4,0.027107374,6462094.402,47234.96546,-0.017787829,1.18973E+11,1.441901107,317.8881737,83266,69339.29489,2.11581E+12,168.8429506,11757652.49,28393,4035048,742041621.3,98,237.2158447,339462.8797,2.49E+93,-1391.35404,96
350,0.279835391,0.000338285,-0.230057018,0,39660.01551,1.33E+64,1149.208267,0.001699837,14740,3888504,0.001211586,0.000481015,0.737037037,3855.19398,48548.65522,63466.12222,2472052.5,6556798,4969032,91706,0.001196172,17756898,0.5,9671.454545,126.7,194.8527617,0.962969928,204,14696.4,0.03491685,8497202.767,60603.64456,-0.015791031,1.90231E+11,1.855316025,514.6743646,83236,79179.06114,3.27681E+12,215.6531679,15092197.43,36673,5110445.5,943441975.5,114,325.4786734,523979.1609,4.13E+93,-1206.897778,106
351,0.053497942,1.28E-06,-0.83741633,0,27486.99306,6.18E+51,175.6395338,0.000564775,2971,981411,0.001432619,0.000442731,0.96,67.91768677,10292.67747,18559.24,377377,726394.5,246194,19640,0.001057082,4601903,0.5,1166.454545,26,44.50323004,0.126713133,5,3803.2,0.008394287,1762035.921,11586.90806,-0.044986124,10679637436,0.377225903,24.93942627,83346,48952.43804,4.05499E+11,38.17051331,4124755.044,9495,726394.5,215287245,26,44.47051868,35909.41874,2.39E+92,-2933.62266,26
352,0.255144033,0.000197809,-0.308099717,0,39066.40506,9.79E+62,1032.06078,0.001553435,13785,3736259,0.000923127,0.000414055,0.784028324,2909.945288,45469.21768,62548.03304,2396130,5841268,4347440,85620,0.001179245,17039086,0.5,8463,118.3,189.178232,0.950237563,206,14098.4,0.033479969,7779418.227,55256.67424,-0.016122984,1.76291E+11,1.701013579,461.5213665,83248,76306.97397,2.99451E+12,195.2580154,14558020.7,35184,4993342,901982254.3,110,305.2059206,424457.9045,3.80E+93,-1272.644595,106
353,0.144032922,1.70E-05,-0.631468039,0,32821.282,3.27E+55,531.573147,0.000994612,7985,2649719,0.000374937,0.000246406,0.94699793,331.9339019,29363.22632,49074.08282,1241986,2781047.5,1764350,55380,0.001108647,12249572,0.5,3875.454545,69.4,123.2884758,0.495481572,75,10124,0.022823793,4751655.426,31195.30064,-0.02102657,79419962708,1.008941457,182.2479911,83302,62640.03891,1.65018E+12,103.5036342,10857816.19,25275,2701589,584120332,68,161.1684699,150864.8055,1.77E+93,-1745.728044,68
354,0.164609053,6.31E-05,-0.481870495,0,34264.09982,9.48E+56,608.3960014,0.001108281,9056,2469421,0.000134555,0.000658678,0.755696203,2645.610174,27801.75754,41006.04051,1525180,3067200,1868480,53192,0.001121076,11350953,0.5,4620,80,121.0710793,0.427268902,57,9390.4,0.021856802,5331355.402,35649.18242,-0.019529085,77624380012,1.114592353,197.9352029,83292,62844.13156,1.5201E+12,123.5890224,9925104.01,23436,3067200,591302717.8,80,173.3447585,237779.6566,1.62E+93,-1625.00795,80
355,0.187242798,8.95E-05,-0.438003797,0,35641.52196,3.10E+58,708.6982521,0.001216003,10295,2798544,0.000129866,0.00072087,0.746764347,3339.561766,31994.63256,45973.09084,1779265.75,3690914.5,2395029,61010,0.001135074,12790966,0.5,5494.125,90.4,139.6657242,0.552685652,92,10582.2,0.024876818,6061606.074,40550.96796,-0.017877541,1.00058E+11,1.263763712,256.1068416,83281,66059.01507,1.84139E+12,140.9643252,11089644.48,26410,3609795.5,673563016.8,89,206.2320641,289859.7589,2.10E+93,-1514.127131,89
356,0.228395062,0.000143728,-0.345815934,0,37991.01976,2.32E+61,897.8888047,0.001416702,12555,3296858,0.00061063,0.000797785,0.72956593,4466.026622,39048.29585,53417.64373,2211717,4881669,3428235,74202,0.00116144,15010036,0.5,7231.397727,108.6,167.6436902,0.771797332,156,12420.6,0.029532673,7236611.808,49463.02234,-0.016195606,1.40978E+11,1.530038458,370.7827128,83261,71683.25861,2.42309E+12,173.4989948,12867494.79,30996,4485858,807374786.3,104,263.4789988,395743.994,2.96E+93,-1355.393492,102
357,0.08436214,3.06E-06,-0.775621076,0,29286.67715,5.78E+52,289.9105781,0.000709621,4714,1652730,0.001072046,0.000390043,0.956097561,154.9391967,17629.69891,31186.06341,648538,1344390,653663,33608,0.001074114,7748245,0.5,1986.170455,41,72.77350425,0.235317985,17,6401.8,0.013953097,2978348.062,18271.98464,-0.030576632,29113939192,0.603331438,65.77489816,83331,53996.83507,8.2546E+11,59.11887983,7024637.616,15984,1344390,352051947,41,81.46055932,70928.28535,6.60E+92,-2317.125334,41
358,0.080246914,2.82E-06,-0.789334944,0,29045.67296,3.74E+52,274.3115792,0.000689194,4490,1579007,0.001120122,0.000415024,0.95951417,132.3283848,16789.08774,29845.36032,610330.5,1257981.833,594009,32022,0.001070664,7402210,0.333333333,1867.568182,39,69.7715701,0.221625342,15,6115.8,0.013341222,2835630.849,17380.67892,-0.031634915,26607263452,0.573965111,59.90208754,83329,53390.21613,7.72632E+11,56.19967841,6706928.184,15270,1257964.5,336432061.5,39,76.57560336,65488.69994,6.04E+92,-2378.244676,39
359,0.267489712,0.000314784,-0.225421187,0,39419.46342,3.62E+63,1078.304067,0.001629308,14353,3543763,0.001067357,0.001024898,0.668813357,6433.37025,43450.63829,55196.00179,2441286,5930177.5,4299750,83180,0.001187648,16074369,0.5,9058.636364,120.4,183.5379175,0.841884053,173,13308,0.032164694,8235158.896,57927.64543,-0.015404073,1.64205E+11,1.764377381,461.6598518,83242,75952.8303,2.81006E+12,207.1688314,13668544.51,33205,4835375.5,891066609.5,111,300.4711508,535720.4391,3.51E+93,-1238.951618,106
360,0.158436214,3.82E-05,-0.554603125,0,33904.92152,3.60E+56,588.5537208,0.001068184,8799,2646205,0.00020667,0.000121873,0.86910458,1048.231088,29686.79615,46948.16883,1453201.75,3053993.25,1934086,56242,0.001117318,12207282,0.5,4391.625,77,126.2500303,0.499650176,77,10093.4,0.023050719,5118841.169,34312.99476,-0.020088152,83871991309,1.089979979,202.8232754,83295,63491.86011,1.66663E+12,116.6404893,10706732.49,25195,3053993.25,606469135.5,77,175.3656687,191590.8665,1.80E+93,-1658.439596,77
361,0.232510288,8.77E-05,-0.373479331,0,38538.68226,8.94E+61,923.5383913,0.001423784,12936,3492986,0.000658707,0.00017309,0.851611884,1697.808604,41402.36422,60419.94738,2328634.5,5117544,3687303,78144,0.001164144,15858581,0.5,7415.625,110.9,181.3568723,0.900456918,198,13120.2,0.031304039,6767277.459,50354.9738,-0.017126469,1.57105E+11,1.551916592,404.9490431,83259,73077.98357,2.62205E+12,177.5990411,13512763.08,32744,4800528,850506758,108,281.2517796,321574.8329,3.32E+93,-1341.696344,106
362,0.37654321,0.000551992,-0.073645914,0,44362.90595,2.31E+70,1663.623377,0.002140353,20723,4825290,0.002341383,0.000624502,0.678136072,7512.474396,65015.60398,74675.37705,3253272.75,9913384.5,8143317,122670,0.001267427,21626417,0.5,15066.30682,159,269.882156,1.343653348,315,17909.4,0.044767889,10976751.16,81544.07069,-0.013658563,3.02058E+11,2.436358381,927.7249703,83189,92964.02853,4.89049E+12,298.4485427,18052300.86,44682,6338065.5,1269292836,142,463.2345067,846387.0677,6.80E+93,-1010.771208,117
363,0.364197531,0.000475245,-0.087462231,0,43856.8241,5.46E+69,1593.62639,0.002082844,19927,4716977,0.002197153,0.000536008,0.710066769,5422.986319,62741.0288,74331.47227,3183423.75,9451623,7693659,118440,0.001257862,21124868,0.5,14318.89773,156.3,264.2831375,1.382484579,335,17493,0.043789511,10385225.34,78870.61481,-0.014402651,2.875E+11,2.341288698,872.5935927,83195,91087.86888,4.67846E+12,291.4866733,17820895.77,43644,6247683,1231359247,135,447.7554363,757125.1108,6.50E+93,-1031.844001,117
364,0.24691358,0.000194134,-0.302617885,0,38940.84557,4.10E+62,985.6339878,0.00150799,13583,3490509,0.000826974,0.00094264,0.707422969,5595.535963,41995.36049,55706.38179,2380071,5433900,3915120,79772,0.001173709,15856164,0.5,8075.454545,115.5,180.4364779,0.851762959,179,13122.4,0.031437179,7815706.411,53473.08574,-0.015480965,1.58607E+11,1.642239394,427.0111977,83252,74128.29467,2.68121E+12,189.3431572,13559430.89,32746,4799945,865416911.5,110,287.854844,457872.2739,3.35E+93,-1296.777615,106
365,0.275720165,0.000315759,-0.239321613,0,40075.19669,1.97E+64,1126.957662,0.001660187,15015,3813678,0.00116351,0.001013767,0.691841544,6507.999873,47030.23639,60112.82191,2564415.75,6359338.5,4761154,89152,0.001193317,17267991,0.5,9465.272727,125.3,199.0364288,0.986776393,218,14292.8,0.034502411,8645275.721,59711.25769,-0.014823373,1.87643E+11,1.822888495,518.0537044,83238,78193.55706,3.13946E+12,213.0044853,14726353.08,35665,5172894.75,951330740.3,117,324.5122565,550231.269,4.04E+93,-1217.198117,109
366,0.436213992,0.000852548,0.014195346,0,46224.47335,2.45E+73,2011.676404,0.002447709,23651,5476155,0.003038491,0.000314967,0.664982563,6846.83745,78034.81527,83856.84678,3510204.75,12415515,10677380,145886,0.001315789,24477281,0.5,18921,178.7,309.1318645,1.540004958,364,20273.2,0.051133906,12588237.15,94465.96316,-0.013448598,3.76106E+11,2.791403052,1209.368014,83160,103178.4301,6.30778E+12,350.9117424,20515490.03,50577,6851958.75,1444949867,146,551.4176666,1080746.45,8.87E+93,-921.8037097,117
367,0.362139918,0.000729034,-0.066867585,0,42825.50316,7.05E+68,1573.639583,0.002111876,18995,4536859,0.002173115,0.000844373,0.644155844,7435.726702,60892.37524,69488.6026,2969232,9239472,7438464,115680,0.001256281,20540220,0.5,14196,154.7,239.4889758,1.188555407,265,17011.2,0.04174036,10785785.08,78425.56808,-0.013951148,2.60445E+11,2.339516314,792.8581295,83196,90038.3874,4.46833E+12,288.0066398,17138042.12,42440,5879664,1159122830,127,422.3728327,855310.2372,5.91E+93,-1035.315983,112
368,0.33744856,0.000239059,-0.182414935,0,43209.59882,2.40E+68,1466.326356,0.001925588,18909,4766987,0.001884656,7.41E-05,0.800837947,3200.721459,61903.08132,79328.7124,3094094.25,8829801,7224364,115162,0.001237624,21408689,0.5,12758.45455,151.4,262.0486197,1.453436294,360,17718.8,0.043609192,9611486.759,73079.80236,-0.014759765,2.92837E+11,2.210351456,824.6062175,83208,89106.55013,4.58784E+12,263.5961729,18084972.94,44215,6299309.25,1211581034,138,434.9054671,600094.1785,6.45E+93,-1080.347039,117
369,0.16872428,1.77E-05,-0.55471885,0,34587.25422,1.56E+57,635.5685902,0.001107692,9485,2871026,8.65E-05,0.000149708,0.94158386,461.6926466,32180.91611,52372.28305,1570286.25,3366346,2211868,60754,0.001123596,13109301,0.5,4774.636364,81.7,142.0957668,0.593767762,105,10838.8,0.025165902,5112753.569,36541.88964,-0.019740589,99145739838,1.153042969,238.6985772,83290,65242.30663,1.8597E+12,125.1698912,11418526.29,27056,3325293,662861855.3,81,194.0892733,179879.8512,2.15E+93,-1602.572664,81
370,0.257201646,0.000183432,-0.321844578,0,39238.88914,1.57E+63,1046.835916,0.001558373,13934,3885718,0.000947165,0.000273308,0.811354839,2345.352094,47223.64461,65842.74839,2430665.5,6009281.25,4543750,88450,0.001180638,17666023,0.5,8561.079545,119.3,197.9766736,1.060594916,243,14615,0.034754767,7848232.534,55702.42867,-0.016082004,1.88612E+11,1.718223852,484.2729165,83247,77296.91832,3.16166E+12,196.3790544,15129868.34,36475,5143944.75,929201994.5,111,316.1708232,413777.5146,4.10E+93,-1266.763257,107
371,0.222222222,8.65E-05,-0.377509275,0,37854.1574,1.24E+61,871.4953954,0.00137764,12333,3297733,0.000538516,0.00029767,0.844929041,1655.038014,38684.16563,56796.14053,2194734,4741713,3324780,73342,0.001157407,14961428,0.5,6958.636364,106.2,172.460972,0.80389518,169,12378.8,0.029658633,6427247.54,48126.43351,-0.017675957,1.41064E+11,1.474356687,365.7799261,83264,71182.49374,2.39345E+12,171.2210362,12865753.56,30893,4478284.5,807512985,103,261.6390548,301044.8932,2.98E+93,-1376.542859,102
372,0.341563786,0.000307594,-0.184017003,0,43301.7871,3.89E+68,1492.768592,0.00194781,19054,4869727,0.001932733,0.000254357,0.760934648,4933.121361,63688.74416,79495.63373,3106818,9073477,7493904,118010,0.001240695,21939887,0.5,12993.27273,153.1,260.0038772,1.392211855,331,18157.2,0.044173133,10250963.04,73971.47081,-0.013858678,3.01236E+11,2.26716401,841.6748813,83206,90240.30339,4.75915E+12,261.9729139,18419133.04,45310,6395161.5,1221926620,142,442.499683,678309.2248,6.62E+93,-1072.219277,117
373,0.281893004,0.000173017,-0.293605185,0,40970.25775,2.09E+65,1175.269615,0.001661658,15650,4234477,0.001235624,0.000184529,0.824066123,2671.750531,52457.08001,71910.15876,2760172.5,6901512,5400951,97752,0.001197605,19159476,0.5,9775.261364,132.5,220.5594136,1.228368752,294,15851.4,0.03800644,8404197.645,61049.88862,-0.015302983,2.27331E+11,1.881099703,594.8007851,83235,81252.93817,3.64944E+12,215.1421117,16272826.82,39560,5793240,1031743494,124,361.296712,459477.8719,4.90E+93,-1201.268528,115
374,0.172839506,3.68E-05,-0.547624788,0,34755.9774,2.58E+57,654.6456926,0.001130834,9651,2951485,3.84E-05,2.27E-05,0.890418818,988.9624886,33403.44496,52733.23293,1599861,3506433,2343180,62930,0.001126126,13556902,0.5,4931.181818,83.7,142.487892,0.620223772,111,11208.4,0.025767852,5564888.631,37433.55701,-0.018770653,1.04029E+11,1.190250411,248.6855393,83288,66056.79561,1.96044E+12,126.883565,11817837.2,27979,3422946.5,675813977,83,200.1527914,210069.6351,2.25E+93,-1581.374939,82
375,0.166666667,3.49E-05,-0.528387015,0,34414.95214,1.12E+57,622.7906242,0.001105259,9312,2694887,0.000110517,0.00011711,0.884876543,918.5360179,30300.98759,47936.18025,1540540,3231636.75,2059992,57506,0.001122334,12359892,0.5,4697.079545,80.7,134.3452642,0.513721,81,10221.4,0.023771734,5101732.413,36095.80221,-0.019969773,89976272805,1.129545237,221.3623866,83291,64198.54957,1.7107E+12,125.1588608,10780641,25513,3191740,633436104.5,80,184.5806243,193079.9306,1.92E+93,-1613.55139,80
376,0.16872428,7.37E-05,-0.485596295,0,34581.42831,1.84E+57,627.3269995,0.001124917,9356,2556034,8.65E-05,0.000676435,0.751881963,2869.028764,28876.84891,42344.73893,1581718.5,3193961.5,1982022,55148,0.001123596,11747049,0.5,4774.636364,82,126.8871956,0.462709851,67,9717.6,0.022642074,5538480.011,36540.42996,-0.018876929,83460158855,1.142366737,211.8392471,83290,63583.79447,1.59961E+12,126.7021468,10229940.52,24253,3193961.5,613723899.8,82,180.9114956,249394.4421,1.74E+93,-1602.987205,82
377,0.294238683,0.000350715,-0.214619828,0,40686.23446,1.48E+65,1223.28355,0.001748433,15992,4037548,0.001379854,0.000838564,0.695557963,6609.429855,50809.32156,63927.62189,2644285.5,7019083.5,5391529,95998,0.001206273,18323586,0.5,10408.125,132.8,210.4939833,1.056527254,235,15167,0.036593907,9139732.511,63722.0012,-0.014445354,2.10643E+11,1.948851013,585.2097578,83229,81102.65683,3.48648E+12,226.5816272,15515845.18,37846,5350210.5,1009781727,123,348.3263679,602482.0885,4.54E+93,-1171.710438,109
378,0.46090535,0.001402944,0.079013021,0,46571.60989,4.38E+74,2139.171394,0.00261569,24197,5423069,0.00332695,0.000744395,0.573550609,12181.81956,79550.71057,78822.29709,3558116.25,13071744,11220608,150584,0.001336898,24344609,0.5,20633.45455,183.8,298.0789827,1.400976824,311,20171.2,0.050766904,13718699.38,99812.55817,-0.012552121,3.65579E+11,2.955925835,1228.406778,83148,105526.675,6.46362E+12,369.2246207,20250210.51,50316,6827652,1437731146,144,559.8923091,1373227.804,8.74E+93,-889.4371884,117
379,0.191358025,0.000116273,-0.394515217,0,35774.93222,5.42E+58,722.3626995,0.001245106,10396,2696743,0.000177942,0.000861195,0.726975222,3612.903699,30989.32334,43823.72324,1806052.5,3706212.75,2359968,59494,0.001137656,12332678,0.5,5659.261364,92.1,134.8017545,0.515757322,82,10206.2,0.024140088,5961232.562,41441.5998,-0.018239272,94940994463,1.278133388,250.9603516,83279,65758.94036,1.76216E+12,146.1297788,10664436.99,25469,3586657.5,660348248.3,90,204.0896134,301057.2299,1.98E+93,-1496.421987,90
380,0.174897119,0.000111827,-0.429716198,0,34535.88263,2.57E+57,650.5280398,0.001168103,9398,2530004,1.44E-05,0.001090651,0.682913165,4295.008846,28714.87525,40194.69804,1565001,3292453.75,2030140,55078,0.001127396,11607573,0.5,5010.170455,83.8,124.0788422,0.446482755,62,9604.6,0.022494156,5863487.509,37876.92172,-0.018388952,81479973466,1.175240087,211.400078,83287,63804.03908,1.59101E+12,132.637,10152226.01,23969,3137514.75,607215207.3,81,180.6827007,294453.3815,1.72E+93,-1572.287152,81
381,0.234567901,0.000188329,-0.289467047,0,38020.75518,3.45E+61,918.2371202,0.001459003,12729,3135865,0.000682745,0.000857433,0.723024375,4082.953534,37295.60134,50486.33721,2203239.25,4878088.5,3340314,71712,0.001165501,14240216,0.5,7508.454545,109.8,163.0111587,0.68103835,128,11788.8,0.028500539,6910525.605,50798.6477,-0.016990059,1.31678E+11,1.544392084,362.7833553,83258,71123.41378,2.27607E+12,182.321834,12193453.1,29415,4321815.25,791852362.5,104,257.3194383,393929.4751,2.75E+93,-1335.596228,101
382,0.16872428,2.54E-05,-0.495512823,0,34356.37729,1.56E+57,629.393351,0.001130493,9094,2626391,8.65E-05,8.37E-05,0.917494731,606.4436135,29892.94093,48000.64559,1546533,3246974.5,2052706,56872,0.001123596,12165983,0.5,4774.636364,82,124.1718945,0.488434165,73,10062.4,0.023007493,4860537.595,36541.36145,-0.021381825,85050843794,1.142369712,209.2301447,83290,64093.83281,1.67637E+12,126.9304999,10570759.91,25115,3207377.25,608446107.8,82,181.9485681,183073.1714,1.79E+93,-1603.501159,81
383,0.164609053,3.01E-05,-0.544584567,0,34093.15708,6.83E+56,616.4637981,0.001101743,9002,2769191,0.000134555,3.71E-05,0.898734177,803.2261698,31356.41777,50096.20253,1483930.5,3248880,2110720,59248,0.001121076,12822564,0.5,4620,79.4,129.2019225,0.535384665,85,10601.6,0.023998513,5219868.731,35651.00686,-0.020131178,90065855513,1.134937057,216.0346096,83292,64628.43159,1.79719E+12,120.8408685,11216959.74,26464,3167658,625673658.8,78,183.5823587,193275.9283,1.95E+93,-1624.511829,78
384,0.343621399,0.000486351,-0.142548354,0,42883.44305,4.94E+68,1491.431553,0.001990883,18396,4690218,0.001956771,0.000457124,0.719500758,4960.872784,61707.31395,75037.29356,3049078.5,8939593.5,7287713,115334,0.001242236,21208468,0.5,13111.39773,151.4,244.7936963,1.361350847,326,17555.8,0.0426195,10328424.75,74416.40768,-0.014225011,2.75467E+11,2.246969268,784.0283175,83205,89364.77738,4.5597E+12,269.152488,17845506.97,43806,6263068.5,1166084544,130,428.3204334,720881.4805,6.16E+93,-1068.641642,117
385,0.146090535,5.68E-05,-0.484287998,0,32864.43089,5.20E+55,524.9617885,0.001030921,7712,1993888,0.000350899,0.000607687,0.79637827,1466.63887,22107.92369,33874.30503,1282189,2482728,1338847,42826,0.001109878,9164467,0.5,3947.761364,71,99.09633925,0.303964628,30,7585.4,0.017935002,4132801.284,31638.28803,-0.022764088,53153791939,0.960938929,138.3147373,83301,59096.04539,1.105E+12,113.8481416,7864259.892,18928,2482728,486779295.8,71,138.8649823,169546.3455,1.09E+93,-1734.466895,71
386,0.302469136,0.00041392,-0.19121894,0,40746.27502,3.62E+65,1263.986004,0.001803861,16088,4094631,0.001476006,0.000753119,0.702078092,5342.000532,51996.17567,65143.6348,2652133.5,7278117,5626131,98302,0.001212121,18600591,0.5,10839.57955,134.4,211.7381273,1.0736688,239,15397.4,0.037178832,9217605.189,65504.60544,-0.014777176,2.18521E+11,1.985759562,598.133044,83225,82154.25761,3.597E+12,235.7773297,15703716.95,38420,5396699,1017378972,123,355.4912142,611298.2567,4.69E+93,-1153.045049,109
387,0.131687243,1.94E-05,-0.603328471,0,31990.38764,7.33E+54,474.5018677,0.000948495,7109,2214800,0.000519167,6.57E-05,0.916666667,484.7732884,24508.60253,40725.33333,1109351.25,2352832,1359872,46656,0.001101322,10326478,0.5,3451.636364,63.7,101.1695844,0.36076586,41,8537.6,0.019101372,4129038.659,28520.75126,-0.023644968,57074938078,0.908108668,135.7916501,83308,59620.0824,1.2812E+12,96.85346472,9121042.969,21312,2316069,494656254.3,63,134.2634782,134157.5203,1.24E+93,-1832.737016,63
388,0.096707819,5.50E-06,-0.745750878,0,30000.50086,1.74E+53,337.7890279,0.000769855,5357,1881028,0.000927816,0.000359764,0.953746531,192.9639797,20249.59211,35425.3321,766041.25,1618221.75,852204,38520,0.001081081,8812105,0.5,2344.125,47,83.77462354,0.282159852,25,7281,0.01593658,3395258.208,20945.86222,-0.027651925,38230181282,0.689785511,85.37225691,83325,55868.29932,9.94288E+11,68.00837783,7936966.376,18179,1618221.75,401654765.8,47,97.21851115,86446.86459,8.61E+92,-2157.332953,47
389,0.12345679,1.27E-05,-0.673129548,0,31512.6764,2.36E+54,444.8694055,0.000898752,6836,2311282,0.000615319,0.00025855,0.936723164,332.1109361,25313.15472,42879.05085,1009504.5,2245980,1328400,47940,0.001096491,10759986,0.5,3178.636364,59.4,104.9773634,0.384237942,46,8892,0.019729072,4216945.664,26739.04432,-0.023426996,58969461011,0.871313851,134.8679384,83312,59639.13451,1.34715E+12,88.00006662,9613271.009,22200,2171114,502535797.8,58,130.7051942,125048.3413,1.32E+93,-1896.119675,58
390,0.189300412,0.000214695,-0.344372079,0,34584.66099,6.81E+57,709.0388407,0.001288164,9600,2574137,0.000153904,0.000822253,0.748686097,2125.350041,29768.26664,42692.42236,1557820,3600006,2246088,57384,0.001136364,11865144,0.5,5576.454545,87.8,125.3810492,0.455488178,63,9820.8,0.023011308,5612066.04,40996.09646,-0.020386492,84339811723,1.248041741,220.908561,83280,65043.63784,1.67372E+12,147.5051305,10343034.86,24506,3130440,614277228.3,81,186.5358926,280875.6649,1.80E+93,-1506.766052,80
391,0.283950617,0.000294996,-0.225420811,0,40026.80614,2.74E+64,1169.394283,0.001707924,15199,3907360,0.001259662,0.00046061,0.74262139,3704.563447,48811.90881,63753.80355,2532181.75,6658120.5,5048730,92352,0.001199041,17780228,0.5,9879.545455,128.7,201.4569893,1.014851729,224,14716.8,0.035371083,8460985.561,61494.46961,-0.015747656,1.95903E+11,1.872816165,537.6050863,83234,79535.43508,3.30153E+12,220.1745997,15103343.29,36723,5162455.75,965990919.3,117,331.7843633,520351.7129,4.24E+93,-1196.658337,107
392,0.21399177,0.00013166,-0.374696587,0,36712.21485,9.72E+59,832.1530745,0.001359057,11459,3197136,0.000442363,0.000408079,0.809559373,1862.658404,37557.51835,54518.40478,1961169,4514952,3133312,71176,0.001152074,14642144,0.5,6601.636364,100.7,158.1536149,0.721607504,140,12113.6,0.028455803,6516546.601,46344.38449,-0.018057409,1.2804E+11,1.430940955,326.0750411,83268,70195.99781,2.30635E+12,163.5079026,12714418.79,30232,4080822,758651429.8,96,242.2580452,314660.6249,2.75E+93,-1406.129169,94
393,0.174897119,4.30E-05,-0.514041727,0,34698.85458,2.57E+57,660.5512927,0.001145752,9674,2879662,1.44E-05,7.90E-05,0.896078431,854.4222892,32554.10233,51423.54314,1581768,3498812.5,2305285,61552,0.001127396,13180743,0.5,5010.170455,83.8,141.7153781,0.590438808,103,10899.4,0.025329141,5379946.713,37878.29278,-0.019542782,1.00614E+11,1.18540183,245.0341113,83287,65731.18051,1.89341E+12,131.4001423,11536502.42,27206,3334162.5,667147118.3,81,196.9618435,205193.9883,2.18E+93,-1571.628429,81
394,0.62962963,0.002795615,0.236571774,0,52411.26037,1.57E+83,3260.488985,0.003446432,33382,7047986,0.005298085,0.000344435,0.522725812,14408.77369,121204.8764,98349.81472,4364100,21177495,19763928,223118,0.001501502,31389616,0.5,34174.63636,231.3,405.727346,1.778404184,390,26018.8,0.067019704,18610972.5,136349.3088,-0.011320298,5.75948E+11,3.987594666,2237.251755,83066,138387.9917,1.1257E+13,511.5246422,25629278.05,64894,8097277.5,1936463224,167,835.931158,2370427.719,1.52E+94,-717.7950464,117
395,0.21399177,0.000100326,-0.418305898,0,37486.11811,4.33E+60,837.1398053,0.001336503,11860,3309348,0.000442363,0.000512693,0.776885736,3173.56639,38705.65746,55188.29406,2137412.5,4587570,3230136,73038,0.001152074,15094571,0.5,6601.636364,103.1,164.3979996,0.799441525,166,12486,0.029271285,6941024.646,46345.57767,-0.016355119,1.37037E+11,1.453899262,347.1574456,83268,70772.31861,2.39002E+12,159.5306491,12921122.67,31163,4455236.25,787446711,101,255.5984685,341086.0316,2.91E+93,-1405.506195,101
396,0.209876543,0.000116889,-0.383633138,0,36716.46002,5.46E+59,809.7804138,0.001327501,11466,3014100,0.000394286,0.000630314,0.787614056,2492.387956,34984.09349,50335.63658,1961662.5,4277472,2872116,66822,0.001149425,13684727,0.5,6426,99.9,157.7336104,0.649235395,121,11324.4,0.027285652,6225578.302,45452.66221,-0.017632455,1.19756E+11,1.389428334,312.8572912,83270,68695.04333,2.07384E+12,161.9772487,11679025.58,28260,3941984,743679270,96,233.0219162,300785.4584,2.52E+93,-1421.318923,94
397,0.298353909,0.000528214,-0.171448843,0,40274.70413,1.27E+65,1236.206304,0.001813997,15597,3956864,0.00142793,0.000782202,0.69789272,4769.633166,50001.50596,62728.64655,2564121.25,7034747.5,5357025,95060,0.00120919,17955186,0.5,10622.89773,132.4,205.4431577,1.032074411,229,14865,0.036048371,8935090.404,64612.85879,-0.015430069,2.01277E+11,1.949163875,562.2464363,83227,80924.6231,3.41925E+12,234.3279292,15261515.52,37090,5191158.5,984024781.3,116,341.7788451,597136.2847,4.41E+93,-1162.821826,107
398,0.296296296,0.00021857,-0.262153329,0,41491.36124,1.09E+66,1248.727368,0.001732309,16473,4362941,0.001403892,0.000347403,0.779331779,4027.019774,54821.71311,72280.01554,2831156.25,7383384,5849568,102124,0.001207729,19742207,0.5,10515.27273,136.8,227.4967625,1.235142427,291,16335.2,0.039275011,9055995.747,64168.40685,-0.014539076,2.41029E+11,1.979500578,646.977254,83228,83230.33297,3.87734E+12,225.5319143,16731338.46,40766,5896452.5,1073514772,128,377.9729242,537756.6741,5.23E+93,-1166.698886,115
399,0.242798354,9.73E-05,-0.380992196,0,38976.04252,3.38E+62,980.9327193,0.001469793,13512,3823635,0.000778898,0.000113051,0.853686803,1844.502471,45855.50338,66367.5486,2396800,5624558.5,4224754,85648,0.00117096,17400181,0.5,7884.545455,115,193.9650815,1.046257372,240,14392,0.033982181,7409728.549,52583.85514,-0.016192821,1.82139E+11,1.638198179,459.1672314,83254,75849.79356,3.03634E+12,182.8402429,14924482.52,35921,5100235.25,910236002.8,112,305.6493248,357922.1547,3.92E+93,-1308.809303,107
400,0.242798354,0.000117219,-0.358686219,0,38961.71676,3.38E+62,976.0706597,0.001473877,13489,3706466,0.000778898,0.000270095,0.834854411,2110.38434,44383.23268,63564.86136,2394954.25,5521898.5,4087874,83328,0.00117096,16836426,0.5,7884.545455,114.7,190.5275543,1.006702135,230,13928,0.033138382,7305959.189,52583.17086,-0.01641357,1.72999E+11,1.623769798,447.0036351,83254,75110.77141,2.90181E+12,185.1211677,14468843.58,34761,5007145.25,895133554.3,110,299.3515147,362256.2098,3.72E+93,-1308.986764,107
401,0.251028807,0.000149027,-0.330643322,0,39233.90627,8.14E+62,1013.778088,0.001517419,13926,3731801,0.000875051,0.000487255,0.775640157,3684.845034,45071.73377,61960.96328,2430023.5,5732017.5,4257190,84796,0.001176471,16958901,0.5,8268.272727,118.1,190.1978225,0.976439524,217,14031.2,0.033380894,7808029.846,54365.1494,-0.015628462,1.77807E+11,1.687604183,464.8623292,83250,75889.5391,2.95797E+12,189.7358874,14495345.12,35017,5027261.25,909145946.5,114,304.6936612,425149.8009,3.78E+93,-1284.353693,107
402,0.279835391,0.000156045,-0.299865231,0,40874.21057,1.25E+65,1164.849929,0.001647458,15630,4206234,0.001211586,0.000234333,0.808169935,3119.74469,52024.18505,70836.86536,2734489.5,6825976,5327936,96984,0.001196172,19039451,0.5,9671.454545,131.2,218.5087619,1.186932451,279,15752,0.037729542,8485367.931,60603.76733,-0.015033096,2.24239E+11,1.877289045,589.7127397,83236,80923.64083,3.60619E+12,211.910603,16160038.87,39312,5721774,1027574014,125,357.4027572,471038.5759,4.83E+93,-1206.310094,114
403,0.211934156,0.00010794,-0.41413618,0,36712.8213,8.01E+59,828.2665841,0.001341516,11460,3329069,0.000418324,0.000152383,0.846373501,1443.681369,39015.16805,57929.96859,1961239.5,4567895.5,3231625,73462,0.001150748,15248183,0.5,6513.579545,100.3,164.1826921,0.782707132,158,12611.8,0.029439785,6540978.994,45899.48694,-0.01785118,1.35939E+11,1.432699671,337.3799348,83269,70822.97598,2.42878E+12,159.5306226,13194420.03,31478,4168759,778810431.5,95,248.0721992,297200.7203,2.94E+93,-1413.501784,94
404,0.183127572,4.31E-05,-0.500828923,0,35318.83572,1.24E+58,698.1510418,0.00118708,10118,3007846,8.18E-05,1.33E-05,0.890449438,924.8483666,34346.05255,53679.3118,1707938.5,3748413,2527155,64800,0.001132503,13799918,0.5,5330.897727,88.1,147.7594941,0.649358175,120,11411.4,0.026453639,5664469.313,39661.20801,-0.018983102,1.10068E+11,1.249297504,267.6579214,83283,67035.618,2.0366E+12,136.2258872,12011421.86,28484,3622062,698083102.5,86,211.3880861,223760.4099,2.37E+93,-1532.441537,86
405,0.144032922,2.26E-05,-0.598236896,0,32630.65707,2.45E+55,528.6675232,0.001001667,7885,2528450,0.000374937,0.000144476,0.926708075,432.8642355,28031.44465,46331.54907,1200540,2720252.5,1683290,53064,0.001108647,11686793,0.5,3875.454545,68.8,118.9068057,0.443129812,60,9660.8,0.02190969,4626271.843,31194.73382,-0.021918745,73377441339,0.996517938,172.7579043,83302,61971.53674,1.54597E+12,105.3930566,10370768.89,24117,2564809.5,564707764,66,154.4191589,152549.3201,1.63E+93,-1746.306693,66
406,0.458847737,0.000976277,0.042778452,0,47005.21268,3.44E+74,2148.706786,0.00256005,24879,5685526,0.003302912,0.000169904,0.654627722,6976.425182,82752.42367,86419.55129,3617961.75,13370857,11647067,154410,0.001335113,25383190,0.5,20488.125,184.9,323.3623228,1.577880217,370,21025.4,0.053272744,13190006.01,99367.3308,-0.013236334,4.08391E+11,2.931345773,1325.3726,83149,107000.0423,6.82475E+12,369.6800512,21203798.46,52452,7015203,1511648731,151,584.5283358,1181169.656,9.62E+93,-892.2519909,117
407,0.362139918,0.000437289,-0.11505845,0,43879.07644,4.29E+69,1593.319852,0.002064291,19962,4874118,0.002173115,0.000467803,0.709675325,6517.892969,64864.15243,77007.19597,3186495,9606168,7927392,121236,0.001256281,21890317,0.5,14196,156.8,264.0007817,1.365467289,321,18122.4,0.044650948,10765742.14,78426.24245,-0.013780745,3.01077E+11,2.373211252,891.3222219,83196,92032.06379,4.88608E+12,282.4254074,18399256.15,45218,6385918.5,1248236259,138,455.7527894,786659.0222,6.76E+93,-1035.142923,117
408,0.283950617,0.000253868,-0.251206821,0,40581.74491,8.51E+64,1175.849357,0.001685401,15561,4055704,0.001259662,0.000704555,0.732254311,5207.954081,50361.76996,65404.72601,2656868.25,6779422.5,5210466,94696,0.001199041,18349821,0.5,9879.545455,130.5,210.7254496,1.118653471,259,15185.6,0.036549461,8823031.416,61494.2775,-0.014731137,2.09633E+11,1.889154924,568.7461694,83234,80313.4046,3.4492E+12,217.4816355,15605796.93,37895,5453013.75,1000921219,121,345.9327081,543088.3912,4.53E+93,-1196.369067,111
409,0.269547325,0.000113674,-0.321917604,0,40587.81971,5.06E+64,1113.187337,0.001595774,15046,4122009,0.001091395,5.37E-05,0.861068702,1799.005459,50401.75504,71351.51298,2708077.5,6492949.5,5022409,93970,0.001189061,18632678,0.5,9159.579545,127.4,216.9533509,1.292217268,324,15414.2,0.03702838,7876220.987,58376.01087,-0.015930121,2.15567E+11,1.796363229,557.129003,83241,79552.65597,3.46198E+12,206.2531604,15935675.59,38470,5699917.5,1002262193,121,348.1232333,401005,4.65E+93,-1232.935921,115
410,0.259259259,0.000267068,-0.273392146,0,39183.88399,1.51E+63,1046.024281,0.001578685,13974,3651129,0.000971204,0.001031493,0.690920635,6192.59152,44394.48794,57629.95708,2411155.5,5842998,4294332,84166,0.001182033,16563780,0.5,8659.636364,118.8,187.1278324,0.894940689,189,13708.4,0.032886329,8300350.55,56146.7811,-0.015082457,1.71046E+11,1.723787375,459.5535548,83246,75986.30679,2.89714E+12,198.8400818,14154410.78,34208,4915538,896070862.8,110,302.3141787,508886.0711,3.67E+93,-1261.10155,106
411,0.230452675,4.17E-05,-0.411802198,0,38751.57758,1.14E+62,920.5471509,0.001400949,13025,3663813,0.000634668,8.51E-05,0.914253539,971.7744944,43261.86458,65433.01448,2379726,5202568,3828384,81020,0.001162791,16612375,0.5,7323.272727,111.4,190.306731,1.031869696,242,13740,0.032651788,6658500.841,49909.79423,-0.017155607,1.69724E+11,1.548535702,425.2895413,83260,73904.73362,2.80094E+12,174.5618116,14291506.12,34294,5016762,879750561.3,110,292.2720872,290765.7299,3.62E+93,-1348.223951,108
412,0.25308642,0.000197257,-0.328783298,0,39096.25437,1.01E+63,1025.932469,0.001543007,13705,3821787,0.000899089,0.000340803,0.801679328,2570.33514,46292.79476,64455.07797,2412288.25,5860150.5,4400325,86802,0.001177856,17386570,0.5,8365.397727,118.8,193.8156016,1.022904564,231,14383.8,0.034106758,7799181.099,54811.46266,-0.015993641,1.8317E+11,1.69582299,467.4331144,83249,76611.30939,3.07225E+12,192.3274711,14876059.46,35898,5097854.5,912643903,112,309.9037353,411755.7916,3.94E+93,-1278.47512,107
413,0.203703704,7.01E-05,-0.448755621,0,36785.95728,5.56E+59,790.9933405,0.001283343,11334,3247710,0.000322172,0.000185649,0.860235003,1429.224186,37588.93022,56677.64007,1993848,4323255.75,3016332,70836,0.001145475,14807370,0.5,6166.125,98.1,162.3279992,0.76408737,155,12246.6,0.028697822,6264445.186,44117.06407,-0.017709213,1.30272E+11,1.377988183,325.2611103,83273,69690.37206,2.30479E+12,153.0636699,12812323.18,30567,4192248,766092906.3,96,242.7527751,271938.1639,2.79E+93,-1444.757378,96
414,0.232510288,7.32E-05,-0.405968477,0,38677.69293,1.13E+62,930.453105,0.001414805,13033,3683346,0.000658707,7.86E-05,0.874525917,1552.020475,43659.81807,64536.17826,2358360.25,5269839.75,3890364,81738,0.001164144,16731932,0.5,7415.625,111.5,188.8326158,1.009191438,232,13839,0.032787341,6978214.438,50355.69824,-0.016564439,1.71023E+11,1.567824656,427.3174207,83259,74211.13687,2.83379E+12,175.1842426,14356865.24,34541,4990025.25,880381422.5,110,292.892587,319709.6671,3.65E+93,-1341.321516,107
415,0.220164609,4.24E-05,-0.43939689,0,38061.31544,1.56E+61,872.4357923,0.001351617,12418,3571551,0.000514477,4.56E-05,0.911126785,960.7221354,41817.38546,63781.94534,2244346,4905602.25,3571018,78304,0.001156069,16219678,0.5,6868.670455,106.1,183.1713988,0.981092112,226,13413.8,0.031723838,6521460.873,47681.9805,-0.017212338,1.59644E+11,1.48661199,393.9466213,83265,72649.68397,2.67473E+12,165.7619407,13996284.24,33481,4768062,848976435.8,105,277.3928528,277216.0207,3.41E+93,-1383.214926,104
416,0.222222222,5.75E-05,-0.421982628,0,37896.0792,1.24E+61,880.2334163,0.00136714,12401,3545081,0.000538516,2.17E-05,0.891138802,1159.347396,41601.18918,62655.31966,2199936,4931739,3578148,78034,0.001157407,16101598,0.5,6958.636364,106.5,181.3853484,0.929471371,207,13317.2,0.031545118,6604688.128,48127.36934,-0.017286735,1.56754E+11,1.495357218,391.1910097,83264,72646.72517,2.65378E+12,168.1016145,13884257,33239,4657753.5,842732490,103,274.5590638,289412.7218,3.37E+93,-1376.140383,102
417,0.187242798,1.72E-05,-0.534706447,0,35971.42407,4.51E+58,721.9149318,0.001190246,10601,3232880,0.000129866,0.00016837,0.936019536,645.5018164,36846.85388,58777.55311,1840088.25,3966712.75,2762760,69092,0.001135074,14754899,0.5,5494.125,91,160.4696361,0.775516462,160,12198.6,0.028362785,5786662.076,40552.8899,-0.018152233,1.26103E+11,1.285597042,300.6738821,83281,68494.63988,2.24791E+12,137.891188,12828811.91,30451,3966712.75,746509281.8,91,229.7120901,215824.8638,2.73E+93,-1513.286333,91
418,0.152263374,7.15E-06,-0.611494062,0,33588.44206,1.42E+56,565.7019073,0.001025852,8610,2712851,0.000278784,0.00026074,0.961865976,304.2900679,30072.67861,50239.4639,1386149.5,2962257,1894992,56766,0.001113586,12445428,0.5,4167.545455,74,131.7267556,0.523440464,84,10287.6,0.023608549,4756382.265,32977.30099,-0.020588342,86452339862,1.052244132,203.2696096,83298,63388.89339,1.69843E+12,111.3790074,10925278.62,25682,2962257,615062868.3,74,173.4955498,153404.8402,1.89E+93,-1694.184366,74
419,0.25308642,7.22E-05,-0.360941797,0,39964.30806,5.94E+63,1031.560709,0.001513005,14190,3949014,0.000899089,3.47E-05,0.889377582,1253.804421,47582.78533,69493.19685,2611369.5,5952954,4524063,88814,0.001177856,17875483,0.5,8365.397727,120.6,206.1650587,1.183689493,289,14786.2,0.035349605,7345240.312,54811.31997,-0.016461438,1.97596E+11,1.692970121,501.6108905,83249,77258.83407,3.19754E+12,192.8031335,15331399.28,36904,5517372,953237892.3,117,327.4297968,348664.6053,4.24E+93,-1278.375904,114
420,0.259259259,7.47E-05,-0.365337862,0,40254.33949,1.20E+64,1066.189231,0.001536904,14649,4104296,0.000971204,9.97E-06,0.882031746,1616.622827,49763.09472,71974.54006,2650614,6236212.5,4818618,92488,0.001182033,18586009,0.5,8659.636364,124.5,213.1145047,1.20895449,292,15372.8,0.036626298,7693511.777,56148.65914,-0.015792519,2.13484E+11,1.743848353,536.5386433,83246,78681.13686,3.40222E+12,195.9132612,15898123.18,38369,5642287.5,988101811.5,123,340.1423524,372181.49,4.55E+93,-1260.610075,114
421,0.232510288,4.40E-05,-0.425124283,0,38881.89058,1.79E+62,934.5003555,0.001408598,13107,3796486,0.000658707,0.000117153,0.910556258,1062.560602,44968.81468,67767.43047,2408436.75,5358149.25,4008110,83822,0.001164144,17238333,0.5,7415.625,112.1,193.3335005,1.096049213,261,14255.8,0.033631053,6934987.9,50356.0844,-0.016633172,1.79111E+11,1.576827666,440.8022087,83259,74868.20184,2.95796E+12,173.8970494,14815677.01,35583,5168480.25,897868850.5,111,301.2731582,304471.8593,3.84E+93,-1341.25338,109
422,0.399176955,0.000619603,-0.06679095,0,45130.92966,3.24E+71,1808.630035,0.002246658,21931,5302857,0.002605803,0.000356804,0.690240906,7368.35814,73141.18198,82779.54837,3359274.75,11159995.5,9501150,135780,0.001285347,23801747,0.5,16481.18182,168.5,289.1048405,1.494910856,353,19706.4,0.048733198,11935511.02,86447.17333,-0.013124552,3.54509E+11,2.613277678,1068.767755,83178,98412.75811,5.74778E+12,311.4334975,19850670.03,49169,6730512.75,1365379850,148,511.2658987,944612.853,8.05E+93,-974.5974927,117
423,0.298353909,0.000215311,-0.24377274,0,41494.08165,1.02E+66,1254.019158,0.001742371,16611,4268132,0.00142793,0.000364924,0.772605364,4136.292786,53602.23233,70246.57797,2818365,7326632.5,5746205,100428,0.00120919,19259604,0.5,10622.89773,137.8,226.762765,1.205294659,284,15938.6,0.038668833,8894245.383,64613.49046,-0.014783541,2.35981E+11,1.980858005,642.3279834,83227,82732.04653,3.74994E+12,228.8890146,16257457.79,39774,5760249,1067093728,130,372.60115,535149.6062,5.07E+93,-1162.178545,114
424,0.119341564,1.15E-06,-0.729020016,0,31484.51443,1.86E+54,430.6152315,0.000866276,6786,2377632,0.000663396,0.000459367,0.981246219,155.7132456,25829.93054,44960.42045,1007329.5,2195198.5,1316194,48808,0.001094092,11028745,0.5,3045,58,108.9356503,0.403667705,51,9112,0.02024745,4134055.255,25848.16844,-0.022901343,61656461509,0.851470414,137.3991981,83314,59707.30999,1.38692E+12,83.64809805,9849605.767,22751,2195198.5,513012503.3,58,132.0425449,111709.2735,1.39E+93,-1929.798674,58
425,0.191358025,2.49E-05,-0.496516222,0,36074.4906,6.56E+58,736.6972542,0.001215444,10772,3164663,0.000177942,0.000103129,0.934548855,574.3038292,36132.79264,57343.89715,1851759,4003766.25,2756706,68026,0.001137656,14405947,0.5,5659.261364,92.4,160.6376294,0.743851112,151,11912.6,0.028004704,5658123.232,41443.27079,-0.018702602,1.23455E+11,1.294495562,301.6666687,83279,68340.76024,2.18717E+12,143.8931366,12553530.74,29735,3917663.75,744101611.5,91,228.6447049,216064.6726,2.66E+93,-1495.642331,91
426,0.232510288,3.59E-05,-0.426084216,0,38910.03459,1.79E+62,934.6532176,0.001407466,13152,3801547,0.000658707,0.000161805,0.924936789,859.5653675,45012.7829,68344.88069,2412115.5,5361115.5,4012065,83892,0.001164144,17255350,0.5,7415.625,112.7,194.4089025,1.099033141,262,14269.8,0.033724683,6842720.945,50355.97176,-0.016778975,1.8042E+11,1.574473295,443.5470248,83259,74890.27216,2.96471E+12,174.2725226,14860757.21,35618,5171341.5,901623759.8,112,301.9431398,295572.5767,3.86E+93,-1341.258387,109
427,0.374485597,0.000501274,-0.090517936,0,44261.81673,1.82E+70,1660.206142,0.002127237,20564,4962320,0.002317345,0.000472298,0.700443203,6806.436492,66733.5317,77842.88896,3239320.5,10033842,8331596,124862,0.001265823,22248018,0.5,14940.54545,160.1,272.0934302,1.41795733,338,18420.4,0.045716777,11043143.34,81099.38408,-0.013691575,3.12854E+11,2.442578068,940.119806,83190,93703.33336,5.08233E+12,293.7681028,18691470.03,45960,6450327,1280753529,140,470.6250256,830150.6401,7.09E+93,-1014.125475,117
428,0.234567901,4.99E-05,-0.415488062,0,38948.18537,2.24E+62,943.3044852,0.001418892,13213,3792560,0.000682745,8.26E-05,0.913988511,1017.415765,44930.32608,67690.11768,2417102.25,5396646,4031724,83842,0.001165501,17187798,0.5,7508.454545,113.1,195.7356214,1.10763424,266,14214.8,0.033757812,6890965.476,50801.28966,-0.016695195,1.80957E+11,1.581156627,446.0419721,83258,74955.7462,2.95478E+12,176.8486317,14790109.16,35480,5159951,903347669,112,302.6838001,302058.8134,3.86E+93,-1334.646001,109
429,0.366255144,0.000305771,-0.15064549,0,44237.65705,6.94E+69,1633.881694,0.002063111,20526,5177350,0.002221192,4.45E-05,0.782708056,4027.239252,69190.97384,85338.23462,3235986,10092778,8520860,127602,0.001259446,23264712,0.5,14442.27273,161.5,285.116558,1.576336244,390,19254.8,0.047409926,10635842.35,79318.66898,-0.013954678,3.45637E+11,2.405069902,973.1361494,83194,94447.26657,5.34168E+12,284.9419188,19541477.93,48048,6634017,1317405986,151,482.8102707,711019.8306,7.62E+93,-1027.771113,117
430,0.199588477,4.40E-05,-0.485212165,0,36537.5565,2.52E+59,776.0382107,0.001258264,11171,3306797,0.000274095,4.43E-06,0.89282646,1093.780505,38245.71404,58933.15185,1940865,4284490,3020095,71776,0.001142857,15131543,0.5,5995.261364,96.4,163.6992652,0.787448668,161,12512.2,0.029092253,6196316.762,43226.40252,-0.017661028,1.3346E+11,1.363525854,324.9895599,83275,69812.97997,2.36274E+12,147.9972183,13090645.88,31232,4151980,770283772.8,95,241.9488516,254495.7435,2.87E+93,-1460.927933,94
431,0.160493827,1.15E-05,-0.613414403,0,34150.66856,4.96E+56,604.4812738,0.001062453,9100,2952181,0.000182631,0.000237811,0.945054945,479.4823836,33037.71324,54329.27473,1489663.5,3258255,2178696,62026,0.001118568,13574889,0.5,4467.272727,78,140.6172557,0.63341613,116,11219.6,0.025515109,5275992.134,34760.40179,-0.019213119,1.00215E+11,1.121491898,232.1874908,83294,65273.18168,1.94115E+12,115.5861869,11941955.09,28010,3258255,660167279.8,78,190.8893586,177259.0379,2.21E+93,-1646.177484,78
432,0.224279835,0.00017242,-0.349819087,0,36971.77656,2.55E+60,880.4655668,0.001417524,11887,3337618,0.000562554,0.000439408,0.793577982,2146.961675,39516.23511,56298.61927,1991343,4834967.5,3421401,74768,0.001158749,15254985,0.5,7049.079545,104.2,165.4474536,0.772690622,154,12621,0.029720452,6898668.026,48572.38284,-0.017617473,1.38137E+11,1.496977356,353.2870093,83263,71705.93896,2.47473E+12,171.6923869,13225712.44,31498,4169605,789258540.3,96,253.960687,347109.2167,3.00E+93,-1369.642481,94
433,0.12962963,8.31E-06,-0.683503886,0,32110.45758,6.44E+54,471.6885208,0.000918631,7320,2466060,0.000543205,0.000297259,0.947772657,330.9603222,26987.52388,45731.75422,1119321,2421499.5,1479177,50990,0.00110011,11410735,0.5,3382.670455,63,113.687365,0.433668578,59,9429.4,0.021098722,4422839.548,28076.11624,-0.021892847,67678746148,0.916159518,154.4426426,83309,60767.90855,1.46961E+12,92.00108751,10144329.67,23542,2421499.5,539639097.8,63,143.6226934,131273.0147,1.51E+93,-1846.881529,63
434,0.193415638,5.66E-05,-0.47465204,0,36170.98842,9.58E+58,743.403248,0.001231992,10810,3090690,0.00020198,0.000266794,0.843742851,1736.215395,35483.36657,53547.82361,1874707,4004564.5,2730042,67016,0.001138952,14114838,0.5,5742.545455,93.4,155.0967854,0.680267839,129,11673.6,0.02737161,6070759.579,41889.1107,-0.017784515,1.19529E+11,1.31203183,295.8871089,83278,68117.36296,2.12569E+12,144.7292503,12217626.13,29137,3919361,732564292.5,92,226.5983273,259727.1686,2.54E+93,-1486.784431,92
435,0.144032922,1.52E-05,-0.628504426,0,32932.53014,3.77E+55,530.3627122,0.000991036,8062,2585706,0.000374937,0.000180481,0.934989648,443.9739373,28575.42801,47445.94617,1264218,2745085,1716400,54010,0.001108647,11916668,0.5,3875.454545,69.7,123.262057,0.474444477,70,9850,0.022418715,4678363.851,31195.09042,-0.020903019,77630254635,1.003166476,180.7396779,83302,62244.59505,1.58422E+12,104.2043736,10507483.77,24590,2705869.5,580763878.3,69,159.9168668,150827.2659,1.70E+93,-1745.69984,69
436,0.234567901,0.000199582,-0.347957817,0,38121.71715,4.26E+61,930.3798359,0.001454249,12767,3460480,0.000682745,0.000623319,0.786834342,2869.94765,41041.84056,57673.65207,2227935,5132536.5,3679578,77664,0.001165501,15686554,0.5,7508.454545,110.7,179.4622376,0.839812423,176,12979.2,0.031123745,7141833.741,50799.48551,-0.016422776,1.54169E+11,1.562303507,397.3568489,83258,73003.87895,2.59335E+12,179.5291324,13414372.52,32391,4592269.5,842304701.3,105,275.7126008,365563.49,3.28E+93,-1335.119241,102
437,0.074074074,1.29E-06,-0.825362111,0,28710.81311,2.66E+52,252.0950947,0.000656929,4195,1549182,0.001192237,0.000473666,0.958730159,129.7487179,16410.37405,29330.0254,555480,1154322,539064,31280,0.001068376,7277324,0.5,1701,36,67.43828733,0.210814332,12,6011.2,0.01297214,2789976.167,16043.99097,-0.032954694,24690870934,0.537213082,54.4181253,83336,52926.30859,7.52306E+11,50.91878064,6661194.155,15010,1154322,323691564.3,36,71.5279994,60660.99972,5.71E+92,-2478.764748,36
438,0.185185185,8.03E-05,-0.460988235,0,35525.88028,2.15E+58,701.3310389,0.001201573,10223,2819887,0.000105827,0.000587552,0.771285893,2687.139151,32150.68992,46946.1613,1754544,3662865,2385360,61198,0.001133787,12880844,0.5,5412.272727,89.4,140.635012,0.567713247,97,10655.6,0.025005086,5956334.969,40106.45968,-0.017915959,1.00718E+11,1.252203704,255.6269961,83282,66035.38693,1.8475E+12,139.0227955,11077829.53,26594,3581468,674257685.8,88,205.3711661,272674.7097,2.12E+93,-1523.181951,88
439,0.189300412,2.52E-05,-0.493092168,0,36090.05682,6.57E+58,725.4118588,0.001206145,10676,3063755,0.000153904,5.55E-05,0.926899188,646.9217162,34897.57559,55257.68801,1865461,3894153,2638284,65910,0.001136364,13936957,0.5,5576.454545,92,157.0182336,0.701494701,139,11526,0.027201915,5515955.547,40997.46021,-0.01885995,1.17969E+11,1.275652195,290.4076462,83280,67618.34979,2.078E+12,142.9592712,12084689.3,28769,3894153,727852470.3,92,223.928878,211662.7392,2.51E+93,-1504.667461,92
440,0.086419753,1.65E-06,-0.800987873,0,29437.89673,6.96E+52,299.3306873,0.000714663,4882,1806957,0.001048008,0.000508004,0.976771196,102.0653093,19302.25164,34494.65738,669637.5,1424640,732900,36706,0.001075269,8480653,0.5,2044.636364,42,78.71339443,0.266226973,22,7005.2,0.015163433,3193176.71,18717.97935,-0.029079534,33875279665,0.626155436,74.02787894,83330,54928.64847,9.36845E+11,59.43898291,7753812.312,17492,1424640,377826347.8,42,87.54957579,73094.91892,7.80E+92,-2287.474035,42
441,0.232510288,0.000181579,-0.326409283,0,37983.226,2.77E+61,914.6671018,0.001444066,12668,3259444,0.000658707,0.000738481,0.745575221,3550.466039,38763.01501,53292.4115,2198618.5,4939484.25,3449890,73942,0.001164144,14837501,0.5,7415.625,109.4,168.9054569,0.739357966,145,12279.8,0.029458791,7039820.031,50354.53353,-0.016581295,1.40374E+11,1.541349575,373.1839678,83259,71753.13377,2.39558E+12,179.0666049,12678928.73,30643,4414937.25,808945301.3,105,263.0185915,382265.377,2.94E+93,-1341.81623,101
442,0.12962963,1.75E-05,-0.634423567,0,31937.25981,5.66E+54,468.2020342,0.000933248,7130,2296053,0.000543205,0.000134368,0.919098822,441.3667706,25280.23497,42168.35842,1092734.5,2350341,1384299,47978,0.00110011,10678818,0.5,3382.670455,62.7,105.8969542,0.379706657,45,8827,0.019765143,4259549.191,28075.56048,-0.023131865,60292545842,0.904237556,140.9254682,83309,59910.91647,1.34075E+12,93.85359791,9487093.551,22036,2313034,509156502.3,62,136.0569788,134436.354,1.32E+93,-1847.675396,62
443,0.121399177,9.51E-06,-0.667448986,0,31355.85326,1.86E+54,435.7290971,0.000893961,6671,2243079,0.000639358,0.000337469,0.957919345,211.151306,24559.61864,42126.59264,985059.75,2180949.75,1269444,46572,0.00109529,10456722,0.5,3111.579545,58.4,101.9476672,0.36648465,42,8641.8,0.019196539,4012143.671,26293.2591,-0.024363073,56046393025,0.853709158,128.0601099,83313,59165.17851,1.2927E+12,86.98169625,9369866.46,21575,2107019.25,488646407,58,126.64459,115970.1287,1.25E+93,-1913.413715,57
444,0.119341564,1.42E-05,-0.651713986,0,31177.6646,1.47E+54,426.0027917,0.000889361,6467,2142049,0.000663396,0.000223592,0.934059286,309.9211059,23433.17124,39758.45675,959224,2102282.5,1192306,44536,0.001094092,9990651,0.5,3045,57.4,97.52383599,0.34471303,38,8257.6,0.018380166,3925879.763,25847.3685,-0.025074537,51655876732,0.833984853,118.8645337,83314,58504.23082,1.21032E+12,86.31454383,8932484.944,20615,2029790,468453973.5,57,121.2974752,116655.083,1.15E+93,-1931.291263,56
445,0.119341564,2.30E-05,-0.600605328,0,31178.79682,1.65E+54,421.8848367,0.000898096,6356,1917324,0.000663396,2.47E-05,0.898366606,441.5605206,21002.7496,34912.86025,971593.5,2008061.5,1066678,40204,0.001094092,8937977,0.5,3045,57.7,88.78321092,0.29052671,27,7391.2,0.016670371,3639850.724,25846.66775,-0.026008207,43676150456,0.817075336,105.9568793,83314,57284.25446,1.03764E+12,88.65039083,7905433.121,18449,1973439.75,433948930.3,57,114.236313,117251.2313,9.42E+92,-1932.07873,57
446,0.261316872,0.000271093,-0.267205321,0,39144.10276,1.88E+63,1056.943959,0.001601986,13910,3701955,0.000995242,0.000525125,0.757405324,3087.103111,45238.18736,60918.69816,2406067.5,5944774.75,4402328,85584,0.001183432,16846626,0.5,8758.670455,119.2,188.9179952,0.950651729,208,13941.8,0.033309361,7899070.348,56592.78409,-0.016356509,1.73205E+11,1.726662807,463.3332131,83245,76519.54875,2.97853E+12,202.4659143,14437106.6,34791,4961780.5,899705751.5,109,305.8816135,453841.7007,3.76E+93,-1255.668182,106
447,0.166666667,2.45E-05,-0.565519701,0,34503.99681,1.32E+57,627.1716266,0.001098325,9344,2856715,0.000110517,7.31E-05,0.912962963,718.7214778,32081.97101,51546.7,1561720.5,3323612.25,2182626,60534,0.001122334,13095686,0.5,4697.079545,81,139.1595703,0.585727599,102,10827,0.024978647,5255735.203,36096.63478,-0.01933217,98039283396,1.147380774,233.400478,83291,65092.5334,1.85061E+12,122.3836094,11379919.92,27027,3323612.25,655521537.8,81,192.4295162,189242.0295,2.12E+93,-1613.107599,81
448,0.166666667,2.20E-05,-0.570714716,0,34495.73012,1.32E+57,628.8831654,0.001098641,9330,2939822,0.000110517,0.000136137,0.926851852,568.6526931,33066.57016,53533.725,1560870,3374460,2250423,62208,0.001122334,13502471,0.5,4697.079545,81,140.5246064,0.611152038,108,11161.8,0.025532462,5344248.062,36096.80223,-0.019435069,1.01156E+11,1.15283606,238.2178749,83291,65586.76356,1.94059E+12,121.8254522,11861256.94,27864,3374460,664092033,81,195.75059,189518.2781,2.21E+93,-1613.103242,81
449,0.148148148,2.10E-05,-0.593383649,0,33221.81664,7.81E+55,545.8312182,0.001018008,8213,2557795,0.000326861,0.000107802,0.91627543,558.6239381,28471.2909,46619.14867,1327284,2813112,1751616,53912,0.001111111,11823341,0.5,4020.545455,72,120.4788108,0.461909015,66,9774.4,0.022170072,4729408.767,32086.13843,-0.021156039,76737610405,1.026715341,182.0827973,83300,62388.29008,1.57391E+12,107.9825963,10390144.32,24400,2813112,577171695.5,72,162.7393412,160864.279,1.67E+93,-1719.72584,72
450,0.148148148,2.69E-05,-0.598694721,0,33172.75909,6.73E+55,546.3938584,0.001015773,8245,2585282,0.000326861,2.17E-05,0.894757433,746.2254212,28753.06291,46557.97966,1310571.25,2826288,1769184,54400,0.001111111,11941931,0.5,4020.545455,71.7,122.1656163,0.472528105,69,9872,0.022388466,4880747.511,32086.18651,-0.020692134,77889936738,1.028017734,184.5928987,83300,62529.72858,1.59754E+12,107.822345,10521844.38,24644,2787034,582395350.5,71,163.0118494,169150.8491,1.70E+93,-1719.594311,71
451,0.195473251,4.85E-05,-0.485538579,0,36293.75449,1.41E+59,755.9361755,0.001241979,10891,3221615,0.000226019,3.35E-05,0.884210526,1126.284661,37159.1993,57217.82105,1900710.75,4141477.5,2884865,69854,0.001140251,14758293,0.5,5826.306818,94.7,158.0340153,0.747443279,149,12203.8,0.028300242,6095767.243,42335.1014,-0.017969704,1.26675E+11,1.335089979,308.2179365,83277,69061.36404,2.27068E+12,145.0627182,12791625.48,30462,4054288.5,748719787.5,94,234.3813596,250741.2869,2.72E+93,-1477.989538,93
452,0.12962963,1.28E-05,-0.614195159,0,31918.51962,5.66E+54,466.3002287,0.000934419,7097,2203372,0.000543205,0.000180693,0.935995904,341.380368,24199.85892,40694.6339,1091200,2305311.75,1324260,46072,0.00110011,10215672,0.5,3382.670455,62.7,104.5707661,0.3554549,40,8445.8,0.019177907,4006536.322,28074.9972,-0.024176214,57246008512,0.891183038,136.1056088,83309,59368.61006,1.26101E+12,95.7312107,9067577.674,21083,2268719.5,498482199.8,62,132.988896,125520.0841,1.25E+93,-1848.176957,62
453,0.121399177,1.03E-05,-0.625058988,0,31452.15449,2.36E+54,431.7579603,0.000896103,6615,2027768,0.000639358,0.00017595,0.938632379,300.5448993,22116.33058,37498.9661,1017115.75,2084794.5,1141237,42226,0.00109529,9400655,0.5,3111.579545,59,96.79168328,0.314778468,32,7772.6,0.017706591,3677183.07,26292.32279,-0.025523063,49141873825,0.831323155,117.1290988,83313,57938.74371,1.11376E+12,90.10271255,8334195.429,19402,2084794.5,461208518,59,121.1043794,111811.3623,1.06E+93,-1914.159785,59
454,0.074074074,1.52E-06,-0.794774139,0,28682.81832,2.51E+52,250.6153341,0.000660721,4143,1413539,0.001192237,0.000439474,0.974603175,81.83334045,14956.04122,26890.14603,554076,1117710,490248,28568,0.001068376,6618313,0.5,1701,36,64.02573748,0.181728586,7,5468.8,0.012052381,2497367.879,16043.45643,-0.034234139,21888971630,0.52397883,49.93301242,83336,52196.29054,6.61506E+11,52.70059689,5986631.48,13654,1117710,306272488,36,68.08366577,55498.58045,4.93E+92,-2479.598678,36
455,0.135802469,2.85E-05,-0.6053033,0,32156.55078,9.44E+54,492.7262684,0.000965044,7401,2341629,0.00047109,2.85E-06,0.894638695,584.7315586,25816.27339,42261.81072,1123148.25,2478696,1472196,49034,0.001103753,10840660,0.5,3591,65.1,109.835156,0.391429288,48,8962,0.020294736,4431176.769,29412.12874,-0.022558034,63733276902,0.938614817,150.2013399,83306,60470.06412,1.37758E+12,99.53345464,9591204.141,22372,2366028,524872802.3,64,141.1051609,147592.5513,1.40E+93,-1802.479206,63
456,0.12345679,1.36E-05,-0.641761795,0,31535.68525,2.65E+54,442.1246822,0.000905009,6763,2163656,0.000615319,0.000157322,0.923163842,394.5476909,23738.03382,39890.26441,1023664.75,2183070,1244520,45144,0.001096491,10080559,0.5,3178.636364,59.7,99.14582321,0.3495202,39,8332.8,0.018603506,4004604.706,26738.59253,-0.024219421,53460680119,0.860411029,125.8155101,83312,58848.48559,1.22883E+12,89.50604123,8951371.56,20802,2146685.5,479422347.8,59,126.165059,123443.695,1.17E+93,-1896.568137,59
457,0.117283951,2.11E-05,-0.622821496,0,31058.74724,1.27E+54,415.1278074,0.000885265,6255,1972252,0.000687434,4.08E-05,0.90914787,372.5040727,21527.39819,36079.07644,950320,1995128.25,1077186,41102,0.001092896,9184378,0.5,2978.897727,56.7,91.08560697,0.30172439,29,7593.4,0.017082906,3700086.24,25401.21417,-0.025939119,45287879831,0.80750038,106.8535763,83315,57452.28699,1.07515E+12,86.52653084,8177046.934,18955,1960126,439723728,56,114.6437235,114481.7761,9.90E+92,-1949.766344,56
458,0.0781893,4.18E-06,-0.764994273,0,28872.75117,3.47E+52,265.4567064,0.000686185,4278,1448821,0.00114416,0.000294108,0.941678521,158.9733828,15421.42911,27169.90754,588686.5,1190473.5,531734,29468,0.001070664,6800562,0.5,1813.636364,38,64.6801685,0.188814807,8,5620,0.012336002,2652033.582,16934.70142,-0.033255306,22995261630,0.551898917,52.77341562,83334,52612.72496,6.88524E+11,55.82221,6132671.302,14031,1190473.5,312539350,38,71.53311934,63501.59001,5.16E+92,-2411.415935,38
459,0.131687243,9.03E-06,-0.652963802,0,32191.85653,8.36E+54,478.1144568,0.000935454,7348,2387987,0.000519167,0.000272132,0.950396825,297.4079343,26237.57658,44410.53571,1138416,2425888,1457280,49700,0.001101322,11066165,0.5,3451.636364,64,111.1791529,0.409791496,53,9146.4,0.020573516,4278042.005,28521.40494,-0.022502928,65158913040,0.922140571,151.1741929,83308,60487.95957,1.40974E+12,94.67455025,9796925.737,22834,2425888,529798568.8,64,142.3943381,129922.6422,1.44E+93,-1831.800552,64
460,0.487654321,0.00137364,0.103701595,0,47742.08311,9.94E+75,2306.996502,0.002726773,26038,5712881,0.003639447,0.000506318,0.592683973,10921.65283,85450.98766,83464.60363,3719664,14240737.5,12419985,161216,0.001360544,25468708,0.5,22566.17045,191.4,327.9374326,1.551954141,359,21104.2,0.05401318,14080158.22,105603.4581,-0.012742309,4.07962E+11,3.089217704,1406.395172,83135,110252.4346,7.12772E+12,396.8234747,21190041.95,52642,7030237.5,1544518835,151,606.5251066,1405554.82,9.89E+93,-857.3605867,117
461,0.234567901,8.30E-05,-0.363586181,0,38754.92748,1.40E+62,931.9877048,0.001430677,13157,3487154,0.000682745,0.000256249,0.855457227,1652.496882,41274.72169,60231.85251,2368311.25,5148354,3700668,78034,0.001165501,15776455,0.5,7508.454545,112.8,187.010468,0.924082782,208,13053.2,0.031526758,6706394.08,50799.87603,-0.017166351,1.60489E+11,1.550386497,414.7975612,83258,73120.77615,2.6184E+12,181.5607394,13535402.9,32576,4832227,863021066.3,111,284.3819162,317735.0641,3.37E+93,-1335.098195,107
462,0.236625514,0.000156536,-0.349301402,0,38515.45618,1.09E+62,941.5815203,0.001451497,13025,3519305,0.000706783,0.00072675,0.747520976,4303.319841,41912.05198,57493.44012,2313701.25,5231263.75,3783500,79140,0.001166861,15989329,0.5,7601.761364,112,179.641062,0.860117822,181,13229,0.031454907,7571571.078,51245.59139,-0.01572672,1.58E+11,1.587156505,409.7001649,83257,73547.77346,2.67622E+12,179.478679,13728172.25,33015,4776371.25,852984889,108,282.7864335,409456.9538,3.35E+93,-1328.343143,105
463,0.144032922,2.21E-05,-0.628116003,0,32915.24696,3.77E+55,531.0668731,0.00099211,8032,2627148,0.000374937,9.19E-05,0.90931677,636.7086296,29101.01024,47689.00497,1262665.5,2769077.5,1748390,54924,0.001108647,12138755,0.5,3875.454545,69.7,122.4018802,0.485054402,72,10032.8,0.022605497,4889482.436,31195.20577,-0.020670173,78515520528,1.007041615,181.5673525,83302,62508.41672,1.62804E+12,103.819897,10728523.55,25047,2729519.25,581015875.3,70,161.0653045,161960.7676,1.73E+93,-1745.685313,69
464,0.205761317,4.51E-05,-0.459156757,0,37162.15302,1.25E+60,802.4865354,0.001286804,11580,3324845,0.00034621,3.85E-05,0.893131313,1116.634653,38538.29134,59029.72747,2074347,4420375,3118100,72462,0.001146789,15153887,0.5,6252.272727,99.7,168.5733253,0.811113346,170,12532.4,0.029439953,6203575.092,44562.71997,-0.017745751,1.37885E+11,1.39281166,340.9146526,83272,70270.76747,2.38798E+12,154.5131224,13119708.31,31281,4376171.25,787828896.8,99,251.5198381,260285.1489,2.94E+93,-1436.588789,99
465,0.158436214,1.52E-05,-0.576213845,0,33988.08355,3.58E+56,589.6622884,0.001058215,8941,2682156,0.00020667,0.000120015,0.9316473,559.3800498,29840.80328,48774.09433,1461402.25,3061616.25,1944250,56506,0.001117318,12271434,0.5,4391.625,77,133.1434592,0.516618133,83,10146.2,0.02354118,4833770.584,34313.76179,-0.0203466,87268055387,1.083585653,210.4816882,83295,63569.16565,1.67335E+12,117.4170555,10681372.38,25327,3061616.25,622003596.8,77,177.8077396,166401.9555,1.88E+93,-1658.338783,77
466,0.158436214,4.67E-06,-0.607658962,0,34020.29419,3.60E+56,593.6634128,0.001052618,8996,2847867,0.00020667,0.000314636,0.973000684,253.375768,31734.39096,53020.44737,1464578.5,3155344.5,2069221,59752,0.001117318,13060209,0.5,4391.625,77,138.4462162,0.579675778,100,10795.4,0.024751425,4936069.878,34314.36756,-0.019949522,95091395418,1.09785488,222.6638161,83295,64519.6724,1.8312E+12,115.3978167,11460180.77,26950,3155344.5,644936951.8,77,184.7606401,160452.5702,2.08E+93,-1657.964042,77
467,0.244855967,0.000111603,-0.349399063,0,38990.99115,4.21E+62,984.6705261,0.001485993,13536,3693493,0.000802936,0.000164449,0.850306224,1716.326265,44231.54206,63746.75004,2398726,5551617.75,4099788,83184,0.001172333,16743594,0.5,7979.761364,116.3,192.2499377,1.019807698,236,13852.2,0.033123829,7154270.944,53028.46403,-0.01678691,1.74248E+11,1.629927477,448.3641522,83253,75142.58909,2.8828E+12,187.7797176,14336313.4,34571,4991790.75,896008052.8,111,299.7197256,350283.7598,3.72E+93,-1302.934646,107
468,0.20781893,3.90E-05,-0.479941562,0,37260.7995,1.54E+60,815.5591872,0.001290036,11741,3441186,0.000370248,2.19E-05,0.898613861,1177.30364,39913.023,61207.51366,2086301.25,4544621.25,3256038,74778,0.001148106,15667584,0.5,6338.897727,100.4,173.6581947,0.862265605,185,12955.8,0.030379029,6378800.072,45008.96434,-0.017053512,1.4681E+11,1.418660955,356.6801745,83271,71064.89442,2.50025E+12,154.0010274,13454946.67,32339,4454628.75,808777064,101,258.5307525,264471.9415,3.13E+93,-1428.344602,99
469,0.133744856,2.70E-05,-0.626046531,0,32155.98173,8.03E+54,484.7051384,0.000949867,7400,2330316,0.000495128,2.94E-05,0.900961538,571.8958284,25508.33701,41977.03269,1123101,2430236.25,1435330,48454,0.001102536,10731794,0.5,3521.079545,64.4,111.4190511,0.386166309,47,8871.8,0.020243241,4359028.446,28966.54465,-0.022257725,63418504371,0.924202017,149.7999799,83307,60218.60223,1.35134E+12,97.84461573,9434151.465,22147,2355459.75,525563957.8,63,140.216479,141296.5007,1.39E+93,-1817.038703,63
470,0.139917695,1.92E-05,-0.606927739,0,32712.04637,2.47E+55,510.4309989,0.000976487,7795,2423348,0.000423014,2.10E-05,0.908691835,559.1034471,26744.87048,43945.72081,1232296,2590392,1565632,50740,0.001106195,11189610,0.5,3732.272727,68,115.7242088,0.418014414,55,9250.4,0.021068268,4509985.03,30303.23901,-0.021934003,69206449465,0.963576439,164.2271509,83304,61130.55761,1.44852E+12,103.1041522,9932185.364,23092,2590392,549159727.3,68,150.7820305,149951.179,1.51E+93,-1773.566656,68
471,0.193415638,2.72E-05,-0.515071495,0,36204.20661,9.58E+58,750.3002275,0.001223901,10865,3325735,0.00020198,0.000142593,0.930221917,666.1121622,38189.66132,60383.13224,1878502,4162484.5,2940602,71496,0.001138952,15203465,0.5,5742.545455,93.4,163.863939,0.809700764,169,12569.6,0.029128772,5997252.485,41889.73621,-0.017971785,1.32332E+11,1.327409413,316.4841026,83278,69475.81679,2.36582E+12,142.6441959,13233353.85,31377,4073921,764505011.5,92,237.8322148,230558.0789,2.88E+93,-1486.503051,92
472,0.244855967,9.78E-05,-0.361674581,0,39241.50851,6.87E+62,987.1297292,0.001479703,13682,3751977,0.000802936,0.000164807,0.850875944,1898.588164,44942.48257,64801.01766,2455443,5601508.5,4166309,84302,0.001172333,17015253,0.5,7979.761364,116.3,193.9135587,1.031641114,238,14075.8,0.033570197,7266205.628,53028.93978,-0.01641523,1.79334E+11,1.639569726,459.3074285,83253,75499.45335,2.95102E+12,186.1939072,14602879.83,35130,5130793.5,908769955.3,114,305.5364446,354861.5026,3.82E+93,-1302.706585,109
473,0.158436214,2.68E-05,-0.568073489,0,33930.10439,3.60E+56,589.4567156,0.001064267,8842,2675831,0.00020667,3.04E-05,0.904989747,714.1125188,29917.80684,48226.72044,1455685,3065427.75,1949332,56638,0.001117318,12303514,0.5,4391.625,77,129.4889522,0.504589291,78,10172.6,0.023386143,4977337.779,34313.99939,-0.02019799,86124183577,1.089182539,206.780276,83295,63607.81842,1.68162E+12,116.6250453,10743908.33,25393,3065427.75,614868879,77,177.0458879,177505.2716,1.85E+93,-1658.340264,77
474,0.131687243,1.91E-05,-0.628448946,0,32155.93258,8.36E+54,475.9867292,0.000939835,7285,2284871,0.000519167,5.31E-05,0.908234127,525.0334745,25106.13232,41549.88988,1135392,2378080,1393536,47708,0.001101322,10582106,0.5,3451.636364,64,107.8000722,0.374767543,44,8748,0.019818281,4267082.483,28520.93221,-0.02265322,61262293876,0.91155174,144.3761791,83308,59920.01892,1.32427E+12,96.25030665,9342596.241,21838,2378080,514535150.8,64,138.5393903,137215.66,1.33E+93,-1832.111418,64
475,0.098765432,7.02E-06,-0.734662366,0,30079.24522,1.91E+53,345.1672752,0.000779932,5500,1871667,0.000903778,0.000307788,0.945921986,214.6784897,20073.5548,34898.16489,771082,1645512,860832,38220,0.001082251,8715874,0.5,2405.454545,47.7,85.50073354,0.277232733,24,7202.4,0.015982497,3384560.211,21391.25662,-0.027287583,38604628490,0.697545568,87.90373514,83324,55873.32992,9.79931E+11,70.32953146,7803863.546,17982,1611230.5,406447112.3,47,97.85537719,88176.96125,8.66E+92,-2133.692031,47
476,0.104938272,8.01E-06,-0.69301295,0,30513.31253,3.76E+53,367.4497859,0.000810102,5839,1847338,0.000831663,0.000167609,0.930196078,291.179601,19876.82092,34056.37961,849621.75,1737225.75,899844,37940,0.001085776,8574945,0.5,2592.306818,51,86.90393855,0.271226062,23,7088.2,0.015994065,3382613.043,22727.62978,-0.026645831,39636206622,0.727113025,93.38934825,83321,56055.90712,9.65402E+11,76.65969324,7664966.511,17695,1737225.75,414893933.8,51,102.662239,94823.90924,8.67E+92,-2067.016785,51
477,0.172839506,6.04E-05,-0.469423909,0,34629.35535,2.54E+57,644.134506,0.001151446,9437,2554056,3.84E-05,0.000314174,0.834767642,1437.760159,28985.02172,44331.65577,1586700,3271254,2029608,55464,0.001126126,11742668,0.5,4931.181818,83.7,127.6340415,0.454933578,64,9715.2,0.022771602,5096027.954,37432.29875,-0.020124149,84652155087,1.160834955,214.8956125,83288,63838.92041,1.60055E+12,131.0777805,10094999.59,24246,3193367,615554498,84,182.6315599,213204.663,1.76E+93,-1582.300561,82
478,0.065843621,6.34E-07,-0.789748573,0,28170.53738,1.25E+52,219.518287,0.0006282,3619,1182952,0.00128839,0.000412488,0.973790323,76.30003904,12522.20363,22590.03024,479968,941400,366240,23946,0.00106383,5562236,0.5,1481.454545,32,53.29719766,0.153051346,6,4597.2,0.010121771,2100572.367,14260.66282,-0.038932982,15592080463,0.461528566,36.63068958,83340,50611.17528,5.23391E+11,47.4694252,5020403.978,11477,941400,259088286.8,32,56.70104307,46191.25975,3.47E+92,-2636.473034,32
479,0.113168724,5.58E-06,-0.683825951,0,31062.77043,9.10E+53,400.0569999,0.000843318,6375,1967446,0.000735511,0.000245774,0.954208754,225.3718408,21075.62893,36293.56498,938313.75,1911703.75,1021460,40224,0.001090513,9025937,0.5,2848.125,55,96.20136565,0.295225924,28,7461.8,0.017193484,3476039.487,24510.03008,-0.025190044,46113853750,0.778705062,109.6084591,83317,57035.4583,1.03882E+12,83.20188761,7917836.563,18627,1911703.75,450443507.3,55,113.1998852,97726.5237,1.00E+93,-1985.967826,55
480,0.088477366,2.63E-06,-0.75447355,0,29566.12955,7.80E+52,304.0466487,0.000725463,5007,1599022,0.001023969,0.000341789,0.96124031,144.7475968,16850.30185,29732.4031,689601.75,1384696.75,651880,32212,0.001076426,7367718,0.5,2103.579545,43,76.90643418,0.218257574,14,6089.8,0.013871549,2817550.004,19162.56874,-0.029780732,29588048877,0.613570132,69.45484762,83329,53790.31187,7.70584E+11,64.44347728,6534457.848,15203,1384696.75,360136867,43,83.4369121,69400.28868,6.52E+92,-2260.412761,43
481,0.024691358,3.28E-07,-0.883218922,0,25857.35653,1.30E+51,77.46216298,0.00043304,1297,347770,0.001769154,0.000441392,0.954545455,22.01606415,3739.614295,6520.363636,159150,280104,40032,6828,0.001041667,1621282,0.5,498.2727273,12,16.96152038,0.047851601,3,1341.6,0.003108057,624172.6537,5347.441655,-0.092637723,1480598593,0.165233274,4.031150179,83360,44429.39159,1.15873E+11,18.8240463,1405508.701,3348,280104,83193799.25,12,16.471294,12971.69879,3.28E+91,-4354.24455,12
482,0.090534979,7.61E-06,-0.68304424,0,29483.51578,9.86E+52,310.6021272,0.000759039,4746,1564017,0.000999931,0.000212283,0.950317125,137.2309888,16834.78042,29477.09302,697015,1415370,665016,32208,0.001077586,7345360,0.5,2163,44,69.81739283,0.215153696,13,6072,0.013410859,2839851.314,19608.07951,-0.032115688,27484453118,0.627706732,63.6479377,83328,53875.15566,7.74886E+11,66.3766822,6649108.011,15158,1415370,339516887.5,44,82.89249222,74585.94049,6.10E+92,-2235.289355,44
483,0.088477366,6.44E-06,-0.716225494,0,29468.36771,8.02E+52,303.0603772,0.000738944,4828,1532060,0.001023969,0.000244807,0.943521595,181.934203,16418.3483,28692.2093,683829,1371893.5,634809,31418,0.001076426,7174776,0.5,2103.579545,43,69.71816026,0.205803247,11,5931,0.013167604,2792814.719,19162.6336,-0.031091935,26812285703,0.616241264,63.57319328,83329,53573.48812,7.4695E+11,64.22725761,6433503.995,14806,1371893.5,339853848,43,80.84710082,72646.19415,5.88E+92,-2261.344836,43
484,0.131687243,2.24E-05,-0.580821089,0,31931.01308,6.42E+54,472.1153386,0.000949596,7119,2102259,0.000519167,7.59E-06,0.900793651,522.2609332,23082.93733,38002.56746,1092223,2292592,1279552,44146,0.001101322,9716553,0.5,3451.636364,63.4,101.9176488,0.330327507,35,8035.6,0.018502542,3947321.609,28520.15498,-0.024276443,54148532855,0.893583782,131.7195933,83308,58904.45437,1.17791E+12,98.841066,8543895.863,20057,2220948.5,486215992.5,63,130.1300436,131715.9788,1.16E+93,-1833.099569,62
485,0.104938272,1.23E-05,-0.678165705,0,30460.5684,3.79E+53,366.7189747,0.000814389,5744,1803014,0.000831663,9.41E-05,0.910588235,356.0417679,19382.40975,32856.38588,845988,1720128,877047,37046,0.001085776,8357694,0.5,2592.306818,51,84.42018354,0.260736088,21,6909.4,0.015625765,3362195.948,22727.62689,-0.027014575,37937579536,0.726887868,89.75439376,83321,55807.73211,9.29684E+11,76.66935138,7378926.029,17248,1720128,404892231,51,100.9974741,97234.50339,8.28E+92,-2067.34833,51
486,0.014403292,0,-0.957476834,0,25345.199,9.44E+50,44.81875952,0.000377333,803,296944,0.001889346,0.00072547,1,7,3251.757089,5782,90252.75,161066.5,20237,5838,0.001036269,1405018,0.5,282.3068182,7,12.67130664,0.039889744,2,1160.6,0.002481337,516877.2367,3119.637789,-0.148292606,804650359.5,0.103996363,1.992513724,83365,43752.38628,98126601447,9.991281339,1303492.33,2898,161066.5,61597288.25,7,10.57706204,6915.545014,2.09E+91,-5709.271051,7
487,0.008230453,0,-0.957603458,0,24986.72256,2.02E+50,25.25895904,0.00035052,445,98019,0.00196146,0.000708343,1,4,1273.803055,1884,50360,86106.22222,3768,1904,0.001030928,457804,0.333333333,157.8181818,4,5.314421262,0.013911382,1,379.2,0.000912326,168416.6797,1782.429936,-0.258211764,115464062.8,0.053767575,0.405985042,83210,42476.11763,29614062016,6.443399697,383380.0864,946,86036,26116144.25,4,4.922840036,3537.536542,2.82E+90,-7573.430042,4
